0.314159265359	0.0268000758943
0.628318530718	0.0268002083461
0.942477796077	0.0268002542122
1.25663706144	0.0268002293408
1.57079632679	0.0268002290523
1.88495559215	0.0268002753425
2.19911485751	0.0268003284139
2.51327412287	0.0268003683471
2.82743338823	0.026800408289
3.14159265359	0.0268004571586
3.45575191895	0.0268005070455
3.76991118431	0.0268005483739
4.08407044967	0.0268005790868
4.39822971503	0.0268005983222
4.71238898038	0.0268006003388
5.02654824574	0.0268005581831
5.3407075111	0.0268002770853
5.65486677646	0.0267995663495
5.96902604182	0.0267992437496
6.28318530718	0.0267978212953
6.59734457254	0.0267960772526
6.9115038379	0.0267957148493
7.22566310326	0.026794916009
7.53982236862	0.0267931889175
7.85398163397	0.0267921075937
8.16814089933	0.0267915359532
8.48230016469	0.0267906640013
8.79645943005	0.0267895810351
9.11061869541	0.0267887237991
9.42477796077	0.026788157882
9.73893722613	0.0267876902481
10.0530964915	0.0267872450276
10.3672557568	0.0267868990453
10.6814150222	0.0267866948837
10.9955742876	0.0267866130776
11.3097335529	0.0267867205408
11.6238928183	0.0267870287457
11.9380520836	0.0267874506768
12.252211349	0.0267879364391
12.5663706144	0.026788448994
12.8805298797	0.0267889424249
13.1946891451	0.0267894124614
13.5088484104	0.0267898846688
13.8230076758	0.0267903671629
14.1371669412	0.0267907605242
14.4513262065	0.0267911116459
14.7654854719	0.026791518691
15.0796447372	0.0267917350102
15.3938040026	0.0267916386311
15.707963268	0.0267915048854
16.0221225333	0.0267916688144
16.3362817987	0.0267915106446
16.650441064	0.0267911300641
16.9646003294	0.0267910791365
17.2787595947	0.0267913069056
17.5929188601	0.0267915201178
17.9070781255	0.0267917558015
18.2212373908	0.026792153889
18.5353966562	0.0267927139056
18.8495559215	0.0267933399873
19.1637151869	0.0267940023016
19.4778744523	0.0267947272351
19.7920337176	0.0267955198876
20.106192983	0.0267963309393
20.4203522483	0.0267971010003
20.7345115137	0.0267978235128
21.0486707791	0.026798494014
21.3628300444	0.0267990518663
21.6769893098	0.0267995334452
21.9911485751	0.0267999390724
22.3053078405	0.0268002687408
22.6194671058	0.0268005908092
22.9336263712	0.0268008611854
23.2477856366	0.0268012066607
23.5619449019	0.0268016890023
23.8761041673	0.0268022064686
24.1902634326	0.0268028298021
24.504422698	0.0268037085929
24.8185819634	0.0268046898841
25.1327412287	0.0268055414947
25.4469004941	0.0268063539389
25.7610597594	0.0268072243077
26.0752190248	0.0268080823656
26.3893782902	0.0268088910386
26.7035375555	0.0268096281105
27.0176968209	0.026810276829
27.3318560862	0.0268108257468
27.6460153516	0.0268113145063
27.960174617	0.0268117337137
28.2743338823	0.0268121366498
28.5884931477	0.0268125025382
28.902652413	0.026812880018
29.2168116784	0.0268133902901
29.5309709437	0.0268139926815
29.8451302091	0.026814613482
30.1592894745	0.0268153316742
30.4734487398	0.0268162098152
30.7876080052	0.0268171914687
31.1017672705	0.0268182047379
31.4159265359	0.0268192127387
31.7300858013	0.0268201651384
32.0442450666	0.0268210030231
32.358404332	0.0268217697711
32.6725635973	0.0268225295421
32.9867228627	0.026823260997
33.3008821281	0.0268240190109
33.6150413934	0.0268249260727
33.9292006588	0.0268260018073
34.2433599241	0.0268269394287
34.5575191895	0.0268277279447
34.8716784548	0.0268285169793
35.1858377202	0.0268292120128
35.4999969856	0.0268297384555
35.8141562509	0.0268302784799
36.1283155163	0.0268308981188
36.4424747816	0.026831374052
36.756634047	0.0268318117256
37.0707933124	0.0268324429725
37.3849525777	0.0268330888029
37.6991118431	0.0268337758044
38.0132711084	0.0268346521659
38.3274303738	0.026835678421
38.6415896392	0.0268367688848
38.9557489045	0.0268378519229
39.2699081699	0.0268390361297
39.5840674352	0.02684028575
39.8982267006	0.0268413606837
40.212385966	0.0268420713755
40.5265452313	0.0268426334274
40.8407044967	0.0268434596062
41.154863762	0.0268441096823
41.4690230274	0.0268444751012
41.7831822927	0.0268450940995
42.0973415581	0.026845866068
42.4115008235	0.0268464505774
42.7256600888	0.0268470188791
43.0398193542	0.026847819119
43.3539786195	0.0268488553059
43.6681378849	0.0268499320835
43.9822971503	0.0268509419374
44.2964564156	0.0268519571898
44.610615681	0.0268528630158
44.9247749463	0.0268535395748
45.2389342117	0.0268543522243
45.5530934771	0.0268551396047
45.8672527424	0.0268556971915
46.1814120078	0.0268563665727
46.4955712731	0.0268572951675
46.8097305385	0.0268582478098
47.1238898039	0.0268590682889
47.4380490692	0.0268598563397
47.7522083346	0.0268607296495
48.0663675999	0.0268613557433
48.3805268653	0.0268620368938
48.6946861306	0.0268627859797
49.008845396	0.0268630937343
49.3230046614	0.026863621636
49.6371639267	0.0268646120079
49.9513231921	0.0268650302419
50.2654824574	0.0268652275594
50.5796417228	0.0268660035503
50.8938009882	0.0268671654564
51.2079602535	0.0268681820747
51.5221195189	0.0268689007544
51.8362787842	0.0268695151754
52.1504380496	0.0268699926838
52.464597315	0.0268705358563
52.7787565803	0.0268712624243
53.0929158457	0.0268716350018
53.407075111	0.0268718372287
53.7212343764	0.0268723458628
54.0353936417	0.0268730368643
54.3495529071	0.0268735460068
54.6637121725	0.0268738685662
54.9778714378	0.0268746101543
55.2920307032	0.0268755400156
55.6061899685	0.0268757535612
55.9203492339	0.0268757557659
56.2345084993	0.0268763614247
56.5486677646	0.0268767003638
56.86282703	0.0268767192482
57.1769862953	0.0268769557286
57.4911455607	0.0268770367431
57.8053048261	0.0268769462768
58.1194640914	0.026876973111
58.4336233568	0.0268771122382
58.7477826221	0.0268775874124
59.0619418875	0.0268781132972
59.3761011529	0.0268778880509
59.6902604182	0.0268776055936
60.0044196836	0.0268778912804
60.3185789489	0.0268781272016
60.6327382143	0.026878010751
60.9468974796	0.0268774227818
61.261056745	0.0268769536676
61.5752160104	0.0268769424664
61.8893752757	0.0268770642873
62.2035345411	0.026876874428
62.5176938064	0.0268767574872
62.8318530718	0.0268767556958
63.1460123372	0.0268762128943
63.4601716025	0.026876034265
63.7743308679	0.026875787721
64.0884901332	0.0268750911063
64.4026493986	0.0268744120871
64.716808664	0.0268736817816
65.0309679293	0.026872697757
65.3451271947	0.0268718102168
65.65928646	0.0268708286768
65.9734457254	0.0268702189138
66.2876049907	0.0268696023581
66.6017642561	0.0268680962638
66.9159235215	0.0268671571368
67.2300827868	0.0268663405694
67.5442420522	0.0268651064893
67.8584013175	0.0268641320186
68.1725605829	0.0268628832316
68.4867198483	0.0268613279667
68.8008791136	0.0268600231144
69.115038379	0.0268586491639
69.4291976443	0.0268573304888
69.7433569097	0.0268568413277
70.0575161751	0.0268560777847
70.3716754404	0.0268535608449
70.6858347058	0.0268522102204
70.9999939711	0.0268518200457
71.3141532365	0.0268493730021
71.6283125019	0.0268467743462
71.9424717672	0.026845331289
72.2566310326	0.0268436782169
72.5707902979	0.0268413571564
72.8849495633	0.0268391708431
73.1991088286	0.0268372592989
73.513268094	0.0268357695427
73.8274273594	0.0268340773899
74.1415866247	0.0268314982834
74.4557458901	0.0268296881307
74.7699051554	0.0268278746128
75.0840644208	0.0268255994104
75.3982236862	0.0268236381152
75.7123829515	0.0268215236111
76.0265422169	0.0268192100886
76.3407014822	0.0268171120105
76.6548607476	0.0268150500986
76.969020013	0.0268132477368
77.2831792783	0.0268111613014
77.5973385437	0.0268092648666
77.911497809	0.0268074506735
78.2256570744	0.0268052960908
78.5398163398	0.0268032469039
78.8539756051	0.0268013179898
79.1681348705	0.0267991669255
79.4822941358	0.0267968785273
79.7964534012	0.0267949095305
80.1106126665	0.0267930603154
80.4247719319	0.0267911008583
80.7389311973	0.026789254694
81.0530904626	0.0267871327077
81.367249728	0.02678554319
81.6814089933	0.0267843448062
81.9955682587	0.0267821233451
82.3097275241	0.0267802017263
82.6238867894	0.026779023838
82.9380460548	0.0267772135957
83.2522053201	0.0267748498016
83.5663645855	0.0267727990512
83.8805238509	0.0267718358976
84.1946831162	0.0267706254419
84.5088423816	0.0267684620328
84.8230016469	0.0267667404173
85.1371609123	0.0267658525222
85.4513201776	0.0267646400856
85.765479443	0.0267627143565
86.0796387084	0.0267609450639
86.3937979737	0.0267596784586
86.7079572391	0.0267585260787
87.0221165044	0.0267571427511
87.3362757698	0.0267556917289
87.6504350352	0.0267546251701
87.9645943005	0.0267536931045
88.2787535659	0.0267529476527
88.5929128312	0.0267520268352
88.9070720966	0.0267504952693
89.221231362	0.0267498923451
89.5353906273	0.0267496179629
89.8495498927	0.0267481875073
90.163709158	0.0267462901522
90.4778684234	0.0267451447424
90.7920276888	0.0267444601524
91.1061869541	0.0267434129953
91.4203462195	0.0267424183748
91.7345054848	0.0267420176582
92.0486647502	0.0267406371832
92.3628240155	0.0267399793929
92.6769832809	0.026740102273
92.9911425463	0.0267392124981
93.3053018116	0.0267379962646
93.619461077	0.0267374037056
93.9336203423	0.0267371553113
94.2477796077	0.0267369224241
94.5619388731	0.0267364635049
94.8760981384	0.026735987589
95.1902574038	0.0267357841259
95.5044166691	0.0267359906542
95.8185759345	0.0267365392421
96.1327351999	0.026736378776
96.4468944652	0.0267357147018
96.7610537306	0.0267363180031
97.0752129959	0.0267370017805
97.3893722613	0.0267362849373
97.7035315266	0.0267358616377
98.017690792	0.0267369304392
98.3318500574	0.0267373762816
98.6460093227	0.0267369964465
98.9601685881	0.02673766727
99.2743278534	0.0267390257404
99.5884871188	0.0267394891311
99.9026463842	0.0267395468364
100.21680565	0.0267401491477
100.530964915	0.026741145263
100.84512418	0.026742142357
101.159283446	0.0267430632596
101.473442711	0.0267439720095
101.787601976	0.0267450721545
102.101761242	0.026746455083
102.415920507	0.0267481864716
102.730079772	0.0267496109139
103.044239038	0.0267503959273
103.358398303	0.0267520698649
103.672557568	0.0267542252787
103.986716834	0.026755258539
104.300876099	0.0267560448522
104.615035365	0.0267576610415
104.92919463	0.0267594717849
105.243353895	0.0267610190901
105.557513161	0.0267624011789
105.871672426	0.0267640866016
106.185831691	0.0267664368609
106.499990957	0.0267682196866
106.814150222	0.026769452585
107.128309487	0.0267711095417
107.442468753	0.0267730830668
107.756628018	0.0267749488577
108.070787283	0.026776756228
108.384946549	0.0267783683631
108.699105814	0.0267801854072
109.01326508	0.0267825754732
109.327424345	0.0267845563742
109.64158361	0.0267860881271
109.955742876	0.0267880219251
110.269902141	0.0267900521937
110.584061406	0.0267914629762
110.898220672	0.0267929129377
111.212379937	0.026794538523
111.526539202	0.0267961504627
111.840698468	0.026797011068
112.154857733	0.0267984117159
112.469016999	0.0268003337099
112.783176264	0.02680138776
113.097335529	0.0268021664981
113.411494795	0.0268031883186
113.72565406	0.0268040754943
114.039813325	0.0268047687886
114.353972591	0.0268055364675
114.668131856	0.0268062190976
114.982291121	0.0268067795355
115.296450387	0.0268073520094
115.610609652	0.0268077757301
115.924768917	0.0268079690985
116.238928183	0.0268079380469
116.553087448	0.0268077376461
116.867246714	0.0268074531068
117.181405979	0.0268072336374
117.495565244	0.0268064925843
117.80972451	0.0268053957343
118.123883775	0.0268052421551
118.43804304	0.0268045731999
118.752202306	0.0268029804521
119.066361571	0.0268014964968
119.380520836	0.0268007873121
119.694680102	0.0267998528506
120.008839367	0.026797972619
120.322998632	0.026796000354
120.637157898	0.0267945529447
120.951317163	0.0267930994808
121.265476429	0.026791418273
121.579635694	0.0267895782767
121.893794959	0.0267877141899
122.207954225	0.0267860388185
122.52211349	0.0267842254073
122.836272755	0.0267821323949
123.150432021	0.0267799456857
123.464591286	0.0267778878775
123.778750551	0.026775895951
124.092909817	0.0267735532654
124.407069082	0.0267713415407
124.721228348	0.0267695482068
125.035387613	0.0267676901621
125.349546878	0.0267654372541
125.663706144	0.0267628220375
125.977865409	0.0267614779414
126.292024674	0.0267606096643
126.60618394	0.026758306116
126.920343205	0.0267556763302
127.23450247	0.0267542259758
127.548661736	0.0267531355571
127.862821001	0.0267514655953
128.176980266	0.0267498152155
128.491139532	0.0267484395774
128.805298797	0.0267471185287
129.119458063	0.0267460198695
129.433617328	0.0267448067803
129.747776593	0.0267432991723
130.061935859	0.0267418446374
130.376095124	0.026740555674
130.690254389	0.0267393690047
131.004413655	0.0267381419311
131.31857292	0.02673690442
131.632732185	0.0267354132274
131.946891451	0.0267340924243
132.261050716	0.0267336884034
132.575209981	0.0267324011786
132.889369247	0.0267306137052
133.203528512	0.026730673595
133.517687778	0.0267301180185
133.831847043	0.0267281852584
134.146006308	0.0267269316359
134.460165574	0.0267265714185
134.774324839	0.0267259044461
135.088484104	0.0267247253997
135.40264337	0.026723562746
135.716802635	0.0267227575086
136.0309619	0.0267221452817
136.345121166	0.0267212793992
136.659280431	0.0267200857556
136.973439697	0.026718975159
137.287598962	0.0267180897599
137.601758227	0.026717113112
137.915917493	0.02671577868
138.230076758	0.0267145231434
138.544236023	0.0267137471647
138.858395289	0.0267129290086
139.172554554	0.0267113933688
139.486713819	0.0267102933657
139.800873085	0.0267100194445
140.11503235	0.0267092563615
140.429191615	0.0267078855791
140.743350881	0.0267067048828
141.057510146	0.0267058920271
141.371669412	0.0267051239205
141.685828677	0.0267042284845
141.999987942	0.0267032987487
142.314147208	0.0267024279762
142.628306473	0.0267016254988
142.942465738	0.0267008620174
143.256625004	0.0266999359043
143.570784269	0.026698811323
143.884943534	0.026697733722
144.1991028	0.0266967580843
144.513262065	0.0266957358375
144.82742133	0.0266948798729
145.141580596	0.0266940342718
145.455739861	0.0266929665898
145.769899127	0.0266919808103
146.084058392	0.0266913025119
146.398217657	0.0266905324267
146.712376923	0.0266898268771
147.026536188	0.0266892396635
147.340695453	0.0266883295255
147.654854719	0.0266873024425
147.969013984	0.0266865793602
148.283173249	0.0266861004214
148.597332515	0.0266854621451
148.91149178	0.0266845549693
149.225651046	0.0266837532404
149.539810311	0.0266832072646
149.853969576	0.0266826042953
150.168128842	0.0266817532976
150.482288107	0.0266808908413
150.796447372	0.0266803720866
151.110606638	0.0266798299199
151.424765903	0.0266788387911
151.738925168	0.0266779060139
152.053084434	0.0266774719256
152.367243699	0.0266769722314
152.681402964	0.0266761164102
152.99556223	0.0266755838947
153.309721495	0.0266752745305
153.623880761	0.0266745712236
153.938040026	0.0266737202326
154.252199291	0.0266731709049
154.566358557	0.0266728159637
154.880517822	0.0266724134194
155.194677087	0.0266719046287
155.508836353	0.0266714081791
155.822995618	0.0266711745059
156.137154883	0.0266709868984
156.451314149	0.0266704868359
156.765473414	0.0266698000589
157.07963268	0.0266692403351
157.393791945	0.026668735352
157.70795121	0.02666809513
158.022110476	0.026667615758
158.336269741	0.0266671787968
158.650429006	0.0266664836239
158.964588272	0.0266659667702
159.278747537	0.0266655362472
159.592906802	0.0266651884924
159.907066068	0.0266650130835
160.221225333	0.0266644688189
160.535384598	0.0266636485918
160.849543864	0.0266631257178
161.163703129	0.0266629397701
161.477862395	0.0266626168591
161.79202166	0.0266621748218
162.106180925	0.0266617429408
162.420340191	0.0266613536512
162.734499456	0.0266611582871
163.048658721	0.0266607345032
163.362817987	0.0266600610212
163.676977252	0.0266596811203
163.991136517	0.0266595703144
164.305295783	0.0266591230699
164.619455048	0.0266582273464
164.933614313	0.0266578434727
165.247773579	0.0266579031719
165.561932844	0.0266574531362
165.87609211	0.0266567513677
166.190251375	0.0266569430498
166.50441064	0.0266572042315
166.818569906	0.0266565496289
167.132729171	0.0266559174645
167.446888436	0.026655941544
167.761047702	0.0266561201023
168.075206967	0.0266560986441
168.389366232	0.0266560279446
168.703525498	0.0266559544542
169.017684763	0.0266560736531
169.331844029	0.0266563298198
169.646003294	0.0266564125912
169.960162559	0.0266562702211
170.274321825	0.0266560374042
170.58848109	0.0266559878237
170.902640355	0.0266559860322
171.216799621	0.0266559233199
171.530958886	0.0266556729313
171.845118151	0.0266554506508
172.159277417	0.0266556981404
172.473436682	0.0266555612225
172.787595947	0.0266551956368
173.101755213	0.0266555758467
173.415914478	0.0266557303795
173.730073744	0.0266551367237
174.044233009	0.0266547963987
174.358392274	0.0266549280211
174.67255154	0.0266550261818
174.986710805	0.0266548545703
175.30087007	0.0266546890385
175.615029336	0.0266546108793
175.929188601	0.0266546109771
176.243347866	0.0266545168716
176.557507132	0.0266540925214
176.871666397	0.0266536124927
177.185825662	0.0266533990623
177.499984928	0.0266531584998
177.814144193	0.0266526267392
178.128303459	0.0266522396514
178.442462724	0.0266519763553
178.756621989	0.0266517199311
179.070781255	0.0266511033574
179.38494052	0.0266508063085
179.699099785	0.0266510852184
180.013259051	0.0266508259853
180.327418316	0.0266500112673
180.641577581	0.0266496289898
180.955736847	0.0266496721604
181.269896112	0.0266495775594
181.584055378	0.0266493683574
181.898214643	0.0266491319752
182.212373908	0.0266490106029
182.526533174	0.0266489741481
182.840692439	0.0266488395558
183.154851704	0.0266485347325
183.46901097	0.0266480916668
183.783170235	0.0266476517061
184.0973295	0.0266473319384
184.411488766	0.0266470830463
184.725648031	0.0266465952143
185.039807296	0.026645972406
185.353966562	0.0266457980139
185.668125827	0.0266456462401
185.982285093	0.0266449445123
186.296444358	0.0266446321061
186.610603623	0.0266446932366
186.924762889	0.0266441952933
187.238922154	0.026643494352
187.553081419	0.026643142376
187.867240685	0.0266429154605
188.18139995	0.0266426349385
188.495559215	0.0266424092566
188.809718481	0.0266419863821
189.123877746	0.0266414238252
189.438037011	0.026641031345
189.752196277	0.0266405413256
190.066355542	0.0266397652793
190.380514808	0.0266389919087
190.694674073	0.0266384376857
191.008833338	0.0266379462477
191.322992604	0.0266372030417
191.637151869	0.0266362167774
191.951311134	0.0266355568143
192.2654704	0.0266349905357
192.579629665	0.026634189964
192.89378893	0.0266336905509
193.207948196	0.0266332754147
193.522107461	0.0266323890419
193.836266727	0.0266314987982
194.150425992	0.026631021252
194.464585257	0.0266305989548
194.778744523	0.0266299580624
195.092903788	0.0266293248612
195.407063053	0.0266289275405
195.721222319	0.0266285063325
196.035381584	0.0266278234088
196.349540849	0.0266270061855
196.663700115	0.0266261469687
196.97785938	0.0266253023871
197.292018645	0.0266245179864
197.606177911	0.0266237095492
197.920337176	0.02662281751
198.234496442	0.0266218785144
198.548655707	0.0266211179915
198.862814972	0.0266202796459
199.176974238	0.0266194737958
199.491133503	0.0266189656147
199.805292768	0.0266182649094
200.119452034	0.0266172086395
200.433611299	0.0266163097302
200.747770564	0.0266156746677
201.06192983	0.0266148879685
201.376089095	0.0266141743144
201.69024836	0.026613627419
202.004407626	0.0266129152088
202.318566891	0.0266120722106
202.632726157	0.0266112354608
202.946885422	0.0266103705411
203.261044687	0.0266093981735
203.575203953	0.0266084158799
203.889363218	0.0266075565763
204.203522483	0.0266067774328
204.517681749	0.0266057161083
204.831841014	0.0266047176863
205.146000279	0.0266038831422
205.460159545	0.026602923406
205.77431881	0.0266021440265
206.088478076	0.026601690533
206.402637341	0.0266008750273
206.716796606	0.0265997423282
207.030955872	0.0265989174447
207.345115137	0.0265983714965
207.659274402	0.0265977383383
207.973433668	0.0265969446484
208.287592933	0.026596264757
208.601752198	0.0265958950973
208.915911464	0.0265954394967
209.230070729	0.0265946139045
209.544229994	0.0265936791159
209.85838926	0.0265928290631
210.172548525	0.0265920527261
210.486707791	0.0265913898685
210.800867056	0.0265904495805
211.115026321	0.0265893549696
211.429185587	0.026588791232
211.743344852	0.0265880274066
212.057504117	0.0265870391244
212.371663383	0.026586529054
212.685822648	0.0265861253326
212.999981913	0.0265852190287
213.314141179	0.0265841674683
213.628300444	0.0265834210865
213.942459709	0.0265828540472
214.256618975	0.0265821915956
214.57077824	0.0265815142549
214.884937506	0.0265809233246
215.199096771	0.026580285272
215.513256036	0.0265795664545
215.827415302	0.0265788671255
216.141574567	0.0265780715538
216.455733832	0.026577036374
216.769893098	0.0265760526929
217.084052363	0.0265753664477
217.398211628	0.02657451571
217.712370894	0.0265735120135
218.026530159	0.0265727575439
218.340689425	0.0265718829611
218.65484869	0.0265709942725
218.969007955	0.026570583727
219.283167221	0.0265700870727
219.597326486	0.0265690355706
219.911485751	0.0265679974608
220.225645017	0.0265673584132
220.539804282	0.0265668630935
220.853963547	0.0265662409607
221.168122813	0.0265655411193
221.482282078	0.026565085226
221.796441343	0.0265646302212
222.110600609	0.0265639592617
222.424759874	0.0265632001777
222.73891914	0.026562411004
223.053078405	0.0265615849115
223.36723767	0.0265608176115
223.681396936	0.0265601859565
223.995556201	0.0265595081697
224.309715466	0.0265586827108
224.623874732	0.0265579505076
224.938033997	0.0265572772662
225.252193262	0.0265566951968
225.566352528	0.0265564344589
225.880511793	0.0265558321419
226.194671058	0.026554879782
226.508830324	0.0265541676785
226.822989589	0.0265536721856
227.137148855	0.0265531382881
227.45130812	0.0265525730446
227.765467385	0.0265521214803
228.079626651	0.0265518622219
228.393785916	0.0265515344891
228.707945181	0.0265510168062
229.022104447	0.0265504756138
229.336263712	0.0265499294005
229.650422977	0.026549393372
229.964582243	0.0265490121276
230.278741508	0.0265484865268
230.592900774	0.0265477853727
230.907060039	0.0265473416712
231.221219304	0.0265466827492
231.53537857	0.0265460487175
231.849537835	0.0265459948568
232.1636971	0.0265457636432
232.477856366	0.0265449178961
232.792015631	0.0265441033821
233.106174896	0.0265436744333
233.420334162	0.0265433260042
233.734493427	0.0265428318041
234.048652692	0.026542334841
234.362811958	0.0265421236781
234.676971223	0.0265420254974
234.991130489	0.0265417118782
235.305289754	0.0265411888592
235.619449019	0.0265407188905
235.933608285	0.0265402916687
236.24776755	0.0265397641406
236.561926815	0.0265393048309
236.876086081	0.0265388420599
237.190245346	0.0265382355643
237.504404611	0.0265379177946
237.818563877	0.0265374869829
238.132723142	0.0265367997324
238.446882407	0.0265365987122
238.761041673	0.0265367459116
239.075200938	0.0265361568224
239.389360204	0.0265352326524
239.703519469	0.0265348291323
240.017678734	0.026534698636
240.331838	0.0265343630931
240.645997265	0.0265339048105
240.96015653	0.0265336544695
241.274315796	0.0265335818237
241.588475061	0.026533365752
241.902634326	0.0265330015708
242.216793592	0.0265326263127
242.530952857	0.0265322530881
242.845112123	0.0265319045417
243.159271388	0.0265318112795
243.473430653	0.0265316833891
243.787589919	0.0265310036946
244.101749184	0.0265303526751
244.415908449	0.0265305038789
244.730067715	0.026530257374
245.04422698	0.0265295774631
245.358386245	0.0265293718507
245.672545511	0.0265291510744
245.986704776	0.0265285232428
246.300864041	0.0265279749202
246.615023307	0.0265278018985
246.929182572	0.026527755331
247.243341838	0.0265275681244
247.557501103	0.0265272658437
247.871660368	0.026527035219
248.185819634	0.0265268867901
248.499978899	0.0265266360975
248.814138164	0.0265262468647
249.12829743	0.026525807105
249.442456695	0.0265254451511
249.75661596	0.0265252669889
250.070775226	0.0265249256204
250.384934491	0.0265244476361
250.699093756	0.0265241676515
251.013253022	0.0265237125153
251.327412287	0.0265234084158
251.641571553	0.026523458427
251.955730818	0.0265232620812
252.269890083	0.0265226453412
252.584049349	0.0265221209925
252.898208614	0.026521890007
253.212367879	0.0265217261372
253.526527145	0.0265215468125
253.84068641	0.0265213993522
254.154845675	0.0265212652223
254.469004941	0.0265211354156
254.783164206	0.0265210219103
255.097323472	0.0265208814152
255.411482737	0.0265206134372
255.725642002	0.0265202520217
256.039801268	0.0265199491695
256.353960533	0.0265198008653
256.668119798	0.026519414343
256.982279064	0.0265188345226
257.296438329	0.026518702755
257.610597594	0.0265184878748
257.92475686	0.0265178246202
258.238916125	0.0265175405717
258.55307539	0.0265175508926
258.867234656	0.0265170367591
259.181393921	0.0265162706785
259.495553187	0.0265159387203
259.809712452	0.0265159041452
260.123871717	0.0265156467941
260.438030983	0.0265151590574
260.752190248	0.0265147821227
261.066349513	0.0265145958765
261.380508779	0.0265143256221
261.694668044	0.0265137970309
262.008827309	0.0265131718721
262.322986575	0.0265126341161
262.63714584	0.0265122145504
262.951305105	0.0265115800161
263.265464371	0.0265108918446
263.579623636	0.0265104901423
263.893782902	0.0265096455368
264.207942167	0.0265089126369
264.522101432	0.0265087227933
264.836260698	0.0265082729643
265.150419963	0.0265074911748
265.464579228	0.0265067453637
265.778738494	0.0265060910335
266.092897759	0.026505512241
266.407057024	0.0265050335637
266.72121629	0.0265046185982
267.035375555	0.0265041532835
267.349534821	0.0265036501916
267.663694086	0.0265032653193
267.977853351	0.0265029131509
268.292012617	0.0265023899458
268.606171882	0.0265017370214
268.920331147	0.0265010846177
269.234490413	0.0265003656021
269.548649678	0.0264997260543
269.862808943	0.0264992284971
270.176968209	0.0264984433881
270.491127474	0.0264976677798
270.805286739	0.0264971105956
271.119446005	0.0264965371633
271.43360527	0.0264960477295
271.747764536	0.0264955377817
272.061923801	0.0264948048971
272.376083066	0.0264940819966
272.690242332	0.0264935772691
273.004401597	0.0264931251632
273.318560862	0.0264925574033
273.632720128	0.0264919827236
273.946879393	0.0264915554666
274.261038658	0.026491145356
274.575197924	0.0264905122967
274.889357189	0.0264897936894
275.203516454	0.026489146362
275.51767572	0.0264884751823
275.831834985	0.0264876886249
276.145994251	0.0264869600356
276.460153516	0.026486129451
276.774312781	0.0264851373777
277.088472047	0.026484433977
277.402631312	0.0264838976502
277.716790577	0.0264830954787
278.030949843	0.0264821801032
278.345109108	0.0264813347222
278.659268373	0.0264804516144
278.973427639	0.0264795593546
279.287586904	0.0264787751111
279.60174617	0.0264781165756
279.915905435	0.0264774604114
280.2300647	0.0264767801352
280.544223966	0.026476169426
280.858383231	0.0264755062164
281.172542496	0.0264746815838
281.486701762	0.0264737563368
281.800861027	0.0264728023463
282.115020292	0.0264719198378
282.429179558	0.0264708989018
282.743338823	0.0264698339075
283.057498088	0.0264688671807
283.371657354	0.0264679710682
283.685816619	0.0264670360856
283.999975885	0.0264659781963
284.31413515	0.0264652178086
284.628294415	0.0264646593403
284.942453681	0.0264637693952
285.256612946	0.0264626897103
285.570772211	0.026461830458
285.884931477	0.0264611452306
286.199090742	0.0264604399468
286.513250007	0.0264597562976
286.827409273	0.026459106592
287.141568538	0.0264584296459
287.455727803	0.0264578003588
287.769887069	0.0264572133351
288.084046334	0.026456569485
288.3982056	0.0264557620432
288.712364865	0.0264548779749
289.02652413	0.0264541344056
289.340683396	0.0264534117681
289.654842661	0.0264525815423
289.969001926	0.0264518888696
290.283161192	0.0264512567524
290.597320457	0.0264504852441
290.911479722	0.0264497032926
291.225638988	0.0264490923507
291.539798253	0.026448440676
291.853957519	0.026447576818
292.168116784	0.0264467622997
292.482276049	0.0264461881804
292.796435315	0.0264457121785
293.11059458	0.0264451533875
293.424753845	0.0264445541261
293.738913111	0.0264440021164
294.053072376	0.0264433769191
294.367231641	0.026442643624
294.681390907	0.0264420525685
294.995550172	0.0264413761068
295.309709437	0.0264404278123
295.623868703	0.0264395988787
295.938027968	0.0264390130892
296.252187234	0.0264383286613
296.566346499	0.0264375717332
296.880505764	0.0264368421004
297.19466503	0.0264362249922
297.508824295	0.0264358669017
297.82298356	0.0264354313178
298.137142826	0.0264347111848
298.451302091	0.0264340380454
298.765461356	0.0264335465335
299.079620622	0.0264331104207
299.393779887	0.0264326801682
299.707939152	0.0264322947141
300.022098418	0.0264319970381
300.336257683	0.026431763277
300.650416949	0.0264315136497
300.964576214	0.0264312106794
301.278735479	0.0264308560604
301.592894745	0.0264304661853
301.90705401	0.0264300887107
302.221213275	0.0264297423026
302.535372541	0.0264294741366
302.849531806	0.0264291596589
303.163691071	0.0264288317015
303.477850337	0.0264286097892
303.792009602	0.0264283267627
304.106168868	0.0264280406876
304.420328133	0.0264279224954
304.734487398	0.0264277233729
305.048646664	0.0264273136754
305.362805929	0.0264269598453
305.676965194	0.026426826734
305.99112446	0.0264267555414
306.305283725	0.0264265585626
306.61944299	0.0264262656174
306.933602256	0.0264260128464
307.247761521	0.026425959175
307.561920786	0.0264258151252
307.876080052	0.0264254171619
308.190239317	0.0264250010965
308.504398583	0.0264247034806
308.818557848	0.0264244113978
309.132717113	0.0264240066215
309.446876379	0.0264236725104
309.761035644	0.0264233921249
310.075194909	0.0264230642572
310.389354175	0.026422763321
310.70351344	0.0264224637436
311.017672705	0.0264221790907
311.331831971	0.0264218520976
311.645991236	0.0264214179328
311.960150501	0.0264209863737
312.274309767	0.0264206910912
312.588469032	0.0264204928004
312.902628298	0.0264203237591
313.216787563	0.0264201466909
313.530946828	0.0264199350237
313.845106094	0.026419685291
314.159265359	0.0264194289763
314.473424624	0.0264191809216
314.78758389	0.0264189093429
315.101743155	0.0264185277333
315.41590242	0.0264182045208
315.730061686	0.0264180203948
316.044220951	0.0264176931068
316.358380217	0.02641731919
316.672539482	0.0264170955898
316.986698747	0.0264168692109
317.300858013	0.0264166123895
317.615017278	0.0264164197497
317.929176543	0.0264161721532
318.243335809	0.0264157939673
318.557495074	0.0264154338613
318.871654339	0.0264151596067
319.185813605	0.0264148909712
319.49997287	0.0264146685034
319.814132135	0.0264143908897
320.128291401	0.0264141263763
320.442450666	0.0264139451893
320.756609932	0.0264136903571
321.070769197	0.0264132938883
321.384928462	0.0264129829763
321.699087728	0.0264126921215
322.013246993	0.0264121878142
322.327406258	0.0264117927077
322.641565524	0.0264115487584
322.955724789	0.026411212645
323.269884054	0.0264108537095
323.58404332	0.0264104953805
323.898202585	0.0264101748248
324.21236185	0.0264098621249
324.526521116	0.0264094797898
324.840680381	0.0264090476709
325.154839647	0.0264086500806
325.468998912	0.0264083369057
325.783158177	0.0264080765517
326.097317443	0.0264077281394
326.411476708	0.0264074165173
326.725635973	0.0264072256259
327.039795239	0.0264069400921
327.353954504	0.0264065247858
327.668113769	0.0264061378185
327.982273035	0.0264057799189
328.2964323	0.0264054044643
328.610591566	0.0264049158026
328.924750831	0.0264044111758
329.238910096	0.0264039904473
329.553069362	0.0264035117302
329.867228627	0.026403028032
330.181387892	0.0264025156271
330.495547158	0.026402001832
330.809706423	0.0264015456041
331.123865688	0.0264010610227
331.438024954	0.0264003655939
331.752184219	0.0263996200294
332.066343484	0.0263990245516
332.38050275	0.0263985007142
332.694662015	0.0263979316069
333.008821281	0.026397283443
333.322980546	0.0263966490594
333.637139811	0.0263961350095
333.951299077	0.0263956024115
334.265458342	0.0263948849453
334.579617607	0.0263939979388
334.893776873	0.0263931818858
335.207936138	0.0263924563807
335.522095403	0.0263917103587
335.836254669	0.0263909276454
336.150413934	0.0263900934067
336.464573199	0.0263892692717
336.778732465	0.026388535072
337.09289173	0.0263877223292
337.407050996	0.0263869043098
337.721210261	0.0263861632262
338.035369526	0.0263853672021
338.349528792	0.0263844557818
338.663688057	0.0263835676033
338.977847322	0.0263828280976
339.292006588	0.0263821837385
339.606165853	0.0263815163256
339.920325118	0.0263808610626
340.234484384	0.0263802303797
340.548643649	0.0263795989593
340.862802915	0.0263790189767
341.17696218	0.0263783456753
341.491121445	0.026377569875
341.805280711	0.0263768557891
342.119439976	0.0263761691576
342.433599241	0.0263754333819
342.747758507	0.0263746943914
343.061917772	0.0263740347323
343.376077037	0.026373361712
343.690236303	0.0263726674908
344.004395568	0.0263720211648
344.318554833	0.02637139282
344.632714099	0.0263707516213
344.946873364	0.0263701049428
345.26103263	0.0263694755082
345.575191895	0.0263688889943
345.88935116	0.0263683333978
346.203510426	0.0263678767125
346.517669691	0.0263674820728
346.831828956	0.0263669715883
347.145988222	0.0263664004727
347.460147487	0.0263658891092
347.774306752	0.0263653861055
348.088466018	0.0263647858125
348.402625283	0.026364120772
348.716784548	0.0263635265952
349.030943814	0.0263630428647
349.345103079	0.0263624975675
349.659262345	0.0263617458998
349.97342161	0.0263611333551
350.287580875	0.0263607296671
350.601740141	0.0263602286213
350.915899406	0.0263595819136
351.230058671	0.0263590186967
351.544217937	0.0263585328887
351.858377202	0.0263579612248
352.172536467	0.026357379669
352.486695733	0.026356937412
352.800854998	0.0263565895895
353.115014264	0.0263562171541
353.429173529	0.0263558313516
353.743332794	0.0263554657223
354.05749206	0.0263550348325
354.371651325	0.0263546375661
354.68581059	0.0263541428525
354.999969856	0.0263535350669
355.314129121	0.0263530076604
355.628288386	0.0263525531732
355.942447652	0.0263519580575
356.256606917	0.0263512645774
356.570766182	0.0263507334934
356.884925448	0.0263502686911
357.199084713	0.0263496994493
357.513243979	0.0263490857907
357.827403244	0.0263485354277
358.141562509	0.0263480781453
358.455721775	0.0263475873351
358.76988104	0.0263469687178
359.084040305	0.0263464378654
359.398199571	0.0263460996411
359.712358836	0.0263457743002
360.026518101	0.0263453586876
360.340677367	0.0263450053341
360.654836632	0.0263447147176
360.968995897	0.0263442762199
361.283155163	0.0263437406537
361.597314428	0.0263432863467
361.911473694	0.0263428481026
362.225632959	0.0263423816295
362.539792224	0.0263418978909
362.85395149	0.0263413909413
363.168110755	0.0263409496512
363.48227002	0.0263405397491
363.796429286	0.0263401273035
364.110588551	0.0263397562979
364.424747816	0.0263393892993
364.738907082	0.0263389957357
365.053066347	0.0263385858989
365.367225613	0.0263381821275
365.681384878	0.0263378109333
365.995544143	0.0263374902929
366.309703409	0.0263371706276
366.623862674	0.0263368376573
366.938021939	0.0263365866654
367.252181205	0.0263363357309
367.56634047	0.0263359511651
367.880499735	0.0263354999935
368.194659001	0.0263350977291
368.508818266	0.0263346463849
368.822977531	0.026334144137
369.137136797	0.0263336661294
369.451296062	0.0263331652664
369.765455328	0.0263326461252
370.079614593	0.0263321126623
370.393773858	0.0263316224545
370.707933124	0.0263311504163
371.022092389	0.0263306279494
371.336251654	0.0263301066832
371.65041092	0.0263295835991
371.964570185	0.0263290005908
372.27872945	0.0263283981728
372.592888716	0.0263278995396
372.907047981	0.0263274397542
373.221207246	0.0263269213708
373.535366512	0.0263264313048
373.849525777	0.0263259856011
374.163685043	0.0263255079233
374.477844308	0.0263249849294
374.792003573	0.0263244223544
375.106162839	0.0263239232465
375.420322104	0.0263234807054
375.734481369	0.0263230313774
376.048640635	0.0263226397359
376.3627999	0.0263222649284
376.676959165	0.0263218519197
376.991118431	0.0263214768453
377.305277696	0.0263211556052
377.619436962	0.0263208787725
377.933596227	0.0263205349866
378.247755492	0.026320094999
378.561914758	0.0263197338938
378.876074023	0.0263194366979
379.190233288	0.0263190590597
379.504392554	0.0263186824274
379.818551819	0.026318408997
380.132711084	0.0263181447778
380.44687035	0.026317836625
380.761029615	0.0263175708201
381.07518888	0.0263173085938
381.389348146	0.0263169716259
381.703507411	0.0263166132652
382.017666677	0.0263162833175
382.331825942	0.0263159781729
382.645985207	0.0263156689309
382.960144473	0.0263153093564
383.274303738	0.0263149212893
383.588463003	0.026314571274
383.902622269	0.0263142679909
384.216781534	0.0263138988469
384.530940799	0.0263134062991
384.845100065	0.0263129088382
385.15925933	0.0263124702878
385.473418595	0.0263120037401
385.787577861	0.0263114248735
386.101737126	0.0263108329321
386.415896392	0.0263103277473
386.730055657	0.0263098450334
387.044214922	0.0263093465601
387.358374188	0.0263088683227
387.672533453	0.0263084034862
387.986692718	0.0263079407677
388.300851984	0.0263074745615
388.615011249	0.0263070620577
388.929170514	0.0263067153389
389.24332978	0.0263063878249
389.557489045	0.0263060739673
389.871648311	0.026305700595
390.185807576	0.0263053142953
390.499966841	0.0263049882356
390.814126107	0.026304661614
391.128285372	0.0263042625035
391.442444637	0.0263038363918
391.756603903	0.0263034363302
392.070763168	0.0263031094559
392.384922433	0.0263026681114
392.699081699	0.026302160784
393.013240964	0.026301775023
393.327400229	0.0263014597197
393.641559495	0.026301102966
393.95571876	0.0263007250228
394.269878026	0.0263004608889
394.584037291	0.0263002309271
394.898196556	0.0262999185294
395.212355822	0.0262995955818
395.526515087	0.026299249756
395.840674352	0.0262988654801
396.154833618	0.0262984978541
396.468992883	0.0262981097272
396.783152148	0.0262976821078
397.097311414	0.0262972167735
397.411470679	0.026296751933
397.725629944	0.0262963046947
398.03978921	0.0262958037114
398.353948475	0.0262952540657
398.668107741	0.0262946925593
398.982267006	0.0262940900157
399.296426271	0.0262934832153
399.610585537	0.0262928967147
399.924744802	0.0262923048292
400.238904067	0.0262917350911
400.553063333	0.0262912320559
400.867222598	0.0262907920297
401.181381863	0.0262903308344
401.495541129	0.026289891542
401.809700394	0.0262895212488
402.12385966	0.0262891345092
402.438018925	0.0262886809931
402.75217819	0.0262882469568
403.066337456	0.0262878433579
403.380496721	0.026287375782
403.694655986	0.0262868084153
404.008815252	0.0262862789748
404.322974517	0.0262858884808
404.637133782	0.0262854063554
404.951293048	0.026284784121
405.265452313	0.026284225875
405.579611578	0.0262837248677
405.893770844	0.0262831959996
406.207930109	0.0262826652
406.522089375	0.0262821513243
406.83624864	0.0262816375302
407.150407905	0.0262811610637
407.464567171	0.026280772149
407.778726436	0.0262803954401
408.092885701	0.0262799649916
408.407044967	0.0262795544051
408.721204232	0.0262791474773
409.035363497	0.0262787342598
409.349522763	0.0262783292962
409.663682028	0.0262778624644
409.977841293	0.0262773465324
410.292000559	0.0262767599591
410.606159824	0.0262761737664
410.92031909	0.0262755624777
411.234478355	0.0262748704321
411.54863762	0.0262741533306
411.862796886	0.0262734445827
412.176956151	0.0262727375157
412.491115416	0.0262720697005
412.805274682	0.0262714007579
413.119433947	0.0262707171582
413.433593212	0.0262701250344
413.747752478	0.0262695874685
414.061911743	0.0262690991438
414.376071009	0.0262687105671
414.690230274	0.0262683366299
415.004389539	0.0262679108987
415.318548805	0.0262674752837
415.63270807	0.0262670303707
415.946867335	0.0262665440329
416.261026601	0.0262660151488
416.575185866	0.0262655096107
416.889345131	0.0262650433402
417.203504397	0.0262645345808
417.517663662	0.0262640084006
417.831822927	0.0262634912835
418.145982193	0.0262629649579
418.460141458	0.0262624724328
418.774300724	0.0262620039543
419.088459989	0.026261503251
419.402619254	0.0262609859276
419.71677852	0.0262605480306
420.030937785	0.0262601358901
420.34509705	0.0262596899001
420.659256316	0.0262592479588
420.973415581	0.0262588246221
421.287574846	0.0262584683748
421.601734112	0.0262581907685
421.915893377	0.0262578968926
422.230052642	0.0262575157884
422.544211908	0.0262571330699
422.858371173	0.0262567253176
423.172530439	0.0262561970156
423.486689704	0.0262556409581
423.800848969	0.026255121814
424.115008235	0.026254576462
424.4291675	0.0262539202817
424.743326765	0.026253297786
425.057486031	0.0262528034374
425.371645296	0.026252314542
425.685804561	0.0262517266703
425.999963827	0.026251106338
426.314123092	0.0262505814652
426.628282358	0.0262501391196
426.942441623	0.0262496062724
427.256600888	0.0262489913437
427.570760154	0.0262484476717
427.884919419	0.0262479815948
428.199078684	0.0262474909164
428.51323795	0.0262470095633
428.827397215	0.0262466047166
429.14155648	0.0262461934414
429.455715746	0.0262457485464
429.769875011	0.026245331134
430.084034276	0.0262449456563
430.398193542	0.0262445371407
430.712352807	0.0262440936076
431.026512073	0.0262436869979
431.340671338	0.0262432948261
431.654830603	0.0262428749008
431.968989869	0.0262424579486
432.283149134	0.0262420828342
432.597308399	0.0262417275468
432.911467665	0.0262413328686
433.22562693	0.0262409132476
433.539786195	0.0262404953101
433.853945461	0.0262401231163
434.168104726	0.0262397143895
434.482263991	0.0262392545128
434.796423257	0.0262388069255
435.110582522	0.0262383619908
435.424741788	0.0262379154297
435.738901053	0.026237480348
436.053060318	0.026237042575
436.367219584	0.0262365735603
436.681378849	0.0262361051443
436.995538114	0.0262356921514
437.30969738	0.0262352591245
437.623856645	0.0262348260333
437.93801591	0.0262344853227
438.252175176	0.026234077509
438.566334441	0.0262335243107
438.880493707	0.0262330742846
439.194652972	0.0262326847442
439.508812237	0.0262321315718
439.822971503	0.0262315470598
440.137130768	0.0262310528262
440.451290033	0.0262305412072
440.765449299	0.0262299982828
441.079608564	0.0262295393183
441.393767829	0.0262290773949
441.707927095	0.0262285343283
442.02208636	0.0262280383088
442.336245625	0.0262276358635
442.650404891	0.0262272556593
442.964564156	0.0262268473849
443.278723422	0.0262264517459
443.592882687	0.0262260952627
443.907041952	0.0262257463115
444.221201218	0.0262253705359
444.535360483	0.026225028157
444.849519748	0.0262247125881
445.163679014	0.0262243376172
445.477838279	0.0262239394914
445.791997544	0.0262235798024
446.10615681	0.0262232227441
446.420316075	0.0262228208478
446.73447534	0.0262223910113
447.048634606	0.0262219321549
447.362793871	0.0262214183761
447.676953137	0.0262209201348
447.991112402	0.0262204136017
448.305271667	0.0262198467228
448.619430933	0.0262192874734
448.933590198	0.0262187692129
449.247749463	0.0262182828902
449.561908729	0.0262178297076
449.876067994	0.0262174194023
450.190227259	0.0262170620242
450.504386525	0.0262167312188
450.81854579	0.0262163295651
451.132705056	0.0262158794512
451.446864321	0.0262154608928
451.761023586	0.0262149793285
452.075182852	0.0262144584627
452.389342117	0.0262139540863
452.703501382	0.0262134330717
453.017660648	0.0262129155484
453.331819913	0.026212477338
453.645979178	0.0262120453182
453.960138444	0.0262115388185
454.274297709	0.0262110510241
454.588456974	0.026210624507
454.90261624	0.0262102056225
455.216775505	0.0262097785188
455.530934771	0.0262093967173
455.845094036	0.0262090678668
456.159253301	0.0262087618306
456.473412567	0.0262084791896
456.787571832	0.0262082700614
457.101731097	0.0262080993969
457.415890363	0.0262078936949
457.730049628	0.0262076785499
458.044208893	0.0262075084783
458.358368159	0.0262073283459
458.672527424	0.0262070555714
458.986686689	0.0262067321581
459.300845955	0.0262064247949
459.61500522	0.0262060606832
459.929164486	0.0262055993347
460.243323751	0.0262051353113
460.557483016	0.0262046889277
460.871642282	0.0262042242202
461.185801547	0.0262037220219
461.499960812	0.0262032259036
461.814120078	0.0262027768186
462.128279343	0.0262023220414
462.442438608	0.0262018642669
462.756597874	0.0262014346306
463.070757139	0.0262010018935
463.384916405	0.0262005847209
463.69907567	0.026200183288
464.013234935	0.0261997327476
464.327394201	0.0261992692715
464.641553466	0.0261988051466
464.955712731	0.0261983189665
465.269871997	0.0261978372947
465.584031262	0.0261973247613
465.898190527	0.0261968128665
466.212349793	0.0261963319707
466.526509058	0.0261958322247
466.840668323	0.0261953189838
467.154827589	0.0261948082991
467.468986854	0.0261943124676
467.78314612	0.0261938310976
468.097305385	0.0261933658838
468.41146465	0.0261929382715
468.725623916	0.0261925088256
469.039783181	0.0261921001653
469.353942446	0.0261917696472
469.668101712	0.0261914418813
469.982260977	0.0261911171221
470.296420242	0.0261908538188
470.610579508	0.0261906148206
470.924738773	0.0261903569445
471.238898038	0.0261901219851
471.553057304	0.0261899331755
471.867216569	0.0261897034499
472.181375835	0.0261893974658
472.4955351	0.026189070531
472.809694365	0.0261887692442
473.123853631	0.0261884654769
473.438012896	0.0261881119047
473.752172161	0.0261876913449
474.066331427	0.0261872598995
474.380490692	0.0261868826625
474.694649957	0.0261864737692
475.008809223	0.0261859884628
475.322968488	0.0261855176758
475.637127754	0.0261850716932
475.951287019	0.0261845753445
476.265446284	0.0261841236368
476.57960555	0.0261836566732
476.893764815	0.0261830865008
477.20792408	0.0261825707661
477.522083346	0.0261821496472
477.836242611	0.0261816855249
478.150401876	0.0261811760791
478.464561142	0.0261807190326
478.778720407	0.026180281051
479.092879672	0.0261798372072
479.407038938	0.0261794055601
479.721198203	0.0261789710024
480.035357469	0.0261785175956
480.349516734	0.0261780723984
480.663675999	0.0261776189527
480.977835265	0.0261771161477
481.29199453	0.0261765634453
481.606153795	0.0261760505659
481.920313061	0.0261755870353
482.234472326	0.0261750966346
482.548631591	0.026174566992
482.862790857	0.0261740354093
483.176950122	0.0261735702936
483.491109388	0.0261731199581
483.805268653	0.0261726431593
484.119427918	0.026172181859
484.433587184	0.0261717254572
484.747746449	0.0261712627258
485.061905714	0.0261708194744
485.37606498	0.0261704099959
485.690224245	0.0261699962593
486.00438351	0.0261695004588
486.318542776	0.0261690302946
486.632702041	0.026168634304
486.946861306	0.026168184506
487.261020572	0.0261676795667
487.575179837	0.0261671973947
487.889339103	0.0261666999362
488.203498368	0.0261662094808
488.517657633	0.0261657151517
488.831816899	0.0261651268952
489.145976164	0.0261645122523
489.460135429	0.0261639487088
489.774294695	0.0261633906461
490.08845396	0.0261628105971
490.402613225	0.0261622512173
490.716772491	0.0261617351053
491.030931756	0.0261612286663
491.345091021	0.0261607126172
491.659250287	0.0261602555362
491.973409552	0.0261598682193
492.287568818	0.0261594922873
492.601728083	0.0261591234033
492.915887348	0.0261587725151
493.230046614	0.0261584139154
493.544205879	0.0261580035352
493.858365144	0.0261576213469
494.17252441	0.0261572564364
494.486683675	0.0261568236926
494.80084294	0.0261563824993
495.115002206	0.0261559523548
495.429161471	0.0261555574496
495.743320737	0.0261551465134
496.057480002	0.0261546691439
496.371639267	0.0261542148898
496.685798533	0.0261537396247
496.999957798	0.0261532201746
497.314117063	0.0261527266177
497.628276329	0.0261522300411
497.942435594	0.0261517097249
498.256594859	0.0261512096604
498.570754125	0.0261507298073
498.88491339	0.0261502720935
499.199072655	0.0261498546289
499.513231921	0.0261494575661
499.827391186	0.0261490584451
500.141550452	0.0261486100884
500.455709717	0.0261481631975
500.769868982	0.0261477665945
501.084028248	0.026147289763
501.398187513	0.0261467123016
501.712346778	0.0261461526215
502.026506044	0.0261456382641
502.340665309	0.0261451085815
502.654824574	0.0261445646857
502.96898384	0.0261440330338
503.283143105	0.0261435164555
503.59730237	0.0261430064804
503.911461636	0.0261424842316
504.225620901	0.0261419581388
504.539780167	0.0261414645316
504.853939432	0.0261409903816
505.168098697	0.0261405366879
505.482257963	0.0261401181443
505.796417228	0.0261397051331
506.110576493	0.0261393327169
506.424735759	0.02613901892
506.738895024	0.0261387345977
507.053054289	0.0261384809714
507.367213555	0.0261382222784
507.68137282	0.026137969119
507.995532086	0.0261377316267
508.309691351	0.026137427473
508.623850616	0.0261370544001
508.938009882	0.0261366736637
509.252169147	0.0261362934018
509.566328412	0.0261358748477
509.880487678	0.0261354107427
510.194646943	0.02613494829
510.508806208	0.0261345295951
510.822965474	0.0261340959082
511.137124739	0.0261336119679
511.451284004	0.0261331507829
511.76544327	0.0261327308278
512.079602535	0.0261322780824
512.393761801	0.0261318072429
512.707921066	0.0261313680439
513.022080331	0.0261309500203
513.336239597	0.0261305097892
513.650398862	0.02613007423
513.964558127	0.0261296727232
514.278717393	0.0261292768708
514.592876658	0.0261288619357
514.907035923	0.0261284383118
515.221195189	0.0261280525643
515.535354454	0.0261277075727
515.849513719	0.0261273490217
516.163672985	0.0261269734086
516.47783225	0.0261265999233
516.791991516	0.0261262106908
517.106150781	0.0261257776905
517.420310046	0.026125385707
517.734469312	0.026125013762
518.048628577	0.0261245982259
518.362787842	0.0261242271648
518.676947108	0.0261239050171
518.991106373	0.0261235550501
519.305265638	0.0261232017413
519.619424904	0.0261229167394
519.933584169	0.0261227076956
520.247743435	0.0261224682415
520.5619027	0.0261222181457
520.876061965	0.0261220434484
521.190221231	0.0261218907783
521.504380496	0.026121685615
521.818539761	0.0261214602898
522.132699027	0.0261212212601
522.446858292	0.0261209081749
522.761017557	0.0261205888923
523.075176823	0.0261203037722
523.389336088	0.0261199338074
523.703495353	0.0261195128532
524.017654619	0.0261191486836
524.331813884	0.0261187960848
524.64597315	0.0261184056315
524.960132415	0.0261179854869
525.27429168	0.0261175380368
525.588450946	0.0261170658477
525.902610211	0.0261165781777
526.216769476	0.0261161024262
526.530928742	0.0261156332379
526.845088007	0.0261151671432
527.159247272	0.0261146928913
527.473406538	0.0261142123105
527.787565803	0.0261137736915
528.101725068	0.026113396317
528.415884334	0.0261130385309
528.730043599	0.0261126477354
529.044202865	0.0261122493425
529.35836213	0.0261119358038
529.672521395	0.026111622976
529.986680661	0.0261112388109
530.300839926	0.0261108654709
530.614999191	0.0261105170907
530.929158457	0.0261101613574
531.243317722	0.0261097733812
531.557476987	0.0261093730696
531.871636253	0.0261089798022
532.185795518	0.0261086506026
532.499954784	0.0261083158547
532.814114049	0.0261078937532
533.128273314	0.0261074827017
533.44243258	0.0261071430484
533.756591845	0.026106781344
534.07075111	0.0261063836454
534.384910376	0.0261060482734
534.699069641	0.0261057209419
535.013228906	0.0261053700084
535.327388172	0.0261050585613
535.641547437	0.026104752811
535.955706702	0.0261044280491
536.269865968	0.0261040893138
536.584025233	0.0261037353535
536.898184499	0.0261034043385
537.212343764	0.0261030726059
537.526503029	0.0261026529845
537.840662295	0.0261021684827
538.15482156	0.0261016995505
538.468980825	0.0261012311132
538.783140091	0.0261007064378
539.097299356	0.0261001716041
539.411458621	0.0260996398841
539.725617887	0.0260990684393
540.039777152	0.0260984975861
540.353936417	0.0260979631345
540.668095683	0.0260974492561
540.982254948	0.026096920629
541.296414214	0.0260964105587
541.610573479	0.0260959555186
541.924732744	0.0260955141458
542.23889201	0.0260951052025
542.553051275	0.0260947531025
542.86721054	0.026094397893
543.181369806	0.0260940286451
543.495529071	0.0260937106178
543.809688336	0.0260933806819
544.123847602	0.0260929734461
544.438006867	0.0260925969468
544.752166133	0.0260922197175
545.066325398	0.0260917865766
545.380484663	0.0260913801827
545.694643929	0.0260909958472
546.008803194	0.0260905638034
546.322962459	0.0260900926842
546.637121725	0.0260896453106
546.95128099	0.0260891979595
547.265440255	0.0260887315757
547.579599521	0.0260882956088
547.893758786	0.0260878280839
548.207918051	0.0260873430786
548.522077317	0.0260869108428
548.836236582	0.026086491408
549.150395848	0.0260860622766
549.464555113	0.0260856767794
549.778714378	0.0260853286289
550.092873644	0.026084958829
550.407032909	0.0260845739852
550.721192174	0.0260841708081
551.03535144	0.0260837535499
551.349510705	0.0260833468626
551.66366997	0.0260828797701
551.977829236	0.0260823609735
552.291988501	0.0260818583895
552.606147766	0.0260813934724
552.920307032	0.0260809248652
553.234466297	0.0260804255718
553.548625563	0.0260799695247
553.862784828	0.0260795256211
554.176944093	0.026079057762
554.491103359	0.0260786150482
554.805262624	0.0260781864921
555.119421889	0.0260777353099
555.433581155	0.0260773108452
555.74774042	0.0260769247775
556.061899685	0.0260765159172
556.376058951	0.026076126861
556.690218216	0.0260757757684
557.004377482	0.026075439418
557.318536747	0.0260751104039
557.632696012	0.0260748211323
557.946855278	0.0260745493448
558.261014543	0.0260742149107
558.575173808	0.026073887612
558.889333074	0.0260735975842
559.203492339	0.0260732275214
559.517651604	0.0260727912282
559.83181087	0.0260723951353
560.145970135	0.0260719749638
560.4601294	0.0260715012036
560.774288666	0.0260710405669
561.088447931	0.0260705959897
561.402607197	0.0260701319308
561.716766462	0.0260696689783
562.030925727	0.0260692138188
562.345084993	0.0260687358557
562.659244258	0.0260682202698
562.973403523	0.0260677209745
563.287562789	0.0260673081811
563.601722054	0.0260668597694
563.915881319	0.0260663227743
564.230040585	0.0260658252219
564.54419985	0.0260653964746
564.858359115	0.0260649889211
565.172518381	0.0260646027057
565.486677646	0.0260642253855
565.800836912	0.0260638689918
566.114996177	0.0260635519979
566.429155442	0.0260632512657
566.743314708	0.0260629248946
567.057473973	0.0260625461836
567.371633238	0.0260621279574
567.685792504	0.0260617259303
567.999951769	0.0260613401562
568.314111034	0.0260609303191
568.6282703	0.026060534117
568.942429565	0.0260601398909
569.256588831	0.0260597285362
569.570748096	0.026059335369
569.884907361	0.0260589889735
570.199066627	0.0260586494447
570.513225892	0.0260582764599
570.827385157	0.0260579710087
571.141544423	0.0260576992836
571.455703688	0.0260573941934
571.769862953	0.0260571121069
572.084022219	0.0260568545967
572.398181484	0.0260565728841
572.712340749	0.02605625607
573.026500015	0.0260559041137
573.34065928	0.0260555422516
573.654818546	0.0260552104127
573.968977811	0.0260548493183
574.283137076	0.0260544238487
574.597296342	0.0260540167305
574.911455607	0.0260536343916
575.225614872	0.026053185739
575.539774138	0.0260527017391
575.853933403	0.0260522496628
576.168092668	0.0260517419503
576.482251934	0.0260511842761
576.796411199	0.0260506757837
577.110570464	0.0260502088729
577.42472973	0.0260497722796
577.738888995	0.026049380718
578.053048261	0.0260490021614
578.367207526	0.0260486597308
578.681366791	0.0260483985965
578.995526057	0.0260481686082
579.309685322	0.0260479163571
579.623844587	0.0260476492573
579.938003853	0.0260473557436
580.252163118	0.0260470446153
580.566322383	0.0260467208289
580.880481649	0.0260464003274
581.194640914	0.0260460467451
581.50880018	0.0260456742269
581.822959445	0.0260453513598
582.13711871	0.026045072184
582.451277976	0.0260447544083
582.765437241	0.0260443602668
583.079596506	0.0260440020414
583.393755772	0.0260436892227
583.707915037	0.0260433152114
584.022074302	0.0260429137278
584.336233568	0.0260425323565
584.650392833	0.0260421430516
584.964552098	0.026041759358
585.278711364	0.026041373439
585.592870629	0.0260409746507
585.907029895	0.026040623866
586.22118916	0.026040319607
586.535348425	0.0260400155625
586.849507691	0.0260397249698
587.163666956	0.0260394246295
587.477826221	0.0260390800178
587.791985487	0.0260387031526
588.106144752	0.0260382618724
588.420304017	0.026037736077
588.734463283	0.0260372096584
589.048622548	0.0260367257541
589.362781813	0.0260362493327
589.676941079	0.0260358078394
589.991100344	0.0260353735912
590.30525961	0.0260349069403
590.619418875	0.0260344771204
590.93357814	0.0260340962723
591.247737406	0.0260337006821
591.561896671	0.0260332553768
591.876055936	0.0260328216458
592.190215202	0.026032438195
592.504374467	0.026032056703
592.818533732	0.02603165857
593.132692998	0.0260312832703
593.446852263	0.0260309406137
593.761011529	0.026030628634
594.075170794	0.0260303387377
594.389330059	0.0260300556198
594.703489325	0.0260297944978
595.01764859	0.0260295575191
595.331807855	0.0260292914311
595.645967121	0.0260289995365
595.960126386	0.0260286867482
596.274285651	0.0260283594506
596.588444917	0.0260279940406
596.902604182	0.026027562468
597.216763447	0.026027094265
597.530922713	0.0260266341685
597.845081978	0.0260262079811
598.159241244	0.0260257955991
598.473400509	0.0260253673336
598.787559774	0.0260249035301
599.10171904	0.0260244600748
599.415878305	0.0260240441952
599.73003757	0.0260236105464
600.044196836	0.0260231563928
600.358356101	0.0260226778249
600.672515366	0.0260222143596
600.986674632	0.0260217953226
601.300833897	0.0260213895418
601.614993162	0.0260210075403
601.929152428	0.0260206946085
602.243311693	0.0260203902414
602.557470959	0.0260200544184
602.871630224	0.0260197575538
603.185789489	0.026019509635
603.499948755	0.0260192095008
603.81410802	0.0260188520409
604.128267285	0.0260185013363
604.442426551	0.0260181600492
604.756585816	0.0260178146601
605.070745081	0.0260174632281
605.384904347	0.0260171004352
605.699063612	0.0260167424455
606.013222878	0.0260164111329
606.327382143	0.0260160849237
606.641541408	0.0260157693976
606.955700674	0.0260154845272
607.269859939	0.0260152268765
607.584019204	0.0260149961545
607.89817847	0.0260147847927
608.212337735	0.0260146097309
608.526497	0.0260144716824
608.840656266	0.0260142853934
609.154815531	0.026014009115
609.468974796	0.0260136988267
609.783134062	0.0260133861823
610.097293327	0.0260130435335
610.411452593	0.0260126840522
610.725611858	0.0260123368367
611.039771123	0.0260119841992
611.353930389	0.0260116368041
611.668089654	0.026011266223
611.982248919	0.026010806685
612.296408185	0.0260102892586
612.61056745	0.0260097657817
612.924726715	0.0260092313108
613.238885981	0.026008687727
613.553045246	0.0260081414589
613.867204511	0.0260075956301
614.181363777	0.0260071380128
614.495523042	0.0260067387757
614.809682308	0.0260063197867
615.123841573	0.0260059387497
615.438000838	0.0260056547968
615.752160104	0.0260054136314
616.066319369	0.0260051532957
616.380478634	0.0260048625507
616.6946379	0.0260045373691
617.008797165	0.0260042108036
617.32295643	0.0260038968373
617.637115696	0.0260035302169
617.951274961	0.0260031355727
618.265434227	0.0260027815672
618.579593492	0.0260024373553
618.893752757	0.0260020503408
619.207912023	0.0260016943529
619.522071288	0.0260013914117
619.836230553	0.0260010616232
620.150389819	0.0260006890036
620.464549084	0.0260003339663
620.778708349	0.0260000333816
621.092867615	0.0259997073387
621.40702688	0.0259993180021
621.721186145	0.025998942819
622.035345411	0.0259986095318
622.349504676	0.0259982758937
622.663663942	0.0259979313809
622.977823207	0.0259976066866
623.291982472	0.0259973176318
623.606141738	0.0259970423024
623.920301003	0.0259967458985
624.234460268	0.0259964093203
624.548619534	0.0259960253981
624.862778799	0.0259955653663
625.176938064	0.0259950611503
625.49109733	0.0259945537551
625.805256595	0.0259940432321
626.11941586	0.0259935504948
626.433575126	0.0259930867128
626.747734391	0.0259926242695
627.061893657	0.0259921715299
627.376052922	0.0259917494401
627.690212187	0.0259913224423
628.004371453	0.0259908716381
628.318530718	0.0259904436234
628.632689983	0.0259900382348
628.946849249	0.0259896109786
629.261008514	0.0259891981016
629.575167779	0.0259888365306
629.889327045	0.0259884919145
630.20348631	0.0259881404821
630.517645576	0.0259878119922
630.831804841	0.0259875182936
631.145964106	0.0259872455121
631.460123372	0.0259869901758
631.774282637	0.0259867278018
632.088441902	0.0259864692479
632.402601168	0.02598623333
632.716760433	0.0259859941429
633.030919698	0.0259857530557
633.345078964	0.0259854663465
633.659238229	0.0259850948112
633.973397494	0.0259847122233
634.28755676	0.0259843438995
634.601716025	0.0259839617543
634.915875291	0.0259835456259
635.230034556	0.025983122229
635.544193821	0.0259826985317
635.858353087	0.0259822632653
636.172512352	0.0259818278836
636.486671617	0.0259813869887
636.800830883	0.0259809364307
637.114990148	0.0259805108343
637.429149413	0.0259800969273
637.743308679	0.0259796629473
638.057467944	0.0259792513965
638.371627209	0.0259789040959
638.685786475	0.0259785641753
638.99994574	0.0259782423699
639.314105006	0.025977973476
639.628264271	0.0259777181994
639.942423536	0.0259774251507
640.256582802	0.0259770869284
640.570742067	0.0259767271474
640.884901332	0.0259763407835
641.199060598	0.0259759222224
641.513219863	0.0259755028362
641.827379128	0.0259750864925
642.141538394	0.0259746911963
642.455697659	0.0259743071536
642.769856925	0.0259738864061
643.08401619	0.0259734817348
643.398175455	0.0259731588874
643.712334721	0.025972833044
644.026493986	0.0259724815913
644.340653251	0.0259721871747
644.654812517	0.0259719591535
644.968971782	0.025971770531
645.283131047	0.0259715946418
645.597290313	0.0259714020029
645.911449578	0.0259712001451
646.225608843	0.0259709806414
646.539768109	0.0259707256078
646.853927374	0.0259704268433
647.16808664	0.0259700906598
647.482245905	0.0259697425639
647.79640517	0.0259693883478
648.110564436	0.0259690098906
648.424723701	0.025968586555
648.738882966	0.0259681400296
649.053042232	0.0259676780456
649.367201497	0.0259671863353
649.681360762	0.0259666789701
649.995520028	0.0259661784785
650.309679293	0.0259657210818
650.623838558	0.0259652682934
650.937997824	0.0259648164028
651.252157089	0.0259644342388
651.566316355	0.0259641119817
651.88047562	0.0259638052847
652.194634885	0.025963515556
652.508794151	0.0259632646209
652.822953416	0.025963022918
653.137112681	0.025962754814
653.451271947	0.0259624727273
653.765431212	0.0259621675994
654.079590477	0.0259618432374
654.393749743	0.0259614983867
654.707909008	0.025961127314
655.022068274	0.0259607644496
655.336227539	0.0259604141734
655.650386804	0.0259600473711
655.96454607	0.0259596807345
656.278705335	0.0259593296898
656.5928646	0.0259589881895
656.907023866	0.025958644409
657.221183131	0.0259582599305
657.535342396	0.0259578943434
657.849501662	0.0259575625355
658.163660927	0.0259571953406
658.477820192	0.025956822427
658.791979458	0.0259564875325
659.106138723	0.0259561675954
659.420297989	0.0259558529396
659.734457254	0.0259555549697
660.048616519	0.0259552684275
660.362775785	0.0259549826128
660.67693505	0.0259546841151
660.991094315	0.025954372425
661.305253581	0.025954026138
661.619412846	0.0259536378504
661.933572111	0.0259532277456
662.247731377	0.0259528284776
662.561890642	0.0259524403305
662.876049907	0.0259520167276
663.190209173	0.025951613254
663.504368438	0.0259512717101
663.818527704	0.02595091631
664.132686969	0.0259505016932
664.446846234	0.0259501067204
664.7610055	0.0259497742721
665.075164765	0.025949381693
665.38932403	0.0259489676169
665.703483296	0.0259486111175
666.017642561	0.0259482630917
666.331801826	0.0259479073876
666.645961092	0.0259475614096
666.960120357	0.025947233359
667.274279623	0.0259469418527
667.588438888	0.0259466821903
667.902598153	0.0259464104599
668.216757419	0.0259461408253
668.530916684	0.0259459025763
668.845075949	0.0259456906187
669.159235215	0.0259454510445
669.47339448	0.0259451616094
669.787553745	0.0259448889063
670.101713011	0.025944590323
670.415872276	0.0259442218581
670.730031541	0.0259438349432
671.044190807	0.0259434650012
671.358350072	0.0259430895319
671.672509338	0.0259426877922
671.986668603	0.0259422696422
672.300827868	0.0259418709514
672.614987134	0.0259414597105
672.929146399	0.025941009804
673.243305664	0.0259405685212
673.55746493	0.0259401603034
673.871624195	0.0259397583331
674.18578346	0.0259393870974
674.499942726	0.0259390547587
674.814101991	0.0259387331432
675.128261256	0.0259384354256
675.442420522	0.0259381832038
675.756579787	0.0259379657975
676.070739053	0.0259377461929
676.384898318	0.0259374661492
676.699057583	0.0259371931726
677.013216849	0.0259369589496
677.327376114	0.0259366275057
677.641535379	0.025936270851
677.955694645	0.0259359638031
678.26985391	0.0259356321266
678.584013175	0.0259352420724
678.898172441	0.0259348315297
679.212331706	0.0259344484674
679.526490972	0.0259340894007
679.840650237	0.0259337144118
680.154809502	0.0259333133163
680.468968768	0.0259329331275
680.783128033	0.0259325962378
681.097287298	0.0259322695931
681.411446564	0.0259319678853
681.725605829	0.0259317056804
682.039765094	0.0259314450741
682.35392436	0.0259311872218
682.668083625	0.0259309529623
682.98224289	0.0259307158463
683.296402156	0.0259304373878
683.610561421	0.0259301384421
683.924720687	0.0259298339016
684.238879952	0.025929496532
684.553039217	0.0259291204226
684.867198483	0.025928715368
685.181357748	0.0259282671674
685.495517013	0.025927799186
685.809676279	0.0259273357388
686.123835544	0.0259268832755
686.437994809	0.0259264297072
686.752154075	0.0259259533611
687.06631334	0.0259255026336
687.380472605	0.0259250913947
687.694631871	0.0259246869538
688.008791136	0.0259243125095
688.322950402	0.0259239731839
688.637109667	0.0259236640609
688.951268932	0.0259234044249
689.265428198	0.0259231393858
689.579587463	0.0259228973381
689.893746728	0.0259227112365
690.207905994	0.0259225061312
690.522065259	0.0259222304696
690.836224524	0.0259219133141
691.15038379	0.0259216144541
691.464543055	0.0259212963404
691.778702321	0.0259209246395
692.092861586	0.0259205535225
692.407020851	0.0259202238756
692.721180117	0.0259199041511
693.035339382	0.0259195717659
693.349498647	0.0259191996339
693.663657913	0.0259188123742
693.977817178	0.0259184360623
694.291976443	0.0259180312717
694.606135709	0.0259176080174
694.920294974	0.0259172044446
695.234454239	0.0259168012541
695.548613505	0.0259163872289
695.86277277	0.0259160127409
696.176932036	0.0259156709402
696.491091301	0.0259153222341
696.805250566	0.0259149830492
697.119409832	0.0259146592768
697.433569097	0.0259143236275
697.747728362	0.0259139598101
698.061887628	0.0259135979083
698.376046893	0.0259132488319
698.690206158	0.0259128603264
699.004365424	0.0259124495465
699.318524689	0.0259120581919
699.632683954	0.0259116776419
699.94684322	0.0259112899835
700.261002485	0.0259109107792
700.575161751	0.025910561639
700.889321016	0.0259102422333
701.203480281	0.0259099324186
701.517639547	0.0259095760218
701.831798812	0.0259092136905
702.145958077	0.025908904861
702.460117343	0.0259085782614
702.774276608	0.0259081900528
703.088435873	0.0259078070644
703.402595139	0.0259074812974
703.716754404	0.0259071775751
704.03091367	0.0259068574189
704.345072935	0.0259065386892
704.6592322	0.0259062759565
704.973391466	0.0259060694871
705.287550731	0.0259058755304
705.601709996	0.025905652731
705.915869262	0.0259053838268
706.230028527	0.0259051042081
706.544187792	0.0259047949021
706.858347058	0.0259044067788
707.172506323	0.0259039702728
707.486665588	0.0259035478844
707.800824854	0.0259031524273
708.114984119	0.025902747899
708.429143385	0.0259023316264
708.74330265	0.0259019161335
709.057461915	0.0259014946874
709.371621181	0.0259010495153
709.685780446	0.0259005807966
709.999939711	0.0259001332327
710.314098977	0.0258997077659
710.628258242	0.0258992668461
710.942417507	0.0258988444522
711.256576773	0.0258984756724
711.570736038	0.0258981057254
711.884895303	0.0258977434487
712.199054569	0.0258974785496
712.513213834	0.0258972771901
712.8273731	0.0258970518557
713.141532365	0.0258968503565
713.45569163	0.025896701658
713.769850896	0.0258965127546
714.084010161	0.0258962458921
714.398169426	0.0258959564125
714.712328692	0.0258956447824
715.026487957	0.0258952704611
715.340647222	0.0258948680006
715.654806488	0.0258945209023
715.968965753	0.0258941866482
716.283125019	0.0258938170953
716.597284284	0.0258934443667
716.911443549	0.0258931039641
717.225602815	0.0258927761045
717.53976208	0.0258924411114
717.853921345	0.0258921123919
718.168080611	0.0258917954398
718.482239876	0.0258914920057
718.796399141	0.0258911951929
719.110558407	0.0258908895561
719.424717672	0.025890568424
719.738876937	0.0258902337561
720.053036203	0.0258899148316
720.367195468	0.0258896288299
720.681354734	0.025889349636
720.995513999	0.0258890598243
721.309673264	0.0258887434364
721.62383253	0.0258883800965
721.937991795	0.0258879598778
722.25215106	0.0258875210425
722.566310326	0.0258870682019
722.880469591	0.0258865777584
723.194628856	0.0258860962357
723.508788122	0.025885656678
723.822947387	0.0258852321395
724.137106652	0.0258848138876
724.451265918	0.0258844595174
724.765425183	0.0258841682794
725.079584449	0.0258838732408
725.393743714	0.0258835702965
725.707902979	0.0258833064318
726.022062245	0.0258830881072
726.33622151	0.0258828613588
726.650380775	0.0258826097085
726.964540041	0.0258823619842
727.278699306	0.0258821041702
727.592858571	0.0258818454936
727.907017837	0.0258815954998
728.221177102	0.0258813161276
728.535336368	0.0258810153975
728.849495633	0.0258807398451
729.163654898	0.0258804742333
729.477814164	0.025880172765
729.791973429	0.0258798301283
730.106132694	0.0258794617834
730.42029196	0.0258790735843
730.734451225	0.0258786680602
731.04861049	0.0258782567372
731.362769756	0.0258778160114
731.676929021	0.0258773669798
731.991088286	0.0258769482029
732.305247552	0.0258765434319
732.619406817	0.0258761530773
732.933566083	0.0258757845704
733.247725348	0.02587543028
733.561884613	0.0258750936973
733.876043879	0.0258747517059
734.190203144	0.0258744092279
734.504362409	0.0258740724849
734.818521675	0.0258737040416
735.13268094	0.0258733077773
735.446840205	0.0258729256649
735.760999471	0.0258725501082
736.075158736	0.0258721885203
736.389318001	0.0258718670084
736.703477267	0.0258715710136
737.017636532	0.025871293174
737.331795798	0.0258710367488
737.645955063	0.0258707701157
737.960114328	0.0258704636397
738.274273594	0.0258701650356
738.588432859	0.0258698448888
738.902592124	0.0258694955439
739.21675139	0.0258691899461
739.530910655	0.0258688980546
739.84506992	0.0258685910542
740.159229186	0.0258682954821
740.473388451	0.0258680319337
740.787547717	0.0258677695543
741.101706982	0.0258674876022
741.415866247	0.0258672099092
741.730025513	0.0258669591216
742.044184778	0.0258667175662
742.358344043	0.025866448186
742.672503309	0.0258661542006
742.986662574	0.0258658619519
743.300821839	0.0258655625437
743.614981105	0.0258652230219
743.92914037	0.0258648339319
744.243299635	0.0258644418231
744.557458901	0.0258640554685
744.871618166	0.0258636447909
745.185777432	0.025863214984
745.499936697	0.0258627870676
745.814095962	0.0258623798384
746.128255228	0.0258619370814
746.442414493	0.0258614600363
746.756573758	0.0258610072106
747.070733024	0.0258605665716
747.384892289	0.025860130619
747.699051554	0.0258597166287
748.01321082	0.0258593295992
748.327370085	0.0258589741158
748.64152935	0.0258586637529
748.955688616	0.0258584053161
749.269847881	0.0258581842325
749.584007147	0.0258580013358
749.898166412	0.0258578350354
750.212325677	0.0258576486705
750.526484943	0.0258574483825
750.840644208	0.0258572179047
751.154803473	0.0258569417665
751.468962739	0.0258566892746
751.783122004	0.0258564422498
752.097281269	0.0258561587686
752.411440535	0.0258558581202
752.7255998	0.0258555624639
753.039759066	0.0258552389105
753.353918331	0.0258548863566
753.668077596	0.0258545294842
753.982236862	0.0258541568323
754.296396127	0.0258537869066
754.610555392	0.0258534360591
754.924714658	0.0258530932334
755.238873923	0.0258527556612
755.553033188	0.02585243011
755.867192454	0.0258521136906
756.181351719	0.0258518083725
756.495510984	0.0258515015239
756.80967025	0.025851165576
757.123829515	0.0258508147694
757.437988781	0.0258504649923
757.752148046	0.025850114936
758.066307311	0.0258497655767
758.380466577	0.0258493940236
758.694625842	0.0258490003646
759.008785107	0.0258485872353
759.322944373	0.0258481426932
759.637103638	0.0258477045748
759.951262903	0.0258472840177
760.265422169	0.0258468511432
760.579581434	0.0258464339315
760.8937407	0.025846063828
761.207899965	0.0258457192977
761.52205923	0.0258453804576
761.836218496	0.0258450641995
762.150377761	0.0258447865133
762.464537026	0.0258445311212
762.778696292	0.0258442951094
763.092855557	0.0258440678066
763.407014822	0.0258438521237
763.721174088	0.0258436724948
764.035333353	0.025843504145
764.349492618	0.0258433244782
764.663651884	0.0258431355209
764.977811149	0.0258429304423
765.291970415	0.0258427139115
765.60612968	0.0258424574308
765.920288945	0.02584216264
766.234448211	0.0258418735342
766.548607476	0.0258415910536
766.862766741	0.025841292898
767.176926007	0.0258409672268
767.491085272	0.0258406264569
767.805244537	0.0258402804489
768.119403803	0.0258399156939
768.433563068	0.0258395224028
768.747722333	0.0258391188084
769.061881599	0.0258387097464
769.376040864	0.0258382957332
769.69020013	0.0258378705149
770.004359395	0.0258374563199
770.31851866	0.0258370624424
770.632677926	0.0258366872282
770.946837191	0.0258363280425
771.260996456	0.0258359630114
771.575155722	0.0258356003876
771.889314987	0.0258352660084
772.203474252	0.0258349598491
772.517633518	0.0258346551671
772.831792783	0.0258343367768
773.145952049	0.0258340221498
773.460111314	0.0258337263164
773.774270579	0.0258334243507
774.088429845	0.0258331269249
774.40258911	0.025832847606
774.716748375	0.0258325805181
775.030907641	0.0258323264391
775.345066906	0.0258320838962
775.659226171	0.0258318370714
775.973385437	0.0258315781976
776.287544702	0.0258313128685
776.601703967	0.0258310364202
776.915863233	0.0258307652395
777.230022498	0.0258305005249
777.544181764	0.0258302253677
777.858341029	0.0258299626807
778.172500294	0.0258297138909
778.48665956	0.0258294656676
778.800818825	0.0258292280805
779.11497809	0.0258290100399
779.429137356	0.0258288001007
779.743296621	0.0258285875664
780.057455886	0.0258283660804
780.371615152	0.0258281250143
780.685774417	0.0258278450618
780.999933682	0.0258275040225
781.314092948	0.0258271216349
781.628252213	0.0258267158634
781.942411479	0.0258262937433
782.256570744	0.0258258652294
782.570730009	0.025825439907
782.884889275	0.0258250439913
783.19904854	0.0258246333252
783.513207805	0.0258242133465
783.827367071	0.0258238184184
784.141526336	0.0258234236695
784.455685601	0.0258230209549
784.769844867	0.0258226454269
785.084004132	0.0258223045386
785.398163398	0.0258219689835
785.712322663	0.0258216446633
786.026481928	0.0258213578674
786.340641194	0.0258211106589
786.654800459	0.0258208882914
786.968959724	0.0258207001402
787.28311899	0.0258205490977
787.597278255	0.0258204048315
787.91143752	0.0258202485314
788.225596786	0.0258200656166
788.539756051	0.0258198373772
788.853915316	0.0258195629733
789.168074582	0.0258192715874
789.482233847	0.0258189782934
789.796393113	0.0258186698689
790.110552378	0.0258183512062
790.424711643	0.0258180253532
790.738870909	0.0258177171188
791.053030174	0.0258174211937
791.367189439	0.0258171295732
791.681348705	0.0258168494421
791.99550797	0.0258165807434
792.309667235	0.0258163076196
792.623826501	0.0258160268614
792.937985766	0.0258157390781
793.252145031	0.0258154225384
793.566304297	0.025815089215
793.880463562	0.025814752401
794.194622828	0.0258143913232
794.508782093	0.0258140196908
794.822941358	0.0258136989345
795.137100624	0.0258134155422
795.451259889	0.025813125916
795.765419154	0.0258128175025
796.07957842	0.0258124847945
796.393737685	0.0258121383552
796.70789695	0.0258117787125
797.022056216	0.0258113880268
797.336215481	0.0258109597839
797.650374747	0.0258105338409
797.964534012	0.0258101441013
798.278693277	0.0258097798561
798.592852543	0.0258094384366
798.907011808	0.0258091323373
799.221171073	0.0258088640958
799.535330339	0.0258086253657
799.849489604	0.0258084114909
800.163648869	0.0258082097401
800.477808135	0.0258079994757
800.7919674	0.0258077700637
801.106126665	0.0258075329293
801.420285931	0.0258072750619
801.734445196	0.0258069977796
802.048604462	0.0258067266244
802.362763727	0.0258064492342
802.676922992	0.0258061701726
802.991082258	0.0258059063243
803.305241523	0.0258056625329
803.619400788	0.0258054342256
803.933560054	0.0258051923639
804.247719319	0.0258049154529
804.561878584	0.025804613407
804.87603785	0.0258042783652
805.190197115	0.0258039003938
805.50435638	0.0258034982688
805.818515646	0.0258030992499
806.132674911	0.0258026961549
806.446834177	0.0258022953227
806.760993442	0.0258019247139
807.075152707	0.025801592899
807.389311973	0.0258012970903
807.703471238	0.0258010171191
808.017630503	0.0258007140853
808.331789769	0.0258004096493
808.645949034	0.0258001286966
808.960108299	0.0257998404343
809.274267565	0.0257995115616
809.58842683	0.0257991675377
809.902586096	0.0257988429929
810.216745361	0.0257985267994
810.530904626	0.025798216334
810.845063892	0.0257979354691
811.159223157	0.025797681517
811.473382422	0.02579744499
811.787541688	0.0257972097565
812.101700953	0.0257969569243
812.415860218	0.0257966907754
812.730019484	0.0257964037026
813.044178749	0.0257960573105
813.358338014	0.0257956811858
813.67249728	0.0257953394845
813.986656545	0.0257950035685
814.300815811	0.0257946477813
814.614975076	0.0257943123976
814.929134341	0.0257940120434
815.243293607	0.0257937338598
815.557452872	0.0257934774924
815.871612137	0.0257932402125
816.185771403	0.0257930072269
816.499930668	0.0257927682323
816.814089933	0.0257925130241
817.128249199	0.0257922320081
817.442408464	0.0257919229787
817.756567729	0.0257915858035
818.070726995	0.0257912227181
818.38488626	0.0257908491942
818.699045526	0.0257904956021
819.013204791	0.0257901757215
819.327364056	0.0257898589152
819.641523322	0.0257895534487
819.955682587	0.0257892397843
820.269841852	0.0257888781745
820.584001118	0.0257885236378
820.898160383	0.025788182577
821.212319648	0.025787810216
821.526478914	0.0257874422118
821.840638179	0.0257871112378
822.154797445	0.0257867960494
822.46895671	0.0257865015725
822.783115975	0.0257862328707
823.097275241	0.0257859910064
823.411434506	0.0257857716476
823.725593771	0.0257855711574
824.039753037	0.0257853865625
824.353912302	0.0257851906617
824.668071567	0.0257849703916
824.982230833	0.0257847265291
825.296390098	0.0257844354192
825.610549363	0.0257841142287
825.924708629	0.0257837849541
826.238867894	0.0257834427822
826.55302716	0.025783080914
826.867186425	0.0257827170342
827.18134569	0.0257823707093
827.495504956	0.0257820353234
827.809664221	0.025781697248
828.123823486	0.0257813496362
828.437982752	0.0257810058586
828.752142017	0.0257806697105
829.066301282	0.0257803289308
829.380460548	0.025779990317
829.694619813	0.0257796520209
830.008779078	0.0257793165475
830.322938344	0.0257789892863
830.637097609	0.0257786645649
830.951256875	0.025778356531
831.26541614	0.0257780799737
831.579575405	0.0257778122219
831.893734671	0.0257775427277
832.207893936	0.0257772724805
832.522053201	0.0257769914316
832.836212467	0.0257767083959
833.150371732	0.0257764177371
833.464530997	0.025776102265
833.778690263	0.0257757943332
834.092849528	0.0257754975881
834.407008794	0.0257751802314
834.721168059	0.0257748613862
835.035327324	0.0257745637137
835.34948659	0.0257742697409
835.663645855	0.025773976635
835.97780512	0.0257736952088
836.291964386	0.0257734197963
836.606123651	0.0257731401231
836.920282916	0.0257728588225
837.234442182	0.0257725757724
837.548601447	0.0257722810029
837.862760712	0.0257719693164
838.176919978	0.0257716464703
838.491079243	0.0257713261608
838.805238509	0.0257709974711
839.119397774	0.0257706569373
839.433557039	0.0257703339005
839.747716305	0.0257700335408
840.06187557	0.0257697202587
840.376034835	0.0257693986521
840.690194101	0.025769084132
841.004353366	0.0257687514278
841.318512631	0.0257684176093
841.632671897	0.0257680938947
841.946831162	0.0257677526564
842.260990427	0.0257673815407
842.575149693	0.0257669974924
842.889308958	0.025766624425
843.203468224	0.025766281604
843.517627489	0.0257659476973
843.831786754	0.0257656214654
844.14594602	0.0257653108471
844.460105285	0.0257650213834
844.77426455	0.0257647516571
845.088423816	0.0257644880021
845.402583081	0.0257642153439
845.716742346	0.0257639536356
846.030901612	0.0257637300964
846.345060877	0.025763514903
846.659220143	0.0257632742703
846.973379408	0.0257630344531
847.287538673	0.0257628227419
847.601697939	0.0257626049536
847.915857204	0.0257623638909
848.230016469	0.0257621143228
848.544175735	0.0257618577147
848.858335	0.0257615887241
849.172494265	0.0257612947272
849.486653531	0.0257609647579
849.800812796	0.0257606075945
850.114972061	0.0257602421591
850.429131327	0.0257598674002
850.743290592	0.0257594842491
851.057449858	0.0257590979113
851.371609123	0.0257587150464
851.685768388	0.0257583598872
851.999927654	0.0257580174293
852.314086919	0.0257576797775
852.628246184	0.0257573741804
852.94240545	0.0257570910931
853.256564715	0.0257568156939
853.57072398	0.0257565503612
853.884883246	0.025756280484
854.199042511	0.0257559870638
854.513201776	0.0257556549036
854.827361042	0.0257553129308
855.141520307	0.0257549967398
855.455679573	0.025754678085
855.769838838	0.0257543658889
856.083998103	0.0257540853035
856.398157369	0.0257538167629
856.712316634	0.0257535324749
857.026475899	0.0257532443983
857.340635165	0.0257529660975
857.65479443	0.0257526790844
857.968953695	0.0257523982373
858.283112961	0.0257521491985
858.597272226	0.0257519131679
858.911431492	0.0257516703929
859.225590757	0.025751433759
859.539750022	0.0257512147696
859.853909288	0.0257509986884
860.168068553	0.0257507782982
860.482227818	0.0257505569842
860.796387084	0.0257503330765
861.110546349	0.0257501018262
861.424705614	0.0257498476445
861.73886488	0.0257495616451
862.053024145	0.0257492630264
862.36718341	0.0257489506008
862.681342676	0.0257485928248
862.995501941	0.0257482234198
863.309661207	0.0257478835097
863.623820472	0.0257475288108
863.937979737	0.0257471554277
864.252139003	0.0257467907032
864.566298268	0.0257464480849
864.880457533	0.0257461211211
865.194616799	0.0257457766167
865.508776064	0.0257454266146
865.822935329	0.0257450943884
866.137094595	0.0257447577699
866.45125386	0.0257444005195
866.765413125	0.0257440434108
867.079572391	0.0257437084146
867.393731656	0.0257434018589
867.707890922	0.0257431016251
868.022050187	0.0257428209594
868.336209452	0.025742572552
868.650368718	0.0257423370779
868.964527983	0.0257420950435
869.278687248	0.0257418509965
869.592846514	0.02574161037
869.907005779	0.0257413742653
870.221165044	0.0257411560006
870.53532431	0.0257409491855
870.849483575	0.0257407345297
871.163642841	0.02574051113
871.477802106	0.025740287578
871.791961371	0.025740061208
872.106120637	0.0257398198721
872.420279902	0.0257395734252
872.734439167	0.0257393177715
873.048598433	0.0257390432319
873.362757698	0.0257387583778
873.676916963	0.0257384686619
873.991076229	0.0257381616192
874.305235494	0.025737832473
874.619394759	0.025737504278
874.933554025	0.0257371792926
875.24771329	0.0257368393328
875.561872556	0.0257365081419
875.876031821	0.0257361910072
876.190191086	0.0257358685018
876.504350352	0.0257355502738
876.818509617	0.0257352541737
877.132668882	0.0257349670658
877.446828148	0.0257346600003
877.760987413	0.0257343450102
878.075146678	0.0257340390358
878.389305944	0.0257337176761
878.703465209	0.0257333701235
879.017624474	0.0257330244234
879.33178374	0.025732691162
879.645943005	0.0257323630394
879.960102271	0.0257320337118
880.274261536	0.0257317051824
880.588420801	0.0257313948207
880.902580067	0.025731101902
881.216739332	0.0257308190451
881.530898597	0.0257305505051
881.845057863	0.0257303079156
882.159217128	0.0257300854207
882.473376393	0.025729880702
882.787535659	0.0257296906754
883.101694924	0.0257295071486
883.41585419	0.0257293263855
883.730013455	0.0257291486442
884.04417272	0.0257289687261
884.358331986	0.0257287805872
884.672491251	0.0257285814774
884.986650516	0.0257283640706
885.300809782	0.025728117163
885.614969047	0.0257278450821
885.929128312	0.0257275566142
886.243287578	0.0257272596374
886.557446843	0.0257269484495
886.871606108	0.0257266132011
887.185765374	0.0257262482889
887.499924639	0.0257258872083
887.814083905	0.0257255436453
888.12824317	0.0257251914086
888.442402435	0.0257248297129
888.756561701	0.02572447531
889.070720966	0.0257241658248
889.384880231	0.0257238886028
889.699039497	0.0257235825085
890.013198762	0.0257232622146
890.327358027	0.0257229766941
890.641517293	0.0257227130998
890.955676558	0.0257224302613
891.269835823	0.0257221198751
891.583995089	0.025721806981
891.898154354	0.0257215223353
892.21231362	0.0257212363351
892.526472885	0.0257209128316
892.84063215	0.0257205988992
893.154791416	0.0257203260645
893.468950681	0.0257200743417
893.783109946	0.0257198279434
894.097269212	0.0257195985656
894.411428477	0.0257193743011
894.725587742	0.0257191416635
895.039747008	0.0257189386591
895.353906273	0.0257187316853
895.668065539	0.0257184950435
895.982224804	0.0257182740665
896.296384069	0.0257180722423
896.610543335	0.0257178581999
896.9247026	0.0257176335159
897.238861865	0.0257174001735
897.553021131	0.0257171568273
897.867180396	0.0257169181536
898.181339661	0.0257166714399
898.495498927	0.0257164079771
898.809658192	0.0257161351962
899.123817457	0.0257158447161
899.437976723	0.025715533134
899.752135988	0.0257152185217
900.066295254	0.0257148884395
900.380454519	0.0257145322743
900.694613784	0.0257141824618
901.00877305	0.0257138631232
901.322932315	0.0257135673321
901.63709158	0.0257132685499
901.951250846	0.0257129582513
902.265410111	0.0257126618018
902.579569376	0.0257123801275
902.893728642	0.0257120790943
903.207887907	0.0257117443546
903.522047172	0.0257114014627
903.836206438	0.0257110792481
904.150365703	0.0257107515834
904.464524969	0.0257103980447
904.778684234	0.0257100663877
905.092843499	0.0257097846559
905.407002765	0.0257095267853
905.72116203	0.0257092814018
906.035321295	0.0257090689019
906.349480561	0.0257088828756
906.663639826	0.025708689744
906.977799091	0.0257084938681
907.291958357	0.0257083083411
907.606117622	0.0257081008247
907.920276888	0.0257078689143
908.234436153	0.0257076336533
908.548595418	0.0257073929383
908.862754684	0.0257071465268
909.176913949	0.0257068966848
909.491073214	0.0257066452147
909.80523248	0.0257063796715
910.119391745	0.0257061019384
910.43355101	0.0257058285946
910.747710276	0.0257055464143
911.061869541	0.0257052492307
911.376028806	0.0257049356046
911.690188072	0.0257046032216
912.004347337	0.0257042709764
912.318506603	0.025703946201
912.632665868	0.0257036179629
912.946825133	0.0257032961423
913.260984399	0.0257030089956
913.575143664	0.025702758504
913.889302929	0.0257025205026
914.203462195	0.0257022816189
914.51762146	0.0257020383535
914.831780725	0.0257017842699
915.145939991	0.0257015054416
915.460099256	0.0257011990205
915.774258521	0.025700885724
916.088417787	0.0257005621901
916.402577052	0.0257001976278
916.716736318	0.0256998357758
917.030895583	0.0256995149284
917.345054848	0.0256992107217
917.659214114	0.0256989154219
917.973373379	0.0256986473388
918.287532644	0.0256984104816
918.60169191	0.0256981879297
918.915851175	0.0256979580463
919.23001044	0.0256977349811
919.544169706	0.0256975204525
919.858328971	0.0256972827432
920.172488237	0.0256970320441
920.486647502	0.0256967911101
920.800806767	0.0256965588492
921.114966033	0.0256963262021
921.429125298	0.0256960965749
921.743284563	0.025695860255
922.057443829	0.0256956242525
922.371603094	0.0256953895744
922.685762359	0.0256951375182
922.999921625	0.0256948583508
923.31408089	0.025694556614
923.628240155	0.0256942312396
923.942399421	0.0256938837211
924.256558686	0.0256935402222
924.570717952	0.0256932072496
924.884877217	0.0256928740094
925.199036482	0.0256925586496
925.513195748	0.0256922822177
925.827355013	0.0256920310997
926.141514278	0.0256917918146
926.455673544	0.0256915574499
926.769832809	0.0256913092542
927.083992074	0.0256910574382
927.39815134	0.0256908005152
927.712310605	0.0256905238472
928.02646987	0.0256902402223
928.340629136	0.0256899479791
928.654788401	0.0256896255081
928.968947667	0.025689304573
929.283106932	0.0256890099187
929.597266197	0.0256887324473
929.911425463	0.0256884695294
930.225584728	0.0256882247422
930.539743993	0.0256879968495
930.853903259	0.0256877674239
931.168062524	0.0256875249793
931.482221789	0.0256872761829
931.796381055	0.025687010377
932.11054032	0.025686721092
932.424699586	0.0256864282754
932.738858851	0.0256861541599
933.053018116	0.0256858886263
933.367177382	0.0256856203855
933.681336647	0.0256853557284
933.995495912	0.0256851037724
934.309655178	0.025684857638
934.623814443	0.0256845996286
934.937973708	0.0256843227286
935.252132974	0.0256840316634
935.566292239	0.0256837296882
935.880451504	0.0256834210074
936.19461077	0.0256830958443
936.508770035	0.0256827702024
936.822929301	0.0256824714609
937.137088566	0.0256821896107
937.451247831	0.0256819212228
937.765407097	0.0256816755689
938.079566362	0.0256814459128
938.393725627	0.0256812276205
938.707884893	0.0256810009646
939.022044158	0.0256807528781
939.336203423	0.0256804976913
939.650362689	0.0256802361375
939.964521954	0.0256799570389
940.278681219	0.0256796705533
940.592840485	0.0256793700931
940.90699975	0.0256790529489
941.221159016	0.0256787442586
941.535318281	0.0256784586866
941.849477546	0.025678185337
942.163636812	0.0256779202832
942.477796077	0.0256776744663
942.791955342	0.0256774415361
943.106114608	0.025677204041
943.420273873	0.0256769631082
943.734433138	0.0256767154103
944.048592404	0.0256764484863
944.362751669	0.0256761695694
944.676910935	0.0256758917646
944.9910702	0.0256756186195
945.305229465	0.0256753457756
945.619388731	0.025675078281
945.933547996	0.0256748106071
946.247707261	0.0256745371014
946.561866527	0.0256742524535
946.876025792	0.0256739493573
947.190185057	0.025673626508
947.504344323	0.0256732984605
947.818503588	0.0256729629407
948.132662853	0.0256726131382
948.446822119	0.0256722729551
948.760981384	0.0256719573164
949.07514065	0.0256716562036
949.389299915	0.0256713709116
949.70345918	0.0256711174461
950.017618446	0.0256708891659
950.331777711	0.0256706729448
950.645936976	0.0256704665795
950.960096242	0.0256702509029
951.274255507	0.0256700338401
951.588414772	0.0256698207099
951.902574038	0.0256695929932
952.216733303	0.0256693397826
952.530892568	0.0256690848578
952.845051834	0.0256688308436
953.159211099	0.0256685551439
953.473370365	0.0256682748899
953.78752963	0.0256680143543
954.101688895	0.0256677539077
954.415848161	0.0256674844768
954.730007426	0.0256672177578
955.044166691	0.0256669478891
955.358325957	0.0256666686156
955.672485222	0.025666389227
955.986644487	0.0256661055534
956.300803753	0.02566581628
956.614963018	0.0256655344145
956.929122284	0.0256652607462
957.243281549	0.0256649896766
957.557440814	0.0256647226666
957.87160008	0.0256644594279
958.185759345	0.0256641906506
958.49991861	0.0256639085527
958.814077876	0.0256636117481
959.128237141	0.0256632942752
959.442396406	0.0256629739119
959.756555672	0.0256626511506
960.070714937	0.0256623153825
960.384874202	0.0256619788697
960.699033468	0.0256616523266
961.013192733	0.0256613379591
961.327351999	0.0256610327507
961.641511264	0.0256607453236
961.955670529	0.0256604861317
962.269829795	0.0256602429139
962.58398906	0.0256600113594
962.898148325	0.0256597823998
963.212307591	0.0256595579417
963.526466856	0.0256593440269
963.840626121	0.0256591292278
964.154785387	0.0256589053405
964.468944652	0.0256586724441
964.783103917	0.025658445884
965.097263183	0.025658228071
965.411422448	0.0256580022678
965.725581714	0.0256577722257
966.039740979	0.0256575464428
966.353900244	0.0256573168589
966.66805951	0.0256570782172
966.982218775	0.0256568242497
967.29637804	0.0256565564606
967.610537306	0.0256562900244
967.924696571	0.0256560171002
968.238855836	0.0256557312318
968.553015102	0.0256554496832
968.867174367	0.0256551758516
969.181333633	0.0256548965963
969.495492898	0.025654613757
969.809652163	0.0256543335967
970.123811429	0.0256540493083
970.437970694	0.0256537448041
970.752129959	0.0256534255057
971.066289225	0.0256530974232
971.38044849	0.0256527657121
971.694607755	0.025652426475
972.008767021	0.0256520782688
972.322926286	0.0256517488779
972.637085551	0.0256514349824
972.951244817	0.0256511212053
973.265404082	0.0256508197122
973.579563348	0.0256505283678
973.893722613	0.0256502564808
974.207881878	0.0256500143261
974.522041144	0.0256497848063
974.836200409	0.0256495590986
975.150359674	0.0256493402099
975.46451894	0.0256491291265
975.778678205	0.0256489177238
976.09283747	0.0256486979832
976.406996736	0.0256484784599
976.721156001	0.0256482730104
977.035315266	0.0256480654797
977.349474532	0.0256478405341
977.663633797	0.0256476167358
977.977793063	0.0256474003584
978.291952328	0.0256471791921
978.606111593	0.0256469463216
978.920270859	0.0256467008882
979.234430124	0.0256464526688
979.548589389	0.0256462056716
979.862748655	0.0256459481895
980.17690792	0.0256456801502
980.491067185	0.025645418551
980.805226451	0.0256451717426
981.119385716	0.0256449279378
981.433544982	0.0256446751061
981.747704247	0.0256444166527
982.061863512	0.0256441555467
982.376022778	0.0256438842148
982.690182043	0.025643580807
983.004341308	0.0256432537926
983.318500574	0.0256429277746
983.632659839	0.0256426026518
983.946819104	0.0256422578292
984.26097837	0.0256419117945
984.575137635	0.0256415857633
984.8892969	0.0256412753977
985.203456166	0.0256409718879
985.517615431	0.0256406641909
985.831774697	0.0256403647041
986.145933962	0.0256400946517
986.460093227	0.0256398435709
986.774252493	0.0256396012752
987.088411758	0.025639371941
987.402571023	0.0256391495843
987.716730289	0.0256389390948
988.030889554	0.0256387461756
988.345048819	0.0256385655684
988.659208085	0.0256383937335
988.97336735	0.0256382164293
989.287526615	0.0256380263185
989.601685881	0.0256378343941
989.915845146	0.0256376385462
990.230004412	0.0256374238314
990.544163677	0.0256371930001
990.858322942	0.0256369551679
991.172482208	0.0256367128679
991.486641473	0.0256364618794
991.800800738	0.0256362050242
992.114960004	0.0256359558368
992.429119269	0.0256357199537
992.743278534	0.0256354800278
993.0574378	0.0256352306354
993.371597065	0.0256349755298
993.685756331	0.0256347184554
993.999915596	0.0256344588658
994.314074861	0.0256341815123
994.628234127	0.025633882008
994.942393392	0.0256335805049
995.256552657	0.0256332765776
995.570711923	0.0256329616115
995.884871188	0.0256326443598
996.199030453	0.0256323271362
996.513189719	0.0256320217566
996.827348984	0.0256317339651
997.141508249	0.025631449947
997.455667515	0.0256311591703
997.76982678	0.0256308608545
998.083986046	0.0256305575961
998.398145311	0.0256302702117
998.712304576	0.0256299977962
999.026463842	0.0256297158307
999.340623107	0.025629452206
999.654782372	0.0256292355095
999.968941638	0.0256290530544
1000.2831009	0.0256288831064
1000.59726017	0.0256287154302
1000.91141943	0.0256285475961
1001.2255787	0.0256283749616
1001.53973796	0.0256281919931
1001.85389723	0.0256279794827
1002.1680565	0.0256277526053
1002.48221576	0.0256275301391
1002.79637503	0.0256272987912
1003.11053429	0.0256270562355
1003.42469356	0.0256268198076
1003.73885282	0.0256265911797
1004.05301209	0.025626368835
1004.36717135	0.0256261492572
1004.68133062	0.0256259217756
1004.99548988	0.0256256917825
1005.30964915	0.0256254620126
1005.62380841	0.0256252072629
1005.93796768	0.0256249286343
1006.25212694	0.0256246457528
1006.56628621	0.0256243579647
1006.88044548	0.0256240608141
1007.19460474	0.0256237506583
1007.50876401	0.02562343644
1007.82292327	0.025623141796
1008.13708254	0.0256228592533
1008.4512418	0.0256225650764
1008.76540107	0.0256222738112
1009.07956033	0.0256219929063
1009.3937196	0.0256217020231
1009.70787886	0.0256213970511
1010.02203813	0.0256211000974
1010.33619739	0.0256208126782
1010.65035666	0.0256205078998
1010.96451593	0.0256202103226
1011.27867519	0.0256199613021
1011.59283446	0.025619747813
1011.90699372	0.0256195524758
1012.22115299	0.0256193782979
1012.53531225	0.0256192223599
1012.84947152	0.025619063156
1013.16363078	0.0256188827729
1013.47779005	0.0256186941352
1013.79194931	0.0256184830526
1014.10610858	0.0256182418823
1014.42026784	0.025617997181
1014.73442711	0.0256177529354
1015.04858637	0.0256175065903
1015.36274564	0.0256172655723
1015.67690491	0.0256170335199
1015.99106417	0.0256168006948
1016.30522344	0.0256165720906
1016.6193827	0.0256163607571
1016.93354197	0.0256161510402
1017.24770123	0.0256159228277
1017.5618605	0.0256156748801
1017.87601976	0.0256154202856
1018.19017903	0.0256151614209
1018.50433829	0.025614884253
1018.81849756	0.0256146011867
1019.13265682	0.025614328365
1019.44681609	0.0256140609492
1019.76097536	0.0256137917509
1020.07513462	0.0256135238655
1020.38929389	0.0256132644124
1020.70345315	0.0256129952752
1021.01761242	0.0256127031437
1021.33177168	0.0256124086025
1021.64593095	0.0256121152869
1021.96009021	0.0256118124641
1022.27424948	0.025611513463
1022.58840874	0.0256112231625
1022.90256801	0.0256109282206
1023.21672727	0.0256106559574
1023.53088654	0.0256104231868
1023.8450458	0.0256102099981
1024.15920507	0.0256100063237
1024.47336434	0.0256098216921
1024.7875236	0.0256096468664
1025.10168287	0.0256094644125
1025.41584213	0.0256092726448
1025.7300014	0.0256090665246
1026.04416066	0.0256088366367
1026.35831993	0.0256085934794
1026.67247919	0.0256083551494
1026.98663846	0.0256081188118
1027.30079772	0.0256078718647
1027.61495699	0.0256076244476
1027.92911625	0.0256073877733
1028.24327552	0.0256071579512
1028.55743479	0.0256069291868
1028.87159405	0.0256066990066
1029.18575332	0.0256064568807
1029.49991258	0.0256062045135
1029.81407185	0.0256059481652
1030.12823111	0.0256056846424
1030.44239038	0.0256054161689
1030.75654964	0.0256051555126
1031.07070891	0.0256049003422
1031.38486817	0.0256046476158
1031.69902744	0.0256044025776
1032.0131867	0.0256041589172
1032.32734597	0.0256039031823
1032.64150524	0.0256036453993
1032.9556645	0.0256033868705
1033.26982377	0.0256031128865
1033.58398303	0.0256028375921
1033.8981423	0.0256025675908
1034.21230156	0.0256022937573
1034.52646083	0.0256020203945
1034.84062009	0.0256017536427
1035.15477936	0.0256014901343
1035.46893862	0.0256012358228
1035.78309789	0.0256009992164
1036.09725715	0.0256007811246
1036.41141642	0.0256005756089
1036.72557568	0.0256003765011
1037.03973495	0.0256001735233
1037.35389422	0.0255999628391
1037.66805348	0.0255997507956
1037.98221275	0.0255995230678
1038.29637201	0.0255992684599
1038.61053128	0.0255990072319
1038.92469054	0.0255987560188
1039.23884981	0.0255985067795
1039.55300907	0.0255982491878
1039.86716834	0.0255979937161
1040.1813276	0.025597752469
1040.49548687	0.0255975187136
1040.80964613	0.0255972834178
1041.1238054	0.0255970388657
1041.43796467	0.0255967819085
1041.75212393	0.0255965208067
1042.0662832	0.0255962652401
1042.38044246	0.0255960057521
1042.69460173	0.0255957411647
1043.00876099	0.0255954903252
1043.32292026	0.0255952518153
1043.63707952	0.025595011299
1043.95123879	0.0255947711473
1044.26539805	0.0255945286584
1044.57955732	0.025594273221
1044.89371658	0.0255940216585
1045.20787585	0.0255937717606
1045.52203511	0.0255935006556
1045.83619438	0.0255932332479
1046.15035365	0.0255929836626
1046.46451291	0.0255927260244
1046.77867218	0.0255924534928
1047.09283144	0.025592206146
1047.40699071	0.0255919879829
1047.72114997	0.0255917597453
1048.03530924	0.0255915293062
1048.3494685	0.0255913227014
1048.66362777	0.0255911258855
1048.97778703	0.0255909165462
1049.2919463	0.0255906967866
1049.60610556	0.025590475578
1049.92026483	0.0255902512691
1050.2344241	0.0255900059172
1050.54858336	0.0255897379038
1050.86274263	0.0255894654095
1051.17690189	0.0255892001226
1051.49106116	0.0255889345737
1051.80522042	0.0255886665044
1052.11937969	0.0255884051758
1052.43353895	0.0255881488905
1052.74769822	0.0255878922464
1053.06185748	0.0255876333699
1053.37601675	0.0255873670934
1053.69017601	0.0255870977626
1054.00433528	0.0255868332562
1054.31849454	0.0255865701563
1054.63265381	0.0255863065524
1054.94681308	0.0255860524776
1055.26097234	0.0255858093157
1055.57513161	0.0255855677424
1055.88929087	0.0255853291148
1056.20345014	0.02558510063
1056.5176094	0.0255848683314
1056.83176867	0.0255846229089
1057.14592793	0.025584381495
1057.4600872	0.0255841472776
1057.77424646	0.0255839014434
1058.08840573	0.0255836526252
1058.40256499	0.025583412413
1058.71672426	0.0255831747872
1059.03088353	0.0255829376393
1059.34504279	0.0255827151502
1059.65920206	0.0255825078764
1059.97336132	0.0255823012231
1060.28752059	0.0255820954801
1060.60167985	0.0255818974393
1060.91583912	0.0255816956363
1061.22999838	0.025581478564
1061.54415765	0.0255812484394
1061.85831691	0.0255810154661
1062.17247618	0.0255807794001
1062.48663544	0.0255805283793
1062.80079471	0.0255802683607
1063.11495397	0.0255800114547
1063.42911324	0.0255797501136
1063.74327251	0.0255794829282
1064.05743177	0.0255792171913
1064.37159104	0.0255789505063
1064.6857503	0.0255786774936
1064.99990957	0.0255784031545
1065.31406883	0.0255781242412
1065.6282281	0.0255778415607
1065.94238736	0.0255775688507
1066.25654663	0.0255773077203
1066.57070589	0.025577044343
1066.88486516	0.025576782023
1067.19902442	0.0255765329849
1067.51318369	0.0255762846218
1067.82734296	0.0255760283865
1068.14150222	0.0255757795849
1068.45566149	0.0255755437563
1068.76982075	0.0255753128588
1069.08398002	0.0255750847919
1069.39813928	0.0255748576732
1069.71229855	0.0255746292781
1070.02645781	0.025574404788
1070.34061708	0.0255741833999
1070.65477634	0.0255739609072
1070.96893561	0.0255737409229
1071.28309487	0.0255735311319
1071.59725414	0.0255733385
1071.9114134	0.0255731556363
1072.22557267	0.0255729727803
1072.53973194	0.0255727888411
1072.8538912	0.0255726030116
1073.16805047	0.0255724072275
1073.48220973	0.025572195384
1073.796369	0.0255719690369
1074.11052826	0.0255717387898
1074.42468753	0.0255715035664
1074.73884679	0.0255712512149
1075.05300606	0.025570992642
1075.36716532	0.0255707397887
1075.68132459	0.025570481437
1075.99548385	0.0255702139879
1076.30964312	0.0255699434186
1076.62380239	0.0255696687461
1076.93796165	0.0255693929968
1077.25212092	0.0255691141082
1077.56628018	0.0255688303772
1077.88043945	0.02556855297
1078.19459871	0.0255682914596
1078.50875798	0.0255680388225
1078.82291724	0.0255677877813
1079.13707651	0.0255675351901
1079.45123577	0.0255672789224
1079.76539504	0.025567022726
1080.0795543	0.0255667623478
1080.39371357	0.0255665056648
1080.70787283	0.0255662651251
1081.0220321	0.0255660335807
1081.33619137	0.0255658041924
1081.65035063	0.0255655774875
1081.9645099	0.0255653533857
1082.27866916	0.0255651308828
1082.59282843	0.0255649154156
1082.90698769	0.0255647128228
1083.22114696	0.025564518936
1083.53530622	0.0255643316115
1083.84946549	0.0255641517375
1084.16362475	0.0255639786143
1084.47778402	0.0255638080703
1084.79194328	0.0255636338907
1085.10610255	0.0255634482969
1085.42026182	0.025563251103
1085.73442108	0.0255630483997
1086.04858035	0.0255628406241
1086.36273961	0.0255626203493
1086.67689888	0.0255623901054
1086.99105814	0.025562156969
1087.30521741	0.025561914689
1087.61937667	0.0255616582392
1087.93353594	0.0255613952645
1088.2476952	0.0255611332527
1088.56185447	0.0255608698241
1088.87601373	0.0255605928502
1089.190173	0.0255603079914
1089.50433227	0.025560034028
1089.81849153	0.0255597642967
1090.1326508	0.0255594900817
1090.44681006	0.0255592215113
1090.76096933	0.0255589713385
1091.07512859	0.0255587318997
1091.38928786	0.0255584883808
1091.70344712	0.0255582388597
1092.01760639	0.0255579851557
1092.33176565	0.0255577262215
1092.64592492	0.0255574692486
1092.96008418	0.0255572174371
1093.27424345	0.0255569684717
1093.58840271	0.0255567290778
1093.90256198	0.0255565034652
1094.21672125	0.0255562947311
1094.53088051	0.0255561073405
1094.84503978	0.0255559321528
1095.15919904	0.0255557507545
1095.47335831	0.0255555660409
1095.78751757	0.0255553963315
1096.10167684	0.0255552228424
1096.4158361	0.0255550291323
1096.72999537	0.0255548370691
1097.04415463	0.0255546538689
1097.3583139	0.0255544691564
1097.67247316	0.0255542756547
1097.98663243	0.0255540735548
1098.3007917	0.02555386839
1098.61495096	0.0255536628277
1098.92911023	0.0255534391467
1099.24326949	0.025553195483
1099.55742876	0.0255529489087
1099.87158802	0.0255526977133
1100.18574729	0.025552435812
1100.49990655	0.0255521621652
1100.81406582	0.0255518908873
1101.12822508	0.0255516336344
1101.44238435	0.0255513674616
1101.75654361	0.0255510870132
1102.07070288	0.0255508248444
1102.38486214	0.0255505823571
1102.69902141	0.0255503379524
1103.01318068	0.02555009613
1103.32733994	0.0255498593544
1103.64149921	0.0255496156248
1103.95565847	0.025549359569
1104.26981774	0.0255490933754
1104.583977	0.025548823544
1104.89813627	0.0255485504004
1105.21229553	0.025548277334
1105.5264548	0.0255480269802
1105.84061406	0.0255478067588
1106.15477333	0.0255476028903
1106.46893259	0.0255474128131
1106.78309186	0.0255472399708
1107.09725113	0.0255470754184
1107.41141039	0.0255469004858
1107.72556966	0.0255467234861
1108.03972892	0.0255465454769
1108.35388819	0.0255463485957
1108.66804745	0.0255461507154
1108.98220672	0.0255459587364
1109.29636598	0.0255457660393
1109.61052525	0.0255455773518
1109.92468451	0.0255453877195
1110.23884378	0.0255451992535
1110.55300304	0.0255450061435
1110.86716231	0.0255447951331
1111.18132157	0.0255445694438
1111.49548084	0.0255443285802
1111.80964011	0.0255440692661
1112.12379937	0.025543798592
1112.43795864	0.0255435219994
1112.7521179	0.0255432542123
1113.06627717	0.0255429999437
1113.38043643	0.0255427415281
1113.6945957	0.0255424832677
1114.00875496	0.0255422392798
1114.32291423	0.0255420133185
1114.63707349	0.0255417925497
1114.95123276	0.0255415596501
1115.26539202	0.0255413207717
1115.57955129	0.0255410860572
1115.89371056	0.0255408433571
1116.20786982	0.0255405766978
1116.52202909	0.0255403011129
1116.83618835	0.0255400446883
1117.15034762	0.0255397915232
1117.46450688	0.0255395377515
1117.77866615	0.0255393033709
1118.09282541	0.0255390851607
1118.40698468	0.0255388769542
1118.72114394	0.0255386810887
1119.03530321	0.0255384927435
1119.34946247	0.0255383085728
1119.66362174	0.0255381237805
1119.977781	0.0255379307349
1120.29194027	0.0255377326168
1120.60609954	0.0255375348288
1120.9202588	0.0255373400988
1121.23441807	0.0255371486632
1121.54857733	0.0255369558388
1121.8627366	0.0255367646415
1122.17689586	0.0255365712397
1122.49105513	0.02553637314
1122.80521439	0.0255361694871
1123.11937366	0.025535950006
1123.43353292	0.0255357081707
1123.74769219	0.0255354511174
1124.06185145	0.0255351896996
1124.37601072	0.0255349283336
1124.69016999	0.0255346659166
1125.00432925	0.0255344146169
1125.31848852	0.025534181512
1125.63264778	0.0255339572133
1125.94680705	0.0255337357284
1126.26096631	0.0255335182606
1126.57512558	0.0255333018624
1126.88928484	0.0255330846939
1127.20344411	0.025532857385
1127.51760337	0.0255326158108
1127.83176264	0.0255323755167
1128.1459219	0.0255321418587
1128.46008117	0.0255318994816
1128.77424043	0.0255316456799
1129.0883997	0.0255314068069
1129.40255897	0.0255311773363
1129.71671823	0.025530941825
1130.0308775	0.0255307101952
1130.34503676	0.0255304889376
1130.65919603	0.0255302758083
1130.97335529	0.0255300746272
1131.28751456	0.0255298809338
1131.60167382	0.0255296867252
1131.91583309	0.0255294928465
1132.22999235	0.0255292948301
1132.54415162	0.0255290928206
1132.85831088	0.0255288919878
1133.17247015	0.025528689593
1133.48662942	0.0255284862482
1133.80078868	0.0255282825059
1134.11494795	0.0255280750441
1134.42910721	0.0255278679786
1134.74326648	0.0255276528038
1135.05742574	0.0255274230504
1135.37158501	0.025527177154
1135.68574427	0.0255269167225
1135.99990354	0.0255266501844
1136.3140628	0.0255263915548
1136.62822207	0.0255261441276
1136.94238133	0.0255258983752
1137.2565406	0.0255256605286
1137.57069986	0.0255254406845
1137.88485913	0.0255252320441
1138.1990184	0.0255250255954
1138.51317766	0.0255248169068
1138.82733693	0.0255246023107
1139.14149619	0.0255243898436
1139.45565546	0.0255241817958
1139.76981472	0.0255239597023
1140.08397399	0.0255237333037
1140.39813325	0.0255235196428
1140.71229252	0.0255233023539
1141.02645178	0.0255230702469
1141.34061105	0.0255228439055
1141.65477031	0.0255226302587
1141.96892958	0.0255224141631
1142.28308885	0.0255221901915
1142.59724811	0.0255219680747
1142.91140738	0.0255217564248
1143.22556664	0.0255215494546
1143.53972591	0.0255213423578
1143.85388517	0.0255211401376
1144.16804444	0.0255209442915
1144.4822037	0.0255207417365
1144.79636297	0.0255205304808
1145.11052223	0.0255203208837
1145.4246815	0.0255201207539
1145.73884076	0.0255199232808
1146.05300003	0.0255197115896
1146.36715929	0.0255194908506
1146.68131856	0.0255192667945
1146.99547783	0.0255190289013
1147.30963709	0.0255187761587
1147.62379636	0.0255185126064
1147.93795562	0.0255182451623
1148.25211489	0.0255179842616
1148.56627415	0.0255177331418
1148.88043342	0.0255174874969
1149.19459268	0.0255172466433
1149.50875195	0.0255170174973
1149.82291121	0.025516799354
1150.13707048	0.0255165835999
1150.45122974	0.0255163711195
1150.76538901	0.02551616419
1151.07954828	0.0255159591642
1151.39370754	0.0255157572251
1151.70786681	0.0255155614987
1152.02202607	0.025515361059
1152.33618534	0.0255151541434
1152.6503446	0.0255149522475
1152.96450387	0.0255147462637
1153.27866313	0.0255145319934
1153.5928224	0.0255143245671
1153.90698166	0.0255141246328
1154.22114093	0.025513917903
1154.53530019	0.0255137027868
1154.84945946	0.0255134884447
1155.16361873	0.0255132779745
1155.47777799	0.0255130680014
1155.79193726	0.0255128584243
1156.10609652	0.0255126570518
1156.42025579	0.0255124595082
1156.73441505	0.0255122552305
1157.04857432	0.025512049751
1157.36273358	0.025511844303
1157.67689285	0.0255116328566
1157.99105211	0.0255114142345
1158.30521138	0.0255111860577
1158.61937064	0.0255109448001
1158.93352991	0.025510696179
1159.24768917	0.0255104456138
1159.56184844	0.0255101858771
1159.87600771	0.0255099234769
1160.19016697	0.0255096697271
1160.50432624	0.0255094159466
1160.8184855	0.0255091609388
1161.13264477	0.0255089134086
1161.44680403	0.0255086734515
1161.7609633	0.0255084410752
1162.07512256	0.0255082159268
1162.38928183	0.0255079994036
1162.70344109	0.0255077939646
1163.01760036	0.0255075997388
1163.33175962	0.0255074122206
1163.64591889	0.025507229017
1163.96007816	0.025507049506
1164.27423742	0.0255068642293
1164.58839669	0.0255066705383
1164.90255595	0.0255064734457
1165.21671522	0.0255062752486
1165.53087448	0.025506078722
1165.84503375	0.0255058843689
1166.15919301	0.025505690729
1166.47335228	0.0255054947906
1166.78751154	0.0255052896365
1167.10167081	0.0255050796253
1167.41583007	0.0255048760917
1167.72998934	0.0255046763578
1168.0441486	0.0255044731691
1168.35830787	0.0255042706301
1168.67246714	0.0255040753313
1168.9866264	0.0255038803379
1169.30078567	0.0255036779453
1169.61494493	0.0255034695907
1169.9291042	0.0255032554742
1170.24326346	0.0255030286011
1170.55742273	0.0255027839932
1170.87158199	0.0255025360319
1171.18574126	0.0255022874282
1171.49990052	0.02550202506
1171.81405979	0.0255017635155
1172.12821905	0.0255015122228
1172.44237832	0.0255012601001
1172.75653759	0.025501001866
1173.07069685	0.0255007457157
1173.38485612	0.0255004982545
1173.69901538	0.0255002547934
1174.01317465	0.0255000143297
1174.32733391	0.02549978505
1174.64149318	0.0254995714762
1174.95565244	0.0254993699921
1175.26981171	0.025499173246
1175.58397097	0.0254989886355
1175.89813024	0.0254988207252
1176.2122895	0.025498651878
1176.52644877	0.0254984749699
1176.84060803	0.0254982966669
1177.1547673	0.0254981202307
1177.46892657	0.0254979406017
1177.78308583	0.0254977465524
1178.0972451	0.0254975474244
1178.41140436	0.0254973550599
1178.72556363	0.0254971658169
1179.03972289	0.0254969713127
1179.35388216	0.0254967729537
1179.66804142	0.0254965787509
1179.98220069	0.0254963926873
1180.29635995	0.0254962083116
1180.61051922	0.0254960188895
1180.92467848	0.0254958235623
1181.23883775	0.0254956268058
1181.55299702	0.0254954274111
1181.86715628	0.0254952195058
1182.18131555	0.0254950043296
1182.49547481	0.0254947833948
1182.80963408	0.0254945525508
1183.12379334	0.0254943089828
1183.43795261	0.0254940597645
1183.75211187	0.0254938089359
1184.06627114	0.0254935516837
1184.3804304	0.0254932921208
1184.69458967	0.0254930371193
1185.00874893	0.0254927890764
1185.3229082	0.0254925477338
1185.63706746	0.0254923078014
1185.95122673	0.0254920644787
1186.265386	0.0254918281384
1186.57954526	0.025491610383
1186.89370453	0.0254913981852
1187.20786379	0.0254911810531
1187.52202306	0.0254909805064
1187.83618232	0.0254908042383
1188.15034159	0.025490635007
1188.46450085	0.0254904698633
1188.77866012	0.0254903117793
1189.09281938	0.0254901486239
1189.40697865	0.0254899731058
1189.72113791	0.0254897932731
1190.03529718	0.0254896143367
1190.34945645	0.0254894237788
1190.66361571	0.0254892252097
1190.97777498	0.025489032409
1191.29193424	0.0254888454628
1191.60609351	0.0254886553256
1191.92025277	0.0254884591004
1192.23441204	0.0254882643422
1192.5485713	0.0254880828411
1192.86273057	0.0254879040783
1193.17688983	0.0254877146542
1193.4910491	0.025487521572
1193.80520836	0.0254873260454
1194.11936763	0.0254871214099
1194.43352689	0.0254869051344
1194.74768616	0.0254866764092
1195.06184543	0.0254864484727
1195.37600469	0.0254862188486
1195.69016396	0.0254859711346
1196.00432322	0.0254857158351
1196.31848249	0.0254854707859
1196.63264175	0.0254852287377
1196.94680102	0.025484984024
1197.26096028	0.0254847440588
1197.57511955	0.0254845073429
1197.88927881	0.0254842700472
1198.20343808	0.0254840342898
1198.51759734	0.0254838030247
1198.83175661	0.025483575258
1199.14591588	0.0254833519309
1199.46007514	0.0254831453008
1199.77423441	0.0254829609075
1200.08839367	0.0254827902341
1200.40255294	0.0254826277404
1200.7167122	0.0254824725154
1201.03087147	0.0254823210399
1201.34503073	0.0254821627981
1201.65919	0.0254819886651
1201.97334926	0.0254818054045
1202.28750853	0.0254816148003
1202.60166779	0.0254814069431
1202.91582706	0.025481196997
1203.22998632	0.0254809980168
1203.54414559	0.0254808061322
1203.85830486	0.0254806154708
1204.17246412	0.025480426119
1204.48662339	0.0254802468049
1204.80078265	0.0254800675425
1205.11494192	0.0254798787986
1205.42910118	0.0254796852858
1205.74326045	0.0254794838986
1206.05741971	0.02547927103
1206.37157898	0.0254790488219
1206.68573824	0.0254788200656
1206.99989751	0.0254786001055
1207.31405677	0.0254783828123
1207.62821604	0.0254781513722
1207.94237531	0.025477914697
1208.25653457	0.0254776819861
1208.57069384	0.0254774513436
1208.8848531	0.0254772174145
1209.19901237	0.0254769715335
1209.51317163	0.0254767266758
1209.8273309	0.0254764960369
1210.14149016	0.0254762629149
1210.45564943	0.0254760146783
1210.76980869	0.0254757805204
1211.08396796	0.0254755771483
1211.39812722	0.0254753806081
1211.71228649	0.0254751827412
1212.02644576	0.0254750015651
1212.34060502	0.0254748355867
1212.65476429	0.0254746700019
1212.96892355	0.0254745046321
1213.28308282	0.0254743394353
1213.59724208	0.0254741649497
1213.91140135	0.025473980023
1214.22556061	0.0254737866936
1214.53971988	0.0254735879721
1214.85387914	0.0254733874283
1215.16803841	0.0254731898803
1215.48219767	0.0254729940787
1215.79635694	0.0254728005637
1216.1105162	0.0254726122768
1216.42467547	0.0254724204094
1216.73883474	0.0254722257919
1217.052994	0.0254720320086
1217.36715327	0.0254718331343
1217.68131253	0.0254716262669
1217.9954718	0.0254714173261
1218.30963106	0.0254712102766
1218.62379033	0.0254710029565
1218.93794959	0.0254707931712
1219.25210886	0.0254705874571
1219.56626812	0.0254703851695
1219.88042739	0.0254701763355
1220.19458665	0.0254699576013
1220.50874592	0.025469733007
1220.82290519	0.0254695038735
1221.13706445	0.0254692764834
1221.45122372	0.025469044113
1221.76538298	0.0254688048319
1222.07954225	0.0254685783912
1222.39370151	0.025468365867
1222.70786078	0.0254681491809
1223.02202004	0.0254679339442
1223.33617931	0.0254677421587
1223.65033857	0.0254675646813
1223.96449784	0.0254673832196
1224.2786571	0.0254672008272
1224.59281637	0.0254670269159
1224.90697563	0.0254668573334
1225.2211349	0.0254666850632
1225.53529417	0.0254665062935
1225.84945343	0.0254663219338
1226.1636127	0.0254661349104
1226.47777196	0.0254659389286
1226.79193123	0.0254657324132
1227.10609049	0.0254655254636
1227.42024976	0.0254653238454
1227.73440902	0.0254651243956
1228.04856829	0.0254649233564
1228.36272755	0.0254647190527
1228.67688682	0.0254645164992
1228.99104608	0.0254643150208
1229.30520535	0.0254641071599
1229.61936462	0.0254638930965
1229.93352388	0.0254636847992
1230.24768315	0.025463487172
1230.56184241	0.0254632898685
1230.87600168	0.0254630880368
1231.19016094	0.0254628876697
1231.50432021	0.0254626920041
1231.81847947	0.0254624966552
1232.13263874	0.025462291806
1232.446798	0.0254620756918
1232.76095727	0.0254618590292
1233.07511653	0.0254616441613
1233.3892758	0.0254614231778
1233.70343506	0.0254612015162
1234.01759433	0.0254609867123
1234.3317536	0.025460776206
1234.64591286	0.025460579218
1234.96007213	0.0254603943417
1235.27423139	0.0254602087462
1235.58839066	0.0254600293542
1235.90254992	0.0254598607463
1236.21670919	0.0254596928472
1236.53086845	0.0254595194055
1236.84502772	0.0254593438313
1237.15918698	0.0254591670197
1237.47334625	0.0254589847436
1237.78750551	0.0254587979266
1238.10166478	0.0254586084318
1238.41582405	0.0254584160023
1238.72998331	0.0254582167205
1239.04414258	0.0254580126015
1239.35830184	0.0254578090978
1239.67246111	0.0254576032057
1239.98662037	0.0254573921144
1240.30077964	0.0254571770783
1240.6149389	0.0254569601902
1240.92909817	0.025456743555
1241.24325743	0.0254565266903
1241.5574167	0.0254563094565
1241.87157596	0.0254560957967
1242.18573523	0.0254558904793
1242.49989449	0.0254556924714
1242.81405376	0.0254554973341
1243.12821303	0.0254553009497
1243.44237229	0.0254551010064
1243.75653156	0.0254549000151
1244.07069082	0.0254546956979
1244.38485009	0.0254544852596
1244.69900935	0.0254542688994
1245.01316862	0.0254540573603
1245.32732788	0.0254538576861
1245.64148715	0.0254536548464
1245.95564641	0.0254534442671
1246.26980568	0.0254532482139
1246.58396494	0.0254530634054
1246.89812421	0.0254528763197
1247.21228348	0.0254526962066
1247.52644274	0.0254525265217
1247.84060201	0.0254523602925
1248.15476127	0.025452197428
1248.46892054	0.0254520326967
1248.7830798	0.0254518609427
1249.09723907	0.0254516872834
1249.41139833	0.0254515140768
1249.7255576	0.0254513359518
1250.03971686	0.025451150131
1250.35387613	0.025450959405
1250.66803539	0.025450765802
1250.98219466	0.0254505667234
1251.29635392	0.0254503616946
1251.61051319	0.0254501491717
1251.92467246	0.0254499264308
1252.23883172	0.0254496978722
1252.55299099	0.02544947098
1252.86715025	0.0254492493692
1253.18130952	0.0254490286427
1253.49546878	0.0254488109201
1253.80962805	0.0254486058638
1254.12378731	0.0254484073804
1254.43794658	0.0254482045844
1254.75210584	0.0254479984324
1255.06626511	0.0254477955092
1255.38042437	0.0254475938292
1255.69458364	0.0254473860955
1256.00874291	0.0254471768958
1256.32290217	0.0254469699599
1256.63706144	0.0254467644668
1256.9512207	0.0254465612415
1257.26537997	0.0254463609834
1257.57953923	0.0254461686206
1257.8936985	0.0254459837216
1258.20785776	0.0254457981299
1258.52201703	0.025445612372
1258.83617629	0.0254454343204
1259.15033556	0.0254452639534
1259.46449482	0.0254450927068
1259.77865409	0.0254449226272
1260.09281335	0.025444761667
1260.40697262	0.0254446072619
1260.72113189	0.0254444511471
1261.03529115	0.0254442858304
1261.34945042	0.0254441174517
1261.66360968	0.0254439537422
1261.97776895	0.0254437825514
1262.29192821	0.0254435964294
1262.60608748	0.0254434020781
1262.92024674	0.0254432039683
1263.23440601	0.0254429992107
1263.54856527	0.0254427863942
1263.86272454	0.0254425679485
1264.1768838	0.0254423448444
1264.49104307	0.0254421168488
1264.80520234	0.0254418913017
1265.1193616	0.0254416730018
1265.43352087	0.0254414522513
1265.74768013	0.0254412330639
1266.0618394	0.0254410247942
1266.37599866	0.0254408239654
1266.69015793	0.0254406208698
1267.00431719	0.025440414931
1267.31847646	0.0254402102847
1267.63263572	0.0254400061759
1267.94679499	0.0254397977231
1268.26095425	0.0254395872211
1268.57511352	0.0254393806833
1268.88927279	0.0254391703356
1269.20343205	0.0254389561442
1269.51759132	0.0254387571137
1269.83175058	0.0254385763674
1270.14590985	0.0254384008476
1270.46006911	0.0254382273038
1270.77422838	0.0254380591014
1271.08838764	0.025437892855
1271.40254691	0.0254377284871
1271.71670617	0.025437566276
1272.03086544	0.0254374029536
1272.3450247	0.025437241084
1272.65918397	0.0254370836652
1272.97334323	0.0254369287568
1273.2875025	0.0254367708118
1273.60166177	0.0254366072113
1273.91582103	0.0254364401598
1274.2299803	0.025436268583
1274.54413956	0.0254360868774
1274.85829883	0.0254358961563
1275.17245809	0.0254356996354
1275.48661736	0.0254354964266
1275.80077662	0.0254352877016
1276.11493589	0.025435077114
1276.42909515	0.0254348640056
1276.74325442	0.0254346462976
1277.05741368	0.0254344227323
1277.37157295	0.0254342015244
1277.68573222	0.0254339885641
1277.99989148	0.025433775578
1278.31405075	0.0254335645843
1278.62821001	0.0254333627246
1278.94236928	0.0254331654627
1279.25652854	0.025432969878
1279.57068781	0.0254327716466
1279.88484707	0.0254325645831
1280.19900634	0.0254323524713
1280.5131656	0.0254321416971
1280.82732487	0.0254319300801
1281.14148413	0.0254317167667
1281.4556434	0.02543151113
1281.76980266	0.0254313209348
1282.08396193	0.0254311431598
1282.3981212	0.0254309736308
1282.71228046	0.0254308085504
1283.02643973	0.0254306456922
1283.34059899	0.0254304834447
1283.65475826	0.0254303220622
1283.96891752	0.0254301620226
1284.28307679	0.0254300050813
1284.59723605	0.0254298447298
1284.91139532	0.025429678151
1285.22555458	0.0254295176961
1285.53971385	0.0254293616449
1285.85387311	0.0254291960493
1286.16803238	0.0254290232096
1286.48219165	0.025428850857
1286.79635091	0.0254286752158
1287.11051018	0.0254284898595
1287.42466944	0.0254282932661
1287.73882871	0.0254280874847
1288.05298797	0.0254278756193
1288.36714724	0.0254276593371
1288.6813065	0.0254274378106
1288.99546577	0.0254272243394
1289.30962503	0.0254270217475
1289.6237843	0.02542681541
1289.93794356	0.0254266078167
1290.25210283	0.0254264091102
1290.56626209	0.025426221786
1290.88042136	0.0254260318257
1291.19458063	0.0254258282995
1291.50873989	0.0254256296273
1291.82289916	0.025425442578
1292.13705842	0.0254252428491
1292.45121769	0.0254250221421
1292.76537695	0.0254248092938
1293.07953622	0.025424615768
1293.39369548	0.025424422306
1293.70785475	0.0254242246493
1294.02201401	0.0254240383139
1294.33617328	0.0254238653123
1294.65033254	0.0254236958761
1294.96449181	0.0254235283806
1295.27865108	0.0254233640668
1295.59281034	0.0254232008713
1295.90696961	0.0254230384718
1296.22112887	0.0254228748866
1296.53528814	0.0254227102854
1296.8494474	0.0254225469976
1297.16360667	0.0254223848186
1297.47776593	0.0254222215483
1297.7919252	0.0254220577111
1298.10608446	0.025421890847
1298.42024373	0.0254217143595
1298.73440299	0.0254215314611
1299.04856226	0.0254213455119
1299.36272152	0.025421149779
1299.67688079	0.0254209413713
1299.99104006	0.0254207288574
1300.30519932	0.0254205158321
1300.61935859	0.0254202990553
1300.93351785	0.0254200868185
1301.24767712	0.0254198882102
1301.56183638	0.0254196932762
1301.87599565	0.0254194956854
1302.19015491	0.0254193026942
1302.50431418	0.0254191159211
1302.81847344	0.0254189287896
1303.13263271	0.0254187390468
1303.44679197	0.0254185419286
1303.76095124	0.0254183461847
1304.07511051	0.0254181549342
1304.38926977	0.0254179522568
1304.70342904	0.0254177414724
1305.0175883	0.0254175412408
1305.33174757	0.0254173530648
1305.64590683	0.0254171649513
1305.9600661	0.0254169747907
1306.27422536	0.0254167908703
1306.58838463	0.0254166146245
1306.90254389	0.0254164449643
1307.21670316	0.0254162782579
1307.53086242	0.0254161087254
1307.84502169	0.0254159403251
1308.15918095	0.0254157764625
1308.47334022	0.0254156088606
1308.78749949	0.0254154375743
1309.10165875	0.0254152721917
1309.41581802	0.0254151114405
1309.72997728	0.0254149485646
1310.04413655	0.0254147797926
1310.35829581	0.0254146005577
1310.67245508	0.0254144144484
1310.98661434	0.0254142217599
1311.30077361	0.0254140195343
1311.61493287	0.0254138131968
1311.92909214	0.0254136095702
1312.2432514	0.0254134030414
1312.55741067	0.0254131976967
1312.87156994	0.0254130003116
1313.1857292	0.0254128076218
1313.49988847	0.0254126183762
1313.81404773	0.0254124303535
1314.128207	0.0254122436011
1314.44236626	0.0254120601695
1314.75652553	0.0254118778581
1315.07068479	0.0254116939193
1315.38484406	0.0254115102512
1315.69900332	0.0254113278315
1316.01316259	0.025411140577
1316.32732185	0.0254109526667
1316.64148112	0.0254107696794
1316.95564038	0.025410583995
1317.26979965	0.0254103951998
1317.58395892	0.0254102121062
1317.89811818	0.0254100345056
1318.21227745	0.0254098572429
1318.52643671	0.0254096771644
1318.84059598	0.025409497625
1319.15475524	0.0254093229702
1319.46891451	0.0254091541787
1319.78307377	0.0254089847828
1320.09723304	0.0254088117515
1320.4113923	0.0254086414661
1320.72555157	0.0254084745937
1321.03971083	0.0254083077375
1321.3538701	0.0254081394942
1321.66802937	0.025407969513
1321.98218863	0.0254077956735
1322.2963479	0.0254076156749
1322.61050716	0.0254074250936
1322.92466643	0.0254072243047
1323.23882569	0.0254070176928
1323.55298496	0.0254068113974
1323.86714422	0.0254066081924
1324.18130349	0.0254064054611
1324.49546275	0.0254062058582
1324.80962202	0.0254060154509
1325.12378128	0.0254058309348
1325.43794055	0.0254056424169
1325.75209981	0.0254054540818
1326.06625908	0.0254052717639
1326.38041835	0.0254050894985
1326.69457761	0.0254049069061
1327.00873688	0.0254047318082
1327.32289614	0.0254045615921
1327.63705541	0.0254043893394
1327.95121467	0.0254042175708
1328.26537394	0.0254040517482
1328.5795332	0.0254038844355
1328.89369247	0.0254037099547
1329.20785173	0.0254035377644
1329.522011	0.0254033665414
1329.83617026	0.0254031888438
1330.15032953	0.0254030081908
1330.4644888	0.0254028317976
1330.77864806	0.0254026599163
1331.09280733	0.0254024880115
1331.40696659	0.025402316345
1331.72112586	0.0254021465953
1332.03528512	0.0254019790404
1332.34944439	0.0254018136438
1332.66360365	0.0254016490821
1332.97776292	0.0254014821603
1333.29192218	0.0254013095571
1333.60608145	0.0254011301075
1333.92024071	0.0254009452681
1334.23439998	0.0254007552021
1334.54855925	0.0254005591387
1334.86271851	0.0254003598118
1335.17687778	0.02540015811
1335.49103704	0.0253999572912
1335.80519631	0.0253997573977
1336.11935557	0.0253995551884
1336.43351484	0.0253993507888
1336.7476741	0.0253991480906
1337.06183337	0.0253989541595
1337.37599263	0.0253987635562
1337.6901519	0.0253985700665
1338.00431116	0.0253983841067
1338.31847043	0.0253982090336
1338.63262969	0.0253980308123
1338.94678896	0.0253978509681
1339.26094823	0.0253976881736
1339.57510749	0.0253975369985
1339.88926676	0.0253973792172
1340.20342602	0.0253972157137
1340.51758529	0.025397056187
1340.83174455	0.0253968984542
1341.14590382	0.0253967341981
1341.46006308	0.0253965618327
1341.77422235	0.025396392488
1342.08838161	0.0253962252867
1342.40254088	0.0253960505222
1342.71670014	0.0253958727004
1343.03085941	0.025395702611
1343.34501868	0.0253955437718
1343.65917794	0.0253953880924
1343.97333721	0.0253952277037
1344.28749647	0.0253950650215
1344.60165574	0.0253949007032
1344.915815	0.0253947310062
1345.22997427	0.02539455415
1345.54413353	0.0253943724859
1345.8582928	0.0253941865042
1346.17245206	0.0253939949329
1346.48661133	0.0253937984755
1346.80077059	0.0253935990892
1347.11492986	0.0253934004914
1347.42908912	0.0253932009602
1347.74324839	0.0253929987599
1348.05740766	0.0253928000633
1348.37156692	0.0253926040479
1348.68572619	0.025392402526
1348.99988545	0.0253921951408
1349.31404472	0.0253919934223
1349.62820398	0.0253918015556
1349.94236325	0.0253916135096
1350.25652251	0.0253914276861
1350.57068178	0.0253912460265
1350.88484104	0.025391071043
1351.19900031	0.0253909067357
1351.51315957	0.025390752016
1351.82731884	0.025390605222
1352.14147811	0.0253904599511
1352.45563737	0.025390308771
1352.76979664	0.0253901540408
1353.0839559	0.0253899961383
1353.39811517	0.0253898337336
1353.71227443	0.0253896696045
1354.0264337	0.0253895010738
1354.34059296	0.0253893323611
1354.65475223	0.0253891716012
1354.96891149	0.0253890111972
1355.28307076	0.0253888447124
1355.59723002	0.025388682017
1355.91138929	0.0253885275665
1356.22554855	0.0253883726153
1356.53970782	0.025388209172
1356.85386709	0.025388040512
1357.16802635	0.0253878718195
1357.48218562	0.0253876999863
1357.79634488	0.0253875229541
1358.11050415	0.0253873424769
1358.42466341	0.0253871562177
1358.73882268	0.0253869588163
1359.05298194	0.0253867571453
1359.36714121	0.0253865553421
1359.68130047	0.0253863491958
1359.99545974	0.0253861423418
1360.309619	0.0253859418012
1360.62377827	0.0253857422266
1360.93793754	0.0253855439704
1361.2520968	0.0253853530818
1361.56625607	0.0253851616252
1361.88041533	0.0253849626346
1362.1945746	0.0253847700936
1362.50873386	0.0253845920019
1362.82289313	0.0253844139259
1363.13705239	0.02538423633
1363.45121166	0.0253840720782
1363.76537092	0.0253839203363
1364.07953019	0.0253837720444
1364.39368945	0.0253836218505
1364.70784872	0.0253834698136
1365.02200798	0.0253833173709
1365.33616725	0.0253831620601
1365.65032652	0.0253830009265
1365.96448578	0.0253828362904
1366.27864505	0.025382674085
1366.59280431	0.0253825109487
1366.90696358	0.0253823451117
1367.22112284	0.0253821821146
1367.53528211	0.0253820199661
1367.84944137	0.0253818565696
1368.16360064	0.0253816959439
1368.4777599	0.0253815401124
1368.79191917	0.0253813831383
1369.10607843	0.0253812229328
1369.4202377	0.0253810605373
1369.73439697	0.025380888018
1370.04855623	0.0253807071641
1370.3627155	0.0253805196841
1370.67687476	0.0253803298633
1370.99103403	0.0253801432094
1371.30519329	0.0253799522892
1371.61935256	0.0253797537406
1371.93351182	0.0253795553195
1372.24767109	0.0253793626614
1372.56183035	0.0253791726833
1372.87598962	0.0253789730224
1373.19014888	0.025378775054
1373.50430815	0.0253785925196
1373.81846741	0.0253784074573
1374.13262668	0.0253782091236
1374.44678595	0.0253780207436
1374.76094521	0.0253778515268
1375.07510448	0.0253776849228
1375.38926374	0.025377516576
1375.70342301	0.0253773576548
1376.01758227	0.0253772089324
1376.33174154	0.0253770592951
1376.6459008	0.0253769044751
1376.96006007	0.025376749784
1377.27421933	0.0253765966478
1377.5883786	0.0253764392729
1377.90253786	0.0253762764404
1378.21669713	0.025376113352
1378.5308564	0.0253759506061
1378.84501566	0.0253757845371
1379.15917493	0.0253756130915
1379.47333419	0.0253754453129
1379.78749346	0.0253752863171
1380.10165272	0.0253751281691
1380.41581199	0.0253749653409
1380.72997125	0.0253748036121
1381.04413052	0.0253746432093
1381.35828978	0.0253744785238
1381.67244905	0.0253743062973
1381.98660831	0.0253741252242
1382.30076758	0.0253739392257
1382.61492684	0.0253737558785
1382.92908611	0.025373579393
1383.24324538	0.0253734013181
1383.55740464	0.0253732150257
1383.87156391	0.0253730280334
1384.18572317	0.0253728439578
1384.49988244	0.0253726558807
1384.8140417	0.0253724641801
1385.12820097	0.0253722715742
1385.44236023	0.025372081815
1385.7565195	0.0253718994193
1386.07067876	0.0253717159232
1386.38483803	0.0253715325566
1386.69899729	0.0253713589206
1387.01315656	0.025371195546
1387.32731583	0.0253710392435
1387.64147509	0.0253708833091
1387.95563436	0.0253707273594
1388.26979362	0.0253705738499
1388.58395289	0.0253704214306
1388.89811215	0.0253702689784
1389.21227142	0.0253701119535
1389.52643068	0.025369951454
1389.84058995	0.0253697922758
1390.15474921	0.0253696288317
1390.46890848	0.0253694595342
1390.78306774	0.0253692919843
1391.09722701	0.0253691269177
1391.41138628	0.0253689598853
1391.72554554	0.0253687937877
1392.03970481	0.0253686268114
1392.35386407	0.0253684580146
1392.66802334	0.025368291591
1392.9821826	0.025368124749
1393.29634187	0.0253679544186
1393.61050113	0.0253677858342
1393.9246604	0.0253676181367
1394.23881966	0.0253674446579
1394.55297893	0.0253672663333
1394.86713819	0.0253670894204
1395.18129746	0.0253669143323
1395.49545672	0.0253667375272
1395.80961599	0.0253665604785
1396.12377526	0.0253663806787
1396.43793452	0.0253661969196
1396.75209379	0.0253660133181
1397.06625305	0.0253658300023
1397.38041232	0.0253656454417
1397.69457158	0.0253654638394
1398.00873085	0.0253652852676
1398.32289011	0.0253651116136
1398.63704938	0.025364943034
1398.95120864	0.025364779812
1399.26536791	0.0253646236115
1399.57952717	0.0253644738292
1399.89368644	0.0253643270326
1400.20784571	0.0253641761742
1400.52200497	0.0253640194371
1400.83616424	0.0253638619135
1401.1503235	0.025363707117
1401.46448277	0.0253635480505
1401.77864203	0.0253633787684
1402.0928013	0.0253632075094
1402.40696056	0.0253630420393
1402.72111983	0.0253628763067
1403.03527909	0.0253627066572
1403.34943836	0.0253625373136
1403.66359762	0.0253623681802
1403.97775689	0.0253622000677
1404.29191615	0.0253620287247
1404.60607542	0.0253618470526
1404.92023469	0.02536166811
1405.23439395	0.025361501616
1405.54855322	0.0253613365624
1405.86271248	0.0253611626204
1406.17687175	0.0253609942032
1406.49103101	0.0253608358273
1406.80519028	0.0253606739196
1407.11934954	0.0253605011924
1407.43350881	0.0253603249958
1407.74766807	0.0253601523438
1408.06182734	0.0253599773706
1408.3759866	0.0253597958054
1408.69014587	0.0253596184824
1409.00430514	0.0253594470804
1409.3184644	0.0253592740308
1409.63262367	0.0253591018373
1409.94678293	0.0253589353278
1410.2609422	0.02535877534
1410.57510146	0.0253586172179
1410.88926073	0.0253584616821
1411.20341999	0.0253583124534
1411.51757926	0.0253581643165
1411.83173852	0.0253580163248
1412.14589779	0.0253578709781
1412.46005705	0.0253577262606
1412.77421632	0.0253575772263
1413.08837558	0.025357421447
1413.40253485	0.025357259987
1413.71669412	0.0253570969651
1414.03085338	0.0253569337763
1414.34501265	0.0253567648349
1414.65917191	0.0253565907695
1414.97333118	0.0253564185099
1415.28749044	0.025356246512
1415.60164971	0.0253560706376
1415.91580897	0.0253558920045
1416.22996824	0.02535571292
1416.5441275	0.0253555368234
1416.85828677	0.0253553589918
1417.17244603	0.0253551832937
1417.4866053	0.0253550165593
1417.80076457	0.0253548503439
1418.11492383	0.0253546793808
1418.4290831	0.0253545105278
1418.74324236	0.0253543465757
1419.05740163	0.0253541807861
1419.37156089	0.025354009258
1419.68572016	0.025353835248
1419.99987942	0.0253536582187
1420.31403869	0.0253534791741
1420.62819795	0.0253533057513
1420.94235722	0.0253531416782
1421.25651648	0.0253529809108
1421.57067575	0.0253528204483
1421.88483501	0.0253526631766
1422.19899428	0.0253525102066
1422.51315355	0.0253523600227
1422.82731281	0.0253522122232
1423.14147208	0.0253520598857
1423.45563134	0.0253519115237
1423.76979061	0.0253517723825
1424.08394987	0.0253516293755
1424.39810914	0.0253514823993
1424.7122684	0.0253513405314
1425.02642767	0.0253512018729
1425.34058693	0.0253510588071
1425.6547462	0.0253509058133
1425.96890546	0.0253507439401
1426.28306473	0.0253505779467
1426.597224	0.0253504072697
1426.91138326	0.0253502300393
1427.22554253	0.0253500472963
1427.53970179	0.0253498642658
1427.85386106	0.0253496824005
1428.16802032	0.0253495006867
1428.48217959	0.0253493202891
1428.79633885	0.0253491442416
1429.11049812	0.0253489735623
1429.42465738	0.0253488040175
1429.73881665	0.0253486369903
1430.05297591	0.025348474833
1430.36713518	0.0253483083916
1430.68129444	0.0253481329426
1430.99545371	0.0253479577493
1431.30961298	0.0253477892378
1431.62377224	0.0253476201431
1431.93793151	0.0253474419288
1432.25209077	0.0253472606818
1432.56625004	0.0253470883889
1432.8804093	0.0253469250022
1433.19456857	0.0253467666514
1433.50872783	0.0253466156752
1433.8228871	0.0253464683084
1434.13704636	0.0253463196191
1434.45120563	0.025346172144
1434.76536489	0.0253460260251
1435.07952416	0.0253458808364
1435.39368343	0.0253457386144
1435.70784269	0.0253455940028
1436.02200196	0.0253454516881
1436.33616122	0.0253453174052
1436.65032049	0.0253451828412
1436.96447975	0.0253450432085
1437.27863902	0.025344902795
1437.59279828	0.0253447609382
1437.90695755	0.0253446124875
1438.22111681	0.0253444540028
1438.53527608	0.0253442864317
1438.84943534	0.0253441123045
1439.16359461	0.0253439371655
1439.47775387	0.0253437621668
1439.79191314	0.0253435780853
1440.10607241	0.0253433929993
1440.42023167	0.0253432162295
1440.73439094	0.025343039335
1441.0485502	0.0253428628814
1441.36270947	0.0253426923833
1441.67686873	0.0253425250848
1441.991028	0.0253423579599
1442.30518726	0.0253421892907
1442.61934653	0.0253420258596
1442.93350579	0.0253418618376
1443.24766506	0.0253416829048
1443.56182432	0.0253415035068
1443.87598359	0.025341333165
1444.19014286	0.0253411644026
1444.50430212	0.0253409873111
1444.81846139	0.0253408128117
1445.13262065	0.0253406528997
1445.44677992	0.0253404984568
1445.76093918	0.0253403427066
1446.07509845	0.0253401911184
1446.38925771	0.0253400455051
1446.70341698	0.025339902625
1447.01757624	0.0253397595513
1447.33173551	0.0253396186446
1447.64589477	0.0253394790762
1447.96005404	0.0253393405405
1448.2742133	0.0253392015859
1448.58837257	0.0253390657762
1448.90253184	0.0253389330224
1449.2166911	0.0253387936253
1449.53085037	0.0253386489357
1449.84500963	0.0253385026689
1450.1591689	0.0253383501046
1450.47332816	0.0253381900277
1450.78748743	0.0253380319471
1451.10164669	0.0253378684144
1451.41580596	0.0253376883049
1451.72996522	0.0253375063806
1452.04412449	0.0253373306719
1452.35828375	0.0253371618172
1452.67244302	0.0253369911817
1452.98660229	0.0253368166254
1453.30076155	0.025336648143
1453.61492082	0.0253364856867
1453.92908008	0.0253363204048
1454.24323935	0.0253361532407
1454.55739861	0.0253359856198
1454.87155788	0.025335821616
1455.18571714	0.0253356578351
1455.49987641	0.0253354868278
1455.81403567	0.025335314648
1456.12819494	0.0253351463203
1456.4423542	0.025334979152
1456.75651347	0.0253348113202
1457.07067274	0.0253346423491
1457.384832	0.0253344788248
1457.69899127	0.0253343210146
1458.01315053	0.0253341629643
1458.3273098	0.0253340071052
1458.64146906	0.0253338594134
1458.95562833	0.0253337173595
1459.26978759	0.0253335747598
1459.58394686	0.0253334350431
1459.89810612	0.0253333001832
1460.21226539	0.0253331636391
1460.52642465	0.025333023082
1460.84058392	0.0253328774271
1461.15474318	0.0253327343408
1461.46890245	0.0253325945994
1461.78306172	0.0253324498204
1462.09722098	0.0253322970502
1462.41138025	0.0253321399157
1462.72553951	0.0253319811397
1463.03969878	0.0253318176592
1463.35385804	0.025331644209
1463.66801731	0.0253314644829
1463.98217657	0.0253312885428
1464.29633584	0.025331118809
1464.6104951	0.0253309570339
1464.92465437	0.0253307965303
1465.23881363	0.0253306333548
1465.5529729	0.0253304736131
1465.86713217	0.0253303188498
1466.18129143	0.0253301594891
1466.4954507	0.025329996076
1466.80960996	0.0253298350758
1467.12376923	0.0253296737048
1467.43792849	0.0253295086455
1467.75208776	0.025329343347
1468.06624702	0.0253291831617
1468.38040629	0.0253290224061
1468.69456555	0.025328861269
1469.00872482	0.0253287035915
1469.32288408	0.025328543212
1469.63704335	0.0253283797367
1469.95120261	0.0253282202962
1470.26536188	0.0253280666634
1470.57952115	0.0253279151734
1470.89368041	0.0253277631365
1471.20783968	0.0253276170682
1471.52199894	0.0253274773003
1471.83615821	0.0253273351009
1472.15031747	0.0253271932524
1472.46447674	0.0253270567691
1472.778636	0.0253269182706
1473.09279527	0.0253267747317
1473.40695453	0.025326626786
1473.7211138	0.0253264736405
1474.03527306	0.0253263194758
1474.34943233	0.0253261632287
1474.6635916	0.0253260021017
1474.97775086	0.0253258373554
1475.29191013	0.0253256711331
1475.60606939	0.0253255029237
1475.92022866	0.0253253317742
1476.23438792	0.0253251607844
1476.54854719	0.0253249944331
1476.86270645	0.0253248319068
1477.17686572	0.0253246746086
1477.49102498	0.0253245222256
1477.80518425	0.0253243682115
1478.11934351	0.0253242124075
1478.43350278	0.0253240610415
1478.74766204	0.0253239087038
1479.06182131	0.025323751813
1479.37598058	0.0253235960096
1479.69013984	0.0253234373354
1480.00429911	0.0253232733278
1480.31845837	0.0253231157542
1480.63261764	0.0253229635757
1480.9467769	0.0253228082105
1481.26093617	0.0253226545928
1481.57509543	0.02532250074
1481.8892547	0.0253223439288
1482.20341396	0.025322184847
1482.51757323	0.0253220295292
1482.83173249	0.0253218829206
1483.14589176	0.0253217334642
1483.46005103	0.025321576993
1483.77421029	0.0253214316166
1484.08836956	0.0253212941182
1484.40252882	0.0253211496401
1484.71668809	0.0253210038619
1485.03084735	0.0253208607666
1485.34500662	0.0253207145556
1485.65916588	0.025320565031
1485.97332515	0.0253204045223
1486.28748441	0.0253202370133
1486.60164368	0.0253200788624
1486.91580294	0.0253199221973
1487.22996221	0.0253197522379
1487.54412147	0.0253195795285
1487.85828074	0.0253194181793
1488.17244001	0.0253192600655
1488.48659927	0.0253190965104
1488.80075854	0.0253189323304
1489.1149178	0.0253187752737
1489.42907707	0.0253186219578
1489.74323633	0.0253184691051
1490.0573956	0.0253183216158
1490.37155486	0.0253181758381
1490.68571413	0.025318028726
1490.99987339	0.0253178848081
1491.31403266	0.0253177412772
1491.62819192	0.0253175941096
1491.94235119	0.0253174461204
1492.25651046	0.0253172948783
1492.57066972	0.0253171436638
1492.88482899	0.0253169939539
1493.19898825	0.0253168435769
1493.51314752	0.0253166947168
1493.82730678	0.0253165461274
1494.14146605	0.0253163962132
1494.45562531	0.0253162454038
1494.76978458	0.0253160947906
1495.08394384	0.0253159469739
1495.39810311	0.025315797181
1495.71226237	0.0253156435346
1496.02642164	0.0253154958169
1496.3405809	0.0253153547476
1496.65474017	0.0253152090471
1496.96889944	0.025315058534
1497.2830587	0.025314909804
1497.59721797	0.0253147577692
1497.91137723	0.0253145985499
1498.2255365	0.0253144368884
1498.53969576	0.0253142694293
1498.85385503	0.025314103181
1499.16801429	0.0253139398361
1499.48217356	0.0253137738878
1499.79633282	0.0253136087
1500.11049209	0.0253134466092
1500.42465135	0.0253132867142
1500.73881062	0.025313130702
1501.05296989	0.0253129728516
1501.36712915	0.0253128120052
1501.68128842	0.0253126557204
1501.99544768	0.0253125076253
1502.30960695	0.0253123681134
1502.62376621	0.025312231711
1502.93792548	0.0253120947693
1503.25208474	0.0253119589166
1503.56624401	0.025311825007
1503.88040327	0.0253116879213
1504.19456254	0.0253115451639
1504.5087218	0.0253114005655
1504.82288107	0.025311252801
1505.13704033	0.0253111086892
1505.4511996	0.02531096555
1505.76535887	0.0253108202986
1506.07951813	0.0253106762905
1506.3936774	0.0253105349608
1506.70783666	0.0253103959553
1507.02199593	0.0253102545918
1507.33615519	0.0253101087537
1507.65031446	0.0253099628787
1507.96447372	0.0253098180837
1508.27863299	0.0253096698649
1508.59279225	0.0253095169529
1508.90695152	0.0253093667303
1509.22111078	0.0253092161789
1509.53527005	0.0253090592323
1509.84942932	0.0253089005109
1510.16358858	0.0253087413385
1510.47774785	0.0253085789118
1510.79190711	0.0253084151246
1511.10606638	0.0253082508788
1511.42022564	0.025308086925
1511.73438491	0.0253079251357
1512.04854417	0.0253077612969
1512.36270344	0.0253075949483
1512.6768627	0.025307432797
1512.99102197	0.0253072763322
1513.30518123	0.0253071187791
1513.6193405	0.0253069566051
1513.93349977	0.0253068026772
1514.24765903	0.0253066600076
1514.5618183	0.0253065228428
1514.87597756	0.0253063929202
1515.19013683	0.0253062647589
1515.50429609	0.0253061328777
1515.81845536	0.0253060007892
1516.13261462	0.0253058684296
1516.44677389	0.0253057296877
1516.76093315	0.0253055853914
1517.07509242	0.0253054422277
1517.38925168	0.0253052980381
1517.70341095	0.0253051566263
1518.01757021	0.0253050192809
1518.33172948	0.0253048827022
1518.64588875	0.0253047470375
1518.96004801	0.0253046125903
1519.27420728	0.0253044774352
1519.58836654	0.0253043376921
1519.90252581	0.0253041946206
1520.21668507	0.0253040510988
1520.53084434	0.0253039045528
1520.8450036	0.0253037490433
1521.15916287	0.0253035917287
1521.47332213	0.0253034424931
1521.7874814	0.0253032890852
1522.10164066	0.0253031262458
1522.41579993	0.0253029666236
1522.7299592	0.025302810621
1523.04411846	0.0253026476701
1523.35827773	0.0253024817261
1523.67243699	0.0253023170269
1523.98659626	0.0253021530001
1524.30075552	0.0253019924779
1524.61491479	0.025301828974
1524.92907405	0.0253016646953
1525.24323332	0.0253015086551
1525.55739258	0.0253013577452
1525.87155185	0.0253012048085
1526.18571111	0.025301051568
1526.49987038	0.025300907805
1526.81402964	0.0253007710305
1527.12818891	0.0253006333443
1527.44234818	0.0253004993021
1527.75650744	0.0253003696667
1528.07066671	0.0253002374727
1528.38482597	0.0253001026685
1528.69898524	0.0252999703989
1529.0131445	0.0252998352066
1529.32730377	0.0252996932093
1529.64146303	0.0252995517146
1529.9556223	0.0252994109433
1530.26978156	0.0252992747735
1530.58394083	0.0252991412474
1530.89810009	0.0252990069345
1531.21225936	0.0252988732019
1531.52641863	0.0252987360255
1531.84057789	0.0252985977669
1532.15473716	0.0252984646524
1532.46889642	0.02529832517
1532.78305569	0.0252981686331
1533.09721495	0.0252980112571
1533.41137422	0.0252978635438
1533.72553348	0.0252977212689
1534.03969275	0.0252975711371
1534.35385201	0.025297412773
1534.66801128	0.0252972583569
1534.98217054	0.0252971070718
1535.29632981	0.025296945507
1535.61048907	0.025296778641
1535.92464834	0.0252966160684
1536.23880761	0.025296454392
1536.55296687	0.0252962926773
1536.86712614	0.0252961348212
1537.1812854	0.0252959822281
1537.49544467	0.0252958343517
1537.80960393	0.0252956867592
1538.1237632	0.025295544044
1538.43792246	0.0252954012479
1538.75208173	0.0252952554516
1539.06624099	0.0252951118106
1539.38040026	0.0252949699048
1539.69455952	0.0252948276246
1540.00871879	0.0252946905956
1540.32287806	0.0252945569498
1540.63703732	0.0252944212257
1540.95119659	0.0252942855438
1541.26535585	0.0252941540626
1541.57951512	0.0252940202473
1541.89367438	0.0252938796172
1542.20783365	0.0252937364357
1542.52199291	0.0252935923048
1542.83615218	0.025293455877
1543.15031144	0.0252933211454
1543.46447071	0.0252931834722
1543.77862997	0.0252930465582
1544.09278924	0.0252929101464
1544.4069485	0.0252927754411
1544.72110777	0.0252926345757
1545.03526704	0.0252924829968
1545.3494263	0.0252923298965
1545.66358557	0.0252921807811
1545.97774483	0.0252920365426
1546.2919041	0.0252918938152
1546.60606336	0.0252917444006
1546.92022263	0.0252915908333
1547.23438189	0.0252914416858
1547.54854116	0.02529129138
1547.86270042	0.0252911308604
1548.17685969	0.0252909712664
1548.49101895	0.0252908170457
1548.80517822	0.0252906619497
1549.11933749	0.0252905081665
1549.43349675	0.025290363256
1549.74765602	0.0252902232963
1550.06181528	0.0252900840928
1550.37597455	0.0252899472097
1550.69013381	0.0252898108058
1551.00429308	0.0252896702257
1551.31845234	0.0252895261998
1551.63261161	0.0252893836402
1551.94677087	0.025289242893
1552.26093014	0.0252890998416
1552.5750894	0.0252889611
1552.88924867	0.0252888270986
1553.20340793	0.0252886898608
1553.5175672	0.0252885514892
1553.83172647	0.0252884172919
1554.14588573	0.0252882797539
1554.460045	0.0252881372673
1554.77420426	0.0252879933607
1555.08836353	0.0252878453417
1555.40252279	0.0252877067368
1555.71668206	0.0252875729005
1556.03084132	0.0252874334326
1556.34500059	0.0252872945101
1556.65915985	0.0252871575285
1556.97331912	0.0252870195421
1557.28747838	0.0252868761139
1557.60163765	0.0252867265511
1557.91579692	0.0252865755773
1558.22995618	0.02528642578
1558.54411545	0.0252862798264
1558.85827471	0.0252861379675
1559.17243398	0.025285991255
1559.48659324	0.0252858388665
1559.80075251	0.0252856914535
1560.11491177	0.0252855476011
1560.42907104	0.0252853955326
1560.7432303	0.0252852433628
1561.05738957	0.0252850973953
1561.37154883	0.025284951349
1561.6857081	0.0252848095849
1561.99986736	0.0252846734026
1562.31402663	0.0252845375455
1562.6281859	0.0252844079913
1562.94234516	0.0252842753688
1563.25650443	0.0252841385928
1563.57066369	0.025283998425
1563.88482296	0.0252838563199
1564.19898222	0.0252837155409
1564.51314149	0.0252835721302
1564.82730075	0.0252834248939
1565.14146002	0.0252832852959
1565.45561928	0.0252831503531
1565.76977855	0.0252830088103
1566.08393781	0.025282866304
1566.39809708	0.025282728012
1566.71225635	0.0252825858399
1567.02641561	0.0252824409086
1567.34057488	0.0252822936608
1567.65473414	0.02528214501
1567.96889341	0.0252820106134
1568.28305267	0.0252818767179
1568.59721194	0.0252817328224
1568.9113712	0.0252815936804
1569.22553047	0.0252814586479
1569.53968973	0.0252813205428
1569.853849	0.0252811763384
1570.16800826	0.0252810264223
1570.48216753	0.0252808760594
1570.79632679	0.0252807272207
1571.11048606	0.0252805831668
1571.42464533	0.025280443703
1571.73880459	0.0252803012309
1572.05296386	0.0252801568436
1572.36712312	0.0252800180679
1572.68128239	0.0252798806829
1572.99544165	0.0252797378033
1573.30960092	0.0252795963311
1573.62376018	0.0252794587968
1573.93791945	0.0252793211462
1574.25207871	0.0252791936674
1574.56623798	0.0252790670098
1574.88039724	0.0252789375054
1575.19455651	0.0252788114307
1575.50871578	0.0252786805206
1575.82287504	0.0252785459899
1576.13703431	0.0252784084505
1576.45119357	0.0252782658393
1576.76535284	0.0252781191224
1577.0795121	0.0252779713165
1577.39367137	0.0252778262764
1577.70783063	0.025277686637
1578.0219899	0.0252775456942
1578.33614916	0.0252773998224
1578.65030843	0.0252772570781
1578.96446769	0.0252771164986
1579.27862696	0.0252769699404
1579.59278623	0.0252768213706
1579.90694549	0.0252766735018
1580.22110476	0.0252765277787
1580.53526402	0.0252763928768
1580.84942329	0.0252762566008
1581.16358255	0.0252761151363
1581.47774182	0.025275980486
1581.79190108	0.0252758429688
1582.10606035	0.0252757022296
1582.42021961	0.0252755562627
1582.73437888	0.0252754029591
1583.04853814	0.0252752514891
1583.36269741	0.0252751055003
1583.67685667	0.0252749678253
1583.99101594	0.0252748343201
1584.30517521	0.0252746981728
1584.61933447	0.0252745636212
1584.93349374	0.0252744349568
1585.247653	0.0252743063518
1585.56181227	0.0252741724151
1585.87597153	0.0252740406733
1586.1901308	0.0252739114761
1586.50429006	0.0252737815863
1586.81844933	0.025273661914
1587.13260859	0.0252735424973
1587.44676786	0.02527341775
1587.76092712	0.025273295921
1588.07508639	0.0252731689682
1588.38924566	0.0252730367382
1588.70340492	0.025272897921
1589.01756419	0.0252727540439
1589.33172345	0.0252726094659
1589.64588272	0.0252724616078
1589.96004198	0.0252723139457
1590.27420125	0.0252721729012
1590.58836051	0.0252720303268
1590.90251978	0.025271882439
1591.21667904	0.0252717383541
1591.53083831	0.0252715975569
1591.84499757	0.025271451416
1592.15915684	0.0252713048218
1592.4733161	0.0252711628646
1592.78747537	0.0252710193891
1593.10163464	0.0252708871872
1593.4157939	0.025270753275
1593.72995317	0.025270610368
1594.04411243	0.0252704733563
1594.3582717	0.0252703322389
1594.67243096	0.025270188447
1594.98659023	0.0252700371501
1595.30074949	0.0252698834097
1595.61490876	0.0252697380443
1595.92906802	0.0252695973633
1596.24322729	0.0252694640251
1596.55738655	0.0252693352432
1596.87154582	0.025269204688
1597.18570509	0.0252690767377
1597.49986435	0.0252689558108
1597.81402362	0.0252688338646
1598.12818288	0.0252687050458
1598.44234215	0.0252685780687
1598.75650141	0.0252684532509
1599.07066068	0.0252683275019
1599.38481994	0.0252682116274
1599.69897921	0.025268095994
1600.01313847	0.0252679739141
1600.32729774	0.025267853005
1600.641457	0.0252677245639
1600.95561627	0.0252675909615
1601.26977553	0.0252674528387
1601.5839348	0.0252673078
1601.89809407	0.0252671575761
1602.21225333	0.0252670055294
1602.5264126	0.0252668620929
1602.84057186	0.0252667243446
1603.15473113	0.0252665801308
1603.46889039	0.0252664345325
1603.78304966	0.0252662978755
1604.09720892	0.0252661621131
1604.41136819	0.0252660185685
1604.72552745	0.0252658755292
1605.03968672	0.0252657364302
1605.35384598	0.0252655934273
1605.66800525	0.0252654597918
1605.98216452	0.0252653256546
1606.29632378	0.0252651828791
1606.61048305	0.0252650449574
1606.92464231	0.0252649036192
1607.23880158	0.0252647583028
1607.55296084	0.0252646083308
1607.86712011	0.0252644594009
1608.18127937	0.0252643161753
1608.49543864	0.0252641755947
1608.8095979	0.0252640436214
1609.12375717	0.0252639171271
1609.43791643	0.025263789227
1609.7520757	0.0252636639825
1610.06623496	0.0252635469641
1610.38039423	0.0252634299839
1610.6945535	0.0252633050944
1611.00871276	0.0252631812069
1611.32287203	0.0252630591552
1611.63703129	0.0252629362446
1611.95119056	0.0252628184946
1612.26534982	0.0252627005688
1612.57950909	0.0252625765952
1612.89366835	0.0252624501232
1613.20782762	0.0252623188383
1613.52198688	0.0252621843238
1613.83614615	0.025262041603
1614.15030541	0.0252618896003
1614.46446468	0.0252617370687
1614.77862395	0.0252615926427
1615.09278321	0.0252614583912
1615.40694248	0.0252613222161
1615.72110174	0.0252611818516
1616.03526101	0.0252610471579
1616.34942027	0.0252609186136
1616.66357954	0.0252607844717
1616.9777388	0.0252606426355
1617.29189807	0.0252605049311
1617.60605733	0.025260367461
1617.9202166	0.025260224771
1618.23437586	0.0252600906416
1618.54853513	0.0252599603145
1618.86269439	0.0252598223487
1619.17685366	0.0252596866551
1619.49101293	0.0252595468537
1619.80517219	0.0252594040638
1620.11933146	0.0252592576527
1620.43349072	0.0252591103562
1620.74764999	0.025258967564
1621.06180925	0.0252588278796
1621.37596852	0.0252586973279
1621.69012778	0.025258572784
1622.00428705	0.0252584468383
1622.31844631	0.0252583243884
1622.63260558	0.0252582098368
1622.94676484	0.0252580943673
1623.26092411	0.025257971242
1623.57508338	0.0252578485185
1623.88924264	0.0252577240845
1624.20340191	0.0252575997157
1624.51756117	0.0252574770746
1624.83172044	0.0252573515108
1625.1458797	0.0252572225598
1625.46003897	0.0252570914814
1625.77419823	0.025256957208
1626.0883575	0.025256817442
1626.40251676	0.0252566708375
1626.71667603	0.0252565218126
1627.03083529	0.0252563762134
1627.34499456	0.0252562379952
1627.65915382	0.0252561090342
1627.97331309	0.0252559786765
1628.28747236	0.0252558447348
1628.60163162	0.0252557162167
1628.91579089	0.0252555932716
1629.22995015	0.0252554627732
1629.54410942	0.0252553262741
1629.85826868	0.0252551938059
1630.17242795	0.0252550598975
1630.48658721	0.0252549219387
1630.80074648	0.0252547908642
1631.11490574	0.025254663775
1631.42906501	0.0252545303485
1631.74322427	0.0252543968472
1632.05738354	0.0252542585001
1632.37154281	0.025254117252
1632.68570207	0.0252539736345
1632.99986134	0.0252538301479
1633.3140206	0.0252536905821
1633.62817987	0.0252535553614
1633.94233913	0.025253430702
1634.2564984	0.025253309998
1634.57065766	0.0252531867455
1634.88481693	0.0252530672237
1635.19897619	0.0252529532333
1635.51313546	0.0252528356483
1635.82729472	0.0252527110915
1636.14145399	0.0252525848216
1636.45561326	0.0252524550247
1636.76977252	0.0252523266822
1637.08393179	0.0252521995903
1637.39809105	0.0252520681654
1637.71225032	0.0252519351773
1638.02640958	0.0252518021393
1638.34056885	0.0252516652456
1638.65472811	0.025251523956
1638.96888738	0.0252513805738
1639.28304664	0.0252512356519
1639.59720591	0.0252510931599
1639.91136517	0.0252509592889
1640.22552444	0.02525083608
1640.5396837	0.0252507108291
1640.85384297	0.0252505818205
1641.16800224	0.0252504588201
1641.4821615	0.025250340532
1641.79632077	0.025250215262
1642.11048003	0.0252500838321
1642.4246393	0.0252499550296
1642.73879856	0.0252498245697
1643.05295783	0.0252496928409
1643.36711709	0.0252495637746
1643.68127636	0.0252494354597
1643.99543562	0.025249306243
1644.30959489	0.0252491728207
1644.62375415	0.0252490357523
1644.93791342	0.0252488972955
1645.25207269	0.025248757276
1645.56623195	0.0252486181606
1645.88039122	0.0252484821405
1646.19455048	0.0252483518517
1646.50870975	0.0252482322472
1646.82286901	0.0252481132524
1647.13702828	0.0252479899999
1647.45118754	0.025247870646
1647.76534681	0.0252477547087
1648.07950607	0.0252476320754
1648.39366534	0.0252475019635
1648.7078246	0.0252473712241
1649.02198387	0.0252472374662
1649.33614313	0.0252471051126
1649.6503024	0.02524697416
1649.96446167	0.0252468407845
1650.27862093	0.0252467074634
1650.5927802	0.0252465737657
1650.90693946	0.0252464364564
1651.22109873	0.0252462973117
1651.53525799	0.0252461558977
1651.84941726	0.0252460137876
1652.16357652	0.0252458765491
1652.47773579	0.0252457501703
1652.79189505	0.0252456335946
1653.10605432	0.0252455129367
1653.42021358	0.0252453909987
1653.73437285	0.0252452752374
1654.04853212	0.0252451611049
1654.36269138	0.0252450387273
1654.67685065	0.0252449113345
1654.99100991	0.0252447853168
1655.30516918	0.0252446565109
1655.61932844	0.0252445293016
1655.93348771	0.0252444037981
1656.24764697	0.0252442766734
1656.56180624	0.0252441508349
1656.8759655	0.0252440211833
1657.19012477	0.0252438882395
1657.50428403	0.0252437547346
1657.8184433	0.0252436197579
1658.13260256	0.0252434846123
1658.44676183	0.0252433515563
1658.7609211	0.0252432250423
1659.07508036	0.0252431076748
1659.38923963	0.0252429873544
1659.70339889	0.0252428622852
1660.01755816	0.025242741503
1660.33171742	0.0252426224022
1660.64587669	0.0252424944018
1660.96003595	0.025242359851
1661.27419522	0.0252422251309
1661.58835448	0.0252420889063
1661.90251375	0.0252419552794
1662.21667301	0.0252418221175
1662.53083228	0.025241686211
1662.84499155	0.025241553473
1663.15915081	0.0252414189393
1663.47331008	0.0252412823724
1663.78746934	0.0252411452765
1664.10162861	0.0252410061147
1664.41578787	0.0252408692701
1664.72994714	0.0252407386105
1665.0441064	0.0252406196289
1665.35826567	0.0252405083265
1665.67242493	0.0252403914108
1665.9865842	0.0252402743429
1666.30074346	0.025240163748
1666.61490273	0.025240052496
1666.92906199	0.0252399316553
1667.24322126	0.0252398068337
1667.55738053	0.0252396825932
1667.87153979	0.0252395553908
1668.18569906	0.0252394316958
1668.49985832	0.0252393099067
1668.81401759	0.0252391851772
1669.12817685	0.0252390632993
1669.44233612	0.0252389389175
1669.75649538	0.0252388111835
1670.07065465	0.0252386816142
1670.38481391	0.0252385505801
1670.69897318	0.0252384184491
1671.01313244	0.0252382870741
1671.32729171	0.0252381641564
1671.64145098	0.0252380490729
1671.95561024	0.0252379276134
1672.26976951	0.0252378021924
1672.58392877	0.0252376811657
1672.89808804	0.0252375597027
1673.2122473	0.025237428576
1673.52640657	0.025237292212
1673.84056583	0.0252371567423
1674.1547251	0.0252370193762
1674.46888436	0.025236885694
1674.78304363	0.0252367532502
1675.09720289	0.0252366168947
1675.41136216	0.0252364869001
1675.72552142	0.0252363551339
1676.03968069	0.0252362209472
1676.35383996	0.0252360869729
1676.66799922	0.0252359515556
1676.98215849	0.0252358188921
1677.29631775	0.0252356920193
1677.61047702	0.0252355761621
1677.92463628	0.0252354663919
1678.23879555	0.025235350854
1678.55295481	0.0252352355223
1678.86711408	0.025235126175
1679.18127334	0.0252350155411
1679.49543261	0.025234894202
1679.80959187	0.0252347691498
1680.12375114	0.0252346450594
1680.43791041	0.0252345187541
1680.75206967	0.025234398317
1681.06622894	0.0252342792654
1681.3803882	0.0252341555428
1681.69454747	0.0252340377273
1682.00870673	0.0252339171824
1682.322866	0.0252337918279
1682.63702526	0.0252336657534
1682.95118453	0.0252335370364
1683.26534379	0.0252334049209
1683.57950306	0.0252332749526
1683.89366232	0.0252331567214
1684.20782159	0.0252330427481
1684.52198085	0.0252329193413
1684.83614012	0.0252327945044
1685.15029939	0.0252326750054
1685.46445865	0.0252325530617
1685.77861792	0.0252324198281
1686.09277718	0.0252322842385
1686.40693645	0.0252321492062
1686.72109571	0.0252320110488
1687.03525498	0.0252318798019
1687.34941424	0.0252317503627
1687.66357351	0.0252316163757
1687.97773277	0.0252314909524
1688.29189204	0.0252313640415
1688.6060513	0.0252312334779
1688.92021057	0.0252311034321
1689.23436984	0.025230972602
1689.5485291	0.0252308427639
1689.86268837	0.0252307172238
1690.17684763	0.0252306025263
1690.4910069	0.0252304930174
1690.80516616	0.0252303766938
1691.11932543	0.0252302606759
1691.43348469	0.0252301505987
1691.74764396	0.0252300382366
1692.06180322	0.0252299150773
1692.37596249	0.0252297903904
1692.69012175	0.0252296664732
1693.00428102	0.0252295393661
1693.31844029	0.0252294214717
1693.63259955	0.0252293043683
1693.94675882	0.0252291811528
1694.26091808	0.0252290655364
1694.57507735	0.0252289464811
1694.88923661	0.0252288225555
1695.20339588	0.0252286978163
1695.51755514	0.0252285691304
1695.83171441	0.0252284380769
1696.14587367	0.0252283109649
1696.46003294	0.0252281959836
1696.7741922	0.0252280820428
1697.08835147	0.0252279584788
1697.40251073	0.0252278360035
1697.71667	0.0252277186534
1698.03082927	0.0252275967426
1698.34498853	0.0252274637042
1698.6591478	0.0252273308135
1698.97330706	0.0252271975552
1699.28746633	0.0252270615998
1699.60162559	0.025226935771
1699.91578486	0.0252268115347
1700.22994412	0.0252266820639
1700.54410339	0.0252265627793
1700.85826265	0.0252264404711
1701.17242192	0.0252263130902
1701.48658118	0.0252261870314
1701.80074045	0.025226058907
1702.11489972	0.0252259298478
1702.42905898	0.0252258045499
1702.74321825	0.025225690853
1703.05737751	0.0252255803861
1703.37153678	0.0252254621463
1703.68569604	0.0252253453173
1703.99985531	0.0252252339189
1704.31401457	0.0252251194054
1704.62817384	0.0252249951512
1704.9423331	0.0252248706751
1705.25649237	0.0252247458883
1705.57065163	0.0252246179027
1705.8848109	0.025224502349
1706.19897016	0.02522438678
1706.51312943	0.0252242635316
1706.8272887	0.0252241491481
1707.14144796	0.0252240317445
1707.45560723	0.0252239075429
1707.76976649	0.0252237829614
1708.08392576	0.0252236551093
1708.39808502	0.025223525127
1708.71224429	0.0252233999
1709.02640355	0.0252232868594
1709.34056282	0.0252231731513
1709.65472208	0.0252230503892
1709.96888135	0.0252229301239
1710.28304061	0.0252228145048
1710.59719988	0.0252226936046
1710.91135915	0.0252225630453
1711.22551841	0.0252224343249
1711.53967768	0.0252223053412
1711.85383694	0.0252221733968
1712.16799621	0.0252220553166
1712.48215547	0.0252219386536
1712.79631474	0.0252218148688
1713.110474	0.0252217007599
1713.42463327	0.0252215824017
1713.73879253	0.0252214577043
1714.0529518	0.0252213340999
1714.36711106	0.0252212071642
1714.68127033	0.0252210780856
1714.99542959	0.0252209539969
1715.30958886	0.0252208417571
1715.62374813	0.0252207298835
1715.93790739	0.0252206102752
1716.25206666	0.0252204933473
1716.56622592	0.0252203811363
1716.88038519	0.0252202647119
1717.19454445	0.0252201392601
1717.50870372	0.0252200146171
1717.82286298	0.0252198889079
1718.13702225	0.0252197613491
1718.45118151	0.0252196477716
1718.76534078	0.0252195330511
1719.07950004	0.0252194107215
1719.39365931	0.0252192984593
1719.70781858	0.0252191813676
1720.02197784	0.0252190568307
1720.33613711	0.0252189333686
1720.65029637	0.0252188057411
1720.96445564	0.0252186757675
1721.2786149	0.0252185524878
1721.59277417	0.0252184411193
1721.90693343	0.0252183274572
1722.2210927	0.0252182059039
1722.53525196	0.0252180884047
1722.84941123	0.0252179752016
1723.16357049	0.0252178570346
1723.47772976	0.0252177308869
1723.79188902	0.0252176074901
1724.10604829	0.02521748348
1724.42020756	0.0252173572613
1724.73436682	0.0252172456422
1725.04852609	0.0252171346093
1725.36268535	0.0252170156189
1725.67684462	0.025216904926
1725.99100388	0.0252167881346
1726.30516315	0.0252166650456
1726.61932241	0.0252165426798
1726.93348168	0.0252164160072
1727.24764094	0.025216287518
1727.56180021	0.0252161647013
1727.87595947	0.0252160533427
1728.19011874	0.0252159401155
1728.50427801	0.0252158194058
1728.81843727	0.0252157024249
1729.13259654	0.0252155895383
1729.4467558	0.0252154715734
1729.76091507	0.0252153455474
1730.07507433	0.0252152214272
1730.3892336	0.0252150964143
1730.70339286	0.0252149706647
1731.01755213	0.0252148577171
1731.33171139	0.0252147445285
1731.64587066	0.0252146246935
1731.96002992	0.0252145130463
1732.27418919	0.0252143947674
1732.58834845	0.0252142700604
1732.90250772	0.0252141461836
1733.21666699	0.0252140175015
1733.53082625	0.0252138878384
1733.84498552	0.0252137665671
1734.15914478	0.025213657297
1734.47330405	0.0252135443545
1734.78746331	0.0252134250492
1735.10162258	0.0252133115383
1735.41578184	0.0252132024454
1735.72994111	0.0252130881375
1736.04410037	0.0252129669508
1736.35825964	0.0252128486116
1736.6724189	0.0252127289339
1736.98657817	0.0252126087579
1737.30073744	0.0252125008708
1737.6148967	0.0252123931744
1737.92905597	0.0252122785992
1738.24321523	0.0252121704534
1738.5573745	0.025212054639
1738.87153376	0.0252119326508
1739.18569303	0.0252118105969
1739.49985229	0.0252116844642
1739.81401156	0.0252115560214
1740.12817082	0.0252114336619
1740.44233009	0.0252113231114
1740.75648935	0.0252112088854
1741.07064862	0.0252110875664
1741.38480788	0.0252109714143
1741.69896715	0.0252108591631
1742.01312642	0.0252107414178
1742.32728568	0.0252106168736
1742.64144495	0.0252104946107
1742.95560421	0.0252103715938
1743.26976348	0.0252102491464
1743.58392274	0.0252101359779
1743.89808201	0.0252100235181
1744.21224127	0.0252099056193
1744.52640054	0.0252097931409
1744.8405598	0.0252096731059
1745.15471907	0.0252095476977
1745.46887833	0.0252094223184
1745.7830376	0.0252092934263
1746.09719687	0.025209164506
1746.41135613	0.0252090456713
1746.7255154	0.0252089387789
1747.03967466	0.025208826439
1747.35383393	0.0252087098244
1747.66799319	0.0252086005981
1747.98215246	0.0252084949475
1748.29631172	0.0252083833207
1748.61047099	0.0252082661138
1748.92463025	0.0252081512596
1749.23878952	0.0252080350193
1749.55294878	0.0252079196283
1749.86710805	0.0252078134365
1750.18126731	0.0252077077661
1750.49542658	0.0252075966345
1750.80958585	0.025207489559
1751.12374511	0.025207373383
1751.43790438	0.0252072513678
1751.75206364	0.025207129674
1752.06622291	0.0252070030147
1752.38038217	0.0252068740764
1752.69454144	0.0252067543748
1753.0087007	0.0252066462306
1753.32285997	0.025206531623
1753.63701923	0.0252064123442
1753.9511785	0.0252062992254
1754.26533776	0.0252061893278
1754.57949703	0.0252060737564
1754.8936563	0.0252059520834
1755.20781556	0.0252058323098
1755.52197483	0.0252057111431
1755.83613409	0.025205591842
1756.15029336	0.0252054788652
1756.46445262	0.0252053660814
1756.77861189	0.0252052500759
1757.09277115	0.0252051371347
1757.40693042	0.0252050155466
1757.72108968	0.0252048896856
1758.03524895	0.0252047648837
1758.34940821	0.0252046363432
1758.66356748	0.0252045084387
1758.97772675	0.0252043921767
1759.29188601	0.0252042870382
1759.60604528	0.0252041754711
1759.92020454	0.0252040615173
1760.23436381	0.0252039550754
1760.54852307	0.0252038517316
1760.86268234	0.0252037422675
1761.1768416	0.0252036278061
1761.49100087	0.0252035151461
1761.80516013	0.0252034010682
1762.1193194	0.0252032897018
1762.43347866	0.0252031832722
1762.74763793	0.025203076099
1763.06179719	0.0252029663968
1763.37595646	0.0252028580963
1763.69011573	0.0252027394428
1764.00427499	0.0252026170201
1764.31843426	0.0252024948463
1764.63259352	0.0252023669474
1764.94675279	0.0252022396385
1765.26091205	0.0252021247516
1765.57507132	0.0252020190933
1765.88923058	0.0252019055933
1766.20338985	0.0252017899737
1766.51754911	0.0252016813047
1766.83170838	0.0252015747627
1767.14586764	0.0252014614939
1767.46002691	0.0252013431911
1767.77418618	0.0252012254654
1768.08834544	0.0252011057384
1768.40250471	0.0252009897563
1768.71666397	0.025200877586
1769.03082324	0.0252007641237
1769.3449825	0.0252006503056
1769.65914177	0.0252005377089
1769.97330103	0.0252004148476
1770.2874603	0.0252002899176
1770.60161956	0.0252001663393
1770.91577883	0.0252000376965
1771.22993809	0.0251999111664
1771.54409736	0.0251997986165
1771.85825662	0.0251996953077
1772.17241589	0.0251995846418
1772.48657516	0.0251994733648
1772.80073442	0.0251993695428
1773.11489369	0.0251992682122
1773.42905295	0.0251991602118
1773.74321222	0.0251990480602
1774.05737148	0.0251989361767
1774.37153075	0.0251988223328
1774.68569001	0.0251987126
1774.99984928	0.0251986052215
1775.31400854	0.0251984948835
1775.62816781	0.0251983853198
1775.94232707	0.02519827525
1776.25648634	0.0251981542318
1776.57064561	0.0251980320046
1776.88480487	0.0251979097473
1777.19896414	0.0251977824979
1777.5131234	0.0251976585067
1777.82728267	0.0251975483913
1778.14144193	0.0251974453212
1778.4556012	0.0251973339241
1778.76976046	0.025197222441
1779.08391973	0.0251971177944
1779.39807899	0.0251970144672
1779.71223826	0.0251969031951
1780.02639752	0.0251967884733
1780.34055679	0.0251966728305
1780.65471605	0.0251965548488
1780.96887532	0.0251964419146
1781.28303459	0.0251963312723
1781.59719385	0.0251962171652
1781.91135312	0.0251961052099
1782.22551238	0.0251959925159
1782.53967165	0.0251958693167
1782.85383091	0.0251957464648
1783.16799018	0.0251956237182
1783.48214944	0.0251954960099
1783.79630871	0.0251953728368
1784.11046797	0.0251952653908
1784.42462724	0.0251951642843
1784.7387865	0.0251950547081
1785.05294577	0.0251949463242
1785.36710504	0.0251948449791
1785.6812643	0.0251947448793
1785.99542357	0.0251946366464
1786.30958283	0.0251945257485
1786.6237421	0.0251944132463
1786.93790136	0.0251942980469
1787.25206063	0.0251941884525
1787.56621989	0.0251940801033
1787.88037916	0.0251939665766
1788.19453842	0.0251938567849
1788.50869769	0.0251937451652
1788.82285695	0.0251936229143
1789.13701622	0.0251935022123
1789.45117548	0.0251933805225
1789.76533475	0.025193254773
1790.07949402	0.0251931349958
1790.39365328	0.0251930304073
1790.70781255	0.0251929302378
1791.02197181	0.0251928214499
1791.33613108	0.0251927142765
1791.65029034	0.0251926134247
1791.96444961	0.0251925125016
1792.27860887	0.0251924031697
1792.59276814	0.0251922917636
1792.9069274	0.025192177483
1793.22108667	0.0251920606861
1793.53524593	0.0251919508774
1793.8494052	0.025191842072
1794.16356447	0.0251917268088
1794.47772373	0.0251916172384
1794.791883	0.02519150447
1795.10604226	0.0251913817368
1795.42020153	0.0251912619461
1795.73436079	0.0251911405901
1796.04852006	0.0251910154067
1796.36267932	0.025190897041
1796.67683859	0.0251907947243
1796.99099785	0.0251906958195
1797.30515712	0.0251905878874
1797.61931638	0.0251904822617
1797.93347565	0.025190382885
1798.24763491	0.0251902828084
1798.56179418	0.0251901740871
1798.87595345	0.0251900636382
1799.19011271	0.0251899493104
1799.50427198	0.025189832536
1799.81843124	0.0251897234602
1800.13259051	0.025189614362
1800.44674977	0.0251894981434
1800.76090904	0.0251893887158
1801.0750683	0.0251892759829
1801.38922757	0.0251891531587
1801.70338683	0.0251890349427
1802.0175461	0.025188914173
1802.33170536	0.0251887905716
1802.64586463	0.0251886757702
1802.9600239	0.0251885765981
1803.27418316	0.0251884790274
1803.58834243	0.0251883725146
1803.90250169	0.0251882691789
1804.21666096	0.0251881711874
1804.53082022	0.0251880717987
1804.84497949	0.0251879639396
1805.15913875	0.0251878544533
1805.47329802	0.0251877403393
1805.78745728	0.0251876241616
1806.10161655	0.0251875170206
1806.41577581	0.0251874097259
1806.72993508	0.0251872942624
1807.04409434	0.0251871866933
1807.35825361	0.0251870748518
1807.67241288	0.0251869533222
1807.98657214	0.0251868371253
1808.30073141	0.0251867178454
1808.61489067	0.0251865955118
1808.92904994	0.0251864821783
1809.2432092	0.0251863843915
1809.55736847	0.0251862870241
1809.87152773	0.0251861803431
1810.185687	0.0251860771764
1810.49984626	0.0251859786146
1810.81400553	0.0251858782433
1811.12816479	0.0251857688898
1811.44232406	0.0251856575693
1811.75648333	0.0251855417554
1812.07064259	0.0251854235997
1812.38480186	0.0251853153274
1812.69896112	0.0251852067232
1813.01312039	0.0251850886433
1813.32727965	0.0251849808695
1813.64143892	0.0251848678528
1813.95559818	0.0251847461089
1814.26975745	0.025184631064
1814.58391671	0.025184511661
1814.89807598	0.0251843905409
1815.21223524	0.0251842803404
1815.52639451	0.025184185458
1815.84055378	0.0251840890975
1816.15471304	0.0251839840795
1816.46887231	0.0251838835235
1816.78303157	0.0251837872384
1817.09719084	0.0251836884508
1817.4113501	0.0251835805127
1817.72550937	0.0251834713335
1818.03966863	0.0251833570214
1818.3538279	0.0251832407327
1818.66798716	0.0251831355698
1818.98214643	0.0251830298825
1819.29630569	0.0251829143249
1819.61046496	0.0251828094237
1819.92462422	0.0251826990248
1820.23878349	0.0251825796903
1820.55294276	0.0251824674543
1820.86710202	0.0251823504511
1821.18126129	0.0251822311818
1821.49542055	0.0251821226098
1821.80957982	0.0251820285823
1822.12373908	0.0251819316177
1822.43789835	0.0251818260023
1822.75205761	0.0251817241606
1823.06621688	0.025181626138
1823.38037614	0.0251815250174
1823.69453541	0.0251814144035
1824.00869467	0.0251813028309
1824.32285394	0.0251811860302
1824.63701321	0.0251810665406
1824.95117247	0.0251809600605
1825.26533174	0.0251808528558
1825.579491	0.0251807352022
1825.89365027	0.0251806288986
1826.20780953	0.0251805171538
1826.5219688	0.0251803977742
1826.83612806	0.0251802857495
1827.15028733	0.0251801681678
1827.46444659	0.0251800497974
1827.77860586	0.0251799440678
1828.09276512	0.0251798525035
1828.40692439	0.0251797561316
1828.72108365	0.0251796521835
1829.03524292	0.0251795527945
1829.34940219	0.0251794572143
1829.66356145	0.0251793573192
1829.97772072	0.025179248519
1830.29187998	0.0251791394697
1830.60603925	0.0251790243239
1830.92019851	0.0251789076972
1831.23435778	0.0251788049145
1831.54851704	0.0251787006745
1831.86267631	0.0251785859433
1832.17683557	0.0251784839594
1832.49099484	0.0251783748504
1832.8051541	0.0251782587778
1833.11931337	0.0251781500735
1833.43347264	0.0251780349344
1833.7476319	0.0251779187804
1834.06179117	0.025177814527
1834.37595043	0.0251777232055
1834.6901097	0.025177625965
1835.00426896	0.0251775212259
1835.31842823	0.0251774204112
1835.63258749	0.0251773230607
1835.94674676	0.0251772210393
1836.26090602	0.025177110362
1836.57506529	0.0251769991632
1836.88922455	0.025176881665
1837.20338382	0.025176762538
1837.51754308	0.0251766586312
1837.83170235	0.0251765535187
1838.14586162	0.025176437316
1838.46002088	0.0251763339771
1838.77418015	0.0251762239007
1839.08833941	0.0251761080605
1839.40249868	0.0251759992251
1839.71665794	0.0251758837237
1840.03081721	0.0251757684261
1840.34497647	0.02517566611
1840.65913574	0.0251755760064
1840.973295	0.0251754790449
1841.28745427	0.0251753753572
1841.60161353	0.025175276211
1841.9157728	0.0251751802422
1842.22993207	0.0251750787256
1842.54409133	0.0251749698061
1842.8582506	0.0251748604373
1843.17240986	0.025174744964
1843.48656913	0.0251746287541
1843.80072839	0.025174528144
1844.11488766	0.0251744262597
1844.42904692	0.0251743134765
1844.74320619	0.0251742136084
1845.05736545	0.0251741058961
1845.37152472	0.0251739933614
1845.68568398	0.0251738868034
1845.99984325	0.0251737730448
1846.31400251	0.0251736597183
1846.62816178	0.0251735591056
1846.94232105	0.0251734692855
1847.25648031	0.025173371553
1847.57063958	0.0251732675965
1847.88479884	0.025173167896
1848.19895811	0.0251730708417
1848.51311737	0.0251729680688
1848.82727664	0.0251728583115
1849.1414359	0.0251727471293
1849.45559517	0.0251726301362
1849.76975443	0.0251725132923
1850.0839137	0.025172412013
1850.39807296	0.0251723096892
1850.71223223	0.0251721968876
1851.0263915	0.0251720967344
1851.34055076	0.0251719888767
1851.65471003	0.025171877023
1851.96886929	0.0251717703935
1852.28302856	0.0251716567401
1852.59718782	0.0251715435859
1852.91134709	0.0251714435122
1853.22550635	0.0251713540062
1853.53966562	0.0251712558111
1853.85382488	0.0251711517214
1854.16798415	0.0251710526281
1854.48214341	0.0251709561243
1854.79630268	0.0251708536119
1855.11046194	0.0251707452047
1855.42462121	0.0251706356465
1855.73878048	0.0251705207538
1856.05293974	0.0251704070238
1856.36709901	0.0251703080608
1856.68125827	0.0251702077507
1856.99541754	0.0251700976137
1857.3095768	0.0251699996976
1857.62373607	0.0251698931993
1857.93789533	0.0251697838235
1858.2520546	0.025169678026
1858.56621386	0.0251695657715
1858.88037313	0.0251694548599
1859.19453239	0.025169356662
1859.50869166	0.0251692674137
1859.82285093	0.0251691689661
1860.13701019	0.0251690654047
1860.45116946	0.0251689662659
1860.76532872	0.0251688693162
1861.07948799	0.0251687662628
1861.39364725	0.0251686578501
1861.70780652	0.0251685475527
1862.02196578	0.0251684327365
1862.33612505	0.0251683204495
1862.65028431	0.0251682216193
1862.96444358	0.0251681218036
1863.27860284	0.0251680132864
1863.59276211	0.025167916076
1863.90692137	0.0251678096827
1864.22108064	0.0251677012088
1864.53523991	0.0251675953819
1864.84939917	0.0251674829197
1865.16355844	0.0251673712773
1865.4777177	0.0251672735645
1865.79187697	0.0251671840661
1866.10603623	0.0251670846128
1866.4201955	0.0251669807247
1866.73435476	0.0251668816523
1867.04851403	0.0251667850836
1867.36267329	0.0251666821281
1867.67683256	0.0251665747141
1867.99099182	0.0251664653081
1868.30515109	0.0251663519001
1868.61931036	0.0251662427522
1868.93346962	0.0251661445199
1869.24762889	0.0251660448162
1869.56178815	0.0251659386815
1869.87594742	0.0251658427042
1870.19010668	0.0251657368059
1870.50426595	0.0251656299448
1870.81842521	0.0251655243528
1871.13258448	0.0251654130808
1871.44674374	0.0251653031107
1871.76090301	0.0251652070753
1872.07506227	0.0251651175804
1872.38922154	0.0251650180471
1872.7033808	0.0251649150392
1873.01754007	0.0251648164199
1873.33169934	0.0251647201516
1873.6458586	0.0251646176063
1873.96001787	0.0251645113759
1874.27417713	0.0251644024702
1874.5883364	0.0251642906257
1874.90249566	0.0251641844674
1875.21665493	0.0251640871508
1875.53081419	0.0251639881858
1875.84497346	0.0251638845204
1876.15913272	0.0251637893165
1876.47329199	0.0251636834448
1876.78745125	0.0251635773526
1877.10161052	0.0251634718025
1877.41576979	0.0251633604495
1877.72992905	0.0251632502768
1878.04408832	0.0251631545942
1878.35824758	0.0251630649297
1878.67240685	0.0251629645082
1878.98656611	0.0251628612189
1879.30072538	0.0251627628184
1879.61488464	0.0251626667725
1879.92904391	0.025162564223
1880.24320317	0.0251624587277
1880.55736244	0.0251623502985
1880.8715217	0.0251622396166
1881.18568097	0.0251621360489
1881.49984024	0.0251620385732
1881.8139995	0.0251619386577
1882.12815877	0.0251618369471
1882.44231803	0.0251617416381
1882.7564773	0.0251616356
1883.07063656	0.0251615302185
1883.38479583	0.0251614241557
1883.69895509	0.0251613130741
1884.01311436	0.0251612042658
1884.32727362	0.0251611099846
1884.64143289	0.0251610203736
1884.95559215	0.0251609202259
1885.26975142	0.025160818228
1885.58391068	0.0251607211214
1885.89806995	0.0251606261883
1886.21222922	0.025160524745
1886.52638848	0.0251604211583
1886.84054775	0.0251603136069
1887.15470701	0.0251602049358
1887.46886628	0.0251601043866
1887.78302554	0.0251600079718
1888.09718481	0.0251599087664
1888.41134407	0.0251598095225
1888.72550334	0.0251597149813
1889.0396626	0.0251596091437
1889.35382187	0.0251595044951
1889.66798113	0.0251593987727
1889.9821404	0.0251592878245
1890.29629967	0.0251591792315
1890.61045893	0.0251590850741
1890.9246182	0.02515899488
1891.23877746	0.0251588941716
1891.55293673	0.0251587921064
1891.86709599	0.0251586951563
1892.18125526	0.02515860048
1892.49541452	0.025158499281
1892.80957379	0.0251583962857
1893.12373305	0.0251582892093
1893.43789232	0.02515818162
1893.75205158	0.0251580827386
1894.06621085	0.0251579863367
1894.38037011	0.0251578857411
1894.69452938	0.0251577874378
1895.00868865	0.0251576919286
1895.32284791	0.0251575853793
1895.63700718	0.0251574808765
1895.95116644	0.025157373858
1896.26532571	0.0251572628279
1896.57948497	0.0251571558154
1896.89364424	0.0251570632476
1897.2078035	0.0251569732779
1897.52196277	0.0251568732296
1897.83612203	0.0251567726991
1898.1502813	0.0251566776456
1898.46444056	0.0251565841594
1898.77859983	0.0251564840853
1899.0927591	0.025156383242
1899.40691836	0.0251562771119
1899.72107763	0.0251561715332
1900.03523689	0.0251560750903
1900.34939616	0.0251559800316
1900.66355542	0.0251558800673
1900.97771469	0.0251557838946
1901.29187395	0.0251556890948
1901.60603322	0.0251555829313
1901.92019248	0.0251554793327
1902.23435175	0.0251553723887
1902.54851101	0.0251552617867
1902.86267028	0.0251551555179
1903.17682954	0.025155063403
1903.49098881	0.0251549732167
1903.80514808	0.0251548731569
1904.11930734	0.0251547730487
1904.43346661	0.0251546784788
1904.74762587	0.025154585573
1905.06178514	0.0251544860347
1905.3759444	0.0251543858796
1905.69010367	0.0251542799147
1906.00426293	0.0251541750716
1906.3184222	0.0251540795312
1906.63258146	0.0251539845148
1906.94674073	0.0251538830927
1907.26089999	0.0251537871606
1907.57505926	0.025153691276
1907.88921853	0.0251535845227
1908.20337779	0.0251534806536
1908.51753706	0.025153372605
1908.83169632	0.0251532621581
1909.14585559	0.0251531572697
1909.46001485	0.025153066506
1909.77417412	0.0251529767613
1910.08833338	0.0251528775107
1910.40249265	0.0251527790092
1910.71665191	0.025152686219
1911.03081118	0.0251525944815
1911.34497044	0.0251524960564
1911.65912971	0.0251523976985
1911.97328897	0.0251522926145
1912.28744824	0.0251521895277
1912.60160751	0.0251520960254
1912.91576677	0.0251520020766
1913.22992604	0.025151900909
1913.5440853	0.025151806226
1913.85824457	0.0251517109556
1914.17240383	0.0251516044554
1914.4865631	0.025151500799
1914.80072236	0.0251513932289
1915.11488163	0.0251512840993
1915.42904089	0.0251511804706
1915.74320016	0.0251510908101
1916.05735942	0.0251510013821
1916.37151869	0.0251509027367
1916.68567796	0.0251508050778
1916.99983722	0.0251507132694
1917.31399649	0.0251506223418
1917.62815575	0.0251505245389
1917.94231502	0.0251504268723
1918.25647428	0.0251503219568
1918.57063355	0.0251502191482
1918.88479281	0.0251501267099
1919.19895208	0.0251500330225
1919.51311134	0.0251499304323
1919.82727061	0.0251498360376
1920.14142987	0.025149739803
1920.45558914	0.0251496330116
1920.7697484	0.0251495290973
1921.08390767	0.0251494208329
1921.39806694	0.0251493120735
1921.7122262	0.0251492095661
1922.02638547	0.0251491214745
1922.34054473	0.025149032581
1922.654704	0.0251489347357
1922.96886326	0.0251488385091
1923.28302253	0.0251487484127
1923.59718179	0.0251486583928
1923.91134106	0.0251485614594
1924.22550032	0.0251484650804
1924.53965959	0.0251483606966
1924.85381885	0.025148258756
1925.16797812	0.0251481679567
1925.48213739	0.0251480749774
1925.79629665	0.0251479718599
1926.11045592	0.0251478790183
1926.42461518	0.0251477825699
1926.73877445	0.0251476763398
1927.05293371	0.0251475730404
1927.36709298	0.0251474651545
1927.68125224	0.0251473578359
1927.99541151	0.0251472571425
1928.30957077	0.0251471706385
1928.62373004	0.0251470822182
1928.9378893	0.025146985417
1929.25204857	0.025146890518
1929.56620783	0.0251468016171
1929.8803671	0.0251467123147
1930.19452637	0.0251466161311
1930.50868563	0.0251465200907
1930.8228449	0.0251464156999
1931.13700416	0.0251463135371
1931.45116343	0.0251462236592
1931.76532269	0.0251461309715
1932.07948196	0.0251460271848
1932.39364122	0.0251459341967
1932.70780049	0.025145837313
1933.02195975	0.0251457311205
1933.33611902	0.0251456279318
1933.65027828	0.0251455201819
1933.96443755	0.0251454133044
1934.27859682	0.0251453140581
1934.59275608	0.0251452289446
1934.90691535	0.0251451408889
1935.22107461	0.0251450448759
1935.53523388	0.0251449511863
1935.84939314	0.0251448636262
1936.16355241	0.025144774897
1936.47771167	0.0251446792898
1936.79187094	0.0251445840144
1937.1060302	0.0251444801098
1937.42018947	0.0251443781756
1937.73434873	0.0251442894213
1938.048508	0.025144197027
1938.36266727	0.0251440928184
1938.67682653	0.025144000329
1938.9909858	0.0251439029445
1939.30514506	0.0251437975593
1939.61930433	0.0251436948212
1939.93346359	0.0251435874342
1940.24762286	0.0251434821633
1940.56178212	0.0251433856451
1940.87594139	0.0251433021813
1941.19010065	0.0251432149614
1941.50425992	0.0251431206066
1941.81841918	0.0251430283977
1942.13257845	0.0251429420008
1942.44673771	0.0251428538685
1942.76089698	0.02514275877
1943.07505625	0.0251426635488
1943.38921551	0.0251425596016
1943.70337478	0.0251424575738
1944.01753404	0.0251423694697
1944.33169331	0.0251422775925
1944.64585257	0.0251421728532
1944.96001184	0.0251420812125
1945.2741711	0.0251419834714
1945.58833037	0.0251418787317
1945.90248963	0.0251417765572
1946.2166489	0.0251416695208
1946.53080816	0.0251415649037
1946.84496743	0.0251414696635
1947.1591267	0.0251413872444
1947.47328596	0.0251413003271
1947.78744523	0.0251412066385
1948.10160449	0.0251411153522
1948.41576376	0.0251410299802
1948.72992302	0.0251409421068
1949.04408229	0.0251408473662
1949.35824155	0.0251407525251
1949.67240082	0.0251406486609
1949.98656008	0.0251405465115
1950.30071935	0.0251404589001
1950.61487861	0.0251403671306
1950.92903788	0.0251402621013
1951.24319714	0.0251401704409
1951.55735641	0.0251400727873
1951.87151568	0.0251399689946
1952.18567494	0.0251398674608
1952.49983421	0.0251397613848
1952.81399347	0.0251396584235
1953.12815274	0.0251395658551
1953.442312	0.0251394848405
1953.75647127	0.0251393985542
1954.07063053	0.0251393060001
1954.3847898	0.0251392159384
1954.69894906	0.0251391314749
1955.01310833	0.0251390435182
1955.32726759	0.0251389492668
1955.64142686	0.0251388544828
1955.95558613	0.0251387505501
1956.26974539	0.0251386486544
1956.58390466	0.0251385617297
1956.89806392	0.0251384702999
1957.21222319	0.0251383656182
1957.52638245	0.0251382747067
1957.84054172	0.0251381773844
1958.15470098	0.0251380745452
1958.46886025	0.025137973795
1958.78301951	0.0251378687651
1959.09717878	0.0251377665745
1959.41133804	0.0251376756488
1959.72549731	0.0251375956085
1960.03965657	0.025137509672
1960.35381584	0.0251374175397
1960.66797511	0.025137328207
1960.98213437	0.0251372443818
1961.29629364	0.0251371561324
1961.6104529	0.0251370620907
1961.92461217	0.0251369670526
1962.23877143	0.025136862932
1962.5529307	0.0251367610552
1962.86708996	0.02513667433
1963.18124923	0.025136582945
1963.49540849	0.0251364784247
1963.80956776	0.0251363881166
1964.12372702	0.0251362908874
1964.43788629	0.0251361894386
1964.75204556	0.025136089393
1965.06620482	0.0251359854751
1965.38036409	0.0251358846391
1965.69452335	0.0251357961348
1966.00868262	0.0251357173158
1966.32284188	0.0251356318736
1966.63700115	0.0251355406352
1966.95116041	0.0251354524877
1967.26531968	0.0251353691954
1967.57947894	0.0251352807191
1967.89363821	0.0251351872156
1968.20779747	0.0251350916334
1968.52195674	0.0251349873903
1968.836116	0.0251348862301
1969.15027527	0.0251347997975
1969.46443454	0.0251347084963
1969.7785938	0.025134604617
1970.09275307	0.0251345155463
1970.40691233	0.0251344187368
1970.7210716	0.0251343184966
1971.03523086	0.0251342197472
1971.34939013	0.025134117383
1971.66354939	0.025134017442
1971.97770866	0.0251339305434
1972.29186792	0.0251338523731
1972.60602719	0.0251337669684
1972.92018645	0.025133675873
1973.23434572	0.0251335881335
1973.54850499	0.0251335048471
1973.86266425	0.0251334160278
1974.17682352	0.0251333225877
1974.49098278	0.025133226606
1974.80514205	0.0251331226281
1975.11930131	0.0251330217998
1975.43346058	0.0251329354016
1975.74761984	0.0251328445304
1976.06177911	0.0251327413715
1976.37593837	0.025132652546
1976.69009764	0.0251325559858
1977.0042569	0.0251324571102
1977.31841617	0.0251323589228
1977.63257543	0.0251322577645
1977.9467347	0.0251321589942
1978.26089397	0.0251320743132
1978.57505323	0.0251319971904
1978.8892125	0.0251319120515
1979.20337176	0.0251318217099
1979.51753103	0.0251317349614
1979.83169029	0.0251316520387
1980.14584956	0.0251315628958
1980.46000882	0.0251314698818
1980.77416809	0.0251313733433
1981.08832735	0.0251312695952
1981.40248662	0.0251311697463
1981.71664588	0.0251310835196
1982.03080515	0.0251309931169
1982.34496442	0.0251308913335
1982.65912368	0.0251308038744
1982.97328295	0.0251307081419
1983.28744221	0.0251306106656
1983.60160148	0.025130513521
1983.91576074	0.0251304140936
1984.22992001	0.0251303162211
1984.54407927	0.0251302327868
1984.85823854	0.025130156091
1985.1723978	0.0251300706952
1985.48655707	0.0251299804292
1985.80071633	0.0251298938143
1986.1148756	0.0251298108177
1986.42903486	0.0251297214862
1986.74319413	0.0251296285541
1987.0573534	0.0251295315921
1987.37151266	0.0251294283197
1987.68567193	0.025129329201
1987.99983119	0.02512924297
1988.31399046	0.0251291530931
1988.62814972	0.0251290525072
1988.94230899	0.0251289655784
1989.25646825	0.0251288703342
1989.57062752	0.0251287741399
1989.88478678	0.0251286776488
1990.19894605	0.0251285794581
1990.51310531	0.0251284824026
1990.82726458	0.0251284005306
1991.14142385	0.0251283242227
1991.45558311	0.0251282386991
1991.76974238	0.0251281487234
1992.08390164	0.025128062489
1992.39806091	0.0251279795611
1992.71222017	0.0251278899383
1993.02637944	0.025127797357
1993.3405387	0.0251277002585
1993.65469797	0.0251275977576
1993.96885723	0.0251275000037
1994.2830165	0.0251274142615
1994.59717576	0.0251273250158
1994.91133503	0.0251272261148
1995.2254943	0.0251271402813
1995.53965356	0.0251270458603
1995.85381283	0.0251269508888
1996.16797209	0.0251268552546
1996.48213136	0.0251267587283
1996.79629062	0.0251266626981
1997.11044989	0.0251265820576
1997.42460915	0.0251265061414
1997.73876842	0.025126420361
1998.05292768	0.0251263305281
1998.36708695	0.0251262445199
1998.68124621	0.0251261614742
1998.99540548	0.0251260715179
1999.30956474	0.0251259791103
1999.62372401	0.0251258817744
1999.93788328	0.0251257800206
2000.25204254	0.025125683523
2000.56620181	0.0251255980642
2000.88036107	0.025125509308
2001.19452034	0.0251254121695
2001.5086796	0.0251253271633
2001.82283887	0.0251252334807
2002.13699813	0.0251251394331
2002.4511574	0.0251250444586
2002.76531666	0.0251249491291
2003.07947593	0.0251248536837
2003.39363519	0.025124773623
2003.70779446	0.0251246979779
2004.02195373	0.0251246119134
2004.33611299	0.0251245220799
2004.65027226	0.025124436481
2004.96443152	0.0251243535921
2005.27859079	0.0251242634868
2005.59275005	0.0251241715501
2005.90690932	0.0251240742852
2006.22106858	0.0251239734906
2006.53522785	0.0251238786968
2006.84938711	0.0251237935857
2007.16354638	0.0251237050964
2007.47770564	0.0251236098947
2007.79186491	0.0251235258442
2008.10602417	0.0251234328541
2008.42018344	0.0251233397013
2008.73434271	0.0251232456754
2009.04850197	0.0251231516731
2009.36266124	0.0251230573555
2009.6768205	0.0251229780049
2009.99097977	0.0251229024718
2010.30513903	0.0251228161966
2010.6192983	0.0251227264248
2010.93345756	0.0251226410658
2011.24761683	0.02512255827
2011.56177609	0.0251224680667
2011.87593536	0.025122376538
2012.19009462	0.025122279412
2012.50425389	0.025122179683
2012.81841316	0.0251220866064
2013.13257242	0.0251220019037
2013.44673169	0.0251219137123
2013.76089095	0.0251218203981
2014.07505022	0.0251217370605
2014.38920948	0.025121644514
2014.70336875	0.0251215518587
2015.01752801	0.0251214585372
2015.33168728	0.025121365246
2015.64584654	0.0251212712493
2015.96000581	0.0251211923456
2016.27416507	0.0251211167596
2016.58832434	0.0251210302178
2016.9024836	0.0251209403959
2017.21664287	0.0251208553986
2017.53080214	0.0251207729417
2017.8449614	0.0251206828448
2018.15912067	0.0251205920418
2018.47327993	0.0251204953936
2018.7874392	0.0251203969887
2019.10159846	0.025120305862
2019.41575773	0.0251202215064
2019.72991699	0.0251201334833
2020.04407626	0.0251200422495
2020.35823552	0.0251199594928
2020.67239479	0.0251198673939
2020.98655405	0.0251197753649
2021.30071332	0.0251196824982
2021.61487259	0.0251195900404
2021.92903185	0.0251194967675
2022.24319112	0.0251194187498
2022.55735038	0.0251193430986
2022.87150965	0.0251192564687
2023.18566891	0.0251191670387
2023.49982818	0.0251190825048
2023.81398744	0.0251190003514
2024.12814671	0.0251189104581
2024.44230597	0.0251188203428
2024.75646524	0.0251187239514
2025.0706245	0.025118626867
2025.38478377	0.0251185374964
2025.69894303	0.0251184535923
2026.0131023	0.0251183657498
2026.32726157	0.0251182765308
2026.64142083	0.0251181944424
2026.9555801	0.0251181026421
2027.26973936	0.0251180109519
2027.58389863	0.0251179186743
2027.89805789	0.0251178267969
2028.21221716	0.025117733522
2028.52637642	0.0251176556878
2028.84053569	0.0251175798019
2029.15469495	0.0251174927846
2029.46885422	0.0251174033135
2029.78301348	0.0251173191635
2030.09717275	0.0251172374499
2030.41133202	0.0251171478561
2030.72549128	0.0251170585756
2031.03965055	0.0251169629337
2031.35380981	0.0251168673245
2031.66796908	0.0251167797421
2031.98212834	0.0251166962575
2032.29628761	0.0251166083445
2032.61044687	0.0251165208996
2032.92460614	0.0251164387503
2033.2387654	0.0251163472571
2033.55292467	0.0251162559621
2033.86708393	0.0251161639161
2034.1812432	0.0251160725884
2034.49540246	0.0251159800974
2034.80956173	0.0251159031417
2035.123721	0.025115827292
2035.43788026	0.0251157403707
2035.75203953	0.0251156514032
2036.06619879	0.0251155680706
2036.38035806	0.0251154867923
2036.69451732	0.0251153975217
2037.00867659	0.0251153091827
2037.32283585	0.0251152140169
2037.63699512	0.0251151198314
2037.95115438	0.0251150339281
2038.26531365	0.0251149508844
2038.57947291	0.0251148630872
2038.89363218	0.0251147775046
2039.20779145	0.0251146955658
2039.52195071	0.0251146044089
2039.83610998	0.0251145132208
2040.15026924	0.0251144216478
2040.46442851	0.0251143307633
2040.77858777	0.025114238484
2041.09274704	0.0251141619354
2041.4069063	0.0251140860237
2041.72106557	0.0251139991526
2042.03522483	0.0251139104517
2042.3493841	0.0251138279147
2042.66354336	0.0251137472157
2042.97770263	0.0251136584494
2043.29186189	0.0251135710566
2043.60602116	0.0251134765195
2043.92018043	0.0251133835509
2044.23433969	0.0251132990616
2044.54849896	0.0251132164086
2044.86265822	0.0251131283763
2045.17681749	0.0251130442777
2045.49097675	0.0251129621588
2045.80513602	0.0251128712854
2046.11929528	0.0251127803365
2046.43345455	0.0251126888606
2046.74761381	0.0251125982637
2047.06177308	0.0251125067055
2047.37593234	0.0251124309205
2047.69009161	0.0251123550668
2048.00425088	0.0251122684517
2048.31841014	0.0251121804883
2048.63256941	0.0251120989969
2048.94672867	0.0251120189565
2049.26088794	0.0251119308484
2049.5750472	0.0251118444454
2049.88920647	0.0251117504894
2050.20336573	0.0251116586529
2050.517525	0.0251115755179
2050.83168426	0.0251114934146
2051.14584353	0.0251114052216
2051.46000279	0.0251113223087
2051.77416206	0.0251112402569
2052.08832132	0.0251111494961
2052.40248059	0.0251110586426
2052.71663986	0.0251109675124
2053.03079912	0.0251108774425
2053.34495839	0.0251107865853
2053.65911765	0.0251107114109
2053.97327692	0.0251106356781
2054.28743618	0.0251105492997
2054.60159545	0.0251104618878
2054.91575471	0.0251103813002
2055.22991398	0.0251103019584
2055.54407324	0.0251102143693
2055.85823251	0.0251101287714
2056.17239177	0.0251100356512
2056.48655104	0.0251099448601
2056.80071031	0.0251098628776
2057.11486957	0.025109781452
2057.42902884	0.025109692962
2057.7431881	0.0251096110683
2058.05734737	0.0251095287245
2058.37150663	0.0251094380801
2058.6856659	0.025109347347
2058.99982516	0.0251092561722
2059.31398443	0.0251091662821
2059.62814369	0.0251090763972
2059.94230296	0.025109002175
2060.25646222	0.0251089267261
2060.57062149	0.0251088408629
2060.88478076	0.0251087544466
2061.19894002	0.0251086751189
2061.51309929	0.0251085965847
2061.82725855	0.0251085096622
2062.14141782	0.0251084248685
2062.45557708	0.0251083322088
2062.76973635	0.0251082422922
2063.08389561	0.0251081613573
2063.39805488	0.0251080804382
2063.71221414	0.0251079916205
2064.02637341	0.02510791094
2064.34053267	0.0251078285351
2064.65469194	0.0251077381685
2064.9688512	0.025107647886
2065.28301047	0.0251075569424
2065.59716974	0.0251074674817
2065.911329	0.025107378647
2066.22548827	0.0251073051398
2066.53964753	0.0251072299401
2066.8538068	0.0251071443443
2067.16796606	0.0251070587662
2067.48212533	0.0251069803981
2067.79628459	0.0251069024936
2068.11044386	0.0251068162324
2068.42460312	0.0251067319595
2068.73876239	0.0251066398117
2069.05292165	0.0251065505259
2069.36708092	0.0251064704857
2069.68124019	0.0251063900259
2069.99539945	0.0251063006399
2070.30955872	0.0251062209454
2070.62371798	0.0251061379982
2070.93787725	0.0251060478455
2071.25203651	0.0251059581231
2071.56619578	0.0251058672444
2071.88035504	0.0251057781494
2072.19451431	0.0251056904737
2072.50867357	0.0251056179201
2072.82283284	0.0251055431485
2073.1369921	0.0251054579861
2073.45115137	0.0251053734437
2073.76531063	0.0251052962015
2074.0794699	0.0251052189158
2074.39362917	0.0251051333001
2074.70778843	0.0251050495704
2075.0219477	0.0251049579254
2075.33610696	0.0251048691245
2075.65026623	0.0251047899773
2075.96442549	0.0251047100414
2076.27858476	0.0251046203509
2076.59274402	0.0251045414718
2076.90690329	0.0251044581715
2077.22106255	0.0251043683899
2077.53522182	0.0251042792583
2077.84938108	0.0251041886575
2078.16354035	0.0251041001
2078.47769962	0.0251040139842
2078.79185888	0.0251039426559
2079.10601815	0.0251038683466
2079.42017741	0.02510378387
2079.73433668	0.0251037004715
2080.04849594	0.0251036243622
2080.36265521	0.0251035474976
2080.67681447	0.0251034624624
2080.99097374	0.0251033789849
2081.305133	0.0251032875001
2081.61929227	0.0251031989532
2081.93345153	0.0251031203987
2082.2476108	0.0251030407519
2082.56177006	0.0251029510982
2082.87592933	0.0251028726995
2083.1900886	0.0251027894938
2083.50424786	0.0251027000675
2083.81840713	0.0251026115503
2084.13256639	0.0251025214374
2084.44672566	0.0251024330862
2084.76088492	0.0251023481608
2085.07504419	0.0251022778544
2085.38920345	0.0251022038476
2085.70336272	0.025102119844
2086.01752198	0.025102037458
2086.33168125	0.0251019625074
2086.64584051	0.025101886044
2086.95999978	0.0251018015725
2087.27415905	0.0251017185006
2087.58831831	0.025101627373
2087.90247758	0.0251015387901
2088.21663684	0.0251014609976
2088.53079611	0.025101381842
2088.84495537	0.0251012918046
2089.15911464	0.0251012140402
2089.4732739	0.0251011304618
2089.78743317	0.0251010416868
2090.10159243	0.025100954014
2090.4157517	0.0251008642633
2090.72991096	0.025100776656
2091.04407023	0.0251006934654
2091.35822949	0.0251006243601
2091.67238876	0.0251005507452
2091.98654803	0.0251004673386
2092.30070729	0.0251003860557
2092.61486656	0.0251003120036
2092.92902582	0.0251002356677
2093.24318509	0.0251001515659
2093.55734435	0.0251000686015
2093.87150362	0.0250999777499
2094.18566288	0.0250998889842
2094.49982215	0.0250998118649
2094.81398141	0.0250997334413
2095.12814068	0.0250996431447
2095.44229994	0.0250995662288
2095.75645921	0.025099482602
2096.07061848	0.0250993945503
2096.38477774	0.0250993078053
2096.69893701	0.0250992185463
2097.01309627	0.0250991313744
2097.32725554	0.025099049681
2097.6414148	0.0250989816137
2097.95557407	0.0250989083142
2098.26973333	0.0250988253883
2098.5838926	0.0250987450866
2098.89805186	0.0250986718399
2099.21221113	0.0250985956161
2099.52637039	0.0250985117849
2099.84052966	0.0250984289767
2100.15468892	0.0250983383576
2100.46884819	0.0250982492277
2100.78300746	0.0250981727354
2101.09716672	0.0250980949694
2101.41132599	0.0250980049026
2101.72548525	0.025097928321
2102.03964452	0.025097845162
2102.35380378	0.0250977580184
2102.66796305	0.0250976721211
2102.98212231	0.02509758369
2103.29628158	0.0250974971468
2103.61044084	0.0250974172834
2103.92460011	0.0250973502812
2104.23875937	0.0250972771633
2104.55291864	0.0250971948416
2104.86707791	0.0250971155422
2105.18123717	0.0250970428427
2105.49539644	0.0250969666084
2105.8095557	0.0250968829689
2106.12371497	0.0250968001326
2106.43787423	0.0250967094862
2106.7520335	0.0250966201677
2107.06619276	0.0250965442544
2107.38035203	0.0250964669292
2107.69451129	0.0250963770311
2108.00867056	0.0250963011533
2108.32282982	0.0250962184048
2108.63698909	0.0250961322272
2108.95114835	0.0250960473876
2109.26530762	0.0250959599468
2109.57946689	0.0250958740447
2109.89362615	0.0250957957078
2110.20778542	0.0250957295223
2110.52194468	0.0250956565772
2110.83610395	0.0250955745651
2111.15026321	0.0250954959163
2111.46442248	0.0250954235688
2111.77858174	0.0250953473548
2112.09274101	0.0250952637576
2112.40690027	0.0250951809829
2112.72105954	0.0250950905389
2113.0352188	0.025095000907
2113.34937807	0.0250949257608
2113.66353734	0.0250948491976
2113.9776966	0.0250947593871
2114.29185587	0.0250946843088
2114.60601513	0.0250946014832
2114.9201744	0.0250945165002
2115.23433366	0.025094432569
2115.54849293	0.0250943458688
2115.86265219	0.0250942606708
2116.17681146	0.0250941841381
2116.49097072	0.0250941189081
2116.80512999	0.025094046263
2117.11928925	0.0250939647898
2117.43344852	0.0250938869677
2117.74760779	0.0250938150852
2118.06176705	0.0250937387749
2118.37592632	0.0250936552911
2118.69008558	0.0250935724271
2119.00424485	0.0250934819979
2119.31840411	0.0250933923436
2119.63256338	0.0250933178233
2119.94672264	0.0250932419853
2120.26088191	0.0250931528821
2120.57504117	0.0250930786204
2120.88920044	0.0250929964681
2121.2033597	0.0250929125032
2121.51751897	0.0250928296008
2121.83167823	0.0250927440791
2122.1458375	0.025092659335
2122.45999677	0.0250925841501
2122.77415603	0.0250925195555
2123.0883153	0.0250924469909
2123.40247456	0.0250923656885
2123.71663383	0.0250922883007
2124.03079309	0.0250922168262
2124.34495236	0.0250921403181
2124.65911162	0.0250920569125
2124.97327089	0.0250919740017
2125.28743015	0.0250918837899
2125.60158942	0.0250917941307
2125.91574868	0.0250917202736
2126.22990795	0.02509164524
2126.54406722	0.0250915569169
2126.85822648	0.0250914833528
2127.17238575	0.0250914017755
2127.48654501	0.0250913188395
2127.80070428	0.0250912369347
2128.11486354	0.0250911525541
2128.42902281	0.0250910681871
2128.74318207	0.025090994255
2129.05734134	0.0250909302468
2129.3715006	0.025090857641
2129.68565987	0.025090776348
2129.99981913	0.0250906994303
2130.3139784	0.0250906283645
2130.62813766	0.0250905515985
2130.94229693	0.0250904683111
2131.2564562	0.0250903854314
2131.57061546	0.0250902956059
2131.88477473	0.0250902061846
2132.19893399	0.0250901331129
2132.51309326	0.0250900589069
2132.82725252	0.025089971601
2133.14141179	0.0250898987895
2133.45557105	0.0250898177841
2133.76973032	0.0250897360468
2134.08388958	0.0250896550797
2134.39804885	0.0250895718627
2134.71220811	0.0250894878621
2135.02636738	0.0250894151932
2135.34052665	0.0250893517287
2135.65468591	0.0250892789606
2135.96884518	0.0250891976346
2136.28300444	0.0250891211559
2136.59716371	0.0250890503333
2136.91132297	0.0250889731592
2137.22548224	0.0250888899718
2137.5396415	0.0250888071279
2137.85380077	0.0250887177399
2138.16796003	0.0250886287132
2138.4821193	0.0250885563655
2138.79627856	0.0250884830772
2139.11043783	0.0250883969863
2139.42459709	0.0250883250204
2139.73875636	0.025088244649
2140.05291563	0.0250881641223
2140.36707489	0.0250880838931
2140.68123416	0.0250880016179
2140.99539342	0.0250879177083
2141.30955269	0.0250878460697
2141.62371195	0.025087783068
2141.93787122	0.0250877099765
2142.25203048	0.0250876287185
2142.56618975	0.0250875528144
2142.88034901	0.0250874822623
2143.19450828	0.0250874047983
2143.50866754	0.0250873219274
2143.82282681	0.0250872392138
2144.13698608	0.0250871502651
2144.45114534	0.0250870618601
2144.76530461	0.0250869900879
2145.07946387	0.02508691761
2145.39362314	0.0250868327922
2145.7077824	0.0250867616517
2146.02194167	0.0250866818987
2146.33610093	0.0250866024839
2146.6502602	0.0250865230501
2146.96441946	0.0250864417907
2147.27857873	0.0250863582186
2147.59273799	0.0250862873166
2147.90689726	0.0250862247856
2148.22105652	0.02508615119
2148.53521579	0.0250860698878
2148.84937506	0.025085994441
2149.16353432	0.0250859239773
2149.47769359	0.0250858463473
2149.79185285	0.0250857638092
2150.10601212	0.0250856812631
2150.42017138	0.0250855930115
2150.73433065	0.0250855053845
2151.04848991	0.0250854342459
2151.36264918	0.0250853626138
2151.67680844	0.0250852790483
2151.99096771	0.0250852086084
2152.30512697	0.0250851292656
2152.61928624	0.0250850506343
2152.93344551	0.0250849719228
2153.24760477	0.0250848914888
2153.56176404	0.0250848080468
2153.8759233	0.0250847377381
2154.19008257	0.0250846756768
2154.50424183	0.025084601588
2154.8184011	0.0250845202794
2155.13256036	0.0250844453542
2155.44671963	0.025084375098
2155.76087889	0.0250842974319
2156.07503816	0.0250842154453
2156.38919742	0.0250841332612
2156.70335669	0.025084045839
2157.01751595	0.0250839592893
2157.33167522	0.0250838887128
2157.64583449	0.0250838179517
2157.95999375	0.0250837359548
2158.27415302	0.0250836661286
2158.58831228	0.0250835871459
2158.90247155	0.0250835092784
2159.21663081	0.0250834311818
2159.53079008	0.0250833512538
2159.84494934	0.0250832679639
2160.15910861	0.025083198405
2160.47326787	0.0250831366165
2160.78742714	0.025083062084
2161.1015864	0.0250829809875
2161.41574567	0.0250829066171
2161.72990494	0.0250828366194
2162.0440642	0.0250827590069
2162.35822347	0.0250826777046
2162.67238273	0.0250825957257
2162.986542	0.0250825090731
2163.30070126	0.0250824236316
2163.61486053	0.0250823535588
2163.92901979	0.0250822835121
2164.24317906	0.0250822029952
2164.55733832	0.0250821339863
2164.87149759	0.0250820554328
2165.18565685	0.0250819780985
2165.49981612	0.0250819007577
2165.81397538	0.025081821418
2166.12813465	0.0250817378492
2166.44229392	0.0250816689542
2166.75645318	0.0250816070233
2167.07061245	0.0250815319942
2167.38477171	0.0250814509562
2167.69893098	0.0250813769094
2168.01309024	0.0250813072782
2168.32724951	0.0250812298327
2168.64140877	0.0250811492477
2168.95556804	0.0250810678015
2169.2697273	0.0250809821289
2169.58388657	0.0250808979763
2169.89804583	0.0250808283651
2170.2122051	0.0250807590312
2170.52636437	0.0250806800192
2170.84052363	0.0250806113299
2171.1546829	0.0250805329508
2171.46884216	0.0250804559071
2171.78300143	0.0250803792291
2172.09716069	0.0250803005652
2172.41131996	0.0250802167093
2172.72547922	0.0250801491038
2173.03963849	0.0250800868995
2173.35379775	0.0250800116262
2173.66795702	0.0250799309143
2173.98211628	0.0250798572892
2174.29627555	0.0250797881504
2174.61043482	0.0250797107973
2174.92459408	0.025079630955
2175.23875335	0.0250795500558
2175.55291261	0.0250794653312
2175.86707188	0.0250793825617
2176.18123114	0.025079313383
2176.49539041	0.0250792446491
2176.80954967	0.0250791672723
2177.12370894	0.0250790988261
2177.4378682	0.0250790207069
2177.75202747	0.0250789438035
2178.06618673	0.0250788676428
2178.380346	0.0250787895546
2178.69450526	0.0250787057473
2179.00866453	0.0250786388526
2179.3228238	0.0250785767642
2179.63698306	0.0250785010437
2179.95114233	0.025078420702
2180.26530159	0.0250783478421
2180.57946086	0.0250782792271
2180.89362012	0.0250782022197
2181.20777939	0.0250781232
2181.52193865	0.0250780427755
2181.83609792	0.0250779589335
2182.15025718	0.0250778774588
2182.46441645	0.0250778085929
2182.77857571	0.0250777402927
2183.09273498	0.0250776644731
2183.40689425	0.0250775961259
2183.72105351	0.0250775182244
2184.03521278	0.0250774414949
2184.34937204	0.0250773657255
2184.66353131	0.0250772880044
2184.97769057	0.0250772043354
2185.29184984	0.025077138221
2185.6060091	0.0250770762241
2185.92016837	0.0250770002013
2186.23432763	0.0250769203707
2186.5484869	0.0250768483086
2186.86264616	0.0250767803004
2187.17680543	0.0250767037404
2187.49096469	0.0250766256112
2187.80512396	0.0250765457554
2188.11928323	0.0250764627472
2188.43344249	0.0250763824108
2188.74760176	0.025076313812
2189.06176102	0.0250762458272
2189.37592029	0.0250761713888
2189.69007955	0.0250761030803
2190.00423882	0.0250760252705
2190.31839808	0.0250759485964
2190.63255735	0.0250758732259
2190.94671661	0.0250757959394
2191.26087588	0.0250757125158
2191.57503514	0.025075647224
2191.88919441	0.025075585281
2192.20335368	0.0250755091039
2192.51751294	0.0250754297501
2192.83167221	0.0250753584285
2193.14583147	0.0250752910221
2193.45999074	0.0250752148787
2193.77415	0.0250751375071
2194.08830927	0.0250750583438
2194.40246853	0.0250749763273
2194.7166278	0.0250748973979
2195.03078706	0.0250748290937
2195.34494633	0.0250747612753
2195.65910559	0.0250746882285
2195.97326486	0.0250746196931
2196.28742412	0.0250745419239
2196.60158339	0.0250744652317
2196.91574266	0.0250743900649
2197.22990192	0.0250743129831
2197.54406119	0.0250742298457
2197.85822045	0.0250741656316
2198.17237972	0.0250741038494
2198.48653898	0.0250740276919
2198.80069825	0.0250739491113
2199.11485751	0.0250738788443
2199.42901678	0.0250738120865
2199.74317604	0.0250737363615
2200.05733531	0.0250736598455
2200.37149457	0.0250735811826
2200.68565384	0.0250734999207
2200.99981311	0.0250734222003
2201.31397237	0.0250733540869
2201.62813164	0.0250732863335
2201.9422909	0.02507321454
2202.25645017	0.0250731460305
2202.57060943	0.0250730685374
2202.8847687	0.0250729920359
2203.19892796	0.0250729172228
2203.51308723	0.0250728404899
2203.82724649	0.0250727576596
2204.14140576	0.0250726944225
2204.45556502	0.0250726325665
2204.76972429	0.0250725564112
2205.08388355	0.025072478511
2205.39804282	0.02507240909
2205.71220209	0.0250723430279
2206.02636135	0.0250722677605
2206.34052062	0.0250721919842
2206.65467988	0.0250721138079
2206.96883915	0.0250720332901
2207.28299841	0.0250719567195
2207.59715768	0.0250718887026
2207.91131694	0.0250718209117
2208.22547621	0.0250717501136
2208.53963547	0.0250716814367
2208.85379474	0.0250716041042
2209.167954	0.0250715279111
2209.48211327	0.0250714534408
2209.79627254	0.0250713771627
2210.1104318	0.0250712948066
2210.42459107	0.0250712326629
2210.73875033	0.0250711708591
2211.0529096	0.0250710948071
2211.36706886	0.0250710177505
2211.68122813	0.0250709492744
2211.99538739	0.0250708838265
2212.30954666	0.0250708088821
2212.62370592	0.0250707338637
2212.93786519	0.0250706561013
2213.25202445	0.0250705762839
2213.56618372	0.0250705008853
2213.88034298	0.0250704329892
2214.19450225	0.0250703650007
2214.50866152	0.0250702952634
2214.82282078	0.0250702262539
2215.13698005	0.0250701492126
2215.45113931	0.0250700732781
2215.76529858	0.0250699990653
2216.07945784	0.0250699232912
2216.39361711	0.0250698418467
2216.70777637	0.0250697808168
2217.02193564	0.0250697191563
2217.3360949	0.0250696434502
2217.65025417	0.0250695673637
2217.96441343	0.0250694999582
2218.2785727	0.0250694351405
2218.59273197	0.0250693603884
2218.90689123	0.0250692861416
2219.2210505	0.0250692085393
2219.53520976	0.0250691293221
2219.84936903	0.0250690548564
2220.16352829	0.0250689870285
2220.47768756	0.0250689187982
2220.79184682	0.0250688500427
2221.10600609	0.0250687808216
2221.42016535	0.025068704128
2221.73432462	0.0250686284696
2222.04848388	0.0250685546745
2222.36264315	0.0250684793643
2222.67680241	0.0250683987361
2222.99096168	0.0250683386572
2223.30512095	0.0250682771581
2223.61928021	0.0250682017617
2223.93343948	0.0250681265178
2224.24759874	0.0250680601598
2224.56175801	0.0250679959946
2224.87591727	0.0250679215396
2225.19007654	0.0250678479321
2225.5042358	0.0250677706302
2225.81839507	0.0250676919561
2226.13255433	0.0250676183394
2226.4467136	0.0250675506258
2226.76087286	0.0250674821283
2227.07503213	0.025067414272
2227.3891914	0.0250673446892
2227.70335066	0.0250672683372
2228.01750993	0.0250671930193
2228.33166919	0.0250671196852
2228.64582846	0.0250670451835
2228.95998772	0.0250669653254
2229.27414699	0.0250669064871
2229.58830625	0.0250668449836
2229.90246552	0.0250667698672
2230.21662478	0.0250666955756
2230.53078405	0.0250666300783
2230.84494331	0.025066566445
2231.15910258	0.0250664921596
2231.47326184	0.0250664189943
2231.78742111	0.0250663419665
2232.10158038	0.0250662638391
2232.41573964	0.0250661910752
2232.72989891	0.0250661236184
2233.04405817	0.0250660547897
2233.35821744	0.025065987891
2233.6723767	0.0250659179831
2233.98653597	0.0250658420351
2234.30069523	0.0250657669005
2234.6148545	0.0250656942084
2234.92901376	0.0250656205654
2235.24317303	0.0250655414808
2235.55733229	0.0250654839371
2235.87149156	0.0250654224174
2236.18565083	0.0250653476077
2236.49981009	0.025065274206
2236.81396936	0.0250652095506
2237.12812862	0.0250651463167
2237.44228789	0.0250650720599
2237.75644715	0.0250649993502
2238.07060642	0.0250649225107
2238.38476568	0.0250648448128
2238.69892495	0.0250647729389
2239.01308421	0.0250647059192
2239.32724348	0.0250646367188
2239.64140274	0.0250645709592
2239.95556201	0.0250645007491
2240.26972128	0.0250644254714
2240.58388054	0.0250643506505
2240.89803981	0.0250642784576
2241.21219907	0.0250642055405
2241.52635834	0.025064127575
2241.8405176	0.0250640711469
2242.15467687	0.0250640096056
2242.46883613	0.0250639352161
2242.7829954	0.0250638626662
2243.09715466	0.025063798821
2243.41131393	0.0250637358583
2243.72547319	0.0250636615493
2244.03963246	0.0250635891841
2244.35379172	0.0250635123503
2244.66795099	0.0250634348689
2244.98211026	0.0250633638154
2245.29626952	0.0250632971866
2245.61042879	0.0250632275188
2245.92458805	0.0250631629571
2246.23874732	0.0250630925596
2246.55290658	0.0250630180206
2246.86706585	0.0250629437302
2247.18122511	0.0250628722099
2247.49538438	0.0250628000804
2247.80954364	0.0250627231881
2248.12370291	0.0250626676438
2248.43786217	0.0250626060279
2248.75202144	0.0250625319001
2249.06618071	0.0250624599587
2249.38033997	0.0250623967984
2249.69449924	0.0250623340316
2250.0086585	0.0250622596026
2250.32281777	0.0250621875459
2250.63697703	0.0250621109877
2250.9511363	0.0250620337506
2251.26529556	0.0250619635401
2251.57945483	0.0250618975413
2251.89361409	0.0250618276248
2252.20777336	0.0250617638788
2252.52193262	0.0250616933837
2252.83609189	0.0250616194646
2253.15025115	0.0250615458276
2253.46441042	0.0250614748981
2253.77856969	0.0250614033354
2254.09272895	0.0250613279637
2254.40688822	0.0250612733272
2254.72104748	0.0250612116707
2255.03520675	0.0250611379395
2255.34936601	0.0250610666761
2255.66352528	0.0250610041812
2255.97768454	0.0250609415621
2256.29184381	0.0250608670593
2256.60600307	0.0250607953356
2256.92016234	0.0250607189429
2257.2343216	0.0250606418959
2257.54848087	0.0250605725606
2257.86264014	0.0250605072787
2258.1767994	0.0250604374391
2258.49095867	0.0250603745169
2258.80511793	0.0250603042097
2259.1192772	0.0250602310179
2259.43343646	0.0250601581315
2259.74759573	0.0250600877675
2260.06175499	0.0250600163658
2260.37591426	0.0250599425491
2260.69007352	0.0250598885482
2261.00423279	0.0250598267505
2261.31839205	0.0250597533387
2261.63255132	0.0250596826433
2261.94671058	0.0250596207993
2262.26086985	0.0250595582503
2262.57502912	0.0250594837222
2262.88918838	0.0250594123311
2263.20334765	0.0250593360928
2263.51750691	0.025059259238
2263.83166618	0.0250591907942
2264.14582544	0.0250591261632
2264.45998471	0.0250590564733
2264.77414397	0.0250589944869
2265.08830324	0.0250589244
2265.4024625	0.0250588520363
2265.71662177	0.025058780019
2266.03078103	0.0250587101855
2266.3449403	0.0250586388583
2266.65909957	0.0250585664333
2266.97325883	0.0250585129673
2267.2874181	0.0250584508714
2267.60157736	0.0250583776042
2267.91573663	0.0250583074103
2268.22989589	0.0250582460496
2268.54405516	0.0250581835014
2268.85821442	0.0250581089497
2269.17237369	0.0250580378601
2269.48653295	0.0250579619109
2269.80069222	0.0250578852235
2270.11485148	0.0250578179983
2270.42901075	0.0250577543267
2270.74317001	0.0250576845144
2271.05732928	0.0250576237326
2271.37148855	0.0250575534967
2271.68564781	0.0250574820186
2271.99980708	0.0250574110784
2272.31396634	0.0250573415373
2272.62812561	0.025057270336
2272.94228487	0.0250571994601
2273.25644414	0.025057146499
2273.5706034	0.0250570841129
2273.88476267	0.0250570109764
2274.19892193	0.0250569413328
2274.5130812	0.0250568803342
2274.82724046	0.0250568176469
2275.14139973	0.0250567430206
2275.455559	0.0250566722154
2275.76971826	0.0250565965824
2276.08387753	0.0250565199811
2276.39803679	0.0250564540716
2276.71219606	0.0250563915388
2277.02635532	0.0250563219686
2277.34051459	0.0250562623108
2277.65467385	0.0250561922202
2277.96883312	0.0250561216289
2278.28299238	0.0250560517725
2278.59715165	0.0250559825597
2278.91131091	0.0250559111273
2279.22547018	0.0250558417584
2279.53962944	0.0250557892585
2279.85378871	0.0250557264716
2280.16794798	0.0250556534035
2280.48210724	0.0250555844202
2280.79626651	0.0250555238848
2281.11042577	0.0250554610586
2281.42458504	0.0250553865313
2281.7387443	0.025055316106
2282.05290357	0.0250552406879
2282.36706283	0.0250551641391
2282.6812221	0.0250550994577
2282.99538136	0.0250550378962
2283.30954063	0.0250549688051
2283.62369989	0.0250549099811
2283.93785916	0.0250548403271
2284.25201843	0.0250547705674
2284.56617769	0.0250547018036
2284.88033696	0.0250546330525
2285.19449622	0.0250545612323
2285.50865549	0.025054493291
2285.82281475	0.0250544410144
2286.13697402	0.0250543777545
2286.45113328	0.0250543047323
2286.76529255	0.0250542361411
2287.07945181	0.0250541760835
2287.39361108	0.0250541131065
2287.70777034	0.0250540387322
2288.02192961	0.0250539687585
2288.33608887	0.0250538937282
2288.65024814	0.0250538173236
2288.96440741	0.025053753926
2289.27856667	0.025053693362
2289.59272594	0.0250536247454
2289.9068852	0.0250535666411
2290.22104447	0.0250534971968
2290.53520373	0.0250534281229
2290.849363	0.0250533605251
2291.16352226	0.0250532920832
2291.47768153	0.0250532195878
2291.79184079	0.0250531531366
2292.10600006	0.0250531009724
2292.42015932	0.0250530373261
2292.73431859	0.0250529643692
2293.04847786	0.0250528961551
2293.36263712	0.0250528366507
2293.67679639	0.0250527735706
2293.99095565	0.0250526994769
2294.30511492	0.0250526301234
2294.61927418	0.0250525556523
2294.93343345	0.0250524794997
2295.24759271	0.025052417496
2295.56175198	0.0250523581393
2295.87591124	0.0250522901038
2296.19007051	0.0250522326867
2296.50422977	0.0250521632963
2296.81838904	0.025052094977
2297.13254831	0.0250520282786
2297.44670757	0.0250519600629
2297.76086684	0.0250518867027
2298.0750261	0.0250518218518
2298.38918537	0.0250517698124
2298.70334463	0.0250517056327
2299.0175039	0.0250516329504
2299.33166316	0.0250515652874
2299.64582243	0.0250515063279
2299.95998169	0.025051443152
2300.27414096	0.0250513695249
2300.58830022	0.0250513007259
2300.90245949	0.0250512267058
2301.21661875	0.0250511508549
2301.53077802	0.0250510901946
2301.84493729	0.0250510320784
2302.15909655	0.0250509643842
2302.47325582	0.0250509081181
2302.78741508	0.025050838648
2303.10157435	0.0250507710403
2303.41573361	0.025050705367
2303.72989288	0.0250506373697
2304.04405214	0.0250505630107
2304.35821141	0.0250504994839
2304.67237067	0.0250504473907
2304.98652994	0.0250503825946
2305.3006892	0.0250503100578
2305.61484847	0.0250502428479
2305.92900774	0.0250501843941
2306.243167	0.0250501211886
2306.55732627	0.0250500480787
2306.87148553	0.0250499799005
2307.1856448	0.0250499064775
2307.49980406	0.0250498309402
2307.81396333	0.0250497714803
2308.12812259	0.025049714622
2308.44228186	0.02504964751
2308.75644112	0.0250495917991
2309.07060039	0.0250495223079
2309.38475965	0.02504945523
2309.69891892	0.0250493904643
2310.01307818	0.0250493229672
2310.32723745	0.0250492477921
2310.64139672	0.0250491854152
2310.95555598	0.0250491336186
2311.26971525	0.0250490680771
2311.58387451	0.0250489957608
2311.89803378	0.0250489291843
2312.21219304	0.0250488712055
2312.52635231	0.0250488079956
2312.84051157	0.025048735404
2313.15467084	0.0250486678278
2313.4688301	0.025048595058
2313.78298937	0.025048519851
2314.09714863	0.0250484615536
2314.4113079	0.025048405933
2314.72546717	0.0250483398665
2315.03962643	0.025048283987
2315.3537857	0.0250482147503
2315.66794496	0.025048147935
2315.98210423	0.0250480839713
2316.29626349	0.0250480170223
2316.61042276	0.0250479407877
2316.92458202	0.0250478798272
2317.23874129	0.0250478281634
2317.55290055	0.0250477621781
2317.86705982	0.0250476901871
2318.18121908	0.0250476242981
2318.49537835	0.0250475669709
2318.80953761	0.0250475037302
2319.12369688	0.025047431853
2319.43785615	0.0250473648846
2319.75201541	0.0250472927226
2320.06617468	0.0250472178599
2320.38033394	0.0250471605993
2320.69449321	0.0250471061242
2321.00865247	0.0250470408557
2321.32281174	0.0250469851229
2321.636971	0.0250469159656
2321.95113027	0.0250468493123
2322.26528953	0.0250467861209
2322.5794488	0.0250467194436
2322.89360806	0.0250466422721
2323.20776733	0.025046582695
2323.5219266	0.0250465308432
2323.83608586	0.0250464645404
2324.15024513	0.025046392868
2324.46440439	0.0250463276949
2324.77856366	0.025046271133
2325.09272292	0.0250462079514
2325.40688219	0.0250461369398
2325.72104145	0.0250460706398
2326.03520072	0.0250459990875
2326.34935998	0.0250459245523
2326.66351925	0.0250458682109
2326.97767851	0.0250458148086
2327.29183778	0.0250457499918
2327.60599704	0.0250456944225
2327.92015631	0.0250456250367
2328.23431558	0.0250455584252
2328.54847484	0.0250454960593
2328.86263411	0.0250454297683
2329.17679337	0.0250453524802
2329.49095264	0.0250452933616
2329.8051119	0.0250452419716
2330.11927117	0.0250451751791
2330.43343043	0.0250451036579
2330.7475897	0.0250450394667
2331.06174896	0.0250449835155
2331.37590823	0.025044920474
2331.69006749	0.0250448502068
2332.00422676	0.0250447845686
2332.31838603	0.0250447137632
2332.63254529	0.0250446395797
2332.94670456	0.025044584169
2333.26086382	0.0250445318785
2333.57502309	0.0250444677051
2333.88918235	0.02504441194
2334.20334162	0.0250443423109
2334.51750088	0.0250442755461
2334.83166015	0.0250442138704
2335.14581941	0.0250441479518
2335.45997868	0.025044070281
2335.77413794	0.0250440124458
2336.08829721	0.0250439610748
2336.40245647	0.0250438940638
2336.71661574	0.0250438231832
2337.03077501	0.0250437599855
2337.34493427	0.0250437048046
2337.65909354	0.0250436418317
2337.9732528	0.0250435723828
2338.28741207	0.0250435072668
2338.60157133	0.0250434370373
2338.9157306	0.0250433633813
2339.22988986	0.025043308589
2339.54404913	0.0250432572594
2339.85820839	0.0250431941637
2340.17236766	0.0250431378037
2340.48652692	0.0250430685791
2340.80068619	0.0250430014405
2341.11484546	0.0250429404187
2341.42900472	0.0250428749948
2341.74316399	0.0250427969544
2342.05732325	0.0250427405148
2342.37148252	0.0250426889256
2342.68564178	0.0250426218044
2342.99980105	0.0250425515641
2343.31396031	0.0250424892625
2343.62811958	0.0250424348918
2343.94227884	0.0250423718887
2344.25643811	0.0250423033077
2344.57059737	0.0250422385936
2344.88475664	0.0250421688489
2345.1989159	0.025042095807
2345.51307517	0.0250420414419
2345.82723444	0.0250419908211
2346.1413937	0.0250419286332
2346.45555297	0.025041871612
2346.76971223	0.025041802648
2347.0838715	0.0250417351854
2347.39803076	0.0250416749345
2347.71219003	0.0250416100077
2348.02634929	0.0250415318749
2348.34050856	0.0250414767434
2348.65466782	0.0250414250285
2348.96882709	0.0250413577948
2349.28298635	0.0250412882631
2349.59714562	0.0250412267904
2349.91130489	0.025041173179
2350.22546415	0.0250411101368
2350.53962342	0.0250410423244
2350.85378268	0.0250409780309
2351.16794195	0.0250409087932
2351.48210121	0.025040836493
2351.79626048	0.0250407823921
2352.11041974	0.0250407323932
2352.42457901	0.0250406711282
2352.73873827	0.0250406131374
2353.05289754	0.0250405443689
2353.3670568	0.0250404766077
2353.68121607	0.0250404169952
2353.99537533	0.0250403527729
2354.3095346	0.0250402747757
2354.62369387	0.0250402209509
2354.93785313	0.0250401693161
2355.2520124	0.0250401020862
2355.56617166	0.0250400334269
2355.88033093	0.0250399730161
2356.19449019	0.0250399201357
2356.50864946	0.0250398570082
2356.82280872	0.025039789963
2357.13696799	0.0250397259339
2357.45112725	0.0250396570997
2357.76528652	0.0250395856579
2358.07944578	0.0250395316702
2358.39360505	0.0250394821148
2358.70776432	0.0250394218879
2359.02192358	0.0250393630058
2359.33608285	0.0250392945492
2359.65024211	0.0250392263293
2359.96440138	0.0250391674091
2360.27856064	0.0250391042278
2360.59271991	0.0250390257466
2360.90687917	0.0250389738545
2361.22103844	0.0250389219786
2361.5351977	0.0250388547899
2361.84935697	0.0250387872823
2362.16351623	0.0250387278886
2362.4776755	0.025038675723
2362.79183477	0.0250386124066
2363.10599403	0.0250385461313
2363.4201533	0.0250384822752
2363.73431256	0.0250384136864
2364.04847183	0.0250383432072
2364.36263109	0.0250382891765
2364.67679036	0.0250382399875
2364.99094962	0.025038180674
2365.30510889	0.0250381210513
2365.61926815	0.0250380528519
2365.93342742	0.0250379842566
2366.24758668	0.0250379261104
2366.56174595	0.0250378636495
2366.87590521	0.0250377853684
2367.19006448	0.0250377347664
2367.50422375	0.0250376827147
2367.81838301	0.0250376156228
2368.13254228	0.02503754893
2368.44670154	0.0250374904941
2368.76086081	0.0250374389371
2369.07502007	0.0250373753699
2369.38917934	0.0250373098377
2369.7033386	0.0250372462327
2370.01749787	0.0250371779368
2370.33165713	0.0250371085961
2370.6458164	0.0250370544707
2370.95997566	0.0250370055048
2371.27413493	0.0250369470829
2371.5882942	0.0250368865756
2371.90245346	0.0250368185968
2372.21661273	0.0250367496859
2372.53077199	0.0250366923474
2372.84493126	0.0250366309025
2373.15909052	0.0250365531939
2373.47324979	0.0250365036941
2373.78740905	0.0250364517827
2374.10156832	0.0250363847418
2374.41572758	0.0250363188382
2374.72988685	0.0250362615181
2375.04404611	0.0250362103472
2375.35820538	0.0250361464231
2375.67236464	0.0250360816138
2375.98652391	0.0250360180985
2376.30068318	0.025035950037
2376.61484244	0.0250358820235
2376.92900171	0.0250358277563
2377.24316097	0.0250357789757
2377.55732024	0.0250357216592
2377.8714795	0.025035660273
2378.18563877	0.0250355927509
2378.49979803	0.0250355236539
2378.8139573	0.0250354670333
2379.12811656	0.0250354060392
2379.44227583	0.0250353292945
2379.75643509	0.0250352808706
2380.07059436	0.0250352288546
2380.38475363	0.0250351620348
2380.69891289	0.0250350970072
2381.01307216	0.0250350408175
2381.32723142	0.0250349899471
2381.64139069	0.0250349256353
2381.95554995	0.0250348616299
2382.26970922	0.0250347980604
2382.58386848	0.0250347300475
2382.89802775	0.0250346633532
2383.21218701	0.0250346088944
2383.52634628	0.0250345600045
2383.84050554	0.0250345038225
2384.15466481	0.0250344418019
2384.46882407	0.0250343748681
2384.78298334	0.0250343059909
2385.09714261	0.0250342501065
2385.41130187	0.0250341895272
2385.72546114	0.0250341136662
2386.0396204	0.0250340663962
2386.35377967	0.0250340139163
2386.66793893	0.0250339473153
2386.9820982	0.0250338830249
2387.29625746	0.025033827659
2387.61041673	0.0250337770285
2387.92457599	0.0250337122706
2388.23873526	0.0250336490124
2388.55289452	0.0250335855269
2388.86705379	0.0250335176895
2389.18121306	0.0250334524768
2389.49537232	0.0250333978863
2389.80953159	0.025033348753
2390.12369085	0.0250332935908
2390.43785012	0.0250332307724
2390.75200938	0.0250331642901
2391.06616865	0.025033095994
2391.38032791	0.0250330404787
2391.69448718	0.0250329800605
2392.00864644	0.0250329059271
2392.32280571	0.0250328593195
2392.63696497	0.0250328068604
2392.95112424	0.0250327403792
2393.2652835	0.0250326767659
2393.57944277	0.0250326224466
2393.89360204	0.025032571877
2394.2077613	0.0250325066381
2394.52192057	0.0250324441359
2394.83607983	0.0250323806721
2395.1502391	0.025032313009
2395.46439836	0.0250322494209
2395.77855763	0.0250321948632
2396.09271689	0.0250321453334
2396.40687616	0.0250320913921
2396.72103542	0.0250320278752
2397.03519469	0.0250319619639
2397.34935395	0.0250318946882
2397.66351322	0.0250318391821
2397.97767249	0.025031778369
2398.29183175	0.0250317061773
2398.60599102	0.0250316601896
2398.92015028	0.0250316075575
2399.23430955	0.0250315412277
2399.54846881	0.0250314783831
2399.86262808	0.025031425074
2400.17678734	0.0250313744654
2400.49094661	0.0250313088121
2400.80510587	0.0250312471503
2401.11926514	0.025031183699
2401.4334244	0.0250311161818
2401.74758367	0.0250310541034
2402.06174293	0.02503099972
2402.3759022	0.025030949756
2402.69006147	0.025030896991
2403.00422073	0.0250308330457
2403.31838	0.0250307677937
2403.63253926	0.0250307019597
2403.94669853	0.0250306463799
2404.26085779	0.025030584676
2404.57501706	0.0250305145363
2404.88917632	0.0250304689908
2405.20333559	0.0250304160096
2405.51749485	0.0250303497335
2405.83165412	0.0250302875404
2406.14581338	0.0250302350542
2406.45997265	0.0250301842647
2406.77413192	0.025030118163
2407.08829118	0.0250300573635
2407.40245045	0.0250299940242
2407.71660971	0.0250299267022
2408.03076898	0.0250298660742
2408.34492824	0.0250298121981
2408.65908751	0.0250297618893
2408.97324677	0.0250297098927
2409.28740604	0.0250296457453
2409.6015653	0.0250295809735
2409.91572457	0.0250295170494
2410.22988383	0.025029461305
2410.5440431	0.0250293983152
2410.85820236	0.0250293306105
2411.17236163	0.0250292852835
2411.4865209	0.0250292319221
2411.80068016	0.0250291657239
2412.11483943	0.0250291040271
2412.42899869	0.025029052329
2412.74315796	0.0250290012538
2413.05731722	0.0250289346476
2413.37147649	0.0250288747223
2413.68563575	0.0250288116528
2413.99979502	0.0250287445235
2414.31395428	0.0250286855707
2414.62811355	0.0250286324435
2414.94227281	0.025028581874
2415.25643208	0.0250285303869
2415.57059135	0.0250284662474
2415.88475061	0.0250284019716
2416.19890988	0.0250283396927
2416.51306914	0.0250282839959
2416.82722841	0.0250282195478
2417.14138767	0.0250281541837
2417.45554694	0.0250281093619
2417.7697062	0.0250280554333
2418.08386547	0.0250279893794
2418.39802473	0.0250279284185
2418.712184	0.0250278775766
2419.02634326	0.0250278260997
2419.34050253	0.0250277590471
2419.6546618	0.0250277000647
2419.96882106	0.0250276371375
2420.28298033	0.0250275700782
2420.59713959	0.0250275128206
2420.91129886	0.0250274606204
2421.22545812	0.025027409542
2421.53961739	0.0250273588759
2421.85377665	0.0250272946893
2422.16793592	0.0250272310255
2422.48209518	0.0250271701459
2422.79625445	0.0250271145969
2423.11041371	0.0250270487184
2423.42457298	0.0250269853675
2423.73873224	0.0250269410447
2424.05289151	0.0250268863127
2424.36705078	0.0250268203969
2424.68121004	0.0250267602089
2424.99536931	0.0250267101076
2425.30952857	0.0250266582
2425.62368784	0.0250265907865
2425.9378471	0.0250265327621
2426.25200637	0.0250264700096
2426.56616563	0.025026402934
2426.8803249	0.0250263472233
2427.19448416	0.0250262961828
2427.50864343	0.0250262445014
2427.82280269	0.0250261945991
2428.13696196	0.0250261302372
2428.45112123	0.0250260670363
2428.76528049	0.0250260074481
2429.07943976	0.0250259521637
2429.39359902	0.0250258852299
2429.70775829	0.0250258236845
2430.02191755	0.0250257797509
2430.33607682	0.0250257241483
2430.65023608	0.0250256584063
2430.96439535	0.0250255988715
2431.27855461	0.0250255494106
2431.59271388	0.0250254970562
2431.90687314	0.0250254293846
2432.22103241	0.0250253723636
2432.53519167	0.0250253099603
2432.84935094	0.025025242894
2433.16351021	0.025025189007
2433.47766947	0.0250251392099
2433.79182874	0.0250250875164
2434.105988	0.0250250374895
2434.42014727	0.0250249732486
2434.73430653	0.0250249101986
2435.0484658	0.0250248520006
2435.36262506	0.0250247967962
2435.67678433	0.0250247285869
2435.99094359	0.0250246690712
2436.30510286	0.0250246254618
2436.61926212	0.0250245690964
2436.93342139	0.0250245036211
2437.24758066	0.0250244448286
2437.56173992	0.0250243961719
2437.87589919	0.0250243432416
2438.19005845	0.0250242755444
2438.50421772	0.0250242194981
2438.81837698	0.0250241573861
2439.13253625	0.0250240900699
2439.44669551	0.0250240379156
2439.76085478	0.0250239898301
2440.07501404	0.0250239377114
2440.38917331	0.0250238882823
2440.70333257	0.0250238240054
2441.01749184	0.0250237607868
2441.3316511	0.0250237046378
2441.64581037	0.0250236495237
2441.95996964	0.0250235792994
2442.2741289	0.0250235223637
2442.58828817	0.0250234785052
2442.90244743	0.0250234211995
2443.2166067	0.0250233562492
2443.53076596	0.0250232981637
2443.84492523	0.0250232503213
2444.15908449	0.0250231967476
2444.47324376	0.0250231292403
2444.78740302	0.0250230740411
2445.10156229	0.0250230122155
2445.41572155	0.0250229447457
2445.72988082	0.0250228941056
2446.04404009	0.0250228474419
2446.35819935	0.0250227955583
2446.67235862	0.0250227457389
2446.98651788	0.0250226818568
2447.30067715	0.0250226181311
2447.61483641	0.0250225640352
2447.92899568	0.0250225091339
2448.24315494	0.0250224375796
2448.55731421	0.0250223824367
2448.87147347	0.0250223388172
2449.18563274	0.0250222805624
2449.499792	0.0250222158004
2449.81395127	0.0250221586134
2450.12811053	0.025022111413
2450.4422698	0.0250220572007
2450.75642907	0.025021990041
2451.07058833	0.0250219355584
2451.3847476	0.0250218740843
2451.69890686	0.0250218063402
2452.01306613	0.0250217573598
2452.32722539	0.0250217126975
2452.64138466	0.025021660191
2452.95554392	0.0250216106503
2453.26970319	0.0250215462818
2453.58386245	0.0250214818938
2453.89802172	0.0250214303893
2454.21218098	0.0250213756074
2454.52634025	0.0250213020995
2454.84049952	0.0250212494991
2455.15465878	0.0250212057043
2455.46881805	0.0250211466843
2455.78297731	0.025021082573
2456.09713658	0.0250210263892
2456.41129584	0.025020979864
2456.72545511	0.0250209249673
2457.03961437	0.025020858422
2457.35377364	0.0250208044553
2457.6679329	0.0250207432935
2457.98209217	0.0250206754686
2458.29625143	0.0250206277155
2458.6104107	0.0250205849285
2458.92456996	0.0250205328899
2459.23872923	0.0250204823519
2459.5528885	0.0250204185931
2459.86704776	0.0250203532954
2460.18120703	0.0250203037885
2460.49536629	0.0250202495105
2460.80952556	0.0250201739318
2461.12368482	0.0250201237048
2461.43784409	0.0250200795838
2461.75200335	0.0250200199221
2462.06616262	0.0250199563059
2462.38032188	0.0250199011836
2462.69448115	0.025019855546
2463.00864041	0.0250197998005
2463.32279968	0.0250197342908
2463.63695895	0.0250196808202
2463.95111821	0.0250196198451
2464.26527748	0.0250195521519
2464.57943674	0.0250195053744
2464.89359601	0.025019464419
2465.20775527	0.0250194122601
2465.52191454	0.0250193612964
2465.8360738	0.0250192976876
2466.15023307	0.0250192315078
2466.46439233	0.0250191840853
2466.7785516	0.0250191303769
2467.09271086	0.0250190534599
2467.40687013	0.0250190048251
2467.72102939	0.0250189607946
2468.03518866	0.0250189002748
2468.34934793	0.0250188370595
2468.66350719	0.025018783194
2468.97766646	0.0250187381654
2469.29182572	0.0250186815779
2469.60598499	0.025018617189
2469.92014425	0.0250185640903
2470.23430352	0.0250185033422
2470.54846278	0.0250184358847
2470.86262205	0.0250183900578
2471.17678131	0.0250183508449
2471.49094058	0.0250182985905
2471.80509984	0.025018246944
2472.11925911	0.0250181831051
2472.43341838	0.0250181162329
2472.74757764	0.0250180705589
2473.06173691	0.0250180174097
2473.37589617	0.0250179394461
2473.69005544	0.025017892485
2474.0042147	0.0250178482424
2474.31837397	0.0250177873416
2474.63253323	0.0250177247084
2474.9466925	0.0250176720995
2475.26085176	0.0250176278052
2475.57501103	0.0250175703293
2475.88917029	0.0250175072579
2476.20332956	0.0250174543843
2476.51748882	0.0250173938112
2476.83164809	0.0250173268527
2477.14580736	0.0250172815572
2477.45996662	0.0250172441816
2477.77412589	0.0250171922932
2478.08828515	0.0250171395585
2478.40244442	0.0250170759606
2478.71660368	0.0250170083403
2479.03076295	0.0250169641543
2479.34492221	0.0250169115457
2479.65908148	0.0250168329025
2479.97324074	0.0250167875505
2480.28740001	0.0250167429157
2480.60155927	0.0250166816807
2480.91571854	0.0250166196941
2481.22987781	0.0250165684043
2481.54403707	0.0250165247735
2481.85819634	0.0250164662766
2482.1723556	0.0250164047637
2482.48651487	0.0250163519861
2482.80067413	0.0250162913406
2483.1148334	0.0250162250424
2483.42899266	0.0250161801742
2483.74315193	0.0250161441834
2484.05731119	0.0250160925166
2484.37147046	0.0250160390021
2484.68562972	0.025015975598
2484.99978899	0.0250159076567
2485.31394826	0.0250158645925
2485.62810752	0.0250158120971
2485.94226679	0.0250157339569
2486.25642605	0.0250156893695
2486.57058532	0.0250156448164
2486.88474458	0.0250155830692
2487.19890385	0.025015521583
2487.51306311	0.0250154719117
2487.82722238	0.0250154286443
2488.14138164	0.0250153691849
2488.45554091	0.0250153092012
2488.76970017	0.0250152564617
2489.08385944	0.0250151957088
2489.3980187	0.0250151303134
2489.71217797	0.0250150856628
2490.02633724	0.0250150505626
2490.3404965	0.0250149992473
2490.65465577	0.0250149445658
2490.96881503	0.0250148811883
2491.2829743	0.0250148137069
2491.59713356	0.0250147711705
2491.91129283	0.0250147184068
2492.22545209	0.0250146413351
2492.53961136	0.025014597703
2492.85377062	0.0250145527667
2493.16792989	0.0250144910438
2493.48208915	0.0250144301475
2493.79624842	0.0250143818502
2494.11040769	0.0250143389792
2494.42456695	0.025014278613
2494.73872622	0.0250142201773
2495.05288548	0.0250141674943
2495.36704475	0.0250141067115
2495.68120401	0.0250140426173
2495.99536328	0.0250139981181
2496.30952254	0.0250139637639
2496.62368181	0.0250139128632
2496.93784107	0.0250138571301
2497.25200034	0.0250137936456
2497.5661596	0.0250137272297
2497.88031887	0.0250136847404
2498.19447813	0.0250136309981
2498.5086374	0.0250135556711
2498.82279667	0.0250135130013
2499.13695593	0.025013467832
2499.4511152	0.0250134059658
2499.76527446	0.025013346038
2500.07943373	0.0250132994832
2500.39359299	0.0250132566994
2500.70775226	0.025013195459
2501.02191152	0.0250131386193
2501.33607079	0.025013085847
2501.65023005	0.0250130247256
2501.96438932	0.0250129620105
2502.27854858	0.0250129176514
2502.59270785	0.0250128836858
2502.90686712	0.0250128330689
2503.22102638	0.0250127768202
2503.53518565	0.0250127132366
2503.84934491	0.0250126484549
2504.16350418	0.0250126059397
2504.47766344	0.0250125505372
2504.79182271	0.0250124771924
2505.10598197	0.0250124355476
2505.42014124	0.0250123897646
2505.7343005	0.0250123276529
2506.04845977	0.0250122686933
2506.36261903	0.0250122236636
2506.6767783	0.0250121807314
2506.99093756	0.0250121186337
2507.30509683	0.0250120633289
2507.6192561	0.0250120106002
2507.93341536	0.0250119492193
2508.24757463	0.0250118880442
2508.56173389	0.0250118436941
2508.87589316	0.0250118096567
2509.19005242	0.0250117595615
2509.50421169	0.0250117023348
2509.81837095	0.0250116389049
2510.13253022	0.0250115757659
2510.44668948	0.0250115332285
2510.76084875	0.0250114764617
2511.07500801	0.0250114054289
2511.38916728	0.0250113647285
2511.70332655	0.0250113182679
2512.01748581	0.0250112561645
2512.33164508	0.0250111981357
2512.64580434	0.0250111543918
2512.95996361	0.0250111111525
2513.27412287	0.025011048095
2513.58828214	0.0250109941851
2513.9024414	0.0250109416038
2514.21660067	0.0250108800254
2514.53075993	0.0250108206294
2514.8449192	0.0250107765473
2515.15907846	0.02501074212
2515.47323773	0.0250106926538
2515.78739699	0.0250106344695
2516.10155626	0.0250105712606
2516.41571553	0.025010510084
2516.72987479	0.0250104670878
2517.04403406	0.025010408546
2517.35819332	0.0250103405928
2517.67235259	0.0250103004382
2517.98651185	0.0250102532621
2518.30067112	0.0250101915216
2518.61483038	0.0250101345573
2518.92898965	0.0250100922855
2519.24314891	0.0250100486591
2519.55730818	0.0250099846699
2519.87146744	0.0250099321204
2520.18562671	0.0250098794983
2520.49978598	0.0250098175831
2520.81394524	0.0250097599564
2521.12810451	0.02500971629
2521.44226377	0.0250096810865
2521.75642304	0.0250096322198
2522.0705823	0.0250095735195
2522.38474157	0.025009510545
2522.69890083	0.0250094516618
2523.0130601	0.0250094082669
2523.32721936	0.0250093478047
2523.64137863	0.0250092826116
2523.95553789	0.02500924346
2524.26969716	0.0250091951376
2524.58385642	0.0250091335645
2524.89801569	0.0250090778654
2525.21217496	0.0250090368107
2525.52633422	0.0250089925581
2525.84049349	0.025008927699
2526.15465275	0.0250088764022
2526.46881202	0.0250088237757
2526.78297128	0.0250087615722
2527.09713055	0.0250087056541
2527.41128981	0.0250086626909
2527.72544908	0.0250086263629
2528.03960834	0.0250085779814
2528.35376761	0.0250085187172
2528.66792687	0.0250084559005
2528.98208614	0.0250083997889
2529.29624541	0.0250083557422
2529.61040467	0.0250082931053
2529.92456394	0.0250082312076
2530.2387232	0.025008192465
2530.55288247	0.0250081431761
2530.86704173	0.0250080819599
2531.181201	0.0250080272606
2531.49536026	0.0250079872478
2531.80951953	0.0250079422613
2532.12367879	0.0250078765617
2532.43783806	0.0250078265853
2532.75199732	0.025007773969
2533.06615659	0.0250077115774
2533.38031585	0.0250076576324
2533.69447512	0.0250076155114
2534.00863439	0.0250075778198
2534.32279365	0.025007530022
2534.63695292	0.0250074699289
2534.95111218	0.0250074071618
2535.26527145	0.025007354531
2535.57943071	0.0250073095443
2535.89358998	0.0250072441667
2536.20774924	0.0250071861625
2536.52190851	0.0250071475339
2536.83606777	0.0250070973606
2537.15022704	0.0250070366157
2537.4643863	0.0250069830269
2537.77854557	0.0250069440845
2538.09270484	0.0250068981777
2538.4068641	0.02500683185
2538.72102337	0.0250067832691
2539.03518263	0.025006730507
2539.3493419	0.0250066678226
2539.66350116	0.0250066159329
2539.97766043	0.0250065750276
2540.29181969	0.0250065363074
2540.60597896	0.0250064885761
2540.92013822	0.0250064285108
2541.23429749	0.0250063652078
2541.54845675	0.0250063161161
2541.86261602	0.0250062708351
2542.17677529	0.0250062024612
2542.49093455	0.0250061479695
2542.80509382	0.0250061097862
2543.11925308	0.0250060583293
2543.43341235	0.0250059978413
2543.74757161	0.0250059456614
2544.06173088	0.0250059077162
2544.37589014	0.0250058605077
2544.69004941	0.0250057938456
2545.00420867	0.025005746476
2545.31836794	0.0250056933554
2545.6325272	0.0250056301416
2545.94668647	0.0250055804538
2546.26084573	0.0250055406977
2546.575005	0.0250055005872
2546.88916427	0.0250054532149
2547.20332353	0.0250053929017
2547.5174828	0.0250053292042
2547.83164206	0.0250052839616
2548.14580133	0.0250052382761
2548.45996059	0.0250051670617
2548.77411986	0.025005116067
2549.08827912	0.0250050776613
2549.40243839	0.025005025255
2549.71659765	0.0250049648903
2550.03075692	0.0250049138016
2550.34491618	0.0250048766411
2550.65907545	0.025004828009
2550.97323472	0.0250047613681
2551.28739398	0.0250047150457
2551.60155325	0.0250046618343
2551.91571251	0.0250045982402
2552.22987178	0.0250045506825
2552.54403104	0.0250045126341
2552.85819031	0.0250044710475
2553.17234957	0.0250044236517
2553.48650884	0.0250043631425
2553.8006681	0.025004298622
2554.11482737	0.0250042573555
2554.42898663	0.0250042117743
2554.7431459	0.025004138008
2555.05730516	0.0250040901842
2555.37146443	0.0250040517414
2555.6856237	0.0250039984758
2555.99978296	0.0250039384117
2556.31394223	0.0250038886424
2556.62810149	0.0250038521036
2556.94226076	0.0250038019256
2557.25642002	0.0250037358092
2557.57057929	0.0250036901476
2557.88473855	0.0250036366264
2558.19889782	0.0250035727565
2558.51305708	0.0250035274684
2558.82721635	0.0250034912153
2559.14137561	0.0250034480647
2559.45553488	0.0250034007563
2559.76969415	0.0250033401242
2560.08385341	0.0250032749105
2560.39801268	0.0250032367771
2560.71217194	0.0250031916214
2561.02633121	0.0250031154618
2561.34049047	0.0250030703941
2561.65464974	0.0250030322163
2561.968809	0.025002977824
2562.28296827	0.0250029182517
2562.59712753	0.0250028700888
2562.9112868	0.0250028339832
2563.22544606	0.0250027822355
2563.53960533	0.0250027170863
2563.85376459	0.0250026718999
2564.16792386	0.0250026178901
2564.48208313	0.0250025539451
2564.79624239	0.025002510395
2565.11040166	0.0250024758936
2565.42456092	0.0250024315227
2565.73872019	0.0250023839001
2566.05287945	0.0250023236756
2566.36703872	0.0250022579007
2566.68119798	0.0250022223133
2566.99535725	0.0250021778163
2567.30951651	0.0250020998856
2567.62367578	0.0250020570139
2567.93783504	0.0250020189015
2568.25199431	0.0250019634137
2568.56615358	0.0250019040265
2568.88031284	0.0250018572089
2569.19447211	0.025001821328
2569.50863137	0.0250017680488
2569.82279064	0.0250017042087
2570.1369499	0.0250016593889
2570.45110917	0.0250016050926
2570.76526843	0.0250015412135
2571.0794277	0.0250014994072
2571.39358696	0.0250014665873
2571.70774623	0.0250014208507
2572.02190549	0.0250013728648
2572.33606476	0.0250013124241
2572.65022402	0.0250012464282
2572.96438329	0.0250012129948
2573.27854256	0.0250011688184
2573.59270182	0.0250010901837
2573.90686109	0.0250010489246
2574.22102035	0.025001010592
2574.53517962	0.0250009545399
2574.84933888	0.0250008955401
2575.16349815	0.0250008501464
2575.47765741	0.0250008144239
2575.79181668	0.0250007597235
2576.10597594	0.0250006974118
2576.42013521	0.0250006527455
2576.73429447	0.0250005981428
2577.04845374	0.0250005344537
2577.36261301	0.0250004943539
2577.67677227	0.025000463722
2577.99093154	0.0250004167637
2578.3050908	0.0250003683305
2578.61925007	0.0250003081453
2578.93340933	0.0250002420345
2579.2475686	0.0250002101435
2579.56172786	0.025000166012
2579.87588713	0.0250000871434
2580.19004639	0.0250000472456
2580.50420566	0.0250000086853
2580.81836492	0.0249999518177
2581.13252419	0.0249998932869
2581.44668345	0.0249998496379
2581.76084272	0.024999814005
2582.07500199	0.0249997578736
2582.38916125	0.0249996973622
2582.70332052	0.0249996526256
2583.01747978	0.024999597442
2583.33163905	0.0249995343436
2583.64579831	0.0249994955447
2583.95995758	0.0249994664148
2584.27411684	0.0249994185135
2584.58827611	0.0249993696923
2584.90243537	0.0249993097566
2585.21659464	0.0249992443825
2585.5307539	0.0249992133548
2585.84491317	0.0249991683407
2586.15907244	0.0249990901771
2586.4732317	0.0249990514113
2586.78739097	0.0249990122446
2587.10155023	0.0249989548857
2587.4157095	0.0249988968213
2587.72986876	0.0249988545814
2588.04402803	0.0249988187715
2588.35818729	0.0249987612667
2588.67234656	0.0249987026964
2588.98650582	0.0249986579573
2589.30066509	0.0249986023077
2589.61482435	0.0249985398384
2589.92898362	0.0249985023074
2590.24314288	0.0249984746269
2590.55730215	0.0249984258057
2590.87146142	0.0249983766031
2591.18562068	0.0249983168102
2591.49977995	0.0249982526509
2591.81393921	0.0249982218736
2592.12809848	0.0249981760508
2592.44225774	0.024998099586
2592.75641701	0.0249980612273
2593.07057627	0.0249980217687
2593.38473554	0.0249979639539
2593.6988948	0.0249979063862
2594.01305407	0.0249978657442
2594.32721333	0.0249978296279
2594.6413726	0.0249977710509
2594.95553187	0.0249977143485
2595.26969113	0.0249976695116
2595.5838504	0.02499761352
2595.89800966	0.0249975518388
2596.21216893	0.0249975154365
2596.52632819	0.0249974888509
2596.84048746	0.0249974393059
2597.15464672	0.0249973894135
2597.46880599	0.0249973294882
2597.78296525	0.0249972674491
2598.09712452	0.0249972361385
2598.41128378	0.0249971884952
2598.72544305	0.0249971143695
2599.03960231	0.0249970766534
2599.35376158	0.0249970364684
2599.66792085	0.0249969785772
2599.98208011	0.0249969218724
2600.29623938	0.0249968829044
2600.61039864	0.0249968465154
2600.92455791	0.0249967869925
2601.23871717	0.0249967323533
2601.55287644	0.0249966872754
2601.8670357	0.0249966307466
2602.18119497	0.0249965702983
2602.49535423	0.0249965347701
2602.8095135	0.0249965090448
2603.12367276	0.024996458992
2603.43783203	0.0249964085056
2603.7519913	0.0249963491145
2604.06615056	0.0249962889723
2604.38030983	0.024996257071
2604.69446909	0.0249962071017
2605.00862836	0.0249961351926
2605.32278762	0.024996098349
2605.63694689	0.024996057229
2605.95110615	0.0249959990531
2606.26526542	0.0249959433314
2606.57942468	0.0249959058522
2606.89358395	0.0249958689958
2607.20774321	0.0249958086577
2607.52190248	0.0249957560695
2607.83606175	0.0249957108126
2608.15022101	0.0249956538583
2608.46438028	0.0249955946197
2608.77853954	0.0249955598353
2609.09269881	0.0249955343764
2609.40685807	0.0249954838502
2609.72101734	0.0249954329231
2610.0351766	0.0249953737503
2610.34933587	0.0249953163477
2610.66349513	0.0249952836356
2610.9776544	0.024995231138
2611.29181366	0.0249951620999
2611.60597293	0.0249951255984
2611.92013219	0.0249950836051
2612.23429146	0.0249950254019
2612.54845073	0.0249949704731
2612.86260999	0.0249949341702
2613.17676926	0.0249948967671
2613.49092852	0.0249948357601
2613.80508779	0.0249947850603
2614.11924705	0.0249947398134
2614.43340632	0.0249946827416
2614.74756558	0.0249946248927
2615.06172485	0.0249945909613
2615.37588411	0.0249945655773
2615.69004338	0.0249945146917
2616.00420264	0.0249944629887
2616.31836191	0.0249944038424
2616.63252118	0.0249943495931
2616.94668044	0.0249943157367
2617.26083971	0.0249942602446
2617.57499897	0.0249941947098
2617.88915824	0.024994158405
2618.2033175	0.0249941156665
2618.51747677	0.0249940577408
2618.83163603	0.0249940039611
2619.1457953	0.0249939690625
2619.45995456	0.0249939310307
2619.77411383	0.0249938694045
2620.08827309	0.0249938205341
2620.40243236	0.0249937750268
2620.71659162	0.024993717402
2621.03075089	0.0249936614382
2621.34491016	0.0249936280277
2621.65906942	0.0249936022553
2621.97322869	0.024993551243
2622.28738795	0.0249934990556
2622.60154722	0.0249934402022
2622.91570648	0.0249933888533
2623.22986575	0.0249933539301
2623.54402501	0.0249932953326
2623.85818428	0.0249932328731
2624.17234354	0.0249931972393
2624.48650281	0.0249931534727
2624.80066207	0.0249930955285
2625.11482134	0.0249930432323
2625.42898061	0.0249930096943
2625.74313987	0.0249929708686
2626.05729914	0.0249929088472
2626.3714584	0.0249928617408
2626.68561767	0.0249928157474
2626.99977693	0.0249927577276
2627.3139362	0.0249927035449
2627.62809546	0.0249926703873
2627.94225473	0.0249926438045
2628.25641399	0.0249925927592
2628.57057326	0.0249925400033
2628.88473252	0.0249924814897
2629.19889179	0.0249924328461
2629.51305105	0.0249923971342
2629.82721032	0.0249923359657
2630.14136959	0.0249922766874
2630.45552885	0.0249922414566
2630.76968812	0.0249921969026
2631.08384738	0.0249921392543
2631.39800665	0.024992088139
2631.71216591	0.024992055486
2632.02632518	0.0249920158085
2632.34048444	0.0249919535236
2632.65464371	0.0249919079214
2632.96880297	0.0249918616397
2633.28296224	0.0249918033675
2633.5971215	0.024991751156
2633.91128077	0.024991718601
2634.22544004	0.0249916908639
2634.5395993	0.0249916400571
2634.85375857	0.0249915863857
2635.16791783	0.0249915277321
2635.4820771	0.0249914824853
2635.79623636	0.0249914457901
2636.11039563	0.0249913816351
2636.42455489	0.0249913262897
2636.73871416	0.0249912907682
2637.05287342	0.0249912456714
2637.36703269	0.0249911886206
2637.68119195	0.0249911387096
2637.99535122	0.0249911071421
2638.30951048	0.0249910667191
2638.62366975	0.0249910042467
2638.93782902	0.0249909602309
2639.25198828	0.0249909135903
2639.56614755	0.0249908549388
2639.88030681	0.024990805081
2640.19446608	0.0249907729741
2640.50862534	0.0249907437872
2640.82278461	0.0249906933153
2641.13694387	0.024990638924
2641.45110314	0.0249905798427
2641.7652624	0.0249905380189
2642.07942167	0.0249905006003
2642.39358093	0.0249904337452
2642.7077402	0.0249903814044
2643.02189947	0.0249903466675
2643.33605873	0.0249903004028
2643.650218	0.0249902435721
2643.96437726	0.0249901954632
2644.27853653	0.0249901647073
2644.59269579	0.0249901233854
2644.90685506	0.0249900608877
2645.22101432	0.0249900182457
2645.53517359	0.0249899708381
2645.84933285	0.0249899118825
2646.16349212	0.0249898642522
2646.47765138	0.0249898326274
2646.79181065	0.0249898017858
2647.10596991	0.0249897517937
2647.42012918	0.0249896971636
2647.73428845	0.024989637637
2648.04844771	0.0249895988338
2648.36260698	0.0249895607244
2648.67676624	0.024989491605
2648.99092551	0.0249894420409
2649.30508477	0.0249894075783
2649.61924404	0.0249893605625
2649.9334033	0.0249893040083
2650.24756257	0.0249892573361
2650.56172183	0.0249892271545
2650.8758811	0.024989184773
2651.19004036	0.0249891224756
2651.50419963	0.0249890808633
2651.8183589	0.024989032751
2652.13251816	0.0249889737681
2652.44667743	0.0249889279649
2652.76083669	0.0249888972415
2653.07499596	0.0249888645922
2653.38915522	0.0249888150853
2653.70331449	0.0249887600372
2654.01747375	0.024988699967
2654.33163302	0.0249886646531
2654.64579228	0.024988626217
2654.95995155	0.0249885550551
2655.27411081	0.0249885086066
2655.58827008	0.0249884737715
2655.90242934	0.0249884264412
2656.21658861	0.0249883704406
2656.53074788	0.024988324805
2656.84490714	0.0249882951253
2657.15906641	0.0249882516836
2657.47322567	0.0249881897844
2657.78738494	0.024988148922
2658.1015442	0.0249881002716
2658.41570347	0.0249880413626
2658.72986273	0.0249879975272
2659.044022	0.0249879679404
2659.35818126	0.0249879333968
2659.67234053	0.0249878840048
2659.98649979	0.0249878286418
2660.30065906	0.0249877676169
2660.61481833	0.0249877354627
2660.92897759	0.024987697096
2661.24313686	0.0249876241329
2661.55729612	0.0249875803255
2661.87145539	0.0249875459832
2662.18561465	0.0249874979416
2662.49977392	0.0249874425121
2662.81393318	0.0249873986243
2663.12809245	0.0249873693962
2663.44225171	0.0249873248139
2663.75641098	0.0249872635244
2664.07057024	0.0249872231166
2664.38472951	0.0249871734089
2664.69888877	0.0249871143464
2665.01304804	0.0249870725462
2665.32720731	0.0249870437102
2665.64136657	0.0249870071869
2665.95552584	0.0249869583681
2666.2696851	0.0249869030469
2666.58384437	0.0249868418931
2666.89800363	0.0249868118372
2667.2121629	0.0249867732243
2667.52632216	0.0249866989679
2667.84048143	0.0249866573258
2668.15464069	0.0249866231992
2668.46879996	0.024986574357
2668.78295922	0.02498651924
2669.09711849	0.0249864769222
2669.41127776	0.0249864480071
2669.72543702	0.0249864023867
2670.03959629	0.0249863422849
2670.35375555	0.0249863023221
2670.66791482	0.0249862516474
2670.98207408	0.0249861926542
2671.29623335	0.0249861524898
2671.61039261	0.024986124368
2671.92455188	0.0249860858663
2672.23871114	0.0249860374788
2672.55287041	0.0249859817753
2672.86702967	0.0249859205887
2673.18118894	0.0249858925586
2673.49534821	0.024985854025
2673.80950747	0.0249857793328
2674.12366674	0.0249857395904
2674.437826	0.024985705192
2674.75198527	0.0249856563566
2675.06614453	0.024985601734
2675.3803038	0.0249855603176
2675.69446306	0.0249855313981
2676.00862233	0.0249854847264
2676.32278159	0.0249854258042
2676.63694086	0.0249853860448
2676.95110012	0.0249853347902
2677.26525939	0.0249852759809
2677.57941865	0.0249852375937
2677.89357792	0.0249852112247
2678.20773719	0.0249851710717
2678.52189645	0.0249851225571
2678.83605572	0.024985066989
2679.15021498	0.024985005412
2679.46437425	0.0249849789427
2679.77853351	0.0249849408465
2680.09269278	0.0249848657628
2680.40685204	0.0249848274183
2680.72101131	0.0249847929719
2681.03517057	0.0249847438123
2681.34932984	0.0249846896595
2681.6634891	0.024984649803
2681.97764837	0.0249846209422
2682.29180764	0.0249845731629
2682.6059669	0.0249845154624
2682.92012617	0.0249844756098
2683.23428543	0.0249844235188
2683.5484447	0.024984364949
2683.86260396	0.0249843283939
2684.17676323	0.0249843027406
2684.49092249	0.0249842607179
2684.80508176	0.0249842128871
2685.11924102	0.0249841572703
2685.43340029	0.0249840963985
2685.74755955	0.0249840710578
2686.06171882	0.024984032598
2686.37587808	0.0249839575936
2686.69003735	0.0249839207882
2687.00419662	0.0249838864276
2687.31835588	0.0249838363696
2687.63251515	0.0249837826363
2687.94667441	0.0249837442859
2688.26083368	0.0249837151729
2688.57499294	0.0249836662768
2688.88915221	0.0249836099587
2689.20331147	0.0249835700893
2689.51747074	0.0249835170467
2689.83163	0.0249834590018
2690.14578927	0.0249834237203
2690.45994853	0.0249833988476
2690.7741078	0.0249833555368
2691.08826707	0.0249833077991
2691.40242633	0.0249832529598
2691.7165856	0.0249831924807
2692.03074486	0.0249831681112
2692.34490413	0.0249831293912
2692.65906339	0.0249830551527
2692.97322266	0.0249830195213
2693.28738192	0.0249829847462
2693.60154119	0.02498293483
2693.91570045	0.0249828815053
2694.22985972	0.0249828439822
2694.54401898	0.0249828145764
2694.85817825	0.0249827645764
2695.17233751	0.0249827096438
2695.48649678	0.024982669654
2695.80065605	0.0249826158812
2696.11481531	0.0249825580969
2696.42897458	0.0249825241416
2696.74313384	0.0249825005602
2697.05729311	0.0249824555587
2697.37145237	0.0249824078534
2697.68561164	0.0249823534115
2697.9997709	0.0249822938262
2698.31393017	0.0249822698729
2698.62808943	0.0249822306384
2698.9422487	0.0249821581067
2699.25640796	0.0249821229308
2699.57056723	0.0249820879383
2699.8847265	0.0249820379658
2700.19888576	0.0249819851128
2700.51304503	0.0249819490435
2700.82720429	0.024981919425
2701.14136356	0.0249818686914
2701.45552282	0.0249818152881
2701.76968209	0.0249817750054
2702.08384135	0.0249817207857
2702.39800062	0.0249816636089
2702.71215988	0.0249816310374
2703.02631915	0.0249816080133
2703.34047841	0.0249815615887
2703.65463768	0.0249815137079
2703.96879694	0.0249814595139
2704.28295621	0.024981401142
2704.59711548	0.0249813770919
2704.91127474	0.0249813366205
2705.22543401	0.0249812655869
2705.53959327	0.0249812314174
2705.85375254	0.0249811960714
2706.1679118	0.024981145882
2706.48207107	0.0249810937062
2706.79623033	0.0249810588857
2707.1103896	0.0249810289053
2707.42454886	0.0249809773948
2707.73870813	0.0249809256108
2708.05286739	0.0249808849222
2708.36702666	0.0249808299127
2708.68118593	0.0249807735939
2708.99534519	0.0249807422606
2709.30950446	0.0249807196346
2709.62366372	0.0249806723123
2709.93782299	0.0249806249552
2710.25198225	0.0249805712839
2710.56614152	0.0249805142986
2710.88030078	0.0249804898257
2711.19446005	0.0249804480569
2711.50861931	0.0249803785341
2711.82277858	0.024980344905
2712.13693784	0.0249803091417
2712.45109711	0.0249802585929
2712.76525637	0.0249802069038
2713.07941564	0.0249801730788
2713.39357491	0.0249801427706
2713.70773417	0.0249800906387
2714.02189344	0.0249800402765
2714.3360527	0.0249799997356
2714.65021197	0.0249799445976
2714.96437123	0.024979888695
2715.2785305	0.0249798584487
2715.59268976	0.0249798364943
2715.90684903	0.0249797880342
2716.22100829	0.0249797406491
2716.53516756	0.0249796871399
2716.84932682	0.02497963262
2717.16348609	0.024979607316
2717.47764536	0.0249795639377
2717.79180462	0.0249794973693
2718.10596389	0.0249794635138
2718.42012315	0.0249794274891
2718.73428242	0.0249793770745
2719.04844168	0.0249793257267
2719.36260095	0.0249792927491
2719.67676021	0.024979261799
2719.99091948	0.0249792091355
2720.30507874	0.024979160118
2720.61923801	0.0249791193232
2720.93339727	0.0249790641891
2721.24755654	0.0249790089618
2721.5617158	0.0249789800814
2721.87587507	0.0249789588576
2722.19003434	0.0249789097264
2722.5041936	0.0249788619995
2722.81835287	0.024978809009
2723.13251213	0.0249787568821
2723.4466714	0.0249787301148
2723.76083066	0.0249786846628
2724.07498993	0.0249786207378
2724.38914919	0.0249785871566
2724.70330846	0.0249785507423
2725.01746772	0.0249785003418
2725.33162699	0.0249784499946
2725.64578625	0.0249784184136
2725.95994552	0.0249783870703
2726.27410479	0.0249783337826
2726.58826405	0.0249782861257
2726.90242332	0.0249782445351
2727.21658258	0.0249781887501
2727.53074185	0.0249781342925
2727.84490111	0.0249781062165
2728.15906038	0.024978084717
2728.47321964	0.024978035051
2728.78737891	0.0249779879636
2729.10153817	0.0249779353977
2729.41569744	0.024977885804
2729.7298567	0.0249778580972
2730.04401597	0.0249778106807
2730.35817524	0.0249777488982
2730.6723345	0.0249777158772
2730.98649377	0.0249776790658
2731.30065303	0.0249776281952
2731.6148123	0.0249775785487
2731.92897156	0.0249775479723
2732.24313083	0.0249775161903
2732.55729009	0.0249774626532
2732.87144936	0.0249774163917
2733.18560862	0.0249773746852
2733.49976789	0.0249773190804
2733.81392715	0.0249772652925
2734.12808642	0.024977238053
2734.44224568	0.024977216179
2734.75640495	0.0249771660086
2735.07056422	0.0249771187788
2735.38472348	0.0249770660182
2735.69888275	0.0249770192197
2736.01304201	0.0249769900451
2736.32720128	0.0249769405457
2736.64136054	0.0249768820152
2736.95551981	0.0249768486908
2737.26967907	0.0249768120522
2737.58383834	0.0249767618244
2737.8979976	0.0249767126979
2738.21215687	0.0249766827524
2738.52631613	0.024976650405
2738.8404754	0.0249765967182
2739.15463467	0.024976551596
2739.46879393	0.0249765097248
2739.7829532	0.0249764543377
2740.09711246	0.0249764012529
2740.41127173	0.0249763750494
2740.72543099	0.0249763533301
2741.03959026	0.0249763028486
2741.35374952	0.0249762549562
2741.66790879	0.0249762026675
2741.98206805	0.0249761590536
2742.29622732	0.0249761278864
2742.61038658	0.0249760751837
2742.92454585	0.0249760200032
2743.23870511	0.0249759863595
2743.55286438	0.0249759490078
2743.86702365	0.0249758989679
2744.18118291	0.0249758508916
2744.49534218	0.024975822305
2744.80950144	0.0249757897044
2745.12366071	0.024975736025
2745.43781997	0.0249756924604
2745.75197924	0.0249756501531
2746.0661385	0.0249755947438
2746.38029777	0.0249755428778
2746.69445703	0.0249755170001
2747.0086163	0.0249754947758
2747.32277556	0.0249754440593
2747.63693483	0.0249753960499
2747.9510941	0.0249753439439
2748.26525336	0.024975302734
2748.57941263	0.024975270985
2748.89357189	0.0249752158095
2749.20773116	0.0249751629899
2749.52189042	0.0249751301805
2749.83604969	0.0249750923065
2750.15020895	0.0249750419318
2750.46436822	0.0249749946612
2750.77852748	0.0249749666869
2751.09268675	0.0249749333128
2751.40684601	0.0249748795372
2751.72100528	0.0249748371777
2752.03516454	0.0249747941312
2752.34932381	0.0249747387322
2752.66348308	0.0249746881304
2752.97764234	0.0249746630969
2753.29180161	0.0249746404992
2753.60596087	0.0249745899581
2753.92012014	0.0249745422933
2754.2342794	0.0249744904576
2754.54843867	0.0249744514011
2754.86259793	0.0249744188652
2755.1767572	0.0249743618356
2755.49091646	0.0249743111874
2755.80507573	0.0249742786329
2756.11923499	0.0249742405842
2756.43339426	0.0249741906072
2756.74755353	0.0249741441985
2757.06171279	0.0249741168275
2757.37587206	0.0249740828848
2757.69003132	0.0249740290553
2758.00419059	0.0249739873771
2758.31834985	0.0249739440067
2758.63250912	0.0249738887138
2758.94666838	0.0249738386284
2759.26082765	0.0249738140662
2759.57498691	0.0249737910184
2759.88914618	0.024973740114
2760.20330544	0.0249736920933
2760.51746471	0.0249736400738
2760.83162397	0.0249736049952
2761.14578324	0.0249735718242
2761.45994251	0.0249735120501
2761.77410177	0.0249734647585
2762.08826104	0.0249734321195
2762.4024203	0.0249733937467
2762.71657957	0.0249733439307
2763.03073883	0.0249732983469
2763.3448981	0.02497327159
2763.65905736	0.0249732370146
2763.97321663	0.024973183348
2764.28737589	0.0249731427064
2764.60153516	0.0249730988264
2764.91569442	0.0249730437946
2765.22985369	0.0249729953758
2765.54401296	0.0249729712003
2765.85817222	0.024972946936
2766.17233149	0.0249728958036
2766.48649075	0.0249728472634
2766.80065002	0.0249727942054
2767.11480928	0.024972761664
2767.42896855	0.0249727283478
2767.74312781	0.0249726658764
2768.05728708	0.0249726214086
2768.37144634	0.0249725893898
2768.68560561	0.0249725510666
2768.99976487	0.0249725018059
2769.31392414	0.0249724577816
2769.6280834	0.0249724319777
2769.94224267	0.0249723967868
2770.25640194	0.0249723432573
2770.5705612	0.0249723034315
2770.88472047	0.0249722582097
2771.19887973	0.0249722026809
2771.513039	0.0249721557009
2771.82719826	0.0249721319865
2772.14135753	0.0249721063474
2772.45551679	0.0249720556907
2772.76967606	0.0249720077217
2773.08383532	0.0249719548495
2773.39799459	0.0249719242806
2773.71215385	0.0249718905279
2774.02631312	0.0249718266649
2774.34047239	0.0249717836289
2774.65463165	0.0249717521804
2774.96879092	0.0249717129584
2775.28295018	0.0249716634614
2775.59710945	0.0249716205757
2775.91126871	0.0249715953492
2776.22542798	0.0249715598637
2776.53958724	0.0249715071744
2776.85374651	0.024971468314
2777.16790577	0.0249714230746
2777.48206504	0.0249713678611
2777.7962243	0.0249713221509
2778.11038357	0.0249712988423
2778.42454283	0.0249712720052
2778.7387021	0.0249712215859
2779.05286137	0.024971172493
2779.36702063	0.0249711183733
2779.6811799	0.0249710907234
2779.99533916	0.024971057225
2780.30949843	0.0249709918406
2780.62365769	0.0249709511807
2780.93781696	0.0249709198452
2781.25197622	0.0249708809049
2781.56613549	0.02497083183
2781.88029475	0.0249707894717
2782.19445402	0.0249707639728
2782.50861328	0.0249707274708
2782.82277255	0.0249706750076
2783.13693182	0.0249706365798
2783.45109108	0.0249705907168
2783.76525035	0.0249705356659
2784.07940961	0.0249704920689
2784.39356888	0.0249704698631
2784.70772814	0.0249704419959
2785.02188741	0.024970392385
2785.33604667	0.0249703427949
2785.65020594	0.0249702884865
2785.9643652	0.0249702628461
2786.27852447	0.0249702291797
2786.59268373	0.0249701616004
2786.906843	0.0249701229362
2787.22100226	0.0249700915467
2787.53516153	0.0249700519652
2787.8493208	0.024970003183
2788.16348006	0.0249699627464
2788.47763933	0.024969938214
2788.79179859	0.0249699011168
2789.10595786	0.024969848932
2789.42011712	0.024969811071
2789.73427639	0.0249697642036
2790.04843565	0.0249697089229
2790.36259492	0.0249696665808
2790.67675418	0.0249696438705
2790.99091345	0.0249696143545
2791.30507271	0.0249695656053
2791.61923198	0.0249695162217
2791.93339125	0.024969462501
2792.24755051	0.0249694393485
2792.56170978	0.0249694060364
2792.87586904	0.0249693380779
2793.19002831	0.0249693010439
2793.50418757	0.0249692706877
2793.81834684	0.0249692303049
2794.1325061	0.0249691811048
2794.44666537	0.0249691413622
2794.76082463	0.0249691164628
2795.0749839	0.0249690784022
2795.38914316	0.0249690267427
2795.70330243	0.0249689892769
2796.0174617	0.0249689415988
2796.33162096	0.0249688867567
2796.64578023	0.0249688459075
2796.95993949	0.0249688239058
2797.27409876	0.0249687933848
2797.58825802	0.0249687446843
2797.90241729	0.0249686954728
2798.21657655	0.0249686404781
2798.53073582	0.0249686186042
2798.84489508	0.0249685857137
2799.15905435	0.0249685177505
2799.47321361	0.024968482076
2799.78737288	0.0249684520002
2800.10153214	0.0249684127199
2800.41569141	0.0249683645085
2800.72985068	0.0249683259596
2801.04400994	0.0249683012332
2801.35816921	0.0249682623936
2801.67232847	0.0249682110471
2801.98648774	0.0249681733145
2802.300647	0.0249681249457
2802.61480627	0.0249680697673
2802.92896553	0.0249680298832
2803.2431248	0.0249680084325
2803.55728406	0.0249679762744
2803.87144333	0.0249679276883
2804.18560259	0.0249678784312
2804.49976186	0.0249678238954
2804.81392113	0.0249678037465
2805.12808039	0.0249677710388
2805.44223966	0.0249677025663
2805.75639892	0.0249676680702
2806.07055819	0.0249676378166
2806.38471745	0.0249675976486
2806.69887672	0.0249675490504
2807.01303598	0.0249675118442
2807.32719525	0.0249674876272
2807.64135451	0.0249674486539
2807.95551378	0.0249673986804
2808.26967304	0.0249673615262
2808.58383231	0.0249673131629
2808.89799157	0.0249672590247
2809.21215084	0.0249672209224
2809.52631011	0.0249671993598
2809.84046937	0.0249671652324
2810.15462864	0.0249671169961
2810.4687879	0.0249670670023
2810.78294717	0.0249670112985
2811.09710643	0.024966992501
2811.4112657	0.024966960064
2811.72542496	0.0249668914309
2812.03958423	0.024966858734
2812.35374349	0.0249668294046
2812.66790276	0.0249667892735
2812.98206202	0.0249667411063
2813.29622129	0.0249667048146
2813.61038056	0.0249666802181
2813.92453982	0.0249666399962
2814.23869909	0.0249665904916
2814.55285835	0.0249665533515
2814.86701762	0.024966503523
2815.18117688	0.0249664494898
2815.49533615	0.0249664132606
2815.80949541	0.0249663929868
2816.12365468	0.0249663581858
2816.43781394	0.0249663111551
2816.75197321	0.0249662624797
2817.06613247	0.0249662081137
2817.38029174	0.0249661892437
2817.694451	0.0249661557526
2818.00861027	0.0249660873899
2818.32276954	0.0249660546461
2818.6369288	0.0249660245203
2818.95108807	0.0249659836648
2819.26524733	0.0249659353407
2819.5794066	0.0249659003173
2819.89356586	0.0249658760539
2820.20772513	0.0249658353845
2820.52188439	0.0249657867544
2820.83604366	0.0249657503791
2821.15020292	0.0249657010122
2821.46436219	0.0249656469547
2821.77852145	0.0249656111623
2822.09268072	0.0249655909249
2822.40683999	0.0249655546072
2822.72099925	0.0249655075638
2823.03515852	0.0249654582916
2823.34931778	0.0249654049544
2823.66347705	0.0249653874608
2823.97763631	0.0249653547613
2824.29179558	0.0249652879632
2824.60595484	0.0249652561202
2824.92011411	0.0249652265288
2825.23427337	0.0249651857354
2825.54843264	0.0249651370789
2825.8625919	0.0249651020437
2826.17675117	0.0249650765681
2826.49091043	0.0249650345467
2826.8050697	0.0249649864031
2827.11922897	0.024964949428
2827.43338823	0.0249648994071
2827.7475475	0.0249648465111
2828.06170676	0.0249648132667
2828.37586603	0.0249647943132
2828.69002529	0.0249647565088
2829.00418456	0.0249647103183
2829.31834382	0.0249646614613
2829.63250309	0.0249646079324
2829.94666235	0.0249645899373
2830.26082162	0.024964556422
2830.57498088	0.0249644905356
2830.88914015	0.024964459467
2831.20329942	0.0249644299992
2831.51745868	0.0249643898147
2831.83161795	0.0249643425085
2832.14577721	0.0249643100438
2832.45993648	0.024964285447
2832.77409574	0.0249642427628
2833.08825501	0.0249641950361
2833.40241427	0.0249641573987
2833.71657354	0.0249641058215
2834.0307328	0.0249640522165
2834.34489207	0.0249640191624
2834.65905133	0.0249639995453
2834.9732106	0.0249639601088
2835.28736986	0.0249639150132
2835.60152913	0.0249638673744
2835.9156884	0.0249638162963
2836.22984766	0.0249637994295
2836.54400693	0.0249637653679
2836.85816619	0.024963700404
2837.17232546	0.0249636702312
2837.48648472	0.0249636408096
2837.80064399	0.024963598707
2838.11480325	0.0249635504805
2838.42896252	0.0249635183036
2838.74312178	0.0249634932909
2839.05728105	0.0249634507513
2839.37144031	0.0249634045671
2839.68559958	0.0249633680144
2839.99975885	0.024963317646
2840.31391811	0.0249632655624
2840.62807738	0.0249632337318
2840.94223664	0.0249632142319
2841.25639591	0.0249631737077
2841.57055517	0.0249631273203
2841.88471444	0.0249630782779
2842.1988737	0.0249630267163
2842.51303297	0.0249630080842
2842.82719223	0.0249629736809
2843.1413515	0.0249629117141
2843.45551076	0.0249628812276
2843.76967003	0.0249628528683
2844.08382929	0.0249628130892
2844.39798856	0.0249627658065
2844.71214783	0.0249627343931
2845.02630709	0.0249627088268
2845.34046636	0.0249626651516
2845.65462562	0.0249626192625
2845.96878489	0.0249625817926
2846.28294415	0.0249625303982
2846.59710342	0.0249624778249
2846.91126268	0.0249624483089
2847.22542195	0.0249624307032
2847.53958121	0.0249623890591
2847.85374048	0.0249623440765
2848.16789974	0.0249622967374
2848.48205901	0.0249622485312
2848.79621828	0.0249622281788
2849.11037754	0.0249621907394
2849.42453681	0.0249621298623
2849.73869607	0.0249620989593
2850.05285534	0.0249620685719
2850.3670146	0.0249620264733
2850.68117387	0.0249619793647
2850.99533313	0.0249619501749
2851.3094924	0.0249619253376
2851.62365166	0.024961882369
2851.93781093	0.0249618385799
2852.25197019	0.0249618020061
2852.56612946	0.0249617512277
2852.88028873	0.02496169972
2853.19444799	0.0249616703901
2853.50860726	0.0249616517533
2853.82276652	0.0249616088336
2854.13692579	0.0249615636995
2854.45108505	0.0249615154492
2854.76524432	0.0249614690299
2855.07940358	0.0249614500579
2855.39356285	0.0249614124352
2855.70772211	0.0249613536627
2856.02188138	0.0249613243135
2856.33604064	0.024961295564
2856.65019991	0.0249612533338
2856.96435917	0.0249612056567
2857.27851844	0.0249611755038
2857.59267771	0.0249611485149
2857.90683697	0.0249611034746
2858.22099624	0.0249610596368
2858.5351555	0.0249610221818
2858.84931477	0.024960970626
2859.16347403	0.0249609202136
2859.4776333	0.0249608937076
2859.79179256	0.0249608765408
2860.10595183	0.0249608341198
2860.42011109	0.0249607904876
2860.73427036	0.0249607438452
2861.04842962	0.0249606986162
2861.36258889	0.0249606766568
2861.67674816	0.0249606372183
2861.99090742	0.0249605800487
2862.30506669	0.0249605498922
2862.61922595	0.0249605203059
2862.93338522	0.0249604789812
2863.24754448	0.0249604332863
2863.56170375	0.0249604056521
2863.87586301	0.0249603795758
2864.19002228	0.0249603343332
2864.50418154	0.0249602907615
2864.81834081	0.0249602532526
2865.13250007	0.0249602013359
2865.44665934	0.0249601485317
2865.7608186	0.024960120924
2866.07497787	0.024960103325
2866.38913714	0.0249600584277
2866.7032964	0.0249600142353
2867.01745567	0.0249599684446
2867.33161493	0.02495992885
2867.6457742	0.024959907624
2867.95993346	0.0249598662135
2868.27409273	0.0249598130348
2868.58825199	0.0249597835992
2868.90241126	0.0249597537627
2869.21657052	0.0249597108988
2869.53072979	0.0249596640972
2869.84488905	0.0249596359185
2870.15904832	0.0249596088456
2870.47320759	0.0249595640282
2870.78736685	0.0249595223033
2871.10152612	0.0249594847308
2871.41568538	0.0249594339759
2871.72984465	0.0249593848718
2872.04400391	0.0249593594514
2872.35816318	0.0249593409376
2872.67232244	0.0249592956539
2872.98648171	0.0249592508435
2873.30064097	0.0249592023967
2873.61480024	0.0249591607268
2873.9289595	0.0249591379632
2874.24311877	0.0249590946606
2874.55727803	0.0249590437308
2874.8714373	0.0249590153397
2875.18559657	0.0249589870951
2875.49975583	0.0249589471131
2875.8139151	0.0249589030526
2876.12807436	0.0249588772411
2876.44223363	0.0249588504353
2876.75639289	0.0249588043912
2877.07055216	0.0249587626653
2877.38471142	0.0249587232866
2877.69887069	0.0249586700778
2878.01302995	0.0249586195457
2878.32718922	0.0249585950368
2878.64134848	0.0249585772006
2878.95550775	0.0249585314438
2879.26966702	0.0249584888761
2879.58382628	0.0249584440968
2879.89798555	0.0249584072747
2880.21214481	0.0249583821991
2880.52630408	0.0249583362535
2880.84046334	0.0249582854422
2881.15462261	0.0249582557928
2881.46878187	0.0249582245589
2881.78294114	0.024958180501
2882.0971004	0.0249581355935
2882.41125967	0.0249581106188
2882.72541893	0.0249580843296
2883.0395782	0.0249580405824
2883.35373746	0.0249580019897
2883.66789673	0.0249579657196
2883.982056	0.0249579157112
2884.29621526	0.0249578665305
2884.61037453	0.0249578418966
2884.92453379	0.0249578233095
2885.23869306	0.0249577762956
2885.55285232	0.0249577305128
2885.86701159	0.0249576820318
2886.18117085	0.0249576475306
2886.49533012	0.024957622969
2886.80948938	0.024957575747
2887.12364865	0.0249575298833
2887.43780791	0.0249575014702
2887.75196718	0.0249574729802
2888.06612645	0.0249574316247
2888.38028571	0.0249573864858
2888.69444498	0.0249573594306
2889.00860424	0.0249573301132
2889.32276351	0.0249572833783
2889.63692277	0.0249572438392
2889.95108204	0.0249572044951
2890.2652413	0.0249571530291
2890.57940057	0.0249571053087
2890.89355983	0.0249570850318
2891.2077191	0.0249570690114
2891.52187836	0.0249570236197
2891.83603763	0.0249569810697
2892.15019689	0.0249569361818
2892.46435616	0.0249569034833
2892.77851543	0.024956875982
2893.09267469	0.0249568243298
2893.40683396	0.0249567790028
2893.72099322	0.0249567491356
2894.03515249	0.0249567177707
2894.34931175	0.0249566753538
2894.66347102	0.0249566337078
2894.97763028	0.0249566114509
2895.29178955	0.0249565839285
2895.60594881	0.0249565377876
2895.92010808	0.0249564996281
2896.23426734	0.0249564609596
2896.54842661	0.0249564084477
2896.86258588	0.024956358347
2897.17674514	0.0249563342722
2897.49090441	0.0249563151662
2897.80506367	0.0249562677557
2898.11922294	0.024956224114
2898.4333822	0.0249561795438
2898.74754147	0.0249561527252
2899.06170073	0.0249561283357
2899.37586	0.024956078432
2899.69001926	0.024956035258
2900.00417853	0.0249560093451
2900.31833779	0.0249559787616
2900.63249706	0.0249559338298
2900.94665632	0.0249558898529
2901.26081559	0.0249558638583
2901.57497486	0.0249558336817
2901.88913412	0.0249557872715
2902.20329339	0.0249557494868
2902.51745265	0.0249557101608
2902.83161192	0.0249556596965
2903.14577118	0.0249556142145
2903.45993045	0.0249555940704
2903.77408971	0.0249555751265
2904.08824898	0.0249555284809
2904.40240824	0.0249554842397
2904.71656751	0.0249554348623
2905.03072677	0.0249554051788
2905.34488604	0.0249553782884
2905.65904531	0.0249553254404
2905.97320457	0.0249552859111
2906.28736384	0.0249552582406
2906.6015231	0.0249552304862
2906.91568237	0.0249551916557
2907.22984163	0.0249551522021
2907.5440009	0.0249551301296
2907.85816016	0.0249551008865
2908.17231943	0.0249550541904
2908.48647869	0.0249550153161
2908.80063796	0.0249549734467
2909.11479722	0.0249549196886
2909.42895649	0.0249548703922
2909.74311576	0.0249548487771
2910.05727502	0.0249548294063
2910.37143429	0.0249547815467
2910.68559355	0.024954738625
2910.99975282	0.0249546960246
2911.31391208	0.0249546719942
2911.62807135	0.0249546447028
2911.94223061	0.0249545900279
2912.25638988	0.024954550728
2912.57054914	0.0249545228049
2912.88470841	0.0249544888188
2913.19886767	0.0249544437684
2913.51302694	0.0249544024733
2913.8271862	0.0249543804134
2914.14134547	0.024954352717
2914.45550474	0.024954309399
2914.769664	0.0249542752776
2915.08382327	0.0249542379393
2915.39798253	0.0249541887523
2915.7121418	0.0249541447425
2916.02630106	0.0249541231875
2916.34046033	0.0249541021375
2916.65461959	0.0249540533975
2916.96877886	0.0249540059954
2917.28293812	0.02495395373
2917.59709739	0.0249539294744
2917.91125665	0.0249539046007
2918.22541592	0.0249538482644
2918.53957519	0.0249538128218
2918.85373445	0.02495378834
2919.16789372	0.0249537602069
2919.48205298	0.0249537193497
2919.79621225	0.0249536794209
2920.11037151	0.0249536554879
2920.42453078	0.0249536229951
2920.73869004	0.0249535756619
2921.05284931	0.0249535387339
2921.36700857	0.0249534950374
2921.68116784	0.0249534424309
2921.9953271	0.0249533994611
2922.30948637	0.024953383112
2922.62364563	0.0249533650283
2922.9378049	0.0249533198652
2923.25196417	0.0249532795381
2923.56612343	0.0249532368011
2923.8802827	0.0249532139328
2924.19444196	0.0249531837097
2924.50860123	0.0249531243767
2924.82276049	0.0249530861956
2925.13691976	0.0249530568571
2925.45107902	0.0249530225484
2925.76523829	0.024952978032
2926.07939755	0.0249529406897
2926.39355682	0.0249529217577
2926.70771608	0.0249528924221
2927.02187535	0.0249528480369
2927.33603462	0.0249528141523
2927.65019388	0.0249527758476
2927.96435315	0.0249527240802
2928.27851241	0.0249526771163
2928.59267168	0.0249526552737
2928.90683094	0.0249526332717
2929.22099021	0.0249525848086
2929.53514947	0.02495253825
2929.84930874	0.0249524919179
2930.163468	0.0249524777382
2930.47762727	0.0249524542938
2930.79178653	0.0249523977624
2931.1059458	0.024952365218
2931.42010506	0.0249523423797
2931.73426433	0.0249523114379
2932.0484236	0.0249522665134
2932.36258286	0.0249522247567
2932.67674213	0.0249521984746
2932.99090139	0.0249521639227
2933.30506066	0.0249521164948
2933.61921992	0.0249520804341
2933.93337919	0.0249520377374
2934.24753845	0.024951988354
2934.56169772	0.0249519496531
2934.87585698	0.0249519341108
2935.19001625	0.0249519136965
2935.50417551	0.0249518690836
2935.81833478	0.0249518258706
2936.13249405	0.0249517748841
2936.44665331	0.024951754469
2936.76081258	0.0249517270562
2937.07497184	0.0249516654778
2937.38913111	0.0249516340674
2937.70329037	0.024951608173
2938.01744964	0.0249515789823
2938.3316089	0.0249515406545
2938.64576817	0.0249515086827
2938.95992743	0.024951490849
2939.2740867	0.024951458994
2939.58824596	0.0249514126688
2939.90240523	0.0249513764603
2940.21656449	0.0249513311823
2940.53072376	0.0249512749265
2940.84488303	0.0249512286599
2941.15904229	0.0249512070301
2941.47320156	0.0249511821062
2941.78736082	0.024951135349
2942.10152009	0.0249510935938
2942.41567935	0.0249510541806
2942.72983862	0.024951041991
2943.04399788	0.024951014455
2943.35815715	0.024950956359
2943.67231641	0.024950926189
2943.98647568	0.0249509007904
2944.30063494	0.0249508630933
2944.61479421	0.024950815375
2944.92895348	0.0249507765245
2945.24311274	0.0249507541537
2945.55727201	0.0249507234776
2945.87143127	0.024950682294
2946.18559054	0.0249506508126
2946.4997498	0.0249506122308
2946.81390907	0.0249505659933
2947.12806833	0.0249505278568
2947.4422276	0.0249505091453
2947.75638686	0.0249504853318
2948.07054613	0.0249504364594
2948.38470539	0.0249503868486
2948.69886466	0.0249503289693
2949.01302392	0.0249503105591
2949.32718319	0.0249502871821
2949.64134246	0.0249502285508
2949.95550172	0.0249501997638
2950.26966099	0.0249501786114
2950.58382025	0.0249501528559
2950.89797952	0.0249501144701
2951.21213878	0.0249500808396
2951.52629805	0.0249500580481
2951.84045731	0.0249500215388
2952.15461658	0.0249499753749
2952.46877584	0.0249499380033
2952.78293511	0.0249498891495
2953.09709437	0.0249498346348
2953.41125364	0.0249497981315
2953.72541291	0.0249497848102
2954.03957217	0.0249497620907
2954.35373144	0.0249497202216
2954.6678907	0.0249496818986
2954.98204997	0.0249496420807
2955.29620923	0.0249496267562
2955.6103685	0.024949596589
2955.92452776	0.0249495332958
2956.23868703	0.0249495014713
2956.55284629	0.0249494697277
2956.86700556	0.02494942884
2957.18116482	0.0249493825065
2957.49532409	0.0249493504048
2957.80948335	0.0249493343446
2958.12364262	0.0249493048975
2958.43780189	0.0249492638864
2958.75196115	0.0249492341744
2959.06612042	0.0249491970575
2959.38027968	0.024949148061
2959.69443895	0.0249491059814
2960.00859821	0.0249490845104
2960.32275748	0.0249490575303
2960.63691674	0.0249490086586
2960.95107601	0.0249489580003
2961.26523527	0.0249489090772
2961.57939454	0.0249489040885
2961.8935538	0.0249488835012
2962.20771307	0.0249488253695
2962.52187234	0.0249488001177
2962.8360316	0.0249487824989
2963.15019087	0.0249487520685
2963.46435013	0.024948706538
2963.7785094	0.0249486673786
2964.09266866	0.024948639044
2964.40682793	0.0249485978774
2964.72098719	0.0249485496615
2965.03514646	0.0249485131038
2965.34930572	0.0249484652092
2965.66346499	0.0249484173132
2965.97762425	0.0249483875192
2966.29178352	0.0249483769983
2966.60594278	0.024948355259
2966.92010205	0.0249483153924
2967.23426132	0.0249482768095
2967.54842058	0.0249482284801
2967.86257985	0.0249482102628
2968.17673911	0.024948179875
2968.49089838	0.0249481166989
2968.80505764	0.0249480866817
2969.11921691	0.0249480596795
2969.43337617	0.0249480280722
2969.74753544	0.0249479900763
2970.0616947	0.024947965845
2970.37585397	0.0249479510726
2970.69001323	0.0249479166157
2971.0041725	0.0249478725236
2971.31833177	0.0249478401904
2971.63249103	0.0249477949432
2971.9466503	0.0249477366699
2972.26080956	0.0249476908124
2972.57496883	0.0249476684043
2972.88912809	0.0249476358716
2973.20328736	0.0249475900667
2973.51744662	0.0249475488853
2973.83160589	0.0249475145823
2974.14576515	0.0249475108356
2974.45992442	0.0249474845517
2974.77408368	0.0249474293144
2975.08824295	0.024947407256
2975.40240222	0.024947384197
2975.71656148	0.0249473432978
2976.03072075	0.0249472926556
2976.34488001	0.0249472539923
2976.65903928	0.024947227748
2976.97319854	0.0249471933956
2977.28735781	0.0249471546416
2977.60151707	0.0249471234789
2977.91567634	0.0249470833927
2978.2298356	0.0249470445922
2978.54399487	0.0249470143256
2978.85815413	0.0249469973462
2979.1723134	0.0249469717521
2979.48647266	0.0249469259679
2979.80063193	0.0249468751957
2980.1147912	0.024946814901
2980.42895046	0.0249467937184
2980.74310973	0.0249467675737
2981.05726899	0.0249467125078
2981.37142826	0.02494668668
2981.68558752	0.0249466682208
2981.99974679	0.0249466440479
2982.31390605	0.024946610222
2982.62806532	0.0249465865126
2982.94222458	0.0249465659714
2983.25638385	0.024946526156
2983.57054311	0.0249464835777
2983.88470238	0.0249464450444
2984.19886165	0.0249463876978
2984.51302091	0.0249463301832
2984.82718018	0.0249462976909
2985.14133944	0.0249462836978
2985.45549871	0.0249462528398
2985.76965797	0.0249462166596
2986.08381724	0.0249461853372
2986.3979765	0.0249461540423
2986.71213577	0.0249461418857
2987.02629503	0.0249461104453
2987.3404543	0.0249460500124
2987.65461356	0.0249460199268
2987.96877283	0.0249459844606
2988.28293209	0.0249459348295
2988.59709136	0.0249458840075
2988.91125063	0.0249458550892
2989.22540989	0.0249458398258
2989.53956916	0.0249458128493
2989.85372842	0.0249457784069
2990.16788769	0.0249457529322
2990.48204695	0.0249457200015
2990.79620622	0.0249456785011
2991.11036548	0.0249456406828
2991.42452475	0.0249456194039
2991.73868401	0.024945588035
2992.05284328	0.0249455374318
2992.36700254	0.0249454786416
2992.68116181	0.024945427459
2992.99532108	0.0249454240142
2993.30948034	0.0249454025844
2993.62363961	0.0249453517084
2993.93779887	0.0249453308273
2994.25195814	0.0249453180721
2994.5661174	0.0249452933116
2994.88027667	0.0249452500726
2995.19443593	0.0249452136208
2995.5085952	0.0249451808436
2995.82275446	0.0249451333955
2996.13691373	0.0249450843356
2996.45107299	0.0249450420253
2996.76523226	0.0249449889937
2997.07939152	0.0249449459396
2997.39355079	0.0249449271391
2997.70771006	0.0249449210619
2998.02186932	0.0249448963271
2998.33602859	0.0249448650957
2998.65018785	0.0249448331506
2998.96434712	0.0249447928777
2999.27850638	0.0249447714076
2999.59266565	0.0249447345621
2999.90682491	0.0249446725947
3000.22098418	0.0249446401722
3000.53514344	0.0249446069461
3000.84930271	0.0249445678711
3001.16346197	0.0249445294869
3001.47762124	0.0249445162297
3001.79178051	0.0249445071402
3002.10593977	0.0249444712684
3002.42009904	0.0249444303953
3002.7342583	0.024944406597
3003.04841757	0.0249443631676
3003.36257683	0.0249443024033
3003.6767361	0.0249442568218
3003.99089536	0.0249442310772
3004.30505463	0.0249441885746
3004.61921389	0.024944141744
3004.93337316	0.0249440993611
3005.24753242	0.0249440778484
3005.56169169	0.0249440812273
3005.87585095	0.0249440524792
3006.19001022	0.0249440035682
3006.50416949	0.0249439912061
3006.81832875	0.0249439734648
3007.13248802	0.0249439307759
3007.44664728	0.0249438770607
3007.76080655	0.0249438359554
3008.07496581	0.0249438022151
3008.38912508	0.0249437601258
3008.70328434	0.0249437213929
3009.01744361	0.0249436898287
3009.33160287	0.0249436476036
3009.64576214	0.0249436166033
3009.9599214	0.0249435954225
3010.27408067	0.0249435803113
3010.58823994	0.0249435564676
3010.9023992	0.0249435152818
3011.21655847	0.0249434663979
3011.53071773	0.0249434110211
3011.844877	0.0249433781773
3012.15903626	0.0249433385036
3012.47319553	0.0249432937402
3012.78735479	0.0249432691883
3013.10151406	0.0249432511977
3013.41567332	0.0249432299927
3013.72983259	0.0249432038579
3014.04399185	0.0249431920034
3014.35815112	0.0249431725131
3014.67231038	0.0249431318473
3014.98646965	0.0249430961908
3015.30062892	0.0249430562281
3015.61478818	0.0249429925698
3015.92894745	0.0249429276838
3016.24310671	0.0249428961669
3016.55726598	0.0249428775372
3016.87142524	0.0249428331611
3017.18558451	0.0249428022438
3017.49974377	0.0249427812646
3017.81390304	0.0249427612912
3018.1280623	0.0249427450604
3018.44222157	0.0249427139989
3018.75638083	0.0249426658915
3019.0705401	0.0249426374672
3019.38469937	0.0249425963122
3019.69885863	0.0249425385355
3020.0130179	0.0249424835299
3020.32717716	0.0249424541651
3020.64133643	0.0249424385372
3020.95549569	0.0249424166166
3021.26965496	0.0249423930663
3021.58381422	0.0249423684481
3021.89797349	0.0249423377709
3022.21213275	0.0249423093142
3022.52629202	0.024942276989
3022.84045128	0.0249422555786
3023.15461055	0.0249422237997
3023.46876981	0.0249421711381
3023.78292908	0.0249421019032
3024.09708835	0.0249420466188
3024.41124761	0.0249420373357
3024.72540688	0.0249420118869
3025.03956614	0.0249419706579
3025.35372541	0.0249419512976
3025.66788467	0.0249419430018
3025.98204394	0.024941925883
3026.2962032	0.0249418883093
3026.61036247	0.024941855569
3026.92452173	0.0249418212048
3027.238681	0.0249417707265
3027.55284026	0.0249417200934
3027.86699953	0.0249416674375
3028.1811588	0.0249416086412
3028.49531806	0.0249415698732
3028.80947733	0.0249415610761
3029.12363659	0.0249415558317
3029.43779586	0.0249415298317
3029.75195512	0.0249415090291
3030.06611439	0.0249414896518
3030.38027365	0.024941457961
3030.69443292	0.0249414329778
3031.00859218	0.0249413908792
3031.32275145	0.0249413311965
3031.63691071	0.024941292261
3031.95106998	0.0249412490864
3032.26522924	0.0249411988073
3032.57938851	0.0249411585784
3032.89354778	0.0249411529043
3033.20770704	0.0249411507738
3033.52186631	0.0249411146356
3033.83602557	0.0249410766487
3034.15018484	0.0249410641288
3034.4643441	0.0249410282273
3034.77850337	0.0249409645437
3035.09266263	0.0249409207542
3035.4068219	0.0249408928682
3035.72098116	0.0249408390367
3036.03514043	0.0249407855987
3036.34929969	0.024940737479
3036.66345896	0.0249407364931
3036.97761823	0.0249407470151
3037.29177749	0.0249407125004
3037.60593676	0.0249406741725
3037.92009602	0.0249406688116
3038.23425529	0.0249406626603
3038.54841455	0.02494062121
3038.86257382	0.0249405645208
3039.17673308	0.0249405235181
3039.49089235	0.0249404826275
3039.80505161	0.0249404284869
3040.11921088	0.0249403833841
3040.43337014	0.0249403441187
3040.74752941	0.0249403020338
3041.06168868	0.0249402782905
3041.37584794	0.0249402654391
3041.69000721	0.0249402543026
3042.00416647	0.0249402321102
3042.31832574	0.0249401983741
3042.632485	0.0249401522606
3042.94664427	0.0249401060971
3043.26080353	0.0249400654533
3043.5749628	0.0249400064312
3043.88912206	0.0249399674127
3044.20328133	0.0249399461722
3044.51744059	0.0249399294204
3044.83159986	0.0249399080162
3045.14575912	0.0249398906822
3045.45991839	0.0249398930991
3045.77407766	0.0249398750967
3046.08823692	0.024939832388
3046.40239619	0.0249398052514
3046.71655545	0.024939767177
3047.03071472	0.0249396968981
3047.34487398	0.0249396238873
3047.65903325	0.0249395906104
3047.97319251	0.0249395657667
3048.28735178	0.0249395071007
3048.60151104	0.024939477399
3048.91567031	0.0249394707612
3049.22982957	0.0249394598304
3049.54398884	0.0249394383688
3049.85814811	0.0249394063145
3050.17230737	0.0249393746364
3050.48646664	0.0249393540136
3050.8006259	0.0249393051509
3051.11478517	0.0249392424186
3051.42894443	0.0249391847723
3051.7431037	0.0249391503391
3052.05726296	0.024939130442
3052.37142223	0.0249391134732
3052.68558149	0.0249391006696
3052.99974076	0.0249390754965
3053.31390002	0.0249390485489
3053.62805929	0.0249390305248
3053.94221855	0.0249390062835
3054.25637782	0.0249389876853
3054.57053709	0.0249389525679
3054.88469635	0.0249388986958
3055.19885562	0.0249388232296
3055.51301488	0.0249387676421
3055.82717415	0.0249387463139
3056.14133341	0.0249387087475
3056.45549268	0.0249386812892
3056.76965194	0.0249386606183
3057.08381121	0.0249386532053
3057.39797047	0.0249386461923
3057.71212974	0.0249386167857
3058.026289	0.0249385850224
3058.34044827	0.0249385486917
3058.65460754	0.0249385033071
3058.9687668	0.0249384522711
3059.28292607	0.0249383879874
3059.59708533	0.0249383246247
3059.9112446	0.0249382883722
3060.22540386	0.0249382878063
3060.53956313	0.0249382819921
3060.85372239	0.0249382559023
3061.16788166	0.024938247421
3061.48204092	0.0249382384043
3061.79620019	0.02493821088
3062.11035945	0.024938184412
3062.42451872	0.0249381409684
3062.73867798	0.0249380864684
3063.05283725	0.0249380410066
3063.36699652	0.0249379878272
3063.68115578	0.0249379280127
3063.99531505	0.0249378859437
3064.30947431	0.0249378853629
3064.62363358	0.0249378873735
3064.93779284	0.0249378496578
3065.25195211	0.0249378140309
3065.56611137	0.0249378081389
3065.88027064	0.0249377779261
3066.1944299	0.0249377167944
3066.50858917	0.0249376770478
3066.82274843	0.0249376489442
3067.1369077	0.0249375906772
3067.45106697	0.0249375298363
3067.76522623	0.0249374775327
3068.0793855	0.0249374899736
3068.39354476	0.0249375091481
3068.70770403	0.024937471974
3069.02186329	0.0249374389572
3069.33602256	0.0249374412286
3069.65018182	0.0249374440914
3069.96434109	0.0249374018051
3070.27850035	0.0249373443469
3070.59265962	0.0249373049631
3070.90681888	0.0249372598497
3071.22097815	0.0249371961479
3071.53513741	0.0249371430221
3071.84929668	0.0249370930943
3072.16345595	0.0249370533347
3072.47761521	0.024937033879
3072.79177448	0.0249370243921
3073.10593374	0.0249370166652
3073.42009301	0.0249369973223
3073.73425227	0.0249369677737
3074.04841154	0.0249369249728
3074.3625708	0.0249368888353
3074.67673007	0.024936848738
3074.99088933	0.0249367782431
3075.3050486	0.0249367407434
3075.61920786	0.0249367211084
3075.93336713	0.0249367041797
3076.2475264	0.0249366826537
3076.56168566	0.0249366734499
3076.87584493	0.0249366829358
3077.19000419	0.0249366634869
3077.50416346	0.0249366208331
3077.81832272	0.0249366016902
3078.13248199	0.0249365683353
3078.44664125	0.0249364957008
3078.76080052	0.0249364191467
3079.07495978	0.0249363831319
3079.38911905	0.0249363505771
3079.70327831	0.0249362807494
3080.01743758	0.0249362446832
3080.33159684	0.0249362545725
3080.64575611	0.0249362512223
3080.95991538	0.0249362186086
3081.27407464	0.0249361914954
3081.58823391	0.0249361740059
3081.90239317	0.024936159496
3082.21655244	0.0249361060725
3082.5307117	0.0249360434311
3082.84487097	0.0249359868859
3083.15903023	0.0249359476583
3083.4731895	0.0249359262585
3083.78734876	0.0249359118737
3084.10150803	0.0249359026176
3084.41566729	0.0249358755109
3084.72982656	0.0249358524201
3085.04398583	0.0249358404071
3085.35814509	0.0249358221543
3085.67230436	0.0249358067993
3085.98646362	0.024935768512
3086.30062289	0.0249357175891
3086.61478215	0.0249356421662
3086.92894142	0.0249355856164
3087.24310068	0.02493555429
3087.55725995	0.024935508634
3087.87141921	0.024935484777
3088.18557848	0.0249354658041
3088.49973774	0.0249354586049
3088.81389701	0.0249354545152
3089.12805627	0.0249354319126
3089.44221554	0.0249354031432
3089.75637481	0.0249353685909
3090.07053407	0.0249353287617
3090.38469334	0.0249352778834
3090.6988526	0.0249352078759
3091.01301187	0.0249351413467
3091.32717113	0.0249351094803
3091.6413304	0.0249351122523
3091.95548966	0.0249351043772
3092.26964893	0.0249350812317
3092.58380819	0.0249350819638
3092.89796746	0.0249350779627
3093.21212672	0.0249350532413
3093.52628599	0.024935027874
3093.84044526	0.0249349835863
3094.15460452	0.0249349327425
3094.46876379	0.0249348830207
3094.78292305	0.0249348223775
3095.09708232	0.0249347561459
3095.41124158	0.0249347129161
3095.72540085	0.0249347104109
3096.03956011	0.0249347102806
3096.35371938	0.0249346730368
3096.66787864	0.024934642415
3096.98203791	0.0249346393543
3097.29619717	0.0249346127395
3097.61035644	0.0249345587008
3097.92451571	0.0249345250352
3098.23867497	0.0249344991742
3098.55283424	0.0249344410305
3098.8669935	0.024934373805
3099.18115277	0.0249343203526
3099.49531203	0.0249343427247
3099.8094713	0.0249343628208
3100.12363056	0.0249343248265
3100.43778983	0.0249342968358
3100.75194909	0.0249343032383
3101.06610836	0.0249343094655
3101.38026762	0.0249342672635
3101.69442689	0.0249342102319
3102.00858615	0.0249341716275
3102.32274542	0.0249341232802
3102.63690469	0.0249340539132
3102.95106395	0.0249339941942
3103.26522322	0.024933936491
3103.57938248	0.0249338990436
3103.89354175	0.0249338825194
3104.20770101	0.0249338777071
3104.52186028	0.0249338735275
3104.83601954	0.024933855185
3105.15017881	0.0249338333543
3105.46433807	0.0249337925391
3105.77849734	0.0249337626291
3106.0926566	0.024933725801
3106.40681587	0.0249336519315
3106.72097514	0.0249336154813
3107.0351344	0.0249335971424
3107.34929367	0.0249335761613
3107.66345293	0.0249335509265
3107.9776122	0.0249335503671
3108.29177146	0.0249335670928
3108.60593073	0.0249335426434
3108.92008999	0.0249334970553
3109.23424926	0.0249334865351
3109.54840852	0.024933455696
3109.86256779	0.0249333795459
3110.17672705	0.0249333047773
3110.49088632	0.0249332666493
3110.80504558	0.0249332245604
3111.11920485	0.0249331514709
3111.43336412	0.0249331131764
3111.74752338	0.0249331318163
3112.06168265	0.0249331357198
3112.37584191	0.0249330998253
3112.69000118	0.0249330737473
3113.00416044	0.0249330689688
3113.31831971	0.0249330590685
3113.63247897	0.0249330030685
3113.94663824	0.0249329415543
3114.2607975	0.0249328893094
3114.57495677	0.0249328482049
3114.88911603	0.0249328221617
3115.2032753	0.0249328074785
3115.51743457	0.0249328005091
3115.83159383	0.0249327710663
3116.1457531	0.024932751179
3116.45991236	0.0249327429211
3116.77407163	0.0249327286231
3117.08823089	0.0249327134161
3117.40239016	0.0249326702947
3117.71654942	0.0249326207856
3118.03070869	0.0249325462136
3118.34486795	0.0249324888371
3118.65902722	0.0249324500883
3118.97318648	0.0249324021288
3119.28734575	0.0249323827912
3119.60150501	0.0249323650233
3119.91566428	0.024932359348
3120.22982355	0.024932358445
3120.54398281	0.0249323404103
3120.85814208	0.0249323130149
3121.17230134	0.0249322813824
3121.48646061	0.0249322491625
3121.80061987	0.0249321989077
3122.11477914	0.0249321267585
3122.4289384	0.0249320602827
3122.74309767	0.0249320345116
3123.05725693	0.0249320364603
3123.3714162	0.0249320198509
3123.68557546	0.0249320005212
3123.99973473	0.0249320055399
3124.313894	0.0249320003314
3124.62805326	0.0249319771365
3124.94221253	0.0249319549138
3125.25637179	0.0249319072391
3125.57053106	0.0249318616088
3125.88469032	0.0249318073982
3126.19884959	0.0249317396163
3126.51300885	0.0249316713863
3126.82716812	0.0249316294574
3127.14132738	0.0249316295908
3127.45548665	0.0249316300462
3127.76964591	0.0249315976407
3128.08380518	0.0249315714032
3128.39796444	0.0249315673513
3128.71212371	0.0249315467829
3129.02628298	0.0249315011031
3129.34044224	0.0249314709215
3129.65460151	0.0249314462339
3129.96876077	0.0249313915688
3130.28292004	0.024931317434
3130.5970793	0.0249312638275
3130.91123857	0.0249312915033
3131.22539783	0.0249313065454
3131.5395571	0.0249312668005
3131.85371636	0.0249312431864
3132.16787563	0.0249312522305
3132.48203489	0.0249312560073
3132.79619416	0.0249312106778
3133.11035343	0.024931156842
3133.42451269	0.024931118715
3133.73867196	0.0249310643074
3134.05283122	0.0249309923325
3134.36699049	0.0249309293261
3134.68114975	0.0249308707029
3134.99530902	0.0249308422387
3135.30946828	0.0249308305345
3135.62362755	0.0249308267361
3135.93778681	0.0249308271602
3136.25194608	0.0249308130547
3136.56610534	0.0249307972952
3136.88026461	0.0249307623548
3137.19442387	0.0249307350262
3137.50858314	0.0249306962905
3137.82274241	0.0249306246384
3138.13690167	0.0249305875286
3138.45106094	0.0249305647123
3138.7652202	0.0249305356908
3139.07937947	0.0249305119976
3139.39353873	0.0249305212406
3139.707698	0.0249305369111
3140.02185726	0.0249305006079
3140.33601653	0.0249304568744
3140.65017579	0.0249304559894
3140.96433506	0.0249304196786
3141.27849432	0.0249303413605
3141.59265359	0.0249302714107
3141.90681286	0.0249302291604
3142.22097212	0.024930174844
3142.53513139	0.0249301078576
3142.84929065	0.0249300770059
3143.16344992	0.02493010542
3143.47760918	0.0249301179857
3143.79176845	0.0249300782211
3144.10592771	0.0249300509418
3144.42008698	0.0249300619173
3144.73424624	0.0249300523077
3145.04840551	0.0249299972028
3145.36256477	0.0249299375742
3145.67672404	0.0249298897132
3145.9908833	0.024929848732
3146.30504257	0.0249298134197
3146.61920184	0.0249297962378
3146.9333611	0.0249297876766
3147.24752037	0.0249297540979
3147.56167963	0.0249297377165
3147.8758389	0.0249297281443
3148.18999816	0.0249297166524
3148.50415743	0.0249297015249
3148.81831669	0.0249296550669
3149.13247596	0.0249296056835
3149.44663522	0.0249295295631
3149.76079449	0.0249294709773
3150.07495375	0.0249294275494
3150.38911302	0.0249293877647
3150.70327229	0.0249293770753
3151.01743155	0.0249293663611
3151.33159082	0.0249293607662
3151.64575008	0.0249293577679
3151.95990935	0.0249293475967
3152.27406861	0.0249293256846
3152.58822788	0.0249292966402
3152.90238714	0.0249292717565
3153.21654641	0.0249292189759
3153.53070567	0.0249291406655
3153.84486494	0.0249290776707
3154.1590242	0.0249290579251
3154.47318347	0.0249290511441
3154.78734274	0.0249290155141
3155.101502	0.0249289997267
3155.41566127	0.0249290138507
3155.72982053	0.0249290010807
3156.0439798	0.0249289767495
3156.35813906	0.0249289608465
3156.67229833	0.0249289098798
3156.98645759	0.0249288648313
3157.30061686	0.0249288057274
3157.61477612	0.0249287331762
3157.92893539	0.0249286661613
3158.24309465	0.024928634734
3158.55725392	0.0249286424789
3158.87141318	0.0249286433626
3159.18557245	0.0249286209775
3159.49973172	0.0249286010402
3159.81389098	0.0249285992061
3160.12805025	0.0249285827263
3160.44220951	0.0249285395655
3160.75636878	0.0249285157752
3161.07052804	0.0249284935092
3161.38468731	0.0249284358688
3161.69884657	0.024928353172
3162.01300584	0.0249283037218
3162.3271651	0.0249283297764
3162.64132437	0.0249283287864
3162.95548363	0.0249282871612
3163.2696429	0.0249282678394
3163.58380217	0.0249282836023
3163.89796143	0.0249282819565
3164.2121207	0.0249282306408
3164.52627996	0.0249281790576
3164.84043923	0.0249281392569
3165.15459849	0.0249280777225
3165.46875776	0.0249280081862
3165.78291702	0.0249279459986
3166.09707629	0.0249278986352
3166.41123555	0.0249278891367
3166.72539482	0.024927887055
3167.03955408	0.0249278842418
3167.35371335	0.0249278863089
3167.66787261	0.0249278805817
3167.98203188	0.0249278632829
3168.29619115	0.0249278337455
3168.61035041	0.0249278092296
3168.92450968	0.0249277577612
3169.23866894	0.0249276918026
3169.55282821	0.0249276542602
3169.86698747	0.02492762128
3170.18114674	0.0249275842905
3170.495306	0.0249275629089
3170.80946527	0.0249275798054
3171.12362453	0.0249275887414
3171.4377838	0.0249275344953
3171.75194306	0.0249275033588
3172.06610233	0.0249275081998
3172.3802616	0.0249274554424
3172.69442086	0.0249273744164
3173.00858013	0.0249273138918
3173.32273939	0.0249272687398
3173.63689866	0.0249272081084
3173.95105792	0.0249271622499
3174.26521719	0.0249271516294
3174.57937645	0.0249271904961
3174.89353572	0.0249272069662
3175.20769498	0.0249271641641
3175.52185425	0.0249271357051
3175.83601351	0.0249271587128
3176.15017278	0.0249271483181
3176.46433204	0.0249270894266
3176.77849131	0.0249270314147
3177.09265058	0.0249269875105
3177.40680984	0.0249269410602
3177.72096911	0.0249268957952
3178.03512837	0.0249268748327
3178.34928764	0.0249268569
3178.6634469	0.0249268191084
3178.97760617	0.0249268058628
3179.29176543	0.0249267958418
3179.6059247	0.0249267856057
3179.92008396	0.0249267647277
3180.23424323	0.0249267147097
3180.54840249	0.0249266596421
3180.86256176	0.0249265927034
3181.17672103	0.0249265373554
3181.49088029	0.024926492089
3181.80503956	0.0249264792318
3182.11919882	0.0249264826155
3182.43335809	0.0249264760766
3182.74751735	0.0249264687796
3183.06167662	0.0249264613795
3183.37583588	0.0249264604676
3183.68999515	0.024926445641
3184.00415441	0.0249264130636
3184.31831368	0.024926393935
3184.63247294	0.0249263303779
3184.94663221	0.0249262488499
3185.26079147	0.0249261915803
3185.57495074	0.0249261739713
3185.88911001	0.024926149225
3186.20326927	0.0249260892049
3186.51742854	0.0249260843547
3186.8315878	0.0249261025592
3187.14574707	0.0249260743513
3187.45990633	0.0249260542938
3187.7740656	0.0249260388088
3188.08822486	0.0249259852163
3188.40238413	0.0249259372664
3188.71654339	0.0249258790013
3189.03070266	0.0249258083844
3189.34486192	0.0249257537713
3189.65902119	0.0249257496919
3189.97318046	0.0249257630383
3190.28733972	0.0249257646943
3190.60149899	0.0249257557632
3190.91565825	0.0249257388006
3191.22981752	0.0249257396347
3191.54397678	0.0249257174762
3191.85813605	0.0249256735439
3192.17229531	0.0249256571727
3192.48645458	0.0249256343335
3192.80061384	0.0249255698534
3193.11477311	0.024925476531
3193.42893237	0.0249254393038
3193.74309164	0.0249254593932
3194.0572509	0.0249254307876
3194.37141017	0.0249253866551
3194.68556944	0.0249253801284
3194.9997287	0.0249253964828
3195.31388797	0.0249253777781
3195.62804723	0.0249253175039
3195.9422065	0.024925273382
3196.25636576	0.0249252289764
3196.57052503	0.0249251634992
3196.88468429	0.0249251068659
3197.19884356	0.0249250622522
3197.51300282	0.0249250432674
3197.82716209	0.0249250467764
3198.14132135	0.0249250489787
3198.45548062	0.0249250535714
3198.76963989	0.0249250535878
3199.08379915	0.0249250503727
3199.39795842	0.0249250270195
3199.71211768	0.0249249998897
3200.02627695	0.0249249723553
3200.34043621	0.0249249057036
3200.65459548	0.024924848439
3200.96875474	0.0249248085126
3201.28291401	0.0249247652805
3201.59707327	0.0249247220379
3201.91123254	0.02492469999
3202.2253918	0.0249247192819
3202.53955107	0.024924696773
3202.85371033	0.0249246365298
3203.1678696	0.0249246369244
3203.48202887	0.0249246181759
3203.79618813	0.0249245542273
3204.1103474	0.0249244786166
3204.42450666	0.0249244299412
3204.73866593	0.0249243921394
3205.05282519	0.0249243479393
3205.36698446	0.0249243402762
3205.68114372	0.0249243514001
3205.99530299	0.0249243825373
3206.30946225	0.0249243880076
3206.62362152	0.0249243522459
3206.93778078	0.0249243314411
3207.25194005	0.0249243477589
3207.56609932	0.0249243266148
3207.88025858	0.0249242680915
3208.19441785	0.0249242106456
3208.50857711	0.0249241674754
3208.82273638	0.0249241170152
3209.13689564	0.0249240643842
3209.45105491	0.0249240362516
3209.76521417	0.0249239973031
3210.07937344	0.0249239580157
3210.3935327	0.0249239527795
3210.70769197	0.0249239406624
3211.02185123	0.0249239234096
3211.3360105	0.0249238965544
3211.65016976	0.024923847697
3211.96432903	0.024923783864
3212.2784883	0.0249237368022
3212.59264756	0.0249237093525
3212.90680683	0.0249236870387
3213.22096609	0.0249236958502
3213.53512536	0.0249237022216
3213.84928462	0.0249236915074
3214.16344389	0.0249236786999
3214.47760315	0.0249236760273
3214.79176242	0.0249236791421
3215.10592168	0.0249236549994
3215.42008095	0.0249236296698
3215.73424021	0.0249235949186
3216.04839948	0.0249235217561
3216.36255875	0.0249234467422
3216.67671801	0.0249233968866
3216.99087728	0.024923367678
3217.30503654	0.0249233187135
3217.61919581	0.0249232560935
3217.93335507	0.0249232593715
3218.24751434	0.0249232601277
3218.5616736	0.0249232330165
3218.87583287	0.0249232148553
3219.18999213	0.0249231779199
3219.5041514	0.0249231345219
3219.81831066	0.0249230947091
3220.13246993	0.0249230445298
3220.4466292	0.0249229958849
3220.76078846	0.0249229746413
3221.07494773	0.0249229859459
3221.38910699	0.0249229914136
3221.70326626	0.0249229925214
3222.01742552	0.0249229884295
3222.33158479	0.0249229787697
3222.64574405	0.0249229704655
3222.95990332	0.02492293437
3223.27406258	0.0249229013785
3223.58822185	0.0249228827069
3223.90238111	0.0249228393768
3224.21654038	0.0249227648017
3224.53069964	0.0249226841529
3224.84485891	0.0249226599948
3225.15901818	0.0249226438257
3225.47317744	0.0249225941573
3225.78733671	0.0249225672502
3226.10149597	0.0249225717991
3226.41565524	0.0249225684124
3226.7298145	0.0249225298077
3227.04397377	0.0249224763494
3227.35813303	0.0249224360911
3227.6722923	0.0249223921178
3227.98645156	0.024922349259
3228.30061083	0.0249223277043
3228.61477009	0.0249223121258
3228.92892936	0.0249223024858
3229.24308863	0.0249222970768
3229.55724789	0.0249223091534
3229.87140716	0.0249223220788
3230.18556642	0.0249223121675
3230.49972569	0.024922299506
3230.81388495	0.0249222704514
3231.12804422	0.0249222380238
3231.44220348	0.0249221934287
3231.75636275	0.0249221284134
3232.07052201	0.024922082648
3232.38468128	0.0249220330179
3232.69884054	0.0249219773645
3233.01299981	0.0249219318227
3233.32715907	0.0249219118588
3233.64131834	0.02492191413
3233.95547761	0.0249218754836
3234.26963687	0.0249218376829
3234.58379614	0.0249218314101
3234.8979554	0.0249217911368
3235.21211467	0.0249217360241
3235.52627393	0.0249216792573
3235.8404332	0.0249216529145
3236.15459246	0.0249216465808
3236.46875173	0.024921633684
3236.78291099	0.0249216328777
3237.09707026	0.0249216447393
3237.41122952	0.0249216687072
3237.72538879	0.0249216594069
3238.03954806	0.0249216255648
3238.35370732	0.0249216068139
3238.66786659	0.0249216064196
3238.98202585	0.0249215735682
3239.29618512	0.0249215143335
3239.61034438	0.0249214550199
3239.92450365	0.0249214119375
3240.23866291	0.0249213611077
3240.55282218	0.024921297006
3240.86698144	0.0249212566617
3241.18114071	0.0249212071659
3241.49529997	0.0249211747006
3241.80945924	0.0249211630664
3242.1236185	0.0249211527748
3242.43777777	0.0249211394002
3242.75193704	0.0249211051931
3243.0660963	0.0249210656351
3243.38025557	0.0249210166072
3243.69441483	0.0249210069901
3244.0085741	0.0249210119585
3244.32273336	0.0249209964609
3244.63689263	0.0249210013228
3244.95105189	0.0249210025581
3245.26521116	0.024920993988
3245.57937042	0.024920979564
3245.89352969	0.0249209707017
3246.20768895	0.0249209647299
3246.52184822	0.0249209327407
3246.83600749	0.0249208944031
3247.15016675	0.0249208430116
3247.46432602	0.0249207766985
3247.77848528	0.0249207071698
3248.09264455	0.0249206437504
3248.40680381	0.0249206025802
3248.72096308	0.0249205520484
3249.03512234	0.0249205008207
3249.34928161	0.0249205003176
3249.66344087	0.0249204849251
3249.97760014	0.0249204759972
3250.2917594	0.0249204600077
3250.60591867	0.0249204127937
3250.92007793	0.0249203902368
3251.2342372	0.0249203689536
3251.54839647	0.0249203429694
3251.86255573	0.0249203140173
3252.176715	0.0249203033443
3252.49087426	0.0249203103886
3252.80503353	0.0249203135056
3253.11919279	0.0249203121141
3253.43335206	0.0249202975158
3253.74751132	0.0249202798607
3254.06167059	0.0249202533933
3254.37582985	0.0249202149319
3254.68998912	0.0249201867436
3255.00414838	0.0249201510584
3255.31830765	0.0249200907447
3255.63246692	0.024920015231
3255.94662618	0.024919945993
3256.26078545	0.0249199192828
3256.57494471	0.0249198854556
3256.88910398	0.0249198404927
3257.20326324	0.0249198324309
3257.51742251	0.0249198335299
3257.83158177	0.0249198160785
3258.14574104	0.0249197825772
3258.4599003	0.0249197464872
3258.77405957	0.0249197187233
3259.08821883	0.0249196928911
3259.4023781	0.0249196737199
3259.71653736	0.024919664185
3260.03069663	0.0249196476036
3260.3448559	0.0249196316734
3260.65901516	0.024919627845
3260.97317443	0.0249196390234
3261.28733369	0.0249196386448
3261.60149296	0.0249196141536
3261.91565222	0.0249195936948
3262.22981149	0.0249195568552
3262.54397075	0.0249195143142
3262.85813002	0.0249194697858
3263.17228928	0.0249194042335
3263.48644855	0.0249193566716
3263.80060781	0.0249192992932
3264.11476708	0.0249192420166
3264.42892635	0.024919200436
3264.74308561	0.024919181387
3265.05724488	0.0249191820068
3265.37140414	0.0249191546375
3265.68556341	0.0249191286347
3265.99972267	0.0249191234276
3266.31388194	0.024919095858
3266.6280412	0.0249190559599
3266.94220047	0.0249190142166
3267.25635973	0.0249190078184
3267.570519	0.0249190149727
3267.88467826	0.0249189982685
3268.19883753	0.0249189833571
3268.51299679	0.0249189946139
3268.82715606	0.0249190142932
3269.14131533	0.0249189881558
3269.45547459	0.0249189426235
3269.76963386	0.0249189253374
3270.08379312	0.0249189136203
3270.39795239	0.0249188721977
3270.71211165	0.0249188034095
3271.02627092	0.0249187405248
3271.34043018	0.0249186960451
3271.65458945	0.0249186375042
3271.96874871	0.024918578678
3272.28290798	0.0249185435189
3272.59706724	0.0249185096217
3272.91122651	0.0249184873756
3273.22538578	0.024918476067
3273.53954504	0.0249184830422
3273.85370431	0.0249184831627
3274.16786357	0.024918453907
3274.48202284	0.0249184297385
3274.7961821	0.0249183968628
3275.11034137	0.0249183938918
3275.42450063	0.0249183935411
3275.7386599	0.0249183693286
3276.05281916	0.0249183692024
3276.36697843	0.0249183634648
3276.68113769	0.0249183481248
3276.99529696	0.0249183311355
3277.30945623	0.0249183203638
3277.62361549	0.0249182993229
3277.93777476	0.0249182515165
3278.25193402	0.0249182090342
3278.56609329	0.0249181520313
3278.88025255	0.0249180740748
3279.19441182	0.024917998375
3279.50857108	0.0249179349942
3279.82273035	0.0249178992202
3280.13688961	0.024917863856
3280.45104888	0.0249178384143
3280.76520814	0.0249178549679
3281.07936741	0.024917849948
3281.39352667	0.0249178520358
3281.70768594	0.0249178443033
3282.02184521	0.0249178077548
3282.33600447	0.0249177986874
3282.65016374	0.0249177764432
3282.964323	0.0249177466927
3283.27848227	0.0249177126352
3283.59264153	0.0249176941997
3283.9068008	0.0249176986548
3284.22096006	0.0249176999865
3284.53511933	0.0249176883122
3284.84927859	0.0249176535413
3285.16343786	0.0249176319174
3285.47759712	0.0249176092988
3285.79175639	0.0249175562015
3286.10591566	0.0249175113806
3286.42007492	0.0249174670019
3286.73423419	0.0249174016008
3287.04839345	0.0249173169447
3287.36255272	0.0249172433637
3287.67671198	0.02491724301
3287.99087125	0.0249172473945
3288.30503051	0.0249172263099
3288.61918978	0.0249172259097
3288.93334904	0.0249172267008
3289.24750831	0.0249172242566
3289.56166757	0.0249172010761
3289.87582684	0.0249171723055
3290.1899861	0.024917154721
3290.50414537	0.0249171311374
3290.81830464	0.0249171037171
3291.1324639	0.0249170695602
3291.44662317	0.0249170423622
3291.76078243	0.0249170288557
3292.0749417	0.0249170191612
3292.38910096	0.0249170129738
3292.70326023	0.0249169961133
3293.01741949	0.024916964691
3293.33157876	0.0249169393079
3293.64573802	0.0249168852645
3293.95989729	0.0249168475501
3294.27405655	0.0249167944614
3294.58821582	0.0249167144383
3294.90237509	0.0249166682367
3295.21653435	0.024916616549
3295.53069362	0.0249165842253
3295.84485288	0.0249165725465
3296.15901215	0.0249165824816
3296.47317141	0.0249165918721
3296.78733068	0.0249165768153
3297.10148994	0.0249165655416
3297.41564921	0.0249165695215
3297.72980847	0.0249165540603
3298.04396774	0.0249165002464
3298.358127	0.0249164617218
3298.67228627	0.0249164701138
3298.98644553	0.0249164524285
3299.3006048	0.0249163943171
3299.61476407	0.0249163717385
3299.92892333	0.0249163973797
3300.2430826	0.0249163875475
3300.55724186	0.0249163336692
3300.87140113	0.0249163019882
3301.18556039	0.0249163024254
3301.49971966	0.0249162728244
3301.81387892	0.0249161994191
3302.12803819	0.024916126682
3302.44219745	0.0249160629557
3302.75635672	0.0249160085474
3303.07051598	0.0249159728612
3303.38467525	0.0249159661105
3303.69883452	0.0249159694087
3304.01299378	0.0249159560079
3304.32715305	0.0249159421271
3304.64131231	0.024915944981
3304.95547158	0.0249159591464
3305.26963084	0.0249159571323
3305.58379011	0.0249159379939
3305.89794937	0.0249159195592
3306.21210864	0.0249158778579
3306.5262679	0.0249158483126
3306.84042717	0.0249158340216
3307.15458643	0.0249158068826
3307.4687457	0.0249157776018
3307.78290496	0.0249157540983
3308.09706423	0.024915755716
3308.4112235	0.0249157383974
3308.72538276	0.0249156978642
3309.03954203	0.0249156532985
3309.35370129	0.0249156203254
3309.66786056	0.0249155566996
3309.98201982	0.0249154664735
3310.29617909	0.0249153921987
3310.61033835	0.0249153295286
3310.92449762	0.0249153069753
3311.23865688	0.0249153256222
3311.55281615	0.024915329926
3311.86697541	0.0249153338331
3312.18113468	0.0249153533872
3312.49529395	0.024915356381
3312.80945321	0.0249153613468
3313.12361248	0.0249153585976
3313.43777174	0.0249153236366
3313.75193101	0.0249152966956
3314.06609027	0.024915269403
3314.38024954	0.0249152277691
3314.6944088	0.0249151782622
3315.00856807	0.024915159359
3315.32272733	0.0249151661327
3315.6368866	0.024915145951
3315.95104586	0.0249150695221
3316.26520513	0.0249150516387
3316.57936439	0.0249150480333
3316.89352366	0.0249149832675
3317.20768293	0.0249149122205
3317.52184219	0.0249148727937
3317.83600146	0.0249148113845
3318.15016072	0.0249147344302
3318.46431999	0.0249146873187
3318.77847925	0.0249147029836
3319.09263852	0.0249147586361
3319.40679778	0.0249147705894
3319.72095705	0.0249147403542
3320.03511631	0.0249147482195
3320.34927558	0.0249147662422
3320.66343484	0.0249147584007
3320.97759411	0.0249147306787
3321.29175338	0.0249147089125
3321.60591264	0.0249146931035
3321.92007191	0.0249146539277
3322.23423117	0.0249145987118
3322.54839044	0.024914566659
3322.8625497	0.0249145296704
3323.17670897	0.0249144827813
3323.49086823	0.0249144564096
3323.8050275	0.0249144334307
3324.11918676	0.0249143980213
3324.43334603	0.0249143625806
3324.74750529	0.0249143198065
3325.06166456	0.024914250334
3325.37582382	0.0249142029882
3325.68998309	0.0249141459147
3326.00414236	0.024914101755
3326.31830162	0.0249141119792
3326.63246089	0.0249141363581
3326.94662015	0.024914134759
3327.26077942	0.0249141109563
3327.57493868	0.0249141187511
3327.88909795	0.0249141456281
3328.20325721	0.0249141380342
3328.51741648	0.024914132618
3328.83157574	0.0249141161439
3329.14573501	0.0249140648621
3329.45989427	0.024914026108
3329.77405354	0.0249140188732
3330.08821281	0.0249139941614
3330.40237207	0.0249139215899
3330.71653134	0.0249138634452
3331.0306906	0.0249138377464
3331.34484987	0.0249137951497
3331.65900913	0.0249137621776
3331.9731684	0.0249137425698
3332.28732766	0.0249136960891
3332.60148693	0.0249136582392
3332.91564619	0.0249136074877
3333.22980546	0.0249135455258
3333.54396472	0.0249134905248
3333.85812399	0.0249134833404
3334.17228326	0.0249135068853
3334.48644252	0.0249135197452
3334.80060179	0.0249135343798
3335.11476105	0.0249135364128
3335.42892032	0.024913532051
3335.74307958	0.0249135340007
3336.05723885	0.0249135242561
3336.37139811	0.0249135278917
3336.68555738	0.0249135196698
3336.99971664	0.0249134824862
3337.31387591	0.0249134341366
3337.62803517	0.0249133931769
3337.94219444	0.024913373189
3338.2563537	0.0249133178704
3338.57051297	0.0249132524654
3338.88467224	0.0249132265835
3339.1988315	0.0249131980263
3339.51299077	0.0249131534028
3339.82715003	0.024913091992
3340.1413093	0.0249130433214
3340.45546856	0.0249129990691
3340.76962783	0.0249129502936
3341.08378709	0.0249129239557
3341.39794636	0.024912916073
3341.71210562	0.0249129119586
3342.02626489	0.0249129111064
3342.34042415	0.0249129265525
3342.65458342	0.0249129516184
3342.96874269	0.0249129594498
3343.28290195	0.024912964115
3343.59706122	0.0249129663773
3343.91122048	0.0249129587611
3344.22537975	0.0249129386995
3344.53953901	0.0249129033901
3344.85369828	0.0249128681596
3345.16785754	0.0249128305756
3345.48201681	0.0249127964895
3345.79617607	0.0249127540751
3346.11033534	0.024912700859
3346.4244946	0.0249126621998
3346.73865387	0.024912604504
3347.05281313	0.0249125485821
3347.3669724	0.0249125006956
3347.68113167	0.0249124330428
3347.99529093	0.0249123724366
3348.3094502	0.0249123261382
3348.62360946	0.0249123078149
3348.93776873	0.0249123086963
3349.25192799	0.0249123110007
3349.56608726	0.0249123359706
3349.88024652	0.0249123542443
3350.19440579	0.0249123726693
3350.50856505	0.0249123906247
3350.82272432	0.0249123857259
3351.13688358	0.0249123771837
3351.45104285	0.0249123757362
3351.76520212	0.0249123541985
3352.07936138	0.024912323931
3352.39352065	0.0249122958225
3352.70767991	0.0249122777324
3353.02183918	0.0249122456462
3353.33599844	0.0249121796043
3353.65015771	0.0249121150791
3353.96431697	0.0249120692717
3354.27847624	0.0249120031442
3354.5926355	0.0249119306102
3354.90679477	0.0249118745802
3355.22095403	0.0249118352815
3355.5351133	0.024911785901
3355.84927256	0.024911754077
3356.16343183	0.0249117417065
3356.4775911	0.0249117599699
3356.79175036	0.0249117842258
3357.10590963	0.0249117767729
3357.42006889	0.0249117798543
3357.73422816	0.0249117946858
3358.04838742	0.0249118023318
3358.36254669	0.024911792317
3358.67670595	0.024911775322
3358.99086522	0.0249117707565
3359.30502448	0.0249117612545
3359.61918375	0.0249117402999
3359.93334301	0.0249117039597
3360.24750228	0.0249116603855
3360.56166155	0.0249116167002
3360.87582081	0.0249115725607
3361.18998008	0.0249115224002
3361.50413934	0.0249114619772
3361.81829861	0.0249113993083
3362.13245787	0.0249113355016
3362.44661714	0.0249112668358
3362.7607764	0.0249112164873
3363.07493567	0.0249111862241
3363.38909493	0.024911162928
3363.7032542	0.0249111690762
3364.01741346	0.0249111846442
3364.33157273	0.0249111835913
3364.64573199	0.0249111763145
3364.95989126	0.0249111662
3365.27405053	0.0249111761037
3365.58820979	0.0249111890198
3365.90236906	0.0249111837902
3366.21652832	0.0249111840343
3366.53068759	0.0249111572628
3366.84484685	0.0249111229161
3367.15900612	0.0249111132418
3367.47316538	0.0249111058464
3367.78732465	0.0249110761875
3368.10148391	0.0249110113166
3368.41564318	0.024910967075
3368.72980244	0.0249109215976
3369.04396171	0.0249108676712
3369.35812098	0.0249108238278
3369.67228024	0.0249107461492
3369.98643951	0.0249106887243
3370.30059877	0.0249106410212
3370.61475804	0.0249105903448
3370.9289173	0.0249105647017
3371.24307657	0.0249105643875
3371.55723583	0.0249105826303
3371.8713951	0.0249105903087
3372.18555436	0.0249105959594
3372.49971363	0.0249106125738
3372.81387289	0.0249106215022
3373.12803216	0.024910604357
3373.44219142	0.0249105776234
3373.75635069	0.0249105908272
3374.07050996	0.0249106159363
3374.38466922	0.0249105774356
3374.69882849	0.0249105341204
3375.01298775	0.0249105291042
3375.32714702	0.0249105143388
3375.64130628	0.0249104531257
3375.95546555	0.0249103960477
3376.26962481	0.0249103688356
3376.58378408	0.0249103393821
3376.89794334	0.0249102672884
3377.21210261	0.0249101850571
3377.52626187	0.024910118708
3377.84042114	0.0249100575944
3378.15458041	0.0249100150999
3378.46873967	0.024910010357
3378.78289894	0.0249100253746
3379.0970582	0.0249100322454
3379.41121747	0.0249100218092
3379.72537673	0.0249100156399
3380.039536	0.0249100490578
3380.35369526	0.0249100686375
3380.66785453	0.0249100628888
3380.98201379	0.0249100666413
3381.29617306	0.0249100507303
3381.61033232	0.0249100344687
3381.92449159	0.0249100303616
3382.23865085	0.0249100049382
3382.55281012	0.0249099606335
3382.86696939	0.0249099219845
3383.18112865	0.0249099201409
3383.49528792	0.0249098855216
3383.80944718	0.0249098205648
3384.12360645	0.0249097683653
3384.43776571	0.0249097178223
3384.75192498	0.0249096455586
3385.06608424	0.0249095602432
3385.38024351	0.0249094802837
3385.69440277	0.024909432269
3386.00856204	0.0249094264993
3386.3227213	0.0249094464083
3386.63688057	0.0249094584163
3386.95103984	0.024909466897
3387.2651991	0.024909487675
3387.57935837	0.0249095039911
3387.89351763	0.0249095274598
3388.2076769	0.0249095348135
3388.52183616	0.024909501805
3388.83599543	0.0249094895764
3389.15015469	0.0249094787688
3389.46431396	0.0249094499199
3389.77847322	0.0249094154352
3390.09263249	0.0249093993494
3390.40679175	0.0249093987583
3390.72095102	0.0249093501634
3391.03511028	0.0249092635533
3391.34926955	0.0249092457418
3391.66342882	0.0249092087896
3391.97758808	0.0249091166655
3392.29174735	0.0249090261852
3392.60590661	0.0249089723463
3392.92006588	0.0249089052586
3393.23422514	0.024908847414
3393.54838441	0.0249088683312
3393.86254367	0.024908903773
3394.17670294	0.0249089401989
3394.4908622	0.024908948465
3394.80502147	0.0249089261183
3395.11918073	0.0249089439733
3395.43334	0.0249089584308
3395.74749927	0.0249089518518
3396.06165853	0.0249089304895
3396.3758178	0.0249089116212
3396.68997706	0.0249089025271
3397.00413633	0.0249088813317
3397.31829559	0.0249088617662
3397.63245486	0.0249088295902
3397.94661412	0.0249087802323
3398.26077339	0.0249087408814
3398.57493265	0.0249087102593
3398.88909192	0.0249086541273
3399.20325118	0.0249085897089
3399.51741045	0.024908540994
3399.83156972	0.0249084650256
3400.14572898	0.0249083716664
3400.45988825	0.0249083193303
3400.77404751	0.0249083145412
3401.08820678	0.0249083322892
3401.40236604	0.0249083660044
3401.71652531	0.02490837158
3402.03068457	0.0249083661183
3402.34484384	0.0249083648519
3402.6590031	0.0249083706301
3402.97316237	0.0249083823662
3403.28732163	0.0249083797453
3403.6014809	0.0249083759365
3403.91564016	0.0249083455437
3404.22979943	0.0249083002897
3404.5439587	0.0249082889396
3404.85811796	0.0249082780398
3405.17227723	0.0249082487697
3405.48643649	0.0249082028144
3405.80059576	0.0249081398889
3406.11475502	0.024908106032
3406.42891429	0.0249080517322
3406.74307355	0.0249080083325
3407.05723282	0.024907945394
3407.37139208	0.024907864843
3407.68555135	0.0249078240334
3407.99971061	0.0249077688293
3408.31386988	0.024907746276
3408.62802915	0.0249077637009
3408.94218841	0.024907783736
3409.25634768	0.0249077912797
3409.57050694	0.0249078037446
3409.88466621	0.024907818783
3410.19882547	0.0249078365952
3410.51298474	0.024907841899
3410.827144	0.0249078055293
3411.14130327	0.0249077849582
3411.45546253	0.0249078155427
3411.7696218	0.0249078083833
3412.08378106	0.0249077378652
3412.39794033	0.0249077214789
3412.71209959	0.0249077136356
3413.02625886	0.02490764815
3413.34041813	0.0249075911936
3413.65457739	0.0249075603283
3413.96873666	0.0249075321462
3414.28289592	0.0249074708791
3414.59705519	0.0249073891164
3414.91121445	0.0249073238226
3415.22537372	0.0249072483979
3415.53953298	0.0249072057726
3415.85369225	0.0249072250802
3416.16785151	0.0249072548531
3416.48201078	0.0249072743363
3416.79617004	0.0249072779868
3417.11032931	0.0249072772879
3417.42448858	0.0249072991809
3417.73864784	0.0249073100618
3418.05280711	0.0249073146725
3418.36696637	0.024907321966
3418.68112564	0.0249073076909
3418.9952849	0.0249072671592
3419.30944417	0.0249072579616
3419.62360343	0.024907252515
3419.9377627	0.0249071942846
3420.25192196	0.0249071346249
3420.56608123	0.0249071270318
3420.88024049	0.024907113892
3421.19439976	0.0249070448771
3421.50855902	0.0249069758064
3421.82271829	0.0249069280176
3422.13687756	0.0249068573043
3422.45103682	0.0249067795558
3422.76519609	0.0249067088372
3423.07935535	0.0249066696788
3423.39351462	0.0249066798756
3423.70767388	0.0249066983414
3424.02183315	0.0249067122745
3424.33599241	0.0249067312112
3424.65015168	0.0249067480751
3424.96431094	0.0249067767488
3425.27847021	0.0249067854776
3425.59262947	0.0249067922128
3425.90678874	0.0249067872478
3426.22094801	0.0249067514079
3426.53510727	0.0249067329615
3426.84926654	0.0249067083747
3427.1634258	0.0249066817092
3427.47758507	0.0249066529963
3427.79174433	0.0249066393606
3428.1059036	0.0249065923886
3428.42006286	0.0249065109893
3428.73422213	0.0249064807028
3429.04838139	0.0249064404513
3429.36254066	0.0249063423098
3429.67669992	0.0249062536908
3429.99085919	0.024906189259
3430.30501845	0.0249061340338
3430.61917772	0.0249061145529
3430.93333699	0.0249061459606
3431.24749625	0.0249061904079
3431.56165552	0.024906199507
3431.87581478	0.0249062281249
3432.18997405	0.0249062449892
3432.50413331	0.0249062340884
3432.81829258	0.0249062518519
3433.13245184	0.0249062486495
3433.44661111	0.0249062306201
3433.76077037	0.024906206497
3434.07492964	0.0249061920163
3434.3890889	0.0249061840489
3434.70324817	0.0249061678835
3435.01740744	0.0249061186425
3435.3315667	0.0249060517686
3435.64572597	0.024906021966
3435.95988523	0.024905980418
3436.2740445	0.0249058988468
3436.58820376	0.0249058282665
3436.90236303	0.0249057749145
3437.21652229	0.024905700546
3437.53068156	0.0249056170275
3437.84484082	0.0249055821314
3438.15900009	0.0249056262134
3438.47315935	0.0249056703745
3438.78731862	0.0249056663365
3439.10147788	0.0249056772467
3439.41563715	0.0249056901968
3439.72979642	0.0249056986807
3440.04395568	0.024905695826
3440.35811495	0.0249056922422
3440.67227421	0.0249056922674
3440.98643348	0.0249056830363
3441.30059274	0.0249056568993
3441.61475201	0.0249056232626
3441.92891127	0.0249056020875
3442.24307054	0.0249055741571
3442.5572298	0.0249055411742
3442.87138907	0.0249055027334
3443.18554833	0.0249054353788
3443.4997076	0.0249053820571
3443.81386687	0.0249053302547
3444.12802613	0.0249052407994
3444.4421854	0.0249051867642
3444.75634466	0.0249051305336
3445.07050393	0.0249050700946
3445.38466319	0.0249050819582
3445.69882246	0.0249051137086
3446.01298172	0.0249051221837
3446.32714099	0.0249051128278
3446.64130025	0.0249051197903
3446.95545952	0.0249051442716
3447.26961878	0.0249051551686
3447.58377805	0.0249051686122
3447.89793731	0.0249051671596
3448.21209658	0.0249051280847
3448.52625585	0.024905110014
3448.84041511	0.0249051244885
3449.15457438	0.0249051159764
3449.46873364	0.0249050655873
3449.78289291	0.0249050215983
3450.09705217	0.0249049970524
3450.41121144	0.0249049305119
3450.7253707	0.0249048908706
3451.03952997	0.0249048710875
3451.35368923	0.0249047840682
3451.6678485	0.0249047176824
3451.98200776	0.0249046666896
3452.29616703	0.0249045850119
3452.6103263	0.024904523568
3452.92448556	0.0249045410607
3453.23864483	0.0249045878698
3453.55280409	0.0249046019422
3453.86696336	0.0249046173605
3454.18112262	0.0249046352006
3454.49528189	0.0249046484904
3454.80944115	0.0249046461286
3455.12360042	0.0249046282184
3455.43775968	0.0249046462184
3455.75191895	0.024904663708
3456.06607821	0.0249046224176
3456.38023748	0.0249045784393
3456.69439675	0.0249045822169
3457.00855601	0.0249045736183
3457.32271528	0.0249045055816
3457.63687454	0.0249044469793
3457.95103381	0.024904435909
3458.26519307	0.0249044144794
3458.57935234	0.0249043412844
3458.8935116	0.0249042556152
3459.20767087	0.0249041950688
3459.52183013	0.0249041282639
3459.8359894	0.0249040578358
3460.15014866	0.0249040446206
3460.46430793	0.0249040685936
3460.77846719	0.0249040796429
3461.09262646	0.0249040724822
3461.40678573	0.0249040891644
3461.72094499	0.0249041263901
3462.03510426	0.0249041358486
3462.34926352	0.0249041415514
3462.66342279	0.0249041568847
3462.97758205	0.0249041463493
3463.29174132	0.0249041233421
3463.60590058	0.0249041088325
3463.92005985	0.0249040926836
3464.23421911	0.0249040459246
3464.54837838	0.0249040153211
3464.86253764	0.0249040131363
3465.17669691	0.0249039686547
3465.49085618	0.0249039051228
3465.80501544	0.0249038499726
3466.11917471	0.0249038141161
3466.43333397	0.0249037280836
3466.74749324	0.024903628857
3467.0616525	0.0249035585176
3467.37581177	0.0249035027619
3467.68997103	0.0249034997046
3468.0041303	0.0249035337702
3468.31828956	0.0249035513103
3468.63244883	0.0249035697263
3468.94660809	0.0249035986846
3469.26076736	0.0249036225069
3469.57492662	0.0249036379465
3469.88908589	0.0249036350362
3470.20324516	0.0249036254786
3470.51740442	0.02490361454
3470.83156369	0.0249035973151
3471.14572295	0.0249035692936
3471.45988222	0.0249035469362
3471.77404148	0.0249035478435
3472.08820075	0.0249035358556
3472.40236001	0.0249034520443
3472.71651928	0.0249033878315
3473.03067854	0.0249033800119
3473.34483781	0.0249033142754
3473.65899707	0.0249032169025
3473.97315634	0.0249031481407
3474.28731561	0.0249030834922
3474.60147487	0.0249030019512
3474.91563414	0.0249029787553
3475.2297934	0.0249030182357
3475.54395267	0.0249030585752
3475.85811193	0.0249030875634
3476.1722712	0.0249030812442
3476.48643046	0.0249030838009
3476.80058973	0.0249031094313
3477.11474899	0.024903114586
3477.42890826	0.0249031100024
3477.74306752	0.0249030919263
3478.05722679	0.0249030842562
3478.37138605	0.0249030690508
3478.68554532	0.0249030498217
3478.99970459	0.0249030314443
3479.31386385	0.0249029884113
3479.62802312	0.0249029376705
3479.94218238	0.0249029097527
3480.25634165	0.0249028699624
3480.57050091	0.0249028025001
3480.88466018	0.0249027398602
3481.19881944	0.0249026801599
3481.51297871	0.0249025968158
3481.82713797	0.0249025140948
3482.14129724	0.0249024794512
3482.4554565	0.0249025010346
3482.76961577	0.0249025407367
3483.08377504	0.0249025638852
3483.3979343	0.0249025606531
3483.71209357	0.0249025547207
3484.02625283	0.0249025631362
3484.3404121	0.0249025831231
3484.65457136	0.0249025848557
3484.96873063	0.0249025843647
3485.28288989	0.0249025746762
3485.59704916	0.0249025332369
3485.91120842	0.0249025139956
3486.22536769	0.0249025183612
3486.53952695	0.0249024989395
3486.85368622	0.0249024569314
3487.16784548	0.0249023997257
3487.48200475	0.0249023566835
3487.79616402	0.0249023118323
3488.11032328	0.0249022651731
3488.42448255	0.0249022031203
3488.73864181	0.0249021216094
3489.05280108	0.0249020757052
3489.36696034	0.0249020204981
3489.68111961	0.0249019858414
3489.99527887	0.0249020034299
3490.30943814	0.0249020290294
3490.6235974	0.0249020368447
3490.93775667	0.0249020534651
3491.25191593	0.0249020779889
3491.5660752	0.0249020942085
3491.88023447	0.0249021086879
3492.19439373	0.0249020817455
3492.508553	0.0249020572475
3492.82271226	0.0249020769213
3493.13687153	0.0249020884821
3493.45103079	0.0249020306636
3493.76519006	0.0249019988181
3494.07934932	0.0249020053998
3494.39350859	0.0249019478511
3494.70766785	0.0249018873589
3495.02182712	0.0249018551845
3495.33598638	0.0249018228132
3495.65014565	0.0249017705845
3495.96430491	0.0249016825076
3496.27846418	0.0249016183461
3496.59262345	0.0249015362557
3496.90678271	0.0249014755774
3497.22094198	0.0249014947929
3497.53510124	0.0249015344911
3497.84926051	0.0249015575438
3498.16341977	0.0249015641136
3498.47757904	0.0249015663768
3498.7917383	0.0249015853534
3499.10589757	0.0249015960834
3499.42005683	0.0249016026284
3499.7342161	0.0249016129119
3500.04837536	0.0249016118056
3500.36253463	0.0249015729468
3500.6766939	0.0249015544072
3500.99085316	0.0249015645455
3501.30501243	0.0249015181271
3501.61917169	0.0249014456157
3501.93333096	0.0249014301306
3502.24749022	0.024901435542
3502.56164949	0.0249013790542
3502.87580875	0.0249012974709
3503.18996802	0.0249012449409
3503.50412728	0.0249011793798
3503.81828655	0.0249010997809
3504.13244581	0.0249010243068
3504.44660508	0.0249009863515
3504.76076434	0.0249010086485
3505.07492361	0.0249010346351
3505.38908288	0.0249010387997
3505.70324214	0.0249010557611
3506.01740141	0.0249010792425
3506.33156067	0.024901104796
3506.64571994	0.024901114503
3506.9598792	0.0249011278626
3507.27403847	0.0249011299106
3507.58819773	0.024901093808
3507.902357	0.0249010781375
3508.21651626	0.0249010535229
3508.53067553	0.0249010318811
3508.84483479	0.0249010106305
3509.15899406	0.0249009961193
3509.47315333	0.0249009515173
3509.78731259	0.024900872277
3510.10147186	0.0249008464089
3510.41563112	0.0249008077924
3510.72979039	0.0249007026046
3511.04394965	0.0249006084247
3511.35810892	0.0249005452152
3511.67226818	0.024900489233
3511.98642745	0.0249004783044
3512.30058671	0.0249005161435
3512.61474598	0.0249005644853
3512.92890524	0.024900574072
3513.24306451	0.0249005975977
3513.55722377	0.0249006220595
3513.87138304	0.024900613326
3514.18554231	0.0249006233971
3514.49970157	0.0249006210807
3514.81386084	0.0249006093386
3515.1280201	0.0249005863714
3515.44217937	0.0249005652565
3515.75633863	0.0249005668259
3516.0704979	0.0249005598761
3516.38465716	0.0249005134762
3516.69881643	0.0249004355238
3517.01297569	0.0249004098762
3517.32713496	0.0249003811757
3517.64129422	0.0249002968738
3517.95545349	0.0249002186875
3518.26961276	0.024900167914
3518.58377202	0.0249000926046
3518.89793129	0.0249000050375
3519.21209055	0.0248999908845
3519.52624982	0.0249000452757
3519.84040908	0.0249000869675
3520.15456835	0.0249000807034
3520.46872761	0.0249000899419
3520.78288688	0.024900109828
3521.09704614	0.0249001196205
3521.41120541	0.0249001210543
3521.72536467	0.0249001132488
3522.03952394	0.0249001096928
3522.35368321	0.0249001019478
3522.66784247	0.0249000804421
3522.98200174	0.0249000568691
3523.296161	0.0249000339975
3523.61032027	0.0248999963478
3523.92447953	0.0248999676235
3524.2386388	0.0248999373125
3524.55279806	0.0248998767425
3524.86695733	0.0248998227402
3525.18111659	0.024899765652
3525.49527586	0.024899684552
3525.80943512	0.024899627923
3526.12359439	0.0248995648617
3526.43775365	0.0248995164302
3526.75191292	0.0248995482176
3527.06607219	0.0248995914536
3527.38023145	0.0248995972102
3527.69439072	0.0248995863609
3528.00854998	0.0248995919946
3528.32270925	0.0248996166583
3528.63686851	0.0248996258589
3528.95102778	0.0248996345605
3529.26518704	0.0248996331804
3529.57934631	0.024899588078
3529.89350557	0.0248995658637
3530.20766484	0.02489958545
3530.5218241	0.0248995804403
3530.83598337	0.0248995326359
3531.15014264	0.0248994866515
3531.4643019	0.0248994588673
3531.77846117	0.0248993986239
3532.09262043	0.0248993634031
3532.4067797	0.0248993360415
3532.72093896	0.0248992394092
3533.03509823	0.0248991824891
3533.34925749	0.0248991349024
3533.66341676	0.0248990552388
3533.97757602	0.0248990191242
3534.29173529	0.0248990534478
3534.60589455	0.0248990952152
3534.92005382	0.0248991070273
3535.23421308	0.0248991212723
3535.54837235	0.0248991448066
3535.86253162	0.0248991633854
3536.17669088	0.0248991521106
3536.49085015	0.024899126447
3536.80500941	0.0248991455072
3537.11916868	0.0248991700322
3537.43332794	0.0248991175918
3537.74748721	0.0248990794297
3538.06164647	0.0248990932114
3538.37580574	0.0248990706755
3538.689965	0.0248990027306
3539.00412427	0.0248989421188
3539.31828353	0.0248989244624
3539.6324428	0.0248989075142
3539.94660207	0.0248988250262
3540.26076133	0.0248987397836
3540.5749206	0.0248986824704
3540.88907986	0.0248986072549
3541.20323913	0.0248985588888
3541.51739839	0.0248985819395
3541.83155766	0.0248986216884
3542.14571692	0.0248986256227
3542.45987619	0.0248986147794
3542.77403545	0.0248986304347
3543.08819472	0.0248986655226
3543.40235398	0.0248986765454
3543.71651325	0.0248986786159
3544.03067251	0.0248986971439
3544.34483178	0.0248986746091
3544.65899105	0.0248986472546
3544.97315031	0.0248986535654
3545.28730958	0.0248986293958
3545.60146884	0.0248985671228
3545.91562811	0.0248985388595
3546.22978737	0.0248985502481
3546.54394664	0.0248985045835
3546.8581059	0.0248984344813
3547.17226517	0.0248983824461
3547.48642443	0.0248983346451
3547.8005837	0.0248982474204
3548.11474296	0.0248981616015
3548.42890223	0.0248980938708
3548.7430615	0.0248980686064
3549.05722076	0.0248980926013
3549.37138003	0.0248981225323
3549.68553929	0.0248981328814
3549.99969856	0.0248981474809
3550.31385782	0.0248981840827
3550.62801709	0.0248982045563
3550.94217635	0.0248982172189
3551.25633562	0.0248982223694
3551.57049488	0.0248981967907
3551.88465415	0.0248981863897
3552.19881341	0.0248981705046
3552.51297268	0.0248981468606
3552.82713194	0.0248981269467
3553.14129121	0.0248981214883
3553.45545048	0.0248981046193
3553.76960974	0.0248980158872
3554.08376901	0.024897970999
3554.39792827	0.0248979576439
3554.71208754	0.0248978739574
3555.0262468	0.0248977741174
3555.34040607	0.0248977064332
3555.65456533	0.0248976359191
3555.9687246	0.0248975874368
3556.28288386	0.0248976020232
3556.59704313	0.0248976594559
3556.91120239	0.0248976768659
3557.22536166	0.0248977021077
3557.53952093	0.0248977127309
3557.85368019	0.0248977054955
3558.16783946	0.0248977325689
3558.48199872	0.0248977352438
3558.79615799	0.0248977293361
3559.11031725	0.0248977106097
3559.42447652	0.0248976967174
3559.73863578	0.0248976897152
3560.05279505	0.0248976887028
3560.36695431	0.0248976601582
3560.68111358	0.0248975972523
3560.99527284	0.0248975585203
3561.30943211	0.0248975337724
3561.62359137	0.0248974803922
3561.93775064	0.0248974038989
3562.25190991	0.0248973424398
3562.56606917	0.0248972873179
3562.88022844	0.0248971866453
3563.1943877	0.0248971194657
3563.50854697	0.0248971520273
3563.82270623	0.0248972060745
3564.1368655	0.0248972135048
3564.45102476	0.0248972280471
3564.76518403	0.0248972343548
3565.07934329	0.0248972405044
3565.39350256	0.0248972493167
3565.70766182	0.0248972522885
3566.02182109	0.0248972522487
3566.33598036	0.0248972507228
3566.65013962	0.0248972346477
3566.96429889	0.0248972037326
3567.27845815	0.0248971893664
3567.59261742	0.0248971744557
3567.90677668	0.0248971469296
3568.22093595	0.0248971093374
3568.53509521	0.0248970539797
3568.84925448	0.024896999765
3569.16341374	0.0248969636104
3569.47757301	0.0248968890064
3569.79173227	0.0248968259463
3570.10589154	0.0248967737329
3570.4200508	0.0248967035782
3570.73421007	0.0248966871189
3571.04836934	0.0248967178693
3571.3625286	0.0248967424656
3571.67668787	0.024896741534
3571.99084713	0.0248967405094
3572.3050064	0.0248967603885
3572.61916566	0.0248967849882
3572.93332493	0.0248967988552
3573.24748419	0.024896797553
3573.56164346	0.0248967635947
3573.87580272	0.0248967426159
3574.18996199	0.0248967612927
3574.50412125	0.0248967667106
3574.81828052	0.0248967131161
3575.13243979	0.0248966723689
3575.44659905	0.0248966628551
3575.76075832	0.0248965968025
3576.07491758	0.024896551019
3576.38907685	0.024896538381
3576.70323611	0.0248964704307
3577.01739538	0.0248963975401
3577.33155464	0.0248963473169
3577.64571391	0.0248962772513
3577.95987317	0.0248961996985
3578.27403244	0.0248961996069
3578.5881917	0.0248962577005
3578.90235097	0.0248962808095
3579.21651023	0.0248962902925
3579.5306695	0.0248963086231
3579.84482877	0.0248963248557
3580.15898803	0.0248963285571
3580.4731473	0.0248963141049
3580.78730656	0.0248963259828
3581.10146583	0.0248963469972
3581.41562509	0.0248963197583
3581.72978436	0.0248962704792
3582.04394362	0.024896272688
3582.35810289	0.0248962766713
3582.67226215	0.0248962122592
3582.98642142	0.0248961505246
3583.30058068	0.0248961371942
3583.61473995	0.0248961307104
3583.92889922	0.0248960706041
3584.24305848	0.0248959833298
3584.55721775	0.0248959272236
3584.87137701	0.0248958688653
3585.18553628	0.024895789336
3585.49969554	0.0248957608882
3585.81385481	0.024895784789
3586.12801407	0.0248958084792
3586.44217334	0.0248958041238
3586.7563326	0.0248958069369
3587.07049187	0.0248958445161
3587.38465113	0.0248958682121
3587.6988104	0.0248958678884
3588.01296967	0.0248958873811
3588.32712893	0.0248958846278
3588.6412882	0.0248958635729
3588.95544746	0.0248958540765
3589.26960673	0.02489584508
3589.58376599	0.0248958042143
3589.89792526	0.0248957691222
3590.21208452	0.0248957729567
3590.52624379	0.0248957405996
3590.84040305	0.0248956739777
3591.15456232	0.0248956176666
3591.46872158	0.0248955944754
3591.78288085	0.0248955137666
3592.09704011	0.0248954148227
3592.41119938	0.0248953457013
3592.72535865	0.0248952875885
3593.03951791	0.024895280151
3593.35367718	0.0248953220058
3593.66783644	0.0248953465079
3593.98199571	0.024895363002
3594.29615497	0.024895390266
3594.61031424	0.0248954151538
3594.9244735	0.02489543304
3595.23863277	0.0248954316424
3595.55279203	0.0248954249136
3595.8669513	0.0248954162113
3596.18111056	0.0248954056765
3596.49526983	0.0248953829666
3596.8094291	0.0248953625111
3597.12358836	0.0248953657642
3597.43774763	0.0248953578358
3597.75190689	0.0248952822375
3598.06606616	0.0248952171046
3598.38022542	0.0248952093928
3598.69438469	0.0248951501451
3599.00854395	0.02489505843
3599.32270322	0.0248949886182
3599.63686248	0.0248949227962
3599.95102175	0.0248948445088
3600.26518101	0.0248948224173
3600.57934028	0.0248948674086
3600.89349954	0.0248949086207
3601.20765881	0.0248949343562
3601.52181808	0.0248949283165
3601.83597734	0.0248949368533
3602.15013661	0.0248949649438
3602.46429587	0.0248949694391
3602.77845514	0.0248949689254
3603.0926144	0.0248949535738
3603.40677367	0.0248949464995
3603.72093293	0.0248949367977
3604.0350922	0.0248949257856
3604.34925146	0.0248949103075
3604.66341073	0.0248948662029
3604.97756999	0.0248948130482
3605.29172926	0.0248947890613
3605.60588853	0.0248947582542
3605.92004779	0.0248946882085
3606.23420706	0.0248946232973
3606.54836632	0.024894575469
3606.86252559	0.0248944922563
3607.17668485	0.0248944094698
3607.49084412	0.0248943917746
3607.80500338	0.0248944271264
3608.11916265	0.0248944589324
3608.43332191	0.0248944859386
3608.74748118	0.0248944849162
3609.06164044	0.0248944776317
3609.37579971	0.0248944877076
3609.68995897	0.0248945057436
3610.00411824	0.024894506951
3610.31827751	0.0248945045857
3610.63243677	0.0248944939165
3610.94659604	0.0248944591321
3611.2607553	0.0248944459469
3611.57491457	0.0248944520419
3611.88907383	0.0248944269855
3612.2032331	0.0248943847368
3612.51739236	0.0248943383227
3612.83155163	0.0248942920568
3613.14571089	0.0248942554013
3613.45987016	0.0248942073113
3613.77402942	0.0248941435215
3614.08818869	0.0248940725678
3614.40234796	0.0248940222398
3614.71650722	0.0248939721079
3615.03066649	0.0248939586938
3615.34482575	0.0248939839055
3615.65898502	0.0248940026571
3615.97314428	0.0248940078991
3616.28730355	0.0248940267708
3616.60146281	0.0248940533013
3616.91562208	0.024894067186
3617.22978134	0.0248940768687
3617.54394061	0.0248940504025
3617.85809987	0.0248940279999
3618.17225914	0.0248940491294
3618.4864184	0.0248940599608
3618.80057767	0.0248940018497
3619.11473694	0.0248939742219
3619.4288962	0.0248939744368
3619.74305547	0.0248939131558
3620.05721473	0.0248938618069
3620.371374	0.0248938344545
3620.68553326	0.0248937993964
3620.99969253	0.024893739395
3621.31385179	0.0248936654418
3621.62801106	0.0248936076492
3621.94217032	0.0248935239564
3622.25632959	0.0248934829135
3622.57048885	0.0248935205506
3622.88464812	0.0248935607938
3623.19880739	0.0248935767585
3623.51296665	0.024893583788
3623.82712592	0.0248935905903
3624.14128518	0.0248936064961
3624.45544445	0.0248936099252
3624.76960371	0.0248936168182
3625.08376298	0.0248936314144
3625.39792224	0.0248936266501
3625.71208151	0.0248935800362
3626.02624077	0.0248935751487
3626.34040004	0.0248935909779
3626.6545593	0.0248935361626
3626.96871857	0.0248934706786
3627.28287783	0.0248934560939
3627.5970371	0.0248934618245
3627.91119637	0.0248934114451
3628.22535563	0.0248933283323
3628.5395149	0.0248932785518
3628.85367416	0.0248932210832
3629.16783343	0.0248931412739
3629.48199269	0.0248930763479
3629.79615196	0.0248930633236
3630.11031122	0.024893096368
3630.42447049	0.0248931167364
3630.73862975	0.0248931121691
3631.05278902	0.0248931350075
3631.36694828	0.024893167362
3631.68110755	0.0248931781957
3631.99526682	0.0248931912006
3632.30942608	0.0248932029508
3632.62358535	0.0248931973031
3632.93774461	0.0248931744151
3633.25190388	0.0248931628723
3633.56606314	0.0248931349463
3633.88022241	0.024893116443
3634.19438167	0.024893102703
3634.50854094	0.0248930867989
3634.8227002	0.0248930260973
3635.13685947	0.0248929614376
3635.45101873	0.0248929507724
3635.765178	0.0248928908925
3636.07933726	0.0248927833742
3636.39349653	0.0248927068322
3636.7076558	0.0248926406609
3637.02181506	0.0248925973817
3637.33597433	0.0248926184606
3637.65013359	0.0248926619029
3637.96429286	0.0248926974088
3638.27845212	0.0248927063219
3638.59261139	0.0248927338163
3638.90677065	0.0248927585258
3639.22092992	0.0248927482059
3639.53508918	0.0248927543169
3639.84924845	0.024892748844
3640.16340771	0.0248927410495
3640.47756698	0.0248927177961
3640.79172625	0.024892699687
3641.10588551	0.024892710432
3641.42004478	0.0248927042572
3641.73420404	0.0248926470177
3642.04836331	0.0248925741279
3642.36252257	0.0248925646511
3642.67668184	0.0248925235468
3642.9908411	0.0248924380075
3643.30500037	0.0248923688777
3643.61915963	0.0248923171897
3643.9333189	0.0248922324388
3644.24747816	0.0248921671894
3644.56163743	0.0248921900656
3644.8757967	0.0248922493681
3645.18995596	0.0248922764607
3645.50411523	0.0248922668089
3645.81827449	0.0248922835724
3646.13243376	0.024892307581
3646.44659302	0.0248923151677
3646.76075229	0.0248923160776
3647.07491155	0.0248923066563
3647.38907082	0.0248923029743
3647.70323008	0.0248922945941
3648.01738935	0.0248922778758
3648.33154861	0.0248922649555
3648.64570788	0.0248922364221
3648.95986714	0.0248921831704
3649.27402641	0.0248921623483
3649.58818568	0.0248921386212
3649.90234494	0.0248920728216
3650.21650421	0.0248920189208
3650.53066347	0.0248919668008
3650.84482274	0.0248918916059
3651.158982	0.0248918273068
3651.47314127	0.0248917730821
3651.78730053	0.0248917655306
3652.1014598	0.0248918086393
3652.41561906	0.0248918489019
3652.72977833	0.024891848661
3653.04393759	0.024891834768
3653.35809686	0.0248918434827
3653.67225613	0.0248918707899
3653.98641539	0.024891875511
3654.30057466	0.0248918749735
3654.61473392	0.0248918670433
3654.92889319	0.0248918279407
3655.24305245	0.0248918120396
3655.55721172	0.0248918281382
3655.87137098	0.024891814486
3656.18553025	0.0248917677934
3656.49968951	0.0248917215629
3656.81384878	0.0248916908186
3657.12800804	0.0248916389048
3657.44216731	0.0248916081475
3657.75632657	0.02489156325
3658.07048584	0.0248914709666
3658.38464511	0.0248914292927
3658.69880437	0.0248913724597
3659.01296364	0.0248913210164
3659.3271229	0.0248913260957
3659.64128217	0.0248913636518
3659.95544143	0.024891384982
3660.2696007	0.0248913989694
3660.58375996	0.024891424109
3660.89791923	0.0248914418939
3661.21207849	0.0248914552487
3661.52623776	0.0248914385585
3661.84039702	0.0248914124246
3662.15455629	0.0248914388927
3662.46871556	0.0248914566401
3662.78287482	0.0248913935108
3663.09703409	0.0248913694193
3663.41119335	0.0248913860925
3663.72535262	0.0248913362251
3664.03951188	0.0248912719332
3664.35367115	0.024891232176
3664.66783041	0.0248912153926
3664.98198968	0.0248911813313
3665.29614894	0.0248910957066
3665.61030821	0.0248910310621
3665.92446747	0.0248909673553
3666.23862674	0.0248909002946
3666.552786	0.0248909002781
3666.86694527	0.0248909432197
3667.18110454	0.0248909737893
3667.4952638	0.0248909725671
3667.80942307	0.024890970106
3668.12358233	0.0248909907432
3668.4377416	0.0248910099957
3668.75190086	0.0248910180261
3669.06606013	0.0248910286489
3669.38021939	0.0248910402711
3669.69437866	0.024891007735
3670.00853792	0.0248909885802
3670.32269719	0.0248910037497
3670.63685645	0.0248909652225
3670.95101572	0.0248908969882
3671.26517499	0.0248908827189
3671.57933425	0.024890893864
3671.89349352	0.0248908445003
3672.20765278	0.0248907754783
3672.52181205	0.0248907290091
3672.83597131	0.0248906711343
3673.15013058	0.0248905945386
3673.46428984	0.0248905168622
3673.77844911	0.0248904706502
3674.09260837	0.0248904849333
3674.40676764	0.0248905173663
3674.7209269	0.0248905249981
3675.03508617	0.0248905364633
3675.34924543	0.0248905606852
3675.6634047	0.0248905868577
3675.97756397	0.024890603996
3676.29172323	0.0248906171619
3676.6058825	0.0248906200203
3676.92004176	0.0248905931283
3677.23420103	0.024890582101
3677.54836029	0.0248905653358
3677.86251956	0.0248905483011
3678.17667882	0.0248905275514
3678.49083809	0.0248905200999
3678.80499735	0.0248904787008
3679.11915662	0.024890404482
3679.43331588	0.0248903866046
3679.74747515	0.0248903476511
3680.06163442	0.0248902503133
3680.37579368	0.0248901641564
3680.68995295	0.0248900958692
3681.00411221	0.0248900346901
3681.31827148	0.0248900279012
3681.63243074	0.0248900686357
3681.94659001	0.0248901176182
3682.26074927	0.0248901241903
3682.57490854	0.0248901500057
3682.8890678	0.0248901692426
3683.20322707	0.0248901612075
3683.51738633	0.0248901797877
3683.8315456	0.02489018026
3684.14570486	0.0248901726032
3684.45986413	0.0248901508757
3684.7740234	0.0248901402899
3685.08818266	0.0248901465631
3685.40234193	0.0248901446734
3685.71650119	0.0248900999272
3686.03066046	0.0248900269745
3686.34481972	0.0248900139213
3686.65897899	0.0248899875883
3686.97313825	0.0248899132855
3687.28729752	0.0248898433289
3687.60145678	0.0248897980889
3687.91561605	0.0248897195654
3688.22977531	0.0248896300287
3688.54393458	0.0248896195163
3688.85809385	0.0248896837195
3689.17225311	0.0248897191432
3689.48641238	0.0248897100049
3689.80057164	0.0248897341534
3690.11473091	0.0248897480481
3690.42889017	0.0248897549399
3690.74304944	0.0248897625952
3691.0572087	0.0248897576478
3691.37136797	0.0248897559916
3691.68552723	0.0248897494327
3691.9996865	0.0248897307926
3692.31384576	0.0248897147462
3692.62800503	0.0248896963882
3692.94216429	0.024889656608
3693.25632356	0.0248896325412
3693.57048283	0.0248896073333
3693.88464209	0.0248895453127
3694.19880136	0.0248895010287
3694.51296062	0.0248894507303
3694.82711989	0.0248893725804
3695.14127915	0.0248893232232
3695.45543842	0.0248892619757
3695.76959768	0.0248892138452
3696.08375695	0.0248892483851
3696.39791621	0.0248892954102
3696.71207548	0.0248893003577
3697.02623474	0.024889286887
3697.34039401	0.0248892966362
3697.65455328	0.0248893223512
3697.96871254	0.0248893304465
3698.28287181	0.0248893430833
3698.59703107	0.0248893320024
3698.91119034	0.0248892883254
3699.2253496	0.0248892781735
3699.53950887	0.0248892988931
3699.85366813	0.0248892882971
3700.1678274	0.024889239104
3700.48198666	0.0248891992576
3700.79614593	0.0248891778058
3701.11030519	0.024889119459
3701.42446446	0.0248890892276
3701.73862372	0.0248890647887
3702.05278299	0.0248889786844
3702.36694226	0.02488892068
3702.68110152	0.0248888736715
3702.99526079	0.024888806029
3703.30942005	0.0248887780575
3703.62357932	0.0248888173115
3703.93773858	0.0248888568927
3704.25189785	0.0248888717564
3704.56605711	0.0248888936953
3704.88021638	0.0248889114558
3705.19437564	0.024888925143
3705.50853491	0.0248889188566
3705.82269417	0.0248888992691
3706.13685344	0.0248889244006
3706.45101271	0.0248889379706
3706.76517197	0.0248888859007
3707.07933124	0.024888861395
3707.3934905	0.0248888778126
3707.70764977	0.0248888437902
3708.02180903	0.0248887823718
3708.3359683	0.0248887329451
3708.65012756	0.024888727565
3708.96428683	0.0248887060486
3709.27844609	0.0248886274764
3709.59260536	0.0248885577273
3709.90676462	0.0248885086193
3710.22092389	0.0248884388976
3710.53508316	0.0248883973702
3710.84924242	0.0248884221233
3711.16340169	0.024888459383
3711.47756095	0.0248884624871
3711.79172022	0.0248884523151
3712.10587948	0.0248884701136
3712.42003875	0.0248885013154
3712.73419801	0.0248885145241
3713.04835728	0.0248885201242
3713.36251654	0.0248885377992
3713.67667581	0.0248885132294
3713.99083507	0.0248884950942
3714.30499434	0.0248885067183
3714.6191536	0.0248884772358
3714.93331287	0.0248884226758
3715.24747214	0.0248884024542
3715.5616314	0.0248884071541
3715.87579067	0.0248883630853
3716.18994993	0.0248883028975
3716.5041092	0.024888256499
3716.81826846	0.0248882095164
3717.13242773	0.0248881275775
3717.44658699	0.0248880459078
3717.76074626	0.0248879843456
3718.07490552	0.024887969262
3718.38906479	0.0248879988928
3718.70322405	0.0248880249682
3719.01738332	0.0248880337278
3719.33154259	0.0248880512097
3719.64570185	0.0248880847963
3719.95986112	0.0248881109514
3720.27402038	0.0248881207536
3720.58817965	0.0248881192301
3720.90233891	0.0248881038061
3721.21649818	0.0248880954982
3721.53065744	0.0248880842733
3721.84481671	0.0248880650489
3722.15897597	0.0248880476857
3722.47313524	0.0248880433348
3722.7872945	0.0248880155619
3723.10145377	0.0248879392515
3723.41561303	0.0248879107924
3723.7297723	0.0248878853376
3724.04393157	0.0248878021782
3724.35809083	0.0248877170341
3724.6722501	0.024887652462
3724.98640936	0.0248875818105
3725.30056863	0.0248875485979
3725.61472789	0.02488757877
3725.92888716	0.0248876285769
3726.24304642	0.0248876520865
3726.55720569	0.0248876705648
3726.87136495	0.0248876691662
3727.18552422	0.0248876783928
3727.49968348	0.0248877012566
3727.81384275	0.0248877092573
3728.12800202	0.0248877026764
3728.44216128	0.024887682792
3728.75632055	0.0248876765806
3729.07047981	0.0248876763047
3729.38463908	0.0248876786898
3729.69879834	0.0248876435798
3730.01295761	0.0248875763249
3730.32711687	0.0248875579651
3730.64127614	0.0248875329927
3730.9554354	0.0248874723169
3731.26959467	0.024887411136
3731.58375393	0.0248873616611
3731.8979132	0.0248872906563
3732.21207246	0.0248871953493
3732.52623173	0.0248871513057
3732.840391	0.0248871958816
3733.15455026	0.0248872407154
3733.46870953	0.0248872484834
3733.78286879	0.0248872674038
3734.09702806	0.0248872685129
3734.41118732	0.0248872765136
3734.72534659	0.0248872877916
3735.03950585	0.0248872896482
3735.35366512	0.0248872865296
3735.66782438	0.0248872847003
3735.98198365	0.0248872707976
3736.29614291	0.024887247217
3736.61030218	0.02488723516
3736.92446145	0.0248872159919
3737.23862071	0.024887187748
3737.55277998	0.0248871522711
3737.86693924	0.0248870984275
3738.18109851	0.0248870600156
3738.49525777	0.0248870190959
3738.80941704	0.0248869446786
3739.1235763	0.0248868934892
3739.43773557	0.0248868353097
3739.75189483	0.0248867732156
3740.0660541	0.0248867788274
3740.38021336	0.0248868186961
3740.69437263	0.0248868355776
3741.00853189	0.0248868280899
3741.32269116	0.0248868364978
3741.63685043	0.0248868617759
3741.95100969	0.0248868783435
3742.26516896	0.0248868941425
3742.57932822	0.0248868852095
3742.89348749	0.0248868529853
3743.20764675	0.0248868417487
3743.52180602	0.0248868602169
3743.83596528	0.0248868568791
3744.15012455	0.0248868052651
3744.46428381	0.0248867720691
3744.77844308	0.0248867588078
3745.09260234	0.024886701333
3745.40676161	0.0248866630725
3745.72092088	0.0248866456602
3746.03508014	0.0248865806645
3746.34923941	0.0248865101801
3746.66339867	0.0248864674182
3746.97755794	0.0248864003826
3747.2917172	0.0248863432747
3747.60587647	0.0248863661493
3747.92003573	0.0248864182871
3748.234195	0.0248864378001
3748.54835426	0.0248864517581
3748.86251353	0.0248864674084
3749.17667279	0.0248864836208
3749.49083206	0.0248864817472
3749.80499132	0.0248864741263
3750.11915059	0.0248864981713
3750.43330986	0.0248865045855
3750.74746912	0.0248864685272
3751.06162839	0.0248864388451
3751.37578765	0.0248864542231
3751.68994692	0.0248864291026
3752.00410618	0.0248863649562
3752.31826545	0.0248863245969
3752.63242471	0.0248863226457
3752.94658398	0.0248863069259
3753.26074324	0.0248862419699
3753.57490251	0.0248861711901
3753.88906177	0.0248861262488
3754.20322104	0.0248860636416
3754.51738031	0.0248859972186
3754.83153957	0.0248859861729
3755.14569884	0.024886018173
3755.4598581	0.0248860358176
3755.77401737	0.0248860277848
3756.08817663	0.0248860390126
3756.4023359	0.0248860731456
3756.71649516	0.0248860909189
3757.03065443	0.0248860959905
3757.34481369	0.0248861146259
3757.65897296	0.024886105236
3757.97313222	0.0248860897436
3758.28729149	0.0248860872931
3758.60145075	0.0248860718592
3758.91561002	0.0248860328272
3759.22976929	0.0248860050782
3759.54392855	0.0248860046995
3759.85808782	0.0248859697555
3760.17224708	0.0248859113491
3760.48640635	0.0248858649795
3760.80056561	0.0248858349805
3761.11472488	0.0248857521141
3761.42888414	0.024885663607
3761.74304341	0.0248855985855
3762.05720267	0.0248855573703
3762.37136194	0.0248855678461
3762.6855212	0.024885605375
3762.99968047	0.024885627871
3763.31383974	0.0248856422444
3763.627999	0.024885667332
3763.94215827	0.0248856993411
3764.25631753	0.0248857164566
3764.5704768	0.0248857085686
3764.88463606	0.0248857035321
3765.19879533	0.0248856994987
3765.51295459	0.0248856911518
3765.82711386	0.0248856691639
3766.14127312	0.024885656436
3766.45543239	0.0248856564168
3766.76959165	0.0248856391604
3767.08375092	0.0248855648592
3767.39791019	0.0248855226019
3767.71206945	0.024885511836
3768.02622872	0.0248854437816
3768.34038798	0.0248853566731
3768.65454725	0.0248852976093
3768.96870651	0.0248852312445
3769.28286578	0.0248851655577
3769.59702504	0.0248851744009
3769.91118431	0.0248852148328
3770.22534357	0.0248852578225
3770.53950284	0.0248852818387
3770.8536621	0.0248852640506
3771.16782137	0.0248852869059
3771.48198063	0.024885309891
3771.7961399	0.024885321817
3772.11029917	0.0248853178533
3772.42445843	0.0248853019516
3772.7386177	0.024885298879
3773.05277696	0.0248852943535
3773.36693623	0.0248852911674
3773.68109549	0.0248852656707
3773.99525476	0.0248852144103
3774.30941402	0.024885179593
3774.62357329	0.0248851596253
3774.93773255	0.0248851154631
3775.25189182	0.0248850552808
3775.56605108	0.0248850067944
3775.88021035	0.0248849420721
3776.19436962	0.0248848574614
3776.50852888	0.0248847976195
3776.82268815	0.0248848012861
3777.13684741	0.0248848366193
3777.45100668	0.0248848732073
3777.76516594	0.0248848925802
3778.07932521	0.0248848833076
3778.39348447	0.0248848845208
3778.70764374	0.024884901917
3779.021803	0.0248849138712
3779.33596227	0.0248849099235
3779.65012153	0.0248849116685
3779.9642808	0.0248848994149
3780.27844006	0.0248848684768
3780.59259933	0.024884861541
3780.9067586	0.0248848601213
3781.22091786	0.0248848306834
3781.53507713	0.024884790764
3781.84923639	0.0248847490519
3782.16339566	0.0248847098663
3782.47755492	0.0248846737459
3782.79171419	0.0248846196076
3783.10587345	0.0248845593735
3783.42003272	0.0248844958457
3783.73419198	0.0248844428218
3784.04835125	0.0248844172516
3784.36251051	0.0248844294562
3784.67666978	0.0248844532006
3784.99082905	0.0248844630157
3785.30498831	0.0248844728289
3785.61914758	0.0248844937564
3785.93330684	0.0248845150825
3786.24746611	0.0248845326455
3786.56162537	0.0248845298107
3786.87578464	0.0248845041575
3787.1899439	0.0248844906571
3787.50410317	0.0248845123856
3787.81826243	0.0248845125136
3788.1324217	0.0248844576727
3788.44658096	0.0248844366541
3788.76074023	0.024884432647
3789.07489949	0.0248843735395
3789.38905876	0.0248843311249
3789.70321803	0.024884309169
3790.01737729	0.0248842720636
3790.33153656	0.0248842009692
3790.64569582	0.0248841460975
3790.95985509	0.0248840885907
3791.27401435	0.0248840137075
3791.58817362	0.0248840057165
3791.90233288	0.0248840564796
3792.21649215	0.0248840873173
3792.53065141	0.0248840949032
3792.84481068	0.0248841038746
3793.15896994	0.0248841193801
3793.47312921	0.0248841293268
3793.78728848	0.0248841302918
3794.10144774	0.0248841471068
3794.41560701	0.0248841587328
3794.72976627	0.0248841387144
3795.04392554	0.0248841042581
3795.3580848	0.0248841197588
3795.67224407	0.0248841101925
3795.98640333	0.0248840409183
3796.3005626	0.0248840000472
3796.61472186	0.0248840049713
3796.92888113	0.0248839947142
3797.24304039	0.0248839344659
3797.55719966	0.0248838708378
3797.87135892	0.0248838299384
3798.18551819	0.0248837681151
3798.49967746	0.0248836939788
3798.81383672	0.0248836483486
3799.12799599	0.0248836586435
3799.44215525	0.024883691436
3799.75631452	0.0248836981911
3800.07047378	0.024883698092
3800.38463305	0.0248837245166
3800.69879231	0.0248837517127
3801.01295158	0.0248837643309
3801.32711084	0.0248837749907
3801.64127011	0.0248837848665
3801.95542937	0.0248837782933
3802.26958864	0.0248837572479
3802.58374791	0.0248837487742
3802.89790717	0.0248837216666
3803.21206644	0.0248836976568
3803.5262257	0.0248836897435
3803.84038497	0.0248836698771
3804.15454423	0.0248836125463
3804.4687035	0.0248835628448
3804.78286276	0.0248835449014
3805.09702203	0.0248834752076
3805.41118129	0.0248833761231
3805.72534056	0.0248833071886
3806.03949982	0.024883251762
3806.35365909	0.0248832320101
3806.66781835	0.0248832638107
3806.98197762	0.024883302761
3807.29613689	0.0248833250099
3807.61029615	0.0248833337121
3807.92445542	0.0248833678728
3808.23861468	0.0248833953876
3808.55277395	0.0248833823159
3808.86693321	0.0248833862574
3809.18109248	0.0248833901927
3809.49525174	0.0248833816061
3809.80941101	0.024883357619
3810.12357027	0.0248833489361
3810.43772954	0.0248833530096
3810.7518888	0.024883340749
3811.06604807	0.0248832806683
3811.38020734	0.0248832232934
3811.6943666	0.0248832187415
3812.00852587	0.0248831656216
3812.32268513	0.0248830815861
3812.6368444	0.0248830251895
3812.95100366	0.0248829678029
3813.26516293	0.0248828879176
3813.57932219	0.0248828580683
3813.89348146	0.0248828877394
3814.20764072	0.0248829439816
3814.52179999	0.0248829712417
3814.83595925	0.0248829574982
3815.15011852	0.0248829795877
3815.46427778	0.0248829995496
3815.77843705	0.0248830157462
3816.09259632	0.0248830140515
3816.40675558	0.0248830045764
3816.72091485	0.0248830050658
3817.03507411	0.0248829966301
3817.34923338	0.02488298576
3817.66339264	0.0248829685677
3817.97755191	0.0248829305547
3818.29171117	0.0248828919252
3818.60587044	0.0248828767003
3818.9200297	0.0248828405114
3819.23418897	0.0248827830617
3819.54834823	0.0248827429881
3819.8625075	0.0248826739254
3820.17666677	0.0248826001894
3820.49082603	0.0248825470651
3820.8049853	0.0248825103818
3821.11914456	0.0248825169193
3821.43330383	0.0248825747007
3821.74746309	0.0248825991919
3822.06162236	0.0248825855306
3822.37578162	0.0248825820428
3822.68994089	0.0248826015868
3823.00410015	0.0248826226692
3823.31825942	0.0248826231505
3823.63241868	0.0248826258078
3823.94657795	0.0248826140778
3824.26073721	0.0248825777478
3824.57489648	0.0248825728334
3824.88905575	0.024882586808
3825.20321501	0.024882557681
3825.51737428	0.0248825121939
3825.83153354	0.0248824763984
3826.14569281	0.0248824498819
3826.45985207	0.024882405513
3826.77401134	0.0248823689483
3827.0881706	0.0248823149192
3827.40232987	0.024882236089
3827.71648913	0.0248821983221
3828.0306484	0.0248821508079
3828.34480766	0.0248821242014
3828.65896693	0.024882143799
3828.9731262	0.0248821733558
3829.28728546	0.0248821880833
3829.60144473	0.0248822013505
3829.91560399	0.0248822280917
3830.22976326	0.0248822473739
3830.54392252	0.024882252193
3830.85808179	0.024882234742
3831.17224105	0.0248822148474
3831.48640032	0.0248822448961
3831.80055958	0.0248822501845
3832.11471885	0.0248821880916
3832.42887811	0.0248821781416
3832.74303738	0.024882186451
3833.05719665	0.0248821327554
3833.37135591	0.0248820826501
3833.68551518	0.0248820535027
3833.99967444	0.0248820378501
3834.31383371	0.0248819826725
3834.62799297	0.0248819111986
3834.94215224	0.0248818570402
3835.2563115	0.0248817842876
3835.57047077	0.0248817446932
3835.88463003	0.0248817729885
3836.1987893	0.0248818118833
3836.51294856	0.0248818271623
3836.82710783	0.0248818283436
3837.14126709	0.0248818351251
3837.45542636	0.0248818609639
3837.76958563	0.0248818722011
3838.08374489	0.0248818788493
3838.39790416	0.0248818992525
3838.71206342	0.0248818964158
3839.02622269	0.0248818581595
3839.34038195	0.0248818622194
3839.65454122	0.0248818694477
3839.96870048	0.0248818123323
3840.28285975	0.0248817643832
3840.59701901	0.0248817708136
3840.91117828	0.0248817621398
3841.22533754	0.0248817100628
3841.53949681	0.0248816575197
3841.85365608	0.0248816151808
3842.16781534	0.0248815532049
3842.48197461	0.0248814801096
3842.79613387	0.0248814106051
3843.11029314	0.0248813905944
3843.4244524	0.0248814212163
3843.73861167	0.0248814407194
3844.05277093	0.0248814414002
3844.3669302	0.0248814605877
3844.68108946	0.0248814855843
3844.99524873	0.0248815111872
3845.30940799	0.0248815206646
3845.62356726	0.0248815378221
3845.93772652	0.0248815377839
3846.25188579	0.0248815089602
3846.56604506	0.0248815048478
3846.88020432	0.0248814854146
3847.19436359	0.0248814661257
3847.50852285	0.0248814491652
3847.82268212	0.0248814457507
3848.13684138	0.0248813995854
3848.45100065	0.0248813357044
3848.76515991	0.0248813194715
3849.07931918	0.0248812727562
3849.39347844	0.0248811702181
3849.70763771	0.0248810920768
3850.02179697	0.0248810366104
3850.33595624	0.0248809894343
3850.65011551	0.0248809956107
3850.96427477	0.0248810443573
3851.27843404	0.0248810821593
3851.5925933	0.0248810883113
3851.90675257	0.0248811179297
3852.22091183	0.0248811421809
3852.5350711	0.0248811330821
3852.84923036	0.0248811447813
3853.16338963	0.0248811591675
3853.47754889	0.024881149927
3853.79170816	0.0248811246324
3854.10586742	0.0248811174062
3854.42002669	0.0248811263477
3854.73418595	0.0248811177307
3855.04834522	0.0248810668324
3855.36250449	0.0248810098009
3855.67666375	0.0248810009732
3855.99082302	0.0248809637866
3856.30498228	0.0248808882736
3856.61914155	0.0248808311905
3856.93330081	0.0248807805933
3857.24746008	0.0248807012655
3857.56161934	0.0248806398644
3857.87577861	0.024880649838
3858.18993787	0.024880707836
3858.50409714	0.0248807375266
3858.8182564	0.0248807383306
3859.13241567	0.0248807527445
3859.44657494	0.0248807684728
3859.7607342	0.0248807877555
3860.07489347	0.0248807900456
3860.38905273	0.0248807872526
3860.703212	0.0248807907451
3861.01737126	0.0248807817233
3861.33153053	0.0248807619989
3861.64568979	0.0248807439608
3861.95984906	0.0248807225344
3862.27400832	0.024880689806
3862.58816759	0.0248806701896
3862.90232685	0.024880641593
3863.21648612	0.0248805870788
3863.53064538	0.0248805499625
3863.84480465	0.0248804840642
3864.15896392	0.0248804111504
3864.47312318	0.0248803682794
3864.78728245	0.0248803097766
3865.10144171	0.0248802863394
3865.41560098	0.024880343127
3865.72976024	0.0248803738047
3866.04391951	0.0248803639599
3866.35807877	0.0248803592457
3866.67223804	0.0248803807742
3866.9863973	0.0248804035747
3867.30055657	0.024880408279
3867.61471583	0.024880421799
3867.9288751	0.0248804076207
3868.24303437	0.0248803674489
3868.55719363	0.0248803659035
3868.8713529	0.0248803894995
3869.18551216	0.0248803598091
3869.49967143	0.0248803103958
3869.81383069	0.024880285505
3870.12798996	0.0248802667672
3870.44214922	0.0248802088798
3870.75630849	0.0248801841182
3871.07046775	0.0248801508403
3871.38462702	0.024880062462
3871.69878628	0.024880025636
3872.01294555	0.0248799743922
3872.32710481	0.0248799156484
3872.64126408	0.0248799146765
3872.95542335	0.0248799570436
3873.26958261	0.0248799821107
3873.58374188	0.0248799908679
3873.89790114	0.0248800201292
3874.21206041	0.0248800411712
3874.52621967	0.0248800540647
3874.84037894	0.0248800447479
3875.1545382	0.0248800236543
3875.46869747	0.0248800551303
3875.78285673	0.0248800660484
3876.097016	0.0248800044653
3876.41117526	0.0248799961037
3876.72533453	0.0248800118487
3877.0394938	0.0248799677529
3877.35365306	0.0248799133763
3877.66781233	0.0248798822861
3877.98197159	0.02487987535
3878.29613086	0.0248798369036
3878.61029012	0.0248797666133
3878.92444939	0.0248797045525
3879.23860865	0.0248796471541
3879.55276792	0.0248795862619
3879.86692718	0.0248795762984
3880.18108645	0.0248796116
3880.49524571	0.0248796367397
3880.80940498	0.0248796316816
3881.12356424	0.0248796300101
3881.43772351	0.0248796647686
3881.75188278	0.0248796873291
3882.06604204	0.0248796894918
3882.38020131	0.024879713651
3882.69436057	0.0248797214381
3883.00851984	0.0248796928164
3883.3226791	0.024879685894
3883.63683837	0.0248796914788
3883.95099763	0.0248796570406
3884.2651569	0.0248796018874
3884.57931616	0.0248796047135
3884.89347543	0.024879604946
3885.20763469	0.0248795554061
3885.52179396	0.0248795062699
3885.83595323	0.024879465975
3886.15011249	0.0248794121615
3886.46427176	0.0248793328008
3886.77843102	0.0248792529775
3887.09259029	0.0248792106405
3887.40674955	0.0248792204908
3887.72090882	0.0248792480803
3888.03506808	0.0248792603713
3888.34922735	0.0248792710759
3888.66338661	0.0248792961342
3888.97754588	0.0248793309213
3889.29170514	0.0248793475113
3889.60586441	0.0248793618713
3889.92002368	0.0248793584431
3890.23418294	0.0248793425519
3890.54834221	0.0248793435415
3890.86250147	0.024879324548
3891.17666074	0.024879305972
3891.49082	0.0248792924954
3891.80497927	0.0248792956637
3892.11913853	0.0248792622561
3892.4332978	0.0248791890012
3892.74745706	0.024879165509
3893.06161633	0.0248791355081
3893.37577559	0.0248790407016
3893.68993486	0.0248789586838
3894.00409412	0.0248788999904
3894.31825339	0.0248788383552
3894.63241266	0.0248788229734
3894.94657192	0.0248788662789
3895.26073119	0.0248789116625
3895.57489045	0.0248789254426
3895.88904972	0.0248789498426
3896.20320898	0.024878959317
3896.51736825	0.0248789646628
3896.83152751	0.0248789862356
3897.14568678	0.0248790034396
3897.45984604	0.02487899319
3897.77400531	0.0248789717945
3898.08816457	0.0248789698549
3898.40232384	0.0248789703577
3898.71648311	0.0248789659219
3899.03064237	0.0248789274612
3899.34480164	0.0248788703325
3899.6589609	0.0248788609007
3899.97312017	0.0248788280849
3900.28727943	0.0248787624985
3900.6014387	0.0248787051575
3900.91559796	0.0248786560958
3901.22975723	0.0248785801392
3901.54391649	0.0248785004321
3901.85807576	0.0248784931112
3902.17223502	0.0248785429472
3902.48639429	0.0248785702011
3902.80055355	0.0248785872472
3903.11471282	0.0248785950348
3903.42887209	0.0248786061665
3903.74303135	0.0248786274031
3904.05719062	0.0248786323072
3904.37134988	0.0248786345753
3904.68550915	0.0248786407438
3904.99966841	0.0248786358337
3905.31382768	0.024878610404
3905.62798694	0.0248785899651
3905.94214621	0.0248785859633
3906.25630547	0.0248785638868
3906.57046474	0.0248785354905
3906.884624	0.0248785084169
3907.19878327	0.0248784609669
3907.51294254	0.0248784217056
3907.8271018	0.0248783697313
3908.14126107	0.0248783022357
3908.45542033	0.0248782567597
3908.7695796	0.0248781902804
3909.08373886	0.0248781536119
3909.39789813	0.0248781822225
3909.71205739	0.0248782143371
3910.02621666	0.0248782196273
3910.34037592	0.02487821632
3910.65453519	0.0248782350683
3910.96869445	0.0248782596544
3911.28285372	0.0248782730275
3911.59701298	0.0248782943878
3911.91117225	0.024878278661
3912.22533152	0.0248782406301
3912.53949078	0.0248782473252
3912.85365005	0.0248782709269
3913.16780931	0.0248782412615
3913.48196858	0.0248781937618
3913.79612784	0.0248781746279
3914.11028711	0.0248781608903
3914.42444637	0.024878100417
3914.73860564	0.0248780707264
3915.0527649	0.0248780523812
3915.36692417	0.02487797808
3915.68108343	0.024877927394
3915.9952427	0.0248778811888
3916.30940197	0.024877809596
3916.62356123	0.0248777770678
3916.9377205	0.024877814081
3917.25187976	0.0248778523929
3917.56603903	0.0248778628376
3917.88019829	0.0248778865972
3918.19435756	0.0248779071868
3918.50851682	0.0248779255308
3918.82267609	0.024877921464
3919.13683535	0.0248779096218
3919.45099462	0.0248779392702
3919.76515388	0.0248779456054
3920.07931315	0.0248778960245
3920.39347241	0.0248778802412
3920.70763168	0.0248779015698
3921.02179095	0.0248778671432
3921.33595021	0.0248778099569
3921.65010948	0.024877782798
3921.96426874	0.0248777795615
3922.27842801	0.02487775801
3922.59258727	0.0248776916794
3922.90674654	0.0248776254574
3923.2209058	0.024877576047
3923.53506507	0.0248775118331
3923.84922433	0.0248774664139
3924.1633836	0.0248774804785
3924.47754286	0.024877509682
3924.79170213	0.0248775114933
3925.1058614	0.0248775078848
3925.42002066	0.02487754072
3925.73417993	0.024877569987
3926.04833919	0.0248775762382
3926.36249846	0.0248776002559
3926.67665772	0.0248776018744
3926.99081699	0.024877591371
3927.30497625	0.024877595234
3927.61913552	0.0248775900754
3927.93329478	0.0248775650833
3928.24745405	0.0248775191203
3928.56161331	0.0248775197541
3928.87577258	0.0248775186257
3929.18993184	0.0248774747568
3929.50409111	0.024877423013
3929.81825038	0.0248773880252
3930.13240964	0.0248773479663
3930.44656891	0.024877257471
3930.76072817	0.0248771747156
3931.07488744	0.024877120746
3931.3890467	0.0248771038162
3931.70320597	0.0248771271369
3932.01736523	0.0248771513374
3932.3315245	0.024877168232
3932.64568376	0.0248771915569
3932.95984303	0.0248772227904
3933.27400229	0.024877247332
3933.58816156	0.0248772630758
3933.90232083	0.0248772577567
3934.21648009	0.0248772583773
3934.53063936	0.0248772564803
3934.84479862	0.024877236083
3935.15895789	0.024877218264
3935.47311715	0.0248772129542
3935.78727642	0.0248772186297
3936.10143568	0.0248771995586
3936.41559495	0.0248771222468
3936.72975421	0.0248770855851
3937.04391348	0.0248770698577
3937.35807274	0.0248769887619
3937.67223201	0.0248769018721
3937.98639127	0.0248768467442
3938.30055054	0.0248767780848
3938.61470981	0.0248767351101
3938.92886907	0.0248767633797
3939.24302834	0.0248768094948
3939.5571876	0.0248768404463
3939.87134687	0.0248768606843
3940.18550613	0.0248768571266
3940.4996654	0.0248768774122
3940.81382466	0.024876902061
3941.12798393	0.0248769182298
3941.44214319	0.0248769085672
3941.75630246	0.02487689563
3942.07046172	0.0248768947685
3942.38462099	0.0248768874546
3942.69878026	0.0248768871108
3943.01293952	0.0248768572346
3943.32709879	0.0248768072309
3943.64125805	0.0248767899542
3943.95541732	0.0248767625936
3944.26957658	0.024876711092
3944.58373585	0.0248766517885
3944.89789511	0.0248766026957
3945.21205438	0.0248765386637
3945.52621364	0.0248764533281
3945.84037291	0.0248764193934
3946.15453217	0.0248764489341
3946.46869144	0.0248764840315
3946.78285071	0.024876516295
3947.09700997	0.0248765200776
3947.41116924	0.024876525768
3947.7253285	0.0248765421025
3948.03948777	0.0248765544546
3948.35364703	0.024876564001
3948.6678063	0.0248765670114
3948.98196556	0.0248765684656
3949.29612483	0.0248765460667
3949.61028409	0.0248765190979
3949.92444336	0.0248765255623
3950.23860262	0.0248765163839
3950.55276189	0.0248764837766
3950.86692115	0.0248764550499
3951.18108042	0.0248764147066
3951.49523969	0.0248763747472
3951.80939895	0.0248763291661
3952.12355822	0.0248762787651
3952.43771748	0.024876225376
3952.75187675	0.0248761549471
3953.06603601	0.024876120242
3953.38019528	0.0248761098721
3953.69435454	0.0248761271015
3954.00851381	0.0248761486228
3954.32267307	0.0248761565611
3954.63683234	0.0248761714083
3954.9509916	0.0248761935399
3955.26515087	0.0248762138705
3955.57931014	0.0248762382386
3955.8934694	0.0248762290112
3956.20762867	0.0248761937802
3956.52178793	0.0248762023988
3956.8359472	0.0248762257509
3957.15010646	0.0248761981086
3957.46426573	0.024876146942
3957.77842499	0.0248761396524
3958.09258426	0.0248761337634
3958.40674352	0.0248760703695
3958.72090279	0.0248760329758
3959.03506205	0.0248760214946
3959.34922132	0.0248759727785
3959.66338058	0.0248759092225
3959.97753985	0.0248758593192
3960.29169912	0.0248757916772
3960.60585838	0.0248757332476
3960.92001765	0.0248757475047
3961.23417691	0.0248757921558
3961.54833618	0.0248758129684
3961.86249544	0.0248758284851
3962.17665471	0.0248758430161
3962.49081397	0.02487586414
3962.80497324	0.0248758692132
3963.1191325	0.0248758671791
3963.43329177	0.0248758920329
3963.74745103	0.0248758980065
3964.0616103	0.0248758652149
3964.37576957	0.0248758412081
3964.68992883	0.024875862934
3965.0040881	0.0248758468955
3965.31824736	0.0248757833219
3965.63240663	0.0248757547586
3965.94656589	0.0248757639017
3966.26072516	0.0248757518523
3966.57488442	0.0248756837777
3966.88904369	0.0248756218053
3967.20320295	0.0248755772162
3967.51736222	0.0248755133873
3967.83152148	0.0248754490418
3968.14568075	0.0248754297466
3968.45984001	0.0248754540942
3968.77399928	0.0248754750569
3969.08815855	0.0248754713584
3969.40231781	0.0248754919101
3969.71647708	0.0248755256455
3970.03063634	0.0248755410948
3970.34479561	0.024875564007
3970.65895487	0.0248755727571
3970.97311414	0.0248755722631
3971.2872734	0.0248755706792
3971.60143267	0.0248755606447
3971.91559193	0.0248755402142
3972.2297512	0.0248755121954
3972.54391046	0.0248755085598
3972.85806973	0.0248755049502
3973.172229	0.0248754761691
3973.48638826	0.0248754164818
3973.80054753	0.0248753848636
3974.11470679	0.0248753585516
3974.42886606	0.0248752650233
3974.74302532	0.0248751755454
3975.05718459	0.0248751209395
3975.37134385	0.0248750772085
3975.68550312	0.0248750787094
3975.99966238	0.024875112529
3976.31382165	0.0248751410982
3976.62798091	0.0248751665894
3976.94214018	0.0248751830482
3977.25629944	0.0248752170525
3977.57045871	0.0248752378728
3977.88461798	0.0248752315788
3978.19877724	0.024875243415
3978.51293651	0.0248752362881
3978.82709577	0.0248752223017
3979.14125504	0.0248752057485
3979.4554143	0.0248752005285
3979.76957357	0.0248752084678
3980.08373283	0.0248751981679
3980.3978921	0.0248751248868
3980.71205136	0.0248750795022
3981.02621063	0.0248750704183
3981.34036989	0.0248750037189
3981.65452916	0.0248749209945
3981.96868843	0.0248748653016
3982.28284769	0.0248748027645
3982.59700696	0.0248747365039
3982.91116622	0.0248747357142
3983.22532549	0.0248747784305
3983.53948475	0.0248748270462
3983.85364402	0.0248748498904
3984.16780328	0.0248748391479
3984.48196255	0.0248748719715
3984.79612181	0.0248748955847
3985.11028108	0.0248749069442
3985.42444034	0.0248749036448
3985.73859961	0.024874895018
3986.05275887	0.0248748984157
3986.36691814	0.0248748873349
3986.68107741	0.0248748794497
3986.99523667	0.0248748604959
3987.30939594	0.0248748244202
3987.6235552	0.0248747990565
3987.93771447	0.0248747754779
3988.25187373	0.0248747340428
3988.566033	0.0248746778849
3988.88019226	0.0248746286724
3989.19435153	0.0248745677696
3989.50851079	0.0248744976491
3989.82267006	0.0248744465558
3990.13682932	0.0248744407611
3990.45098859	0.0248744736705
3990.76514786	0.0248745168726
3991.07930712	0.0248745286068
3991.39346639	0.0248745276957
3991.70762565	0.024874533958
3992.02178492	0.024874553074
3992.33594418	0.0248745699201
3992.65010345	0.0248745737629
3992.96426271	0.024874578733
3993.27842198	0.0248745542459
3993.59258124	0.0248745187077
3993.90674051	0.024874535846
3994.22089977	0.0248745384753
3994.53505904	0.0248745013501
3994.8492183	0.0248744730501
3995.16337757	0.0248744398042
3995.47753684	0.024874402392
3995.7916961	0.0248743565028
3996.10585537	0.0248743234114
3996.42001463	0.0248742609379
3996.7341739	0.0248741942352
3997.04833316	0.0248741636542
3997.36249243	0.0248741196787
3997.67665169	0.0248741138778
3997.99081096	0.0248741436614
3998.30497022	0.024874169113
3998.61912949	0.0248741829682
3998.93328875	0.0248742020508
3999.24744802	0.0248742252973
3999.56160729	0.0248742520801
3999.87576655	0.0248742513798
4000.18992582	0.0248742182337
4000.50408508	0.0248742256925
4000.81824435	0.0248742573187
4001.13240361	0.0248742271128
4001.44656288	0.0248741738182
4001.76072214	0.0248741890219
4002.07488141	0.0248741828212
4002.38904067	0.0248741152328
4002.70319994	0.0248740807183
4003.0173592	0.0248740637945
4003.33151847	0.0248740406763
4003.64567774	0.0248739770905
4003.959837	0.0248739113238
4004.27399627	0.0248738549081
4004.58815553	0.0248737838418
4004.9023148	0.0248737688197
4005.21647406	0.0248738104725
4005.53063333	0.024873843577
4005.84479259	0.0248738550016
4006.15895186	0.0248738592629
4006.47311112	0.0248738793174
4006.78727039	0.0248738961851
4007.10142965	0.024873899632
4007.41558892	0.0248739185044
4007.72974818	0.0248739312214
4008.04390745	0.0248739164864
4008.35806672	0.0248738849667
4008.67222598	0.0248739002471
4008.98638525	0.0248739003332
4009.30054451	0.0248738358379
4009.61470378	0.0248738034542
4009.92886304	0.0248738236499
4010.24302231	0.0248738110614
4010.55718157	0.0248737515875
4010.87134084	0.0248736925327
4011.1855001	0.0248736478831
4011.49965937	0.0248735860391
4011.81381863	0.024873513864
4012.1279779	0.0248734642742
4012.44213717	0.0248734693757
4012.75629643	0.0248735036946
4013.0704557	0.0248735087521
4013.38461496	0.0248735180625
4013.69877423	0.0248735508193
4014.01293349	0.0248735756804
4014.32709276	0.0248735992878
4014.64125202	0.0248736191426
4014.95541129	0.0248736289582
4015.26957055	0.0248736123954
4015.58372982	0.0248736046147
4015.89788908	0.0248735890384
4016.21204835	0.0248735707853
4016.52620761	0.0248735669373
4016.84036688	0.0248735626815
4017.15452615	0.0248735497529
4017.46868541	0.0248734858683
4017.78284468	0.0248734479447
4018.09700394	0.0248734321377
4018.41116321	0.0248733509453
4018.72532247	0.0248732513157
4019.03948174	0.0248731941422
4019.353641	0.0248731383458
4019.66780027	0.0248731129504
4019.98195953	0.0248731451692
4020.2961188	0.0248731925543
4020.61027806	0.024873220598
4020.92443733	0.0248732298727
4021.2385966	0.0248732636315
4021.55275586	0.0248732865344
4021.86691513	0.0248732900749
4022.18107439	0.0248733021263
4022.49523366	0.0248732970159
4022.80939292	0.0248732884833
4023.12355219	0.0248732686693
4023.43771145	0.0248732671818
4023.75187072	0.0248732807528
4024.06602998	0.0248732711642
4024.38018925	0.0248732068919
4024.69434851	0.0248731541713
4025.00850778	0.0248731499706
4025.32266704	0.024873095043
4025.63682631	0.0248730176929
4025.95098558	0.0248729622691
4026.26514484	0.0248729071099
4026.57930411	0.0248728289269
4026.89346337	0.0248727949823
4027.20762264	0.0248728318953
4027.5217819	0.0248728940757
4027.83594117	0.024872916301
4028.15010043	0.0248729083955
4028.4642597	0.0248729402521
4028.77841896	0.0248729631028
4029.09257823	0.0248729730522
4029.40673749	0.0248729699609
4029.72089676	0.0248729680636
4030.03505603	0.024872969592
4030.34921529	0.0248729547549
4030.66337456	0.0248729430548
4030.97753382	0.0248729312807
4031.29169309	0.0248729060012
4031.60585235	0.0248728742489
4031.92001162	0.0248728538356
4032.23417088	0.0248728178338
4032.54833015	0.0248727626243
4032.86248941	0.0248727199628
4033.17664868	0.0248726595245
4033.49080794	0.0248726064029
4033.80496721	0.0248725526744
4034.11912647	0.0248725081462
4034.43328574	0.0248725311606
4034.74744501	0.024872580042
4035.06160427	0.0248726029073
4035.37576354	0.0248725993802
4035.6899228	0.0248726000767
4036.00408207	0.0248726232954
4036.31824133	0.0248726450172
4036.6324006	0.0248726555903
4036.94655986	0.024872660723
4037.26071913	0.0248726264425
4037.57487839	0.0248725964592
4037.88903766	0.0248726245129
4038.20319692	0.024872629713
4038.51735619	0.0248725880407
4038.83151546	0.0248725570167
4039.14567472	0.0248725373038
4039.45983399	0.0248725007209
4039.77399325	0.0248724539978
4040.08815252	0.0248724341924
4040.40231178	0.024872368499
4040.71647105	0.0248723059041
4041.03063031	0.0248722728512
4041.34478958	0.0248722129915
4041.65894884	0.0248721844782
4041.97310811	0.024872211782
4042.28726737	0.0248722532475
4042.60142664	0.0248722675132
4042.9155859	0.0248722844816
4043.22974517	0.0248723150851
4043.54390444	0.0248723374031
4043.8580637	0.0248723393403
4044.17222297	0.0248723168725
4044.48638223	0.024872317281
4044.8005415	0.0248723519897
4045.11470076	0.0248723282352
4045.42886003	0.0248722772892
4045.74301929	0.0248722975731
4046.05717856	0.0248722984466
4046.37133782	0.0248722357657
4046.68549709	0.0248721892321
4046.99965635	0.0248721675526
4047.31381562	0.0248721649567
4047.62797489	0.0248721134683
4047.94213415	0.0248720286989
4048.25629342	0.0248719809581
4048.57045268	0.0248719151649
4048.88461195	0.0248718688986
4049.19877121	0.0248718946343
4049.51293048	0.024871934381
4049.82708974	0.0248719483642
4050.14124901	0.0248719456934
4050.45540827	0.0248719609313
4050.76956754	0.0248719878751
4051.0837268	0.0248719967165
4051.39788607	0.0248720131559
4051.71204533	0.0248720323875
4052.0262046	0.0248720280467
4052.34036387	0.0248719952694
4052.65452313	0.0248720045531
4052.9686824	0.024872012715
4053.28284166	0.0248719587059
4053.59700093	0.0248719225859
4053.91116019	0.0248719432988
4054.22531946	0.0248719347436
4054.53947872	0.0248718809173
4054.85363799	0.0248718215613
4055.16779725	0.0248717863531
4055.48195652	0.0248717242725
4055.79611578	0.0248716457218
4056.11027505	0.024871581718
4056.42443432	0.0248715629232
4056.73859358	0.0248715935585
4057.05275285	0.0248716169094
4057.36691211	0.0248716249887
4057.68107138	0.0248716471113
4057.99523064	0.0248716790994
4058.30938991	0.0248717066603
4058.62354917	0.0248717316263
4058.93770844	0.0248717473343
4059.2518677	0.0248717267408
4059.56602697	0.024871723181
4059.88018623	0.024871713274
4060.1943455	0.0248716993517
4060.50850476	0.024871692424
4060.82266403	0.0248716907577
4061.1368233	0.0248716918305
4061.45098256	0.0248716261428
4061.76514183	0.0248715783655
4062.07930109	0.0248715690973
4062.39346036	0.0248715038117
4062.70761962	0.0248714026851
4063.02177889	0.0248713441033
4063.33593815	0.0248712833203
4063.65009742	0.024871234348
4063.96425668	0.0248712515075
4064.27841595	0.0248713070762
4064.59257521	0.0248713431992
4064.90673448	0.0248713607391
4065.22089375	0.02487138085
4065.53505301	0.0248713923919
4065.84921228	0.0248714156474
4066.16337154	0.0248714249289
4066.47753081	0.0248714247502
4066.79169007	0.0248714163925
4067.10584934	0.0248713982502
4067.4200086	0.0248713963308
4067.73416787	0.0248714102715
4068.04832713	0.0248714059283
4068.3624864	0.0248713459532
4068.67664566	0.0248712911721
4068.99080493	0.0248712841351
4069.3049642	0.0248712422223
4069.61912346	0.0248711700276
4069.93328273	0.0248711130557
4070.24744199	0.0248710639469
4070.56160126	0.0248709815036
4070.87576052	0.0248709268643
4071.18991979	0.0248709542337
4071.50407905	0.0248710169975
4071.81823832	0.0248710400097
4072.13239758	0.0248710441099
4072.44655685	0.0248710700415
4072.76071611	0.0248710853416
4073.07487538	0.0248710966017
4073.38903464	0.0248710996528
4073.70319391	0.0248711027235
4074.01735318	0.0248711061191
4074.33151244	0.0248710900454
4074.64567171	0.0248710751838
4074.95983097	0.0248710685612
4075.27399024	0.0248710541198
4075.5881495	0.0248710238492
4075.90230877	0.0248710007912
4076.21646803	0.0248709675088
4076.5306273	0.0248709146197
4076.84478656	0.0248708773608
4077.15894583	0.0248708189611
4077.47310509	0.0248707697876
4077.78726436	0.0248707243393
4078.10142363	0.0248706590663
4078.41558289	0.0248706604901
4078.72974216	0.024870709393
4079.04390142	0.0248707417646
4079.35806069	0.0248707387288
4079.67221995	0.0248707387756
4079.98637922	0.024870763303
4080.30053848	0.0248707891389
4080.61469775	0.0248708055384
4080.92885701	0.0248708104157
4081.24301628	0.0248707776391
4081.55717554	0.0248707543932
4081.87133481	0.0248707765001
4082.18549407	0.0248707882046
4082.49965334	0.0248707473589
4082.81381261	0.0248707096307
4083.12797187	0.0248707041793
4083.44213114	0.0248706639027
4083.7562904	0.0248706174672
4084.07044967	0.0248706064338
4084.38460893	0.0248705472211
4084.6987682	0.0248704814568
4085.01292746	0.0248704442517
4085.32708673	0.0248703884072
4085.64124599	0.0248703373258
4085.95540526	0.0248703480296
4086.26956452	0.0248703992543
4086.58372379	0.0248704216155
4086.89788306	0.024870434633
4087.21204232	0.0248704638474
4087.52620159	0.0248704853649
4087.84036085	0.0248704893004
4088.15452012	0.0248704746212
4088.46867938	0.0248704809385
4088.78283865	0.0248705110588
4089.09699791	0.0248704867314
4089.41115718	0.0248704427025
4089.72531644	0.0248704612737
4090.03947571	0.0248704665148
4090.35363497	0.0248704107486
4090.66779424	0.0248703624262
4090.9819535	0.0248703425175
4091.29611277	0.0248703452545
4091.61027204	0.0248703006332
4091.9244313	0.0248702208784
4092.23859057	0.0248701701406
4092.55274983	0.0248701172754
4092.8669091	0.0248700520723
4093.18106836	0.0248700498667
4093.49522763	0.0248700886369
4093.80938689	0.0248701100489
4094.12354616	0.0248701062003
4094.43770542	0.0248701137893
4094.75186469	0.0248701469498
4095.06602395	0.0248701655823
4095.38018322	0.0248701791516
4095.69434249	0.0248701979195
4096.00850175	0.0248701964079
4096.32266102	0.0248701779453
4096.63682028	0.0248701857917
4096.95097955	0.0248701879054
4097.26513881	0.0248701536549
4097.57929808	0.0248701133088
4097.89345734	0.0248701271785
4098.20761661	0.0248701228339
4098.52177587	0.0248700687592
4098.83593514	0.0248700121378
4099.1500944	0.0248699899504
4099.46425367	0.0248699274302
4099.77841293	0.0248698389923
4100.0925722	0.0248697743457
4100.40673147	0.024869737594
4100.72089073	0.0248697521079
4101.03505	0.0248697858527
4101.34920926	0.0248698006051
4101.66336853	0.0248698173499
4101.97752779	0.0248698519376
4102.29168706	0.0248698839981
4102.60584632	0.0248699074617
4102.92000559	0.0248699206628
4103.23416485	0.0248699087331
4103.54832412	0.024869905571
4103.86248338	0.0248699003249
4104.17664265	0.0248698883993
4104.49080192	0.0248698781177
4104.80496118	0.0248698805861
4105.11912045	0.0248698864376
4105.43327971	0.0248698264136
4105.74743898	0.0248697675799
4106.06159824	0.0248697602084
4106.37575751	0.0248697066408
4106.68991677	0.0248696120039
4107.00407604	0.0248695467379
4107.3182353	0.0248694889205
4107.63239457	0.0248694327548
4107.94655383	0.0248694254329
4108.2607131	0.0248694834036
4108.57487236	0.0248695200271
4108.88903163	0.0248695495953
4109.2031909	0.0248695629611
4109.51735016	0.0248695638001
4109.83150943	0.0248695991296
4110.14566869	0.0248696108757
4110.45982796	0.0248696179101
4110.77398722	0.0248696039078
4111.08814649	0.0248695892029
4111.40230575	0.0248695910059
4111.71646502	0.024869599836
4112.03062428	0.0248695974088
4112.34478355	0.0248695480878
4112.65894281	0.0248694926137
4112.97310208	0.0248694835757
4113.28726135	0.0248694538017
4113.60142061	0.0248693846077
4113.91557988	0.0248693273023
4114.22973914	0.0248692881978
4114.54389841	0.0248692037618
4114.85805767	0.0248691335777
4115.17221694	0.0248691506029
4115.4863762	0.0248692060868
4115.80053547	0.02486923034
4116.11469473	0.0248692505428
4116.428854	0.024869264023
4116.74301326	0.0248692737018
4117.05717253	0.0248692875632
4117.37133179	0.0248692965923
4117.68549106	0.0248693010434
4117.99965033	0.0248693028406
4118.31380959	0.0248692928698
4118.62796886	0.0248692739032
4118.94212812	0.0248692666375
4119.25628739	0.0248692642642
4119.57044665	0.024869240122
4119.88460592	0.0248692100451
4120.19876518	0.0248691799362
4120.51292445	0.024869130984
4120.82708371	0.0248690968336
4121.14124298	0.0248690463588
4121.45540224	0.0248689915313
4121.76956151	0.024868946501
4122.08372078	0.0248688805395
4122.39788004	0.0248688621715
4122.71203931	0.0248688995596
4123.02619857	0.0248689347174
4123.34035784	0.0248689376745
4123.6545171	0.0248689376525
4123.96867637	0.0248689607278
4124.28283563	0.0248689933518
4124.5969949	0.0248690104061
4124.91115416	0.0248690151639
4125.22531343	0.0248689905923
4125.53947269	0.0248689694992
4125.85363196	0.0248689872086
4126.16779123	0.0248690059496
4126.48195049	0.0248689640403
4126.79610976	0.0248689281258
4127.11026902	0.024868932197
4127.42442829	0.0248688843042
4127.73858755	0.0248688392039
4128.05274682	0.0248688318497
4128.36690608	0.0248687839901
4128.68106535	0.0248687194411
4128.99522461	0.0248686757663
4129.30938388	0.0248686263596
4129.62354314	0.0248685602569
4129.93770241	0.0248685529089
4130.25186167	0.0248686061863
4130.56602094	0.0248686375335
4130.88018021	0.0248686497832
4131.19433947	0.0248686734884
4131.50849874	0.0248686951811
4131.822658	0.0248687045218
4132.13681727	0.0248686929319
4132.45097653	0.0248687045934
4132.7651358	0.0248687340857
4133.07929506	0.0248687115125
4133.39345433	0.0248686743731
4133.70761359	0.0248686888013
4134.02177286	0.0248687003216
4134.33593212	0.0248686470123
4134.65009139	0.0248686005498
4134.96425066	0.0248685886202
4135.27840992	0.0248685908347
4135.59256919	0.0248685546768
4135.90672845	0.0248684803615
4136.22088772	0.0248684291877
4136.53504698	0.0248683843434
4136.84920625	0.0248683120986
4137.16336551	0.024868280981
4137.47752478	0.0248683076047
4137.79168404	0.0248683392189
4138.10584331	0.024868340013
4138.42000257	0.0248683409276
4138.73416184	0.0248683741415
4139.0483211	0.0248684005261
4139.36248037	0.024868411756
4139.67663964	0.0248684302371
4139.9907989	0.0248684300514
4140.30495817	0.0248684225042
4140.61911743	0.0248684300851
4140.9332767	0.0248684304237
4141.24743596	0.0248684032307
4141.56159523	0.0248683663793
4141.87575449	0.0248683752081
4142.18991376	0.0248683666352
4142.50407302	0.0248683173088
4142.81823229	0.0248682613126
4143.13239155	0.0248682476529
4143.44655082	0.0248681880348
4143.76071009	0.0248680896564
4144.07486935	0.0248680257394
4144.38902862	0.0248679741779
4144.70318788	0.0248679722751
4145.01734715	0.0248680136434
4145.33150641	0.0248680359724
4145.64566568	0.0248680547581
4145.95982494	0.0248680855856
4146.27398421	0.02486811918
4146.58814347	0.0248681433343
4146.90230274	0.0248681527035
4147.216462	0.0248681511203
4147.53062127	0.0248681469781
4147.84478053	0.0248681469456
4148.1589398	0.0248681360115
4148.47309907	0.0248681216873
4148.78725833	0.0248681297036
4149.1014176	0.0248681384126
4149.41557686	0.0248680857405
4149.72973613	0.0248680220046
4150.04389539	0.0248680139767
4150.35805466	0.0248679706484
4150.67221392	0.0248678856221
4150.98637319	0.0248678174902
4151.30053245	0.0248677623152
4151.61469172	0.0248676957282
4151.92885098	0.0248676726966
4152.24301025	0.0248677256909
4152.55716952	0.024867768672
4152.87132878	0.0248678008899
4153.18548805	0.0248678059484
4153.49964731	0.0248678162198
4153.81380658	0.0248678536136
4154.12796584	0.0248678650718
4154.44212511	0.0248678760927
4154.75628437	0.0248678609676
4155.07044364	0.0248678531785
4155.3846029	0.0248678530566
4155.69876217	0.0248678564333
4156.01292143	0.0248678546221
4156.3270807	0.0248678115117
4156.64123996	0.0248677613066
4156.95539923	0.0248677495084
4157.2695585	0.0248677268468
4157.58371776	0.0248676636675
4157.89787703	0.0248676053738
4158.21203629	0.0248675699059
4158.52619556	0.0248674892101
4158.84035482	0.024867410566
4159.15451409	0.0248674095427
4159.46867335	0.0248674558682
4159.78283262	0.0248674882009
4160.09699188	0.0248675204267
4160.41115115	0.0248675246162
4160.72531041	0.0248675249508
4161.03946968	0.0248675414941
4161.35362895	0.0248675574011
4161.66778821	0.0248675605985
4161.98194748	0.0248675610431
4162.29610674	0.0248675551426
4162.61026601	0.0248675300989
4162.92442527	0.024867523072
4163.23858454	0.0248675333573
4163.5527438	0.0248675134272
4163.86690307	0.0248674767891
4164.18106233	0.0248674466422
4164.4952216	0.024867407014
4164.80938086	0.0248673751266
4165.12354013	0.0248673335112
4165.43769939	0.0248672768356
4165.75185866	0.024867224497
4166.06601793	0.024867166043
4166.38017719	0.02486713717
4166.69433646	0.0248671537187
4167.00849572	0.024867186339
4167.32265499	0.024867200678
4167.63681425	0.0248672030077
4167.95097352	0.0248672263432
4168.26513278	0.0248672629389
4168.57929205	0.0248672792813
4168.89345131	0.0248672859868
4169.20761058	0.0248672676937
4169.52176984	0.0248672483586
4169.83592911	0.0248672657369
4170.15008838	0.0248672865773
4170.46424764	0.0248672435147
4170.77840691	0.0248672140369
4171.09256617	0.0248672241486
4171.40672544	0.0248671746163
4171.7208847	0.0248671323983
4172.03504397	0.0248671208786
4172.34920323	0.0248670866557
4172.6633625	0.0248670301062
4172.97752176	0.0248669746607
4173.29168103	0.0248669285181
4173.60584029	0.0248668569903
4173.91999956	0.0248668318435
4174.23415882	0.0248668782544
4174.54831809	0.0248669178255
4174.86247736	0.0248669315082
4175.17663662	0.0248669477099
4175.49079589	0.0248669661915
4175.80495515	0.0248669820682
4176.11911442	0.0248669804544
4176.43327368	0.0248669888341
4176.74743295	0.0248670129476
4177.06159221	0.0248670032386
4177.37575148	0.0248669687144
4177.68991074	0.0248669772468
4178.00407001	0.0248669920789
4178.31822927	0.0248669447149
4178.63238854	0.0248668979423
4178.94654781	0.0248668879426
4179.26070707	0.0248668952878
4179.57486634	0.0248668614741
4179.8890256	0.0248667888077
4180.20318487	0.0248667442901
4180.51734413	0.0248666999576
4180.8315034	0.024866624998
4181.14566266	0.0248665732754
4181.45982193	0.0248665824561
4181.77398119	0.024866620524
4182.08814046	0.0248666325859
4182.40229972	0.0248666285946
4182.71645899	0.0248666554136
4183.03061826	0.0248666900085
4183.34477752	0.024866702032
4183.65893679	0.0248667210063
4183.97309605	0.0248667309418
4184.28725532	0.0248667278763
4184.60141458	0.0248667278132
4184.91557385	0.0248667270167
4185.22973311	0.0248667015513
4185.54389238	0.0248666788817
4185.85805164	0.0248666807785
4186.17221091	0.0248666714145
4186.48637017	0.024866625204
4186.80052944	0.0248665710952
4187.1146887	0.0248665635337
4187.42884797	0.024866506076
4187.74300724	0.0248664040947
4188.0571665	0.0248663411151
4188.37132577	0.0248662845799
4188.68548503	0.024866261504
4188.9996443	0.0248663000583
4189.31380356	0.024866337567
4189.62796283	0.0248663606743
4189.94212209	0.0248663825649
4190.25628136	0.0248664146496
4190.57044062	0.0248664446296
4190.88459989	0.0248664506697
4191.19875915	0.0248664561098
4191.51291842	0.0248664557134
4191.82707769	0.0248664589321
4192.14123695	0.0248664455341
4192.45539622	0.0248664326717
4192.76955548	0.0248664427644
4193.08371475	0.0248664488115
4193.39787401	0.0248664038179
4193.71203328	0.0248663343633
4194.02619254	0.0248663296174
4194.34035181	0.0248662935368
4194.65451107	0.0248662093625
4194.96867034	0.0248661450183
4195.2828296	0.0248660957072
4195.59698887	0.0248660228632
4195.91114813	0.024865983763
4196.2253074	0.0248660275544
4196.53946667	0.0248660821962
4196.85362593	0.0248661128362
4197.1677852	0.0248661076045
4197.48194446	0.0248661298639
4197.79610373	0.0248661637068
4198.11026299	0.0248661760493
4198.42442226	0.0248661860575
4198.73858152	0.0248661739701
4199.05274079	0.0248661709655
4199.36690005	0.0248661686313
4199.68105932	0.0248661669909
4199.99521858	0.0248661661907
4200.30937785	0.024866127553
4200.62353712	0.0248660819954
4200.93769638	0.0248660698061
4201.25185565	0.024866048559
4201.56601491	0.0248659919447
4201.88017418	0.0248659385005
4202.19433344	0.0248658988787
4202.50849271	0.024865823887
4202.82265197	0.024865754867
4203.13681124	0.024865729635
4203.4509705	0.0248657587181
4203.76512977	0.0248658067828
4204.07928903	0.0248658449863
4204.3934483	0.0248658419768
4204.70760756	0.0248658358966
4205.02176683	0.0248658556557
4205.3359261	0.0248658784578
4205.65008536	0.0248658818772
4205.96424463	0.0248658851113
4206.27840389	0.0248658792199
4206.59256316	0.0248658481825
4206.90672242	0.0248658456771
4207.22088169	0.0248658647612
4207.53504095	0.0248658409623
4207.84920022	0.0248658039577
4208.16335948	0.024865778346
4208.47751875	0.0248657481997
4208.79167801	0.0248657154955
4209.10583728	0.0248656788152
4209.41999655	0.0248656269094
4209.73415581	0.0248655624212
4210.04831508	0.0248655161009
4210.36247434	0.0248654798977
4210.67663361	0.0248654714777
4210.99079287	0.0248654987865
4211.30495214	0.0248655246283
4211.6191114	0.0248655348231
4211.93327067	0.0248655544279
4212.24742993	0.0248655878428
4212.5615892	0.0248656087233
4212.87574846	0.0248656180819
4213.18990773	0.0248656039044
4213.50406699	0.024865585014
4213.81822626	0.0248656031248
4214.13238553	0.0248656232129
4214.44654479	0.0248655789536
4214.76070406	0.0248655539208
4215.07486332	0.0248655709294
4215.38902259	0.0248655266692
4215.70318185	0.0248654822161
4216.01734112	0.0248654630107
4216.33150038	0.0248654432502
4216.64565965	0.0248653955268
4216.95981891	0.0248653287401
4217.27397818	0.0248652834817
4217.58813744	0.0248652112101
4217.90229671	0.0248651699299
4218.21645598	0.0248652071115
4218.53061524	0.024865252855
4218.84477451	0.0248652694449
4219.15893377	0.0248652772752
4219.47309304	0.0248652904592
4219.7872523	0.0248653131804
4220.10141157	0.0248653221553
4220.41557083	0.0248653312302
4220.7297301	0.0248653510217
4221.04388936	0.0248653534961
4221.35804863	0.024865320817
4221.67220789	0.0248653300899
4221.98636716	0.0248653460049
4222.30052642	0.0248652963631
4222.61468569	0.024865250099
4222.92884496	0.0248652482232
4223.24300422	0.024865257056
4223.55716349	0.0248652187794
4223.87132275	0.0248651547824
4224.18548202	0.0248651154076
4224.49964128	0.0248650662
4224.81380055	0.0248649929615
4225.12795981	0.0248649306203
4225.44211908	0.0248649220013
4225.75627834	0.0248649612594
4226.07043761	0.0248649844493
4226.38459687	0.0248649775132
4226.69875614	0.0248650000415
4227.01291541	0.0248650409844
4227.32707467	0.0248650571498
4227.64123394	0.0248650737762
4227.9553932	0.024865091865
4228.26955247	0.0248650976201
4228.58371173	0.0248650840456
4228.897871	0.0248650801975
4229.21203026	0.0248650616001
4229.52618953	0.0248650468829
4229.84034879	0.0248650440879
4230.15450806	0.0248650396605
4230.46866732	0.0248649960384
4230.78282659	0.0248649414739
4231.09698585	0.0248649343538
4231.41114512	0.0248648819692
4231.72530439	0.0248647792232
4232.03946365	0.0248647101097
4232.35362292	0.0248646540179
4232.66778218	0.0248646164271
4232.98194145	0.0248646438247
4233.29610071	0.024864694618
4233.61025998	0.0248647231203
4233.92441924	0.0248647353458
4234.23857851	0.0248647703866
4234.55273777	0.0248648034813
4234.86689704	0.0248648020594
4235.1810563	0.0248648161429
4235.49521557	0.0248648201949
4235.80937484	0.0248648236276
4236.1235341	0.0248648071335
4236.43769337	0.0248647947013
4236.75185263	0.0248648097512
4237.0660119	0.0248648141998
4237.38017116	0.0248647705756
4237.69433043	0.0248646998783
4238.00848969	0.0248646961944
4238.32264896	0.0248646675914
4238.63680822	0.0248645868689
4238.95096749	0.0248645244272
4239.26512675	0.024864479547
4239.57928602	0.0248644065641
4239.89344529	0.0248643532488
4240.20760455	0.0248643852876
4240.52176382	0.0248644527151
4240.83592308	0.0248644846176
4241.15008235	0.0248644738937
4241.46424161	0.0248645016544
4241.77840088	0.024864529175
4242.09256014	0.0248645449213
4242.40671941	0.0248645539193
4242.72087867	0.024864545555
4243.03503794	0.0248645467545
4243.3491972	0.0248645422008
4243.66335647	0.0248645379168
4243.97751573	0.0248645347408
4244.291675	0.0248645015106
4244.60583427	0.0248644658978
4244.91999353	0.0248644534498
4245.2341528	0.0248644308871
4245.54831206	0.0248643786074
4245.86247133	0.0248643342602
4246.17663059	0.0248642812675
4246.49078986	0.0248642174486
4246.80494912	0.0248641637764
4247.11910839	0.0248641171443
4247.43326765	0.0248641252591
4247.74742692	0.0248641893182
4248.06158618	0.0248642248773
4248.37574545	0.0248642165618
4248.68990472	0.0248642129232
4249.00406398	0.0248642346857
4249.31822325	0.0248642581483
4249.63238251	0.0248642639504
4249.94654178	0.0248642730782
4250.26070104	0.0248642615414
4250.57486031	0.0248642235161
4250.88901957	0.0248642302666
4251.20317884	0.0248642564353
4251.5173381	0.024864225455
4251.83149737	0.0248641846483
4252.14565663	0.0248641672436
4252.4598159	0.0248641441315
4252.77397516	0.0248641032876
4253.08813443	0.0248640735271
4253.4022937	0.0248640278321
4253.71645296	0.0248639523137
4254.03061223	0.0248639165969
4254.34477149	0.0248638729091
4254.65893076	0.0248638451708
4254.97309002	0.0248638697736
4255.28724929	0.0248639039309
4255.60140855	0.0248639191542
4255.91556782	0.024863935907
4256.22972708	0.0248639691376
4256.54388635	0.024863992861
4256.85804561	0.0248640035777
4257.17220488	0.0248639909049
4257.48636415	0.0248639747713
4257.80052341	0.0248640003337
4258.11468268	0.0248640136478
4258.42884194	0.0248639637775
4258.74300121	0.0248639504293
4259.05716047	0.024863975838
4259.37131974	0.0248639311954
4259.685479	0.0248638812563
4259.99963827	0.0248638592761
4260.31379753	0.0248638510578
4260.6279568	0.0248638106429
4260.94211606	0.0248637346331
4261.25627533	0.0248636882572
4261.57043459	0.0248636205742
4261.88459386	0.0248635693372
4262.19875313	0.0248635989085
4262.51291239	0.0248636463511
4262.82707166	0.0248636653697
4263.14123092	0.0248636677141
4263.45539019	0.0248636783959
4263.76954945	0.0248637064324
4264.08370872	0.0248637187985
4264.39786798	0.0248637305595
4264.71202725	0.0248637531726
4265.02618651	0.0248637617199
4265.34034578	0.0248637261563
4265.65450504	0.0248637335474
4265.96866431	0.0248637550388
4266.28282358	0.0248637062092
4266.59698284	0.0248636594103
4266.91114211	0.0248636671257
4267.22530137	0.0248636725002
4267.53946064	0.0248636319454
4267.8536199	0.0248635762498
4268.16777917	0.0248635379197
4268.48193843	0.0248634846271
4268.7960977	0.0248634120885
4269.11025696	0.0248633415141
4269.42441623	0.0248633237199
4269.73857549	0.0248633623385
4270.05273476	0.0248633887797
4270.36689402	0.0248633855988
4270.68105329	0.0248634054994
4270.99521256	0.0248634419331
4271.30937182	0.0248634685509
4271.62353109	0.0248634825124
4271.93769035	0.0248635029362
4272.25184962	0.024863511637
4272.56600888	0.0248634923587
4272.88016815	0.0248634909071
4273.19432741	0.0248634750076
4273.50848668	0.0248634643636
4273.82264594	0.0248634585927
4274.13680521	0.0248634610562
4274.45096447	0.0248634168333
4274.76512374	0.0248633592612
4275.07928301	0.0248633525756
4275.39344227	0.0248633025927
4275.70760154	0.0248631977026
4276.0217608	0.0248631267086
4276.33592007	0.0248630710779
4276.65007933	0.0248630265161
4276.9642386	0.0248630479818
4277.27839786	0.0248631035072
4277.59255713	0.0248631394324
4277.90671639	0.024863147501
4278.22087566	0.0248631849393
4278.53503492	0.0248632156279
4278.84919419	0.0248632128499
4279.16335345	0.0248632344301
4279.47751272	0.0248632440817
4279.79167199	0.0248632436436
4280.10583125	0.0248632240827
4280.41999052	0.0248632170571
4280.73414978	0.0248632347101
4281.04830905	0.024863237331
4281.36246831	0.0248631907824
4281.67662758	0.0248631244913
4281.99078684	0.0248631240126
4282.30494611	0.0248630947933
4282.61910537	0.0248630175594
4282.93326464	0.0248629582567
4283.2474239	0.024862913215
4283.56158317	0.0248628382816
4283.87574244	0.0248627813392
4284.1899017	0.0248628076215
4284.50406097	0.0248628779833
4284.81822023	0.0248629104739
4285.1323795	0.0248629047901
4285.44653876	0.0248629308275
4285.76069803	0.0248629530782
4286.07485729	0.0248629733006
4286.38901656	0.0248629780532
4286.70317582	0.0248629740118
4287.01733509	0.0248629779577
4287.33149435	0.0248629696825
4287.64565362	0.024862962223
4287.95981288	0.0248629564086
4288.27397215	0.0248629292218
4288.58813142	0.024862900762
4288.90229068	0.0248628863247
4289.21644995	0.0248628600218
4289.53060921	0.0248628117924
4289.84476848	0.0248627734704
4290.15892774	0.0248627132974
4290.47308701	0.0248626521413
4290.78724627	0.0248626071465
4291.10140554	0.0248625531868
4291.4155648	0.0248625531214
4291.72972407	0.0248626241875
4292.04388333	0.0248626544738
4292.3580426	0.0248626452247
4292.67220187	0.0248626442659
4292.98636113	0.0248626695873
4293.3005204	0.0248626920532
4293.61467966	0.0248627004632
4293.92883893	0.0248627131221
4294.24299819	0.0248626916681
4294.55715746	0.0248626558407
4294.87131672	0.0248626756805
4295.18547599	0.0248626982208
4295.49963525	0.0248626606629
4295.81379452	0.0248626242039
4296.12795378	0.0248626121743
4296.44211305	0.0248625908199
4296.75627231	0.0248625380249
4297.07043158	0.0248625194246
4297.38459085	0.0248624779145
4297.69875011	0.0248623958151
4298.01290938	0.0248623669365
4298.32706864	0.0248623157716
4298.64122791	0.0248622781926
4298.95538717	0.0248623027122
4299.26954644	0.0248623437952
4299.5837057	0.0248623606718
4299.89786497	0.0248623762249
4300.21202423	0.0248624104122
4300.5261835	0.0248624352715
4300.84034276	0.0248624474017
4301.15450203	0.024862432207
4301.4686613	0.0248624195937
4301.78282056	0.0248624571002
4302.09697983	0.0248624600467
4302.41113909	0.0248624023309
4302.72529836	0.0248624068764
4303.03945762	0.0248624298977
4303.35361689	0.0248623787012
4303.66777615	0.0248623313577
4303.98193542	0.02486231085
4304.29609468	0.0248623109027
4304.61025395	0.0248622702295
4304.92441321	0.0248621910349
4305.23857248	0.0248621447635
4305.55273175	0.0248620804039
4305.86689101	0.0248620240104
4306.18105028	0.0248620485078
4306.49520954	0.0248620957399
4306.80936881	0.0248621129575
4307.12352807	0.0248621121363
4307.43768734	0.0248621234595
4307.7518466	0.0248621561663
4308.06600587	0.0248621675592
4308.38016513	0.0248621802317
4308.6943244	0.0248622097535
4309.00848366	0.0248622168964
4309.32264293	0.0248621801349
4309.63680219	0.0248621880535
4309.95096146	0.0248622091006
4310.26512073	0.024862161021
4310.57927999	0.0248621170975
4310.89343926	0.0248621350304
4311.20759852	0.0248621348195
4311.52175779	0.0248620923387
4311.83591705	0.0248620393679
4312.15007632	0.0248620035737
4312.46423558	0.024861946896
4312.77839485	0.0248618709566
4313.09255411	0.0248617987623
4313.40671338	0.0248617794796
4313.72087264	0.024861818098
4314.03503191	0.0248618446197
4314.34919118	0.024861845885
4314.66335044	0.024861866036
4314.97750971	0.0248619006962
4315.29166897	0.0248619356298
4315.60582824	0.0248619531548
4315.9199875	0.0248619700626
4316.23414677	0.0248619680674
4316.54830603	0.0248619589299
4316.8624653	0.0248619569476
4317.17662456	0.02486193835
4317.49078383	0.0248619337605
4317.80494309	0.0248619307979
4318.11910236	0.0248619371977
4318.43326162	0.0248618874311
4318.74742089	0.024861829985
4319.06158016	0.0248618248248
4319.37573942	0.0248617716765
4319.68989869	0.0248616654642
4320.00405795	0.0248615977718
4320.31821722	0.0248615422097
4320.63237648	0.0248614950039
4320.94653575	0.0248615168496
4321.26069501	0.0248615711858
4321.57485428	0.0248616112093
4321.88901354	0.024861623521
4322.20317281	0.0248616562002
4322.51733207	0.0248616797664
4322.83149134	0.0248616852703
4323.14565061	0.0248617085593
4323.45980987	0.0248617197602
4323.77396914	0.0248617145643
4324.0881284	0.024861693115
4324.40228767	0.0248616913382
4324.71644693	0.0248617105204
4325.0306062	0.0248617101638
4325.34476546	0.024861657587
4325.65892473	0.0248615974357
4325.97308399	0.0248616001617
4326.28724326	0.0248615642716
4326.60140252	0.0248614901491
4326.91556179	0.0248614359221
4327.22972105	0.024861387659
4327.54388032	0.0248613106162
4327.85803959	0.0248612573297
4328.17219885	0.024861289246
4328.48635812	0.0248613558032
4328.80051738	0.0248613803393
4329.11467665	0.0248613859728
4329.42883591	0.0248614088515
4329.74299518	0.0248614278789
4330.05715444	0.0248614494482
4330.37131371	0.0248614512592
4330.68547297	0.0248614527153
4330.99963224	0.0248614574686
4331.3137915	0.0248614446358
4331.62795077	0.0248614357844
4331.94211004	0.0248614297149
4332.2562693	0.0248614086793
4332.57042857	0.0248613858307
4332.88458783	0.0248613686454
4333.1987471	0.0248613402231
4333.51290636	0.0248612949819
4333.82706563	0.0248612561497
4334.14122489	0.0248611970484
4334.45538416	0.024861145471
4334.76954342	0.0248610955157
4335.08370269	0.0248610333357
4335.39786195	0.0248610459219
4335.71202122	0.0248611128777
4336.02618048	0.0248611387306
4336.34033975	0.024861130183
4336.65449902	0.0248611321805
4336.96865828	0.0248611614401
4337.28281755	0.0248611831792
4337.59697681	0.0248611953669
4337.91113608	0.0248612087269
4338.22529534	0.0248611758143
4338.53945461	0.0248611475778
4338.85361387	0.0248611795371
4339.16777314	0.0248611898861
4339.4819324	0.0248611472678
4339.79609167	0.0248611201666
4340.11025093	0.0248611121924
4340.4244102	0.0248610851709
4340.73856947	0.0248610296663
4341.05272873	0.024861017224
4341.366888	0.0248609705071
4341.68104726	0.0248608937841
4341.99520653	0.0248608653764
4342.30936579	0.0248608083289
4342.62352506	0.0248607692636
4342.93768432	0.0248607946669
4343.25184359	0.0248608396102
4343.56600285	0.0248608563273
4343.88016212	0.0248608726951
4344.19432138	0.0248609051288
4344.50848065	0.0248609303349
4344.82263991	0.0248609424287
4345.13679918	0.0248609235623
4345.45095845	0.0248609188667
4345.76511771	0.0248609624072
4346.07927698	0.0248609492825
4346.39343624	0.0248608918888
4346.70759551	0.0248609152246
4347.02175477	0.0248609284196
4347.33591404	0.0248608708141
4347.6500733	0.024860828148
4347.96423257	0.0248608120228
4348.27839183	0.0248608159134
4348.5925511	0.0248607700081
4348.90671036	0.0248606903233
4349.22086963	0.0248606465434
4349.5350289	0.0248605824926
4349.84918816	0.0248605269035
4350.16334743	0.0248605526498
4350.47750669	0.0248605988856
4350.79166596	0.0248606126914
4351.10582522	0.0248606092979
4351.41998449	0.0248606253855
4351.73414375	0.0248606607745
4352.04830302	0.0248606706026
4352.36246228	0.0248606873244
4352.67662155	0.0248607195751
4352.99078081	0.0248607153563
4353.30494008	0.0248606850872
4353.61909934	0.0248607052687
4353.93325861	0.0248607134728
4354.24741788	0.0248606614897
4354.56157714	0.024860628323
4354.87573641	0.024860656038
4355.18989567	0.0248606468334
4355.50405494	0.0248606020579
4355.8182142	0.024860550756
4356.13237347	0.0248605193747
4356.44653273	0.0248604571907
4356.760692	0.0248603767114
4357.07485126	0.0248603084044
4357.38901053	0.0248602907437
4357.70316979	0.0248603299434
4358.01732906	0.0248603558393
4358.33148833	0.0248603587375
4358.64564759	0.0248603828092
4358.95980686	0.0248604185362
4359.27396612	0.0248604505976
4359.58812539	0.024860474973
4359.90228465	0.0248604921308
4360.21644392	0.0248604756853
4360.53060318	0.0248604780357
4360.84476245	0.0248604710037
4361.15892171	0.0248604521047
4361.47308098	0.024860451351
4361.78724024	0.0248604539956
4362.10139951	0.0248604594481
4362.41555878	0.0248604008688
4362.72971804	0.0248603500952
4363.04387731	0.0248603440806
4363.35803657	0.0248602822713
4363.67219584	0.0248601753517
4363.9863551	0.0248601172828
4364.30051437	0.0248600573535
4364.61467363	0.0248600111151
4364.9288329	0.0248600408474
4365.24299216	0.0248600961906
4365.55715143	0.0248601329139
4365.87131069	0.0248601510995
4366.18546996	0.0248601773394
4366.49962922	0.0248601922147
4366.81378849	0.0248602145233
4367.12794776	0.0248602325978
4367.44210702	0.0248602410433
4367.75626629	0.024860232332
4368.07042555	0.0248602145769
4368.38458482	0.0248602166167
4368.69874408	0.0248602350542
4369.01290335	0.0248602322051
4369.32706261	0.024860171026
4369.64122188	0.0248601234133
4369.95538114	0.0248601279187
4370.26954041	0.0248600817995
4370.58369967	0.0248600105874
4370.89785894	0.024859961109
4371.21201821	0.0248599109828
4371.52617747	0.0248598282935
4371.84033674	0.0248597819326
4372.154496	0.0248598294098
4372.46865527	0.0248598924221
4372.78281453	0.0248599039947
4373.0969738	0.024859918967
4373.41113306	0.0248599402877
4373.72529233	0.0248599591699
4374.03945159	0.0248599783127
4374.35361086	0.0248599792632
4374.66777012	0.0248599835647
4374.98192939	0.0248599875994
4375.29608865	0.0248599723854
4375.61024792	0.0248599633877
4375.92440719	0.0248599585043
4376.23856645	0.0248599411778
4376.55272572	0.0248599202017
4376.86688498	0.0248599008271
4377.18104425	0.0248598693348
4377.49520351	0.0248598267616
4377.80936278	0.024859784317
4378.12352204	0.0248597230436
4378.43768131	0.0248596827579
4378.75184057	0.0248596300409
4379.06599984	0.0248595627342
4379.3801591	0.0248595898757
4379.69431837	0.0248596521604
4380.00847764	0.0248596731804
4380.3226369	0.0248596652372
4380.63679617	0.0248596723267
4380.95095543	0.0248597014288
4381.2651147	0.0248597237203
4381.57927396	0.0248597416313
4381.89343323	0.0248597470841
4382.20759249	0.024859708087
4382.52175176	0.0248596910917
4382.83591102	0.024859731401
4383.15007029	0.0248597289411
4383.46422955	0.0248596796555
4383.77838882	0.0248596617137
4384.09254808	0.0248596590726
4384.40670735	0.0248596194553
4384.72086662	0.0248595727303
4385.03502588	0.0248595621409
4385.34918515	0.0248595010753
4385.66334441	0.0248594382164
4385.97750368	0.0248594065175
4386.29166294	0.0248593448358
4386.60582221	0.024859311231
4386.91998147	0.0248593416802
4387.23414074	0.0248593863447
4387.5483	0.0248594032504
4387.86245927	0.0248594239301
4388.17661853	0.0248594532731
4388.4907778	0.0248594793998
4388.80493707	0.0248594870141
4389.11909633	0.0248594687303
4389.4332556	0.0248594781876
4389.74741486	0.0248595138511
4390.06157413	0.0248594832922
4390.37573339	0.0248594410539
4390.68989266	0.024859477461
4391.00405192	0.0248594734125
4391.31821119	0.0248594134734
4391.63237045	0.0248593759215
4391.94652972	0.0248593675855
4392.26068898	0.0248593706809
4392.57484825	0.0248593142981
4392.88900751	0.0248592385123
4393.20316678	0.024859198014
4393.51732605	0.0248591300933
4393.83148531	0.0248590803441
4394.14564458	0.0248591115468
4394.45980384	0.0248591571384
4394.77396311	0.024859165933
4395.08812237	0.0248591592485
4395.40228164	0.0248591818983
4395.7164409	0.0248592171384
4396.03060017	0.0248592259209
4396.34475943	0.0248592461294
4396.6589187	0.0248592769828
4396.97307796	0.0248592594167
4397.28723723	0.024859237297
4397.6013965	0.0248592684489
4397.91555576	0.0248592646913
4398.22971503	0.0248592073652
4398.54387429	0.0248591900118
4398.85803356	0.0248592207833
4399.17219282	0.0248592026877
4399.48635209	0.0248591518093
4399.80051135	0.0248591061692
4400.11467062	0.0248590765376
4400.42882988	0.024859004103
4400.74298915	0.0248589217082
4401.05714841	0.0248588592149
4401.37130768	0.0248588490369
4401.68546694	0.0248588902731
4401.99962621	0.024858916152
4402.31378548	0.024858919766
4402.62794474	0.0248589466799
4402.94210401	0.0248589877745
4403.25626327	0.0248590147812
4403.57042254	0.0248590373987
4403.8845818	0.0248590529575
4404.19874107	0.0248590367012
4404.51290033	0.0248590416205
4404.8270596	0.0248590308702
4405.14121886	0.0248590168033
4405.45537813	0.0248590168554
4405.76953739	0.0248590266054
4406.08369666	0.0248590242805
4406.39785593	0.0248589550847
4406.71201519	0.0248589173164
4407.02617446	0.0248589091189
4407.34033372	0.0248588339044
4407.65449299	0.0248587322414
4407.96865225	0.024858683652
4408.28281152	0.0248586187953
4408.59697078	0.0248585805051
4408.91113005	0.0248586175399
4409.22528931	0.0248586776484
4409.53944858	0.0248587059653
4409.85360784	0.0248587312266
4410.16776711	0.024858750147
4410.48192637	0.0248587601402
4410.79608564	0.0248587987191
4411.11024491	0.0248588086074
4411.42440417	0.0248588127442
4411.73856344	0.0248588005287
4412.0527227	0.024858788228
4412.36688197	0.0248587942406
4412.68104123	0.0248588121558
4412.9952005	0.0248588031076
4413.30935976	0.0248587307584
4413.62351903	0.0248587009101
4413.93767829	0.0248587035157
4414.25183756	0.0248586456747
4414.56599682	0.0248585743528
4414.88015609	0.0248585297737
4415.19431536	0.0248584776113
4415.50847462	0.0248583874366
4415.82263389	0.0248583550173
4416.13679315	0.0248584186348
4416.45095242	0.0248584755929
4416.76511168	0.0248584795183
4417.07927095	0.0248584996796
4417.39343021	0.0248585202582
4417.70758948	0.0248585391784
4418.02174874	0.0248585535381
4418.33590801	0.0248585544186
4418.65006727	0.0248585608923
4418.96422654	0.0248585604788
4419.2783858	0.0248585430494
4419.59254507	0.0248585367708
4419.90670434	0.0248585345659
4420.2208636	0.0248585177106
4420.53502287	0.0248584946976
4420.84918213	0.0248584753292
4421.1633414	0.0248584400479
4421.47750066	0.0248584005321
4421.79165993	0.0248583556929
4422.10581919	0.0248582941895
4422.41997846	0.0248582566108
4422.73413772	0.024858197832
4423.04829699	0.0248581441865
4423.36245625	0.0248581840237
4423.67661552	0.0248582407439
4423.99077479	0.0248582549331
4424.30493405	0.0248582479435
4424.61909332	0.024858263992
4424.93325258	0.0248582926176
4425.24741185	0.0248583137072
4425.56157111	0.0248583331141
4425.87573038	0.0248583268209
4426.18988964	0.0248582891915
4426.50404891	0.0248582869165
4426.81820817	0.0248583241867
4427.13236744	0.0248583127268
4427.4465267	0.0248582653449
4427.76068597	0.0248582545017
4428.07484524	0.0248582497985
4428.3890045	0.0248581935556
4428.70316377	0.0248581646171
4429.01732303	0.0248581534398
4429.3314823	0.024858075851
4429.64564156	0.0248580268686
4429.95980083	0.0248579901703
4430.27396009	0.0248579262061
4430.58811936	0.0248579046081
4430.90227862	0.0248579438281
4431.21643789	0.0248579815463
4431.53059715	0.0248579982116
4431.84475642	0.0248580252077
4432.15891568	0.0248580524841
4432.47307495	0.0248580773853
4432.78723422	0.024858074335
4433.10139348	0.0248580603745
4433.41555275	0.0248580882695
4433.72971201	0.0248581085321
4434.04387128	0.024858058873
4434.35803054	0.0248580427929
4434.67218981	0.024858082557
4434.98634907	0.0248580556696
4435.30050834	0.0248580001035
4435.6146676	0.0248579669175
4435.92882687	0.0248579678018
4436.24298613	0.0248579629112
4436.5571454	0.024857893836
4436.87130467	0.0248578262237
4437.18546393	0.0248577869644
4437.4996232	0.0248577121776
4437.81378246	0.024857675787
4438.12794173	0.0248577153324
4438.44210099	0.0248577589641
4438.75626026	0.0248577629666
4439.07041952	0.0248577569333
4439.38457879	0.0248577877761
4439.69873805	0.0248578176953
4440.01289732	0.0248578291395
4440.32705658	0.024857852598
4440.64121585	0.0248578763113
4440.95537511	0.0248578522199
4441.26953438	0.0248578396948
4441.58369365	0.024857874485
4441.89785291	0.0248578588946
4442.21201218	0.0248577999826
4442.52617144	0.0248577998237
4442.84033071	0.0248578275034
4443.15448997	0.024857800094
4443.46864924	0.0248577426746
4443.7828085	0.0248577069697
4444.09696777	0.0248576732464
4444.41112703	0.0248575900758
4444.7252863	0.0248575104751
4445.03944556	0.0248574584696
4445.35360483	0.0248574621952
4445.6677641	0.0248575034877
4445.98192336	0.0248575255124
4446.29608263	0.0248575324108
4446.61024189	0.0248575623222
4446.92440116	0.0248576076065
4447.23856042	0.0248576353161
4447.55271969	0.0248576522102
4447.86687895	0.0248576555744
4448.18103822	0.0248576489142
4448.49519748	0.024857650113
4448.80935675	0.0248576382243
4449.12351601	0.0248576304685
4449.43767528	0.0248576303555
4449.75183454	0.0248576464213
4450.06599381	0.0248576264986
4450.38015308	0.0248575525448
4450.69431234	0.0248575334674
4451.00847161	0.0248575125409
4451.32263087	0.0248574213672
4451.63679014	0.0248573342446
4451.9509494	0.0248572851356
4452.26510867	0.0248572186002
4452.57926793	0.0248571999714
4452.8934272	0.0248572437915
4453.20758646	0.0248573045536
4453.52174573	0.0248573257999
4453.83590499	0.0248573512007
4454.15006426	0.0248573668703
4454.46422353	0.0248573806511
4454.77838279	0.024857420514
4455.09254206	0.0248574275992
4455.40670132	0.0248574262745
4455.72086059	0.0248574093712
4456.03501985	0.0248574033984
4456.34917912	0.0248574165779
4456.66333838	0.0248574316239
4456.97749765	0.024857408387
4457.29165691	0.0248573306551
4457.60581618	0.0248573205252
4457.91997544	0.0248573155343
4458.23413471	0.0248572494481
4458.54829397	0.02485717907
4458.86245324	0.0248571381861
4459.17661251	0.0248570792096
4459.49077177	0.0248569898191
4459.80493104	0.0248569818324
4460.1190903	0.0248570549188
4460.43324957	0.02485710028
4460.74740883	0.0248571039735
4461.0615681	0.0248571265624
4461.37572736	0.0248571461434
4461.68988663	0.0248571660543
4462.00404589	0.0248571759883
4462.31820516	0.0248571779697
4462.63236442	0.024857185427
4462.94652369	0.0248571790028
4463.26068296	0.0248571637744
4463.57484222	0.0248571595174
4463.88900149	0.0248571585775
4464.20316075	0.0248571396026
4464.51732002	0.0248571151184
4464.83147928	0.0248570969059
4465.14563855	0.0248570570897
4465.45979781	0.0248570184544
4465.77395708	0.0248569695586
4466.08811634	0.0248569152291
4466.40227561	0.0248568753029
4466.71643487	0.0248568009794
4467.03059414	0.0248567741393
4467.3447534	0.0248568293565
4467.65891267	0.0248568772418
4467.97307194	0.0248568808184
4468.2872312	0.0248568753241
4468.60139047	0.0248569026092
4468.91554973	0.0248569311242
4469.229709	0.0248569505095
4469.54386826	0.0248569688836
4469.85802753	0.0248569462851
4470.17218679	0.0248569135217
4470.48634606	0.0248569287601
4470.80050532	0.0248569567143
4471.11466459	0.0248569303821
4471.42882385	0.0248568903707
4471.74298312	0.0248568893102
4472.05714239	0.0248568730298
4472.37130165	0.0248568097894
4472.68546092	0.024856794555
4472.99962018	0.024856772545
4473.31377945	0.0248566920444
4473.62793871	0.024856652655
4473.94209798	0.0248566069223
4474.25625724	0.0248565462358
4474.57041651	0.0248565436673
4474.88457577	0.024856593096
4475.19873504	0.024856622203
4475.5128943	0.0248566364632
4475.82705357	0.0248566692688
4476.14121283	0.0248566962994
4476.4553721	0.024856717071
4476.76953137	0.0248567046022
4477.08369063	0.0248566974336
4477.3978499	0.024856737247
4477.71200916	0.0248567383356
4478.02616843	0.0248566809326
4478.34032769	0.0248566946726
4478.65448696	0.024856723345
4478.96864622	0.0248566748628
4479.28280549	0.0248566285059
4479.59696475	0.0248566039179
4479.91112402	0.0248566112593
4480.22528328	0.0248565902872
4480.53944255	0.0248565122292
4480.85360182	0.0248564585355
4481.16776108	0.0248564140993
4481.48192035	0.0248563371101
4481.79607961	0.0248563242954
4482.11023888	0.0248563735317
4482.42439814	0.0248564070244
4482.73855741	0.0248564052861
4483.05271667	0.0248564067862
4483.36687594	0.0248564412802
4483.6810352	0.0248564641885
4483.99519447	0.0248564807074
4484.30935373	0.0248565057155
4484.623513	0.024856516577
4484.93767227	0.0248564919519
4485.25183153	0.0248564963086
4485.5659908	0.0248565206479
4485.88015006	0.0248564899336
4486.19430933	0.0248564414394
4486.50846859	0.0248564562673
4486.82262786	0.0248564706168
4487.13678712	0.0248564334853
4487.45094639	0.0248563754176
4487.76510565	0.0248563501979
4488.07926492	0.0248563025064
4488.39342418	0.0248562141738
4488.70758345	0.0248561384019
4489.02174271	0.0248560988857
4489.33590198	0.0248561222257
4489.65006125	0.0248561613962
4489.96422051	0.0248561739264
4490.27837978	0.0248561876311
4490.59253904	0.0248562224009
4490.90669831	0.024856261453
4491.22085757	0.0248562891979
4491.53501684	0.0248563070757
4491.8491761	0.0248562974222
4492.16333537	0.02485629963
4492.47749463	0.024856297034
4492.7916539	0.0248562833371
4493.10581316	0.0248562823839
4493.41997243	0.0248562849013
4493.7341317	0.0248563014857
4494.04829096	0.0248562569644
4494.36245023	0.0248561927326
4494.67660949	0.0248561884977
4494.99076876	0.0248561461858
4495.30492802	0.0248560432091
4495.61908729	0.0248559760703
4495.93324655	0.0248559200313
4496.24740582	0.0248558587168
4496.56156508	0.0248558650092
4496.87572435	0.0248559202906
4497.18988361	0.024855972481
4497.50404288	0.0248559936762
4497.81820214	0.0248560139301
4498.13236141	0.0248560274415
4498.44652068	0.024856053138
4498.76067994	0.0248560790335
4499.07483921	0.0248560883565
4499.38899847	0.0248560811858
4499.70315774	0.024856062431
4500.017317	0.0248560647298
4500.33147627	0.0248560842911
4500.64563553	0.0248560935907
4500.9597948	0.0248560482522
4501.27395406	0.0248559822525
4501.58811333	0.0248559863989
4501.90227259	0.0248559611416
4502.21643186	0.0248558917559
4502.53059113	0.0248558305513
4502.84475039	0.0248557888546
4503.15890966	0.0248557106606
4503.47306892	0.0248556394795
4503.78722819	0.0248556674974
4504.10138745	0.0248557385756
4504.41554672	0.024855764081
4504.72970598	0.0248557746733
4505.04386525	0.0248557976501
4505.35802451	0.0248558148606
4505.67218378	0.0248558338556
4505.98634304	0.0248558391133
4506.30050231	0.0248558422287
4506.61466157	0.0248558476432
4506.92882084	0.024855835184
4507.24298011	0.0248558259211
4507.55713937	0.024855825746
4507.87129864	0.0248558179983
4508.1854579	0.0248557947264
4508.49961717	0.0248557737447
4508.81377643	0.0248557513209
4509.1279357	0.0248557074756
4509.44209496	0.0248556694233
4509.75625423	0.0248556115934
4510.07041349	0.0248555680934
4510.38457276	0.0248555228516
4510.69873202	0.0248554421692
4511.01289129	0.0248554482012
4511.32705056	0.024855515
4511.64120982	0.0248555505053
4511.95536909	0.0248555452886
4512.26952835	0.0248555457787
4512.58368762	0.0248555794073
4512.89784688	0.0248556083244
4513.21200615	0.0248556261768
4513.52616541	0.0248556350021
4513.84032468	0.0248556022126
4514.15448394	0.0248555811236
4514.46864321	0.0248556115838
4514.78280247	0.0248556259317
4515.09696174	0.0248555846047
4515.411121	0.0248555566837
4515.72528027	0.0248555614234
4516.03943954	0.0248555284565
4516.3535988	0.0248554759069
4516.66775807	0.0248554676876
4516.98191733	0.0248554179016
4517.2960766	0.0248553498508
4517.61023586	0.0248553152387
4517.92439513	0.0248552585678
4518.23855439	0.0248552126235
4518.55271366	0.0248552325958
4518.86687292	0.0248552852677
4519.18103219	0.0248553070203
4519.49519145	0.0248553236024
4519.80935072	0.0248553554043
4520.12350999	0.0248553832201
4520.43766925	0.0248553954114
4520.75182852	0.0248553792934
4521.06598778	0.0248553856266
4521.38014705	0.0248554231551
4521.69430631	0.0248554002525
4522.00846558	0.0248553556361
4522.32262484	0.0248553910971
4522.63678411	0.0248553950457
4522.95094337	0.0248553364354
4523.26510264	0.0248552963022
4523.5792619	0.0248552847998
4523.89342117	0.0248552913351
4524.20758043	0.0248552468007
4524.5217397	0.0248551697963
4524.83589897	0.0248551289361
4525.15005823	0.0248550692556
4525.4642175	0.0248550017643
4525.77837676	0.0248550201043
4526.09253603	0.0248550734206
4526.40669529	0.0248550900615
4526.72085456	0.0248550827774
4527.03501382	0.0248550999706
4527.34917309	0.0248551347058
4527.66333235	0.0248551481643
4527.97749162	0.0248551700405
4528.29165088	0.0248551958173
4528.60581015	0.0248551863418
4528.91996942	0.0248551664776
4529.23412868	0.0248551939556
4529.54828795	0.0248551973679
4529.86244721	0.0248551501387
4530.17660648	0.0248551231312
4530.49076574	0.0248551502825
4530.80492501	0.0248551455092
4531.11908427	0.0248550980499
4531.43324354	0.0248550473659
4531.7474028	0.0248550259956
4532.06156207	0.0248549600368
4532.37572133	0.0248548724729
4532.6898806	0.0248548051203
4533.00403986	0.0248547859287
4533.31819913	0.0248548264715
4533.6323584	0.0248548586058
4533.94651766	0.0248548631504
4534.26067693	0.0248548873485
4534.57483619	0.0248549272989
4534.88899546	0.0248549579762
4535.20315472	0.0248549802627
4535.51731399	0.0248549976149
4535.83147325	0.0248549857141
4536.14563252	0.0248549912
4536.45979178	0.0248549848052
4536.77395105	0.0248549729258
4537.08811031	0.0248549741068
4537.40226958	0.0248549832949
4537.71642885	0.0248549888524
4538.03058811	0.0248549231808
4538.34474738	0.024854880974
4538.65890664	0.0248548765175
4538.97306591	0.0248548095918
4539.28722517	0.0248547076592
4539.60138444	0.0248546534871
4539.9155437	0.0248545904885
4540.22970297	0.0248545470663
4540.54386223	0.0248545760569
4540.8580215	0.024854639689
4541.17218076	0.0248546738573
4541.48634003	0.024854699649
4541.80049929	0.0248547176541
4542.11465856	0.0248547291704
4542.42881783	0.0248547667942
4542.74297709	0.0248547767319
4543.05713636	0.0248547844257
4543.37129562	0.0248547727554
4543.68545489	0.0248547579691
4543.99961415	0.0248547672422
4544.31377342	0.0248547893396
4544.62793268	0.024854786662
4544.94209195	0.0248547167526
4545.25625121	0.0248546796137
4545.57041048	0.0248546853627
4545.88456974	0.0248546334444
4546.19872901	0.0248545620429
4546.51288828	0.024854515816
4546.82704754	0.0248544677532
4547.14120681	0.0248543729747
4547.45536607	0.0248543351846
4547.76952534	0.0248543977201
4548.0836846	0.0248544566551
4548.39784387	0.0248544615055
4548.71200313	0.0248544831282
4549.0261624	0.0248545058265
4549.34032166	0.0248545215539
4549.65448093	0.0248545379519
4549.96864019	0.0248545391127
4550.28279946	0.0248545438691
4550.59695873	0.0248545448237
4550.91111799	0.0248545306419
4551.22527726	0.024854528737
4551.53943652	0.0248545298983
4551.85359579	0.0248545112393
4552.16775505	0.024854487775
4552.48191432	0.0248544739445
4552.79607358	0.0248544413974
4553.11023285	0.0248543975255
4553.42439211	0.0248543559206
4553.73855138	0.0248542947658
4554.05271064	0.0248542587741
4554.36686991	0.0248541974735
4554.68102917	0.0248541361363
4554.99518844	0.0248541764717
4555.30934771	0.0248542412888
4555.62350697	0.0248542598228
4555.93766624	0.0248542515245
4556.2518255	0.0248542650642
4556.56598477	0.024854297882
4556.88014403	0.0248543209679
4557.1943033	0.0248543396462
4557.50846256	0.0248543345625
4557.82262183	0.0248542968595
4558.13678109	0.0248542909479
4558.45094036	0.0248543295742
4558.76509962	0.0248543268757
4559.07925889	0.0248542786252
4559.39341816	0.0248542640024
4559.70757742	0.0248542632483
4560.02173669	0.0248542114582
4560.33589595	0.0248541790817
4560.65005522	0.0248541691259
4560.96421448	0.0248540939837
4561.27837375	0.0248540433376
4561.59253301	0.0248540051323
4561.90669228	0.0248539438088
4562.22085154	0.0248539243152
4562.53501081	0.0248539635357
4562.84917007	0.0248540032084
4563.16332934	0.024854021172
4563.4774886	0.0248540495342
4563.79164787	0.0248540769622
4564.10580714	0.0248541015321
4564.4199664	0.0248541010643
4564.73412567	0.0248540853462
4565.04828493	0.0248541128607
4565.3624442	0.024854136339
4565.67660346	0.0248540882611
4565.99076273	0.024854073852
4566.30492199	0.0248541134283
4566.61908126	0.0248540858464
4566.93324052	0.0248540330169
4567.24739979	0.0248539996486
4567.56155905	0.0248540006067
4567.87571832	0.024853996442
4568.18987759	0.0248539286471
4568.50403685	0.0248538647267
4568.81819612	0.0248538276984
4569.13235538	0.0248537513316
4569.44651465	0.0248537141677
4569.76067391	0.024853758601
4570.07483318	0.0248538057888
4570.38899244	0.0248538088704
4570.70315171	0.0248538028038
4571.01731097	0.0248538343826
4571.33147024	0.0248538635081
4571.6456295	0.0248538734112
4571.95978877	0.0248538985418
4572.27394803	0.0248539202489
4572.5881073	0.0248538932276
4572.90226657	0.0248538856619
4573.21642583	0.024853926317
4573.5305851	0.0248539049353
4573.84474436	0.024853849262
4574.15890363	0.0248538466768
4574.47306289	0.0248538743443
4574.78722216	0.0248538518445
4575.10138142	0.0248537971515
4575.41554069	0.0248537601469
4575.72969995	0.0248537287146
4576.04385922	0.0248536503196
4576.35801848	0.0248535673155
4576.67217775	0.0248535143928
4576.98633702	0.0248535236895
4577.30049628	0.0248535695337
4577.61465555	0.0248535874035
4577.92881481	0.024853591728
4578.24297408	0.0248536256961
4578.55713334	0.0248536671009
4578.87129261	0.0248536924822
4579.18545187	0.0248537091807
4579.49961114	0.0248537162403
4579.8137704	0.0248537106765
4580.12792967	0.0248537139316
4580.44208893	0.0248537029399
4580.7562482	0.0248536958204
4581.07040746	0.0248536980771
4581.38456673	0.0248537139638
4581.698726	0.0248536946467
4582.01288526	0.0248536233901
4582.32704453	0.0248536070961
4582.64120379	0.0248535851788
4582.95536306	0.0248534942002
4583.26952232	0.0248534078027
4583.58368159	0.0248533572328
4583.89784085	0.024853292069
4584.21200012	0.0248532807037
4584.52615938	0.0248533280527
4584.84031865	0.0248533863263
4585.15447791	0.0248534075623
4585.46863718	0.024853433602
4585.78279645	0.0248534519569
4586.09695571	0.0248534657852
4586.41111498	0.0248535039787
4586.72527424	0.0248535095624
4587.03943351	0.0248535128292
4587.35359277	0.0248534956258
4587.66775204	0.024853490069
4587.9819113	0.0248535076056
4588.29607057	0.0248535248504
4588.61022983	0.0248535008239
4588.9243891	0.0248534197541
4589.23854836	0.0248534158934
4589.55270763	0.0248534089722
4589.86686689	0.0248533398335
4590.18102616	0.0248532722338
4590.49518543	0.0248532336401
4590.80934469	0.024853167562
4591.12350396	0.0248530805274
4591.43766322	0.024853084641
4591.75182249	0.0248531630691
4592.06598175	0.0248532028747
4592.38014102	0.0248532014694
4592.69430028	0.0248532296123
4593.00845955	0.0248532507797
4593.32261881	0.0248532678626
4593.63677808	0.0248532785264
4593.95093734	0.0248532781885
4594.26509661	0.0248532835552
4594.57925588	0.0248532783957
4594.89341514	0.0248532682333
4595.20757441	0.0248532691884
4595.52173367	0.024853263257
4595.83589294	0.0248532381236
4596.1500522	0.0248532186783
4596.46421147	0.0248532041576
4596.77837073	0.0248531615955
4597.09253	0.0248531205187
4597.40668926	0.0248530690904
4597.72084853	0.0248530155936
4598.03500779	0.024852975578
4598.34916706	0.0248528985405
4598.66332632	0.0248528787387
4598.97748559	0.0248529475896
4599.29164486	0.0248529947818
4599.60580412	0.0248529954906
4599.91996339	0.0248529891177
4600.23412265	0.0248530185468
4600.54828192	0.0248530492011
4600.86244118	0.0248530644674
4601.17660045	0.0248530806736
4601.49075971	0.024853057737
4601.80491898	0.0248530265446
4602.11907824	0.0248530453319
4602.43323751	0.0248530730716
4602.74739677	0.0248530472786
4603.06155604	0.0248530064651
4603.37571531	0.0248530037632
4603.68987457	0.0248529906724
4604.00403384	0.0248529303299
4604.3181931	0.02485291262
4604.63235237	0.0248528845763
4604.94651163	0.0248528061342
4605.2606709	0.0248527694766
4605.57483016	0.0248527189099
4605.88898943	0.0248526696893
4606.20314869	0.0248526831751
4606.51730796	0.0248527317652
4606.83146722	0.0248527554535
4607.14562649	0.0248527721413
4607.45978576	0.0248528096661
4607.77394502	0.0248528355507
4608.08810429	0.0248528540087
4608.40226355	0.0248528411388
4608.71642282	0.0248528307348
4609.03058208	0.0248528730449
4609.34474135	0.0248528758428
4609.65890061	0.0248528186219
4609.97305988	0.0248528358905
4610.28721914	0.0248528606449
4610.60137841	0.0248528079147
4610.91553767	0.0248527647294
4611.22969694	0.0248527435234
4611.5438562	0.0248527511465
4611.85801547	0.0248527232413
4612.17217474	0.0248526434523
4612.486334	0.0248525995924
4612.80049327	0.024852548539
4613.11465253	0.0248524739118
4613.4288118	0.024852479492
4613.74297106	0.0248525356142
4614.05713033	0.0248525628917
4614.37128959	0.0248525586615
4614.68544886	0.0248525658423
4614.99960812	0.024852601391
4615.31376739	0.0248526182014
4615.62792665	0.0248526335323
4615.94208592	0.0248526623388
4616.25624519	0.0248526702194
4616.57040445	0.0248526377907
4616.88456372	0.0248526513931
4617.19872298	0.0248526780133
4617.51288225	0.0248526348381
4617.82704151	0.0248525922717
4618.14120078	0.0248526092517
4618.45536004	0.0248526194152
4618.76951931	0.0248525842584
4619.08367857	0.0248525293447
4619.39783784	0.0248525020387
4619.7119971	0.0248524519667
4620.02615637	0.0248523691619
4620.34031563	0.0248522924878
4620.6544749	0.0248522663453
4620.96863417	0.0248523050507
4621.28279343	0.0248523402493
4621.5969527	0.0248523426107
4621.91111196	0.0248523581979
4622.22527123	0.0248523980079
4622.53943049	0.0248524324774
4622.85358976	0.0248524554472
4623.16774902	0.024852472073
4623.48190829	0.024852465197
4623.79606755	0.0248524695802
4624.11022682	0.0248524682257
4624.42438608	0.0248524523033
4624.73854535	0.0248524525777
4625.05270462	0.0248524578149
4625.36686388	0.0248524713481
4625.68102315	0.024852422402
4625.99518241	0.0248523663859
4626.30934168	0.0248523646324
4626.62350094	0.0248523131986
4626.93766021	0.0248522092757
4627.25181947	0.0248521449292
4627.56597874	0.0248520852906
4627.880138	0.0248520365943
4628.19429727	0.0248520626475
4628.50845653	0.0248521166657
4628.8226158	0.0248521605613
4629.13677506	0.0248521810534
4629.45093433	0.0248522070429
4629.7650936	0.0248522227176
4630.07925286	0.0248522447544
4630.39341213	0.0248522687684
4630.70757139	0.024852277329
4631.02173066	0.0248522743089
4631.33588992	0.0248522547818
4631.65004919	0.0248522581618
4631.96420845	0.0248522829203
4632.27836772	0.0248522900039
4632.59252698	0.0248522333187
4632.90668625	0.0248521743915
4633.22084551	0.0248521831516
4633.53500478	0.0248521455366
4633.84916405	0.0248520730213
4634.16332331	0.0248520192814
4634.47748258	0.0248519735601
4634.79164184	0.0248518884931
4635.10580111	0.0248518378327
4635.41996037	0.0248518856756
4635.73411964	0.0248519530013
4636.0482789	0.0248519684887
4636.36243817	0.0248519794466
4636.67659743	0.0248520070213
4636.9907567	0.0248520244942
4637.30491596	0.0248520427628
4637.61907523	0.0248520456924
4637.93323449	0.0248520472641
4638.24739376	0.0248520507168
4638.56155303	0.0248520401587
4638.87571229	0.024852039511
4639.18987156	0.0248520409248
4639.50403082	0.0248520193602
4639.81819009	0.0248519954232
4640.13234935	0.0248519836432
4640.44650862	0.0248519559388
4640.76066788	0.0248519098521
4641.07482715	0.0248518693664
4641.38898641	0.0248518092467
4641.70314568	0.0248517700962
4642.01730494	0.0248517139413
4642.33146421	0.0248516436542
4642.64562348	0.0248516746439
4642.95978274	0.024851749554
4643.27394201	0.0248517735352
4643.58810127	0.0248517645189
4643.90226054	0.0248517702755
4644.2164198	0.0248518048398
4644.53057907	0.0248518291302
4644.84473833	0.0248518446426
4645.1588976	0.0248518501003
4645.47305686	0.0248518139141
4645.78721613	0.0248517967057
4646.10137539	0.0248518362508
4646.41553466	0.0248518422584
4646.72969392	0.0248517975061
4647.04385319	0.0248517777548
4647.35801246	0.0248517745843
4647.67217172	0.0248517422996
4647.98633099	0.0248516949566
4648.30049025	0.0248516790413
4648.61464952	0.0248516194197
4648.92880878	0.02485155956
4649.24296805	0.0248515237686
4649.55712731	0.0248514662681
4649.87128658	0.0248514469476
4650.18544584	0.0248514831273
4650.49960511	0.0248515245811
4650.81376437	0.0248515408212
4651.12792364	0.0248515650404
4651.44208291	0.0248515974315
4651.75624217	0.0248516220965
4652.07040144	0.0248516307977
4652.3845607	0.0248516114773
4652.69871997	0.0248516170466
4653.01287923	0.0248516576725
4653.3270385	0.0248516306058
4653.64119776	0.0248515880249
4653.95535703	0.0248516274505
4654.26951629	0.0248516185684
4654.58367556	0.0248515609844
4654.89783482	0.0248515290372
4655.21199409	0.0248515186751
4655.52615335	0.0248515232908
4655.84031262	0.0248514637354
4656.15447189	0.0248513921786
4656.46863115	0.0248513581311
4656.78279042	0.0248512850847
4657.09694968	0.0248512429377
4657.41110895	0.0248512877307
4657.72526821	0.024851337436
4658.03942748	0.0248513429932
4658.35358674	0.0248513379945
4658.66774601	0.0248513655249
4658.98190527	0.0248513962265
4659.29606454	0.0248514003876
4659.6102238	0.0248514256663
4659.92438307	0.0248514552926
4660.23854234	0.0248514371818
4660.5527016	0.024851415389
4660.86686087	0.0248514535191
4661.18102013	0.0248514468824
4661.4951794	0.0248513866362
4661.80933866	0.024851371435
4662.12349793	0.0248514020516
4662.43765719	0.0248513907181
4662.75181646	0.0248513423991
4663.06597572	0.0248512972705
4663.38013499	0.0248512670884
4663.69429425	0.0248512021752
4664.00845352	0.0248511190551
4664.32261279	0.0248510596768
4664.63677205	0.0248510679669
4664.95093132	0.024851118642
4665.26509058	0.024851133711
4665.57924985	0.0248511321899
4665.89340911	0.0248511654329
4666.20756838	0.024851204304
4666.52172764	0.0248512273013
4666.83588691	0.0248512482491
4667.15004617	0.0248512659711
4667.46420544	0.0248512522866
4667.7783647	0.024851258357
4668.09252397	0.0248512499119
4668.40668323	0.0248512375119
4668.7208425	0.0248512414036
4669.03500177	0.0248512532723
4669.34916103	0.024851245189
4669.6633203	0.0248511776086
4669.97747956	0.0248511517768
4670.29163883	0.0248511397714
4670.60579809	0.0248510540121
4670.91995736	0.0248509574248
4671.23411662	0.0248509067766
4671.54827589	0.0248508422494
4671.86243515	0.0248508274711
4672.17659442	0.0248508792864
4672.49075368	0.0248509302573
4672.80491295	0.0248509527118
4673.11907222	0.0248509798918
4673.43323148	0.0248510076779
4673.74739075	0.0248510203543
4674.06155001	0.0248510523778
4674.37570928	0.0248510607467
4674.68986854	0.0248510683929
4675.00402781	0.0248510586022
4675.31818707	0.0248510433183
4675.63234634	0.0248510586091
4675.9465056	0.0248510801708
4676.26066487	0.0248510686051
4676.57482413	0.0248509873749
4676.8889834	0.0248509654355
4677.20314266	0.0248509726236
4677.51730193	0.0248509026821
4677.8314612	0.024850832287
4678.14562046	0.0248507955653
4678.45977973	0.0248507329719
4678.77393899	0.0248506466142
4679.08809826	0.0248506437884
4679.40225752	0.0248507205524
4679.71641679	0.0248507657533
4680.03057605	0.0248507609098
4680.34473532	0.0248507882069
4680.65889458	0.024850815771
4680.97305385	0.024850830466
4681.28721311	0.0248508461157
4681.60137238	0.0248508448765
4681.91553165	0.0248508492263
4682.22969091	0.0248508471044
4682.54385018	0.0248508390292
4682.85800944	0.0248508445456
4683.17216871	0.0248508345296
4683.48632797	0.0248508062982
4683.80048724	0.02485078856
4684.1146465	0.0248507764999
4684.42880577	0.0248507357087
4684.74296503	0.024850689647
4685.0571243	0.0248506419178
4685.37128356	0.0248505838699
4685.68544283	0.0248505469187
4685.99960209	0.0248504782003
4686.31376136	0.0248504474814
4686.62792063	0.0248505156816
4686.94207989	0.0248505720065
4687.25623916	0.0248505746862
4687.57039842	0.0248505676534
4687.88455769	0.0248505894971
4688.19871695	0.0248506188794
4688.51287622	0.0248506351798
4688.82703548	0.0248506517367
4689.14119475	0.0248506372098
4689.45535401	0.0248506001349
4689.76951328	0.0248506115319
4690.08367254	0.0248506489453
4690.39783181	0.0248506245047
4690.71199108	0.0248505797085
4691.02615034	0.0248505776877
4691.34030961	0.0248505669519
4691.65446887	0.0248505140579
4691.96862814	0.0248504884408
4692.2827874	0.0248504607232
4692.59694667	0.0248503821992
4692.91110593	0.0248503437055
4693.2252652	0.0248502971384
4693.53942446	0.0248502523835
4693.85358373	0.0248502694505
4694.16774299	0.0248503121538
4694.48190226	0.0248503328888
4694.79606152	0.0248503521774
4695.11022079	0.0248503905623
4695.42438006	0.0248504167469
4695.73853932	0.0248504361799
4696.05269859	0.0248504294638
4696.36685785	0.0248504146072
4696.68101712	0.0248504421564
4696.99517638	0.0248504591661
4697.30933565	0.0248504114324
4697.62349491	0.0248504015183
4697.93765418	0.0248504392875
4698.25181344	0.0248503982494
4698.56597271	0.0248503448979
4698.88013197	0.0248503250413
4699.19429124	0.0248503260797
4699.50845051	0.024850308258
4699.82260977	0.0248502270129
4700.13676904	0.024850181775
4700.4509283	0.0248501315575
4700.76508757	0.0248500574742
4701.07924683	0.0248500674478
4701.3934061	0.0248501248775
4701.70756536	0.0248501547496
4702.02172463	0.0248501528781
4702.33588389	0.0248501582336
4702.65004316	0.0248501959957
4702.96420242	0.0248502117358
4703.27836169	0.0248502177765
4703.59252095	0.0248502497495
4703.90668022	0.0248502676112
4704.22083949	0.0248502306314
4704.53499875	0.0248502317812
4704.84915802	0.0248502717173
4705.16331728	0.0248502337319
4705.47747655	0.0248501814629
4705.79163581	0.0248501882869
4706.10579508	0.0248502081372
4706.41995434	0.0248501814945
4706.73411361	0.0248501258857
4707.04827287	0.0248500900187
4707.36243214	0.0248500468838
4707.6765914	0.0248499740743
4707.99075067	0.0248498941159
4708.30490994	0.0248498680048
4708.6190692	0.0248499093258
4708.93322847	0.0248499455817
4709.24738773	0.0248499423839
4709.561547	0.0248499561134
4709.87570626	0.0248499989465
4710.18986553	0.0248500327128
4710.50402479	0.0248500497977
4710.81818406	0.0248500673467
4711.13234332	0.0248500756015
4711.44650259	0.0248500693232
4711.76066185	0.0248500706769
4712.07482112	0.0248500560387
4712.38898038	0.0248500527081
4712.70313965	0.0248500561578
4713.01729892	0.02485006883
4713.33145818	0.0248500293296
4713.64561745	0.0248499695747
4713.95977671	0.024849968377
4714.27393598	0.0248499220776
4714.58809524	0.024849814656
4714.90225451	0.0248497463506
4715.21641377	0.0248496902106
4715.53057304	0.0248496432119
4715.8447323	0.0248496707043
4716.15889157	0.0248497254365
4716.47305083	0.0248497643741
4716.7872101	0.0248497776799
4717.10136937	0.0248498128549
4717.41552863	0.0248498379874
4717.7296879	0.0248498491824
4718.04384716	0.0248498814495
4718.35800643	0.0248498840309
4718.67216569	0.0248498876035
4718.98632496	0.0248498700879
4719.30048422	0.024849865806
4719.61464349	0.0248498915215
4719.92880275	0.0248499037666
4720.24296202	0.0248498606958
4720.55712128	0.0248497859594
4720.87128055	0.0248497925288
4721.18543982	0.0248497696499
4721.49959908	0.024849687587
4721.81375835	0.0248496267012
4722.12791761	0.0248495880607
4722.44207688	0.0248495093337
4722.75623614	0.0248494522865
4723.07039541	0.0248494957821
4723.38455467	0.0248495709755
4723.69871394	0.0248495926467
4724.0128732	0.0248495881374
4724.32703247	0.0248496231426
4724.64119173	0.024849648779
4724.955351	0.024849665801
4725.26951026	0.0248496728045
4725.58366953	0.0248496704491
4725.8978288	0.0248496743353
4726.21198806	0.0248496649508
4726.52614733	0.0248496673896
4726.84030659	0.0248496737112
4727.15446586	0.0248496447111
4727.46862512	0.0248496160191
4727.78278439	0.024849607259
4728.09694365	0.0248495839388
4728.41110292	0.0248495344378
4728.72526218	0.024849491457
4729.03942145	0.0248494350134
4729.35358071	0.0248493860687
4729.66773998	0.0248493335632
4729.98189925	0.0248492777661
4730.29605851	0.0248493027367
4730.61021778	0.02484938211
4730.92437704	0.0248494084281
4731.23853631	0.0248493989149
4731.55269557	0.0248494038399
4731.86685484	0.024849435185
4732.1810141	0.0248494585096
4732.49517337	0.0248494709617
4732.80933263	0.0248494796948
4733.1234919	0.0248494500337
4733.43765116	0.0248494238065
4733.75181043	0.0248494603152
4734.06596969	0.0248494763222
4734.38012896	0.0248494302549
4734.69428823	0.024849406215
4735.00844749	0.0248494046357
4735.32260676	0.0248493760507
4735.63676602	0.0248493256623
4735.95092529	0.0248493048355
4736.26508455	0.0248492545773
4736.57924382	0.0248491874044
4736.89340308	0.024849151855
4737.20756235	0.0248491012429
4737.52172161	0.0248490924047
4737.83588088	0.0248491315217
4738.15004014	0.0248491647813
4738.46419941	0.024849178407
4738.77835868	0.0248492033927
4739.09251794	0.0248492393643
4739.40667721	0.024849263965
4739.72083647	0.0248492736765
4740.03499574	0.0248492524374
4740.349155	0.0248492531709
4740.66331427	0.0248492937757
4740.97747353	0.0248492742788
4741.2916328	0.0248492252892
4741.60579206	0.0248492521333
4741.91995133	0.0248492568103
4742.23411059	0.0248491989362
4742.54826986	0.024849167176
4742.86242912	0.0248491503771
4743.17658839	0.0248491528061
4743.49074766	0.0248490975938
4743.80490692	0.0248490247129
4744.11906619	0.0248489918257
4744.43322545	0.0248489168787
4744.74738472	0.0248488816373
4745.06154398	0.0248489339451
4745.37570325	0.0248489812511
4745.68986251	0.0248489881245
4746.00402178	0.0248489887255
4746.31818104	0.0248490149851
4746.63234031	0.0248490439991
4746.94649957	0.0248490448194
4747.26065884	0.0248490664497
4747.57481811	0.0248490970586
4747.88897737	0.0248490893068
4748.20313664	0.0248490564179
4748.5172959	0.0248490867424
4748.83145517	0.0248490959124
4749.14561443	0.0248490323681
4749.4597737	0.0248490063661
4749.77393296	0.0248490359226
4750.08809223	0.0248490329018
4750.40225149	0.0248489884386
4750.71641076	0.0248489381873
4751.03057002	0.0248489031031
4751.34472929	0.0248488486583
4751.65888855	0.024848768445
4751.97304782	0.024848711669
4752.28720709	0.0248487288943
4752.60136635	0.0248487794178
4752.91552562	0.024848787929
4753.22968488	0.0248487853247
4753.54384415	0.0248488210001
4753.85800341	0.0248488589297
4754.17216268	0.024848883106
4754.48632194	0.0248489040321
4754.80048121	0.0248489199299
4755.11464047	0.0248489119994
4755.42879974	0.0248489135645
4755.742959	0.0248489069491
4756.05711827	0.0248488925267
4756.37127754	0.024848892038
4756.6854368	0.0248489059259
4756.99959607	0.02484889836
4757.31375533	0.0248488369933
4757.6279146	0.0248488083331
4757.94207386	0.0248487997556
4758.25623313	0.0248487115721
4758.57039239	0.0248486143234
4758.88455166	0.0248485599831
4759.19871092	0.0248485006117
4759.51287019	0.0248484983264
4759.82702945	0.0248485508502
4760.14118872	0.0248485929977
4760.45534798	0.0248486180028
4760.76950725	0.0248486405712
4761.08366652	0.024848676363
4761.39782578	0.0248486951119
4761.71198505	0.024848713117
4762.02614431	0.0248487260305
4762.34030358	0.0248487292497
4762.65446284	0.024848727657
4762.96862211	0.0248487099242
4763.28278137	0.0248487205617
4763.59694064	0.0248487427102
4763.9110999	0.024848739163
4764.22525917	0.024848664033
4764.53941843	0.0248486252408
4764.8535777	0.0248486382472
4765.16773697	0.0248485725525
4765.48189623	0.0248484982172
4765.7960555	0.0248484523425
4766.11021476	0.0248483904916
4766.42437403	0.0248483138195
4766.73853329	0.024848313695
4767.05269256	0.0248483849386
4767.36685182	0.0248484323668
4767.68101109	0.0248484342341
4767.99517035	0.0248484504998
4768.30932962	0.0248484889169
4768.62348888	0.0248485058195
4768.93764815	0.0248485237877
4769.25180741	0.0248485228576
4769.56596668	0.0248485228286
4769.88012595	0.0248485223197
4770.19428521	0.0248485166855
4770.50844448	0.0248485291575
4770.82260374	0.0248485169206
4771.13676301	0.0248484786512
4771.45092227	0.0248484613656
4771.76508154	0.0248484516605
4772.0792408	0.0248484114782
4772.39340007	0.0248483586061
4772.70755933	0.0248483152881
4773.0217186	0.0248482588483
4773.33587786	0.0248482108316
4773.65003713	0.0248481479573
4773.9641964	0.0248481348181
4774.27835566	0.0248482027558
4774.59251493	0.0248482597628
4774.90667419	0.0248482625781
4775.22083346	0.0248482555008
4775.53499272	0.0248482754836
4775.84915199	0.0248483047843
4776.16331125	0.0248483196128
4776.47747052	0.0248483327812
4776.79162978	0.0248483240864
4777.10578905	0.0248482874044
4777.41994831	0.0248482902447
4777.73410758	0.0248483300586
4778.04826684	0.0248483104386
4778.36242611	0.0248482648243
4778.67658538	0.0248482593058
4778.99074464	0.0248482488474
4779.30490391	0.0248482071209
4779.61906317	0.0248481720247
4779.93322244	0.0248481333354
4780.2473817	0.0248480679494
4780.56154097	0.0248480221554
4780.87570023	0.0248479755279
4781.1898595	0.0248479476511
4781.50401876	0.0248479760177
4781.81817803	0.0248480129067
4782.13233729	0.0248480272198
4782.44649656	0.0248480480242
4782.76065583	0.024848085748
4783.07481509	0.0248481125465
4783.38897436	0.0248481320181
4783.70313362	0.0248481270701
4784.01729289	0.0248481050178
4784.33145215	0.0248481252899
4784.64561142	0.0248481535214
4784.95977068	0.0248481067115
4785.27392995	0.02484808284
4785.58808921	0.0248481171509
4785.90224848	0.0248480842023
4786.21640774	0.0248480318872
4786.53056701	0.0248480132974
4786.84472628	0.0248480065141
4787.15888554	0.0248479825942
4787.47304481	0.0248479056216
4787.78720407	0.0248478656694
4788.10136334	0.0248478058954
4788.4155226	0.0248477420216
4788.72968187	0.0248477657837
4789.04384113	0.024847823336
4789.3580004	0.0248478489872
4789.67215966	0.024847853271
4789.98631893	0.024847865975
4790.30047819	0.0248479018296
4790.61463746	0.0248479104519
4790.92879672	0.0248479130086
4791.24295599	0.0248479473168
4791.55711526	0.0248479607134
4791.87127452	0.0248479281251
4792.18543379	0.0248479255216
4792.49959305	0.0248479626614
4792.81375232	0.0248479295813
4793.12791158	0.0248478745845
4793.44207085	0.0248478735062
4793.75623011	0.0248478966582
4794.07038938	0.0248478761639
4794.38454864	0.0248478169494
4794.69870791	0.0248477754349
4795.01286717	0.0248477368884
4795.32702644	0.0248476679935
4795.64118571	0.024847592356
4795.95534497	0.0248475805481
4796.26950424	0.0248476281551
4796.5836635	0.0248476581691
4796.89782277	0.0248476490086
4797.21198203	0.0248476678239
4797.5261413	0.0248477144221
4797.84030056	0.0248477398398
4798.15445983	0.0248477540891
4798.46861909	0.0248477754978
4798.78277836	0.0248477884323
4799.09693762	0.0248477780539
4799.41109689	0.0248477816043
4799.72525615	0.0248477659249
4800.03941542	0.024847754164
4800.35357469	0.0248477620316
4800.66773395	0.0248477724892
4800.98189322	0.0248477361962
4801.29605248	0.0248476774772
4801.61021175	0.0248476775089
4801.92437101	0.0248476291963
4802.23853028	0.0248475186213
4802.55268954	0.0248474538089
4802.86684881	0.024847397064
4803.18100807	0.0248473615052
4803.49516734	0.0248474014353
4803.8093266	0.0248474495725
4804.12348587	0.0248474791449
4804.43764514	0.0248474967709
4804.7518044	0.0248475329575
4805.06596367	0.0248475637844
4805.38012293	0.0248475746367
4805.6942822	0.0248475981071
4806.00844146	0.024847594012
4806.32260073	0.0248476024039
4806.63675999	0.0248475933326
4806.95091926	0.024847582479
4807.26507852	0.0248476039655
4807.57923779	0.024847621025
4807.89339705	0.0248475847814
4808.20755632	0.0248475058413
4808.52171558	0.0248475086161
4808.83587485	0.0248474859861
4809.15003412	0.0248473979166
4809.46419338	0.0248473389695
4809.77835265	0.024847296574
4810.09251191	0.0248472140026
4810.40667118	0.0248471696609
4810.72083044	0.0248472250442
4811.03498971	0.0248472940484
4811.34914897	0.0248473129567
4811.66330824	0.0248473041153
4811.9774675	0.0248473428359
4812.29162677	0.0248473804311
4812.60578603	0.0248473912422
4812.9199453	0.0248474046853
4813.23410457	0.0248473983041
4813.54826383	0.0248473993746
4813.8624231	0.0248473936085
4814.17658236	0.0248474000945
4814.49074163	0.0248474146997
4814.80490089	0.0248473755406
4815.11906016	0.0248473363118
4815.43321942	0.0248473340338
4815.74737869	0.0248473127484
4816.06153795	0.0248472556902
4816.37569722	0.0248472049261
4816.68985648	0.0248471600861
4817.00401575	0.0248470996177
4817.31817501	0.0248470434835
4817.63233428	0.0248470101412
4817.94649355	0.0248470438719
4818.26065281	0.0248471195394
4818.57481208	0.0248471459972
4818.88897134	0.0248471380649
4819.20313061	0.0248471441842
4819.51728987	0.0248471728794
4819.83144914	0.0248471953625
4820.1456084	0.0248472027588
4820.45976767	0.024847209232
4820.77392693	0.02484719021
4821.0880862	0.0248471619949
4821.40224546	0.0248471873924
4821.71640473	0.0248472112217
4822.030564	0.0248471685765
4822.34472326	0.0248471408983
4822.65888253	0.024847136923
4822.97304179	0.0248471069022
4823.28720106	0.024847064466
4823.60136032	0.0248470328931
4823.91551959	0.0248469797202
4824.22967885	0.0248469169163
4824.54383812	0.0248468723497
4824.85799738	0.024846836159
4825.17215665	0.0248468505064
4825.48631591	0.0248468906176
4825.80047518	0.0248469120871
4826.11463444	0.0248469251848
4826.42879371	0.0248469525523
4826.74295298	0.0248469897274
4827.05711224	0.0248470147504
4827.37127151	0.0248470210046
4827.68543077	0.0248469993412
4827.99959004	0.0248469949875
4828.3137493	0.0248470287847
4828.62790857	0.0248470231504
4828.94206783	0.0248469710248
4829.2562271	0.0248469820437
4829.57038636	0.0248469928162
4829.88454563	0.0248469339548
4830.19870489	0.0248469015717
4830.51286416	0.0248468906812
4830.82702343	0.0248468755624
4831.14118269	0.024846814407
4831.45534196	0.0248467595045
4831.76950122	0.0248467185889
4832.08366049	0.0248466406242
4832.39781975	0.0248466274726
4832.71197902	0.0248466879489
4833.02613828	0.0248467267745
4833.34029755	0.0248467363759
4833.65445681	0.0248467470543
4833.96861608	0.0248467752687
4834.28277534	0.0248468015311
4834.59693461	0.0248467965093
4834.91109387	0.0248468150516
4835.22525314	0.0248468446789
4835.53941241	0.0248468284192
4835.85357167	0.0248467995433
4836.16773094	0.0248468325705
4836.4818902	0.0248468385466
4836.79604947	0.0248467756127
4837.11020873	0.0248467471452
4837.424368	0.0248467691849
4837.73852726	0.0248467740387
4838.05268653	0.0248467272871
4838.36684579	0.0248466692021
4838.68100506	0.0248466344033
4838.99516432	0.0248465850978
4839.30932359	0.0248465043498
4839.62348286	0.0248464672134
4839.93764212	0.0248465053041
4840.25180139	0.0248465470246
4840.56596065	0.0248465433029
4840.88011992	0.0248465464546
4841.19427918	0.0248465871484
4841.50843845	0.0248466252276
4841.82259771	0.0248466416981
4842.13675698	0.0248466588661
4842.45091624	0.0248466697133
4842.76507551	0.0248466750394
4843.07923477	0.0248466764908
4843.39339404	0.0248466669034
4843.70755331	0.0248466492223
4844.02171257	0.0248466463987
4844.33587184	0.0248466586319
4844.6500311	0.0248466509389
4844.96419037	0.024846592611
4845.27834963	0.0248465642046
4845.5925089	0.0248465563988
4845.90666816	0.0248464575947
4846.22082743	0.0248463685752
4846.53498669	0.0248463165233
4846.84914596	0.024846267243
4847.16330522	0.0248462798318
4847.47746449	0.0248463319597
4847.79162375	0.0248463644612
4848.10578302	0.02484638673
4848.41994229	0.0248464129634
4848.73410155	0.0248464503817
4849.04826082	0.0248464734254
4849.36242008	0.024846481007
4849.67657935	0.0248464944645
4849.99073861	0.0248464936733
4850.30489788	0.0248464946989
4850.61905714	0.0248464823014
4850.93321641	0.0248464879855
4851.24737567	0.024846507995
4851.56153494	0.0248465089004
4851.8756942	0.024846435193
4852.18985347	0.0248463968308
4852.50401274	0.0248464033657
4852.818172	0.0248463342272
4853.13233127	0.0248462511543
4853.44649053	0.0248462041572
4853.7606498	0.024846141351
4854.07480906	0.0248460734107
4854.38896833	0.0248460908487
4854.70312759	0.0248461578366
4855.01728686	0.0248462035603
4855.33144612	0.0248462148924
4855.64560539	0.0248462163213
4855.95976465	0.0248462635625
4856.27392392	0.0248462880661
4856.58808318	0.0248463055417
4856.90224245	0.0248463060287
4857.21640172	0.0248462981131
4857.53056098	0.0248462969763
4857.84472025	0.024846298596
4858.15887951	0.0248463189522
4858.47303878	0.0248463039937
4858.78719804	0.0248462502814
4859.10135731	0.0248462354149
4859.41551657	0.0248462266789
4859.72967584	0.0248461867139
4860.0438351	0.0248461233719
4860.35799437	0.0248460806758
4860.67215363	0.0248460284558
4860.9863129	0.0248459540597
4861.30047217	0.0248459111477
4861.61463143	0.0248459328775
4861.9287907	0.0248459930461
4862.24294996	0.0248460454199
4862.55710923	0.0248460507249
4862.87126849	0.0248460462985
4863.18542776	0.0248460674802
4863.49958702	0.024846095778
4863.81374629	0.0248461066472
4864.12790555	0.0248461122496
4864.44206482	0.0248461062324
4864.75622408	0.0248460798406
4865.07038335	0.0248460785109
4865.38454261	0.024846110641
4865.69870188	0.0248460981061
4866.01286115	0.02484605683
4866.32702041	0.0248460439434
4866.64117968	0.0248460269097
4866.95533894	0.0248459888992
4867.26949821	0.0248459488269
4867.58365747	0.0248459005454
4867.89781674	0.0248458493184
4868.211976	0.0248457901131
4868.52613527	0.0248457464251
4868.84029453	0.0248457500858
4869.1544538	0.0248457934963
4869.46861306	0.0248458188886
4869.78277233	0.0248458254199
4870.0969316	0.0248458506179
4870.41109086	0.0248458866478
4870.72525013	0.0248459129134
4871.03940939	0.0248459327912
4871.35356866	0.0248459212706
4871.66772792	0.0248458967056
4871.98188719	0.0248459199422
4872.29604645	0.024845946878
4872.61020572	0.024845902134
4872.92436498	0.0248458751593
4873.23852425	0.0248458974921
4873.55268351	0.0248458675091
4873.86684278	0.0248458162698
4874.18100204	0.0248458004011
4874.49516131	0.0248457868204
4874.80932058	0.0248457421431
4875.12347984	0.0248456774109
4875.43763911	0.0248456434403
4875.75179837	0.0248455744628
4876.06595764	0.0248455303652
4876.3801169	0.0248455719516
4876.69427617	0.0248456238644
4877.00843543	0.0248456407757
4877.3225947	0.0248456577574
4877.63675396	0.024845681469
4877.95091323	0.0248457093751
4878.26507249	0.0248457125955
4878.57923176	0.0248457146698
4878.89339103	0.024845750751
4879.20755029	0.024845752219
4879.52170956	0.024845713214
4879.83586882	0.0248457241807
4880.15002809	0.024845758218
4880.46418735	0.0248457163275
4880.77834662	0.0248456690774
4881.09250588	0.0248456597136
4881.40666515	0.0248456806901
4881.72082441	0.0248456650568
4882.03498368	0.0248455972913
4882.34914294	0.0248455508235
4882.66330221	0.024845517801
4882.97746147	0.0248454430007
4883.29162074	0.0248453847864
4883.60578001	0.0248454026084
4883.91993927	0.0248454541235
4884.23409854	0.0248454671334
4884.5482578	0.024845457968
4884.86241707	0.0248454865478
4885.17657633	0.0248455269931
4885.4907356	0.0248455491266
4885.80489486	0.0248455665069
4886.11905413	0.0248455798784
4886.43321339	0.0248455825525
4886.74737266	0.0248455884229
4887.06153192	0.0248455952496
4887.37569119	0.0248455692962
4887.68985046	0.0248455501386
4888.00400972	0.0248455659656
4888.31816899	0.0248455709648
4888.63232825	0.0248455353934
4888.94648752	0.0248454806626
4889.26064678	0.0248454804074
4889.57480605	0.0248454224729
4889.88896531	0.0248453126008
4890.20312458	0.0248452547772
4890.51728384	0.0248452034233
4890.83144311	0.0248451945611
4891.14560237	0.0248452395259
4891.45976164	0.0248452709482
4891.7739209	0.0248452922555
4892.08808017	0.0248453235025
4892.40223944	0.0248453577892
4892.7163987	0.0248453846751
4893.03055797	0.0248454003105
4893.34471723	0.0248454083643
4893.6588765	0.0248454093279
4893.97303576	0.0248454129796
4894.28719503	0.0248454071043
4894.60135429	0.0248454002527
4894.91551356	0.0248454162051
4895.22967282	0.0248454369209
4895.54383209	0.0248453987211
4895.85799135	0.0248453273172
4896.17215062	0.0248453273127
4896.48630989	0.0248452959915
4896.80046915	0.0248452038896
4897.11462842	0.0248451425655
4897.42878768	0.0248450904087
4897.74294695	0.0248450126189
4898.05710621	0.0248449943744
4898.37126548	0.0248450612941
4898.68542474	0.0248451134762
4898.99958401	0.0248451343261
4899.31374327	0.0248451361698
4899.62790254	0.0248451650089
4899.9420618	0.0248452115974
4900.25622107	0.024845221783
4900.57038034	0.0248452387056
4900.8845396	0.0248452286634
4901.19869887	0.0248452208631
4901.51285813	0.0248452240107
4901.8270174	0.0248452372349
4902.14117666	0.0248452494995
4902.45533593	0.0248452050289
4902.76949519	0.0248451551812
4903.08365446	0.0248451598052
4903.39781372	0.0248451341811
4903.71197299	0.0248450714503
4904.02613225	0.0248450157349
4904.34029152	0.0248449816742
4904.65445078	0.0248449055488
4904.96861005	0.0248448377783
4905.28276932	0.0248448429529
4905.59692858	0.0248448992275
4905.91108785	0.0248449545518
4906.22524711	0.0248449801928
4906.53940638	0.024844977809
4906.85356564	0.0248449894886
4907.16772491	0.0248450155432
4907.48188417	0.024845033066
4907.79604344	0.0248450379695
4908.1102027	0.0248450381752
4908.42436197	0.0248450241885
4908.73852123	0.024845008681
4909.0526805	0.0248450233508
4909.36683977	0.0248450363312
4909.68099903	0.0248450050457
4909.9951583	0.0248449788645
4910.30931756	0.0248449652973
4910.62347683	0.0248449338421
4910.93763609	0.0248448962421
4911.25179536	0.0248448506468
4911.56595462	0.0248447980513
4911.88011389	0.0248447412119
4912.19427315	0.0248446830281
4912.50843242	0.0248446732297
4912.82259168	0.0248447193232
4913.13675095	0.02484475502
4913.45091021	0.0248447608704
4913.76506948	0.0248447744157
4914.07922875	0.0248448063887
4914.39338801	0.0248448416244
4914.70754728	0.0248448639373
4915.02170654	0.0248448667232
4915.33586581	0.0248448403184
4915.65002507	0.024844835151
4915.96418434	0.0248448728753
4916.2783436	0.0248448698558
4916.59250287	0.0248448127611
4916.90666213	0.0248448151634
4917.2208214	0.0248448252972
4917.53498066	0.0248447656428
4917.84913993	0.0248447301046
4918.1632992	0.0248447281473
4918.47745846	0.0248446881345
4918.79161773	0.0248446227768
4919.10577699	0.0248445869542
4919.41993626	0.0248445323589
4919.73409552	0.0248444684205
4920.04825479	0.0248444878691
4920.36241405	0.0248445458042
4920.67657332	0.0248445706214
4920.99073258	0.0248445876665
4921.30489185	0.0248446105501
4921.61905111	0.0248446420481
4921.93321038	0.0248446569989
4922.24736964	0.0248446471199
4922.56152891	0.0248446694154
4922.87568818	0.0248446984962
4923.18984744	0.0248446611431
4923.50400671	0.0248446441245
4923.81816597	0.0248446856376
4924.13232524	0.0248446734099
4924.4464845	0.0248446166985
4924.76064377	0.0248445926107
4925.07480303	0.0248446020891
4925.3889623	0.0248446088775
4925.70312156	0.0248445587698
4926.01728083	0.0248444918622
4926.33144009	0.0248444616593
4926.64559936	0.0248444055656
4926.95975863	0.0248443276295
4927.27391789	0.0248443322256
4927.58807716	0.0248443869905
4927.90223642	0.0248444088356
4928.21639569	0.0248443980233
4928.53055495	0.0248444169907
4928.84471422	0.024844456846
4929.15887348	0.0248444817754
4929.47303275	0.0248445000875
4929.78719201	0.0248445145287
4930.10135128	0.0248445142107
4930.41551054	0.0248445256311
4930.72966981	0.0248445401832
4931.04382907	0.0248445263397
4931.35798834	0.0248444880217
4931.67214761	0.024844491972
4931.98630687	0.0248445145114
4932.30046614	0.0248444952093
4932.6146254	0.0248444420494
4932.92878467	0.0248444151355
4933.24294393	0.0248444010104
4933.5571032	0.0248442979569
4933.87126246	0.0248442171925
4934.18542173	0.0248441645123
4934.49958099	0.0248441381387
4934.81374026	0.024844176391
4935.12789952	0.0248442160878
4935.44205879	0.0248442276352
4935.75621806	0.0248442555019
4936.07037732	0.0248442931558
4936.38453659	0.0248443252678
4936.69869585	0.0248443463371
4937.01285512	0.0248443499396
4937.32701438	0.0248443579829
4937.64117365	0.0248443597061
4937.95533291	0.0248443547506
4938.26949218	0.0248443483744
4938.58365144	0.0248443547953
4938.89781071	0.0248443764696
4939.21196997	0.02484437077
4939.52612924	0.0248442985053
4939.8402885	0.0248442691461
4940.15444777	0.0248442647064
4940.46860704	0.0248441860226
4940.7827663	0.0248440972227
4941.09692557	0.024844051635
4941.41108483	0.0248439833764
4941.7252441	0.0248439394457
4942.03940336	0.0248439785397
4942.35356263	0.0248440468803
4942.66772189	0.024844078047
4942.98188116	0.0248440894559
4943.29604042	0.0248440962613
4943.61019969	0.0248441367724
4943.92435895	0.0248441731609
4944.23851822	0.0248441859335
4944.55267749	0.024844188338
4944.86683675	0.0248441739327
4945.18099602	0.0248441715735
4945.49515528	0.0248441840348
4945.80931455	0.0248442061314
4946.12347381	0.0248441880869
4946.43763308	0.024844116019
4946.75179234	0.0248441100712
4947.06595161	0.0248441043678
4947.38011087	0.0248440477371
4947.69427014	0.0248439844638
4948.0084294	0.0248439418657
4948.32258867	0.024843889128
4948.63674793	0.0248437973815
4948.9509072	0.0248437833783
4949.26506647	0.0248438417029
4949.57922573	0.0248438881224
4949.893385	0.0248439235981
4950.20754426	0.0248439355958
4950.52170353	0.0248439425734
4950.83586279	0.0248439673188
4951.15002206	0.0248439843232
4951.46418132	0.0248439916478
4951.77834059	0.0248439970146
4952.09249985	0.0248439890213
4952.40665912	0.0248439726004
4952.72081838	0.0248439730186
4953.03497765	0.0248439903987
4953.34913692	0.0248439716233
4953.66329618	0.0248439416373
4953.97745545	0.024843931158
4954.29161471	0.0248438984191
4954.60577398	0.0248438629589
4954.91993324	0.024843815365
4955.23409251	0.0248437667763
4955.54825177	0.0248437250616
4955.86241104	0.0248436433812
4956.1765703	0.0248436180464
4956.49072957	0.02484366602
4956.80488883	0.0248437153885
4957.1190481	0.0248437230594
4957.43320737	0.0248437227258
4957.74736663	0.0248437564565
4958.0615259	0.0248437891231
4958.37568516	0.0248438113824
4958.68984443	0.0248438290732
4959.00400369	0.0248438084124
4959.31816296	0.0248437838359
4959.63232222	0.0248438077841
4959.94648149	0.0248438336224
4960.26064075	0.024843794069
4960.57480002	0.0248437635642
4960.88895928	0.024843778708
4961.20311855	0.0248437522804
4961.51727781	0.0248436933602
4961.83143708	0.0248436810864
4962.14559635	0.0248436585114
4962.45975561	0.0248435925107
4962.77391488	0.0248435471438
4963.08807414	0.0248435067724
4963.40223341	0.0248434427936
4963.71639267	0.0248434350469
4964.03055194	0.0248434908879
4964.3447112	0.0248435260832
4964.65887047	0.024843538436
4964.97302973	0.0248435687915
4965.287189	0.0248435982582
4965.60134826	0.0248436223988
4965.91550753	0.0248436162818
4966.2296668	0.0248436186971
4966.54382606	0.0248436535852
4966.85798533	0.0248436461549
4967.17214459	0.0248436004552
4967.48630386	0.0248436271445
4967.80046312	0.0248436511255
4968.11462239	0.024843601947
4968.42878165	0.024843560326
4968.74294092	0.0248435496102
4969.05710018	0.0248435635719
4969.37125945	0.0248435409611
4969.68541871	0.0248434684838
4969.99957798	0.024843422484
4970.31373724	0.0248433849401
4970.62789651	0.0248433030467
4970.94205578	0.024843286069
4971.25621504	0.0248433391282
4971.57037431	0.0248433739257
4971.88453357	0.0248433688116
4972.19869284	0.0248433729099
4972.5128521	0.0248434116358
4972.82701137	0.0248434350162
4973.14117063	0.0248434557879
4973.4553299	0.0248434815205
4973.76948916	0.0248434767988
4974.08364843	0.0248434677149
4974.39780769	0.0248434979114
4974.71196696	0.024843503968
4975.02612623	0.024843465008
4975.34028549	0.0248434372411
4975.65444476	0.0248434651814
4975.96860402	0.0248434670603
4976.28276329	0.0248434287392
4976.59692255	0.0248433779195
4976.91108182	0.0248433681679
4977.22524108	0.0248433061042
4977.53940035	0.0248432086847
4977.85355961	0.02484314281
4978.16771888	0.0248431055692
4978.48187814	0.0248431352412
4978.79603741	0.0248431802235
4979.11019667	0.0248431888964
4979.42435594	0.0248432078924
4979.73851521	0.0248432484267
4980.05267447	0.0248432827706
4980.36683374	0.0248433055222
4980.680993	0.0248433227526
4980.99515227	0.0248433188241
4981.30931153	0.0248433277191
4981.6234708	0.0248433237884
4981.93763006	0.024843313423
4982.25178933	0.0248433196854
4982.56594859	0.0248433320876
4982.88010786	0.0248433472332
4983.19426712	0.0248432954636
4983.50842639	0.0248432399542
4983.82258566	0.0248432386547
4984.13674492	0.0248431887377
4984.45090419	0.0248430854711
4984.76506345	0.0248430263421
4985.07922272	0.024842967925
4985.39338198	0.0248429129326
4985.70754125	0.0248429302006
4986.02170051	0.02484299591
4986.33585978	0.0248430355292
4986.65001904	0.024843057488
4986.96417831	0.0248430726716
4987.27833757	0.0248430926983
4987.59249684	0.0248431384385
4987.9066561	0.0248431529567
4988.22081537	0.0248431665091
4988.53497464	0.0248431576627
4988.8491339	0.02484314284
4989.16329317	0.0248431532095
4989.47745243	0.0248431768764
4989.7916117	0.0248431822074
4990.10577096	0.0248431219897
4990.41993023	0.0248430732226
4990.73408949	0.024843087132
4991.04824876	0.0248430458286
4991.36240802	0.0248429738892
4991.67656729	0.0248429252818
4991.99072655	0.0248428854604
4992.30488582	0.0248427943584
4992.61904509	0.0248427414196
4992.93320435	0.0248427982313
4993.24736362	0.0248428630525
4993.56152288	0.0248428790539
4993.87568215	0.0248429049961
4994.18984141	0.0248429219976
4994.50400068	0.0248429375414
4994.81815994	0.0248429591226
4995.13231921	0.0248429661258
4995.44647847	0.0248429708768
4995.76063774	0.0248429718242
4996.074797	0.0248429582693
4996.38895627	0.0248429574054
4996.70311553	0.0248429648981
4997.0172748	0.0248429521018
4997.33143407	0.0248429285977
4997.64559333	0.0248429149303
4997.9597526	0.0248428893432
4998.27391186	0.0248428511615
4998.58807113	0.0248428079344
4998.90223039	0.0248427511386
4999.21638966	0.0248427162287
4999.53054892	0.0248426513678
4999.84470819	0.0248425865666
5000.15886745	0.0248426263639
5000.47302672	0.0248426943871
5000.78718598	0.0248427145028
5001.10134525	0.0248427080318
5001.41550452	0.0248427252614
5001.72966378	0.0248427612064
5002.04382305	0.0248427855515
5002.35798231	0.0248428046869
5002.67214158	0.0248428025768
5002.98630084	0.0248427668753
5003.30046011	0.0248427646936
5003.61461937	0.0248428071264
5003.92877864	0.0248427982586
5004.2429379	0.0248427481693
5004.55709717	0.0248427468264
5004.87125643	0.0248427484049
5005.1854157	0.0248426941466
5005.49957496	0.0248426600145
5005.81373423	0.0248426516905
5006.1278935	0.0248425866713
5006.44205276	0.0248425342063
5006.75621203	0.0248424978659
5007.07037129	0.0248424393838
5007.38453056	0.0248424199721
5007.69868982	0.0248424607766
5008.01284909	0.0248424994044
5008.32700835	0.0248425182801
5008.64116762	0.024842547955
5008.95532688	0.0248425761424
5009.26948615	0.0248426038816
5009.58364541	0.0248426059594
5009.89780468	0.0248425947278
5010.21196395	0.0248426235994
5010.52612321	0.0248426426756
5010.84028248	0.0248425962174
5011.15444174	0.0248425878698
5011.46860101	0.0248426301572
5011.78276027	0.0248426019865
5012.09691954	0.0248425520291
5012.4110788	0.0248425245624
5012.72523807	0.0248425321057
5013.03939733	0.0248425308268
5013.3535566	0.0248424664468
5013.66771586	0.0248424055416
5013.98187513	0.024842375426
5014.29603439	0.0248422979295
5014.61019366	0.0248422603801
5014.92435293	0.0248423094198
5015.23851219	0.0248423577232
5015.55267146	0.0248423596907
5015.86683072	0.0248423535983
5016.18098999	0.0248423885023
5016.49514925	0.0248424163201
5016.80930852	0.0248424254762
5017.12346778	0.0248424567581
5017.43762705	0.0248424767487
5017.75178631	0.0248424524892
5018.06594558	0.0248424513674
5018.38010484	0.0248424913179
5018.69426411	0.0248424689195
5019.00842338	0.0248424153408
5019.32258264	0.0248424235492
5019.63674191	0.0248424496764
5019.95090117	0.0248424280885
5020.26506044	0.0248423786763
5020.5792197	0.0248423470264
5020.89337897	0.024842315518
5021.20753823	0.0248422329779
5021.5216975	0.0248421495425
5021.83585676	0.0248421017653
5022.15001603	0.02484211857
5022.46417529	0.0248421677314
5022.77833456	0.0248421811305
5023.09249383	0.024842183308
5023.40665309	0.024842222781
5023.72081236	0.0248422647279
5024.03497162	0.0248422893073
5024.34913089	0.0248423059827
5024.66329015	0.0248423100085
5024.97744942	0.0248423121052
5025.29160868	0.0248423167322
5025.60576795	0.0248423029002
5025.91992721	0.0248422996812
5026.23408648	0.0248423090573
5026.54824574	0.0248423297204
5026.86240501	0.0248423081178
5027.17656427	0.0248422410826
5027.49072354	0.0248422295841
5027.80488281	0.0248422034459
5028.11904207	0.0248421073526
5028.43320134	0.0248420248143
5028.7473606	0.0248419762331
5029.06151987	0.0248419127433
5029.37567913	0.0248419125459
5029.6898384	0.0248419660746
5030.00399766	0.0248420188609
5030.31815693	0.0248420402426
5030.63231619	0.0248420636344
5030.94647546	0.0248420824356
5031.26063472	0.0248421066551
5031.57479399	0.0248421483758
5031.88895326	0.0248421525162
5032.20311252	0.0248421575187
5032.51727179	0.0248421410441
5032.83143105	0.02484213805
5033.14559032	0.0248421611275
5033.45974958	0.0248421804397
5033.77390885	0.0248421525575
5034.08806811	0.0248420694139
5034.40222738	0.0248420723984
5034.71638664	0.0248420667118
5035.03054591	0.0248419917714
5035.34470517	0.0248419238587
5035.65886444	0.0248418888226
5035.9730237	0.0248418185537
5036.28718297	0.0248417413545
5036.60134224	0.0248417687092
5036.9155015	0.0248418472081
5037.22966077	0.0248418765373
5037.54382003	0.024841883098
5037.8579793	0.0248419149543
5038.17213856	0.0248419375584
5038.48629783	0.0248419554369
5038.80045709	0.0248419671592
5039.11461636	0.0248419696464
5039.42877562	0.024841973791
5039.74293489	0.0248419640958
5040.05709415	0.0248419623837
5040.37125342	0.0248419709792
5040.68541269	0.0248419577434
5040.99957195	0.024841933141
5041.31373122	0.0248419188112
5041.62789048	0.0248419027534
5041.94204975	0.0248418623805
5042.25620901	0.0248418190197
5042.57036828	0.0248417630718
5042.88452754	0.024841722206
5043.19868681	0.0248416747725
5043.51284607	0.0248415930923
5043.82700534	0.0248416056388
5044.1411646	0.0248416882583
5044.45532387	0.0248417231336
5044.76948313	0.0248417175178
5045.0836424	0.0248417194744
5045.39780167	0.0248417558055
5045.71196093	0.0248417842523
5046.0261202	0.0248417993321
5046.34027946	0.0248418092458
5046.65443873	0.0248417796007
5046.96859799	0.0248417558352
5047.28275726	0.0248417900947
5047.59691652	0.0248418090916
5047.91107579	0.024841768994
5048.22523505	0.0248417404821
5048.53939432	0.0248417466169
5048.85355358	0.0248417244581
5049.16771285	0.0248416678062
5049.48187212	0.0248416506577
5049.79603138	0.0248416084506
5050.11019065	0.0248415418445
5050.42434991	0.0248415060552
5050.73850918	0.0248414528115
5051.05266844	0.0248414272844
5051.36682771	0.0248414606281
5051.68098697	0.0248415032373
5051.99514624	0.0248415193531
5052.3093055	0.0248415405032
5052.62346477	0.0248415793518
5052.93762403	0.0248416071569
5053.2517833	0.0248416217819
5053.56594256	0.0248416032123
5053.88010183	0.0248416056089
5054.1942611	0.0248416485967
5054.50842036	0.0248416286777
5054.82257963	0.0248415827709
5055.13673889	0.0248416181866
5055.45089816	0.0248416245638
5055.76505742	0.0248415686812
5056.07921669	0.0248415366694
5056.39337595	0.0248415231062
5056.70753522	0.0248415345066
5057.02169448	0.0248414906912
5057.33585375	0.0248414122335
5057.65001301	0.0248413846699
5057.96417228	0.0248413184059
5058.27833155	0.0248412620101
5058.59249081	0.0248413024275
5058.90665008	0.024841358962
5059.22080934	0.0248413688161
5059.53496861	0.0248413647225
5059.84912787	0.0248413880918
5060.16328714	0.0248414221899
5060.4774464	0.0248414267583
5060.79160567	0.024841449083
5061.10576493	0.0248414821313
5061.4199242	0.0248414728595
5061.73408346	0.0248414449384
5062.04824273	0.0248414814665
5062.36240199	0.0248414908052
5062.67656126	0.024841434249
5062.99072053	0.0248414111702
5063.30487979	0.0248414393892
5063.61903906	0.0248414399196
5063.93319832	0.0248414012012
5064.24735759	0.0248413529563
5064.56151685	0.0248413258215
5064.87567612	0.0248412701335
5065.18983538	0.0248411833997
5065.50399465	0.0248411174058
5065.81815391	0.0248411231728
5066.13231318	0.0248411782198
5066.44647244	0.0248411967548
5066.76063171	0.0248411892412
5067.07479098	0.0248412204879
5067.38895024	0.0248412645419
5067.70310951	0.0248412902921
5068.01726877	0.0248413105221
5068.33142804	0.0248413282993
5068.6455873	0.0248413209206
5068.95974657	0.0248413288701
5069.27390583	0.0248413235979
5069.5880651	0.0248413107774
5069.90222436	0.0248413155277
5070.21638363	0.0248413311862
5070.53054289	0.0248413310016
5070.84470216	0.0248412708085
5071.15886143	0.0248412380394
5071.47302069	0.0248412331762
5071.78717996	0.0248411521534
5072.10133922	0.0248410507465
5072.41549849	0.0248409971057
5072.72965775	0.0248409353526
5073.04381702	0.0248409238631
5073.35797628	0.0248409739488
5073.67213555	0.0248410200715
5073.98629481	0.0248410496036
5074.30045408	0.0248410740146
5074.61461334	0.0248411063028
5074.92877261	0.0248411250273
5075.24293187	0.0248411512863
5075.55709114	0.0248411686878
5075.87125041	0.0248411741248
5076.18540967	0.0248411709733
5076.49956894	0.0248411536364
5076.8137282	0.0248411669462
5077.12788747	0.0248411931807
5077.44204673	0.0248411930951
5077.756206	0.0248411172431
5078.07036526	0.0248410777013
5078.38452453	0.0248410955466
5078.69868379	0.024841030655
5079.01284306	0.0248409557
5079.32700232	0.0248409131687
5079.64116159	0.0248408533624
5079.95532086	0.0248407716132
5080.26948012	0.0248407669415
5080.58363939	0.0248408459653
5080.89779865	0.0248408925916
5081.21195792	0.0248408895447
5081.52611718	0.0248409179248
5081.84027645	0.0248409516804
5082.15443571	0.0248409656334
5082.46859498	0.0248409855195
5082.78275424	0.0248409867693
5083.09691351	0.0248409885507
5083.41107277	0.0248409854114
5083.72523204	0.0248409805434
5084.0393913	0.024840995531
5084.35355057	0.0248409881276
5084.66770984	0.024840953239
5084.9818691	0.0248409355955
5085.29602837	0.0248409294498
5085.61018763	0.0248408909685
5085.9243469	0.0248408410751
5086.23850616	0.024840795011
5086.55266543	0.024840739831
5086.86682469	0.0248407021603
5087.18098396	0.0248406332379
5087.49514322	0.0248406084656
5087.80930249	0.024840686405
5088.12346175	0.024840746964
5088.43762102	0.0248407493069
5088.75178029	0.0248407429225
5089.06593955	0.0248407655157
5089.38009882	0.0248407981743
5089.69425808	0.0248408143718
5090.00841735	0.0248408282225
5090.32257661	0.0248408151119
5090.63673588	0.0248407794555
5090.95089514	0.0248407910021
5091.26505441	0.024840830406
5091.57921367	0.0248408064521
5091.89337294	0.0248407618773
5092.2075322	0.0248407636454
5092.52169147	0.024840756859
5092.83585073	0.0248407093369
5093.15001	0.0248406785635
5093.46416927	0.0248406420243
5093.77832853	0.0248405747736
5094.0924878	0.0248405341473
5094.40664706	0.0248404841289
5094.72080633	0.0248404560469
5095.03496559	0.0248404856772
5095.34912486	0.0248405232041
5095.66328412	0.0248405389266
5095.97744339	0.0248405606285
5096.29160265	0.0248405997183
5096.60576192	0.0248406264868
5096.91992118	0.0248406469623
5097.23408045	0.0248406424109
5097.54823972	0.0248406234652
5097.86239898	0.0248406480322
5098.17655825	0.0248406698121
5098.49071751	0.024840622033
5098.80487678	0.0248406108135
5099.11903604	0.0248406462174
5099.43319531	0.0248406087581
5099.74735457	0.0248405598868
5100.06151384	0.0248405420473
5100.3756731	0.0248405421858
5100.68983237	0.024840520346
5101.00399163	0.0248404414746
5101.3181509	0.0248404064069
5101.63231016	0.0248403488017
5101.94646943	0.0248402826678
5102.2606287	0.0248403078997
5102.57478796	0.0248403679682
5102.88894723	0.024840392442
5103.20310649	0.0248403936774
5103.51726576	0.0248404076081
5103.83142502	0.0248404469589
5104.14558429	0.0248404543108
5104.45974355	0.0248404590297
5104.77390282	0.0248404960409
5105.08806208	0.0248405085187
5105.40222135	0.0248404725279
5105.71638061	0.0248404804834
5106.03053988	0.0248405199475
5106.34469915	0.0248404794379
5106.65885841	0.0248404323971
5106.97301768	0.0248404369089
5107.28717694	0.0248404589892
5107.60133621	0.0248404386181
5107.91549547	0.0248403823922
5108.22965474	0.0248403439607
5108.543814	0.0248403073604
5108.85797327	0.0248402363503
5109.17213253	0.0248401564168
5109.4862918	0.0248401496291
5109.80045106	0.0248402009034
5110.11461033	0.0248402305511
5110.42876959	0.0248402199648
5110.74292886	0.0248402396898
5111.05708813	0.0248402885277
5111.37124739	0.0248403158363
5111.68540666	0.0248403306474
5111.99956592	0.0248403488566
5112.31372519	0.0248403611794
5112.62788445	0.024840358202
5112.94204372	0.0248403601242
5113.25620298	0.0248403447216
5113.57036225	0.0248403366422
5113.88452151	0.0248403481554
5114.19868078	0.0248403605018
5114.51284004	0.024840321794
5114.82699931	0.0248402667702
5115.14115858	0.0248402672044
5115.45531784	0.0248402123312
5115.76947711	0.0248401031299
5116.08363637	0.0248400410899
5116.39779564	0.0248399825978
5116.7119549	0.0248399535451
5117.02611417	0.0248399997142
5117.34027343	0.0248400462494
5117.6544327	0.0248400752909
5117.96859196	0.0248400934151
5118.28275123	0.0248401297251
5118.59691049	0.0248401587899
5118.91106976	0.0248401751834
5119.22522902	0.0248402005237
5119.53938829	0.0248401969463
5119.85354756	0.0248402078255
5120.16770682	0.0248401964123
5120.48186609	0.0248401904164
5120.79602535	0.0248402147598
5121.11018462	0.0248402317225
5121.42434388	0.0248401889642
5121.73850315	0.0248401121581
5122.05266241	0.0248401221787
5122.36682168	0.0248400930843
5122.68098094	0.0248400032055
5122.99514021	0.0248399480256
5123.30929947	0.0248399069083
5123.62345874	0.0248398221755
5123.93761801	0.0248397895486
5124.25177727	0.0248398540224
5124.56593654	0.0248399215175
5124.8800958	0.024839934371
5125.19425507	0.024839929236
5125.50841433	0.0248399749374
5125.8225736	0.0248400084925
5126.13673286	0.0248400196043
5126.45089213	0.0248400328441
5126.76505139	0.0248400277642
5127.07921066	0.0248400271802
5127.39336992	0.0248400216807
5127.70752919	0.024840036008
5128.02168846	0.0248400479208
5128.33584772	0.0248400051044
5128.65000699	0.0248399706395
5128.96416625	0.0248399721275
5129.27832552	0.0248399474179
5129.59248478	0.0248398882777
5129.90664405	0.0248398399262
5130.22080331	0.0248397923434
5130.53496258	0.0248397361302
5130.84912184	0.0248396785653
5131.16328111	0.0248396529276
5131.47744037	0.0248397019103
5131.79159964	0.0248397787718
5132.1057589	0.0248397968869
5132.41991817	0.0248397872956
5132.73407744	0.0248397987746
5133.0482367	0.0248398312155
5133.36239597	0.024839851377
5133.67655523	0.0248398597223
5133.9907145	0.0248398577172
5134.30487376	0.0248398332674
5134.61903303	0.0248398200487
5134.93319229	0.0248398545322
5135.24735156	0.0248398634995
5135.56151082	0.0248398155635
5135.87567009	0.0248397978716
5136.18982935	0.0248397982769
5136.50398862	0.0248397627278
5136.81814789	0.0248397186874
5137.13230715	0.024839684834
5137.44646642	0.0248396322082
5137.76062568	0.0248395746526
5138.07478495	0.024839525522
5138.38894421	0.0248394982303
5138.70310348	0.0248395298565
5139.01726274	0.0248395687053
5139.33142201	0.0248395841085
5139.64558127	0.0248396007127
5139.95974054	0.0248396328718
5140.2738998	0.0248396670771
5140.58805907	0.024839690498
5140.90221833	0.024839693677
5141.2163776	0.0248396706216
5141.53053687	0.0248396770481
5141.84469613	0.0248397121656
5142.1588554	0.0248396898355
5142.47301466	0.0248396476588
5142.78717393	0.0248396702946
5143.10133319	0.0248396668925
5143.41549246	0.0248396100022
5143.72965172	0.0248395845952
5144.04381099	0.0248395765913
5144.35797025	0.0248395582681
5144.67212952	0.0248394888997
5144.98628878	0.0248394468144
5145.30044805	0.0248394002794
5145.61460732	0.0248393280825
5145.92876658	0.0248393350392
5146.24292585	0.0248393982303
5146.55708511	0.0248394309735
5146.87124438	0.0248394393015
5147.18540364	0.0248394534862
5147.49956291	0.0248394865411
5147.81372217	0.0248395073144
5148.12788144	0.0248395015894
5148.4420407	0.0248395279754
5148.75619997	0.024839553652
5149.07035923	0.024839526803
5149.3845185	0.0248395116033
5149.69867776	0.0248395530419
5150.01283703	0.0248395409712
5150.3269963	0.0248394805556
5150.64115556	0.0248394610506
5150.95531483	0.0248394880639
5151.26947409	0.0248394865274
5151.58363336	0.0248394324255
5151.89779262	0.0248393799739
5152.21195189	0.0248393475094
5152.52611115	0.0248392901411
5152.84027042	0.0248392099305
5153.15442968	0.0248391910736
5153.46858895	0.0248392447829
5153.78274821	0.0248392796331
5154.09690748	0.0248392675159
5154.41106675	0.0248392782989
5154.72522601	0.0248393248571
5155.03938528	0.0248393578681
5155.35354454	0.0248393734087
5155.66770381	0.0248393905477
5155.98186307	0.0248393990227
5156.29602234	0.0248394049125
5156.6101816	0.0248394137773
5156.92434087	0.0248393967132
5157.23850013	0.0248393784445
5157.5526594	0.0248393850576
5157.86681866	0.0248393990304
5158.18097793	0.0248393817735
5158.49513719	0.024839323094
5158.80929646	0.0248393092603
5159.12345573	0.0248392836834
5159.43761499	0.0248391724929
5159.75177426	0.0248390995671
5160.06593352	0.0248390465664
5160.38009279	0.0248390123412
5160.69425205	0.0248390461598
5161.00841132	0.0248390940513
5161.32257058	0.0248391187452
5161.63672985	0.0248391436027
5161.95088911	0.0248391774157
5162.26504838	0.0248392092651
5162.57920764	0.0248392286742
5162.89336691	0.0248392416454
5163.20752618	0.0248392494731
5163.52168544	0.0248392532237
5163.83584471	0.0248392539812
5164.15000397	0.0248392433494
5164.46416324	0.0248392539213
5164.7783225	0.0248392776084
5165.09248177	0.0248392665652
5165.40664103	0.0248391859177
5165.7208003	0.0248391670643
5166.03495956	0.0248391636931
5166.34911883	0.024839081255
5166.66327809	0.0248390047881
5166.97743736	0.0248389595534
5167.29159662	0.0248388860699
5167.60575589	0.0248388408114
5167.91991516	0.0248388892124
5168.23407442	0.024838956151
5168.54823369	0.0248389829157
5168.86239295	0.0248389859313
5169.17655222	0.0248390089901
5169.49071148	0.0248390564564
5169.80487075	0.0248390725886
5170.11903001	0.0248390927933
5170.43318928	0.0248390900165
5170.74734854	0.0248390814033
5171.06150781	0.0248390794183
5171.37566707	0.0248390892921
5171.68982634	0.024839114269
5172.00398561	0.0248390856407
5172.31814487	0.0248390247218
5172.63230414	0.0248390268503
5172.9464634	0.0248390129017
5173.26062267	0.02483895827
5173.57478193	0.0248388992673
5173.8889412	0.024838861064
5174.20310046	0.0248388009479
5174.51725973	0.0248387262666
5174.83141899	0.0248387033804
5175.14557826	0.0248387515009
5175.45973752	0.0248388187973
5175.77389679	0.0248388559058
5176.08805605	0.024838853909
5176.40221532	0.0248388575851
5176.71637459	0.0248388856147
5177.03053385	0.0248389093605
5177.34469312	0.024838917072
5177.65885238	0.0248389198509
5177.97301165	0.0248389052284
5178.28717091	0.0248388855665
5178.60133018	0.0248389004256
5178.91548944	0.024838924808
5179.22964871	0.0248388940898
5179.54380797	0.024838862535
5179.85796724	0.0248388578501
5180.1721265	0.0248388330935
5180.48628577	0.0248387946241
5180.80044504	0.0248387508134
5181.1146043	0.0248386975074
5181.42876357	0.0248386476779
5181.74292283	0.0248385850665
5182.0570821	0.0248385552017
5182.37124136	0.0248385933245
5182.68540063	0.0248386409944
5182.99955989	0.0248386501223
5183.31371916	0.0248386571251
5183.62787842	0.0248386917569
5183.94203769	0.0248387291547
5184.25619695	0.0248387514985
5184.57035622	0.024838763312
5184.88451548	0.0248387433261
5185.19867475	0.0248387291603
5185.51283402	0.024838765006
5185.82699328	0.0248387730833
5186.14115255	0.0248387147868
5186.45531181	0.0248387147799
5186.76947108	0.0248387331275
5187.08363034	0.0248386801641
5187.39778961	0.0248386380634
5187.71194887	0.0248386329518
5188.02610814	0.0248386094511
5188.3402674	0.0248385463292
5188.65442667	0.0248385011766
5188.96858593	0.0248384604672
5189.2827452	0.024838389103
5189.59690447	0.0248383881178
5189.91106373	0.0248384482143
5190.225223	0.0248384819832
5190.53938226	0.0248384946301
5190.85354153	0.0248385173668
5191.16770079	0.0248385504712
5191.48186006	0.0248385725605
5191.79601932	0.024838565145
5192.11017859	0.0248385798424
5192.42433785	0.0248386162748
5192.73849712	0.0248385934372
5193.05265638	0.024838563852
5193.36681565	0.0248386025599
5193.68097492	0.0248386083678
5193.99513418	0.0248385536115
5194.30929345	0.0248385243292
5194.62345271	0.0248385280056
5194.93761198	0.0248385423493
5195.25177124	0.0248385058323
5195.56593051	0.0248384366171
5195.88008977	0.024838403522
5196.19424904	0.0248383597286
5196.5084083	0.0248382727175
5196.82256757	0.0248382591476
5197.13672683	0.0248383125828
5197.4508861	0.0248383471295
5197.76504536	0.0248383382729
5198.07920463	0.0248383471825
5198.3933639	0.0248383876304
5198.70752316	0.0248384167643
5199.02168243	0.0248384364107
5199.33584169	0.0248384539582
5199.65000096	0.0248384577213
5199.96416022	0.0248384657023
5200.27831949	0.0248384829272
5200.59247875	0.0248384752209
5200.90663802	0.0248384395643
5201.22079728	0.0248384370225
5201.53495655	0.0248384603468
5201.84911581	0.0248384519674
5202.16327508	0.0248384050067
5202.47743435	0.0248383680845
5202.79159361	0.0248383645473
5203.10575288	0.024838268394
5203.41991214	0.0248381795094
5203.73407141	0.0248381258115
5204.04823067	0.0248380903659
5204.36238994	0.0248381239879
5204.6765492	0.0248381699543
5204.99070847	0.0248381808597
5205.30486773	0.0248382069389
5205.619027	0.0248382441838
5205.93318626	0.0248382777814
5206.24734553	0.0248383005292
5206.56150479	0.0248383091568
5206.87566406	0.024838318861
5207.18982333	0.0248383211457
5207.50398259	0.0248383191352
5207.81814186	0.0248383144344
5208.13230112	0.0248383191407
5208.44646039	0.0248383391025
5208.76061965	0.0248383454536
5209.07477892	0.0248382815406
5209.38893818	0.0248382390143
5209.70309745	0.0248382407804
5210.01725671	0.0248381738437
5210.33141598	0.024838078726
5210.64557524	0.0248380335583
5210.95973451	0.0248379650414
5211.27389378	0.0248379116564
5211.58805304	0.0248379462979
5211.90221231	0.0248380178194
5212.21637157	0.0248380505597
5212.53053084	0.0248380621484
5212.8446901	0.0248380708933
5213.15884937	0.0248381117742
5213.47300863	0.02483815434
5213.7871679	0.0248381636537
5214.10132716	0.0248381738887
5214.41548643	0.0248381608605
5214.72964569	0.0248381539542
5215.04380496	0.0248381654903
5215.35796422	0.0248381923153
5215.67212349	0.0248381859505
5215.98628276	0.0248381119411
5216.30044202	0.0248380951085
5216.61460129	0.0248381005555
5216.92876055	0.024838047606
5217.24291982	0.0248379796355
5217.55707908	0.0248379363295
5217.87123835	0.0248378913305
5218.18539761	0.024837797457
5218.49955688	0.0248377742864
5218.81371614	0.0248378316664
5219.12787541	0.0248378833179
5219.44203467	0.0248379212015
5219.75619394	0.0248379361842
5220.07035321	0.0248379431024
5220.38451247	0.0248379665524
5220.69867174	0.0248379874308
5221.012831	0.0248379960539
5221.32699027	0.0248380008101
5221.64114953	0.0248379926184
5221.9553088	0.0248379765888
5222.26946806	0.0248379810046
5222.58362733	0.0248379993696
5222.89778659	0.0248379808376
5223.21194586	0.0248379520678
5223.52610512	0.0248379440736
5223.84026439	0.0248379161922
5224.15442365	0.0248378803317
5224.46858292	0.0248378329213
5224.78274219	0.0248377846804
5225.09690145	0.0248377434834
5225.41106072	0.0248376593667
5225.72521998	0.0248376282994
5226.03937925	0.0248376794386
5226.35353851	0.024837733913
5226.66769778	0.024837743398
5226.98185704	0.0248377418119
5227.29601631	0.0248377761041
5227.61017557	0.0248378097211
5227.92433484	0.0248378325865
5228.2384941	0.0248378518265
5228.55265337	0.0248378341024
5228.86681264	0.0248378073998
5229.1809719	0.0248378284065
5229.49513117	0.024837860503
5229.80929043	0.0248378235929
5230.1234497	0.0248377889713
5230.43760896	0.0248378081694
5230.75176823	0.0248377864271
5231.06592749	0.0248377254264
5231.38008676	0.0248377095763
5231.69424602	0.0248376915068
5232.00840529	0.0248376256739
5232.32256455	0.0248375781803
5232.63672382	0.0248375395732
5232.95088308	0.0248374780391
5233.26504235	0.0248374722991
5233.57920162	0.0248375281496
5233.89336088	0.024837562051
5234.20752015	0.0248375746468
5234.52167941	0.0248376075474
5234.83583868	0.0248376380887
5235.14999794	0.024837664829
5235.46415721	0.0248376584607
5235.77831647	0.0248376575191
5236.09247574	0.0248376954916
5236.406635	0.0248376916148
5236.72079427	0.0248376428765
5237.03495353	0.0248376701723
5237.3491128	0.0248376976784
5237.66327207	0.0248376493744
5237.97743133	0.024837606458
5238.2915906	0.024837594492
5238.60574986	0.0248376127808
5238.91990913	0.024837591894
5239.23406839	0.0248375165416
5239.54822766	0.0248374726269
5239.86238692	0.0248374377575
5240.17654619	0.0248373517322
5240.49070545	0.0248373393429
5240.80486472	0.0248374002305
5241.11902398	0.0248374347879
5241.43318325	0.0248374279069
5241.74734251	0.024837433782
5242.06150178	0.0248374735547
5242.37566105	0.0248374945491
5242.68982031	0.0248375154
5243.00397958	0.0248375446175
5243.31813884	0.024837539676
5243.63229811	0.0248375282221
5243.94645737	0.0248375615971
5244.26061664	0.0248375717841
5244.5747759	0.0248375316436
5244.88893517	0.024837503085
5245.20309443	0.0248375313412
5245.5172537	0.0248375363677
5245.83141296	0.0248375033689
5246.14557223	0.0248374526737
5246.4597315	0.0248374394355
5246.77389076	0.0248373805987
5247.08805003	0.024837286078
5247.40220929	0.0248372158975
5247.71636856	0.0248371842488
5248.03052782	0.0248372234789
5248.34468709	0.0248372675579
5248.65884635	0.0248372702089
5248.97300562	0.0248372869934
5249.28716488	0.0248373332542
5249.60132415	0.0248373655665
5249.91548341	0.024837387207
5250.22964268	0.0248374070641
5250.54380195	0.0248374038008
5250.85796121	0.0248374143016
5251.17212048	0.024837409615
5251.48627974	0.0248373975219
5251.80043901	0.0248374064467
5252.11459827	0.0248374199811
5252.42875754	0.0248374353778
5252.7429168	0.0248373866355
5253.05707607	0.0248373337746
5253.37123533	0.0248373324528
5253.6853946	0.0248372787369
5253.99955386	0.0248371724333
5254.31371313	0.0248371154085
5254.62787239	0.0248370550371
5254.94203166	0.0248370056379
5255.25619093	0.024837033774
5255.57035019	0.0248370957165
5255.88450946	0.024837135044
5256.19866872	0.0248371541521
5256.51282799	0.0248371730173
5256.82698725	0.0248371964299
5257.14114652	0.0248372386069
5257.45530578	0.0248372563827
5257.76946505	0.024837267927
5258.08362431	0.0248372636007
5258.39778358	0.0248372469927
5258.71194284	0.0248372567189
5259.02610211	0.0248372841801
5259.34026138	0.0248372934825
5259.65442064	0.0248372293694
5259.96857991	0.0248371768666
5260.28273917	0.0248371973655
5260.59689844	0.0248371539532
5260.9110577	0.0248370780147
5261.22521697	0.0248370295885
5261.53937623	0.0248369860847
5261.8535355	0.024836893968
5262.16769476	0.0248368538218
5262.48185403	0.0248369257591
5262.79601329	0.0248369879154
5263.11017256	0.0248369966069
5263.42433182	0.0248370259373
5263.73849109	0.0248370501826
5264.05265036	0.0248370646374
5264.36680962	0.0248370863589
5264.68096889	0.0248370942833
5264.99512815	0.0248370977766
5265.30928742	0.0248370967899
5265.62344668	0.0248370850972
5265.93760595	0.0248370927839
5266.25176521	0.0248370997019
5266.56592448	0.0248370788213
5266.88008374	0.0248370564812
5267.19424301	0.0248370486836
5267.50840227	0.0248370218915
5267.82256154	0.0248369798101
5268.13672081	0.0248369324739
5268.45088007	0.0248368754973
5268.76503934	0.0248368462358
5269.0791986	0.0248367722953
5269.39335787	0.0248367146498
5269.70751713	0.0248367780466
5270.0216764	0.0248368490583
5270.33583566	0.0248368596546
5270.64999493	0.0248368517669
5270.96415419	0.0248368744355
5271.27831346	0.0248369111213
5271.59247272	0.0248369321942
5271.90663199	0.0248369489854
5272.22079125	0.024836940623
5272.53495052	0.02483690498
5272.84910979	0.0248369091802
5273.16326905	0.0248369513578
5273.47742832	0.0248369364444
5273.79158758	0.0248368879198
5274.10574685	0.0248368935835
5274.41990611	0.0248368916328
5274.73406538	0.0248368365604
5275.04822464	0.0248368042995
5275.36238391	0.0248367865226
5275.67654317	0.0248367183597
5275.99070244	0.0248366730353
5276.3048617	0.0248366283368
5276.61902097	0.0248365784849
5276.93318024	0.0248365847126
5277.2473395	0.0248366294001
5277.56149877	0.0248366570118
5277.87565803	0.0248366761209
5278.1898173	0.024836711901
5278.50397656	0.0248367419438
5278.81813583	0.0248367685072
5279.13229509	0.0248367658898
5279.44645436	0.0248367547889
5279.76061362	0.0248367853306
5280.07477289	0.024836799857
5280.38893215	0.0248367529591
5280.70309142	0.0248367523761
5281.01725068	0.0248367942363
5281.33140995	0.0248367544022
5281.64556922	0.0248367057622
5281.95972848	0.0248366869918
5282.27388775	0.0248366957635
5282.58804701	0.0248366883446
5282.90220628	0.0248366101499
5283.21636554	0.0248365645651
5283.53052481	0.0248365285654
5283.84468407	0.024836444249
5284.15884334	0.0248364387622
5284.4730026	0.0248365036896
5284.78716187	0.0248365403928
5285.10132113	0.0248365374286
5285.4154804	0.0248365400837
5285.72963967	0.0248365820338
5286.04379893	0.0248365991242
5286.3579582	0.0248366043525
5286.67211746	0.0248366433021
5286.98627673	0.024836658852
5287.30043599	0.0248366243059
5287.61459526	0.0248366325277
5287.92875452	0.024836677161
5288.24291379	0.0248366418205
5288.55707305	0.0248365943943
5288.87123232	0.0248366042526
5289.18539158	0.0248366263748
5289.49955085	0.0248366085158
5289.81371011	0.0248365579916
5290.12786938	0.024836523781
5290.44202865	0.0248364860512
5290.75618791	0.0248364091268
5291.07034718	0.0248363214056
5291.38450644	0.0248362925551
5291.69866571	0.0248363379966
5292.01282497	0.0248363815847
5292.32698424	0.0248363754854
5292.6411435	0.0248363853348
5292.95530277	0.0248364339859
5293.26946203	0.0248364704327
5293.5836213	0.0248364878318
5293.89778056	0.0248365036086
5294.21193983	0.0248365111528
5294.5260991	0.0248365165483
5294.84025836	0.0248365172073
5295.15441763	0.0248365014495
5295.46857689	0.0248365029669
5295.78273616	0.0248365134639
5296.09689542	0.0248365308368
5296.41105469	0.0248364955723
5296.72521395	0.0248364372778
5297.03937322	0.0248364359567
5297.35353248	0.0248363917353
5297.66769175	0.0248362817494
5297.98185101	0.0248362137603
5298.29601028	0.0248361567362
5298.61016954	0.0248361118236
5298.92432881	0.0248361463596
5299.23848808	0.0248361997265
5299.55264734	0.0248362372819
5299.86680661	0.0248362564538
5300.18096587	0.0248362885256
5300.49512514	0.024836312426
5300.8092844	0.0248363352442
5301.12344367	0.0248363705805
5301.43760293	0.0248363703073
5301.7517622	0.0248363791513
5302.06592146	0.0248363621556
5302.38008073	0.0248363600237
5302.69423999	0.0248363904582
5303.00839926	0.0248364081294
5303.32255853	0.024836366781
5303.63671779	0.0248362872598
5303.95087706	0.024836300474
5304.26503632	0.0248362801475
5304.57919559	0.0248361921499
5304.89335485	0.0248361319336
5305.20751412	0.0248360969095
5305.52167338	0.0248360119439
5305.83583265	0.0248359640087
5306.14999191	0.0248360261555
5306.46415118	0.0248360983169
5306.77831044	0.0248361107658
5307.09246971	0.0248361149154
5307.40662898	0.0248361575005
5307.72078824	0.0248361830987
5308.03494751	0.0248361966086
5308.34910677	0.024836210285
5308.66326604	0.0248362097108
5308.9774253	0.02483620823
5309.29158457	0.0248361994229
5309.60574383	0.0248362130695
5309.9199031	0.0248362266248
5310.23406236	0.0248361934234
5310.54822163	0.0248361620756
5310.86238089	0.0248361615734
5311.17654016	0.0248361398638
5311.49069942	0.0248360875054
5311.80485869	0.0248360382812
5312.11901796	0.0248359850178
5312.43317722	0.024835945301
5312.74733649	0.0248358815076
5313.06149575	0.0248358293328
5313.37565502	0.0248358822908
5313.68981428	0.024835966422
5314.00397355	0.0248359836866
5314.31813281	0.0248359725588
5314.63229208	0.0248359853073
5314.94645134	0.0248360222857
5315.26061061	0.0248360442687
5315.57476987	0.0248360567464
5315.88892914	0.0248360548178
5316.20308841	0.0248360234259
5316.51724767	0.0248360117347
5316.83140694	0.0248360527149
5317.1455662	0.0248360599355
5317.45972547	0.0248360077051
5317.77388473	0.024835994926
5318.088044	0.0248360031421
5318.40220326	0.0248359668001
5318.71636253	0.0248359205766
5319.03052179	0.0248358896377
5319.34468106	0.0248358353164
5319.65884032	0.0248357830623
5319.97299959	0.0248357336684
5320.28715885	0.0248356952602
5320.60131812	0.024835717511
5320.91547739	0.0248357593453
5321.22963665	0.0248357810299
5321.54379592	0.0248357974004
5321.85795518	0.0248358291927
5322.17211445	0.0248358630285
5322.48627371	0.024835888821
5322.80043298	0.0248358949505
5323.11459224	0.0248358730583
5323.42875151	0.0248358850007
5323.74291077	0.0248359208131
5324.05707004	0.0248358862441
5324.3712293	0.0248358532126
5324.68538857	0.0248358896443
5324.99954784	0.0248358751238
5325.3137071	0.0248358187848
5325.62786637	0.0248357977501
5325.94202563	0.0248357908368
5326.2561849	0.0248357837273
5326.57034416	0.0248357123656
5326.88450343	0.0248356647709
5327.19866269	0.0248356244319
5327.51282196	0.0248355484585
5327.82698122	0.024835547074
5328.14114049	0.0248356126701
5328.45529975	0.0248356509163
5328.76945902	0.0248356534044
5329.08361828	0.0248356625589
5329.39777755	0.0248356990594
5329.71193682	0.0248357195711
5330.02609608	0.0248357165266
5330.34025535	0.0248357465602
5330.65441461	0.0248357720732
5330.96857388	0.0248357467673
5331.28273314	0.0248357325539
5331.59689241	0.024835777395
5331.91105167	0.0248357620558
5332.22521094	0.0248357023394
5332.5393702	0.0248356896579
5332.85352947	0.0248357190783
5333.16768873	0.024835713712
5333.481848	0.0248356634322
5333.79600727	0.0248356161368
5334.11016653	0.0248355851685
5334.4243258	0.0248355265203
5334.73848506	0.0248354377577
5335.05264433	0.0248354114735
5335.36680359	0.0248354620824
5335.68096286	0.0248355058721
5335.99512212	0.0248354959354
5336.30928139	0.0248355005397
5336.62344065	0.0248355503666
5336.93759992	0.0248355856032
5337.25175918	0.0248355975516
5337.56591845	0.0248356185989
5337.88007771	0.0248356335974
5338.19423698	0.0248356308184
5338.50839625	0.0248356393108
5338.82255551	0.0248356232254
5339.13671478	0.0248356131872
5339.45087404	0.0248356196047
5339.76503331	0.0248356363802
5340.07919257	0.0248356172394
5340.39335184	0.024835555899
5340.7075111	0.0248355467342
5341.02167037	0.0248355165099
5341.33582963	0.0248354062687
5341.6499889	0.0248353322223
5341.96414816	0.0248352772243
5342.27830743	0.0248352386334
5342.5924667	0.0248352759338
5342.90662596	0.0248353264641
5343.22078523	0.0248353529611
5343.53494449	0.0248353770785
5343.84910376	0.0248354100307
5344.16326302	0.0248354435099
5344.47742229	0.0248354613683
5344.79158155	0.0248354801364
5345.10574082	0.024835486528
5345.41990008	0.0248354948532
5345.73405935	0.0248354935615
5346.04821861	0.0248354815668
5346.36237788	0.024835498473
5346.67653714	0.024835522832
5346.99069641	0.0248355050482
5347.30485568	0.0248354195358
5347.61901494	0.0248354101709
5347.93317421	0.0248354060807
5348.24733347	0.0248353194812
5348.56149274	0.0248352508591
5348.875652	0.0248352087041
5349.18981127	0.0248351287103
5349.50397053	0.0248350852434
5349.8181298	0.0248351392459
5350.13228906	0.0248352117114
5350.44644833	0.0248352304458
5350.76060759	0.0248352256276
5351.07476686	0.0248352647323
5351.38892613	0.0248353086541
5351.70308539	0.024835317181
5352.01724466	0.0248353380261
5352.33140392	0.024835336269
5352.64556319	0.0248353298838
5352.95972245	0.0248353260954
5353.27388172	0.0248353388199
5353.58804098	0.0248353648805
5353.90220025	0.024835331224
5354.21635951	0.0248352785132
5354.53051878	0.0248352810374
5354.84467804	0.0248352650615
5355.15883731	0.0248352099442
5355.47299657	0.0248351517475
5355.78715584	0.0248351115509
5356.10131511	0.0248350535678
5356.41547437	0.0248349894299
5356.72963364	0.0248349597565
5357.0437929	0.02483500304
5357.35795217	0.0248350837324
5357.67211143	0.0248351137895
5357.9862707	0.0248351069631
5358.30042996	0.0248351140081
5358.61458923	0.024835142359
5358.92874849	0.0248351687006
5359.24290776	0.0248351768933
5359.55706702	0.0248351738188
5359.87122629	0.0248351540074
5360.18538556	0.0248351399337
5360.49954482	0.024835165639
5360.81370409	0.024835184786
5361.12786335	0.0248351456307
5361.44202262	0.0248351192932
5361.75618188	0.0248351193002
5362.07034115	0.0248350929146
5362.38450041	0.0248350502489
5362.69865968	0.0248350097177
5363.01281894	0.0248349554036
5363.32697821	0.0248349002667
5363.64113747	0.0248348434949
5363.95529674	0.0248348143564
5364.26945601	0.0248348540958
5364.58361527	0.0248348994641
5364.89777454	0.0248349085246
5365.2119338	0.0248349206269
5365.52609307	0.0248349560915
5365.84025233	0.0248349945006
5366.1544116	0.0248350167922
5366.46857086	0.0248350252662
5366.78273013	0.0248350060905
5367.09688939	0.0248349982373
5367.41104866	0.0248350366822
5367.72520792	0.0248350347466
5368.03936719	0.024834977647
5368.35352645	0.0248349918899
5368.66768572	0.0248350040775
5368.98184499	0.0248349464174
5369.29600425	0.0248349118823
5369.61016352	0.0248349050382
5369.92432278	0.0248348846979
5370.23848205	0.0248348177366
5370.55264131	0.0248347764918
5370.86680058	0.0248347341275
5371.18095984	0.0248346618263
5371.49511911	0.0248346691996
5371.80927837	0.0248347334584
5372.12343764	0.0248347647148
5372.4375969	0.0248347755417
5372.75175617	0.024834797454
5373.06591544	0.0248348323063
5373.3800747	0.024834853635
5373.69423397	0.0248348446827
5374.00839323	0.0248348644852
5374.3225525	0.0248348998027
5374.63671176	0.0248348706371
5374.95087103	0.0248348510521
5375.26503029	0.0248348947939
5375.57918956	0.0248348905238
5375.89334882	0.0248348298996
5376.20750809	0.0248348058806
5376.52166735	0.0248348210331
5376.83582662	0.0248348297137
5377.14998588	0.0248347833972
5377.46414515	0.0248347192782
5377.77830442	0.0248346912644
5378.09246368	0.024834641146
5378.40662295	0.0248345542207
5378.72078221	0.024834545665
5379.03494148	0.0248346055964
5379.34910074	0.0248346361764
5379.66326001	0.0248346232502
5379.97741927	0.0248346367512
5380.29157854	0.0248346791954
5380.6057378	0.0248347094856
5380.91989707	0.0248347268159
5381.23405633	0.0248347395676
5381.5482156	0.0248347441115
5381.86237487	0.0248347596651
5382.17653413	0.0248347715004
5382.4906934	0.0248347547869
5382.80485266	0.0248347274176
5383.11901193	0.0248347330018
5383.43317119	0.0248347523042
5383.74733046	0.024834741609
5384.06148972	0.0248346888989
5384.37564899	0.0248346640952
5384.68980825	0.0248346500521
5385.00396752	0.0248345419055
5385.31812678	0.0248344643259
5385.63228605	0.0248344122433
5385.94644531	0.0248343834678
5386.26060458	0.0248344228131
5386.57476385	0.0248344684708
5386.88892311	0.0248344806148
5387.20308238	0.024834508459
5387.51724164	0.0248345443848
5387.83140091	0.0248345745666
5388.14556017	0.024834597614
5388.45971944	0.024834606977
5388.7738787	0.0248346179163
5389.08803797	0.0248346192762
5389.40219723	0.0248346198869
5389.7163565	0.0248346152048
5390.03051576	0.024834622654
5390.34467503	0.0248346458466
5390.6588343	0.0248346443042
5390.97299356	0.0248345733973
5391.28715283	0.0248345415429
5391.60131209	0.0248345407607
5391.91547136	0.0248344624643
5392.22963062	0.0248343733906
5392.54378989	0.0248343306402
5392.85794915	0.0248342601277
5393.17210842	0.0248342167436
5393.48626768	0.0248342663022
5393.80042695	0.0248343334216
5394.11458621	0.0248343609498
5394.42874548	0.0248343702428
5394.74290474	0.0248343832272
5395.05706401	0.0248344301474
5395.37122328	0.0248344613987
5395.68538254	0.0248344744797
5395.99954181	0.0248344800692
5396.31370107	0.0248344661345
5396.62786034	0.0248344628757
5396.9420196	0.0248344769992
5397.25617887	0.0248345058653
5397.57033813	0.0248344883434
5397.8844974	0.0248344090451
5398.19865666	0.0248344106705
5398.51281593	0.024834407801
5398.82697519	0.0248343477106
5399.14113446	0.0248342829236
5399.45529373	0.0248342433314
5399.76945299	0.0248341872165
5400.08361226	0.0248340967504
5400.39777152	0.0248340933661
5400.71193079	0.0248341578052
5401.02609005	0.0248342069504
5401.34024932	0.0248342454473
5401.65440858	0.0248342536646
5401.96856785	0.0248342595097
5402.28272711	0.024834287054
5402.59688638	0.0248343072444
5402.91104564	0.0248343151958
5403.22520491	0.0248343177158
5403.53936417	0.0248343028776
5403.85352344	0.02483429086
5404.16768271	0.0248343047935
5404.48184197	0.0248343204712
5404.79600124	0.0248342933484
5405.1101605	0.0248342682574
5405.42431977	0.0248342620722
5405.73847903	0.0248342319118
5406.0526383	0.0248341924582
5406.36679756	0.0248341402353
5406.68095683	0.0248340956269
5406.99511609	0.0248340487807
5407.30927536	0.024833962421
5407.62343462	0.0248339511042
5407.93759389	0.0248340145984
5408.25175316	0.0248340616347
5408.56591242	0.0248340627639
5408.88007169	0.024834067057
5409.19423095	0.0248341080852
5409.50839022	0.0248341416454
5409.82254948	0.0248341617612
5410.13670875	0.0248341759411
5410.45086801	0.0248341510157
5410.76502728	0.0248341332114
5411.07918654	0.0248341682368
5411.39334581	0.0248341827564
5411.70750507	0.0248341325595
5412.02166434	0.0248341191168
5412.3358236	0.0248341388949
5412.64998287	0.0248340963753
5412.96414214	0.0248340435515
5413.2783014	0.0248340374923
5413.59246067	0.0248340056264
5413.90661993	0.0248339396751
5414.2207792	0.0248338989161
5414.53493846	0.0248338545698
5414.84909773	0.0248338007553
5415.16325699	0.0248338153159
5415.47741626	0.0248338716969
5415.79157552	0.0248338991803
5416.10573479	0.0248339146671
5416.41989405	0.0248339460873
5416.73405332	0.0248339805228
5417.04821259	0.0248340008071
5417.36237185	0.0248339916312
5417.67653112	0.0248340033745
5417.99069038	0.0248340367036
5418.30484965	0.0248340138852
5418.61900891	0.0248339798491
5418.93316818	0.024834020642
5419.24732744	0.0248340251496
5419.56148671	0.0248339741255
5419.87564597	0.0248339391667
5420.18980524	0.0248339382772
5420.5039645	0.0248339543699
5420.81812377	0.0248339161191
5421.13228303	0.0248338403788
5421.4464423	0.0248338119516
5421.76060157	0.0248337588587
5422.07476083	0.024833678359
5422.3889201	0.0248336978235
5422.70307936	0.0248337621042
5423.01723863	0.0248337824943
5423.33139789	0.0248337694239
5423.64555716	0.0248337886994
5423.95971642	0.0248338291247
5424.27387569	0.0248338430981
5424.58803495	0.0248338697218
5424.90219422	0.0248338953071
5425.21635348	0.0248338800855
5425.53051275	0.0248338759279
5425.84467202	0.0248339172953
5426.15883128	0.0248339109323
5426.47299055	0.0248338629487
5426.78714981	0.0248338568521
5427.10130908	0.0248338867948
5427.41546834	0.0248338782418
5427.72962761	0.0248338395822
5428.04378687	0.0248337975184
5428.35794614	0.024833781767
5428.6721054	0.0248337024739
5428.98626467	0.0248336136261
5429.30042393	0.0248335505939
5429.6145832	0.0248335404047
5429.92874247	0.024833594613
5430.24290173	0.0248336256989
5430.557061	0.0248336223125
5430.87122026	0.0248336527061
5431.18537953	0.0248336995375
5431.49953879	0.0248337257475
5431.81369806	0.0248337435099
5432.12785732	0.0248337574017
5432.44201659	0.0248337603565
5432.75617585	0.024833768416
5433.07033512	0.0248337582064
5433.38449438	0.0248337539442
5433.69865365	0.0248337662771
5434.01281291	0.0248337835997
5434.32697218	0.0248337857689
5434.64113145	0.0248337242556
5434.95529071	0.0248336912279
5435.26944998	0.0248336835161
5435.58360924	0.0248336057799
5435.89776851	0.0248335076646
5436.21192777	0.0248334590404
5436.52608704	0.0248333899483
5436.8402463	0.0248333656644
5437.15440557	0.0248334158631
5437.46856483	0.0248334745449
5437.7827241	0.0248334996954
5438.09688336	0.0248335172897
5438.41104263	0.0248335380409
5438.7252019	0.0248335690264
5439.03936116	0.0248336130435
5439.35352043	0.0248336200004
5439.66767969	0.0248336333875
5439.98183896	0.0248336217177
5440.29599822	0.0248336124693
5440.61015749	0.024833630149
5440.92431675	0.0248336564328
5441.23847602	0.0248336533553
5441.55263528	0.0248335667891
5441.86679455	0.0248335467479
5442.18095381	0.0248335648111
5442.49511308	0.0248334971016
5442.80927234	0.0248334191269
5443.12343161	0.024833385853
5443.43759088	0.0248333256035
5443.75175014	0.0248332332855
5444.06590941	0.0248332400515
5444.38006867	0.0248333220981
5444.69422794	0.0248333624299
5445.0083872	0.024833370923
5445.32254647	0.0248334056506
5445.63670573	0.0248334288361
5445.950865	0.0248334418982
5446.26502426	0.0248334631136
5446.57918353	0.024833469366
5446.89334279	0.0248334707322
5447.20750206	0.0248334623828
5447.52166133	0.0248334587632
5447.83582059	0.0248334726318
5448.14997986	0.024833470301
5448.46413912	0.0248334435359
5448.77829839	0.0248334258029
5449.09245765	0.0248334184397
5449.40661692	0.0248333838497
5449.72077618	0.0248333371778
5450.03493545	0.0248332836075
5450.34909471	0.0248332403097
5450.66325398	0.0248331982917
5450.97741324	0.0248331071881
5451.29157251	0.0248331017128
5451.60573177	0.0248331892743
5451.91989104	0.0248332356253
5452.23405031	0.0248332316016
5452.54820957	0.0248332318038
5452.86236884	0.0248332690926
5453.1765281	0.024833299987
5453.49068737	0.0248333169893
5453.80484663	0.0248333293147
5454.1190059	0.0248333038499
5454.43316516	0.0248332767886
5454.74732443	0.0248333059105
5455.06148369	0.0248333358671
5455.37564296	0.0248332965583
5455.68980222	0.0248332604191
5456.00396149	0.0248332777873
5456.31812076	0.0248332600568
5456.63228002	0.0248331980259
5456.94643929	0.0248331761128
5457.26059855	0.0248331423613
5457.57475782	0.0248330767663
5457.88891708	0.0248330354764
5458.20307635	0.0248329826886
5458.51723561	0.0248329568104
5458.83139488	0.0248329894061
5459.14555414	0.0248330317444
5459.45971341	0.0248330487933
5459.77387267	0.0248330701694
5460.08803194	0.0248331105632
5460.4021912	0.0248331408176
5460.71635047	0.0248331608131
5461.03050974	0.0248331447561
5461.344669	0.0248331475771
5461.65882827	0.0248331887057
5461.97298753	0.0248331710072
5462.2871468	0.0248331268315
5462.60130606	0.0248331607826
5462.91546533	0.0248331723821
5463.22962459	0.0248331186401
5463.54378386	0.0248330852331
5463.85794312	0.0248330706542
5464.17210239	0.0248330869554
5464.48626165	0.0248330474168
5464.80042092	0.0248329647614
5465.11458019	0.0248329443606
5465.42873945	0.0248328802275
5465.74289872	0.0248328154559
5466.05705798	0.0248328577183
5466.37121725	0.0248329221224
5466.68537651	0.0248329335564
5466.99953578	0.0248329293899
5467.31369504	0.024832952005
5467.62785431	0.0248329910319
5467.94201357	0.0248329934978
5468.25617284	0.0248330113259
5468.5703321	0.0248330501354
5468.88449137	0.0248330420674
5469.19865063	0.0248330125986
5469.5128099	0.0248330512507
5469.82696917	0.0248330666455
5470.14112843	0.0248330121591
5470.4552877	0.0248329876547
5470.76944696	0.0248330108223
5471.08360623	0.0248330163116
5471.39776549	0.0248329863394
5471.71192476	0.0248329366647
5472.02608402	0.0248329058965
5472.34024329	0.0248328575241
5472.65440255	0.0248327677766
5472.96856182	0.0248326970158
5473.28272108	0.0248327093659
5473.59688035	0.0248327715437
5473.91103962	0.0248327887512
5474.22519888	0.0248327740092
5474.53935815	0.0248328075089
5474.85351741	0.0248328571557
5475.16767668	0.0248328791773
5475.48183594	0.0248328969495
5475.79599521	0.0248329146494
5476.11015447	0.0248329132266
5476.42431374	0.0248329233528
5476.738473	0.0248329152723
5477.05263227	0.0248329023186
5477.36679153	0.024832907094
5477.6809508	0.0248329264974
5477.99511006	0.0248329285267
5478.30926933	0.0248328739672
5478.6234286	0.0248328383768
5478.93758786	0.0248328350501
5479.25174713	0.0248327513411
5479.56590639	0.0248326490737
5479.88006566	0.0248325949328
5480.19422492	0.0248325342176
5480.50838419	0.0248325332004
5480.82254345	0.0248325887569
5481.13670272	0.0248326275183
5481.45086198	0.024832655656
5481.76502125	0.0248326806291
5482.07918051	0.0248327146567
5482.39333978	0.0248327327318
5482.70749905	0.0248327601995
5483.02165831	0.0248327808556
5483.33581758	0.0248327841204
5483.64997684	0.0248327873158
5483.96413611	0.0248327707067
5484.27829537	0.0248327843055
5484.59245464	0.0248328126598
5484.9066139	0.0248328173672
5485.22077317	0.0248327404337
5485.53493243	0.0248326970773
5485.8490917	0.0248327214946
5486.16325096	0.0248326553433
5486.47741023	0.0248325720948
5486.7915695	0.024832530205
5487.10572876	0.024832469051
5487.41988803	0.0248323901991
5487.73404729	0.0248324011321
5488.04820656	0.0248324881663
5488.36236582	0.0248325265344
5488.67652509	0.0248325218743
5488.99068435	0.0248325523593
5489.30484362	0.0248325935405
5489.61900288	0.0248326070399
5489.93316215	0.0248326267548
5490.24732141	0.024832633789
5490.56148068	0.0248326314237
5490.87563994	0.0248326238802
5491.18979921	0.0248326267198
5491.50395848	0.0248326537388
5491.81811774	0.0248326428573
5492.13227701	0.024832596412
5492.44643627	0.0248325823134
5492.76059554	0.0248325806791
5493.0747548	0.0248325411783
5493.38891407	0.0248324816428
5493.70307333	0.0248324320878
5494.0172326	0.0248323846241
5494.33139186	0.0248323360184
5494.64555113	0.0248322664412
5494.95971039	0.0248322673233
5495.27386966	0.0248323587881
5495.58802893	0.0248324106398
5495.90218819	0.0248324068179
5496.21634746	0.0248324027563
5496.53050672	0.0248324302408
5496.84466599	0.024832464656
5497.15882525	0.0248324773092
5497.47298452	0.0248324834457
5497.78714378	0.0248324667684
5498.10130305	0.0248324375529
5498.41546231	0.0248324561202
5498.72962158	0.0248324937723
5499.04378084	0.0248324624019
5499.35794011	0.0248324211566
5499.67209937	0.0248324254189
5499.98625864	0.0248324167469
5500.30041791	0.0248323686873
5500.61457717	0.0248323317276
5500.92873644	0.0248322831379
5501.2428957	0.0248322261457
5501.55705497	0.0248321770796
5501.87121423	0.0248321227356
5502.1853735	0.024832129514
5502.49953276	0.0248321786856
5502.81369203	0.0248322036641
5503.12785129	0.024832212383
5503.44201056	0.0248322434355
5503.75616982	0.0248322842939
5504.07032909	0.0248323083454
5504.38448836	0.0248323280027
5504.69864762	0.024832319022
5505.01280689	0.0248323016746
5505.32696615	0.0248323341415
5505.64112542	0.0248323489307
5505.95528468	0.024832293136
5506.26944395	0.0248322962988
5506.58360321	0.0248323217733
5506.89776248	0.0248322739884
5507.21192174	0.0248322336684
5507.52608101	0.0248322184009
5507.84024027	0.0248322171696
5508.15439954	0.0248321702294
5508.4685588	0.0248321027602
5508.78271807	0.0248320795765
5509.09687734	0.0248320046309
5509.4110366	0.0248319666828
5509.72519587	0.024832022341
5510.03935513	0.0248320745709
5510.3535144	0.024832085858
5510.66767366	0.0248320981848
5510.98183293	0.0248321261842
5511.29599219	0.0248321610615
5511.61015146	0.0248321579363
5511.92431072	0.024832166765
5512.23846999	0.0248322075775
5512.55262925	0.0248322025355
5512.86678852	0.0248321674947
5513.18094779	0.0248321953842
5513.49510705	0.0248322200677
5513.80926632	0.0248321659407
5514.12342558	0.0248321329308
5514.43758485	0.0248321383032
5514.75174411	0.0248321551528
5515.06590338	0.0248321287048
5515.38006264	0.0248320675107
5515.69422191	0.0248320292884
5516.00838117	0.0248319965971
5516.32254044	0.0248319104548
5516.6366997	0.0248318540263
5516.95085897	0.0248318921372
5517.26501823	0.024831944632
5517.5791775	0.024831948278
5517.89333677	0.0248319414153
5518.20749603	0.0248319760995
5518.5216553	0.0248320217858
5518.83581456	0.0248320400981
5519.14997383	0.0248320515381
5519.46413309	0.0248320658952
5519.77829236	0.0248320782912
5520.09245162	0.0248320812522
5520.40661089	0.0248320768248
5520.72077015	0.02483205755
5521.03492942	0.0248320530498
5521.34908868	0.0248320708211
5521.66324795	0.0248320763041
5521.97740722	0.0248320312719
5522.29156648	0.0248319885189
5522.60572575	0.0248319897396
5522.91988501	0.0248319020099
5523.23404428	0.02483180394
5523.54820354	0.0248317514692
5523.86236281	0.0248317020914
5524.17652207	0.0248317143395
5524.49068134	0.0248317718256
5524.8048406	0.0248317966769
5525.11899987	0.0248318177867
5525.43315913	0.0248318497621
5525.7473184	0.0248318834579
5526.06147766	0.024831908808
5526.37563693	0.0248319253531
5526.6897962	0.0248319397154
5527.00395546	0.0248319405683
5527.31811473	0.0248319480314
5527.63227399	0.0248319412316
5527.94643326	0.0248319430877
5528.26059252	0.0248319641404
5528.57475179	0.0248319810194
5528.88891105	0.0248319213407
5529.20307032	0.0248318641142
5529.51722958	0.0248318762104
5529.83138885	0.0248318208116
5530.14554811	0.0248317252183
5530.45970738	0.0248316809901
5530.77386665	0.0248316190627
5531.08802591	0.0248315463526
5531.40218518	0.0248315703419
5531.71634444	0.024831644965
5532.03050371	0.0248316868852
5532.34466297	0.0248316941173
5532.65882224	0.0248316987363
5532.9729815	0.0248317505177
5533.28714077	0.0248317845937
5533.60130003	0.0248317924745
5533.9154593	0.0248318083576
5534.22961856	0.0248317992462
5534.54377783	0.02483178917
5534.85793709	0.0248317966365
5535.17209636	0.0248318272501
5535.48625563	0.0248318280894
5535.80041489	0.0248317616673
5536.11457416	0.0248317389073
5536.42873342	0.0248317451203
5536.74289269	0.0248317009157
5537.05705195	0.0248316326565
5537.37121122	0.0248315845724
5537.68537048	0.0248315428948
5537.99952975	0.0248314586897
5538.31368901	0.0248314192357
5538.62784828	0.0248314578318
5538.94200754	0.0248315227619
5539.25616681	0.0248315746032
5539.57032608	0.0248315825868
5539.88448534	0.0248315826049
5540.19864461	0.0248316055108
5540.51280387	0.0248316329402
5540.82696314	0.0248316474634
5541.1411224	0.0248316510949
5541.45528167	0.0248316331861
5541.76944093	0.0248316141949
5542.0836002	0.0248316291097
5542.39775946	0.0248316570992
5542.71191873	0.0248316326523
5543.02607799	0.0248315988617
5543.34023726	0.0248315970823
5543.65439652	0.0248315765741
5543.96855579	0.0248315382031
5544.28271506	0.0248314892631
5544.59687432	0.0248314398163
5544.91103359	0.0248313954979
5545.22519285	0.0248313177324
5545.53935212	0.0248312780919
5545.85351138	0.0248313167299
5546.16767065	0.0248313751452
5546.48182991	0.0248313895993
5546.79598918	0.0248313911245
5547.11014844	0.0248314261904
5547.42430771	0.0248314634824
5547.73846697	0.0248314885983
5548.05262624	0.0248315076272
5548.36678551	0.0248314942225
5548.68094477	0.0248314708081
5548.99510404	0.024831494891
5549.3092633	0.0248315231755
5549.62342257	0.0248314782567
5549.93758183	0.0248314535973
5550.2517411	0.0248314789843
5550.56590036	0.0248314469076
5550.88005963	0.0248313913896
5551.19421889	0.0248313778452
5551.50837816	0.0248313618734
5551.82253742	0.0248313036011
5552.13669669	0.0248312489283
5552.45085596	0.0248312179055
5552.76501522	0.0248311536199
5553.07917449	0.0248311400186
5553.39333375	0.0248311961061
5553.70749302	0.024831235847
5554.02165228	0.0248312491216
5554.33581155	0.0248312771514
5554.64997081	0.0248313106687
5554.96413008	0.0248313391347
5555.27828934	0.0248313363867
5555.59244861	0.0248313387206
5555.90660787	0.024831374034
5556.22076714	0.0248313694792
5556.5349264	0.0248313271883
5556.84908567	0.024831356736
5557.16324494	0.0248313789577
5557.4774042	0.0248313328443
5557.79156347	0.0248312943041
5558.10572273	0.0248312848356
5558.419882	0.0248313038476
5558.73404126	0.0248312835901
5559.04820053	0.0248312089108
5559.36235979	0.0248311680326
5559.67651906	0.0248311360725
5559.99067832	0.024831046193
5560.30483759	0.0248310270316
5560.61899685	0.0248310860256
5560.93315612	0.0248311272838
5561.24731539	0.0248311190152
5561.56147465	0.0248311222154
5561.87563392	0.0248311627998
5562.18979318	0.0248311876944
5562.50395245	0.0248312104137
5562.81811171	0.0248312335184
5563.13227098	0.0248312279393
5563.44643024	0.0248312259917
5563.76058951	0.0248312606211
5564.07474877	0.0248312614981
5564.38890804	0.0248312209121
5564.7030673	0.0248312071806
5565.01722657	0.0248312338194
5565.33138583	0.0248312327507
5565.6455451	0.0248312006511
5565.95970437	0.0248311522384
5566.27386363	0.0248311448851
5566.5880229	0.0248310706211
5566.90218216	0.0248309760057
5567.21634143	0.0248309121334
5567.53050069	0.0248308805369
5567.84465996	0.024830921465
5568.15881922	0.02483096759
5568.47297849	0.0248309710781
5568.78713775	0.0248309924291
5569.10129702	0.0248310382547
5569.41545628	0.0248310679838
5569.72961555	0.0248310870352
5570.04377482	0.0248311046156
5570.35793408	0.0248311084852
5570.67209335	0.0248311180947
5570.98625261	0.0248311124591
5571.30041188	0.0248311080272
5571.61457114	0.0248311191689
5571.92873041	0.024831134131
5572.24288967	0.0248311471805
5572.55704894	0.0248310954339
5572.8712082	0.0248310460057
5573.18536747	0.0248310431357
5573.49952673	0.0248309850107
5573.813686	0.024830882065
5574.12784526	0.024830828069
5574.44200453	0.024830762328
5574.7561638	0.0248307179217
5575.07032306	0.0248307533494
5575.38448233	0.0248308198918
5575.69864159	0.0248308519977
5576.01280086	0.0248308664781
5576.32696012	0.0248308848412
5576.64111939	0.0248309171916
5576.95527865	0.0248309610052
5577.26943792	0.0248309721388
5577.58359718	0.0248309885579
5577.89775645	0.0248309808488
5578.21191571	0.0248309673199
5578.52607498	0.0248309796804
5578.84023425	0.0248310086833
5579.15439351	0.0248310175667
5579.46855278	0.024830944007
5579.78271204	0.0248309021909
5580.09687131	0.0248309257242
5580.41103057	0.0248308734297
5580.72518984	0.024830793367
5581.0393491	0.0248307522434
5581.35350837	0.0248307043849
5581.66766763	0.0248306081742
5581.9818269	0.0248305880167
5582.29598616	0.0248306613445
5582.61014543	0.0248307134545
5582.92430469	0.0248307303465
5583.23846396	0.024830762588
5583.55262323	0.0248307806437
5583.86678249	0.0248307931551
5584.18094176	0.0248308180536
5584.49510102	0.0248308275829
5584.80926029	0.0248308293316
5585.12341955	0.0248308208704
5585.43757882	0.0248308117285
5585.75173808	0.0248308251529
5586.06589735	0.0248308338243
5586.38005661	0.0248308097324
5586.69421588	0.0248307855762
5587.00837514	0.0248307821354
5587.32253441	0.0248307540681
5587.63669368	0.0248307081251
5587.95085294	0.0248306573628
5588.26501221	0.0248306098453
5588.57917147	0.0248305729492
5588.89333074	0.0248304813516
5589.20749	0.0248304512008
5589.52164927	0.024830527736
5589.83580853	0.024830587446
5590.1499678	0.0248305889513
5590.46412706	0.0248305862188
5590.77828633	0.0248306208956
5591.09244559	0.0248306560341
5591.40660486	0.0248306756784
5591.72076412	0.0248306907681
5592.03492339	0.0248306727944
5592.34908266	0.0248306437225
5592.66324192	0.0248306637647
5592.97740119	0.0248307004015
5593.29156045	0.0248306677842
5593.60571972	0.0248306250614
5593.91987898	0.0248306460242
5594.23403825	0.0248306331369
5594.54819751	0.0248305693696
5594.86235678	0.0248305436169
5595.17651604	0.0248305206625
5595.49067531	0.024830455705
5595.80483457	0.024830409023
5596.11899384	0.0248303610425
5596.43315311	0.0248303227572
5596.74731237	0.0248303434954
5597.06147164	0.0248303905099
5597.3756309	0.0248304125938
5597.68979017	0.0248304321667
5598.00394943	0.0248304710421
5598.3181087	0.0248305023595
5598.63226796	0.024830527724
5598.94642723	0.0248305163609
5599.26058649	0.0248305148934
5599.57474576	0.0248305548428
5599.88890502	0.0248305477726
5600.20306429	0.0248305003589
5600.51722355	0.0248305264804
5600.83138282	0.0248305506713
5601.14554209	0.0248304996961
5601.45970135	0.0248304593746
5601.77386062	0.0248304438482
5602.08801988	0.0248304623759
5602.40217915	0.0248304359416
5602.71633841	0.0248303504717
5603.03049768	0.024830324137
5603.34465694	0.0248302759747
5603.65881621	0.0248301955843
5603.97297547	0.0248302171931
5604.28713474	0.0248302869795
5604.601294	0.0248303086834
5604.91545327	0.0248303033884
5605.22961254	0.0248303164626
5605.5437718	0.0248303587216
5605.85793107	0.0248303667536
5606.17209033	0.0248303789647
5606.4862496	0.0248304191998
5606.80040886	0.0248304177995
5607.11456813	0.0248303873827
5607.42872739	0.0248304204851
5607.74288666	0.0248304431113
5608.05704592	0.0248303951343
5608.37120519	0.0248303668121
5608.68536445	0.0248303855801
5608.99952372	0.0248303945686
5609.31368299	0.0248303719573
5609.62784225	0.0248303220017
5609.94200152	0.0248302922114
5610.25616078	0.0248302461404
5610.57032005	0.0248301592003
5610.88447931	0.0248300801211
5611.19863858	0.0248300760547
5611.51279784	0.0248301375476
5611.82695711	0.024830166847
5612.14111637	0.0248301521138
5612.45527564	0.0248301760888
5612.7694349	0.024830228248
5613.08359417	0.0248302545413
5613.39775343	0.0248302707381
5613.7119127	0.0248302878195
5614.02607197	0.0248302891043
5614.34023123	0.0248303010608
5614.6543905	0.0248302935974
5614.96854976	0.024830279961
5615.28270903	0.0248302878019
5615.59686829	0.0248303036701
5615.91102756	0.0248303119252
5616.22518682	0.0248302652284
5616.53934609	0.0248302205937
5616.85350535	0.0248302194632
5617.16766462	0.0248301490004
5617.48182388	0.0248300414738
5617.79598315	0.0248299863387
5618.11014242	0.0248299248743
5618.42430168	0.0248299073018
5618.73846095	0.0248299575011
5619.05262021	0.0248300023502
5619.36677948	0.0248300332296
5619.68093874	0.0248300555172
5619.99509801	0.0248300866405
5620.30925727	0.0248301056339
5620.62341654	0.0248301354592
5620.9375758	0.0248301618476
5621.25173507	0.0248301643999
5621.56589433	0.0248301702518
5621.8800536	0.0248301529152
5622.19421286	0.0248301626692
5622.50837213	0.0248301931879
5622.8225314	0.0248302045625
5623.13669066	0.0248301358797
5623.45084993	0.0248300790436
5623.76500919	0.024830106116
5624.07916846	0.0248300517963
5624.39332772	0.0248299638697
5624.70748699	0.0248299182109
5625.02164625	0.0248298659671
5625.33580552	0.0248297805241
5625.64996478	0.0248297761515
5625.96412405	0.0248298633708
5626.27828331	0.0248299084192
5626.59244258	0.0248299060971
5626.90660185	0.0248299338462
5627.22076111	0.0248299744729
5627.53492038	0.0248299896788
5627.84907964	0.0248300087477
5628.16323891	0.0248300193563
5628.47739817	0.0248300173244
5628.79155744	0.0248300099795
5629.1057167	0.0248300102583
5629.41987597	0.0248300354655
5629.73403523	0.024830033239
5630.0481945	0.0248299900874
5630.36235376	0.0248299697291
5630.67651303	0.0248299707769
5630.99067229	0.0248299365634
5631.30483156	0.0248298775434
5631.61899083	0.0248298252482
5631.93315009	0.0248297782324
5632.24730936	0.0248297357655
5632.56146862	0.0248296603112
5632.87562789	0.0248296454716
5633.18978715	0.0248297361504
5633.50394642	0.0248297968458
5633.81810568	0.0248297944783
5634.13226495	0.0248297885351
5634.44642421	0.0248298153619
5634.76058348	0.0248298520584
5635.07474274	0.0248298658211
5635.38890201	0.0248298732888
5635.70306128	0.0248298583874
5636.01722054	0.024829827856
5636.33137981	0.0248298429642
5636.64553907	0.0248298826251
5636.95969834	0.0248298566266
5637.2738576	0.0248298106834
5637.58801687	0.0248298150873
5637.90217613	0.0248298115808
5638.2163354	0.0248297622334
5638.53049466	0.024829724031
5638.84465393	0.024829678794
5639.15881319	0.0248296211759
5639.47297246	0.0248295734355
5639.78713172	0.0248295154609
5640.10129099	0.0248295144383
5640.41545026	0.0248295627753
5640.72960952	0.0248295915243
5641.04376879	0.0248296012168
5641.35792805	0.0248296312656
5641.67208732	0.0248296713602
5641.98624658	0.0248296963978
5642.30040585	0.0248297190264
5642.61456511	0.0248297132601
5642.92872438	0.0248296955019
5643.24288364	0.0248297264251
5643.55704291	0.0248297426058
5643.87120217	0.024829687496
5644.18536144	0.0248296894588
5644.49952071	0.024829718467
5644.81367997	0.0248296733555
5645.12783924	0.0248296298625
5645.4419985	0.0248296127811
5645.75615777	0.0248296158948
5646.07031703	0.0248295754677
5646.3844763	0.0248295019952
5646.69863556	0.0248294820065
5647.01279483	0.0248294115606
5647.32695409	0.0248293629745
5647.64111336	0.0248294127175
5647.95527262	0.0248294704898
5648.26943189	0.0248294845017
5648.58359115	0.0248294946227
5648.89775042	0.024829519874
5649.21190969	0.0248295571274
5649.52606895	0.0248295562574
5649.84022822	0.0248295622588
5650.15438748	0.0248296032583
5650.46854675	0.0248296033065
5650.78270601	0.0248295668677
5651.09686528	0.0248295908951
5651.41102454	0.0248296207413
5651.72518381	0.024829569452
5652.03934307	0.0248295353333
5652.35350234	0.0248295368066
5652.6676616	0.024829555457
5652.98182087	0.0248295349094
5653.29598014	0.0248294751497
5653.6101394	0.0248294345121
5653.92429867	0.0248294050318
5654.23845793	0.0248293208406
5654.5526172	0.024829254428
5654.86677646	0.02482928598
5655.18093573	0.0248293420992
5655.49509499	0.0248293516912
5655.80925426	0.0248293405371
5656.12341352	0.0248293711518
5656.43757279	0.0248294196034
5656.75173205	0.0248294400631
5657.06589132	0.0248294504691
5657.38005058	0.0248294657164
5657.69420985	0.0248294784655
5658.00836912	0.0248294809487
5658.32252838	0.0248294768643
5658.63668765	0.0248294594718
5658.95084691	0.0248294549988
5659.26500618	0.0248294715747
5659.57916544	0.0248294804722
5659.89332471	0.0248294389665
5660.20748397	0.0248293927195
5660.52164324	0.0248293948655
5660.8358025	0.0248293136091
5661.14996177	0.0248292111463
5661.46412103	0.0248291569792
5661.7782803	0.024829105071
5662.09243957	0.0248291129452
5662.40659883	0.0248291717679
5662.7207581	0.0248291984725
5663.03491736	0.0248292185478
5663.34907663	0.0248292496914
5663.66323589	0.0248292831919
5663.97739516	0.0248293097265
5664.29155442	0.024829327892
5664.60571369	0.0248293426868
5664.91987295	0.0248293448564
5665.23403222	0.0248293537461
5665.54819148	0.0248293472661
5665.86235075	0.0248293484924
5666.17651002	0.0248293689532
5666.49066928	0.0248293888193
5666.80482855	0.0248293333245
5667.11898781	0.0248292699141
5667.43314708	0.0248292833627
5667.74730634	0.0248292338027
5668.06146561	0.0248291366714
5668.37562487	0.0248290908048
5668.68978414	0.0248290303643
5669.0039434	0.024828954433
5669.31810267	0.0248289749828
5669.63226193	0.0248290502573
5669.9464212	0.0248290943877
5670.26058046	0.0248290988447
5670.57473973	0.0248291046665
5670.888899	0.0248291573821
5671.20305826	0.0248291910613
5671.51721753	0.0248291975462
5671.83137679	0.0248292171869
5672.14553606	0.0248292094838
5672.45969532	0.0248291975578
5672.77385459	0.0248292031261
5673.08801385	0.0248292352834
5673.40217312	0.0248292407971
5673.71633238	0.0248291754363
5674.03049165	0.0248291476955
5674.34465091	0.0248291559735
5674.65881018	0.0248291144612
5674.97296945	0.0248290454595
5675.28712871	0.0248289949381
5675.60128798	0.0248289553288
5675.91544724	0.0248288732341
5676.22960651	0.0248288294275
5676.54376577	0.0248288632835
5676.85792504	0.024828930733
5677.1720843	0.0248289844818
5677.48624357	0.0248289925458
5677.80040283	0.0248289931265
5678.1145621	0.024829014583
5678.42872136	0.0248290432682
5678.74288063	0.0248290601406
5679.05703989	0.0248290632769
5679.37119916	0.0248290433408
5679.68535843	0.0248290243142
5679.99951769	0.0248290411917
5680.31367696	0.0248290694628
5680.62783622	0.0248290440983
5680.94199549	0.0248290098596
5681.25615475	0.0248290084187
5681.57031402	0.0248289896888
5681.88447328	0.0248289516757
5682.19863255	0.0248289007607
5682.51279181	0.0248288512957
5682.82695108	0.0248288074667
5683.14111034	0.0248287288414
5683.45526961	0.0248286875404
5683.76942888	0.0248287251354
5684.08358814	0.0248287851026
5684.39774741	0.024828800725
5684.71190667	0.0248288019836
5685.02606594	0.024828837212
5685.3402252	0.0248288750638
5685.65438447	0.0248289006079
5685.96854373	0.0248289195388
5686.282703	0.0248289077847
5686.59686226	0.0248288841389
5686.91102153	0.0248289070092
5687.22518079	0.0248289366965
5687.53934006	0.0248288911967
5687.85349932	0.024828865718
5688.16765859	0.0248288927966
5688.48181786	0.0248288610554
5688.79597712	0.0248288048956
5689.11013639	0.0248287903662
5689.42429565	0.024828775748
5689.73845492	0.0248287178971
5690.05261418	0.0248286616897
5690.36677345	0.0248286325895
5690.68093271	0.0248285694556
5690.99509198	0.0248285555133
5691.30925124	0.024828611733
5691.62341051	0.0248286517365
5691.93756977	0.0248286649809
5692.25172904	0.0248286932072
5692.56588831	0.0248287275532
5692.88004757	0.0248287570141
5693.19420684	0.0248287540101
5693.5083661	0.0248287557123
5693.82252537	0.024828791395
5694.13668463	0.0248287866071
5694.4508439	0.0248287442688
5694.76500316	0.0248287751262
5695.07916243	0.0248287968268
5695.39332169	0.0248287494557
5695.70748096	0.0248287120719
5696.02164022	0.0248287026527
5696.33579949	0.0248287212781
5696.64995875	0.0248287020156
5696.96411802	0.0248286272567
5697.27827729	0.0248285870357
5697.59243655	0.0248285557589
5697.90659582	0.0248284650511
5698.22075508	0.0248284461494
5698.53491435	0.0248285059055
5698.84907361	0.0248285477214
5699.16323288	0.0248285391444
5699.47739214	0.024828542145
5699.79155141	0.0248285824107
5700.10571067	0.024828606819
5700.41986994	0.0248286297377
5700.7340292	0.0248286525368
5701.04818847	0.0248286460317
5701.36234774	0.0248286443794
5701.676507	0.0248286794093
5701.99066627	0.0248286802417
5702.30482553	0.0248286396228
5702.6189848	0.0248286260895
5702.93314406	0.0248286522066
5703.24730333	0.0248286515366
5703.56146259	0.0248286219678
5703.87562186	0.0248285734892
5704.18978112	0.0248285642205
5704.50394039	0.0248284907144
5704.81809965	0.0248283967376
5705.13225892	0.0248283313986
5705.44641818	0.0248283018948
5705.76057745	0.0248283453731
5706.07473672	0.0248283909338
5706.38889598	0.0248283924054
5706.70305525	0.0248284135582
5707.01721451	0.0248284607339
5707.33137378	0.0248284894803
5707.64553304	0.024828507875
5707.95969231	0.02482852608
5708.27385157	0.0248285302503
5708.58801084	0.0248285401743
5708.9021701	0.0248285346098
5709.21632937	0.0248285304466
5709.53048863	0.0248285426541
5709.8446479	0.0248285571143
5710.15880717	0.0248285704147
5710.47296643	0.0248285206688
5710.7871257	0.0248284711987
5711.10128496	0.0248284669739
5711.41544423	0.0248284081103
5711.72960349	0.0248283053917
5712.04376276	0.0248282507389
5712.35792202	0.0248281843385
5712.67208129	0.0248281431931
5712.98624055	0.0248281807375
5713.30039982	0.024828245531
5713.61455908	0.0248282772894
5713.92871835	0.0248282909565
5714.24287761	0.0248283104378
5714.55703688	0.0248283437515
5714.87119615	0.0248283865142
5715.18535541	0.0248283984224
5715.49951468	0.0248284148154
5715.81367394	0.0248284081011
5716.12783321	0.0248283946852
5716.44199247	0.0248284069192
5716.75615174	0.0248284361594
5717.070311	0.0248284463281
5717.38447027	0.0248283714721
5717.69862953	0.0248283286549
5718.0127888	0.0248283541254
5718.32694806	0.0248283004039
5718.64110733	0.0248282180888
5718.9552666	0.0248281775813
5719.26942586	0.0248281268753
5719.58358513	0.0248280314092
5719.89774439	0.024828018096
5720.21190366	0.0248280930327
5720.52606292	0.0248281407545
5720.84022219	0.0248281580084
5721.15438145	0.024828192523
5721.46854072	0.0248282111502
5721.78269998	0.0248282224512
5722.09685925	0.0248282481681
5722.41101851	0.0248282586817
5722.72517778	0.0248282592453
5723.03933704	0.0248282481342
5723.35349631	0.0248282409959
5723.66765558	0.0248282575908
5723.98181484	0.0248282650751
5724.29597411	0.0248282374525
5724.61013337	0.0248282140975
5724.92429264	0.0248282125194
5725.2384519	0.0248281834333
5725.55261117	0.0248281346108
5725.86677043	0.0248280821259
5726.1809297	0.0248280373776
5726.49508896	0.0248279983436
5726.80924823	0.0248279027653
5727.12340749	0.024827880384
5727.43756676	0.0248279629232
5727.75172603	0.0248280201353
5728.06588529	0.0248280188987
5728.38004456	0.024828017737
5728.69420382	0.0248280547197
5729.00836309	0.0248280893473
5729.32252235	0.0248281079434
5729.63668162	0.0248281218141
5729.95084088	0.0248281017912
5730.26500015	0.0248280735631
5730.57915941	0.0248280966494
5730.89331868	0.024828131755
5731.20747794	0.0248280957374
5731.52163721	0.0248280543075
5731.83579648	0.024828076874
5732.14995574	0.0248280638077
5732.46411501	0.0248279995709
5732.77827427	0.0248279729436
5733.09243354	0.0248279462495
5733.4065928	0.0248278834328
5733.72075207	0.0248278361796
5734.03491133	0.0248277858925
5734.3490706	0.0248277560011
5734.66322986	0.0248277830395
5734.97738913	0.0248278276644
5735.29154839	0.0248278474716
5735.60570766	0.024827868734
5735.91986692	0.0248279084728
5736.23402619	0.0248279396407
5736.54818546	0.0248279644269
5736.86234472	0.0248279515458
5737.17650399	0.0248279509083
5737.49066325	0.0248279909844
5737.80482252	0.024827980078
5738.11898178	0.0248279343128
5738.43314105	0.024827964223
5738.74730031	0.0248279823714
5739.06145958	0.02482793095
5739.37561884	0.0248278935366
5739.68977811	0.0248278778612
5740.00393737	0.0248278966525
5740.31809664	0.0248278638973
5740.63225591	0.0248277785474
5740.94641517	0.0248277581839
5741.26057444	0.0248277027911
5741.5747337	0.024827627976
5741.88889297	0.0248276601328
5742.20305223	0.0248277287079
5742.5172115	0.0248277454253
5742.83137076	0.0248277409225
5743.14553003	0.0248277579914
5743.45968929	0.0248277997837
5743.77384856	0.0248278040528
5744.08800782	0.0248278173283
5744.40216709	0.0248278577551
5744.71632635	0.0248278519939
5745.03048562	0.0248278226555
5745.34464489	0.0248278603337
5745.65880415	0.024827878063
5745.97296342	0.0248278276907
5746.28712268	0.0248278038399
5746.60128195	0.0248278216418
5746.91544121	0.0248278288348
5747.22960048	0.0248278065933
5747.54375974	0.0248277563446
5747.85791901	0.0248277241833
5748.17207827	0.0248276786675
5748.48623754	0.0248275894087
5748.8003968	0.024827513665
5749.11455607	0.0248275205374
5749.42871534	0.0248275848226
5749.7428746	0.0248276079099
5750.05703387	0.0248275907812
5750.37119313	0.0248276195432
5750.6853524	0.0248276717789
5750.99951166	0.0248276948626
5751.31367093	0.0248277096804
5751.62783019	0.0248277260955
5751.94198946	0.0248277294913
5752.25614872	0.024827740362
5752.57030799	0.024827731094
5752.88446725	0.0248277187027
5753.19862652	0.0248277258432
5753.51278578	0.0248277441119
5753.82694505	0.024827749775
5754.14110432	0.0248277015079
5754.45526358	0.0248276606389
5754.76942285	0.0248276572776
5755.08358211	0.0248275797746
5755.39774138	0.0248274749981
5755.71190064	0.0248274205744
5756.02605991	0.0248273588344
5756.34021917	0.0248273529749
5756.65437844	0.0248274081903
5756.9685377	0.0248274468071
5757.28269697	0.0248274762813
5757.59685623	0.0248275000555
5757.9110155	0.0248275316231
5758.22517477	0.0248275508468
5758.53933403	0.0248275801115
5758.8534933	0.0248276037306
5759.16765256	0.0248276066459
5759.48181183	0.0248276134873
5759.79597109	0.0248275974104
5760.11013036	0.0248276086711
5760.42428962	0.0248276386926
5760.73844889	0.024827648249
5761.05260815	0.024827574745
5761.36676742	0.0248275225141
5761.68092668	0.0248275497286
5761.99508595	0.0248274882812
5762.30924521	0.0248273990833
5762.62340448	0.024827356897
5762.93756375	0.0248272989643
5763.25172301	0.0248272173635
5763.56588228	0.0248272273161
5763.88004154	0.0248273165939
5764.19420081	0.0248273543369
5764.50836007	0.024827350018
5764.82251934	0.0248273812425
5765.1366786	0.0248274231467
5765.45083787	0.0248274372647
5765.76499713	0.0248274564455
5766.0791564	0.0248274673181
5766.39331566	0.0248274637662
5766.70747493	0.0248274544159
5767.0216342	0.0248274587987
5767.33579346	0.0248274888039
5767.64995273	0.0248274811737
5767.96411199	0.024827431766
5768.27827126	0.024827414612
5768.59243052	0.0248274164158
5768.90658979	0.0248273784177
5769.22074905	0.0248273148015
5769.53490832	0.0248272628581
5769.84906758	0.0248272188393
5770.16322685	0.024827168797
5770.47738611	0.0248270972122
5770.79154538	0.0248270995205
5771.10570464	0.0248271947745
5771.41986391	0.0248272479621
5771.73402318	0.0248272420765
5772.04818244	0.0248272390122
5772.36234171	0.0248272679822
5772.67650097	0.0248273043638
5772.99066024	0.0248273161323
5773.3048195	0.0248273185314
5773.61897877	0.0248273013917
5773.93313803	0.0248272757319
5774.2472973	0.0248272954335
5774.56145656	0.0248273316275
5774.87561583	0.0248272992447
5775.18977509	0.0248272575595
5775.50393436	0.024827262675
5775.81809363	0.0248272548635
5776.13225289	0.0248272041906
5776.44641216	0.0248271652669
5776.76057142	0.0248271156226
5777.07473069	0.024827060179
5777.38888995	0.024827007849
5777.70304922	0.0248269518265
5778.01720848	0.0248269693623
5778.33136775	0.0248270228287
5778.64552701	0.0248270441114
5778.95968628	0.024827052218
5779.27384554	0.0248270870202
5779.58800481	0.024827127566
5779.90216408	0.024827149832
5780.21632334	0.0248271707761
5780.53048261	0.0248271620239
5780.84464187	0.0248271461019
5781.15880114	0.0248271802345
5781.4729604	0.0248271910247
5781.78711967	0.0248271336237
5782.10127893	0.0248271423392
5782.4154382	0.0248271665154
5782.72959746	0.024827115913
5783.04375673	0.0248270743469
5783.35791599	0.0248270593349
5783.67207526	0.0248270603541
5783.98623452	0.0248270069281
5784.30039379	0.0248269418935
5784.61455306	0.0248269222517
5784.92871232	0.0248268471929
5785.24287159	0.0248268154063
5785.55703085	0.0248268754289
5785.87119012	0.0248269255081
5786.18534938	0.0248269345409
5786.49950865	0.0248269505965
5786.81366791	0.0248269814908
5787.12782718	0.0248270139459
5787.44198644	0.0248270090967
5787.75614571	0.0248270187414
5788.07030497	0.0248270594858
5788.38446424	0.0248270510668
5788.69862351	0.0248270174684
5789.01278277	0.0248270504382
5789.32694204	0.0248270695911
5789.6411013	0.0248270143706
5789.95526057	0.0248269865137
5790.26941983	0.0248269878993
5790.5835791	0.0248270043898
5790.89773836	0.0248269784468
5791.21189763	0.0248269160642
5791.52605689	0.0248268785975
5791.84021616	0.0248268467378
5792.15437542	0.0248267557889
5792.46853469	0.0248267080486
5792.78269395	0.0248267557399
5793.09685322	0.024826805589
5793.41101249	0.0248268041857
5793.72517175	0.0248267990517
5794.03933102	0.0248268358141
5794.35349028	0.0248268787378
5794.66764955	0.0248268968924
5794.98180881	0.0248269057272
5795.29596808	0.0248269182549
5795.61012734	0.0248269343371
5795.92428661	0.0248269394416
5796.23844587	0.0248269303144
5796.55260514	0.0248269097164
5796.8667644	0.0248269093063
5797.18092367	0.024826927726
5797.49508294	0.0248269321066
5797.8092422	0.0248268884786
5798.12340147	0.0248268475263
5798.43756073	0.0248268460507
5798.75172	0.024826751904
5799.06587926	0.0248266584095
5799.38003853	0.024826605799
5799.69419779	0.0248265620482
5800.00835706	0.0248265861464
5800.32251632	0.0248266427421
5800.63667559	0.0248266576469
5800.95083485	0.024826679824
5801.26499412	0.0248267156244
5801.57915338	0.0248267449909
5801.89331265	0.0248267704075
5802.20747192	0.0248267876309
5802.52163118	0.0248267992001
5802.83579045	0.0248268037031
5803.14994971	0.0248268105453
5803.46410898	0.0248268053275
5803.77826824	0.024826809376
5804.09242751	0.0248268301074
5804.40658677	0.0248268455145
5804.72074604	0.0248267831854
5805.0349053	0.0248267298559
5805.34906457	0.0248267403462
5805.66322383	0.0248266800357
5805.9773831	0.0248265835208
5806.29154237	0.0248265397814
5806.60570163	0.0248264718406
5806.9198609	0.0248264100966
5807.23402016	0.0248264492312
5807.54817943	0.0248265202054
5807.86233869	0.0248265532943
5808.17649796	0.0248265599579
5808.49065722	0.0248265720404
5808.80481649	0.0248266232348
5809.11897575	0.0248266551983
5809.43313502	0.024826662879
5809.74729428	0.0248266820028
5810.06145355	0.0248266717369
5810.37561281	0.0248266596215
5810.68977208	0.0248266699773
5811.00393135	0.0248267058595
5811.31809061	0.024826704186
5811.63224988	0.0248266265421
5811.94640914	0.0248266104381
5812.26056841	0.0248266186163
5812.57472767	0.0248265661622
5812.88888694	0.024826495179
5813.2030462	0.0248264482447
5813.51720547	0.0248264048822
5813.83136473	0.0248263161163
5814.145524	0.0248262906318
5814.45968326	0.024826343654
5814.77384253	0.0248264058868
5815.0880018	0.02482645017
5815.40216106	0.0248264588893
5815.71632033	0.0248264634539
5816.03047959	0.024826486597
5816.34463886	0.0248265134258
5816.65879812	0.0248265282056
5816.97295739	0.0248265274533
5817.28711665	0.024826505313
5817.60127592	0.0248264936317
5817.91543518	0.024826514847
5818.22959445	0.0248265343829
5818.54375371	0.0248265026305
5818.85791298	0.0248264750935
5819.17207224	0.0248264747455
5819.48623151	0.0248264497825
5819.80039078	0.0248264081909
5820.11455004	0.024826353507
5820.42870931	0.0248263081472
5820.74286857	0.0248262622039
5821.05702784	0.024826172671
5821.3711871	0.024826151203
5821.68534637	0.0248262118369
5821.99950563	0.0248262652711
5822.3136649	0.0248262701941
5822.62782416	0.0248262741552
5822.94198343	0.0248263163999
5823.25614269	0.0248263523144
5823.57030196	0.0248263732393
5823.88446123	0.0248263896501
5824.19862049	0.0248263700833
5824.51277976	0.0248263490887
5824.82693902	0.0248263803672
5825.14109829	0.0248264022323
5825.45525755	0.0248263504335
5825.76941682	0.0248263336252
5826.08357608	0.0248263592533
5826.39773535	0.0248263193514
5826.71189461	0.0248262629176
5827.02605388	0.0248262529809
5827.34021314	0.0248262290988
5827.65437241	0.024826163755
5827.96853167	0.0248261166954
5828.28269094	0.0248260800184
5828.59685021	0.0248260268528
5828.91100947	0.0248260374687
5829.22516874	0.0248260947129
5829.539328	0.0248261239132
5829.85348727	0.0248261385984
5830.16764653	0.0248261713902
5830.4818058	0.0248262078257
5830.79596506	0.0248262316915
5831.11012433	0.0248262223329
5831.42428359	0.0248262308052
5831.73844286	0.0248262661667
5832.05260212	0.0248262460324
5832.36676139	0.0248262107512
5832.68092066	0.0248262522087
5832.99507992	0.0248262587661
5833.30923919	0.024826206147
5833.62339845	0.0248261721857
5833.93755772	0.024826170787
5834.25171698	0.024826187874
5834.56587625	0.0248261529295
5834.88003551	0.024826075797
5835.19419478	0.0248260499822
5835.50835404	0.024825999141
5835.82251331	0.024825914312
5836.13667257	0.024825931928
5836.45083184	0.0248259976035
5836.7649911	0.0248260212664
5837.07915037	0.0248260080363
5837.39330964	0.0248260253819
5837.7074689	0.0248260647392
5838.02162817	0.0248260781901
5838.33578743	0.024826105156
5838.6499467	0.0248261291626
5838.96410596	0.0248261134886
5839.27826523	0.0248261121301
5839.59242449	0.0248261523966
5839.90658376	0.0248261466805
5840.22074302	0.0248261004318
5840.53490229	0.0248260946472
5840.84906155	0.0248261217287
5841.16322082	0.024826116601
5841.47738009	0.0248260843019
5841.79153935	0.0248260400538
5842.10569862	0.0248260216621
5842.41985788	0.0248259449312
5842.73401715	0.0248258563393
5843.04817641	0.0248257903804
5843.36233568	0.0248257861486
5843.67649494	0.0248258455485
5843.99065421	0.0248258734187
5844.30481347	0.024825865731
5844.61897274	0.0248258966172
5844.933132	0.0248259460982
5845.24729127	0.0248259688515
5845.56145054	0.0248259857982
5845.8756098	0.0248260021908
5846.18976907	0.0248260065332
5846.50392833	0.0248260143994
5846.8180876	0.0248260048284
5847.13224686	0.0248260036061
5847.44640613	0.0248260179274
5847.76056539	0.0248260336016
5848.07472466	0.0248260378342
5848.38888392	0.0248259822174
5848.70304319	0.0248259456425
5849.01720245	0.0248259363697
5849.33136172	0.0248258578949
5849.64552098	0.0248257606648
5849.95968025	0.0248257092721
5850.27383952	0.0248256405246
5850.58799878	0.0248256250177
5850.90215805	0.0248256777987
5851.21631731	0.0248257311523
5851.53047658	0.0248257566331
5851.84463584	0.02482577188
5852.15879511	0.0248257963733
5852.47295437	0.0248258299172
5852.78711364	0.024825868953
5853.1012729	0.0248258795818
5853.41543217	0.024825894433
5853.72959143	0.0248258845149
5854.0437507	0.0248258750506
5854.35790997	0.0248258941944
5854.67206923	0.0248259212365
5854.9862285	0.0248259203878
5855.30038776	0.0248258328673
5855.61454703	0.0248258073356
5855.92870629	0.0248258308621
5856.24286556	0.0248257596405
5856.55702482	0.0248256759195
5856.87118409	0.02482564469
5857.18534335	0.0248255764361
5857.49950262	0.0248254898534
5857.81366188	0.0248255127869
5858.12782115	0.0248255950301
5858.44198041	0.0248256252664
5858.75613968	0.0248256361621
5859.07029895	0.0248256771323
5859.38445821	0.0248257008195
5859.69861748	0.024825709324
5860.01277674	0.0248257342963
5860.32693601	0.0248257426627
5860.64109527	0.024825739459
5860.95525454	0.0248257264367
5861.2694138	0.0248257298752
5861.58357307	0.0248257522037
5861.89773233	0.0248257439668
5862.2118916	0.0248257090465
5862.52605086	0.0248256954844
5862.84021013	0.0248256916633
5863.1543694	0.0248256532129
5863.46852866	0.0248255981233
5863.78268793	0.0248255431627
5864.09684719	0.0248255083698
5864.41100646	0.0248254554722
5864.72516572	0.0248253608741
5865.03932499	0.0248253783197
5865.35348425	0.0248254744655
5865.66764352	0.024825512666
5865.98180278	0.0248255039568
5866.29596205	0.024825509221
5866.61012131	0.0248255514563
5866.92428058	0.0248255804434
5867.23843984	0.0248255944958
5867.55259911	0.0248256022347
5867.86675838	0.024825575373
5868.18091764	0.0248255523245
5868.49507691	0.0248255866197
5868.80923617	0.0248256129359
5869.12339544	0.0248255649826
5869.4375547	0.0248255344557
5869.75171397	0.0248255559326
5870.06587323	0.0248255341747
5870.3800325	0.0248254736158
5870.69419176	0.0248254453759
5871.00835103	0.0248254034469
5871.32251029	0.0248253481697
5871.63666956	0.0248252975406
5871.95082883	0.0248252462025
5872.26498809	0.0248252471848
5872.57914736	0.0248252886921
5872.89330662	0.0248253217615
5873.20746589	0.0248253377749
5873.52162515	0.0248253646799
5873.83578442	0.0248254038905
5874.14994368	0.0248254343992
5874.46410295	0.0248254523694
5874.77826221	0.0248254346176
5875.09242148	0.0248254403793
5875.40658074	0.0248254792062
5875.72074001	0.0248254542811
5876.03489927	0.0248254157278
5876.34905854	0.0248254554711
5876.66321781	0.0248254535549
5876.97737707	0.0248253968717
5877.29153634	0.0248253710117
5877.6056956	0.0248253591061
5877.91985487	0.0248253701357
5878.23401413	0.0248253128448
5878.5481734	0.0248252425904
5878.86233266	0.0248252270228
5879.17649193	0.0248251505332
5879.49065119	0.0248251086999
5879.80481046	0.0248251708785
5880.11896972	0.024825226174
5880.43312899	0.0248252298441
5880.74728826	0.0248252316941
5881.06144752	0.0248252616732
5881.37560679	0.0248252968506
5881.68976605	0.0248252922023
5882.00392532	0.0248253124081
5882.31808458	0.0248253495001
5882.63224385	0.0248253310617
5882.94640311	0.0248253084304
5883.26056238	0.0248253557782
5883.57472164	0.0248253555119
5883.88888091	0.0248252982427
5884.20304017	0.0248252823349
5884.51719944	0.0248253046946
5884.8313587	0.0248253074915
5885.14551797	0.0248252760455
5885.45967724	0.0248252244025
5885.7738365	0.0248251907801
5886.08799577	0.0248251446886
5886.40215503	0.0248250461177
5886.7163143	0.024824994386
5887.03047356	0.0248250340138
5887.34463283	0.0248250940707
5887.65879209	0.0248250939482
5887.97295136	0.0248250818165
5888.28711062	0.0248251258188
5888.60126989	0.0248251718747
5888.91542915	0.0248251862663
5889.22958842	0.0248252016156
5889.54374769	0.0248252163209
5889.85790695	0.0248252213613
5890.17206622	0.0248252283487
5890.48622548	0.0248252105313
5890.80038475	0.0248252054352
5891.11454401	0.0248252123114
5891.42870328	0.0248252318236
5891.74286254	0.024825227233
5892.05702181	0.0248251710573
5892.37118107	0.0248251466833
5892.68534034	0.0248251328262
5892.9994996	0.0248250313134
5893.31365887	0.0248249427947
5893.62781813	0.0248248908218
5893.9419774	0.0248248377421
5894.25613667	0.0248248617909
5894.57029593	0.0248249207866
5894.8844552	0.0248249456581
5895.19861446	0.0248249718727
5895.51277373	0.0248250012954
5895.82693299	0.0248250344753
5896.14109226	0.0248250523258
5896.45525152	0.0248250766843
5896.76941079	0.0248250928498
5897.08357005	0.0248250997957
5897.39772932	0.0248251043489
5897.71188858	0.0248250911589
5898.02604785	0.0248251064273
5898.34020712	0.0248251347581
5898.65436638	0.0248251326417
5898.96852565	0.0248250466812
5899.28268491	0.0248250177012
5899.59684418	0.0248250339728
5899.91100344	0.0248249530505
5900.22516271	0.0248248684983
5900.53932197	0.0248248316405
5900.85348124	0.0248247575546
5901.1676405	0.0248246987261
5901.48179977	0.0248247450424
5901.79595903	0.0248248281912
5902.1101183	0.0248248474308
5902.42427757	0.0248248426197
5902.73843683	0.0248248823836
5903.0525961	0.0248249254146
5903.36675536	0.0248249360537
5903.68091463	0.0248249574052
5903.99507389	0.0248249647537
5904.30923316	0.024824956578
5904.62339242	0.0248249471853
5904.93755169	0.0248249624442
5905.25171095	0.0248249967573
5905.56587022	0.024824974644
5905.88002948	0.0248249120308
5906.19418875	0.0248249080372
5906.50834801	0.0248249038441
5906.82250728	0.024824851173
5907.13666655	0.0248247837356
5907.45082581	0.0248247384971
5907.76498508	0.0248246914463
5908.07914434	0.0248246248232
5908.39330361	0.0248245810016
5908.70746287	0.0248246219879
5909.02162214	0.0248247135115
5909.3357814	0.0248247467225
5909.64994067	0.024824738303
5909.96409993	0.0248247444898
5910.2782592	0.0248247753786
5910.59241846	0.0248248071276
5910.90657773	0.0248248167246
5911.220737	0.0248248071832
5911.53489626	0.0248247854414
5911.84905553	0.0248247765451
5912.16321479	0.0248248050999
5912.47737406	0.0248248225064
5912.79153332	0.0248247803598
5913.10569259	0.0248247543891
5913.41985185	0.0248247590564
5913.73401112	0.0248247357388
5914.04817038	0.0248246870697
5914.36232965	0.0248246424192
5914.67648891	0.0248245894795
5914.99064818	0.0248245339326
5915.30480744	0.0248244701867
5915.61896671	0.0248244381579
5915.93312598	0.0248244911754
5916.24728524	0.0248245421815
5916.56144451	0.0248245461926
5916.87560377	0.0248245586468
5917.18976304	0.0248246004794
5917.5039223	0.0248246395338
5917.81808157	0.0248246587116
5918.13224083	0.0248246708284
5918.4464001	0.0248246555426
5918.76055936	0.0248246472963
5919.07471863	0.0248246867043
5919.38887789	0.0248246800263
5919.70303716	0.0248246214111
5920.01719643	0.0248246455029
5920.33135569	0.0248246561347
5920.64551496	0.0248245953193
5920.95967422	0.0248245574128
5921.27383349	0.0248245497215
5921.58799275	0.0248245336556
5921.90215202	0.0248244606372
5922.21631128	0.0248244211196
5922.53047055	0.0248243846695
5922.84462981	0.0248243168037
5923.15878908	0.024824329711
5923.47294834	0.0248243963631
5923.78710761	0.0248244253573
5924.10126687	0.0248244348642
5924.41542614	0.0248244620687
5924.72958541	0.0248245007987
5925.04374467	0.0248245190555
5925.35790394	0.024824508496
5925.6720632	0.0248245310327
5925.98622247	0.0248245639068
5926.30038173	0.0248245298434
5926.614541	0.0248245163101
5926.92870026	0.0248245649975
5927.24285953	0.0248245520641
5927.55701879	0.0248244933226
5927.87117806	0.0248244751197
5928.18533732	0.0248244836464
5928.49949659	0.0248244920487
5928.81365586	0.0248244485882
5929.12781512	0.0248243814096
5929.44197439	0.02482435821
5929.75613365	0.0248243052596
5930.07029292	0.0248242157828
5930.38445218	0.024824220163
5930.69861145	0.0248242893358
5931.01277071	0.0248243143767
5931.32692998	0.0248242967586
5931.64108924	0.0248243149897
5931.95524851	0.0248243562766
5932.26940777	0.024824382792
5932.58356704	0.0248244022926
5932.8977263	0.0248244099572
5933.21188557	0.0248244121175
5933.52604484	0.0248244333425
5933.8402041	0.0248244451599
5934.15436337	0.0248244246806
5934.46852263	0.0248243979853
5934.7826819	0.0248244080331
5935.09684116	0.0248244270334
5935.41100043	0.024824419107
5935.72515969	0.0248243697297
5936.03931896	0.0248243445028
5936.35347822	0.0248243219159
5936.66763749	0.0248242139598
5936.98179675	0.0248241386205
5937.29595602	0.0248240822644
5937.61011529	0.0248240708653
5937.92427455	0.0248241264849
5938.23843382	0.0248241621388
5938.55259308	0.0248241640709
5938.86675235	0.0248241992706
5939.18091161	0.0248242379374
5939.49507088	0.0248242601943
5939.80923014	0.0248242830714
5940.12338941	0.0248242963542
5940.43754867	0.024824305033
5940.75170794	0.0248243084056
5941.0658672	0.0248243081609
5941.38002647	0.0248243109405
5941.69418573	0.0248243211297
5942.008345	0.0248243409291
5942.32250427	0.0248243349093
5942.63666353	0.0248242668389
5942.9508228	0.024824238191
5943.26498206	0.0248242291891
5943.57914133	0.0248241424087
5943.89330059	0.0248240572265
5944.20745986	0.0248240093347
5944.52161912	0.024823937462
5944.83577839	0.0248239183902
5945.14993765	0.0248239817839
5945.46409692	0.0248240380141
5945.77825618	0.0248240570983
5946.09241545	0.0248240700205
5946.40657472	0.0248240919864
5946.72073398	0.0248241372201
5947.03489325	0.0248241671968
5947.34905251	0.0248241793156
5947.66321178	0.0248241902887
5947.97737104	0.0248241740393
5948.29153031	0.024824170641
5948.60568957	0.0248241916978
5948.91984884	0.0248242225668
5949.2340081	0.0248242004894
5949.54816737	0.0248241098345
5949.86232663	0.0248241204674
5950.1764859	0.0248241197313
5950.49064516	0.0248240447124
5950.80480443	0.02482397354
5951.1189637	0.0248239392934
5951.43312296	0.0248238693288
5951.74728223	0.0248237888938
5952.06144149	0.0248238188769
5952.37560076	0.0248238899248
5952.68976002	0.0248239274097
5953.00391929	0.0248239590871
5953.31807855	0.0248239760018
5953.63223782	0.0248239878337
5953.94639708	0.0248240110954
5954.26055635	0.0248240332424
5954.57471561	0.0248240409171
5954.88887488	0.024824033142
5955.20303415	0.0248240144156
5955.51719341	0.0248240206833
5955.83135268	0.0248240424796
5956.14551194	0.0248240348049
5956.45967121	0.0248240005803
5956.77383047	0.0248239910016
5957.08798974	0.0248239825512
5957.402149	0.0248239437879
5957.71630827	0.024823895286
5958.03046753	0.0248238384748
5958.3446268	0.0248238057297
5958.65878606	0.0248237375839
5958.97294533	0.0248236499133
5959.28710459	0.0248236850104
5959.60126386	0.0248237702869
5959.91542313	0.0248237955845
5960.22958239	0.0248237881893
5960.54374166	0.0248238058579
5960.85790092	0.024823851697
5961.17206019	0.0248238788163
5961.48621945	0.0248238960007
5961.80037872	0.0248239009591
5962.11453798	0.0248238680108
5962.42869725	0.0248238593337
5962.74285651	0.0248239043694
5963.05701578	0.0248239050175
5963.37117504	0.0248238481605
5963.68533431	0.0248238492292
5963.99949358	0.0248238639146
5964.31365284	0.0248238127678
5964.62781211	0.0248237632468
5964.94197137	0.0248237531189
5965.25613064	0.0248237046936
5965.5702899	0.0248236440025
5965.88444917	0.0248235994752
5966.19860843	0.0248235551282
5966.5127677	0.0248235429529
5966.82692696	0.0248235841358
5967.14108623	0.0248236250405
5967.45524549	0.0248236438002
5967.76940476	0.0248236697972
5968.08356403	0.0248237042675
5968.39772329	0.0248237394258
5968.71188256	0.0248237481185
5969.02604182	0.0248237335901
5969.34020109	0.0248237566598
5969.65436035	0.0248237833549
5969.96851962	0.0248237388465
5970.28267888	0.0248237289236
5970.59683815	0.024823776054
5970.91099741	0.0248237486085
5971.22515668	0.024823696716
5971.53931594	0.0248236732023
5971.85347521	0.0248236805347
5972.16763447	0.0248236848749
5972.48179374	0.0248236151565
5972.79595301	0.0248235568484
5973.11011227	0.0248235393264
5973.42427154	0.0248234520114
5973.7384308	0.0248234169906
5974.05259007	0.0248234829886
5974.36674933	0.0248235317109
5974.6809086	0.0248235319708
5974.99506786	0.0248235268124
5975.30922713	0.0248235654332
5975.62338639	0.0248235897795
5975.93754566	0.0248235913431
5976.25170492	0.024823629569
5976.56586419	0.0248236475535
5976.88002346	0.0248236169243
5977.19418272	0.0248236243827
5977.50834199	0.0248236688112
5977.82250125	0.0248236432874
5978.13666052	0.0248235976115
5978.45081978	0.024823600913
5978.76497905	0.0248236238605
5979.07913831	0.0248236158811
5979.39329758	0.0248235757803
5979.70745684	0.0248235343979
5980.02161611	0.0248235000594
5980.33577537	0.0248234278912
5980.64993464	0.0248233345219
5980.9640939	0.0248232944944
5981.27825317	0.0248233369932
5981.59241244	0.0248233935119
5981.9065717	0.0248233898474
5982.22073097	0.0248233871298
5982.53489023	0.0248234372586
5982.8490495	0.0248234785922
5983.16320876	0.0248234924834
5983.47736803	0.0248235075045
5983.79152729	0.0248235197297
5984.10568656	0.0248235297325
5984.41984582	0.0248235280377
5984.73400509	0.0248235136732
5985.04816435	0.0248235202236
5985.36232362	0.0248235319836
5985.67648289	0.0248235486882
5985.99064215	0.0248235291112
5986.30480142	0.0248234713343
5986.61896068	0.0248234583761
5986.93311995	0.0248234256461
5987.24727921	0.0248233170724
5987.56143848	0.0248232431842
5987.87559774	0.024823184585
5988.18975701	0.0248231356534
5988.50391627	0.0248231710994
5988.81807554	0.0248232246006
5989.1322348	0.0248232586597
5989.44639407	0.0248232802329
5989.76055333	0.0248233045447
5990.0747126	0.0248233337574
5990.38887187	0.024823362316
5990.70303113	0.0248233947111
5991.0171904	0.0248233997701
5991.33134966	0.0248234132356
5991.64550893	0.024823400079
5991.95966819	0.0248233958354
5992.27382746	0.0248234260811
5992.58798672	0.0248234492291
5992.90214599	0.0248234179298
5993.21630525	0.0248233283418
5993.53046452	0.0248233360208
5993.84462378	0.0248233298535
5994.15878305	0.024823233995
5994.47294232	0.0248231686857
5994.78710158	0.0248231374661
5995.10126085	0.0248230450735
5995.41542011	0.0248230015558
5995.72957938	0.0248230718593
5996.04373864	0.0248231403527
5996.35789791	0.0248231477645
5996.67205717	0.0248231592448
5996.98621644	0.0248232072528
5997.3003757	0.0248232323925
5997.61453497	0.0248232402289
5997.92869423	0.02482326431
5998.2428535	0.0248232653925
5998.55701276	0.0248232560304
5998.87117203	0.0248232482263
5999.1853313	0.0248232709337
5999.49949056	0.0248232913913
5999.81364983	0.024823255491
6000.12780909	0.0248232146942
6000.44196836	0.0248232186484
6000.75612762	0.024823203118
6001.07028689	0.0248231445898
6001.38444615	0.0248230841274
6001.69860542	0.0248230375335
6002.01276468	0.0248229997769
6002.32692395	0.024822924188
6002.64108321	0.0248228758285
6002.95524248	0.0248229473323
6003.26940175	0.0248230348872
6003.58356101	0.0248230439755
6003.89772028	0.0248230334687
6004.21187954	0.0248230510875
6004.52603881	0.0248230929209
6004.84019807	0.0248231147022
6005.15435734	0.0248231208409
6005.4685166	0.024823110864
6005.78267587	0.0248230845381
6006.09683513	0.0248230832326
6006.4109944	0.0248231228702
6006.72515366	0.0248231221236
6007.03931293	0.0248230684233
6007.35347219	0.0248230595252
6007.66763146	0.0248230707198
6007.98179073	0.0248230305675
6008.29594999	0.0248229792481
6008.61010926	0.0248229380515
6008.92426852	0.0248228857388
6009.23842779	0.0248228351481
6009.55258705	0.0248227717633
6009.86674632	0.0248227535752
6010.18090558	0.0248228020108
6010.49506485	0.0248228406106
6010.80922411	0.0248228518172
6011.12338338	0.0248228755369
6011.43754264	0.0248229123408
6011.75170191	0.0248229429811
6012.06586118	0.0248229693426
6012.38002044	0.0248229736353
6012.69417971	0.0248229539394
6013.00833897	0.0248229708172
6013.32249824	0.02482300046
6013.6366575	0.0248229584541
6013.95081677	0.0248229359501
6014.26497603	0.0248229749389
6014.5791353	0.0248229492118
6014.89329456	0.0248228920398
6015.20745383	0.0248228711981
6015.52161309	0.0248228716231
6015.83577236	0.0248228491879
6016.14993162	0.0248227678945
6016.46409089	0.0248227430663
6016.77825016	0.0248226933863
6017.09240942	0.0248226268292
6017.40656869	0.0248226520505
6017.72072795	0.0248227190024
6018.03488722	0.0248227450036
6018.34904648	0.0248227534548
6018.66320575	0.0248227736333
6018.97736501	0.0248228110567
6019.29152428	0.024822825004
6019.60568354	0.0248228197574
6019.91984281	0.0248228533024
6020.23400207	0.0248228705349
6020.54816134	0.0248228347894
6020.86232061	0.0248228422877
6021.17647987	0.0248228837424
6021.49063914	0.0248228507208
6021.8047984	0.0248228044841
6022.11895767	0.0248227906429
6022.43311693	0.0248228161453
6022.7472762	0.0248228107578
6023.06143546	0.024822756667
6023.37559473	0.0248227063087
6023.68975399	0.0248226819392
6024.00391326	0.0248226108442
6024.31807252	0.0248225254632
6024.63223179	0.0248225379028
6024.94639106	0.0248226017958
6025.26055032	0.0248226276884
6025.57470959	0.0248226081936
6025.88886885	0.0248226255744
6026.20302812	0.0248226779873
6026.51718738	0.0248227054033
6026.83134665	0.0248227132772
6027.14550591	0.024822729123
6027.45966518	0.0248227401859
6027.77382444	0.0248227468708
6028.08798371	0.0248227509024
6028.40214297	0.0248227268773
6028.71630224	0.0248227192119
6029.0304615	0.024822735342
6029.34462077	0.0248227504381
6029.65878004	0.0248227272055
6029.9729393	0.0248226707364
6030.28709857	0.0248226681387
6030.60125783	0.0248226128794
6030.9154171	0.0248225003462
6031.22957636	0.024822439665
6031.54373563	0.0248223880389
6031.85789489	0.0248223817166
6032.17205416	0.0248224362674
6032.48621342	0.0248224686151
6032.80037269	0.0248224821712
6033.11453195	0.0248225145286
6033.42869122	0.0248225500715
6033.74285049	0.0248225781174
6034.05700975	0.0248225941982
6034.37116902	0.0248226080659
6034.68532828	0.024822617885
6034.99948755	0.0248226259789
6035.31364681	0.024822624899
6035.62780608	0.0248226237896
6035.94196534	0.0248226384049
6036.25612461	0.024822665509
6036.57028387	0.0248226364976
6036.88444314	0.0248225574129
6037.1986024	0.0248225556641
6037.51276167	0.0248225328215
6037.82692093	0.0248224349731
6038.1410802	0.0248223705415
6038.45523947	0.0248223158025
6038.76939873	0.0248222426666
6039.083558	0.0248222451713
6039.39771726	0.0248223167202
6039.71187653	0.0248223698502
6040.02603579	0.0248223750898
6040.34019506	0.0248223801815
6040.65435432	0.0248224287488
6040.96851359	0.0248224682929
6041.28267285	0.0248224743954
6041.59683212	0.0248225001268
6041.91099138	0.0248224993845
6042.22515065	0.024822482092
6042.53930992	0.0248224837371
6042.85346918	0.0248225142644
6043.16762845	0.0248225361059
6043.48178771	0.024822482814
6043.79594698	0.0248224237215
6044.11010624	0.0248224427588
6044.42426551	0.0248224141064
6044.73842477	0.0248223402794
6045.05258404	0.0248222803539
6045.3667433	0.0248222463103
6045.68090257	0.0248221678675
6045.99506183	0.0248221122115
6046.3092211	0.0248221403298
6046.62338036	0.0248222055267
6046.93753963	0.0248222632901
6047.2516989	0.024822281931
6047.56585816	0.0248222830349
6047.88001743	0.0248222973081
6048.19417669	0.024822328284
6048.50833596	0.0248223508382
6048.82249522	0.0248223543357
6049.13665449	0.0248223333833
6049.45081375	0.0248223150045
6049.76497302	0.0248223318728
6050.07913228	0.0248223589102
6050.39329155	0.0248223365705
6050.70745081	0.0248223009235
6051.02161008	0.0248223008027
6051.33576935	0.0248222854231
6051.64992861	0.0248222460765
6051.96408788	0.0248221937499
6052.27824714	0.0248221440708
6052.59240641	0.0248221026094
6052.90656567	0.0248220190434
6053.22072494	0.0248219678571
6053.5348842	0.0248220065594
6053.84904347	0.0248220763963
6054.16320273	0.0248220944518
6054.477362	0.0248220919579
6054.79152126	0.0248221244965
6055.10568053	0.0248221656467
6055.41983979	0.024822192422
6055.73399906	0.02482221087
6056.04815833	0.0248222042786
6056.36231759	0.0248221771497
6056.67647686	0.0248221894368
6056.99063612	0.0248222315188
6057.30479539	0.0248221940806
6057.61895465	0.0248221520258
6057.93311392	0.0248221833892
6058.24727318	0.02482216689
6058.56143245	0.0248221036819
6058.87559171	0.0248220770688
6059.18975098	0.0248220653839
6059.50391024	0.0248220110576
6059.81806951	0.0248219486939
6060.13222878	0.0248219173109
6060.44638804	0.0248218644301
6060.76054731	0.0248218535938
6061.07470657	0.0248219075102
6061.38886584	0.0248219455808
6061.7030251	0.0248219604043
6062.01718437	0.0248219907281
6062.33134363	0.0248220260922
6062.6455029	0.0248220590417
6062.95966216	0.0248220537813
6063.27382143	0.0248220505095
6063.58798069	0.0248220890277
6063.90213996	0.0248220897375
6064.21629922	0.0248220415256
6064.53045849	0.0248220671876
6064.84461776	0.024822098804
6065.15877702	0.0248220522247
6065.47293629	0.0248220053824
6065.78709555	0.0248219972539
6066.10125482	0.0248220151135
6066.41541408	0.0248219995878
6066.72957335	0.0248219228607
6067.04373261	0.0248218813764
6067.35789188	0.024821855081
6067.67205114	0.0248217615241
6067.98621041	0.0248217453969
6068.30036967	0.0248218109055
6068.61452894	0.0248218524547
6068.92868821	0.024821847071
6069.24284747	0.0248218475211
6069.55700674	0.0248218876639
6069.871166	0.0248219074725
6070.18532527	0.0248219254802
6070.49948453	0.024821956849
6070.8136438	0.0248219474132
6071.12780306	0.0248219375294
6071.44196233	0.0248219777783
6071.75612159	0.0248219857338
6072.07028086	0.024821944326
6072.38444012	0.0248219227745
6072.69859939	0.0248219469915
6073.01275865	0.0248219518995
6073.32691792	0.0248219323273
6073.64107719	0.0248218822526
6073.95523645	0.024821861429
6074.26939572	0.0248218041149
6074.58355498	0.0248217119726
6074.89771425	0.0248216360352
6075.21187351	0.0248216130114
6075.52603278	0.0248216674167
6075.84019204	0.0248217089106
6076.15435131	0.0248217010024
6076.46851057	0.0248217161731
6076.78266984	0.0248217714383
6077.0968291	0.0248217982334
6077.41098837	0.0248218118802
6077.72514764	0.0248218346
6078.0393069	0.0248218393727
6078.35346617	0.024821849436
6078.66762543	0.0248218435007
6078.9817847	0.0248218378411
6079.29594396	0.0248218515226
6079.61010323	0.0248218635717
6079.92426249	0.0248218783945
6080.23842176	0.024821839167
6080.55258102	0.0248217855164
6080.86674029	0.0248217782828
6081.18089955	0.0248217210406
6081.49505882	0.024821615065
6081.80921809	0.0248215576113
6082.12337735	0.0248214926598
6082.43753662	0.0248214573898
6082.75169588	0.0248214998022
6083.06585515	0.0248215566264
6083.38001441	0.0248215883929
6083.69417368	0.0248216039334
6084.00833294	0.0248216311692
6084.32249221	0.0248216563969
6084.63665147	0.0248216926519
6084.95081074	0.0248217197101
6085.26497	0.0248217289271
6085.57912927	0.0248217312777
6085.89328853	0.0248217158244
6086.2074478	0.0248217264309
6086.52160707	0.0248217569886
6086.83576633	0.0248217711406
6087.1499256	0.0248217028021
6087.46408486	0.0248216415391
6087.77824413	0.0248216724737
6088.09240339	0.0248216244249
6088.40656266	0.024821532376
6088.72072192	0.0248214875919
6089.03488119	0.0248214331856
6089.34904045	0.0248213418253
6089.66319972	0.0248213350583
6089.97735898	0.0248214216311
6090.29151825	0.0248214647437
6090.60567752	0.0248214718649
6090.91983678	0.024821509911
6091.23399605	0.0248215392983
6091.54815531	0.024821549998
6091.86231458	0.024821572928
6092.17647384	0.0248215875092
6092.49063311	0.0248215853464
6092.80479237	0.0248215714332
6093.11895164	0.0248215700944
6093.4331109	0.0248215953105
6093.74727017	0.0248215974818
6094.06142943	0.0248215597483
6094.3755887	0.0248215363248
6094.68974796	0.0248215398239
6095.00390723	0.0248215092685
6095.3180665	0.0248214508752
6095.63222576	0.0248213941929
6095.94638503	0.0248213520101
6096.26054429	0.0248213124072
6096.57470356	0.024821216739
6096.88886282	0.0248212010564
6097.20302209	0.0248213017133
6097.51718135	0.0248213591072
6097.83134062	0.0248213521304
6098.14549988	0.0248213501222
6098.45965915	0.0248213871024
6098.77381841	0.0248214235443
6099.08797768	0.0248214360738
6099.40213695	0.0248214454024
6099.71629621	0.0248214275959
6100.03045548	0.0248213977691
6100.34461474	0.0248214196203
6100.65877401	0.0248214576251
6100.97293327	0.0248214220522
6101.28709254	0.0248213772287
6101.6012518	0.0248213947904
6101.91541107	0.0248213895526
6102.22957033	0.0248213285882
6102.5437296	0.0248212924114
6102.85788886	0.0248212537722
6103.17204813	0.0248211977037
6103.48620739	0.0248211476648
6103.80036666	0.0248210882533
6104.11452593	0.0248210873029
6104.42868519	0.0248211311729
6104.74284446	0.024821163644
6105.05700372	0.0248211777934
6105.37116299	0.0248212074939
6105.68532225	0.0248212474975
6105.99948152	0.0248212751882
6106.31364078	0.0248213009383
6106.62780005	0.0248212903496
6106.94195931	0.0248212820695
6107.25611858	0.0248213190967
6107.57027784	0.0248213157627
6107.88443711	0.0248212642489
6108.19859638	0.0248212907951
6108.51275564	0.0248213082171
6108.82691491	0.0248212547149
6109.14107417	0.0248212188561
6109.45523344	0.0248212015177
6109.7693927	0.0248212137614
6110.08355197	0.024821167781
6110.39771123	0.0248210890516
6110.7118705	0.0248210787413
6111.02602976	0.0248210069577
6111.34018903	0.0248209511939
6111.65434829	0.0248210054526
6111.96850756	0.0248210676011
6112.28266682	0.0248210756843
6112.59682609	0.0248210813576
6112.91098536	0.0248211062721
6113.22514462	0.0248211460499
6113.53930389	0.024821141755
6113.85346315	0.0248211510972
6114.16762242	0.0248211939972
6114.48178168	0.0248211873197
6114.79594095	0.0248211548177
6115.11010021	0.0248211919852
6115.42425948	0.0248212079857
6115.73841874	0.0248211542966
6116.05257801	0.0248211317795
6116.36673727	0.024821139256
6116.68089654	0.0248211524163
6116.99505581	0.0248211314908
6117.30921507	0.0248210759976
6117.62337434	0.0248210361041
6117.9375336	0.024821001862
6118.25169287	0.0248209072756
6118.56585213	0.0248208436894
6118.8800114	0.0248208812654
6119.19417066	0.0248209422359
6119.50832993	0.0248209471856
6119.82248919	0.0248209333979
6120.13664846	0.0248209691099
6120.45080772	0.0248210183868
6120.76496699	0.0248210374197
6121.07912625	0.0248210488882
6121.39328552	0.024821060448
6121.70744479	0.024821072263
6122.02160405	0.0248210817971
6122.33576332	0.0248210637168
6122.64992258	0.0248210542013
6122.96408185	0.0248210617348
6123.27824111	0.0248210774214
6123.59240038	0.0248210811721
6123.90655964	0.0248210335166
6124.22071891	0.0248209973219
6124.53487817	0.0248209925067
6124.84903744	0.0248208986276
6125.1631967	0.0248208018095
6125.47735597	0.024820748785
6125.79151524	0.0248206950085
6126.1056745	0.0248207127182
6126.41983377	0.0248207750257
6126.73399303	0.0248207973268
6127.0481523	0.0248208221367
6127.36231156	0.0248208535742
6127.67647083	0.0248208818751
6127.99063009	0.0248209059341
6128.30478936	0.024820929378
6128.61894862	0.0248209449704
6128.93310789	0.0248209499133
6129.24726715	0.0248209601415
6129.56142642	0.0248209501554
6129.87558568	0.0248209581742
6130.18974495	0.0248209824119
6130.50390422	0.0248209954648
6130.81806348	0.0248209222892
6131.13222275	0.0248208695377
6131.44638201	0.0248208907441
6131.76054128	0.0248208243181
6132.07470054	0.0248207263966
6132.38885981	0.0248206883198
6132.70301907	0.0248206231246
6133.01717834	0.024820553584
6133.3313376	0.0248205924487
6133.64549687	0.0248206747447
6133.95965613	0.0248207002832
6134.2738154	0.0248207014357
6134.58797467	0.0248207276503
6134.90213393	0.0248207761594
6135.2162932	0.0248207969084
6135.53045246	0.0248208112219
6135.84461173	0.0248208271082
6136.15877099	0.0248208194269
6136.47293026	0.0248208055714
6136.78708952	0.0248208179004
6137.10124879	0.0248208568369
6137.41540805	0.0248208489595
6137.72956732	0.0248207779317
6138.04372658	0.0248207643398
6138.35788585	0.0248207683481
6138.67204512	0.0248207174513
6138.98620438	0.0248206443242
6139.30036365	0.0248205958589
6139.61452291	0.0248205554717
6139.92868218	0.0248204798734
6140.24284144	0.0248204376537
6140.55700071	0.0248204791475
6140.87115997	0.024820563692
6141.18531924	0.0248206055581
6141.4994785	0.0248206019918
6141.81363777	0.024820606209
6142.12779703	0.0248206336047
6142.4419563	0.0248206660992
6142.75611556	0.0248206811996
6143.07027483	0.0248206718499
6143.3844341	0.0248206464719
6143.69859336	0.0248206387747
6144.01275263	0.024820666822
6144.32691189	0.0248206855416
6144.64107116	0.0248206460788
6144.95523042	0.0248206186149
6145.26938969	0.0248206224528
6145.58354895	0.0248205999122
6145.89770822	0.0248205547568
6146.21186748	0.0248205013405
6146.52602675	0.0248204497686
6146.84018601	0.0248203978299
6147.15434528	0.024820320466
6147.46850455	0.0248202934496
6147.78266381	0.0248203536774
6148.09682308	0.0248204078767
6148.41098234	0.0248204106321
6148.72514161	0.0248204202974
6149.03930087	0.0248204650303
6149.35346014	0.0248205022931
6149.6676194	0.0248205221313
6149.98177867	0.0248205363184
6150.29593793	0.0248205206515
6150.6100972	0.0248205067842
6150.92425646	0.0248205437751
6151.23841573	0.024820549208
6151.55257499	0.0248204891026
6151.86673426	0.0248204986708
6152.18089353	0.0248205205435
6152.49505279	0.0248204651887
6152.80921206	0.0248204148739
6153.12337132	0.0248204073329
6153.43753059	0.0248203884829
6153.75168985	0.0248203173586
6154.06584912	0.0248202736694
6154.38000838	0.0248202396982
6154.69416765	0.0248201816684
6155.00832691	0.0248201970225
6155.32248618	0.0248202581607
6155.63664544	0.0248202854962
6155.95080471	0.0248202975024
6156.26496398	0.0248203303334
6156.57912324	0.0248203687795
6156.89328251	0.0248203877716
6157.20744177	0.0248203796725
6157.52160104	0.0248203961285
6157.8357603	0.0248204279305
6158.14991957	0.0248203974587
6158.46407883	0.0248203779416
6158.7782381	0.0248204277006
6159.09239736	0.0248204179334
6159.40655663	0.0248203588573
6159.72071589	0.024820338826
6160.03487516	0.0248203409944
6160.34903442	0.0248203518832
6160.66319369	0.024820312692
6160.97735296	0.024820238665
6161.29151222	0.0248202197495
6161.60567149	0.0248201632859
6161.91983075	0.0248200750699
6162.23399002	0.0248200930823
6162.54814928	0.0248201618428
6162.86230855	0.024820184804
6163.17646781	0.0248201664758
6163.49062708	0.0248201855612
6163.80478634	0.0248202250123
6164.11894561	0.0248202431582
6164.43310487	0.0248202701194
6164.74726414	0.0248202812222
6165.06142341	0.0248202737037
6165.37558267	0.024820290281
6165.68974194	0.0248203132779
6166.0039012	0.0248202961521
6166.31806047	0.0248202591384
6166.63221973	0.0248202672605
6166.946379	0.0248202890374
6167.26053826	0.024820279722
6167.57469753	0.0248202397613
6167.88885679	0.0248202057758
6168.20301606	0.0248201825584
6168.51717532	0.0248200871446
6168.83133459	0.024820005274
6169.14549385	0.0248199453041
6169.45965312	0.0248199467284
6169.77381239	0.0248200080127
6170.08797165	0.0248200336087
6170.40213092	0.0248200283607
6170.71629018	0.0248200675818
6171.03044945	0.0248201089189
6171.34460871	0.0248201289955
6171.65876798	0.0248201532729
6171.97292724	0.0248201658446
6172.28708651	0.0248201733106
6172.60124577	0.0248201773229
6172.91540504	0.0248201716477
6173.2295643	0.0248201771848
6173.54372357	0.0248201909072
6173.85788284	0.0248202091638
6174.1720421	0.0248202065002
6174.48620137	0.024820143871
6174.80036063	0.0248201122834
6175.1145199	0.0248200986338
6175.42867916	0.0248200114732
6175.74283843	0.0248199229593
6176.05699769	0.0248198696843
6176.37115696	0.0248197988401
6176.68531622	0.0248197942862
6176.99947549	0.0248198571008
6177.31363475	0.0248199089682
6177.62779402	0.0248199292658
6177.94195328	0.0248199422499
6178.25611255	0.0248199651759
6178.57027182	0.0248200077572
6178.88443108	0.0248200422504
6179.19859035	0.0248200492868
6179.51274961	0.02482006721
6179.82690888	0.0248200522473
6180.14106814	0.0248200468453
6180.45522741	0.0248200696695
6180.76938667	0.0248200985515
6181.08354594	0.0248200840122
6181.3977052	0.0248199887497
6181.71186447	0.0248199872015
6182.02602373	0.0248199997432
6182.340183	0.0248199165829
6182.65434227	0.0248198370724
6182.96850153	0.0248198083347
6183.2826608	0.0248197285904
6183.59682006	0.024819653112
6183.91097933	0.0248197030561
6184.22513859	0.0248197747144
6184.53929786	0.0248197955043
6184.85345712	0.0248198233144
6185.16761639	0.0248198567438
6185.48177565	0.0248198737943
6185.79593492	0.0248198873318
6186.11009418	0.0248199129917
6186.42425345	0.0248199202591
6186.73841271	0.0248199100807
6187.05257198	0.0248198937623
6187.36673125	0.0248199067302
6187.68089051	0.0248199300577
6187.99504978	0.0248199133566
6188.30920904	0.0248198760249
6188.62336831	0.0248198698498
6188.93752757	0.0248198634883
6189.25168684	0.0248198190595
6189.5658461	0.0248197606222
6189.88000537	0.0248197051503
6190.19416463	0.0248196804052
6190.5083239	0.0248196042544
6190.82248316	0.0248195152159
6191.13664243	0.024819571938
6191.4508017	0.0248196641275
6191.76496096	0.0248196809635
6192.07912023	0.0248196711904
6192.39327949	0.0248196902276
6192.70743876	0.0248197370881
6193.02159802	0.0248197594757
6193.33575729	0.0248197743127
6193.64991655	0.0248197761875
6193.96407582	0.0248197435694
6194.27823508	0.0248197331304
6194.59239435	0.0248197773132
6194.90655361	0.0248197852659
6195.22071288	0.024819725238
6195.53487215	0.0248197178784
6195.84903141	0.0248197388287
6196.16319068	0.0248196951518
6196.47734994	0.0248196402602
6196.79150921	0.0248196160265
6197.10566847	0.0248195650368
6197.41982774	0.0248195132153
6197.733987	0.0248194550554
6198.04814627	0.0248194166403
6198.36230553	0.0248194320331
6198.6764648	0.0248194759733
6198.99062406	0.0248195055535
6199.30478333	0.0248195252705
6199.61894259	0.0248195552549
6199.93310186	0.0248195895084
6200.24726113	0.0248196237948
6200.56142039	0.0248196326465
6200.87557966	0.0248196119483
6201.18973892	0.0248196339471
6201.50389819	0.024819665269
6201.81805745	0.0248196177379
6202.13221672	0.0248196043979
6202.44637598	0.0248196523742
6202.76053525	0.0248196247836
6203.07469451	0.0248195671005
6203.38885378	0.0248195455646
6203.70301304	0.0248195505235
6204.01717231	0.0248195478155
6204.33133158	0.0248194665657
6204.64549084	0.0248194241182
6204.95965011	0.0248193968415
6205.27380937	0.0248193082771
6205.58796864	0.0248192999985
6205.9021279	0.024819374057
6206.21628717	0.0248194125428
6206.53044643	0.0248194117484
6206.8446057	0.0248194185605
6207.15876496	0.0248194572961
6207.47292423	0.0248194764549
6207.78708349	0.0248194731352
6208.10124276	0.0248195086958
6208.41540202	0.0248195298186
6208.72956129	0.0248194946709
6209.04372056	0.0248194991722
6209.35787982	0.0248195480483
6209.67203909	0.0248195195201
6209.98619835	0.0248194728637
6210.30035762	0.0248194668136
6210.61451688	0.0248194917552
6210.92867615	0.0248194875558
6211.24283541	0.0248194456437
6211.55699468	0.0248193955783
6211.87115394	0.0248193640754
6212.18531321	0.0248192993117
6212.49947247	0.0248191992824
6212.81363174	0.0248191800459
6213.12779101	0.0248192387288
6213.44195027	0.0248192869864
6213.75610954	0.0248192719067
6214.0702688	0.0248192733365
6214.38442807	0.0248193285321
6214.69858733	0.0248193667474
6215.0127466	0.0248193738263
6215.32690586	0.0248193861749
6215.64106513	0.0248194044296
6215.95522439	0.0248194152109
6216.26938366	0.0248194104249
6216.58354292	0.0248193907932
6216.89770219	0.0248193970143
6217.21186145	0.0248194085043
6217.52602072	0.0248194245401
6217.84017999	0.0248194037857
6218.15433925	0.0248193491399
6218.46849852	0.0248193388959
6218.78265778	0.0248192970856
6219.09681705	0.0248191824741
6219.41097631	0.0248191153059
6219.72513558	0.0248190564352
6220.03929484	0.0248190248287
6220.35345411	0.0248190762626
6220.66761337	0.0248191208433
6220.98177264	0.0248191445548
6221.2959319	0.0248191697921
6221.61009117	0.0248191972774
6221.92425044	0.0248192323933
6222.2384097	0.0248192526699
6222.55256897	0.024819274098
6222.86672823	0.0248192853609
6223.1808875	0.0248192970007
6223.49504676	0.0248192926716
6223.80920603	0.0248192878222
6224.12336529	0.0248193100143
6224.43752456	0.0248193372683
6224.75168382	0.024819305755
6225.06584309	0.0248192146952
6225.38000235	0.0248192221857
6225.69416162	0.0248192086604
6226.00832088	0.0248191068531
6226.32248015	0.0248190445086
6226.63663942	0.0248190040931
6226.95079868	0.0248189121755
6227.26495795	0.024818894112
6227.57911721	0.0248189702713
6227.89327648	0.0248190341933
6228.20743574	0.0248190371034
6228.52159501	0.0248190419416
6228.83575427	0.0248190952958
6229.14991354	0.024819126873
6229.4640728	0.0248191311192
6229.77823207	0.0248191583596
6230.09239133	0.0248191586195
6230.4065506	0.0248191437914
6230.72070987	0.024819140746
6231.03486913	0.0248191718069
6231.3490284	0.0248191946754
6231.66318766	0.024819149332
6231.97734693	0.0248190973318
6232.29150619	0.0248191070443
6232.60566546	0.0248190848838
6232.91982472	0.0248190170888
6233.23398399	0.0248189526281
6233.54814325	0.0248189160022
6233.86230252	0.0248188584716
6234.17646178	0.0248187864114
6234.49062105	0.0248187778841
6234.80478031	0.0248188548227
6235.11893958	0.0248189305001
6235.43309885	0.0248189382454
6235.74725811	0.0248189328444
6236.06141738	0.0248189506086
6236.37557664	0.0248189871952
6236.68973591	0.0248190128254
6237.00389517	0.0248190134462
6237.31805444	0.0248189918849
6237.6322137	0.0248189706554
6237.94637297	0.0248189845554
6238.26053223	0.0248190195255
6238.5746915	0.0248190030207
6238.88885076	0.0248189593402
6239.20301003	0.0248189547871
6239.5171693	0.0248189510252
6239.83132856	0.0248189140316
6240.14548783	0.0248188596316
6240.45964709	0.0248188082028
6240.77380636	0.0248187621846
6241.08796562	0.0248186953956
6241.40212489	0.0248186334582
6241.71628415	0.0248186465003
6242.03044342	0.0248187152253
6242.34460268	0.024818743321
6242.65876195	0.0248187440653
6242.97292121	0.0248187747853
6243.28708048	0.0248188156969
6243.60123974	0.0248188456009
6243.91539901	0.0248188649042
6244.22955828	0.0248188650001
6244.54371754	0.024818844884
6244.85787681	0.0248188607059
6245.17203607	0.0248188927025
6245.48619534	0.0248188488567
6245.8003546	0.0248188194291
6246.11451387	0.0248188587196
6246.42867313	0.0248188303197
6246.7428324	0.0248187679487
6247.05699166	0.024818747411
6247.37115093	0.0248187422519
6247.68531019	0.0248186967791
6247.99946946	0.0248186237846
6248.31362873	0.0248186049974
6248.62778799	0.0248185468668
6248.94194726	0.0248185106023
6249.25610652	0.0248185603702
6249.57026579	0.0248186123381
6249.88442505	0.0248186272024
6250.19858432	0.024818649104
6250.51274358	0.0248186839149
6250.82690285	0.0248187201228
6251.14106211	0.0248187207744
6251.45522138	0.0248187160839
6251.76938064	0.0248187528608
6252.08353991	0.0248187587229
6252.39769917	0.0248187140131
6252.71185844	0.0248187411621
6253.02601771	0.0248187717115
6253.34017697	0.024818724095
6253.65433624	0.0248186847775
6253.9684955	0.0248186723292
6254.28265477	0.0248186912333
6254.59681403	0.0248186830258
6254.9109733	0.0248186141207
6255.22513256	0.0248185660545
6255.53929183	0.0248185463435
6255.85345109	0.0248184547891
6256.16761036	0.0248184085663
6256.48176962	0.0248184613886
6256.79592889	0.0248185178258
6257.11008816	0.0248185149155
6257.42424742	0.0248185054177
6257.73840669	0.0248185433333
6258.05256595	0.0248185761215
6258.36672522	0.0248185979541
6258.68088448	0.0248186170254
6258.99504375	0.0248186164215
6259.30920301	0.0248186185317
6259.62336228	0.0248186473437
6259.93752154	0.0248186502325
6260.25168081	0.0248186111783
6260.56584007	0.0248186001918
6260.87999934	0.0248186224805
6261.19415861	0.0248186251162
6261.50831787	0.0248186056737
6261.82247714	0.0248185544247
6262.1366364	0.0248185445679
6262.45079567	0.024818473894
6262.76495493	0.0248183762759
6263.0791142	0.0248183089966
6263.39327346	0.0248182712396
6263.70743273	0.0248183095661
6264.02159199	0.0248183633558
6264.33575126	0.0248183674631
6264.64991052	0.02481838191
6264.96406979	0.0248184300001
6265.27822905	0.0248184600051
6265.59238832	0.0248184786535
6265.90654759	0.0248184974216
6266.22070685	0.0248185063592
6266.53486612	0.0248185161246
6266.84902538	0.0248185152325
6267.16318465	0.0248185144873
6267.47734391	0.0248185258077
6267.79150318	0.0248185396227
6268.10566244	0.0248185575021
6268.41982171	0.0248185169985
6268.73398097	0.0248184553761
6269.04814024	0.0248184490961
6269.3622995	0.0248184013589
6269.67645877	0.0248182969827
6269.99061804	0.0248182371112
6270.3047773	0.0248181721027
6270.61893657	0.0248181268346
6270.93309583	0.0248181609782
6271.2472551	0.0248182291827
6271.56141436	0.0248182629063
6271.87557363	0.0248182701083
6272.18973289	0.0248182918541
6272.50389216	0.0248183299886
6272.81805142	0.024818367003
6273.13221069	0.0248183828628
6273.44636995	0.0248184024195
6273.76052922	0.0248184018099
6274.07468848	0.0248183850541
6274.38884775	0.0248183929217
6274.70300702	0.0248184269344
6275.01716628	0.0248184430675
6275.33132555	0.024818369288
6275.64548481	0.0248183154499
6275.95964408	0.0248183472833
6276.27380334	0.0248182969063
6276.58796261	0.0248182070416
6276.90212187	0.0248181647353
6277.21628114	0.0248181114134
6277.5304404	0.0248180183526
6277.84459967	0.0248180093046
6278.15875893	0.0248180796039
6278.4729182	0.0248181245039
6278.78707747	0.0248181523666
6279.10123673	0.0248181863503
6279.415396	0.0248182015006
6279.72955526	0.0248182118891
6280.04371453	0.0248182408081
6280.35787379	0.024818258514
6280.67203306	0.0248182548664
6280.98619232	0.0248182338525
6281.30035159	0.0248182311642
6281.61451085	0.0248182554578
6281.92867012	0.024818263662
6282.24282938	0.0248182288702
6282.55698865	0.0248182026051
6282.87114791	0.0248182082229
6283.18530718	0.0248181795037
