0.314159265359	0.02680007868
0.628318530718	0.0268002168992
0.942477796077	0.0268002674576
1.25663706144	0.0268002474996
1.5707963268	0.0268002563206
1.88495559215	0.0268003171378
2.19911485751	0.0268003890633
2.51327412287	0.0268004518918
2.82743338823	0.0268005198035
3.14159265359	0.0268006024123
3.45575191895	0.0268006915632
3.76991118431	0.0268007771797
4.08407044967	0.0268008571668
4.39822971503	0.0268009311727
4.71238898039	0.0268009941609
5.02654824574	0.0268010196649
5.3407075111	0.0268008071935
5.65486677646	0.0268001599711
5.96902604182	0.0267999342271
6.28318530718	0.026798555499
6.59734457254	0.0267969129747
6.9115038379	0.0267966812779
7.22566310326	0.0267959400235
7.53982236862	0.026794298146
7.85398163398	0.0267933741964
8.16814089933	0.0267929327141
8.48230016469	0.026792121807
8.79645943005	0.0267911639541
9.11061869541	0.0267904963994
9.42477796077	0.0267900721756
9.73893722613	0.0267897275983
10.0530964915	0.0267894582129
10.3672557568	0.0267893001637
10.6814150222	0.0267892529986
10.9955742876	0.0267893238704
11.3097335529	0.0267895907983
11.6238928183	0.0267900480127
11.9380520836	0.026790617686
12.252211349	0.0267912555233
12.5663706144	0.0267919285948
12.8805298797	0.02679259245
13.1946891451	0.0267932436118
13.5088484104	0.0267939061875
13.8230076758	0.0267945754081
14.1371669412	0.0267951459739
14.4513262065	0.0267957297666
14.7654854719	0.0267963691323
15.0796447372	0.0267967920498
15.3938040026	0.0267968816291
15.707963268	0.0267970122309
16.0221225333	0.0267974064731
16.3362817987	0.0267973810598
16.650441064	0.0267971364237
16.9646003294	0.0267974045177
17.2787595947	0.0267979536521
17.5929188601	0.0267983243942
17.9070781255	0.0267988107779
18.2212373908	0.0267996736153
18.5353966562	0.0268007320946
18.8495559215	0.0268017445832
19.1637151869	0.0268027049009
19.4778744523	0.0268036567772
19.7920337176	0.0268046356774
20.106192983	0.0268056262841
20.4203522483	0.0268065391381
20.7345115137	0.0268074377063
21.0486707791	0.0268084116124
21.3628300444	0.0268094674704
21.6769893098	0.0268104370351
21.9911485751	0.0268112328372
22.3053078405	0.0268120990843
22.6194671058	0.0268130966799
22.9336263712	0.0268140654834
23.2477856366	0.0268149244866
23.5619449019	0.0268157648364
23.8761041673	0.0268167910973
24.1902634326	0.0268177150618
24.504422698	0.0268184162508
24.8185819634	0.0268189187528
25.1327412287	0.0268197785299
25.4469004941	0.0268209480226
25.7610597594	0.0268218269995
26.0752190248	0.0268230684792
26.3893782902	0.0268247515666
26.7035375555	0.026826378511
27.0176968209	0.0268279290936
27.3318560862	0.0268294157659
27.6460153516	0.0268307560607
27.960174617	0.0268311707739
28.2743338823	0.0268316555943
28.5884931477	0.0268327757289
28.902652413	0.0268334712414
29.2168116784	0.0268342170815
29.5309709437	0.0268351812207
29.8451302091	0.0268359518578
30.1592894745	0.026837095394
30.4734487398	0.0268389057531
30.7876080052	0.0268405486809
31.1017672705	0.0268418593888
31.4159265359	0.0268434079899
31.7300858013	0.0268453091384
32.0442450666	0.0268469300574
32.358404332	0.0268473087075
32.6725635973	0.0268482875271
32.9867228627	0.0268493921543
33.3008821281	0.0268499476503
33.6150413934	0.0268508780277
33.9292006588	0.0268521300738
34.2433599241	0.0268531201798
34.5575191895	0.0268537957185
34.8716784548	0.0268551258185
35.1858377202	0.0268569352765
35.4999969856	0.0268584982226
35.8141562509	0.0268600400629
36.1283155163	0.0268616857188
36.4424747816	0.0268625935126
36.756634047	0.026862725772
37.0707933124	0.0268636685362
37.3849525777	0.0268643634525
37.6991118431	0.0268648770533
38.0132711084	0.0268661285322
38.3274303738	0.0268674093573
38.6415896392	0.0268683222333
38.9557489045	0.026869852124
39.2699081699	0.0268719011626
39.5840674352	0.0268738299441
39.8982267006	0.0268756467341
40.212385966	0.0268772025826
40.5265452313	0.026878646836
40.8407044967	0.0268799925808
41.154863762	0.0268807081518
41.4690230274	0.0268819078761
41.7831822927	0.0268829646435
42.0973415581	0.0268836725699
42.4115008235	0.0268845791878
42.7256600888	0.0268855751763
43.0398193542	0.0268870532954
43.3539786195	0.0268885170617
43.6681378849	0.0268899025556
43.9822971503	0.0268919402256
44.2964564156	0.0268938400118
44.610615681	0.0268957643152
44.9247749463	0.0268975237911
45.2389342117	0.0268985399424
45.5530934771	0.0268997440793
45.8672527424	0.0269002297663
46.1814120078	0.0269013841604
46.4955712731	0.026903064759
46.8097305385	0.0269043045107
47.1238898039	0.0269051787771
47.4380490692	0.0269068789665
47.7522083346	0.0269087186471
48.0663675999	0.0269104894127
48.3805268653	0.0269124645521
48.6946861306	0.0269141380419
49.008845396	0.0269151131971
49.3230046614	0.0269171755951
49.6371639267	0.0269179685829
49.9513231921	0.0269182772867
50.2654824574	0.0269197113773
50.5796417228	0.0269212727014
50.8938009882	0.0269221722348
51.2079602535	0.0269232988349
51.5221195189	0.0269247918716
51.8362787842	0.0269261831273
52.1504380496	0.0269274514449
52.464597315	0.0269292019723
52.7787565803	0.0269309752625
53.0929158457	0.0269327087975
53.407075111	0.0269338886202
53.7212343764	0.026935092659
54.0353936417	0.0269367227045
54.3495529071	0.0269379752466
54.6637121725	0.0269385406356
54.9778714378	0.0269391218736
55.2920307032	0.0269400491669
55.6061899685	0.0269411875536
55.9203492339	0.0269424658965
56.2345084993	0.0269429301256
56.5486677646	0.0269437844692
56.86282703	0.0269454065549
57.1769862953	0.0269458377676
57.4911455607	0.0269460326939
57.8053048261	0.0269469791125
58.1194640914	0.0269481653725
58.4336233568	0.0269486917318
58.7477826221	0.026948646025
59.0619418875	0.0269494475686
59.3761011529	0.0269498122624
59.6902604182	0.0269496919373
60.0044196836	0.0269501601382
60.3185789489	0.0269509475628
60.6327382143	0.0269510421387
60.9468974796	0.0269507803525
61.261056745	0.026950965947
61.5752160104	0.0269515494537
61.8893752757	0.0269520978411
62.2035345411	0.0269527505643
62.5176938064	0.0269535048194
62.8318530718	0.0269521524739
63.1460123372	0.0269522860949
63.4601716025	0.0269526853802
63.7743308679	0.0269511768665
64.0884901332	0.0269504903644
64.4026493986	0.0269503300703
64.716808664	0.0269495095569
65.0309679293	0.0269483198396
65.3451271947	0.0269475585204
65.65928646	0.0269474770509
65.9734457254	0.0269471629584
66.2876049907	0.0269467720304
66.6017642561	0.0269460249346
66.9159235215	0.0269440147397
67.2300827868	0.0269436412179
67.5442420522	0.0269427102593
67.8584013175	0.0269403177887
68.1725605829	0.0269382257012
68.4867198483	0.0269367253192
68.8008791136	0.0269349223738
69.115038379	0.0269326205881
69.4291976443	0.0269310717791
69.7433569097	0.0269295897666
70.0575161751	0.0269282544681
70.3716754404	0.0269269919592
70.6858347058	0.0269238632488
70.9999939711	0.0269225869535
71.3141532365	0.0269214308331
71.6283125019	0.026917182531
71.9424717672	0.026913894658
72.2566310326	0.0269117917665
72.5707902979	0.02690937575
72.8849495633	0.0269059402453
73.1991088286	0.0269027787352
73.513268094	0.0269005883422
73.8274273594	0.0268981942042
74.1415866247	0.0268955171753
74.4557458901	0.0268928349783
74.7699051554	0.0268894906808
75.0840644208	0.0268873635312
75.3982236862	0.026884815519
75.7123829515	0.0268807196976
76.0265422169	0.0268772870861
76.3407014822	0.0268748080047
76.6548607476	0.0268711547576
76.969020013	0.026867786759
77.2831792783	0.0268650722193
77.5973385437	0.0268613603183
77.911497809	0.0268578613547
78.2256570744	0.026855203044
78.5398163397	0.0268520602289
78.8539756051	0.0268483461699
79.1681348705	0.0268450278935
79.4822941358	0.0268422096006
79.7964534012	0.0268394701934
80.1106126665	0.0268366596021
80.4247719319	0.0268336970897
80.7389311973	0.0268295943987
81.0530904626	0.0268262697739
81.367249728	0.0268237102227
81.6814089933	0.0268205548843
81.9955682587	0.0268167328097
82.3097275241	0.0268134146162
82.6238867894	0.0268103863247
82.9380460548	0.0268066355074
83.2522053201	0.026803609606
83.5663645855	0.0268010065949
83.8805238509	0.0267986554572
84.1946831162	0.0267965938939
84.5088423816	0.0267920299139
84.8230016469	0.026789951661
85.1371609123	0.0267885938216
85.4513201776	0.0267840803996
85.765479443	0.0267803012922
86.0796387084	0.0267780319701
86.3937979737	0.0267754257042
86.7079572391	0.0267724991118
87.0221165044	0.0267699759907
87.3362757698	0.0267673342755
87.6504350352	0.0267652259831
87.9645943005	0.026764245378
88.2787535659	0.0267634770489
88.5929128312	0.0267604305867
88.9070720966	0.0267578784478
89.221231362	0.0267581084684
89.5353906273	0.0267561318755
89.8495498927	0.0267534229537
90.163709158	0.0267517266491
90.4778684234	0.0267501284408
90.7920276888	0.0267494998972
91.1061869541	0.0267491178914
91.4203462195	0.0267484307241
91.7345054848	0.0267470142619
92.0486647502	0.0267473268052
92.3628240155	0.0267481888785
92.6769832809	0.0267468581299
92.9911425463	0.0267458317595
93.3053018116	0.026746258388
93.619461077	0.0267469892753
93.9336203423	0.0267474716107
94.2477796077	0.0267478292655
94.5619388731	0.0267481767953
94.8760981384	0.0267488418732
95.1902574038	0.0267504324233
95.5044166691	0.0267520179177
95.8185759345	0.0267530931424
96.1327351999	0.0267540644412
96.4468944652	0.0267554805834
96.7610537306	0.0267574391251
97.0752129959	0.0267592985135
97.3893722613	0.0267612399287
97.7035315266	0.0267632253568
98.017690792	0.0267638705647
98.3318500574	0.0267670426765
98.6460093227	0.0267702456216
98.9601685881	0.0267714824264
99.2743278534	0.0267728350125
99.5884871188	0.0267754262622
99.9026463842	0.0267783602162
100.21680565	0.0267807096241
100.530964915	0.0267829883703
100.84512418	0.0267860195472
101.159283446	0.0267889226398
101.473442711	0.0267916725042
101.787601976	0.0267952704216
102.101761242	0.0267989682301
102.415920507	0.0268015720878
102.730079772	0.0268039237271
103.044239038	0.0268076265179
103.358398303	0.0268112657944
103.672557568	0.0268136055965
103.986716834	0.026815491574
104.300876099	0.0268184596635
104.615035365	0.0268221891458
104.92919463	0.026824848837
105.243353895	0.0268271471358
105.557513161	0.0268303497613
105.871672426	0.0268333731317
106.185831691	0.0268356151824
106.499990957	0.0268380101628
106.814150222	0.0268408166055
107.128309487	0.0268435018434
107.442468753	0.026845666476
107.756628018	0.0268476801971
108.070787283	0.0268500716793
108.384946549	0.0268524310966
108.699105814	0.0268542426001
109.01326508	0.0268558100728
109.327424345	0.0268573658825
109.64158361	0.0268587718155
109.955742876	0.0268601400736
110.269902141	0.0268614232352
110.584061406	0.0268630832309
110.898220672	0.0268634963171
111.212379937	0.0268643021437
111.526539202	0.0268654625784
111.840698468	0.0268651811883
112.154857733	0.0268652194176
112.469016999	0.0268656490732
112.783176264	0.0268655447119
113.097335529	0.0268652728259
113.411494795	0.0268653121067
113.72565406	0.0268652642368
114.039813325	0.0268649715805
114.353972591	0.0268647285457
114.668131856	0.0268645059111
114.982291121	0.0268640949919
115.296450387	0.0268635310991
115.610609652	0.0268628783219
115.924768917	0.0268618864548
116.238928183	0.0268604273217
116.553087448	0.0268588925211
116.867246714	0.026858343934
117.181405979	0.0268578289691
117.495565244	0.0268564987924
117.80972451	0.0268552802806
118.123883775	0.0268543529776
118.43804304	0.0268522805531
118.752202306	0.0268519098718
119.066361571	0.0268515312975
119.380520836	0.0268493653189
119.694680102	0.0268474825276
120.008839367	0.0268467958051
120.322998632	0.026846063588
120.637157898	0.0268447000254
120.951317163	0.0268433360952
121.265476429	0.0268421513433
121.579635694	0.026840965262
121.893794959	0.0268396982874
122.207954225	0.0268383894604
122.52211349	0.0268369398689
122.836272755	0.0268352336742
123.150432021	0.0268333984134
123.464591286	0.0268318598942
123.778750551	0.0268307163182
124.092909817	0.0268292092536
124.407069082	0.026826834554
124.721228348	0.0268246421642
125.035387613	0.0268233720402
125.349546878	0.0268214726112
125.663706144	0.0268192672856
125.977865409	0.0268176790309
126.292024674	0.0268158896734
126.60618394	0.0268135281455
126.920343205	0.0268116504417
127.23450247	0.0268101513196
127.548661736	0.0268082376235
127.862821001	0.0268062313381
128.176980266	0.0268045673568
128.491139532	0.0268028320699
128.805298797	0.0268007443557
129.119458063	0.0267987526778
129.433617328	0.0267967438058
129.747776593	0.0267944485717
130.061935859	0.0267919996772
130.376095124	0.0267896848873
130.690254389	0.0267873911135
131.004413655	0.026785226767
131.31857292	0.0267833662892
131.632732185	0.0267814980953
131.946891451	0.0267795475435
132.261050716	0.0267772991705
132.575209981	0.0267758395477
132.889369247	0.0267747898366
133.203528512	0.0267728550818
133.517687778	0.0267707381626
133.831847043	0.0267690288232
134.146006308	0.0267676704812
134.460165574	0.0267663303896
134.774324839	0.0267647961517
135.088484104	0.0267631262264
135.40264337	0.0267615783261
135.716802635	0.0267604277279
136.0309619	0.0267593889974
136.345121166	0.026757906091
136.659280431	0.0267562982132
136.973439697	0.0267553097893
137.287598962	0.026754777685
137.601758227	0.0267539562016
137.915917493	0.0267525975664
138.230076758	0.0267513977172
138.544236023	0.0267509102879
138.858395289	0.0267502470344
139.172554554	0.0267493491023
139.486713819	0.0267485548045
139.800873085	0.0267477639028
140.11503235	0.0267468935482
140.429191615	0.0267460745474
140.743350881	0.0267454405416
141.057510146	0.0267449718451
141.371669412	0.0267442755559
141.685828677	0.026743669949
141.999987942	0.0267433703179
142.314147208	0.0267428689082
142.628306473	0.0267419802593
142.942465738	0.0267410572302
143.256625004	0.0267401670199
143.570784269	0.0267390818803
143.884943534	0.0267380093191
144.1991028	0.0267372381926
144.513262065	0.0267365122792
144.82742133	0.0267355267057
145.141580596	0.0267345707529
145.455739861	0.0267337841907
145.769899127	0.026733151355
146.084058392	0.0267322844612
146.398217657	0.0267310919373
146.712376923	0.0267299831258
147.026536188	0.0267290185254
147.340695453	0.0267280983483
147.654854719	0.0267270524792
147.969013984	0.0267257800614
148.283173249	0.0267244925887
148.597332515	0.026723393751
148.91149178	0.0267222368732
149.225651046	0.0267205394994
149.539810311	0.0267188326185
149.853969576	0.026717722139
150.168128842	0.0267167561469
150.482288107	0.0267154947266
150.796447372	0.0267145921814
151.110606638	0.0267131123219
151.424765903	0.0267109513487
151.738925168	0.026710619875
152.053084434	0.0267094917018
152.367243699	0.0267075494843
152.681402964	0.026705862057
152.99556223	0.026704487134
153.309721495	0.0267031744272
153.623880761	0.026701797185
153.938040026	0.0267005239465
154.252199291	0.0266994524174
154.566358557	0.0266983329096
154.880517822	0.0266974280702
155.194677087	0.0266969152315
155.508836353	0.0266961605285
155.822995618	0.0266953237544
156.137154883	0.0266947916785
156.451314149	0.0266943356531
156.765473414	0.0266935714491
157.079632679	0.0266927106397
157.393791945	0.0266921806063
157.70795121	0.0266921792037
158.022110476	0.0266917956167
158.336269741	0.026691155135
158.650429006	0.0266912652249
158.964588272	0.0266914663406
159.278747537	0.0266913512976
159.592906802	0.0266911356283
159.907066068	0.0266911498265
160.221225333	0.0266914778917
160.535384598	0.0266917295753
160.849543864	0.0266917638535
161.163703129	0.0266920553841
161.477862395	0.0266925710561
161.79202166	0.0266930708688
162.106180925	0.0266934965319
162.420340191	0.0266938152143
162.734499456	0.0266941776067
163.048658721	0.0266946497163
163.362817987	0.0266950349021
163.676977252	0.0266953468458
163.991136517	0.0266961101232
164.305295783	0.0266967327637
164.619455048	0.0266964819077
164.933614313	0.0266967585859
165.247773579	0.0266979220949
165.561932844	0.0266985452822
165.87609211	0.0266985365121
166.190251375	0.0266985754144
166.50441064	0.0266986645391
166.818569906	0.0266987660255
167.132729171	0.0266989556529
167.446888436	0.0266991015393
167.761047702	0.0266990659496
168.075206967	0.0266988894919
168.389366232	0.0266989271772
168.703525498	0.0266991762894
169.017684763	0.0266992199328
169.331844029	0.0266986779655
169.646003294	0.0266978532883
169.960162559	0.0266975655353
170.274321825	0.0266974187499
170.58848109	0.0266966740089
170.902640355	0.0266959776039
171.216799621	0.0266958132201
171.530958886	0.0266952250526
171.845118151	0.0266943365335
172.159277417	0.0266939342612
172.473436682	0.0266937839978
172.787595947	0.0266930245054
173.101755213	0.026692050716
173.415914478	0.0266915145104
173.730073744	0.0266911523327
174.044233009	0.0266906133446
174.358392274	0.0266899748725
174.67255154	0.0266896162801
174.986710805	0.0266893407994
175.30087007	0.0266887574097
175.615029336	0.0266880541834
175.929188601	0.02668753224
176.243347866	0.0266870179096
176.557507132	0.0266864280637
176.871666397	0.0266859917506
177.185825662	0.0266857552042
177.499984928	0.0266851394922
177.814144193	0.026684496266
178.128303459	0.0266841008171
178.442462724	0.0266837985058
178.756621989	0.0266837536265
179.070781255	0.0266836285639
179.38494052	0.0266832684667
179.699099785	0.0266829089205
180.013259051	0.02668282428
180.327418316	0.0266828418049
180.641577581	0.0266828209556
180.955736847	0.0266827846279
181.269896112	0.0266827648525
181.584055378	0.0266829655532
181.898214643	0.0266833377585
182.212373908	0.0266833916081
182.526533174	0.026683283154
182.840692439	0.0266833805842
183.154851704	0.0266832103417
183.46901097	0.0266827217771
183.783170235	0.0266824552245
184.0973295	0.026682387144
184.411488766	0.026682239262
184.725648031	0.0266819315789
185.039807296	0.0266814683021
185.353966562	0.0266812926834
185.668125827	0.0266811934253
185.982285093	0.0266808437222
186.296444358	0.0266805241172
186.610603623	0.0266804536417
186.924762889	0.0266803683148
187.238922154	0.0266800836743
187.553081419	0.0266797781035
187.867240685	0.0266795982587
188.18139995	0.0266792592523
188.495559215	0.0266786431422
188.809718481	0.026677967469
189.123877746	0.0266772489301
189.438037011	0.0266764143511
189.752196277	0.0266754322001
190.066355542	0.0266743684795
190.380514808	0.0266733944399
190.694674073	0.0266724263533
191.008833338	0.0266711856625
191.322992604	0.0266697864987
191.637151869	0.0266685059386
191.951311134	0.0266676652276
192.2654704	0.0266667274706
192.579629665	0.0266653192264
192.89378893	0.0266638424304
193.207948196	0.0266626413296
193.522107461	0.0266616493473
193.836266727	0.0266606141425
194.150425992	0.0266595100989
194.464585257	0.0266584206854
194.778744523	0.0266573638735
195.092903788	0.0266563030257
195.407063053	0.0266553187838
195.721222319	0.0266543440016
196.035381584	0.0266530507531
196.349540849	0.0266517366483
196.663700115	0.0266507970392
196.97785938	0.0266496734955
197.292018645	0.026648451518
197.606177911	0.0266475049987
197.920337176	0.0266465653803
198.234496442	0.0266455124897
198.548655707	0.0266448386672
198.862814972	0.0266446167174
199.176974238	0.026644103538
199.491133503	0.0266433491934
199.805292768	0.0266429328035
200.119452034	0.0266428107931
200.433611299	0.0266426802874
200.747770564	0.0266423722593
201.06192983	0.0266420459384
201.376089095	0.0266419323585
201.69024836	0.0266417981649
202.004407626	0.0266415917194
202.318566891	0.0266412735973
202.632726157	0.0266407165941
202.946885422	0.0266403009787
203.261044687	0.0266404547786
203.575203953	0.0266404435182
203.889363218	0.0266396615964
204.203522483	0.0266387259004
204.517681749	0.0266384663197
204.831841014	0.0266384533313
205.146000279	0.0266382343947
205.460159545	0.0266378201517
205.77431881	0.0266372861044
206.088478076	0.0266367774509
206.402637341	0.0266363166344
206.716796606	0.0266358804227
207.030955872	0.0266353402767
207.345115137	0.0266346980851
207.659274402	0.0266341148506
207.973433668	0.0266337240264
208.287592933	0.0266332683906
208.601752198	0.0266323382776
208.915911464	0.0266312823686
209.230070729	0.0266305012758
209.544229994	0.0266295643724
209.85838926	0.0266277726554
210.172548525	0.0266260300626
210.486707791	0.0266247868925
210.800867056	0.0266234219389
211.115026321	0.0266216446113
211.429185587	0.0266199427914
211.743344852	0.0266186875887
212.057504117	0.0266173981303
212.371663383	0.0266156748969
212.685822648	0.0266139293178
212.999981913	0.0266124337219
213.314141179	0.0266110895445
213.628300444	0.0266097631472
213.942459709	0.026608359145
214.256618975	0.0266068813713
214.57077824	0.0266055635511
214.884937506	0.0266043357686
215.199096771	0.0266027879928
215.513256036	0.0266010328051
215.827415302	0.026599355255
216.141574567	0.0265977661467
216.455733832	0.0265963314267
216.769893098	0.0265950892604
217.084052363	0.026593775409
217.398211628	0.0265922494057
217.712370894	0.0265912038571
218.026530159	0.0265903446376
218.340689425	0.026589306694
218.65484869	0.0265884156567
218.969007955	0.0265873704326
219.283167221	0.0265861707131
219.597326486	0.026585278844
219.911485751	0.0265847045863
220.225645017	0.0265840059192
220.539804282	0.0265831683777
220.853963547	0.0265825230832
221.168122813	0.0265820519419
221.482282078	0.0265813537005
221.796441343	0.0265805902946
222.110600609	0.0265800699314
222.424759874	0.0265797932282
222.73891914	0.0265792955785
223.053078405	0.0265779546099
223.36723767	0.0265772466474
223.681396936	0.0265770298891
223.995556201	0.0265763546553
224.309715466	0.026575258936
224.623874732	0.0265745191979
224.938033997	0.0265746691568
225.252193262	0.0265742712905
225.566352528	0.0265730739824
225.880511793	0.0265724744046
226.194671058	0.0265725034563
226.508830324	0.026572290719
226.822989589	0.0265716358677
227.137148855	0.0265711731057
227.45130812	0.0265710882475
227.765467385	0.0265708023766
228.079626651	0.0265700714311
228.393785916	0.0265693107117
228.707945181	0.026568775355
229.022104447	0.0265681260468
229.336263712	0.026567226634
229.650422977	0.0265669589619
229.964582243	0.0265666816586
230.278741508	0.0265654418002
230.592900774	0.0265647891467
230.907060039	0.0265646137669
231.221219304	0.0265640487045
231.53537857	0.0265632332619
231.849537835	0.0265623653352
232.1636971	0.0265613173795
232.477856366	0.0265604647383
232.792015631	0.0265599122694
233.106174896	0.0265593053693
233.420334162	0.0265585954077
233.734493427	0.0265579354106
234.048652692	0.0265573670332
234.362811958	0.026556765758
234.676971223	0.0265561322659
234.991130489	0.0265555351298
235.305289754	0.0265549145367
235.619449019	0.026554444764
235.933608285	0.0265542101047
236.24776755	0.0265535094955
236.561926815	0.0265525880992
236.876086081	0.0265521705013
237.190245346	0.0265517015433
237.504404611	0.0265510050945
237.818563877	0.0265508247422
238.132723142	0.0265505909085
238.446882407	0.0265496703148
238.761041673	0.0265488335893
239.075200938	0.0265486560636
239.389360204	0.026548670691
239.703519469	0.026548366525
240.017678734	0.0265479559767
240.331838	0.0265478809892
240.645997265	0.0265478717511
240.96015653	0.0265476539609
241.274315796	0.0265474578725
241.588475061	0.0265472921532
241.902634326	0.0265470329024
242.216793592	0.0265465737023
242.530952857	0.026546433229
242.845112123	0.0265465037515
243.159271388	0.0265463769321
243.473430653	0.0265461674941
243.787589919	0.0265460678526
244.101749184	0.0265463463433
244.415908449	0.0265466001676
244.730067715	0.0265462321276
245.04422698	0.026545650444
245.358386245	0.0265453988745
245.672545511	0.0265454810065
245.986704776	0.0265455872391
246.300864041	0.0265454649158
246.615023307	0.0265452511328
246.929182572	0.0265452084082
247.243341838	0.0265452507396
247.557501103	0.026545190582
247.871660368	0.0265448326526
248.185819634	0.0265447179189
248.499978899	0.0265449354161
248.814138164	0.0265452190031
249.12829743	0.0265449069995
249.442456695	0.0265439837027
249.75661596	0.0265438562299
250.070775226	0.0265437378163
250.384934491	0.0265429861544
250.699093756	0.0265423845389
251.013253022	0.0265421868619
251.327412287	0.0265415347437
251.641571553	0.0265406194564
251.955730818	0.0265400041952
252.269890083	0.0265396256591
252.584049349	0.026539243656
252.898208614	0.0265387858425
253.212367879	0.0265383034322
253.526527145	0.026537910401
253.84068641	0.0265374982343
254.154845675	0.0265371743832
254.469004941	0.0265366628615
254.783164206	0.0265357626778
255.097323472	0.0265349435512
255.411482737	0.0265343178989
255.725642002	0.0265336477521
256.039801268	0.0265330920052
256.353960533	0.0265324942199
256.668119798	0.0265316470076
256.982279064	0.0265309246819
257.296438329	0.0265305030678
257.610597594	0.0265305044085
257.92475686	0.0265300028194
258.238916125	0.0265289724274
258.55307539	0.0265282939194
258.867234656	0.0265281648235
259.181393921	0.0265279772761
259.495553187	0.0265274271943
259.809712452	0.0265269322273
260.123871717	0.0265267194879
260.438030983	0.02652653701
260.752190248	0.0265263295327
261.066349513	0.0265260103571
261.380508779	0.0265256645947
261.694668044	0.0265256350373
262.008827309	0.026525946851
262.322986575	0.0265257728058
262.63714584	0.0265251672226
262.951305105	0.0265250793795
263.265464371	0.0265250118277
263.579623636	0.0265248821408
263.893782902	0.026524972015
264.207942167	0.026524951921
264.522101432	0.0265246194004
264.836260698	0.0265243148902
265.150419963	0.0265243343166
265.464579228	0.0265244699785
265.778738494	0.0265244937757
266.092897759	0.0265244696608
266.407057024	0.0265245422413
266.72121629	0.0265245590654
267.035375555	0.0265244657762
267.349534821	0.026524469793
267.663694086	0.0265242711904
267.977853351	0.0265237067484
268.292012617	0.0265229659182
268.606171882	0.0265224418339
268.920331147	0.0265221625771
269.234490413	0.0265217400853
269.548649678	0.0265211253329
269.862808943	0.0265202704639
270.176968209	0.0265192819291
270.491127474	0.0265190538116
270.805286739	0.0265186055237
271.119446005	0.0265172532781
271.43360527	0.0265162143791
271.747764536	0.0265157618299
272.061923801	0.0265150272691
272.376083066	0.0265140048668
272.690242332	0.0265131071287
273.004401597	0.0265122092332
273.318560862	0.0265111081476
273.632720128	0.0265099759084
273.946879393	0.0265087832086
274.261038658	0.0265072652218
274.575197924	0.0265056965519
274.889357189	0.0265042692003
275.203516454	0.0265030675119
275.51767572	0.0265019405481
275.831834985	0.0265003144082
276.145994251	0.0264983917807
276.460153516	0.0264972399956
276.774312781	0.0264965358437
277.088472047	0.0264952299474
277.402631312	0.0264935575547
277.716790577	0.0264921099669
278.030949843	0.0264910663179
278.345109108	0.0264900653026
278.659268373	0.0264889077328
278.973427639	0.0264878062438
279.287586904	0.0264868445146
279.60174617	0.0264860237075
279.915905435	0.0264851726169
280.2300647	0.0264841592906
280.544223966	0.0264831237814
280.858383231	0.0264821095512
281.172542496	0.0264809663124
281.486701762	0.0264797096228
281.800861027	0.0264786684558
282.115020292	0.0264777874622
282.429179558	0.0264768867624
282.743338823	0.026475767245
283.057498088	0.0264746862169
283.371657354	0.0264739497006
283.685816619	0.0264732153324
283.999975885	0.0264722308802
284.31413515	0.0264715093002
284.628294415	0.026471112449
284.942453681	0.0264705664647
285.256612946	0.0264697604443
285.570772211	0.0264690665445
285.884931477	0.0264684586419
286.199090742	0.0264678071017
286.513250007	0.0264669406053
286.827409273	0.0264659104992
287.141568538	0.0264648890333
287.455727803	0.0264637630425
287.769887069	0.026462583658
288.084046334	0.0264618065653
288.3982056	0.0264612162008
288.712364865	0.0264601044711
289.02652413	0.0264585218908
289.340683396	0.0264575953544
289.654842661	0.0264571966666
289.969001926	0.0264563729791
290.283161192	0.0264552272342
290.597320457	0.0264543504678
290.911479722	0.02645362779
291.225638988	0.0264528380321
291.539798253	0.0264520695358
291.853957519	0.026451389718
292.168116784	0.0264508415828
292.482276049	0.0264502965681
292.796435315	0.0264496955909
293.11059458	0.0264489373924
293.424753845	0.0264479867329
293.738913111	0.0264471856962
294.053072376	0.0264466486093
294.367231641	0.0264456845332
294.681390907	0.0264442121725
294.995550172	0.0264431822224
295.309709437	0.0264425052767
295.623868703	0.0264416235302
295.938027968	0.026440584358
296.252187234	0.0264396685596
296.566346499	0.0264389632623
296.880505764	0.026438328812
297.19466503	0.0264376205287
297.508824295	0.0264369942898
297.82298356	0.0264363965109
298.137142826	0.0264358544151
298.451302091	0.026435528762
298.765461356	0.0264351146539
299.079620622	0.0264344455832
299.393779887	0.0264338832988
299.707939152	0.0264333910022
300.022098418	0.0264325665339
300.336257683	0.0264314498505
300.650416949	0.0264304388169
300.964576214	0.0264295825196
301.278735479	0.0264290294407
301.592894745	0.0264286875821
301.90705401	0.0264280948041
302.221213275	0.0264273244757
302.535372541	0.02642703787
302.849531806	0.0264271378606
303.163691071	0.0264267730718
303.477850337	0.0264258937057
303.792009602	0.0264250506295
304.106168868	0.0264245574125
304.420328133	0.0264242987615
304.734487398	0.0264240123605
305.048646664	0.0264236856093
305.362805929	0.0264234510143
305.676965194	0.0264233559635
305.99112446	0.0264231901013
306.305283725	0.0264228503418
306.61944299	0.0264225838763
306.933602256	0.0264224989431
307.247761521	0.0264225069844
307.561920786	0.0264224101026
307.876080052	0.0264222003262
308.190239317	0.0264220790292
308.504398583	0.0264221325228
308.818557848	0.0264222590909
309.132717113	0.026422378568
309.446876379	0.0264224191773
309.761035644	0.0264223298169
310.075194909	0.0264222214005
310.389354175	0.0264221532432
310.70351344	0.0264221308699
311.017672705	0.0264223244713
311.331831971	0.02642243885
311.645991236	0.0264224810776
311.960150501	0.0264226691593
312.274309767	0.026422839488
312.588469032	0.0264227817305
312.902628298	0.0264225195118
313.216787563	0.0264222968398
313.530946828	0.0264221665623
313.845106094	0.0264218407176
314.159265359	0.0264215031648
314.473424624	0.0264216952852
314.78758389	0.0264219792701
315.101743155	0.0264218756429
315.41590242	0.026421537021
315.730061686	0.0264217986973
316.044220951	0.0264221707985
316.358380217	0.0264217808058
316.672539482	0.0264210544153
316.986698747	0.0264205325183
317.300858013	0.0264202167325
317.615017278	0.02641998622
317.929176543	0.0264196517621
318.243335809	0.0264192187091
318.557495074	0.0264188495848
318.871654339	0.0264185949481
319.185813605	0.0264180776963
319.49997287	0.0264174260001
319.814132135	0.0264170897316
320.128291401	0.026416925591
320.442450666	0.0264165490352
320.756609932	0.0264159387895
321.070769197	0.0264153642863
321.384928462	0.0264148829967
321.699087728	0.0264144056519
322.013246993	0.0264139706171
322.327406258	0.0264135177955
322.641565524	0.0264127121324
322.955724789	0.0264116954993
323.269884054	0.0264108098312
323.58404332	0.0264100710216
323.898202585	0.0264093146036
324.21236185	0.0264085729582
324.526521116	0.0264079086347
324.840680381	0.0264070927566
325.154839647	0.026406192749
325.468998912	0.026405594431
325.783158177	0.0264048302551
326.097317443	0.0264035309237
326.411476708	0.0264022787859
326.725635973	0.0264014475156
327.039795239	0.026400594306
327.353954504	0.0263993966273
327.668113769	0.0263982747219
327.982273035	0.026397421566
328.2964323	0.0263966086193
328.610591566	0.0263955350234
328.924750831	0.0263946472332
329.238910096	0.0263940767186
329.553069362	0.0263928990681
329.867228627	0.0263916248678
330.181387892	0.0263908265191
330.495547158	0.0263899477836
330.809706423	0.0263888136474
331.123865688	0.0263877864655
331.438024954	0.0263867600076
331.752184219	0.0263857224422
332.066343484	0.0263850717741
332.38050275	0.0263841519867
332.694662015	0.0263829191101
333.008821281	0.0263822317824
333.322980546	0.0263820528802
333.637139811	0.0263818056703
333.951299077	0.0263811783668
334.265458342	0.0263800441641
334.579617607	0.0263795031797
334.893776873	0.0263794802015
335.207936138	0.0263791523253
335.522095403	0.0263783304898
335.836254669	0.0263773286353
336.150413934	0.0263765267068
336.464573199	0.0263759384501
336.778732465	0.0263754116028
337.09289173	0.0263747482972
337.407050996	0.0263740884733
337.721210261	0.0263736380592
338.035369526	0.0263730727063
338.349528792	0.0263729300818
338.663688057	0.0263729897316
338.977847322	0.0263724979264
339.292006588	0.0263718739492
339.606165853	0.0263715707906
339.920325118	0.0263711347956
340.234484384	0.0263703795235
340.548643649	0.0263698089078
340.862802915	0.026369517626
341.17696218	0.0263690386216
341.491121445	0.0263682132954
341.805280711	0.0263678272037
342.119439976	0.0263679131847
342.433599241	0.0263672662741
342.747758507	0.0263663159382
343.061917772	0.0263659963516
343.376077037	0.0263658475672
343.690236303	0.0263653988487
344.004395568	0.0263647519008
344.318554833	0.0263642179359
344.632714099	0.026363900349
344.946873364	0.0263636488723
345.26103263	0.026363217257
345.575191895	0.0263626339575
345.88935116	0.0263621701863
346.203510426	0.0263618047861
346.517669691	0.0263615811955
346.831828956	0.0263616915679
347.145988222	0.0263615782735
347.460147487	0.0263605622283
347.774306752	0.0263604294408
348.088466018	0.0263609123982
348.402625283	0.026360440828
348.716784548	0.0263595404091
349.030943814	0.0263588325955
349.345103079	0.026358273898
349.659262345	0.0263578286615
349.97342161	0.0263572650211
350.287580875	0.0263565558981
350.601740141	0.0263556652144
350.915899406	0.0263551815822
351.230058671	0.0263550936679
351.544217937	0.0263546697185
351.858377202	0.0263538222748
352.172536467	0.0263530472181
352.486695733	0.0263524406287
352.800854998	0.026351875533
353.115014264	0.0263509043934
353.429173529	0.0263497520175
353.743332794	0.0263490460214
354.05749206	0.0263482652713
354.371651325	0.0263468729131
354.68581059	0.0263462867977
354.999969856	0.0263458515877
355.314129121	0.0263442551791
355.628288386	0.0263425563755
355.942447652	0.0263416970425
356.256606917	0.0263410872138
356.570766182	0.0263400471133
356.884925448	0.0263386925345
357.199084713	0.0263376871124
357.513243979	0.0263369827547
357.827403244	0.0263359670231
358.141562509	0.0263349234903
358.455721775	0.026333837938
358.76988104	0.026332616513
359.084040305	0.0263314739555
359.398199571	0.02633071039
359.712358836	0.0263299625972
360.026518101	0.0263288952512
360.340677367	0.0263279756146
360.654836632	0.0263274412546
360.968995897	0.0263263021916
361.283155163	0.0263256412773
361.597314428	0.0263254318444
361.911473694	0.0263244433824
362.225632959	0.0263233151201
362.539792224	0.0263229168561
362.85395149	0.0263226895315
363.168110755	0.0263221675136
363.48227002	0.0263215956644
363.796429286	0.0263213530267
364.110588551	0.0263214264267
364.424747816	0.0263214032955
364.738907082	0.0263211857998
365.053066347	0.0263211774715
365.367225613	0.0263214752023
365.681384878	0.0263217176142
365.995544143	0.0263212611125
366.309703409	0.0263206661333
366.623862674	0.0263205755499
366.938021939	0.026320333407
367.252181205	0.0263199457058
367.56634047	0.0263195382099
367.880499735	0.0263191703361
368.194659001	0.0263189669531
368.508818266	0.0263187911475
368.822977531	0.0263184526065
369.137136797	0.0263182364661
369.451296062	0.0263182347254
369.765455328	0.0263181912373
370.079614593	0.0263179822218
370.393773858	0.0263176185115
370.707933124	0.0263172605509
371.022092389	0.0263169146645
371.336251654	0.0263165352574
371.65041092	0.0263158657663
371.964570185	0.0263149242577
372.27872945	0.0263141768947
372.592888716	0.0263136322084
372.907047981	0.0263128088673
373.221207246	0.0263116577674
373.535366512	0.0263105969981
373.849525777	0.0263095120292
374.163685043	0.0263083295362
374.477844308	0.0263074984127
374.792003573	0.0263067293884
375.106162839	0.0263055256655
375.420322104	0.0263042711222
375.734481369	0.0263032281039
376.048640635	0.0263019636087
376.3627999	0.0263006016258
376.676959165	0.0262995765862
376.991118431	0.0262985518999
377.305277696	0.0262974961683
377.619436962	0.0262965165594
377.933596227	0.0262954036376
378.247755492	0.0262942205679
378.561914758	0.0262931284367
378.876074023	0.0262920393046
379.190233288	0.026290830035
379.504392554	0.0262895172024
379.818551819	0.0262883010219
380.132711084	0.0262872559456
380.44687035	0.0262862090284
380.761029615	0.0262850490462
381.07518888	0.0262839425516
381.389348146	0.0262829216345
381.703507411	0.0262819514553
382.017666677	0.0262810972775
382.331825942	0.0262802085853
382.645985207	0.0262794290283
382.960144473	0.0262788654076
383.274303738	0.0262780581915
383.588463003	0.0262774271731
383.902622269	0.0262771811329
384.216781534	0.0262768267921
384.530940799	0.0262762710387
384.845100065	0.0262758182493
385.15925933	0.026275530355
385.473418595	0.0262752665303
385.787577861	0.0262750087398
386.101737126	0.0262748127998
386.415896392	0.0262746624677
386.730055657	0.0262746018028
387.044214922	0.0262744806525
387.358374188	0.0262747995182
387.672533453	0.026275315391
387.986692718	0.0262753356142
388.300851984	0.0262752943067
388.615011249	0.0262754895871
388.929170514	0.0262755028999
389.24332978	0.0262756845483
389.557489045	0.0262760829499
389.871648311	0.0262764149442
390.185807576	0.0262767245319
390.499966841	0.0262771017923
390.814126107	0.0262774382017
391.128285372	0.0262776875614
391.442444637	0.0262780087161
391.756603903	0.0262783899135
392.070763168	0.0262787697247
392.384922433	0.0262792170957
392.699081699	0.0262792129212
393.013240964	0.0262791080753
393.327400229	0.0262790219337
393.641559495	0.0262787329007
393.95571876	0.0262784765526
394.269878026	0.0262782718556
394.584037291	0.0262779167485
394.898196556	0.0262775659091
395.212355822	0.0262772456714
395.526515087	0.02627682452
395.840674352	0.0262764667419
396.154833618	0.0262762526784
396.468992883	0.0262759874577
396.783152148	0.0262755019664
397.097311414	0.0262748129223
397.411470679	0.0262743049906
397.725629944	0.0262738296164
398.03978921	0.0262730353589
398.353948475	0.0262719970002
398.668107741	0.0262709928893
398.982267006	0.0262700737814
399.296426271	0.0262691501645
399.610585537	0.0262682331275
399.924744802	0.0262674694887
400.238904067	0.0262668631584
400.553063333	0.0262662518178
400.867222598	0.0262654151908
401.181381863	0.0262645303195
401.495541129	0.0262637364922
401.809700394	0.0262627680002
402.12385966	0.0262617744673
402.438018925	0.0262608395697
402.75217819	0.0262599314929
403.066337456	0.026259061046
403.380496721	0.0262581611911
403.694655986	0.0262571019851
404.008815252	0.0262560409313
404.322974517	0.0262550689967
404.637133782	0.0262541570181
404.951293048	0.0262535187159
405.265452313	0.0262531810401
405.579611578	0.0262529238881
405.893770844	0.0262522315959
406.207930109	0.0262507858448
406.522089375	0.0262497525185
406.83624864	0.0262488089427
407.150407905	0.0262474535125
407.464567171	0.0262460035531
407.778726436	0.0262446631084
408.092885701	0.0262434439834
408.407044967	0.0262421076458
408.721204232	0.0262406454314
409.035363497	0.0262394748098
409.349522763	0.0262385715486
409.663682028	0.026237752096
409.977841293	0.0262369854983
410.292000559	0.0262358743874
410.606159824	0.026234670922
410.92031909	0.0262335674147
411.234478355	0.0262319860004
411.54863762	0.0262303627289
411.862796886	0.0262291321378
412.176956151	0.0262279907529
412.491115416	0.0262268831093
412.805274682	0.0262259055143
413.119433947	0.0262249791622
413.433593212	0.0262241094382
413.747752478	0.0262231524331
414.061911743	0.0262221389368
414.376071009	0.026221533195
414.690230274	0.0262209651953
415.004389539	0.0262199383852
415.318548805	0.026218893687
415.63270807	0.0262181665004
415.946867335	0.0262175101822
416.261026601	0.0262167150646
416.575185866	0.0262158508882
416.889345131	0.0262150813517
417.203504397	0.0262144752477
417.517663662	0.0262140846339
417.831822927	0.0262138434828
418.145982193	0.0262135579217
418.460141458	0.0262133695836
418.774300724	0.026213279753
419.088459989	0.0262128985307
419.402619254	0.0262121875968
419.71677852	0.0262114441417
420.030937785	0.0262107461101
420.34509705	0.0262099794059
420.659256316	0.0262091918982
420.973415581	0.0262083286602
421.287574846	0.0262075558565
421.601734112	0.0262068679696
421.915893377	0.0262061899956
422.230052642	0.0262056173343
422.544211908	0.0262051481541
422.858371173	0.0262047615881
423.172530439	0.0262043541669
423.486689704	0.0262037789818
423.800848969	0.0262032437873
424.115008235	0.026202788675
424.4291675	0.0262021309141
424.743326765	0.0262013048985
425.057486031	0.0262005062354
425.371645296	0.0261997970458
425.685804561	0.0261988923695
425.999963827	0.0261980760719
426.314123092	0.0261975269444
426.628282358	0.0261967518417
426.942441623	0.0261959528089
427.256600888	0.0261954555002
427.570760154	0.0261949353339
427.884919419	0.0261945203487
428.199078684	0.0261939228619
428.51323795	0.0261930364327
428.827397215	0.0261921667025
429.14155648	0.0261913936477
429.455715746	0.0261906852448
429.769875011	0.0261899658581
430.084034276	0.0261892207985
430.398193542	0.0261885341454
430.712352807	0.0261880661955
431.026512073	0.0261877610974
431.340671338	0.0261871901853
431.654830603	0.026186500549
431.968989869	0.0261863401712
432.283149134	0.0261862374156
432.597308399	0.0261852853367
432.911467665	0.0261841951796
433.22562693	0.0261836150564
433.539786195	0.0261831159162
433.853945461	0.0261825536326
434.168104726	0.0261817937372
434.482263991	0.0261808587861
434.796423257	0.026179966329
435.110582522	0.0261791819393
435.424741788	0.0261784730535
435.738901053	0.0261779100917
436.053060318	0.0261774842268
436.367219584	0.0261772678244
436.681378849	0.026177510078
436.995538114	0.0261776847301
437.30969738	0.0261770436643
437.623856645	0.0261765023778
437.93801591	0.0261761664705
438.252175176	0.0261751021676
438.566334441	0.0261740921039
438.880493707	0.026173484291
439.194652972	0.0261728371697
439.508812237	0.0261722251798
439.822971503	0.0261717152697
440.137130768	0.0261713483571
440.451290033	0.0261709906598
440.765449299	0.0261706109777
441.079608564	0.026170400423
441.393767829	0.0261703645883
441.707927095	0.0261703492122
442.02208636	0.0261702820681
442.336245625	0.026170327273
442.650404891	0.0261704855126
442.964564156	0.0261706219896
443.278723422	0.0261707656832
443.592882687	0.0261708939428
443.907041952	0.0261710421193
444.221201218	0.0261712067847
444.535360483	0.0261714004596
444.849519748	0.0261716530987
445.163679014	0.0261719008325
445.477838279	0.0261720586246
445.791997544	0.0261721824522
446.10615681	0.0261723437778
446.420316075	0.0261724682708
446.73447534	0.0261726671051
447.048634606	0.0261729279055
447.362793871	0.0261731092828
447.676953137	0.0261732637752
447.991112402	0.0261734135337
448.305271667	0.0261735699862
448.619430933	0.0261737855523
448.933590198	0.0261740695702
449.247749463	0.0261743939493
449.561908729	0.0261746279612
449.876067994	0.0261749522081
450.190227259	0.0261753744822
450.504386525	0.0261754334613
450.81854579	0.0261752846495
451.132705056	0.0261752002659
451.446864321	0.0261749855267
451.761023586	0.0261745418324
452.075182852	0.0261740669009
452.389342117	0.0261735877316
452.703501382	0.0261729939907
453.017660648	0.0261722934262
453.331819913	0.0261715453254
453.645979178	0.0261707737886
453.960138444	0.0261700202629
454.274297709	0.0261693580974
454.588456974	0.0261685782607
454.90261624	0.0261678692963
455.216775505	0.0261672960461
455.530934771	0.0261663758921
455.845094036	0.0261651117823
456.159253301	0.0261638406785
456.473412567	0.0261625853741
456.787571832	0.0261611235982
457.101731097	0.0261596135423
457.415890363	0.0261580234325
457.730049628	0.0261563830805
458.044208893	0.0261547684696
458.358368159	0.0261529408397
458.672527424	0.026151074679
458.986686689	0.0261494881808
459.300845955	0.0261478960078
459.61500522	0.026146156971
459.929164486	0.0261443184565
460.243323751	0.0261424845793
460.557483016	0.0261408340385
460.871642282	0.0261390127636
461.185801547	0.026137018362
461.499960812	0.0261351796472
461.814120078	0.0261335026219
462.128279343	0.0261318051213
462.442438608	0.0261300578412
462.756597874	0.0261285334704
463.070757139	0.0261271445942
463.384916405	0.0261257543417
463.69907567	0.0261244780787
464.013234935	0.0261234684561
464.327394201	0.0261223981453
464.641553466	0.026121032276
464.955712731	0.0261198044853
465.269871997	0.0261187613729
465.584031262	0.0261176863897
465.898190527	0.0261166606091
466.212349793	0.0261158313638
466.526509058	0.0261151852531
466.840668323	0.0261147582426
467.154827589	0.0261145086978
467.468986854	0.0261145232471
467.78314612	0.0261147232835
468.097305385	0.0261148462206
468.41146465	0.0261150079557
468.725623916	0.0261151552133
469.039783181	0.0261152314979
469.353942446	0.0261154712398
469.668101712	0.0261157637485
469.982260977	0.0261160007147
470.296420242	0.0261162606271
470.610579508	0.0261165603703
470.924738773	0.0261169472393
471.238898038	0.0261173073847
471.553057304	0.0261176638682
471.867216569	0.0261183234546
472.181375835	0.0261192026189
472.4955351	0.026120127886
472.809694365	0.0261208742652
473.123853631	0.0261209409304
473.438012896	0.0261211000799
473.752172161	0.0261215782589
474.066331427	0.0261215316685
474.380490692	0.0261212037963
474.694649957	0.0261210986736
475.008809223	0.0261210353816
475.322968488	0.0261207682944
475.637127754	0.0261204221443
475.951287019	0.0261202046398
476.265446284	0.0261200629423
476.57960555	0.0261198411353
476.893764815	0.026119735067
477.20792408	0.0261196195964
477.522083346	0.0261189984574
477.836242611	0.0261180766669
478.150401876	0.0261171895672
478.464561142	0.0261162364785
478.778720407	0.0261151285444
479.092879672	0.0261138960808
479.407038938	0.0261126579653
479.721198203	0.0261115415718
480.035357469	0.0261104029205
480.349516734	0.0261091066793
480.663675999	0.0261077309694
480.977835265	0.0261063402072
481.29199453	0.026104997165
481.606153795	0.0261036815954
481.920313061	0.0261020275402
482.234472326	0.0261001554589
482.548631591	0.0260984578582
482.862790857	0.0260967934647
483.176950122	0.0260949810428
483.491109388	0.0260932479533
483.805268653	0.0260916251752
484.119427918	0.0260897771086
484.433587184	0.0260880845353
484.747746449	0.0260867808217
485.061905714	0.0260855264283
485.37606498	0.026084346181
485.690224245	0.0260835875916
486.00438351	0.0260824894642
486.318542776	0.0260806438115
486.632702041	0.0260796628589
486.946861306	0.0260784971087
487.261020572	0.0260768339594
487.575179837	0.0260755580584
487.889339103	0.0260745866842
488.203498368	0.0260734524612
488.517657633	0.026072213867
488.831816899	0.0260711725261
489.145976164	0.0260704557059
489.460135429	0.0260699156473
489.774294695	0.0260696486072
490.08845396	0.0260695113527
490.402613225	0.0260694645691
490.716772491	0.0260695482951
491.030931756	0.0260696053985
491.345091021	0.0260693857628
491.659250287	0.0260686836678
491.973409552	0.0260680729371
492.287568818	0.026067756936
492.601728083	0.0260675701452
492.915887348	0.0260674069705
493.230046614	0.0260673604849
493.544205879	0.0260674408007
493.858365144	0.0260672288443
494.17252441	0.0260671453712
494.486683675	0.026067880407
494.80084294	0.0260680719691
495.115002206	0.0260677565092
495.429161471	0.0260678190876
495.743320737	0.0260679379884
496.057480002	0.0260678171736
496.371639267	0.0260677403897
496.685798533	0.0260676002854
496.999957798	0.0260673007354
497.314117063	0.0260670501749
497.628276329	0.0260670224977
497.942435594	0.0260670919012
498.256594859	0.0260671687579
498.570754125	0.0260672876121
498.88491339	0.0260675809423
499.199072655	0.0260680523529
499.513231921	0.0260680130941
499.827391186	0.0260672931911
500.141550452	0.0260675945363
500.455709717	0.0260676916423
500.769868982	0.0260670109086
501.084028248	0.0260664070918
501.398187513	0.0260661165524
501.712346778	0.0260656882423
502.026506044	0.0260651676918
502.340665309	0.0260647536031
502.654824574	0.0260644870204
502.96898384	0.0260644802063
503.283143105	0.0260645390125
503.59730237	0.0260645027059
503.911461636	0.0260645011188
504.225620901	0.0260645119633
504.539780167	0.0260643352565
504.853939432	0.0260638293168
505.168098697	0.0260631198502
505.482257963	0.0260625412749
505.796417228	0.0260621720915
506.110576493	0.0260617654009
506.424735759	0.0260612908651
506.738895024	0.0260608006204
507.053054289	0.0260602119599
507.367213555	0.0260597024299
507.68137282	0.0260593211769
507.995532086	0.0260587671104
508.309691351	0.026058132241
508.623850616	0.0260576377046
508.938009882	0.0260572243214
509.252169147	0.0260567663324
509.566328412	0.0260562939657
509.880487678	0.0260557943291
510.194646943	0.0260552038041
510.508806208	0.0260544921248
510.822965474	0.0260537261864
511.137124739	0.0260529632671
511.451284004	0.0260521411746
511.76544327	0.0260511796504
512.079602535	0.0260501992116
512.393761801	0.0260491434945
512.707921066	0.0260482934133
513.022080331	0.0260475708198
513.336239597	0.0260463460372
513.650398862	0.0260450481042
513.964558127	0.0260440852165
514.278717393	0.0260429350348
514.592876658	0.0260415529796
514.907035923	0.02604036058
515.221195189	0.0260392596768
515.535354454	0.0260380386864
515.849513719	0.0260368984185
516.163672985	0.0260360683353
516.47783225	0.0260354469998
516.791991516	0.0260348450476
517.106150781	0.0260342795873
517.420310046	0.0260336639993
517.734469312	0.0260329047572
518.048628577	0.0260320662194
518.362787842	0.0260311157563
518.676947108	0.0260300407749
518.991106373	0.0260291906096
519.305265638	0.0260285688721
519.619424904	0.0260279612333
519.933584169	0.0260273539174
520.247743435	0.0260268262291
520.5619027	0.0260263720559
520.876061965	0.0260260733034
521.190221231	0.0260259482596
521.504380496	0.0260260364416
521.818539761	0.0260262081475
522.132699027	0.0260262811007
522.446858292	0.0260263283565
522.761017557	0.0260263983783
523.075176823	0.0260265700691
523.389336088	0.0260267101329
523.703495353	0.0260267749083
524.017654619	0.0260268222779
524.331813884	0.0260268368122
524.64597315	0.0260268448426
524.960132415	0.0260268781629
525.27429168	0.0260269736125
525.588450946	0.0260271991456
525.902610211	0.0260274634873
526.216769476	0.0260275948592
526.530928742	0.0260274283445
526.845088007	0.0260267875773
527.159247272	0.0260262998711
527.473406538	0.026026089861
527.787565803	0.0260258271488
528.101725068	0.0260253720345
528.415884334	0.0260248813693
528.730043599	0.0260244530611
529.044202865	0.0260240099639
529.35836213	0.0260235208084
529.672521395	0.0260230254112
529.986680661	0.026022526538
530.300839926	0.0260220905174
530.614999191	0.0260216243913
530.929158457	0.0260210220819
531.243317722	0.0260202709576
531.557476987	0.0260193819895
531.871636253	0.0260182654859
532.185795518	0.0260168971876
532.499954784	0.0260154233423
532.814114049	0.0260139561662
533.128273314	0.026012470532
533.44243258	0.0260110522262
533.756591845	0.0260095894902
534.07075111	0.026008025002
534.384910376	0.0260065945303
534.699069641	0.0260053170786
535.013228906	0.0260040802578
535.327388172	0.0260028276216
535.641547437	0.0260014472849
535.955706702	0.0259998323734
536.269865968	0.0259985217174
536.584025233	0.0259974058243
536.898184499	0.0259958891769
537.212343764	0.0259943370439
537.526503029	0.0259930660606
537.840662295	0.025991752485
538.15482156	0.025990361894
538.468980825	0.0259890972337
538.783140091	0.0259878405241
539.097299356	0.0259867185182
539.411458621	0.0259860202899
539.725617887	0.0259852129785
540.039777152	0.0259839031479
540.353936417	0.0259828317205
540.668095683	0.0259820038778
540.982254948	0.0259811915493
541.296414214	0.0259803242369
541.610573479	0.025979394135
541.924732744	0.0259785267206
542.23889201	0.0259777776036
542.553051275	0.0259770711077
542.86721054	0.0259764664045
543.181369806	0.0259760355282
543.495529071	0.0259757113045
543.809688336	0.0259754484402
544.123847602	0.0259751924
544.438006867	0.025974988992
544.752166133	0.0259747842059
545.066325398	0.0259746760639
545.380484663	0.0259746524875
545.694643929	0.0259744620312
546.008803194	0.0259744031335
546.322962459	0.0259745722498
546.637121725	0.0259745907589
546.95128099	0.0259746245718
547.265440255	0.0259750177719
547.579599521	0.0259753146598
547.893758786	0.0259754007812
548.207918051	0.0259757175246
548.522077317	0.0259762443335
548.836236582	0.0259766259175
549.150395848	0.0259767958481
549.464555113	0.0259769517887
549.778714378	0.0259771888853
550.092873644	0.025977604165
550.407032909	0.0259780193974
550.721192174	0.0259782267156
551.03535144	0.0259783366378
551.349510705	0.025978546194
551.66366997	0.0259789018509
551.977829236	0.0259791486467
552.291988501	0.0259794697078
552.606147766	0.0259800095181
552.920307032	0.0259807667586
553.234466297	0.0259816341284
553.548625563	0.0259816136657
553.862784828	0.0259811687189
554.176944093	0.0259814658609
554.491103359	0.0259813482962
554.805262624	0.0259807854978
555.119421889	0.0259803806429
555.433581155	0.0259800431215
555.74774042	0.0259793934515
556.061899685	0.0259785892968
556.376058951	0.025977877231
556.690218216	0.0259772041285
557.004377482	0.0259766939045
557.318536747	0.0259761932915
557.632696012	0.0259754367023
557.946855278	0.025974548263
558.261014543	0.0259737255001
558.575173808	0.0259729063534
558.889333074	0.0259715922412
559.203492339	0.0259699793795
559.517651604	0.0259685577635
559.83181087	0.0259672002462
560.145970135	0.025965688074
560.4601294	0.0259641172399
560.774288666	0.0259625334944
561.088447931	0.0259609302611
561.402607197	0.0259592681864
561.716766462	0.0259575128452
562.030925727	0.0259558755499
562.345084993	0.025954503873
562.659244258	0.0259527514782
562.973403523	0.0259508254207
563.287562789	0.0259491154057
563.601722054	0.0259474307221
563.915881319	0.0259456050897
564.230040585	0.0259439593067
564.54419985	0.0259424871101
564.858359115	0.0259409437747
565.172518381	0.0259395865123
565.486677646	0.0259385507886
565.800836912	0.025937622375
566.114996177	0.0259367828415
566.429155442	0.0259360548208
566.743314708	0.0259351045479
567.057473973	0.0259339583837
567.371633238	0.0259331855772
567.685792504	0.0259325369636
567.999951769	0.0259318824547
568.314111034	0.025931287888
568.6282703	0.0259307575274
568.942429565	0.025930251882
569.256588831	0.0259297296061
569.570748096	0.0259292293623
569.884907361	0.0259288679597
570.199066627	0.0259287754821
570.513225892	0.0259287571982
570.827385157	0.025928830533
571.141544423	0.0259291949125
571.455703688	0.0259296237706
571.769862953	0.0259301294364
572.084022219	0.0259306876637
572.398181484	0.0259309801329
572.712340749	0.0259312739692
573.026500015	0.0259318024039
573.34065928	0.0259322757377
573.654818546	0.025932656293
573.968977811	0.0259330584103
574.283137076	0.0259335402798
574.597296342	0.025934098626
574.911455607	0.0259341862974
575.225614872	0.0259344240968
575.539774138	0.0259354917887
575.853933403	0.0259357426828
576.168092668	0.0259353572788
576.482251934	0.0259356293415
576.796411199	0.0259361543967
577.110570464	0.0259362336855
577.42472973	0.0259361267698
577.738888995	0.025936120802
578.053048261	0.0259360819555
578.367207526	0.0259358868409
578.681366791	0.0259355646119
578.995526057	0.025935178416
579.309685322	0.0259346609337
579.623844587	0.0259339873336
579.938003853	0.0259335329071
580.252163118	0.0259330277915
580.566322383	0.0259317747309
580.880481649	0.0259304051343
581.194640914	0.0259293975956
581.50880018	0.0259282299527
581.822959445	0.0259265719114
582.13711871	0.0259249786939
582.451277976	0.0259234531049
582.765437241	0.025921864184
583.079596506	0.0259202419004
583.393755772	0.025918735767
583.707915037	0.025917428544
584.022074302	0.0259162449373
584.336233568	0.0259149747095
584.650392833	0.0259135253328
584.964552098	0.0259122017955
585.278711364	0.0259107014455
585.592870629	0.0259087520247
585.907029895	0.0259068958298
586.22118916	0.0259050319264
586.535348425	0.0259032122603
586.849507691	0.0259014606108
587.163666956	0.0258998386582
587.477826221	0.0258983760465
587.791985487	0.025896816066
588.106144752	0.0258952685232
588.420304017	0.0258934866876
588.734463283	0.0258923864843
589.048622548	0.0258917163605
589.362781813	0.0258901529621
589.676941079	0.0258886603485
589.991100344	0.025887888066
590.30525961	0.0258871490742
590.619418875	0.0258862285901
590.93357814	0.0258853867848
591.247737406	0.0258847045074
591.561896671	0.025884086447
591.876055936	0.0258835084976
592.190215202	0.0258830473786
592.504374467	0.0258826125862
592.818533732	0.0258821899338
593.132692998	0.0258821842061
593.446852263	0.0258825467501
593.761011529	0.0258822534468
594.075170794	0.0258816746638
594.389330059	0.0258815152606
594.703489325	0.0258815077477
595.01764859	0.0258814012226
595.331807855	0.0258814641923
595.645967121	0.0258817851627
595.960126386	0.0258820189266
596.274285651	0.0258822991182
596.588444917	0.0258828240949
596.902604182	0.0258835363019
597.216763447	0.0258843451047
597.530922713	0.0258851729978
597.845081978	0.0258858979547
598.159241244	0.0258864841802
598.473400509	0.0258871564628
598.787559774	0.0258880384712
599.10171904	0.0258884275658
599.415878305	0.0258884969017
599.73003757	0.02588888965
600.044196836	0.0258892238249
600.358356101	0.0258895302716
600.672515366	0.025890120436
600.986674632	0.025890510955
601.300833897	0.0258906115133
601.614993162	0.0258908828934
601.929152428	0.0258913836698
602.243311693	0.0258918554029
602.557470959	0.0258920844565
602.871630224	0.0258919628952
603.185789489	0.0258917656309
603.499948755	0.0258917042845
603.81410802	0.0258916101285
604.128267285	0.025891409862
604.442426551	0.025891128546
604.756585816	0.0258907759289
605.070745081	0.0258903236634
605.384904347	0.0258898481803
605.699063612	0.0258893172618
606.013222878	0.0258885553576
606.327382143	0.025887821364
606.641541408	0.0258873197181
606.955700674	0.0258866888747
607.269859939	0.0258856138061
607.584019204	0.0258843794797
607.89817847	0.0258833441565
608.212337735	0.0258822768266
608.526497	0.0258810490044
608.840656266	0.0258797387438
609.154815531	0.0258783756565
609.468974796	0.0258768963917
609.783134062	0.0258752847898
610.097293327	0.0258736889509
610.411452593	0.0258723279716
610.725611858	0.0258710836918
611.039771123	0.0258698639265
611.353930389	0.0258686653387
611.668089654	0.0258672973562
611.982248919	0.0258659089168
612.296408185	0.0258646486737
612.61056745	0.0258631692469
612.924726715	0.0258612891996
613.238885981	0.0258592764798
613.553045246	0.0258575190036
613.867204511	0.0258559121938
614.181363777	0.0258543558157
614.495523042	0.0258529115053
614.809682308	0.0258515213235
615.123841573	0.0258502728217
615.438000838	0.0258489341022
615.752160104	0.025847493923
616.066319369	0.0258464510045
616.380478634	0.0258452246044
616.6946379	0.0258435494438
617.008797165	0.0258421664718
617.32295643	0.0258411415213
617.637115696	0.0258400404917
617.951274961	0.025838795201
618.265434227	0.0258375628273
618.579593492	0.0258364954932
618.893752757	0.0258355996443
619.207912023	0.0258348205477
619.522071288	0.0258342392555
619.836230553	0.0258339630025
620.150389819	0.025833785736
620.464549084	0.0258335690078
620.778708349	0.0258330141105
621.092867615	0.0258324301676
621.40702688	0.0258321114375
621.721186145	0.0258317748773
622.035345411	0.0258313672607
622.349504676	0.0258309691738
622.663663942	0.0258306529497
622.977823207	0.0258303766324
623.291982472	0.0258300688511
623.606141738	0.0258297729852
623.920301003	0.025829732132
624.234460268	0.025829898808
624.548619534	0.0258301017173
624.862778799	0.0258302416451
625.176938064	0.0258301644717
625.49109733	0.0258300027669
625.805256595	0.0258300423965
626.11941586	0.0258299147848
626.433575126	0.0258294768154
626.747734391	0.0258291781574
627.061893657	0.0258290519129
627.376052922	0.025828938283
627.690212187	0.0258288855843
628.004371453	0.0258288003268
628.318530718	0.0258287283901
628.632689983	0.0258286009152
628.946849249	0.0258284389515
629.261008514	0.0258284398082
629.575167779	0.0258283708792
629.889327045	0.0258279756799
630.20348631	0.0258274536873
630.517645576	0.025827063063
630.831804841	0.0258267598866
631.145964106	0.0258263094917
631.460123372	0.0258257260233
631.774282637	0.0258251745995
632.088441902	0.0258247297078
632.402601168	0.0258245444361
632.716760433	0.0258244749953
633.030919698	0.0258243044537
633.345078964	0.0258242570684
633.659238229	0.0258244536219
633.973397494	0.0258245347494
634.28755676	0.0258237598691
634.601716025	0.025823000465
634.915875291	0.0258230848039
635.230034556	0.0258226833933
635.544193821	0.0258217827933
635.858353087	0.0258211536432
636.172512352	0.0258206748104
636.486671617	0.0258199934692
636.800830883	0.0258192450865
637.114990148	0.025818587426
637.429149413	0.025818076043
637.743308679	0.025817900919
638.057467944	0.0258177671329
638.371627209	0.0258170915472
638.685786475	0.0258163481809
638.99994574	0.0258156795668
639.314105006	0.0258146377038
639.628264271	0.0258135592903
639.942423536	0.0258126789913
640.256582802	0.0258115444702
640.570742067	0.0258103165721
640.884901332	0.0258095883192
641.199060598	0.0258089289028
641.513219863	0.025807989693
641.827379128	0.0258071926921
642.141538394	0.0258062893728
642.455697659	0.0258052942271
642.769856925	0.0258046182468
643.08401619	0.0258037656619
643.398175455	0.0258025633365
643.712334721	0.0258014907313
644.026493986	0.0258007934356
644.340653251	0.0258001911725
644.654812517	0.0257993929596
644.968971782	0.0257987162975
645.283131047	0.0257984153092
645.597290313	0.0257983199899
645.911449578	0.0257981321935
646.225608843	0.025797916218
646.539768109	0.0257978441795
646.853927374	0.0257976192678
647.16808664	0.0257966668013
647.482245905	0.0257960024757
647.79640517	0.0257958148586
648.110564436	0.0257957494592
648.424723701	0.0257954120798
648.738882966	0.0257948869903
649.053042232	0.0257945234265
649.367201497	0.0257943498497
649.681360762	0.0257941643244
649.995520028	0.0257939928407
650.309679293	0.0257940046635
650.623838558	0.0257942112524
650.937997824	0.0257947423949
651.252157089	0.0257955566913
651.566316355	0.0257963064021
651.88047562	0.0257967699255
652.194634885	0.0257965307498
652.508794151	0.0257964804386
652.822953416	0.025796691679
653.137112681	0.0257963601225
653.451271947	0.0257959637063
653.765431212	0.0257958928907
654.079590477	0.025795858747
654.393749743	0.0257956792891
654.707909008	0.0257955329062
655.022068274	0.0257953969268
655.336227539	0.0257950819902
655.650386804	0.0257946353681
655.96454607	0.0257943887363
656.278705335	0.0257942785424
656.5928646	0.0257939744597
656.907023866	0.0257935027772
657.221183131	0.0257930264154
657.535342396	0.0257925774989
657.849501662	0.0257921495397
658.163660927	0.0257916285081
658.477820192	0.0257909491132
658.791979458	0.025790251284
659.106138723	0.0257895603068
659.420297989	0.025788765573
659.734457254	0.0257878577625
660.048616519	0.0257868724189
660.362775785	0.0257858812867
660.67693505	0.0257848046488
660.991094315	0.0257835219131
661.305253581	0.0257820956722
661.619412846	0.0257804599047
661.933572111	0.0257789411097
662.247731377	0.0257774563788
662.561890642	0.0257757509806
662.876049907	0.0257741460044
663.190209173	0.0257728330109
663.504368438	0.0257715283164
663.818527704	0.0257701545005
664.132686969	0.0257690317451
664.446846234	0.0257682094319
664.7610055	0.0257673279668
665.075164765	0.0257661108607
665.38932403	0.0257648302404
665.703483296	0.0257635448604
666.017642561	0.0257622457851
666.331801826	0.0257609919616
666.645961092	0.0257596636066
666.960120357	0.0257583457885
667.274279623	0.0257571403014
667.588438888	0.0257560319974
667.902598153	0.0257549554435
668.216757419	0.0257539944085
668.530916684	0.0257531756028
668.845075949	0.0257524982954
669.159235215	0.025751769276
669.47339448	0.025751274608
669.787553745	0.0257510551245
670.101713011	0.0257507806989
670.415872276	0.0257503178991
670.730031541	0.0257497432472
671.044190807	0.0257494679697
671.358350072	0.0257495374507
671.672509338	0.0257496616751
671.986668603	0.0257497580785
672.300827868	0.0257499487969
672.614987134	0.0257502111532
672.929146399	0.0257504571138
673.243305664	0.0257508123624
673.55746493	0.0257512452184
673.871624195	0.0257517166348
674.18578346	0.0257523799936
674.499942726	0.025753098648
674.814101991	0.0257532477351
675.128261256	0.0257533189442
675.442420522	0.0257535998545
675.756579787	0.025753900151
676.070739053	0.02575406025
676.384898318	0.0257540731727
676.699057583	0.0257541451842
677.013216849	0.0257542640074
677.327376114	0.0257542480894
677.641535379	0.0257542856507
677.955694645	0.0257543269776
678.26985391	0.0257543290509
678.584013175	0.0257543626296
678.898172441	0.0257541548337
679.212331706	0.0257536260898
679.526490972	0.0257530646515
679.840650237	0.0257523816081
680.154809502	0.0257514111551
680.468968768	0.0257503290204
680.783128033	0.0257492727576
681.097287298	0.02574824206
681.411446564	0.0257472622773
681.725605829	0.0257464044393
682.039765094	0.0257456269557
682.35392436	0.0257448002844
682.668083625	0.0257437381786
682.98224289	0.0257422751435
683.296402156	0.0257408777632
683.610561421	0.0257394347012
683.924720687	0.0257374976256
684.238879952	0.0257355097411
684.553039217	0.0257337445705
684.867198483	0.0257320099585
685.181357748	0.025730218491
685.495517013	0.025728395354
685.809676279	0.0257266186355
686.123835544	0.0257249626357
686.437994809	0.0257234260464
686.752154075	0.0257220801616
687.06631334	0.0257210508702
687.380472605	0.0257201573578
687.694631871	0.0257191286975
688.008791136	0.0257175803065
688.322950402	0.0257157066932
688.637109667	0.0257141354363
688.951268932	0.0257126270407
689.265428198	0.0257112716014
689.579587463	0.0257099730122
689.893746728	0.0257085779415
690.207905994	0.0257072621058
690.522065259	0.0257064177926
690.836224524	0.0257056767561
691.15038379	0.0257047923325
691.464543055	0.0257041325545
691.778702321	0.025703751408
692.092861586	0.0257034151273
692.407020851	0.0257029411436
692.721180117	0.02570244687
693.035339382	0.0257022689158
693.349498647	0.0257019816316
693.663657913	0.0257015482619
693.977817178	0.0257014068921
694.291976443	0.0257015837932
694.606135709	0.025701712454
694.920294974	0.025701855259
695.234454239	0.0257024136774
695.548613505	0.0257031534644
695.86277277	0.0257036968492
696.176932036	0.025704003976
696.491091301	0.0257042839708
696.805250566	0.0257051312071
697.119409832	0.025705999343
697.433569097	0.0257061063404
697.747728362	0.025706185923
698.061887628	0.0257067775358
698.376046893	0.0257074193391
698.690206158	0.0257078052724
699.004365424	0.0257081382965
699.318524689	0.0257087175221
699.632683954	0.0257095318685
699.94684322	0.0257104792606
700.261002485	0.025711552032
700.575161751	0.0257126591319
700.889321016	0.025713516049
701.203480281	0.0257141079156
701.517639547	0.0257142581691
701.831798812	0.0257141443821
702.145958077	0.0257142303639
702.460117343	0.0257144380049
702.774276608	0.025714525656
703.088435873	0.0257143637938
703.402595139	0.0257141079649
703.716754404	0.0257140075122
704.03091367	0.0257140501486
704.345072935	0.0257137665081
704.6592322	0.0257133095911
704.973391466	0.0257131851254
705.287550731	0.025713322153
705.601709996	0.0257131884736
705.915869262	0.0257123000616
706.230028527	0.0257116632374
706.544187792	0.0257109721889
706.858347058	0.0257099927206
707.172506323	0.0257090993982
707.486665588	0.0257080331215
707.800824854	0.0257068513474
708.114984119	0.0257058118208
708.429143385	0.0257050931984
708.74330265	0.0257042185318
709.057461915	0.0257029266112
709.371621181	0.0257015537127
709.685780446	0.0257004720557
709.999939711	0.025699304119
710.314098977	0.0256977125484
710.628258242	0.0256961355473
710.942417507	0.0256949480156
711.256576773	0.0256935787159
711.570736038	0.025691883852
711.884895303	0.0256904275373
712.199054569	0.0256892731876
712.513213834	0.0256880661172
712.8273731	0.0256869079749
713.141532365	0.0256859603798
713.45569163	0.0256851501983
713.769850896	0.0256844386796
714.084010161	0.0256836823592
714.398169426	0.025682791059
714.712328692	0.0256814509807
715.026487957	0.0256799321174
715.340647222	0.0256785580046
715.654806488	0.0256772912905
715.968965753	0.0256761733496
716.283125019	0.0256750868929
716.597284284	0.025673972368
716.911443549	0.0256728028635
717.225602815	0.0256717256927
717.53976208	0.0256708351795
717.853921345	0.0256702163438
718.168080611	0.0256696367848
718.482239876	0.0256690579413
718.796399141	0.0256687974413
719.110558407	0.0256686694752
719.424717672	0.0256679857581
719.738876937	0.0256672310231
720.053036203	0.0256668767967
720.367195468	0.0256663195415
720.681354734	0.0256656105026
720.995513999	0.0256650573985
721.309673264	0.025664621586
721.62383253	0.0256642118413
721.937991795	0.0256639641556
722.25215106	0.0256638448588
722.566310326	0.025663597383
722.880469591	0.0256630489839
723.194628856	0.025662474403
723.508788122	0.0256621975245
723.822947387	0.025661897346
724.137106652	0.0256612469715
724.451265918	0.0256606724119
724.765425183	0.0256603860599
725.079584449	0.0256600334188
725.393743714	0.0256596147131
725.707902979	0.0256593533008
726.022062245	0.0256592573988
726.33622151	0.0256592464172
726.650380775	0.0256592124311
726.964540041	0.0256592188945
727.278699306	0.0256591490069
727.592858571	0.0256588261927
727.907017837	0.0256584329879
728.221177102	0.0256579580651
728.535336368	0.0256572098627
728.849495633	0.0256563130509
729.163654898	0.025655510947
729.477814164	0.025654774558
729.791973429	0.0256539997235
730.106132694	0.0256530620664
730.42029196	0.025651935367
730.734451225	0.0256509923242
731.04861049	0.0256505014438
731.362769756	0.0256497790718
731.676929021	0.0256486572685
731.991088286	0.0256478033759
732.305247552	0.0256471388268
732.619406817	0.0256462959739
732.933566083	0.0256453964102
733.247725348	0.0256444753606
733.561884613	0.0256435069407
733.876043879	0.0256425684816
734.190203144	0.0256415351328
734.504362409	0.0256403989389
734.818521675	0.0256393103645
735.13268094	0.0256382797668
735.446840205	0.0256373139857
735.760999471	0.0256363449436
736.075158736	0.0256353283079
736.389318001	0.0256345902253
736.703477267	0.0256337550725
737.017636532	0.0256325824398
737.331795798	0.0256318428378
737.645955063	0.0256312515969
737.960114328	0.0256302110974
738.274273594	0.0256289913376
738.588432859	0.0256280088078
738.902592124	0.0256272573007
739.21675139	0.0256266965262
739.530910655	0.0256261890241
739.84506992	0.0256256333032
740.159229186	0.0256253137456
740.473388451	0.0256251419202
740.787547717	0.0256246981692
741.101706982	0.0256243311169
741.415866247	0.0256243134888
741.730025513	0.0256240403134
742.044184778	0.0256231872166
742.358344043	0.0256224459347
742.672503309	0.025622206671
742.986662574	0.0256219113088
743.300821839	0.0256214616152
743.614981105	0.0256211819715
743.92914037	0.0256210207864
744.243299635	0.0256207624238
744.557458901	0.0256208448738
744.871618166	0.0256211335264
745.185777432	0.0256210049622
745.499936697	0.0256208325852
745.814095962	0.0256209275328
746.128255228	0.0256208834818
746.442414493	0.0256207976933
746.756573758	0.0256208850505
747.070733024	0.025620771854
747.384892289	0.0256204845514
747.699051554	0.0256203104214
748.01321082	0.025620309144
748.327370085	0.0256203963782
748.64152935	0.0256204891929
748.955688616	0.0256206232135
749.269847881	0.0256211818404
749.584007147	0.025622127408
749.898166412	0.0256225379763
750.212325677	0.0256219665624
750.526484943	0.0256220986029
750.840644208	0.0256222473635
751.154803473	0.0256217299822
751.468962739	0.025621230783
751.783122004	0.0256210924055
752.097281269	0.0256208460765
752.411440535	0.0256204240965
752.7255998	0.0256201426868
753.039759066	0.0256200909441
753.353918331	0.0256200997595
753.668077596	0.0256200079969
753.982236862	0.0256198973775
754.296396127	0.0256198158365
754.610555392	0.0256197751137
754.924714658	0.0256197270879
755.238873923	0.0256192592954
755.553033188	0.0256184304954
755.867192454	0.0256176690912
756.181351719	0.025616955597
756.495510984	0.0256161659312
756.80967025	0.0256153168634
757.123829515	0.0256144507089
757.437988781	0.0256135375898
757.752148046	0.0256125382226
758.066307311	0.0256114867538
758.380466577	0.0256106046529
758.694625842	0.0256097085955
759.008785107	0.0256084538052
759.322944373	0.0256071283909
759.637103638	0.025606067169
759.951262903	0.0256047785084
760.265422169	0.0256031320717
760.579581434	0.0256015412212
760.893740699	0.0256001061429
761.207899965	0.0255986958285
761.52205923	0.0255972195677
761.836218496	0.0255957671329
762.150377761	0.0255945266599
762.464537026	0.0255933562174
762.778696292	0.0255921222238
763.092855557	0.0255911238349
763.407014822	0.0255900265894
763.721174088	0.0255885760945
764.035333353	0.0255873448046
764.349492618	0.0255861285273
764.663651884	0.0255848491124
764.977811149	0.0255834682844
765.291970415	0.0255821021303
765.60612968	0.0255809943704
765.920288945	0.025579975387
766.234448211	0.0255788895174
766.548607476	0.0255780622971
766.862766741	0.0255775803935
767.176926007	0.0255772774885
767.491085272	0.0255770338316
767.805244537	0.0255767864464
768.119403803	0.0255765755231
768.433563068	0.0255763833895
768.747722333	0.0255761127551
769.061881599	0.0255756437331
769.376040864	0.0255752139929
769.69020013	0.0255750693106
770.004359395	0.0255750838962
770.31851866	0.0255753906687
770.632677926	0.0255757022154
770.946837191	0.0255758264984
771.260996456	0.0255761105585
771.575155722	0.0255764908288
771.889314987	0.0255770506221
772.203474252	0.0255776373632
772.517633518	0.0255779663074
772.831792783	0.0255782993324
773.145952049	0.0255788598293
773.460111314	0.0255795234518
773.774270579	0.0255800771866
774.088429845	0.0255805607315
774.40258911	0.0255810644395
774.716748375	0.0255816236318
775.030907641	0.0255821999962
775.345066906	0.0255826243518
775.659226171	0.0255829892588
775.973385437	0.0255835235301
776.287544702	0.0255842726112
776.601703967	0.0255847341398
776.915863233	0.0255842981459
777.230022498	0.0255840540545
777.544181764	0.0255840463608
777.858341029	0.0255835453679
778.172500294	0.025582914509
778.48665956	0.0255823546781
778.800818825	0.0255816689956
779.11497809	0.0255809196034
779.429137356	0.0255802381829
779.743296621	0.0255796224524
780.057455886	0.02557892917
780.371615152	0.0255783528117
780.685774417	0.0255780118753
780.999933682	0.0255775458863
781.314092948	0.0255768051617
781.628252213	0.0255754262629
781.942411479	0.0255739394324
782.256570744	0.0255722975534
782.570730009	0.0255703067073
782.884889275	0.0255685049147
783.19904854	0.0255667856046
783.513207805	0.0255649659053
783.827367071	0.0255631951143
784.141526336	0.0255613809315
784.455685601	0.0255595452754
784.769844867	0.0255579094546
785.084004132	0.0255562581137
785.398163398	0.0255545144821
785.712322663	0.0255531221968
786.026481928	0.0255516284997
786.340641194	0.0255497030043
786.654800459	0.025547852716
786.968959724	0.0255463830348
787.28311899	0.0255449966241
787.597278255	0.0255434772093
787.91143752	0.0255420215912
788.225596786	0.0255408196628
788.539756051	0.0255397403745
788.853915316	0.0255386868963
789.168074582	0.0255378586648
789.482233847	0.0255374074263
789.796393113	0.0255370188763
790.110552378	0.0255360995992
790.424711643	0.0255349830878
790.738870909	0.0255344787287
791.053030174	0.0255336601699
791.367189439	0.0255326804001
791.681348705	0.0255322388427
791.99550797	0.0255319849958
792.309667235	0.0255315700841
792.623826501	0.0255312467632
792.937985766	0.0255311931758
793.252145031	0.0255313290878
793.566304297	0.0255315646088
793.880463562	0.0255318863329
794.194622828	0.0255323321488
794.508782093	0.0255328260814
794.822941358	0.0255331463417
795.137100624	0.0255334022544
795.451259889	0.0255337396288
795.765419154	0.0255339753396
796.07957842	0.0255341319231
796.393737685	0.0255343518193
796.70789695	0.025534619079
797.022056216	0.0255349014372
797.336215481	0.0255352612845
797.650374747	0.0255356300698
797.964534012	0.0255360743413
798.278693277	0.0255367078818
798.592852543	0.025537037832
798.907011808	0.0255374037297
799.221171073	0.0255383008275
799.535330339	0.0255386583876
799.849489604	0.0255385384781
800.163648869	0.0255386494218
800.477808135	0.0255388905328
800.7919674	0.0255390591419
801.106126665	0.0255393169119
801.420285931	0.0255394208235
801.734445196	0.0255393500392
802.048604462	0.0255393521948
802.362763727	0.0255394598927
802.676922992	0.025539611194
802.991082258	0.0255397369701
803.305241523	0.0255398875551
803.619400788	0.025539880075
803.933560054	0.0255392917124
804.247719319	0.0255387804107
804.561878584	0.0255382899123
804.87603785	0.0255375739754
805.190197115	0.025536700512
805.50435638	0.025535783985
805.818515646	0.0255348932665
806.132674911	0.0255339786223
806.446834177	0.0255329997675
806.760993442	0.0255319612986
807.075152707	0.025531120095
807.389311973	0.0255305801734
807.703471238	0.0255299821933
808.017630503	0.0255290062738
808.331789769	0.0255277174564
808.645949034	0.0255264030256
808.960108299	0.0255249838457
809.274267565	0.0255234116591
809.58842683	0.0255217611961
809.902586096	0.0255202216061
810.216745361	0.0255187631462
810.530904626	0.0255172483803
810.845063892	0.0255158894282
811.159223157	0.0255148406131
811.473382422	0.0255137784182
811.787541688	0.0255126880424
812.101700953	0.0255114209821
812.415860218	0.0255099998558
812.730019484	0.0255091571921
813.044178749	0.0255080202833
813.358338014	0.0255062222294
813.67249728	0.0255045682091
813.986656545	0.0255034935115
814.300815811	0.0255026599313
814.614975076	0.0255015945811
814.929134341	0.0255004478722
815.243293607	0.025499640181
815.557452872	0.0254991584149
815.871612137	0.025498874231
816.185771403	0.0254986701803
816.499930668	0.0254986544831
816.814089933	0.0254988781486
817.128249199	0.0254989863804
817.442408464	0.025498465276
817.756567729	0.0254981306444
818.070726995	0.0254981817149
818.38488626	0.0254981007359
818.699045526	0.0254979725082
819.013204791	0.025498022236
819.327364056	0.025498070089
819.641523322	0.0254981305889
819.955682587	0.0254982703449
820.269841852	0.0254984105661
820.584001118	0.0254986931037
820.898160383	0.025499239376
821.212319648	0.0255000235483
821.526478914	0.0255007354337
821.840638179	0.0255012983984
822.154797445	0.0255015085585
822.46895671	0.0255016666168
822.783115975	0.0255018414238
823.097275241	0.0255014898788
823.411434506	0.0255012367119
823.725593771	0.0255012667458
824.039753037	0.0255011358563
824.353912302	0.0255007354096
824.668071567	0.0255005820134
824.982230833	0.0255005278192
825.296390098	0.0255001722657
825.610549363	0.025499572782
825.924708629	0.0254989929492
826.238867894	0.0254987369321
826.55302716	0.0254978690248
826.867186425	0.0254965528119
827.18134569	0.0254955190638
827.495504956	0.0254945936897
827.809664221	0.025493380655
828.123823486	0.0254920645315
828.437982752	0.0254908802778
828.752142017	0.0254897076689
829.066301282	0.0254884702052
829.380460548	0.0254872208289
829.694619813	0.0254859598836
830.008779078	0.0254847469494
830.322938344	0.0254835487078
830.637097609	0.025482075108
830.951256875	0.0254800846494
831.26541614	0.0254781908656
831.579575405	0.0254763707611
831.893734671	0.0254744861087
832.207893936	0.0254726401157
832.522053201	0.0254706907466
832.836212467	0.0254686631232
833.150371732	0.0254669011723
833.464530997	0.0254653811927
833.778690263	0.0254637063512
834.092849528	0.0254621100819
834.407008794	0.0254610502314
834.721168059	0.0254603137374
835.035327324	0.0254591608505
835.34948659	0.0254575394571
835.663645855	0.0254563868378
835.97780512	0.0254553851595
836.291964386	0.025453906807
836.606123651	0.0254524949035
836.920282916	0.0254515380905
837.234442182	0.0254506242705
837.548601447	0.025449527622
837.862760712	0.0254485682589
838.176919978	0.0254482198104
838.491079243	0.0254478312573
838.805238509	0.0254473012133
839.119397774	0.0254470133943
839.433557039	0.025446442302
839.747716305	0.0254461538123
840.06187557	0.0254461408248
840.376034835	0.025445632209
840.690194101	0.0254451639038
841.004353366	0.025445162753
841.318512631	0.025445235744
841.632671897	0.0254452441959
841.946831162	0.0254454077665
842.260990427	0.0254457191563
842.575149693	0.025446054687
842.889308958	0.0254464677151
843.203468224	0.025447020943
843.517627489	0.02544764698
843.831786754	0.0254482830037
844.14594602	0.0254486418902
844.460105285	0.0254485409052
844.77426455	0.0254484847407
845.088423816	0.0254486142526
845.402583081	0.0254486291765
845.716742346	0.0254485771868
846.030901612	0.0254485214645
846.345060877	0.025448519813
846.659220143	0.0254487023933
846.973379408	0.0254489322201
847.287538673	0.0254491161645
847.601697939	0.0254493955766
847.915857204	0.0254499609987
848.230016469	0.0254507179306
848.544175735	0.0254510773175
848.858335	0.0254508291987
849.172494265	0.0254512241161
849.486653531	0.0254511086005
849.800812796	0.0254505428746
850.114972061	0.0254504094564
850.429131327	0.0254503768379
850.743290592	0.0254500010642
851.057449858	0.0254496767635
851.371609123	0.025449811373
851.685768388	0.0254499279586
851.999927654	0.0254498255466
852.314086919	0.025449652972
852.628246184	0.0254493478707
852.94240545	0.0254491413277
853.256564715	0.0254490192828
853.57072398	0.0254485931331
853.884883246	0.0254478088675
854.199042511	0.0254472031958
854.513201776	0.0254468097207
854.827361042	0.0254463918572
855.141520307	0.0254459195701
855.455679573	0.0254454919358
855.769838838	0.025445132372
856.083998103	0.0254447988869
856.398157369	0.025444447743
856.712316634	0.0254440233846
857.026475899	0.0254436793214
857.340635165	0.0254432518563
857.65479443	0.0254427621193
857.968953695	0.0254420854506
858.283112961	0.0254410871293
858.597272226	0.0254401679106
858.911431492	0.0254394593246
859.225590757	0.0254386920509
859.539750022	0.0254376743029
859.853909288	0.0254366483521
860.168068553	0.0254357960108
860.482227818	0.025435019649
860.796387084	0.0254341386749
861.110546349	0.0254331666412
861.424705614	0.0254323564304
861.73886488	0.0254318473252
862.053024145	0.0254311209139
862.36718341	0.0254301324187
862.681342676	0.0254293167615
862.995501941	0.0254283209779
863.309661207	0.0254271491717
863.623820472	0.0254263276088
863.937979737	0.0254254728687
864.252139003	0.0254243095402
864.566298268	0.0254232744862
864.880457533	0.0254227617651
865.194616799	0.025422475025
865.508776064	0.0254218647679
865.822935329	0.0254209769688
866.137094595	0.0254203299511
866.45125386	0.0254197385146
866.765413125	0.025419084638
867.079572391	0.0254183777767
867.393731656	0.0254174626677
867.707890922	0.0254165444918
868.022050187	0.0254158294212
868.336209452	0.0254152582599
868.650368718	0.025414707663
868.964527983	0.0254142228689
869.278687248	0.0254137846988
869.592846514	0.0254135122648
869.907005779	0.0254134731845
870.221165044	0.0254134411136
870.53532431	0.0254134522233
870.849483575	0.0254136283452
871.163642841	0.0254134284702
871.477802106	0.0254123402673
871.791961371	0.0254116106849
872.106120637	0.0254113591196
872.420279902	0.0254108077204
872.734439167	0.0254100699233
873.048598433	0.025409523579
873.362757698	0.025409021928
873.676916963	0.025408422783
873.991076229	0.025407837254
874.305235494	0.0254074178985
874.619394759	0.0254070485717
874.933554025	0.0254065487034
875.24771329	0.0254061153075
875.561872556	0.0254056425435
875.876031821	0.0254046914842
876.190191086	0.0254037798277
876.504350352	0.0254028766328
876.818509617	0.0254018179435
877.132668882	0.0254007017589
877.446828148	0.025399743388
877.760987413	0.0253988198697
878.075146678	0.0253978495219
878.389305944	0.0253970598877
878.703465209	0.0253965659494
879.017624474	0.0253959519807
879.33178374	0.0253947499512
879.645943005	0.0253935256285
879.960102271	0.0253927456487
880.274261536	0.0253916332119
880.588420801	0.0253901728616
880.902580067	0.02538896535
881.216739332	0.0253878662114
881.530898597	0.0253864260564
881.845057863	0.0253849688303
882.159217128	0.025383803593
882.473376393	0.0253827568745
882.787535659	0.0253817296012
883.101694924	0.0253807831243
883.41585419	0.0253800145031
883.730013455	0.0253793664815
884.04417272	0.0253787495231
884.358331986	0.0253782234892
884.672491251	0.0253773672896
884.986650516	0.025375857687
885.300809782	0.0253749465652
885.614969047	0.0253740650762
885.929128312	0.0253729471489
886.243287578	0.0253720339698
886.557446843	0.0253714166921
886.871606108	0.0253706925502
887.185765374	0.0253698062748
887.499924639	0.0253690577215
887.814083905	0.0253688214939
888.12824317	0.0253684884456
888.442402435	0.025367858596
888.756561701	0.0253676860855
889.070720966	0.0253678014342
889.384880231	0.0253675875712
889.699039497	0.0253673080003
890.013198762	0.025367244496
890.327358027	0.0253670383449
890.641517293	0.0253667824418
890.955676558	0.0253667534404
891.269835823	0.0253667364463
891.583995089	0.0253666071498
891.898154354	0.0253665868902
892.21231362	0.0253669467047
892.526472885	0.0253674608131
892.84063215	0.0253676129875
893.154791416	0.0253675618935
893.468950681	0.0253677758535
893.783109946	0.0253682459213
894.097269212	0.0253685846531
894.411428477	0.0253686418641
894.725587742	0.025368795336
895.039747008	0.0253692054422
895.353906273	0.0253696516229
895.668065539	0.0253699796796
895.982224804	0.0253705081931
896.296384069	0.0253713909814
896.610543335	0.0253722469504
896.9247026	0.025373013507
897.238861865	0.0253736942569
897.553021131	0.0253743053907
897.867180396	0.0253747385242
898.181339661	0.0253748359681
898.495498927	0.0253747323019
898.809658192	0.025374676854
899.123817457	0.0253748345271
899.437976723	0.0253749042314
899.752135988	0.0253747587011
900.066295254	0.0253746947142
900.380454519	0.0253745732507
900.694613784	0.0253742100925
901.00877305	0.0253739250984
901.322932315	0.0253741925802
901.63709158	0.0253740876103
901.951250846	0.0253735106581
902.265410111	0.025373457168
902.579569376	0.0253733058909
902.893728642	0.0253722317179
903.207887907	0.0253714515381
903.522047172	0.0253706492306
903.836206438	0.0253693948299
904.150365703	0.0253680678191
904.464524969	0.0253668861895
904.778684234	0.0253656334092
905.092843499	0.0253641817287
905.407002765	0.0253627059034
905.72116203	0.0253617478074
906.035321295	0.0253609026134
906.349480561	0.0253588336458
906.663639826	0.0253567409735
906.977799091	0.0253552577846
907.291958357	0.0253532041161
907.606117622	0.0253508442687
907.920276888	0.0253489681299
908.234436153	0.0253472887885
908.548595418	0.0253453463231
908.862754684	0.025343446631
909.176913949	0.0253419054331
909.491073214	0.0253405439901
909.80523248	0.025339213222
910.119391745	0.0253379548476
910.43355101	0.0253368147712
910.747710276	0.0253356483372
911.061869541	0.0253344342258
911.376028806	0.0253332413047
911.690188072	0.0253320657898
912.004347337	0.0253305132363
912.318506603	0.0253289999405
912.632665868	0.0253279342467
912.946825133	0.0253271474807
913.260984399	0.0253264443502
913.575143664	0.025325708795
913.889302929	0.025325022135
914.203462195	0.0253246106884
914.51762146	0.0253247253255
914.831780725	0.0253248723282
915.145939991	0.0253247894201
915.460099256	0.0253248018666
915.774258521	0.0253250273569
916.088417787	0.0253252513499
916.402577052	0.0253254762296
916.716736318	0.0253259696662
917.030895583	0.0253264969019
917.345054848	0.0253268805375
917.659214114	0.0253272842409
917.973373379	0.0253278584794
918.287532644	0.0253284867361
918.60169191	0.0253290609927
918.915851175	0.0253296565812
919.23001044	0.0253305217485
919.544169706	0.0253314252621
919.858328971	0.0253317457492
920.172488237	0.025332037771
920.486647502	0.0253326365603
920.800806767	0.0253329332788
921.114966033	0.0253330007113
921.429125298	0.0253333172437
921.743284563	0.0253334795723
922.057443829	0.0253332263791
922.371603094	0.0253329681352
922.685762359	0.0253329810342
922.999921625	0.0253330280649
923.31408089	0.0253329112081
923.628240155	0.0253326886743
923.942399421	0.0253323609496
924.256558686	0.0253319793438
924.570717952	0.0253317352169
924.884877217	0.0253310421726
925.199036482	0.0253299549385
925.513195748	0.0253290738019
925.827355013	0.0253280564369
926.141514278	0.0253267392966
926.455673544	0.0253253498146
926.769832809	0.0253242059491
927.083992074	0.0253230720597
927.39815134	0.0253215710212
927.712310605	0.0253199192036
928.02646987	0.0253183407517
928.340629136	0.0253170079627
928.654788401	0.025315532168
928.968947667	0.0253135860969
929.283106932	0.0253115439934
929.597266197	0.0253097020139
929.911425463	0.0253079820204
930.225584728	0.0253061527471
930.539743993	0.0253042404108
930.853903259	0.0253023131561
931.168062524	0.0253004133887
931.482221789	0.0252986819889
931.796381055	0.0252970684839
932.11054032	0.0252956033722
932.424699586	0.0252944297559
932.738858851	0.0252936002173
933.053018116	0.0252929248675
933.367177382	0.0252917799669
933.681336647	0.0252901724952
933.995495912	0.0252892122281
934.309655178	0.025288139321
934.623814443	0.0252869761048
934.937973708	0.0252858964235
935.252132974	0.0252849710587
935.566292239	0.0252841489993
935.880451504	0.0252834013832
936.19461077	0.0252827957964
936.508770035	0.0252824347519
936.822929301	0.0252824112667
937.137088566	0.0252826697362
937.451247831	0.0252830410178
937.765407097	0.0252834852571
938.079566362	0.0252838537475
938.393725627	0.0252841174834
938.707884893	0.0252842293736
939.022044158	0.0252842652414
939.336203423	0.0252843251943
939.650362689	0.025284492837
939.964521954	0.0252848610684
940.278681219	0.0252854543666
940.592840485	0.0252860732257
940.90699975	0.025286523864
941.221159016	0.0252871232849
941.535318281	0.0252878852559
941.849477546	0.0252886046242
942.163636812	0.0252895045401
942.477796077	0.0252902592533
942.791955342	0.0252907896979
943.106114608	0.0252914351022
943.420273873	0.0252921829426
943.734433138	0.0252927260087
944.048592404	0.025293129175
944.362751669	0.0252936212499
944.676910935	0.0252940986406
944.9910702	0.0252945921387
945.305229465	0.0252952252485
945.619388731	0.0252958088045
945.933547996	0.0252963409289
946.247707261	0.0252970472775
946.561866527	0.0252978405747
946.876025792	0.0252981426793
947.190185057	0.0252977588168
947.504344323	0.0252980483653
947.818503588	0.0252983693534
948.132662853	0.0252980185605
948.446822119	0.0252975872345
948.760981384	0.0252973857887
949.07514065	0.0252970776835
949.389299915	0.0252965546029
949.70345918	0.0252959954756
950.017618446	0.0252955528262
950.331777711	0.0252952453895
950.645936976	0.0252950657712
950.960096242	0.0252949308845
951.274255507	0.0252946100348
951.588414772	0.0252940492852
951.902574038	0.025293258384
952.216733303	0.0252921687834
952.530892568	0.025290941841
952.845051834	0.0252894820287
953.159211099	0.025287963144
953.473370365	0.0252866800653
953.78752963	0.0252855035553
954.101688895	0.0252842021493
954.415848161	0.0252827299224
954.730007426	0.025281211462
955.044166691	0.0252797130561
955.358325957	0.0252783570583
955.672485222	0.0252770094315
955.986644487	0.0252755731711
956.300803753	0.0252742366801
956.614963018	0.0252730720047
956.929122284	0.0252717967401
957.243281549	0.0252703869655
957.557440814	0.0252691216906
957.87160008	0.0252679527709
958.185759345	0.025266738669
958.49991861	0.0252655814096
958.814077876	0.0252645453266
959.128237141	0.0252635893672
959.442396406	0.0252628483938
959.756555672	0.0252622333692
960.070714937	0.0252612412637
960.384874202	0.0252600481656
960.699033468	0.0252594367572
961.013192733	0.0252587162577
961.327351999	0.0252576823198
961.641511264	0.0252570064902
961.955670529	0.0252565679173
962.269829795	0.0252560007279
962.58398906	0.025255508635
962.898148325	0.0252552926601
963.212307591	0.025255293898
963.526466856	0.025255420243
963.840626121	0.02525580958
964.154785387	0.0252564022192
964.468944652	0.025256964826
964.783103917	0.0252573346306
965.097263183	0.0252574253237
965.411422448	0.0252574738812
965.725581714	0.0252574156897
966.039740979	0.0252570409564
966.353900244	0.0252568395111
966.66805951	0.0252568271612
966.982218775	0.0252567116843
967.29637804	0.0252565348262
967.610537306	0.0252564787697
967.924696571	0.0252564654506
968.238855836	0.025256285658
968.553015102	0.025255970066
968.867174367	0.0252559917588
969.181333633	0.0252558402083
969.495492898	0.0252551752707
969.809652163	0.0252544617218
970.123811429	0.0252537552608
970.437970694	0.0252529382675
970.752129959	0.0252521515736
971.066289225	0.0252512422567
971.38044849	0.0252501491626
971.694607755	0.0252490422218
972.008767021	0.0252479423929
972.322926286	0.0252467695351
972.637085551	0.0252455124995
972.951244817	0.0252442937735
973.265404082	0.0252433392135
973.579563348	0.0252421622614
973.893722613	0.0252400229751
974.207881878	0.0252383153688
974.522041144	0.0252364903124
974.836200409	0.0252342796824
975.150359674	0.0252321384826
975.46451894	0.0252302509557
975.778678205	0.0252285298935
976.09283747	0.025226835116
976.406996736	0.025225085049
976.721156001	0.0252233717966
977.035315266	0.0252220791656
977.349474532	0.0252209825224
977.663633797	0.025219681961
977.977793063	0.0252183006642
978.291952328	0.0252168643898
978.606111593	0.0252153390401
978.920270859	0.02521392596
979.234430124	0.0252124780993
979.548589389	0.0252109070839
979.862748655	0.025209464288
980.17690792	0.0252082086747
980.491067185	0.0252070519989
980.805226451	0.0252059809559
981.119385716	0.0252051507168
981.433544982	0.0252044860972
981.747704247	0.0252036473508
982.061863512	0.0252030250685
982.376022778	0.0252026594285
982.690182043	0.025202108232
983.004341308	0.0252016198082
983.318500574	0.0252011066136
983.632659839	0.0252004744091
983.946819104	0.0252001925459
984.26097837	0.0252002369402
984.575137635	0.0252002599939
984.8892969	0.0252002680028
985.203456166	0.0252003903457
985.517615431	0.0252006369859
985.831774697	0.0252010022405
986.145933962	0.0252014668464
986.460093227	0.0252019935651
986.774252493	0.0252025949899
987.088411758	0.0252031738129
987.402571023	0.0252038818101
987.716730289	0.0252043321293
988.030889554	0.0252046844646
988.345048819	0.0252053187514
988.659208085	0.0252059430296
988.97336735	0.0252063971426
989.287526615	0.0252069013439
989.601685881	0.0252075529888
989.915845146	0.0252082197529
990.230004412	0.0252088029648
990.544163677	0.0252094102213
990.858322942	0.0252102652167
991.172482208	0.0252112433508
991.486641473	0.0252120384759
991.800800738	0.0252125989287
992.114960004	0.0252131322625
992.429119269	0.0252137575796
992.743278534	0.0252142748401
993.0574378	0.0252145980146
993.371597065	0.0252148809865
993.685756331	0.0252152876591
993.999915596	0.0252157273182
994.314074861	0.0252161340977
994.628234127	0.0252166907978
994.942393392	0.0252173787218
995.256552657	0.0252178827688
995.570711923	0.0252180837057
995.884871188	0.0252180347194
996.199030453	0.0252181781518
996.513189719	0.0252182770397
996.827348984	0.0252177699507
997.141508249	0.0252171704467
997.455667515	0.0252167907036
997.76982678	0.0252164518737
998.083986046	0.0252159416213
998.398145311	0.0252152853017
998.712304576	0.0252146391397
999.026463842	0.0252142025713
999.340623107	0.0252138405968
999.654782372	0.025213504535
999.968941638	0.0252133729167
1000.2831009	0.0252132758016
1000.59726017	0.0252129330122
1000.91141943	0.0252118084169
1001.2255787	0.025210118085
1001.53973796	0.0252090902294
1001.85389723	0.025207983331
1002.1680565	0.0252065612935
1002.48221576	0.0252051363341
1002.79637503	0.0252036422547
1003.11053429	0.0252021140877
1003.42469356	0.0252008540276
1003.73885282	0.0251996588067
1004.05301209	0.0251981846569
1004.36717135	0.025196826406
1004.68133062	0.025195938662
1004.99548988	0.0251951684619
1005.30964915	0.0251940355597
1005.62380841	0.0251926983165
1005.93796768	0.0251913759425
1006.25212694	0.0251899944343
1006.56628621	0.0251883576756
1006.88044548	0.0251868113264
1007.19460474	0.0251854648211
1007.50876401	0.0251840743383
1007.82292327	0.0251827044158
1008.13708254	0.0251815420216
1008.4512418	0.0251805702759
1008.76540107	0.0251796155923
1009.07956033	0.0251786088295
1009.3937196	0.0251775709992
1009.70787886	0.02517661627
1010.02203813	0.025176061704
1010.33619739	0.025175501581
1010.65035666	0.0251742989274
1010.96451593	0.0251731921019
1011.27867519	0.0251727324342
1011.59283446	0.0251723990827
1011.90699372	0.0251719015272
1012.22115299	0.0251714850054
1012.53531225	0.0251713347586
1012.84947152	0.0251713653361
1013.16363078	0.0251715948368
1013.47779005	0.0251719101836
1013.79194931	0.025171833768
1014.10610858	0.025171602053
1014.42026784	0.0251716460437
1014.73442711	0.0251714226954
1015.04858637	0.0251709839214
1015.36274564	0.0251707517618
1015.67690491	0.0251706744404
1015.99106417	0.0251703115904
1016.30522344	0.0251699180045
1016.6193827	0.0251698181843
1016.93354197	0.0251696840791
1017.24770123	0.0251692927901
1017.5618605	0.0251689078556
1017.87601976	0.0251687489894
1018.19017903	0.0251687704965
1018.50433829	0.0251688590787
1018.81849756	0.0251689210783
1019.13265682	0.0251687110997
1019.44681609	0.0251680979422
1019.76097536	0.0251676876338
1020.07513462	0.0251671934943
1020.38929389	0.0251663251303
1020.70345315	0.0251653272188
1021.01761242	0.0251644198938
1021.33177168	0.0251638049613
1021.64593095	0.0251632361701
1021.96009021	0.0251624358782
1022.27424948	0.0251613591976
1022.58840874	0.0251602756359
1022.90256801	0.0251593832781
1023.21672727	0.0251583313048
1023.53088654	0.0251570281475
1023.8450458	0.0251558597909
1024.15920507	0.0251547210586
1024.47336434	0.0251533837692
1024.7875236	0.0251520974475
1025.10168287	0.025151008756
1025.41584213	0.0251499461729
1025.7300014	0.0251488150379
1026.04416066	0.0251476947604
1026.35831993	0.0251467047632
1026.67247919	0.0251457635396
1026.98663846	0.0251447596532
1027.30079772	0.0251438802571
1027.61495699	0.0251426605215
1027.92911625	0.0251407778877
1028.24327552	0.0251391338817
1028.55743479	0.0251377818051
1028.87159405	0.0251363381744
1029.18575332	0.025134730769
1029.49991258	0.0251333468336
1029.81407185	0.0251322555542
1030.12823111	0.0251312039421
1030.44239038	0.025130185519
1030.75654964	0.0251294700785
1031.07070891	0.025128932936
1031.38486817	0.0251282358297
1031.69902744	0.0251277620485
1032.0131867	0.0251275525647
1032.32734597	0.0251269107053
1032.64150524	0.0251260734637
1032.9556645	0.0251256056864
1033.26982377	0.025125105885
1033.58398303	0.0251244536335
1033.8981423	0.0251239927364
1034.21230156	0.0251236788699
1034.52646083	0.0251233942392
1034.84062009	0.0251233325148
1035.15477936	0.0251235980552
1035.46893862	0.0251239634866
1035.78309789	0.0251242211905
1036.09725715	0.0251243432865
1036.41141642	0.0251244533157
1036.72557568	0.0251248199446
1037.03973495	0.0251251233305
1037.35389422	0.0251251463163
1037.66805348	0.0251253106233
1037.98221275	0.0251256910486
1038.29637201	0.0251261568607
1038.61053128	0.0251267441405
1038.92469054	0.025127547692
1039.23884981	0.0251284793381
1039.55300907	0.0251295659294
1039.86716834	0.0251307289086
1040.1813276	0.0251317695553
1040.49548687	0.0251327063355
1040.80964613	0.0251336722625
1041.1238054	0.025134488369
1041.43796467	0.0251350944193
1041.75212393	0.0251355646851
1042.0662832	0.0251360386695
1042.38044246	0.0251366395008
1042.69460173	0.0251372224455
1043.00876099	0.0251377433326
1043.32292026	0.0251382313601
1043.63707952	0.0251386368674
1043.95123879	0.0251389951546
1044.26539805	0.0251394091583
1044.57955732	0.0251399209459
1044.89371658	0.0251401104588
1045.20787585	0.025140085919
1045.52203511	0.0251402283103
1045.83619438	0.0251403531422
1046.15035365	0.0251401537514
1046.46451291	0.0251398250802
1046.77867218	0.0251394568331
1047.09283144	0.0251389091647
1047.40699071	0.0251382336857
1047.72114997	0.0251374946298
1048.03530924	0.0251367199725
1048.3494685	0.0251359441317
1048.66362777	0.0251351016039
1048.97778703	0.0251341974396
1049.2919463	0.025133370602
1049.60610556	0.0251322801766
1049.92026483	0.0251309454845
1050.2344241	0.0251297064166
1050.54858336	0.0251280785174
1050.86274263	0.025126256131
1051.17690189	0.0251244560615
1051.49106116	0.0251225003504
1051.80522042	0.0251205574777
1052.11937969	0.0251186819396
1052.43353895	0.0251168079505
1052.74769822	0.0251150170929
1053.06185748	0.0251133309806
1053.37601675	0.0251116664907
1053.69017601	0.0251100721408
1054.00433528	0.0251084758134
1054.31849454	0.0251069616905
1054.63265381	0.0251056259379
1054.94681308	0.0251040818024
1055.26097234	0.0251021931506
1055.57513161	0.0251003699878
1055.88929087	0.0250988518411
1056.20345014	0.0250974845863
1056.5176094	0.0250961735956
1056.83176867	0.025094956048
1057.14592793	0.0250937627274
1057.4600872	0.0250928229484
1057.77424646	0.0250920442502
1058.08840573	0.025091335807
1058.40256499	0.02509087076
1058.71672426	0.0250903580982
1059.03088353	0.0250897089705
1059.34504279	0.0250892102094
1059.65920206	0.0250890466749
1059.97336132	0.0250888846111
1060.28752059	0.025088516867
1060.60167985	0.0250882752519
1060.91583912	0.0250883715949
1061.22999838	0.0250887001331
1061.54415765	0.0250891919399
1061.85831691	0.0250897319069
1062.17247618	0.0250905065166
1062.48663544	0.0250917209368
1062.80079471	0.0250929440153
1063.11495397	0.0250934056313
1063.42911324	0.0250936687112
1063.74327251	0.0250943443826
1064.05743177	0.0250948309367
1064.37159104	0.0250952343463
1064.6857503	0.0250957512324
1064.99990957	0.0250962236876
1065.31406883	0.025096612024
1065.6282281	0.0250970043171
1065.94238736	0.0250974953959
1066.25654663	0.0250981045764
1066.57070589	0.0250988231913
1066.88486516	0.0250996356225
1067.19902442	0.025100441714
1067.51318369	0.0251011154346
1067.82734296	0.0251016333101
1068.14150222	0.0251019658057
1068.45566149	0.0251018414016
1068.76982075	0.0251013044339
1069.08398002	0.0251007905986
1069.39813928	0.0251004599658
1069.71229855	0.025099950432
1070.02645781	0.0250991808277
1070.34061708	0.0250984428606
1070.65477634	0.0250976332867
1070.96893561	0.0250965922924
1071.28309487	0.0250954907079
1071.59725414	0.0250945165289
1071.9114134	0.0250935059944
1072.22557267	0.0250922481346
1072.53973194	0.0250908062428
1072.8538912	0.0250894702714
1073.16805047	0.0250881166244
1073.48220973	0.0250864030271
1073.796369	0.0250845800915
1074.11052826	0.0250829221697
1074.42468753	0.0250813015072
1074.73884679	0.0250795268294
1075.05300606	0.0250777949534
1075.36716532	0.0250761589666
1075.68132459	0.025074494634
1075.99548385	0.0250729592291
1076.30964312	0.0250715973416
1076.62380239	0.0250698912325
1076.93796165	0.025067969849
1077.25212092	0.0250661583346
1077.56628018	0.0250644293234
1077.88043945	0.0250627945673
1078.19459871	0.0250612091626
1078.50875798	0.025059650945
1078.82291724	0.0250583228154
1079.13707651	0.0250571769993
1079.45123577	0.0250560472816
1079.76539504	0.0250550848014
1080.0795543	0.0250544246241
1080.39371357	0.0250539733142
1080.70787283	0.0250536081939
1081.0220321	0.0250532672942
1081.33619137	0.0250529311287
1081.65035063	0.0250526823236
1081.9645099	0.0250524327676
1082.27866916	0.0250520595712
1082.59282843	0.0250517453305
1082.90698769	0.0250515698341
1083.22114696	0.0250514547014
1083.53530622	0.025051366996
1083.84946549	0.0250516925407
1084.16362475	0.0250521351355
1084.47778402	0.0250522774899
1084.79194328	0.0250525215693
1085.10610255	0.0250531574972
1085.42026182	0.0250540369999
1085.73442108	0.0250547930353
1086.04858035	0.0250553430861
1086.36273961	0.025055996975
1086.67689888	0.0250569754134
1086.99105814	0.025057948105
1087.30521741	0.0250587259196
1087.61937667	0.0250594981439
1087.93353594	0.025060360482
1088.2476952	0.0250612285247
1088.56185447	0.0250619478452
1088.87601373	0.0250625844121
1089.190173	0.0250636018422
1089.50433227	0.0250647009241
1089.81849153	0.0250656377653
1090.1326508	0.0250659396516
1090.44681006	0.0250659143612
1090.76096933	0.0250665032207
1091.07512859	0.0250666992064
1091.38928786	0.025066453259
1091.70344712	0.0250663291655
1092.01760639	0.0250664887616
1092.33176565	0.0250666860784
1092.64592492	0.0250667076471
1092.96008418	0.0250666024152
1093.27424345	0.0250665933628
1093.58840271	0.0250668629783
1093.90256198	0.0250672071645
1094.21672125	0.0250673209831
1094.53088051	0.0250670095221
1094.84503978	0.0250664979904
1095.15919904	0.0250659285598
1095.47335831	0.0250649636245
1095.78751757	0.0250638551925
1096.10167684	0.0250628140544
1096.4158361	0.0250617538934
1096.72999537	0.0250605720282
1097.04415463	0.025059498397
1097.3583139	0.0250585854931
1097.67247316	0.0250575892204
1097.98663243	0.0250565337217
1098.3007917	0.025055498287
1098.61495096	0.0250541736317
1098.92911023	0.0250529423676
1099.24326949	0.025051827922
1099.55742876	0.0250501026984
1099.87158802	0.0250481927934
1100.18574729	0.0250466149931
1100.49990655	0.0250451993082
1100.81406582	0.0250436635769
1101.12822508	0.0250421346149
1101.44238435	0.0250407246215
1101.75654361	0.0250393877771
1102.07070288	0.0250381791305
1102.38486214	0.0250371502094
1102.69902141	0.025036212466
1103.01318068	0.0250354159863
1103.32733994	0.0250346241752
1103.64149921	0.0250333193866
1103.95565847	0.0250319529168
1104.26981774	0.0250308822732
1104.583977	0.0250297916686
1104.89813627	0.0250286915105
1105.21229553	0.0250276468443
1105.5264548	0.0250266927316
1105.84061406	0.0250259483209
1106.15477333	0.0250252999112
1106.46893259	0.0250245604429
1106.78309186	0.0250239141984
1107.09725113	0.0250236561516
1107.41141039	0.0250235380223
1107.72556966	0.0250232277087
1108.03972892	0.0250230593181
1108.35388819	0.0250229690203
1108.66804745	0.0250227686759
1108.98220672	0.025022702765
1109.29636598	0.0250226976874
1109.61052525	0.0250226233811
1109.92468451	0.0250226150986
1110.23884378	0.025022701051
1110.55300304	0.0250229016389
1110.86716231	0.0250231720021
1111.18132157	0.0250233372785
1111.49548084	0.0250234709351
1111.80964011	0.025023684851
1112.12379937	0.0250236350512
1112.43795864	0.0250239058909
1112.7521179	0.025024069722
1113.06627717	0.025023687319
1113.38043643	0.0250233951305
1113.6945957	0.0250232239537
1114.00875496	0.0250229184482
1114.32291423	0.025022629846
1114.63707349	0.0250223580885
1114.95123276	0.0250219628593
1115.26539202	0.0250215497581
1115.57955129	0.0250212116449
1115.89371056	0.025020908862
1116.20786982	0.0250205413227
1116.52202909	0.0250201443755
1116.83618835	0.0250198010169
1117.15034762	0.0250191589641
1117.46450688	0.0250178822624
1117.77866615	0.0250167915525
1118.09282541	0.0250158253483
1118.40698468	0.0250147573003
1118.72114394	0.025013551773
1119.03530321	0.0250122176347
1119.34946247	0.0250108251724
1119.66362174	0.0250097002924
1119.977781	0.0250086346101
1120.29194027	0.0250073027229
1120.60609954	0.0250060480443
1120.9202588	0.0250051847458
1121.23441807	0.0250045730881
1121.54857733	0.0250037200083
1121.8627366	0.0250023524655
1122.17689586	0.0250009855808
1122.49105513	0.0249998005204
1122.80521439	0.0249982357872
1123.11937366	0.0249967451408
1123.43353292	0.0249955809236
1123.74769219	0.0249944178086
1124.06185145	0.0249931768123
1124.37601072	0.0249922566022
1124.69016999	0.0249917316795
1125.00432925	0.0249912423647
1125.31848852	0.0249902870566
1125.63264778	0.0249891892454
1125.94680705	0.0249885935806
1126.26096631	0.0249878031283
1126.57512558	0.024986746184
1126.88928484	0.0249858768478
1127.20344411	0.0249852006216
1127.51760337	0.0249845689478
1127.83176264	0.0249840467498
1128.1459219	0.0249836593876
1128.46008117	0.0249834287188
1128.77424043	0.0249833602225
1129.0883997	0.0249835124041
1129.40255897	0.0249837752512
1129.71671823	0.0249840072839
1130.0308775	0.0249843211003
1130.34503676	0.0249848522458
1130.65919603	0.024985196726
1130.97335529	0.0249847892387
1131.28751456	0.024984547505
1131.60167382	0.0249848279301
1131.91583309	0.0249850042132
1132.22999235	0.0249850618372
1132.54415162	0.0249851643091
1132.85831088	0.0249852496515
1133.17247015	0.0249854470367
1133.48662942	0.0249859385245
1133.80078868	0.0249864397452
1134.11494795	0.0249867961952
1134.42910721	0.0249875167626
1134.74326648	0.0249887179727
1135.05742574	0.0249897215029
1135.37158501	0.0249900598256
1135.68574427	0.0249904490278
1135.99990354	0.0249911378097
1136.3140628	0.0249911568799
1136.62822207	0.0249912189209
1136.94238133	0.0249916980918
1137.2565406	0.0249921392217
1137.57069986	0.0249922821412
1137.88485913	0.0249925456557
1138.1990184	0.0249931839956
1138.51317766	0.0249937286026
1138.82733693	0.0249938252535
1139.14149619	0.024993896636
1139.45565546	0.0249940593028
1139.76981472	0.0249939773264
1140.08397399	0.0249938830679
1140.39813325	0.0249938948654
1140.71229252	0.0249938644373
1141.02645178	0.0249936878419
1141.34061105	0.0249935799083
1141.65477031	0.0249936253322
1141.96892958	0.0249936627329
1142.28308885	0.0249936013077
1142.59724811	0.0249934750103
1142.91140738	0.0249933044485
1143.22556664	0.0249930987757
1143.53972591	0.0249927242
1143.85388517	0.0249921168856
1144.16804444	0.0249915444439
1144.4822037	0.0249910142884
1144.79636297	0.0249902615439
1145.11052223	0.0249892154704
1145.4246815	0.024988196992
1145.73884076	0.0249872773446
1146.05300003	0.0249862242661
1146.36715929	0.024984983144
1146.68131856	0.0249836866846
1146.99547783	0.0249826738141
1147.30963709	0.0249817438967
1147.62379636	0.0249806059892
1147.93795562	0.0249795092995
1148.25211489	0.0249786877644
1148.56627415	0.0249779225297
1148.88043342	0.0249769371255
1149.19459268	0.0249758042212
1149.50875195	0.0249747298154
1149.82291121	0.0249736662232
1150.13707048	0.0249723692355
1150.45122974	0.0249710748392
1150.76538901	0.0249699546963
1151.07954828	0.0249688165548
1151.39370754	0.0249675124523
1151.70786681	0.0249667796516
1152.02202607	0.024966343906
1152.33618534	0.024965377306
1152.6503446	0.0249642443952
1152.96450387	0.0249634327813
1153.27866313	0.024962684517
1153.5928224	0.0249618098899
1153.90698166	0.0249608719867
1154.22114093	0.0249598819777
1154.53530019	0.024958995047
1154.84945946	0.0249583014766
1155.16361873	0.0249577402306
1155.47777799	0.0249572145123
1155.79193726	0.0249567440647
1156.10609652	0.0249564971803
1156.42025579	0.0249564920336
1156.73441505	0.024956413982
1157.04857432	0.0249561138757
1157.36273358	0.0249558312753
1157.67689285	0.0249555690063
1157.99105211	0.0249549017076
1158.30521138	0.0249540176317
1158.61937064	0.0249534529817
1158.93352991	0.0249530384876
1159.24768917	0.0249525288769
1159.56184844	0.0249520517186
1159.87600771	0.0249516155517
1160.19016697	0.0249511841909
1160.50432624	0.0249507878648
1160.8184855	0.0249504476119
1161.13264477	0.0249501330501
1161.44680403	0.024949686937
1161.7609633	0.0249491793323
1162.07512256	0.0249485585134
1162.38928183	0.0249479739505
1162.70344109	0.0249473929394
1163.01760036	0.0249465173487
1163.33175962	0.0249455586356
1163.64591889	0.0249448183512
1163.96007816	0.0249441165231
1164.27423742	0.0249433103659
1164.58839669	0.0249425271746
1164.90255595	0.0249420853456
1165.21671522	0.0249418837187
1165.53087448	0.0249414817
1165.84503375	0.0249405009752
1166.15919301	0.024939395432
1166.47335228	0.0249387261739
1166.78751154	0.0249376207009
1167.10167081	0.0249361903377
1167.41583007	0.0249350706655
1167.72998934	0.0249341075414
1168.0441486	0.0249328956556
1168.35830787	0.0249315557819
1168.67246714	0.0249303831205
1168.9866264	0.0249293950544
1169.30078567	0.0249284228658
1169.61494493	0.0249273584909
1169.9291042	0.0249264115897
1170.24326346	0.0249256186708
1170.55742273	0.0249246857297
1170.87158199	0.024923766337
1171.18574126	0.024922954016
1171.49990052	0.0249219594223
1171.81405979	0.0249208093883
1172.12821905	0.0249198185961
1172.44237832	0.0249189729851
1172.75653759	0.0249180845278
1173.07069685	0.024917141587
1173.38485612	0.0249162822313
1173.69901538	0.0249156542074
1174.01317465	0.0249149027252
1174.32733391	0.0249139998353
1174.64149318	0.0249135776983
1174.95565244	0.0249132470835
1175.26981171	0.0249124025307
1175.58397097	0.0249115991345
1175.89813024	0.0249112277733
1176.2122895	0.0249108638841
1176.52644877	0.0249103103956
1176.84060803	0.0249098716315
1177.1547673	0.0249096496109
1177.46892657	0.024909509133
1177.78308583	0.0249094335099
1178.0972451	0.0249093906299
1178.41140436	0.02490952308
1178.72556363	0.0249097918755
1179.03972289	0.0249100882072
1179.35388216	0.0249101481428
1179.66804142	0.0249098113795
1179.98220069	0.0249098522652
1180.29635995	0.0249100372075
1180.61051922	0.0249099820833
1180.92467848	0.0249098136784
1181.23883775	0.0249098087259
1181.55299702	0.0249100027963
1181.86715628	0.0249101555688
1182.18131555	0.0249102807192
1182.49547481	0.0249106202181
1182.80963408	0.024911229063
1183.12379334	0.024912072583
1183.43795261	0.02491290709
1183.75211187	0.0249136805964
1184.06627114	0.0249143848167
1184.3804304	0.0249148335719
1184.69458967	0.0249150118476
1185.00874893	0.0249151751957
1185.3229082	0.0249152581345
1185.63706746	0.0249153772506
1185.95122673	0.0249155678232
1186.265386	0.0249157427373
1186.57954526	0.0249160505789
1186.89370453	0.0249164917586
1187.20786379	0.0249168375584
1187.52202306	0.0249171347355
1187.83618232	0.0249170999806
1188.15034159	0.0249171236041
1188.46450085	0.0249177374107
1188.77866012	0.024917598227
1189.09281938	0.0249169857802
1189.40697865	0.0249169008633
1189.72113791	0.024916981387
1190.03529718	0.0249167605197
1190.34945645	0.0249163816846
1190.66361571	0.0249160308295
1190.97777498	0.0249157212809
1191.29193424	0.0249154435235
1191.60609351	0.0249150912159
1191.92025277	0.0249146574069
1192.23441204	0.0249142443859
1192.5485713	0.0249139493921
1192.86273057	0.0249134914925
1193.17688983	0.0249122751364
1193.4910491	0.0249111065552
1193.80520836	0.0249100453739
1194.11936763	0.0249086563392
1194.43352689	0.024907383503
1194.74768616	0.0249061410838
1195.06184543	0.0249047875334
1195.37600469	0.024903509838
1195.69016396	0.0249022672801
1196.00432322	0.0249010504918
1196.31848249	0.024899945736
1196.63264175	0.0248990891718
1196.94680102	0.0248983955391
1197.26096028	0.0248976060942
1197.57511955	0.0248966844285
1197.88927881	0.0248952452835
1198.20343808	0.0248942068278
1198.51759734	0.0248929517423
1198.83175661	0.0248912554474
1199.14591588	0.0248899160676
1199.46007514	0.0248889113598
1199.77423441	0.0248878818707
1200.08839367	0.0248869512854
1200.40255294	0.0248862341664
1200.7167122	0.024885502189
1201.03087147	0.0248848148524
1201.34503073	0.0248840359731
1201.65919	0.024883577357
1201.97334926	0.0248832990229
1202.28750853	0.0248826913568
1202.60166779	0.0248821590274
1202.91582706	0.0248819381803
1203.22998632	0.0248817684698
1203.54414559	0.0248815493002
1203.85830486	0.0248815242865
1204.17246412	0.0248816653061
1204.48662339	0.0248817899526
1204.80078265	0.0248819554693
1205.11494192	0.0248822067267
1205.42910118	0.0248825101823
1205.74326045	0.0248828157307
1206.05741971	0.0248831156799
1206.37157898	0.0248834265401
1206.68573824	0.0248837820984
1206.99989751	0.02488395302
1207.31405677	0.0248841208355
1207.62821604	0.0248843584698
1207.94237531	0.0248844128129
1208.25653457	0.0248844519007
1208.57069384	0.0248846244016
1208.8848531	0.0248846775718
1209.19901237	0.0248844893321
1209.51317163	0.024884235552
1209.8273309	0.0248841912576
1210.14149016	0.0248841972544
1210.45564943	0.0248841136039
1210.76980869	0.0248840517942
1211.08396796	0.0248839442428
1211.39812722	0.0248836037177
1211.71228649	0.0248831667868
1212.02644576	0.0248826119632
1212.34060502	0.0248817062538
1212.65476429	0.0248805675846
1212.96892355	0.0248794645452
1213.28308282	0.0248783569848
1213.59724208	0.0248771262873
1213.91140135	0.0248760528138
1214.22556061	0.0248749905845
1214.53971988	0.0248737987947
1214.85387914	0.0248724750266
1215.16803841	0.0248707782216
1215.48219767	0.0248692304996
1215.79635694	0.0248678539046
1216.1105162	0.024865847536
1216.42467547	0.0248636865887
1216.73883474	0.0248618497868
1217.052994	0.024860100805
1217.36715327	0.0248582814899
1217.68131253	0.0248564459508
1217.9954718	0.024854667782
1218.30963106	0.0248530037049
1218.62379033	0.0248514954591
1218.93794959	0.0248501497915
1219.25210886	0.0248489436631
1219.56626812	0.024847820064
1219.88042739	0.0248466918042
1220.19458665	0.024845050014
1220.50874592	0.0248431706124
1220.82290519	0.0248417842985
1221.13706445	0.0248404709645
1221.45122372	0.0248391289791
1221.76538298	0.0248378517969
1222.07954225	0.0248366824739
1222.39370151	0.0248357336902
1222.70786078	0.0248350491784
1223.02202004	0.0248343984435
1223.33617931	0.0248337622135
1223.65033857	0.0248334693727
1223.96449784	0.0248336854462
1224.2786571	0.0248340116511
1224.59281637	0.024833902118
1224.90697563	0.0248336984372
1225.2211349	0.0248337902486
1225.53529417	0.0248337534004
1225.84945343	0.0248337450255
1226.1636127	0.0248340307015
1226.47777196	0.0248343700135
1226.79193123	0.0248347761175
1227.10609049	0.0248355619111
1227.42024976	0.0248366326205
1227.73440902	0.0248376709029
1228.04856829	0.0248384893326
1228.36272755	0.0248392692806
1228.67688682	0.0248403371236
1228.99104608	0.0248412600535
1229.30520535	0.0248421011651
1229.61936462	0.024843039167
1229.93352388	0.0248438611803
1230.24768315	0.0248446381377
1230.56184241	0.0248455101572
1230.87600168	0.0248464192089
1231.19016094	0.0248472970212
1231.50432021	0.0248481648618
1231.81847947	0.0248489922769
1232.13263874	0.0248499114668
1232.446798	0.0248509914897
1232.76095727	0.0248518892997
1233.07511653	0.0248526623846
1233.3892758	0.0248535778029
1233.70343506	0.0248543347276
1234.01759433	0.0248544400401
1234.3317536	0.0248545225028
1234.64591286	0.02485497932
1234.96007213	0.0248552382705
1235.27423139	0.024855072837
1235.58839066	0.0248548492799
1235.90254992	0.0248547227176
1236.21670919	0.024854461173
1236.53086845	0.0248539772415
1236.84502772	0.0248535002305
1237.15918698	0.0248530198507
1237.47334625	0.024852454922
1237.78750551	0.024851880979
1238.10166478	0.0248511546335
1238.41582405	0.0248501284511
1238.72998331	0.0248489828541
1239.04414258	0.0248477808083
1239.35830184	0.0248464521081
1239.67246111	0.0248450206516
1239.98662037	0.0248435808474
1240.30077964	0.0248420483356
1240.6149389	0.0248405386366
1240.92909817	0.0248392669666
1241.24325743	0.0248378406198
1241.5574167	0.0248359927525
1241.87157596	0.0248341914983
1242.18573523	0.0248324307665
1242.49989449	0.0248305278537
1242.81405376	0.0248287514215
1243.12821303	0.0248267908423
1243.44237229	0.0248248153945
1243.75653156	0.0248230368104
1244.07069082	0.0248212406726
1244.38485009	0.0248195496595
1244.69900935	0.0248181659595
1245.01316862	0.0248170061486
1245.32732788	0.0248159806662
1245.64148715	0.0248150588304
1245.95564641	0.0248142565045
1246.26980568	0.0248134727112
1246.58396494	0.0248126338574
1246.89812421	0.0248116370776
1247.21228348	0.0248103485607
1247.52644274	0.0248093229006
1247.84060201	0.0248085068731
1248.15476127	0.0248077904678
1248.46892054	0.0248071294896
1248.7830798	0.0248067364178
1249.09723907	0.0248065014798
1249.41139833	0.0248062388264
1249.7255576	0.024806152973
1250.03971686	0.0248063364537
1250.35387613	0.0248066409318
1250.66803539	0.0248069844391
1250.98219466	0.0248074667243
1251.29635392	0.0248081301014
1251.61051319	0.0248087671683
1251.92467246	0.0248090069079
1252.23883172	0.0248094133092
1252.55299099	0.02480985674
1252.86715025	0.0248099990724
1253.18130952	0.0248101777846
1253.49546878	0.024810577418
1253.80962805	0.0248109363426
1254.12378731	0.0248111544129
1254.43794658	0.0248115136706
1254.75210584	0.0248122198151
1255.06626511	0.0248128593651
1255.38042437	0.0248130197964
1255.69458364	0.0248129389239
1256.00874291	0.0248129248948
1256.32290217	0.0248128922237
1256.63706144	0.024812730748
1256.9512207	0.0248124548456
1257.26537997	0.0248121300526
1257.57953923	0.0248116633514
1257.8936985	0.024811191802
1258.20785776	0.0248108418115
1258.52201703	0.0248104774025
1258.83617629	0.0248100184469
1259.15033556	0.0248095781614
1259.46449482	0.024809190489
1259.77865409	0.0248087434532
1260.09281335	0.0248080872584
1260.40697262	0.0248071325129
1260.72113189	0.0248060679257
1261.03529115	0.024804904892
1261.34945042	0.0248031723422
1261.66360968	0.024801654861
1261.97776895	0.0248005311194
1262.29192821	0.024799307592
1262.60608748	0.0247979525571
1262.92024674	0.0247965882268
1263.23440601	0.0247952687491
1263.54856527	0.0247939683629
1263.86272454	0.0247927910024
1264.1768838	0.0247917445339
1264.49104307	0.0247904235235
1264.80520234	0.0247889828455
1265.1193616	0.0247877788193
1265.43352087	0.024786627468
1265.74768013	0.0247853810423
1266.0618394	0.0247841667981
1266.37599866	0.0247829759571
1266.69015793	0.0247818181866
1267.00431719	0.0247807637722
1267.31847646	0.0247798141125
1267.63263572	0.0247789341917
1267.94679499	0.0247781064689
1268.26095425	0.0247775065699
1268.57511352	0.0247770970953
1268.88927279	0.0247764016819
1269.20343205	0.0247755606557
1269.51759132	0.0247750966106
1269.83175058	0.0247746430485
1270.14590985	0.0247739483319
1270.46006911	0.0247733703451
1270.77422838	0.0247731121663
1271.08838764	0.0247727742735
1271.40254691	0.0247722829377
1271.71670617	0.02477202434
1272.03086544	0.0247721147445
1272.3450247	0.0247722432412
1272.65918397	0.0247724239915
1272.97334323	0.0247726901404
1273.2875025	0.0247730890056
1273.60166177	0.024773592833
1273.91582103	0.0247741705046
1274.2299803	0.0247748888127
1274.54413956	0.0247753945192
1274.85829883	0.0247755942913
1275.17245809	0.0247759482715
1275.48661736	0.0247764203368
1275.80077662	0.0247768298074
1276.11493589	0.0247772560315
1276.42909515	0.0247778189425
1276.74325442	0.0247782712552
1277.05741368	0.024778754488
1277.37157295	0.024779390311
1277.68573222	0.0247799434527
1277.99989148	0.024780439003
1278.31405075	0.0247809005663
1278.62821001	0.0247812867719
1278.94236928	0.0247817124335
1279.25652854	0.0247821332591
1279.57068781	0.0247824401485
1279.88484707	0.0247826297962
1280.19900634	0.0247828346165
1280.5131656	0.0247831197129
1280.82732487	0.0247835023403
1281.14148413	0.0247839799156
1281.4556434	0.0247844468927
1281.76980266	0.0247849599565
1282.08396193	0.0247855934358
1282.3981212	0.0247859733412
1282.71228046	0.0247857636022
1283.02643973	0.0247855141762
1283.34059899	0.0247853257095
1283.65475826	0.0247850192126
1283.96891752	0.024784590993
1284.28307679	0.0247840785376
1284.59723605	0.0247835721465
1284.91139532	0.0247830110364
1285.22555458	0.0247823418709
1285.53971385	0.0247817279666
1285.85387311	0.0247812532576
1286.16803238	0.0247808366681
1286.48219165	0.0247804840587
1286.79635091	0.0247801378083
1287.11051018	0.0247795917086
1287.42466944	0.0247787266767
1287.73882871	0.024777770877
1288.05298797	0.0247765036686
1288.36714724	0.0247749759118
1288.6813065	0.0247734607096
1288.99546577	0.0247720725673
1289.30962503	0.0247708464436
1289.6237843	0.0247696638958
1289.93794356	0.0247682140261
1290.25210283	0.0247667477943
1290.56626209	0.0247654402594
1290.88042136	0.0247640514938
1291.19458063	0.0247626753479
1291.50873989	0.0247613678179
1291.82289916	0.0247599479632
1292.13705842	0.0247583828228
1292.45121769	0.0247569363282
1292.76537695	0.0247556642483
1293.07953622	0.0247543674803
1293.39369548	0.0247530434005
1293.70785475	0.0247517850319
1294.02201401	0.0247506541923
1294.33617328	0.02474966191
1294.65033254	0.024748798176
1294.96449181	0.0247480109457
1295.27865108	0.0247472815564
1295.59281034	0.0247466609738
1295.90696961	0.0247460822233
1296.22112887	0.0247453544261
1296.53528814	0.0247446020363
1296.8494474	0.024743857667
1297.16360667	0.0247432039661
1297.47776593	0.0247426697074
1297.7919252	0.0247422264165
1298.10608446	0.0247417670143
1298.42024373	0.0247413151265
1298.73440299	0.0247410014111
1299.04856226	0.0247408513032
1299.36272152	0.0247408373089
1299.67688079	0.0247410178094
1299.99104006	0.0247413442884
1300.30519932	0.0247415770336
1300.61935859	0.0247416615939
1300.93351785	0.0247417545602
1301.24767712	0.0247416127184
1301.56183638	0.0247413140127
1301.87599565	0.0247411142886
1302.19015491	0.0247409966136
1302.50431418	0.0247408325725
1302.81847344	0.0247405966143
1303.13263271	0.0247405114865
1303.44679197	0.0247404504334
1303.76095124	0.0247401460358
1304.07511051	0.0247398533476
1304.38926977	0.0247395282591
1304.70342904	0.0247389262748
1305.0175883	0.0247386327204
1305.33174757	0.0247384016948
1305.64590683	0.0247377004907
1305.9600661	0.0247368990338
1306.27422536	0.0247364010542
1306.58838463	0.0247359879386
1306.90254389	0.0247354401689
1307.21670316	0.0247349500324
1307.53086242	0.0247345250257
1307.84502169	0.0247341642611
1308.15918095	0.0247337614682
1308.47334022	0.0247332165313
1308.78749949	0.0247327075057
1309.10165875	0.0247322332167
1309.41581802	0.0247312392736
1309.72997728	0.0247296814803
1310.04413655	0.0247286643971
1310.35829581	0.0247277770343
1310.67245508	0.0247264499185
1310.98661434	0.0247251441071
1311.30077361	0.0247240770678
1311.61493287	0.0247230067335
1311.92909214	0.0247220294915
1312.2432514	0.0247211989251
1312.55741067	0.0247202978074
1312.87156994	0.0247194581815
1313.1857292	0.0247189982858
1313.49988847	0.0247186382484
1313.81404773	0.0247180287819
1314.128207	0.0247170914936
1314.44236626	0.0247160332489
1314.75652553	0.0247150555821
1315.07068479	0.0247138706449
1315.38484406	0.02471278007
1315.69900332	0.0247118649148
1316.01316259	0.0247108718953
1316.32732185	0.0247098291743
1316.64148112	0.0247090364688
1316.95564038	0.0247086185818
1317.26979965	0.0247081314742
1317.58395892	0.0247074519929
1317.89811818	0.0247068416136
1318.21227745	0.0247061725024
1318.52643671	0.0247055371315
1318.84059598	0.024705229698
1319.15475524	0.0247047057919
1319.46891451	0.0247038839386
1319.78307377	0.0247032530556
1320.09723304	0.0247029614848
1320.4113923	0.0247027421565
1320.72555157	0.0247024792485
1321.03971083	0.0247022730067
1321.3538701	0.0247022308555
1321.66802937	0.0247023272239
1321.98218863	0.024702470894
1322.2963479	0.0247027617557
1322.61050716	0.0247032487106
1322.92466643	0.0247036955147
1323.23882569	0.0247034455486
1323.55298496	0.024703313213
1323.86714422	0.0247034298249
1324.18130349	0.0247033006758
1324.49546275	0.0247033790577
1324.80962202	0.0247036954692
1325.12378128	0.0247038852092
1325.43794055	0.0247040992648
1325.75209981	0.0247045590962
1326.06625908	0.0247051375112
1326.38041835	0.0247056406101
1326.69457761	0.0247062157229
1327.00873688	0.024707027355
1327.32289614	0.024707756063
1327.63705541	0.024708241898
1327.95121467	0.0247088495985
1328.26537394	0.0247094011377
1328.5795332	0.0247097475237
1328.89369247	0.0247101779445
1329.20785173	0.0247107961703
1329.522011	0.0247113451233
1329.83617026	0.0247117709827
1330.15032953	0.0247122609658
1330.4644888	0.024712928826
1330.77864806	0.0247136439585
1331.09280733	0.0247139902339
1331.40696659	0.0247141978756
1331.72112586	0.0247144373845
1332.03528512	0.0247146198556
1332.34944439	0.0247146080431
1332.66360365	0.024714564943
1332.97776292	0.024714537697
1333.29192218	0.024714223535
1333.60608145	0.0247138230374
1333.92024071	0.0247136306372
1334.23439998	0.0247134766548
1334.54855925	0.0247130831878
1334.86271851	0.0247124704516
1335.17687778	0.0247119763935
1335.49103704	0.0247115343307
1335.80519631	0.024710890278
1336.11935557	0.0247102675615
1336.43351484	0.0247098541617
1336.7476741	0.0247092531468
1337.06183337	0.024707896433
1337.37599263	0.0247065795872
1337.6901519	0.0247057293942
1338.00431116	0.0247045698823
1338.31847043	0.0247031589895
1338.63262969	0.0247018086478
1338.94678896	0.0247003939324
1339.26094823	0.0246988483682
1339.57510749	0.0246977148417
1339.88926676	0.0246965231756
1340.20342602	0.0246949308031
1340.51758529	0.0246935816781
1340.83174455	0.0246927146129
1341.14590382	0.0246916748517
1341.46006308	0.0246901054123
1341.77422235	0.0246887363473
1342.08838161	0.0246875051641
1342.40254088	0.0246860474242
1342.71670014	0.0246847000095
1343.03085941	0.0246836876194
1343.34501868	0.0246827835179
1343.65917794	0.0246818838029
1343.97333721	0.0246811093243
1344.28749647	0.0246806214946
1344.60165574	0.0246802305463
1344.915815	0.0246795038729
1345.22997427	0.0246788043757
1345.54413353	0.0246782683258
1345.8582928	0.0246776644645
1346.17245206	0.0246770503196
1346.48661133	0.0246766410084
1346.80077059	0.0246763064346
1347.11492986	0.0246758759749
1347.42908912	0.0246755666208
1347.74324839	0.0246755235688
1348.05740766	0.0246756170068
1348.37156692	0.024675758526
1348.68572619	0.024676017017
1348.99988545	0.0246764480799
1349.31404472	0.0246769885476
1349.62820398	0.0246773980976
1349.94236325	0.0246777632602
1350.25652251	0.0246778801573
1350.57068178	0.0246776059644
1350.88484104	0.0246772393466
1351.19900031	0.024676962953
1351.51315957	0.0246769046893
1351.82731884	0.0246769678749
1352.14147811	0.0246767473706
1352.45563737	0.0246762648213
1352.76979664	0.02467598774
1353.0839559	0.0246758888153
1353.39811517	0.0246757328698
1353.71227443	0.0246754914735
1354.0264337	0.0246751334645
1354.34059296	0.0246748267772
1354.65475223	0.0246746178768
1354.96891149	0.0246741466722
1355.28307076	0.0246734838991
1355.59723002	0.0246727548928
1355.91138929	0.0246718839371
1356.22554855	0.0246709495649
1356.53970782	0.0246700517128
1356.85386709	0.0246691406814
1357.16802635	0.0246681183057
1357.48218562	0.0246670771
1357.79634488	0.0246662630572
1358.11050415	0.0246653601539
1358.42466341	0.0246639934707
1358.73882268	0.0246627580631
1359.05298194	0.0246615352225
1359.36714121	0.0246599675374
1359.68130047	0.0246584679448
1359.99545974	0.0246572980978
1360.309619	0.0246559818129
1360.62377827	0.0246544505391
1360.93793754	0.0246531005231
1361.2520968	0.0246520245903
1361.56625607	0.0246510081152
1361.88041533	0.0246500360378
1362.1945746	0.0246492577798
1362.50873386	0.0246485854405
1362.82289313	0.0246478076125
1363.13705239	0.0246469548384
1363.45121166	0.0246460078494
1363.76537092	0.0246448447569
1364.07953019	0.024643692424
1364.39368945	0.0246427833627
1364.70784872	0.0246419365754
1365.02200798	0.0246411425116
1365.33616725	0.02464054353
1365.65032652	0.0246399541592
1365.96448578	0.024639400159
1366.27864505	0.0246389600551
1366.59280431	0.0246386137639
1366.90696358	0.0246383327607
1367.22112284	0.024638250067
1367.53528211	0.0246381914597
1367.84944137	0.0246378824813
1368.16360064	0.0246376585115
1368.4777599	0.0246377648609
1368.79191917	0.0246379356293
1369.10607843	0.0246380208883
1369.4202377	0.024638179433
1369.73439697	0.0246386429394
1370.04855623	0.0246392127384
1370.3627155	0.0246397540514
1370.67687476	0.024640391389
1370.99103403	0.0246413233302
1371.30519329	0.0246424743817
1371.61935256	0.0246433605746
1371.93351182	0.0246434573633
1372.24767109	0.0246439372788
1372.56183035	0.0246445312597
1372.87598962	0.0246447541976
1373.19014888	0.0246451836025
1373.50430815	0.0246457329062
1373.81846741	0.0246461140587
1374.13262668	0.0246465405801
1374.44678595	0.0246471496963
1374.76094521	0.0246477269683
1375.07510448	0.0246483205995
1375.38926374	0.0246492674396
1375.70342301	0.0246503263563
1376.01758227	0.0246511863637
1376.33174154	0.0246518682439
1376.6459008	0.0246523827246
1376.96006007	0.0246525577749
1377.27421933	0.024652474299
1377.5883786	0.02465252211
1377.90253786	0.0246525765733
1378.21669713	0.0246524829102
1378.5308564	0.0246522894294
1378.84501566	0.0246522390864
1379.15917493	0.0246523742354
1379.47333419	0.024652249962
1379.78749346	0.0246519060232
1380.10165272	0.0246516248244
1380.41581199	0.0246508725039
1380.72997125	0.024650445387
1381.04413052	0.0246501423914
1381.35828978	0.0246490346405
1381.67244905	0.0246476956689
1381.98660831	0.0246467708892
1382.30076758	0.0246459924874
1382.61492684	0.0246449114513
1382.92908611	0.0246435950734
1383.24324538	0.0246423915492
1383.55740464	0.0246413662914
1383.87156391	0.0246403558572
1384.18572317	0.0246392216649
1384.49988244	0.0246382117687
1384.8140417	0.024637504611
1385.12820097	0.0246368071702
1385.44236023	0.0246352939914
1385.7565195	0.0246332029447
1386.07067876	0.0246321232621
1386.38483803	0.0246306321121
1386.69899729	0.0246287094156
1387.01315656	0.0246271480161
1387.32731583	0.0246258408831
1387.64147509	0.0246245087151
1387.95563436	0.024623181481
1388.26979362	0.02462193182
1388.58395289	0.024620913303
1388.89811215	0.0246202455043
1389.21227142	0.0246197693437
1389.52643068	0.0246191838369
1389.84058995	0.0246184137984
1390.15474921	0.0246177586997
1390.46890848	0.0246171586416
1390.78306774	0.0246163642961
1391.09722701	0.0246157045894
1391.41138627	0.0246153445547
1391.72554554	0.0246149022688
1392.03970481	0.0246144178503
1392.35386407	0.0246142401498
1392.66802334	0.0246143889344
1392.9821826	0.0246144626161
1393.29634187	0.0246143594458
1393.61050113	0.0246143174461
1393.9246604	0.0246143852138
1394.23881966	0.0246145063366
1394.55297893	0.0246146587946
1394.86713819	0.0246147467773
1395.18129746	0.0246147447521
1395.49545672	0.0246148267944
1395.80961599	0.0246150772572
1396.12377526	0.0246153531
1396.43793452	0.0246155132855
1396.75209379	0.0246156321042
1397.06625305	0.0246158694276
1397.38041232	0.024616086473
1397.69457158	0.024616188562
1398.00873085	0.0246163237273
1398.32289011	0.0246163269001
1398.63704938	0.0246162573899
1398.95120864	0.0246164171835
1399.26536791	0.0246163407042
1399.57952717	0.0246157788552
1399.89368644	0.024615300949
1400.20784571	0.0246149089249
1400.52200497	0.0246143504046
1400.83616424	0.0246135849427
1401.1503235	0.0246126930511
1401.46448277	0.0246117893263
1401.77864203	0.0246107728078
1402.0928013	0.0246097352902
1402.40696056	0.0246087685468
1402.72111983	0.0246078069922
1403.03527909	0.0246069483734
1403.34943836	0.0246060971239
1403.66359762	0.0246048700843
1403.97775689	0.0246034875045
1404.29191615	0.0246021607921
1404.60607542	0.0246005128146
1404.92023469	0.0245987033047
1405.23439395	0.0245971132202
1405.54855322	0.0245956487508
1405.86271248	0.0245941146035
1406.17687175	0.0245925352147
1406.49103101	0.0245911389026
1406.80519028	0.0245899640823
1407.11934954	0.0245885408022
1407.43350881	0.0245870969001
1407.74766807	0.0245857010112
1408.06182734	0.0245842920753
1408.3759866	0.0245829862859
1408.69014587	0.0245815599157
1409.00430514	0.024580127607
1409.3184644	0.024579053422
1409.63262367	0.0245781005044
1409.94678293	0.0245771286106
1410.2609422	0.0245763303474
1410.57510146	0.0245757429468
1410.88926073	0.0245752867869
1411.20341999	0.0245749594167
1411.51757926	0.0245747635224
1411.83173852	0.0245747123765
1412.14589779	0.0245748441454
1412.46005705	0.0245750673192
1412.77421632	0.0245746677588
1413.08837558	0.0245741488043
1413.40253485	0.0245740618319
1413.71669412	0.024574000821
1414.03085338	0.0245739539262
1414.34501265	0.0245740048715
1414.65917191	0.0245741089321
1414.97333118	0.0245743440382
1415.28749044	0.0245748917749
1415.60164971	0.0245755026704
1415.91580897	0.0245761206658
1416.22996824	0.0245770066418
1416.5441275	0.0245781625466
1416.85828677	0.0245792918966
1417.17244603	0.0245802131448
1417.4866053	0.0245808946292
1417.80076457	0.0245818629756
1418.11492383	0.0245826302908
1418.4290831	0.0245830553045
1418.74324236	0.0245837172169
1419.05740163	0.0245845828653
1419.37156089	0.0245853399369
1419.68572016	0.0245859926175
1419.99987942	0.0245868409124
1420.31403869	0.0245878356157
1420.62819795	0.0245885792184
1420.94235722	0.0245892076975
1421.25651648	0.0245897881765
1421.57067575	0.024590391189
1421.88483501	0.0245911330753
1422.19899428	0.0245914456233
1422.51315355	0.0245915394304
1422.82731281	0.0245918770039
1423.14147208	0.0245923373192
1423.45563134	0.0245926749915
1423.76979061	0.0245929218669
1424.08394987	0.0245932107271
1424.39810914	0.0245935352175
1424.7122684	0.0245938946933
1425.02642767	0.0245941532834
1425.34058693	0.024594260721
1425.6547462	0.024594235976
1425.96890546	0.0245939050985
1426.28306473	0.0245931854906
1426.597224	0.0245925530469
1426.91138326	0.0245919439926
1427.22554253	0.0245912397261
1427.53970179	0.0245906197807
1427.85386106	0.0245898331484
1428.16802032	0.0245888959726
1428.48217959	0.0245879876654
1428.79633885	0.0245872033678
1429.11049812	0.0245863976136
1429.42465738	0.0245853209629
1429.73881665	0.0245841689474
1430.05297591	0.024583170923
1430.36713518	0.0245819086302
1430.68129444	0.0245804540734
1430.99545371	0.0245792621042
1431.30961298	0.0245777944132
1431.62377224	0.0245761834389
1431.93793151	0.0245747673338
1432.25209077	0.0245734461824
1432.56625004	0.0245720641831
1432.8804093	0.0245708153638
1433.19456857	0.0245699685903
1433.50872783	0.024569305842
1433.8228871	0.0245683842246
1434.13704636	0.0245669418244
1434.45120563	0.0245655841009
1434.76536489	0.0245644941736
1435.07952416	0.0245630019157
1435.39368343	0.0245614578759
1435.70784269	0.0245603184686
1436.02200196	0.0245592920491
1436.33616122	0.0245580179134
1436.65032049	0.0245567947689
1436.96447975	0.0245559844345
1437.27863902	0.0245554394718
1437.59279828	0.0245549465655
1437.90695755	0.0245546018709
1438.22111681	0.0245545119511
1438.53527608	0.0245545667664
1438.84943534	0.0245545441238
1439.16359461	0.0245545615335
1439.47775387	0.0245544360704
1439.79191314	0.0245539351246
1440.10607241	0.0245533723159
1440.42023167	0.0245530028628
1440.73439094	0.0245526524364
1441.0485502	0.0245523384053
1441.36270947	0.0245521838102
1441.67686873	0.0245519978964
1441.991028	0.0245516506359
1442.30518726	0.0245513755998
1442.61934653	0.0245513392912
1442.93350579	0.0245513749612
1443.24766506	0.0245512460291
1443.56182432	0.0245509714959
1443.87598359	0.0245508502528
1444.19014286	0.0245506539961
1444.50430212	0.0245501455367
1444.81846139	0.0245497487648
1445.13262065	0.0245492003738
1445.44677992	0.0245484922672
1445.76093918	0.024547904789
1446.07509845	0.0245474155408
1446.38925771	0.0245468803791
1446.70341698	0.0245463733052
1447.01757624	0.0245460394597
1447.33173551	0.0245457884431
1447.64589477	0.0245451247586
1447.96005404	0.0245436798096
1448.2742133	0.0245429571182
1448.58837257	0.0245421871258
1448.90253184	0.0245406574875
1449.2166911	0.0245391936869
1449.53085037	0.0245381624273
1449.84500963	0.0245371460524
1450.1591689	0.0245359081311
1450.47332816	0.0245346233935
1450.78748743	0.0245336136998
1451.10164669	0.0245329001634
1451.41580596	0.0245322781966
1451.72996522	0.0245316285295
1452.04412449	0.0245309651838
1452.35828375	0.0245301537488
1452.67244302	0.0245292112861
1452.98660229	0.0245279792179
1453.30076155	0.0245267377814
1453.61492082	0.0245255370016
1453.92908008	0.0245242733184
1454.24323935	0.0245232133243
1454.55739861	0.0245223850494
1454.87155788	0.0245215769957
1455.18571714	0.024520651753
1455.49987641	0.0245197730575
1455.81403567	0.0245189559702
1456.12819494	0.0245182471651
1456.4423542	0.0245176809137
1456.75651347	0.0245170385372
1457.07067274	0.0245164154985
1457.384832	0.0245159230197
1457.69899127	0.0245155468739
1458.01315053	0.0245152170097
1458.3273098	0.0245148545646
1458.64146906	0.0245145236069
1458.95562833	0.0245142692804
1459.26978759	0.0245141142781
1459.58394686	0.024514021845
1459.89810612	0.0245139328658
1460.21226539	0.0245138850982
1460.52642465	0.0245139327944
1460.84058392	0.0245141108604
1461.15474318	0.0245142069424
1461.46890245	0.0245142684057
1461.78306172	0.0245145035837
1462.09722098	0.0245147622557
1462.41138025	0.0245148303972
1462.72553951	0.0245149176909
1463.03969878	0.0245152644439
1463.35385804	0.0245156115001
1463.66801731	0.0245157402723
1463.98217657	0.0245158618997
1464.29633584	0.0245161518762
1464.6104951	0.0245165463101
1464.92465437	0.0245170704464
1465.23881363	0.0245176506745
1465.5529729	0.0245182556189
1465.86713217	0.0245189175016
1466.18129143	0.0245195833734
1466.4954507	0.0245202071956
1466.80960996	0.0245207977146
1467.12376923	0.0245211294877
1467.43792849	0.0245212854992
1467.75208776	0.0245216367651
1468.06624702	0.0245221019994
1468.38040629	0.0245225218265
1468.69456555	0.0245229505057
1469.00872482	0.0245234923851
1469.32288408	0.0245239826537
1469.63704335	0.0245245051575
1469.95120261	0.0245251057288
1470.26536188	0.0245255745852
1470.57952115	0.0245259543513
1470.89368041	0.0245262984227
1471.20783968	0.0245266360617
1471.52199894	0.0245269845253
1471.83615821	0.0245273081679
1472.15031747	0.0245275130283
1472.46447674	0.0245276824742
1472.778636	0.0245278932705
1473.09279527	0.0245281310405
1473.40695453	0.0245283593564
1473.7211138	0.0245285269516
1474.03527306	0.0245287292337
1474.34943233	0.0245291519041
1474.6635916	0.0245295637648
1474.97775086	0.0245293622118
1475.29191013	0.0245285365219
1475.60606939	0.0245280940167
1475.92022866	0.024527591467
1476.23438792	0.0245267485559
1476.54854719	0.024525882311
1476.86270645	0.0245251534416
1477.17686572	0.0245244266827
1477.49102498	0.0245235897756
1477.80518425	0.0245227738606
1478.11934351	0.0245220475071
1478.43350278	0.024521403125
1478.74766204	0.0245208351659
1479.06182131	0.0245201952889
1479.37598058	0.0245194091959
1479.69013984	0.0245182778502
1480.00429911	0.0245171302497
1480.31845837	0.024515997908
1480.63261764	0.0245145032736
1480.9467769	0.0245130270712
1481.26093617	0.0245117848398
1481.57509543	0.0245105830979
1481.8892547	0.0245093619615
1482.20341396	0.0245083275357
1482.51757323	0.0245075141604
1482.83173249	0.0245067956774
1483.14589176	0.0245060317667
1483.46005103	0.0245049353575
1483.77421029	0.0245038078669
1484.08836956	0.024503290001
1484.40252882	0.0245022231717
1484.71668809	0.0245007683646
1485.03084735	0.0244997663213
1485.34500662	0.0244991780041
1485.65916588	0.0244985633965
1485.97332515	0.0244977758973
1486.28748441	0.024497099353
1486.60164368	0.0244967425275
1486.91580294	0.0244965152784
1487.22996221	0.0244962023433
1487.54412147	0.0244961230508
1487.85828074	0.0244963681215
1488.17244001	0.0244963277054
1488.48659927	0.024495547197
1488.80075854	0.0244951556264
1489.1149178	0.024494910059
1489.42907707	0.0244942897201
1489.74323633	0.0244938615582
1490.0573956	0.0244936000159
1490.37155486	0.0244931112426
1490.68571413	0.0244926283167
1490.99987339	0.0244924040719
1491.31403266	0.0244920815598
1491.62819192	0.0244916069616
1491.94235119	0.0244912512331
1492.25651046	0.0244910271308
1492.57066972	0.0244907049794
1492.88482899	0.0244901890465
1493.19898825	0.0244894748451
1493.51314752	0.0244887466682
1493.82730678	0.024487963567
1494.14146605	0.0244870976049
1494.45562531	0.024486304876
1494.76978458	0.0244854135458
1495.08394384	0.0244844546797
1495.39810311	0.0244838627863
1495.71226237	0.0244835037897
1496.02642164	0.0244830299756
1496.3405809	0.0244821513761
1496.65474017	0.0244809546214
1496.96889944	0.0244800102086
1497.2830587	0.0244788971047
1497.59721797	0.0244775747744
1497.91137723	0.0244762947985
1498.2255365	0.0244749740397
1498.53969576	0.0244736225629
1498.85385503	0.0244723333489
1499.16801429	0.0244711353757
1499.48217356	0.0244700490539
1499.79633282	0.0244690538315
1500.11049209	0.0244681579522
1500.42465135	0.0244674002567
1500.73881062	0.0244667641185
1501.05296989	0.0244662615973
1501.36712915	0.0244658284098
1501.68128842	0.0244654125785
1501.99544768	0.024464573168
1502.30960695	0.0244627563923
1502.62376621	0.0244615634482
1502.93792548	0.024460690182
1503.25208474	0.0244596642215
1503.56624401	0.0244587432288
1503.88040327	0.0244578201435
1504.19456254	0.0244567677781
1504.5087218	0.0244559850923
1504.82288107	0.0244555749759
1505.13704033	0.0244550681356
1505.4511996	0.0244544176686
1505.76535887	0.0244540195586
1506.07951813	0.0244541348206
1506.3936774	0.0244542200266
1506.70783666	0.0244537104519
1507.02199593	0.0244529855132
1507.33615519	0.0244526093413
1507.65031446	0.0244520493548
1507.96447372	0.0244514956424
1508.27863299	0.0244510891853
1508.59279225	0.024450733787
1508.90695152	0.0244505894297
1509.22111078	0.0244506692638
1509.53527005	0.02445077834
1509.84942932	0.0244507098936
1510.16358858	0.024450265753
1510.47774785	0.0244502402167
1510.79190711	0.0244502899295
1511.10606638	0.0244499493183
1511.42022564	0.024449634907
1511.73438491	0.024449576248
1512.04854417	0.0244496207796
1512.36270344	0.0244495875064
1512.6768627	0.0244496209174
1512.99102197	0.024449935633
1513.30518123	0.0244504455074
1513.6193405	0.0244510386407
1513.93349977	0.0244517888323
1514.24765903	0.0244526659023
1514.5618183	0.0244534834751
1514.87597756	0.0244542343724
1515.19013683	0.0244548196081
1515.50429609	0.024455068485
1515.81845536	0.0244551866035
1516.13261462	0.0244554098982
1516.44677389	0.0244558651268
1516.76093315	0.0244564037947
1517.07509242	0.02445683664
1517.38925168	0.0244573274228
1517.70341095	0.0244578781089
1518.01757021	0.0244583531525
1518.33172948	0.0244589964932
1518.64588875	0.0244599047062
1518.96004801	0.024460575089
1519.27420728	0.024461178086
1519.58836654	0.0244620646258
1519.90252581	0.0244629850383
1520.21668507	0.0244635192449
1520.53084434	0.0244639482523
1520.8450036	0.0244643570603
1521.15916287	0.024464565152
1521.47332213	0.0244648351445
1521.7874814	0.024465061609
1522.10164066	0.0244651512788
1522.41579993	0.0244652208702
1522.7299592	0.0244653314843
1523.04411846	0.0244654057605
1523.35827773	0.0244653744911
1523.67243699	0.0244653137411
1523.98659626	0.0244651799822
1524.30075552	0.0244648343077
1524.61491479	0.024464303487
1524.92907405	0.0244638346381
1525.24323332	0.024463312797
1525.55739258	0.0244625468363
1525.87155185	0.0244617175779
1526.18571111	0.0244608679702
1526.49987038	0.0244599561714
1526.81402964	0.0244590811554
1527.12818891	0.0244582483295
1527.44234818	0.0244573887751
1527.75650744	0.0244566090086
1528.07066671	0.0244557771853
1528.38482597	0.0244547998791
1528.69898524	0.0244539339477
1529.0131445	0.0244531539495
1529.32730377	0.0244519414084
1529.64146303	0.0244503078622
1529.9556223	0.024449058614
1530.26978156	0.0244480087198
1530.58394083	0.0244468024289
1530.89810009	0.0244455994664
1531.21225936	0.0244446855003
1531.52641863	0.0244439367333
1531.84057789	0.0244430769809
1532.15473716	0.0244422795943
1532.46889642	0.0244419290126
1532.78305569	0.0244413872299
1533.09721495	0.024440615707
1533.41137422	0.0244400347322
1533.72553348	0.0244395016591
1534.03969275	0.0244390714531
1534.35385201	0.0244387550841
1534.66801128	0.0244382987075
1534.98217054	0.0244378687448
1535.29632981	0.0244376903155
1535.61048907	0.024437672431
1535.92464834	0.0244376313438
1536.23880761	0.0244376632613
1536.55296687	0.0244381036905
1536.86712614	0.0244388093233
1537.1812854	0.0244391837743
1537.49544467	0.0244387786124
1537.80960393	0.024438519864
1538.1237632	0.0244386337908
1538.43792246	0.0244382697676
1538.75208173	0.0244376786671
1539.06624099	0.0244374754886
1539.38040026	0.0244374403054
1539.69455952	0.0244371733971
1540.00871879	0.0244367994158
1540.32287806	0.0244366186554
1540.63703732	0.0244367440594
1540.95119659	0.0244369216442
1541.26535585	0.0244368770135
1541.57951512	0.0244366987599
1541.89367438	0.0244364253931
1542.20783365	0.0244359992276
1542.52199291	0.0244352312287
1542.83615218	0.0244342884871
1543.15031144	0.0244333197208
1543.46447071	0.0244323495217
1543.77862997	0.0244313667493
1544.09278924	0.0244303426162
1544.4069485	0.0244292847469
1544.72110777	0.0244283329522
1545.03526704	0.0244274775083
1545.3494263	0.0244265683486
1545.66358557	0.0244255479597
1545.97774483	0.0244243138558
1546.2919041	0.0244232293282
1546.60606336	0.0244222618529
1546.92022263	0.0244207881362
1547.23438189	0.0244192015847
1547.54854116	0.0244179198907
1547.86270042	0.0244167199474
1548.17685969	0.0244154095832
1548.49101895	0.0244140543951
1548.80517822	0.0244127759702
1549.11933749	0.0244115571343
1549.43349675	0.0244105187185
1549.74765602	0.0244096346138
1550.06181528	0.0244087066382
1550.37597455	0.0244079197979
1550.69013381	0.0244074704332
1551.00429308	0.0244070594372
1551.31845234	0.024405760242
1551.63261161	0.0244043091652
1551.94677087	0.0244036924232
1552.26093014	0.0244027921693
1552.5750894	0.024401473761
1552.88924867	0.0244004925506
1553.20340793	0.0243999605786
1553.5175672	0.0243992432462
1553.83172647	0.0243984305191
1554.14588573	0.0243979266581
1554.460045	0.0243977256749
1554.77420426	0.0243975561879
1555.08836353	0.0243972575753
1555.40252279	0.0243968911139
1555.71668206	0.0243965548934
1556.03084132	0.0243963070896
1556.34500059	0.0243960112426
1556.65915985	0.0243956336105
1556.97331912	0.0243953511457
1557.28747838	0.0243951624766
1557.60163765	0.0243949166941
1557.91579692	0.0243950625518
1558.22995618	0.0243954911416
1558.54411545	0.0243956213064
1558.85827471	0.0243956752265
1559.17243398	0.0243958723584
1559.48659324	0.0243959168792
1559.80075251	0.0243960341924
1560.11491177	0.0243960920046
1560.42907104	0.0243960377743
1560.7432303	0.0243960596499
1561.05738957	0.0243961559942
1561.37154883	0.0243963477624
1561.6857081	0.024396595975
1561.99986736	0.0243968446411
1562.31402663	0.0243971550827
1562.6281859	0.0243976452809
1562.94234516	0.0243982285171
1563.25650443	0.0243987369148
1563.57066369	0.0243994247209
1563.88482296	0.0244004031993
1564.19898222	0.0244012593704
1564.51314149	0.0244011738031
1564.82730075	0.0244007710374
1565.14146002	0.0244013442509
1565.45561928	0.0244015753149
1565.76977855	0.024401403183
1566.08393781	0.0244014436641
1566.39809708	0.0244016114434
1566.71225635	0.0244017149987
1567.02641561	0.0244018633883
1567.34057488	0.0244022174587
1567.65473414	0.0244024395758
1567.96889341	0.0244025980098
1568.28305267	0.0244032203982
1568.59721194	0.0244039930295
1568.9113712	0.0244044947983
1569.22553047	0.0244043920315
1569.53968973	0.0244040113333
1569.853849	0.0244039780847
1570.16800826	0.0244033737378
1570.48216753	0.0244027581097
1570.79632679	0.0244024677946
1571.11048606	0.0244021063741
1571.42464533	0.0244015402918
1571.73880459	0.0244010933301
1572.05296386	0.024400898845
1572.36712312	0.0244006436238
1572.68128239	0.0244000572494
1572.99544165	0.0243992722826
1573.30960092	0.0243987592875
1573.62376018	0.0243982768235
1573.93791945	0.0243973253871
1574.25207871	0.0243962791079
1574.56623798	0.0243955142155
1574.88039724	0.0243948315651
1575.19455651	0.0243941465857
1575.50871578	0.0243935283519
1575.82287504	0.0243930020236
1576.13703431	0.0243925992642
1576.45119357	0.0243923057025
1576.76535284	0.0243921320237
1577.0795121	0.0243919621015
1577.39367137	0.0243918349869
1577.70783063	0.0243916731485
1578.0219899	0.0243910273517
1578.33614916	0.0243901126215
1578.65030843	0.0243895698227
1578.96446769	0.024389146771
1579.27862696	0.0243888139876
1579.59278623	0.0243884855818
1579.90694549	0.0243880870026
1580.22110476	0.0243877604038
1580.53526402	0.0243877628606
1580.84942329	0.0243880066345
1581.16358255	0.0243880334503
1581.47774182	0.0243880298423
1581.79190108	0.0243884131864
1582.10606035	0.0243890213946
1582.42021961	0.0243893161396
1582.73437888	0.024389317222
1583.04853814	0.024389499215
1583.36269741	0.0243895697533
1583.67685667	0.024389446371
1583.99101594	0.024389317819
1584.30517521	0.0243893579259
1584.61933447	0.0243894253058
1584.93349374	0.0243892863205
1585.247653	0.0243891297076
1585.56181227	0.0243890752068
1585.87597153	0.0243889660319
1586.1901308	0.0243889731622
1586.50429006	0.0243888712018
1586.81844933	0.0243883612192
1587.13260859	0.0243879884555
1587.44676786	0.0243879073429
1587.76092712	0.0243874105704
1588.07508639	0.0243865423339
1588.38924566	0.0243858289785
1588.70340492	0.0243852160033
1589.01756419	0.0243845256685
1589.33172345	0.0243837485871
1589.64588272	0.0243829287691
1589.96004198	0.0243820637239
1590.27420125	0.0243812548476
1590.58836051	0.0243804532964
1590.90251978	0.0243795602319
1591.21667904	0.0243787345391
1591.53083831	0.0243779340232
1591.84499757	0.024376717236
1592.15915684	0.0243748692567
1592.4733161	0.0243735662063
1592.78747537	0.0243724518607
1593.10163464	0.0243709415409
1593.4157939	0.0243694021807
1593.72995317	0.0243680427347
1594.04411243	0.0243667093117
1594.3582717	0.0243654728827
1594.67243096	0.024364374974
1594.98659023	0.0243632006619
1595.30074949	0.0243620313669
1595.61490876	0.0243611042302
1595.92906802	0.0243601651676
1596.24322729	0.0243588753107
1596.55738655	0.0243577209046
1596.87154582	0.0243566317508
1597.18570509	0.0243553790711
1597.49986435	0.0243541730817
1597.81402362	0.024353224323
1598.12818288	0.0243524562143
1598.44234215	0.0243516855126
1598.75650141	0.0243509446642
1599.07066068	0.0243505959875
1599.38481994	0.0243505215989
1599.69897921	0.0243500925063
1600.01313847	0.0243491452224
1600.32729774	0.0243485944471
1600.641457	0.0243481465757
1600.95561627	0.024347305399
1601.26977553	0.0243464594949
1601.5839348	0.0243458913186
1601.89809407	0.0243453720255
1602.21225333	0.0243448341173
1602.5264126	0.0243444847039
1602.84057186	0.0243443821442
1603.15473113	0.0243443860889
1603.46889039	0.0243444296353
1603.78304966	0.0243445439579
1604.09720892	0.0243447103183
1604.41136819	0.0243447527101
1604.72552745	0.024344792023
1605.03968672	0.0243447976282
1605.35384598	0.0243444001942
1605.66800525	0.0243438323796
1605.98216452	0.0243435018873
1606.29632378	0.0243433286694
1606.61048305	0.0243430359064
1606.92464231	0.0243426797178
1607.23880158	0.0243423857981
1607.55296084	0.02434209146
1607.86712011	0.0243418003162
1608.18127937	0.0243416632506
1608.49543864	0.0243414740874
1608.8095979	0.0243412408962
1609.12375717	0.0243410998859
1609.43791643	0.0243410302686
1609.7520757	0.0243409722728
1610.06623496	0.0243408277043
1610.38039423	0.0243406713952
1610.6945535	0.0243405779766
1611.00871276	0.0243404520284
1611.32287203	0.0243403080231
1611.63703129	0.024340325656
1611.95119056	0.0243404944551
1612.26534982	0.0243406649131
1612.57950909	0.0243409265691
1612.89366835	0.0243414306413
1613.20782762	0.0243418938112
1613.52198688	0.024342108419
1613.83614615	0.0243423349244
1614.15030541	0.0243424426542
1614.46446468	0.0243425302198
1614.77862395	0.0243426837404
1615.09278321	0.0243428537326
1615.40694248	0.0243431264493
1615.72110174	0.0243434594716
1616.03526101	0.0243437795078
1616.34942027	0.0243442616441
1616.66357954	0.0243449986143
1616.9777388	0.0243458555098
1617.29189807	0.0243466928095
1617.60605733	0.0243475976171
1617.9202166	0.0243485484138
1618.23437586	0.0243492815283
1618.54853513	0.0243499068631
1618.86269439	0.0243503667975
1619.17685366	0.0243506359719
1619.49101293	0.0243509376787
1619.80517219	0.0243513237268
1620.11933146	0.0243518415833
1620.43349072	0.0243525502458
1620.74764999	0.0243531122238
1621.06180925	0.0243536204156
1621.37596852	0.0243541254102
1621.69012778	0.0243546340629
1622.00428705	0.0243552374042
1622.31844631	0.0243558351765
1622.63260558	0.0243562179086
1622.94676484	0.0243564384301
1623.26092411	0.0243567392453
1623.57508338	0.0243570678538
1623.88924264	0.0243573308037
1624.20340191	0.0243574110317
1624.51756117	0.0243574424056
1624.83172044	0.0243575469329
1625.1458797	0.024357728175
1625.46003897	0.0243579008258
1625.77419823	0.0243580016934
1626.0883575	0.024358286727
1626.40251676	0.0243587421004
1626.71667603	0.0243589321401
1627.03083529	0.0243582816354
1627.34499456	0.0243575802041
1627.65915382	0.0243570542389
1627.97331309	0.0243563452851
1628.28747236	0.0243555987315
1628.60163162	0.0243548784219
1628.91579089	0.0243541512287
1629.22995015	0.0243534199969
1629.54410942	0.0243526077153
1629.85826868	0.0243518668947
1630.17242795	0.024351254457
1630.48658721	0.0243507512809
1630.80074648	0.0243503560445
1631.11490574	0.0243499165148
1631.42906501	0.0243494176608
1631.74322427	0.0243487643889
1632.05738354	0.0243478206209
1632.37154281	0.0243466329586
1632.68570207	0.0243452840279
1632.99986134	0.0243438874311
1633.3140206	0.0243425893026
1633.62817987	0.0243413799154
1633.94233913	0.0243401393012
1634.2564984	0.0243389999715
1634.57065766	0.0243378931527
1634.88481693	0.0243367509687
1635.19897619	0.0243355896607
1635.51313546	0.0243342386147
1635.82729472	0.0243331954238
1636.14145399	0.0243322133432
1636.45561326	0.024330720679
1636.76977252	0.0243291335671
1637.08393179	0.0243278657581
1637.39809105	0.0243267313428
1637.71225032	0.0243254387129
1638.02640958	0.0243240634791
1638.34056885	0.0243227853899
1638.65472811	0.0243215485436
1638.96888738	0.0243204243835
1639.28304664	0.0243194003962
1639.59720591	0.0243182498059
1639.91136517	0.0243169970948
1640.22552444	0.0243159313921
1640.5396837	0.0243148469836
1640.85384297	0.0243132279333
1641.16800224	0.0243116395556
1641.4821615	0.0243103151084
1641.79632077	0.0243089877151
1642.11048003	0.0243075012455
1642.4246393	0.0243060497631
1642.73879856	0.0243048741101
1643.05295783	0.0243036490491
1643.36711709	0.0243021907122
1643.68127636	0.0243008866012
1643.99543562	0.0242998962573
1644.30959489	0.0242989154975
1644.62375415	0.0242977617783
1644.93791342	0.0242966171729
1645.25207269	0.0242955735309
1645.56623195	0.0242944597925
1645.88039122	0.0242932512303
1646.19455048	0.0242921528013
1646.50870975	0.0242911433045
1646.82286901	0.0242901073585
1647.13702828	0.0242889423141
1647.45118754	0.0242878513774
1647.76534681	0.0242869184235
1648.07950607	0.0242860396368
1648.39366534	0.0242852748228
1648.7078246	0.0242844010307
1649.02198387	0.0242834014004
1649.33614313	0.0242827759433
1649.6503024	0.0242825453269
1649.96446167	0.0242818510302
1650.27862093	0.0242808449129
1650.5927802	0.0242803191519
1650.90693946	0.0242800142546
1651.22109873	0.0242795442678
1651.53525799	0.0242789775638
1651.84941726	0.0242784492379
1652.16357652	0.0242780496466
1652.47773579	0.0242777913066
1652.79189505	0.0242775537668
1653.10605432	0.0242774009252
1653.42021358	0.0242774762603
1653.73437285	0.0242778099732
1654.04853212	0.0242778776989
1654.36269138	0.0242771274206
1654.67685065	0.0242770175575
1654.99100991	0.0242770967347
1655.30516918	0.0242768029282
1655.61932844	0.0242764969328
1655.93348771	0.0242764842155
1656.24764697	0.0242767208837
1656.56180624	0.0242769721205
1656.8759655	0.0242771135259
1657.19012477	0.0242774212225
1657.50428403	0.0242781409799
1657.8184433	0.0242791480616
1658.13260256	0.0242800960432
1658.44676183	0.0242807348497
1658.7609211	0.0242812473113
1659.07508036	0.0242819949795
1659.38923963	0.0242825707025
1659.70339889	0.0242829958103
1660.01755816	0.0242836290143
1660.33171742	0.0242845072645
1660.64587669	0.0242854337927
1660.96003595	0.0242863882114
1661.27419522	0.0242875962233
1661.58835448	0.0242889464899
1661.90251375	0.0242901800149
1662.21667301	0.0242913860866
1662.53083228	0.0242924741601
1662.84499155	0.0242937923026
1663.15915081	0.0242951837683
1663.47331008	0.0242962318003
1663.78746934	0.0242971738247
1664.10162861	0.0242982783821
1664.41578787	0.0242995103201
1664.72994714	0.0243007104561
1665.0441064	0.0243019450871
1665.35826567	0.0243032448338
1665.67242493	0.0243045923019
1665.9865842	0.0243060179715
1666.30074346	0.0243074003498
1666.61490273	0.0243086465344
1666.92906199	0.0243098932075
1667.24322126	0.0243110597445
1667.55738053	0.0243118385794
1667.87153979	0.0243122096066
1668.18569906	0.0243127019148
1668.49985832	0.0243132845289
1668.81401759	0.0243135992592
1669.12817685	0.0243136612323
1669.44233612	0.0243136460867
1669.75649538	0.0243136176855
1670.07065465	0.0243135027313
1670.38481391	0.0243133132052
1670.69897318	0.0243129688076
1671.01313244	0.0243124833167
1671.32729171	0.0243120982577
1671.64145098	0.0243117118105
1671.95561024	0.0243110752152
1672.26976951	0.0243102230993
1672.58392877	0.0243092166575
1672.89808804	0.0243080847671
1673.2122473	0.0243068309763
1673.52640657	0.0243055188397
1673.84056583	0.02430410843
1674.1547251	0.0243026173946
1674.46888436	0.024301144418
1674.78304363	0.0242996714531
1675.09720289	0.0242981795962
1675.41136216	0.0242967093763
1675.72552142	0.0242951424506
1676.03968069	0.0242933476867
1676.35383996	0.0242917344901
1676.66799922	0.0242899501563
1676.98215849	0.0242879876024
1677.29631775	0.0242862518154
1677.61047702	0.0242845242366
1677.92463628	0.0242827415406
1678.23879555	0.0242812313145
1678.55295481	0.024279919316
1678.86711408	0.0242785793519
1679.18127334	0.0242773249032
1679.49543261	0.0242763125724
1679.80959187	0.0242753867326
1680.12375114	0.0242744293539
1680.43791041	0.0242735216805
1680.75206967	0.0242726981274
1681.06622894	0.024271775364
1681.3803882	0.0242706680984
1681.69454747	0.0242694895572
1682.00870673	0.0242684833786
1682.322866	0.0242677190074
1682.63702526	0.0242670204532
1682.95118453	0.0242662265982
1683.26534379	0.0242654200805
1683.57950306	0.0242648411955
1683.89366232	0.0242644102149
1684.20782159	0.0242640974179
1684.52198085	0.0242638065841
1684.83614012	0.0242634683992
1685.15029939	0.0242633957447
1685.46445865	0.0242634525581
1685.77861792	0.0242630075711
1686.09277718	0.0242625678919
1686.40693645	0.0242622366782
1686.72109571	0.024261644116
1687.03525498	0.024261115688
1687.34941424	0.0242607748566
1687.66357351	0.0242604067978
1687.97773277	0.0242599442963
1688.29189204	0.0242596508235
1688.6060513	0.0242596540602
1688.92021057	0.0242595622421
1689.23436984	0.0242588146391
1689.5485291	0.0242578227937
1689.86268837	0.0242570400389
1690.17684763	0.024255993452
1690.4910069	0.0242548147345
1690.80516616	0.0242537076204
1691.11932543	0.0242525743364
1691.43348469	0.024251383032
1691.74764396	0.0242502235985
1692.06180322	0.0242491639289
1692.37596249	0.0242481936093
1692.69012175	0.0242473023141
1693.00428102	0.024246494206
1693.31844028	0.0242456846641
1693.63259955	0.0242447700394
1693.94675882	0.0242438427566
1694.26091808	0.0242428998721
1694.57507735	0.0242415572005
1694.88923661	0.0242397663639
1695.20339588	0.0242382336943
1695.51755514	0.0242368748519
1695.83171441	0.0242353938913
1696.14587367	0.0242338787482
1696.46003294	0.0242326469358
1696.7741922	0.0242315078872
1697.08835147	0.0242302755946
1697.40251073	0.0242291585886
1697.71667	0.0242283489446
1698.03082927	0.0242276504083
1698.34498853	0.0242267943985
1698.6591478	0.0242261055928
1698.97330706	0.0242256941324
1699.28746633	0.0242250213795
1699.60162559	0.0242245320488
1699.91578486	0.0242240237107
1700.22994412	0.0242233480187
1700.54410339	0.0242230195271
1700.85826265	0.0242230160856
1701.17242192	0.0242230468643
1701.48658118	0.0242231538977
1701.80074045	0.0242234564117
1702.11489972	0.0242239040374
1702.42905898	0.0242246259712
1702.74321825	0.0242253174179
1703.05737751	0.024225646169
1703.37153678	0.0242260106564
1703.68569604	0.0242267060579
1703.99985531	0.0242274056515
1704.31401457	0.0242280707252
1704.62817384	0.0242289988641
1704.9423331	0.0242300323832
1705.25649237	0.0242309695686
1705.57065163	0.0242320785193
1705.8848109	0.0242335153131
1706.19897016	0.0242350491318
1706.51312943	0.024236538139
1706.8272887	0.0242380822774
1707.14144796	0.0242396637495
1707.45560723	0.0242411635044
1707.76976649	0.0242426819478
1708.08392576	0.0242442810263
1708.39808502	0.0242457279138
1708.71224429	0.0242471103988
1709.02640355	0.0242485974541
1709.34056282	0.0242500733653
1709.65472208	0.0242515895367
1709.96888135	0.0242530718262
1710.28304061	0.0242543298715
1710.59719988	0.0242554592548
1710.91135915	0.0242566799261
1711.22551841	0.0242579044717
1711.53967768	0.0242589952416
1711.85383694	0.024259935987
1712.16799621	0.0242607904799
1712.48215547	0.0242616632045
1712.79631474	0.0242625178674
1713.110474	0.0242633334247
1713.42463327	0.0242638472615
1713.73879253	0.0242641061198
1714.0529518	0.024264331162
1714.36711106	0.0242643950175
1714.68127033	0.0242643249696
1714.99542959	0.0242640690938
1715.30958886	0.0242637002828
1715.62374813	0.0242634972588
1715.93790739	0.0242632498593
1716.25206666	0.0242627741493
1716.56622592	0.0242617572652
1716.88038519	0.0242605983826
1717.19454445	0.0242596530018
1717.50870372	0.0242583799043
1717.82286298	0.0242568467474
1718.13702225	0.0242553090398
1718.45118151	0.0242538088667
1718.76534078	0.0242522509308
1719.07950004	0.0242506276629
1719.39365931	0.0242490136432
1719.70781858	0.0242475199149
1720.02197784	0.0242461938704
1720.33613711	0.02424493415
1720.65029637	0.0242435634221
1720.96445564	0.0242419119711
1721.2786149	0.0242402444164
1721.59277417	0.0242385626549
1721.90693343	0.0242365871498
1722.2210927	0.0242345816831
1722.53525196	0.0242327360619
1722.84941123	0.0242310235079
1723.16357049	0.0242293295649
1723.47772976	0.0242277023421
1723.79188902	0.0242261858031
1724.10604829	0.0242247505286
1724.42020756	0.0242233981578
1724.73436682	0.0242218818604
1725.04852609	0.024220521603
1725.36268535	0.024219528967
1725.67684462	0.0242181599626
1725.99100388	0.0242165327564
1726.30516315	0.0242152612325
1726.61932241	0.0242142047316
1726.93348168	0.0242129353438
1727.24764094	0.0242116509979
1727.56180021	0.0242106624671
1727.87595947	0.024209749587
1728.19011874	0.0242088172096
1728.50427801	0.0242080472062
1728.81843727	0.0242074117003
1729.13259654	0.0242068023448
1729.4467558	0.0242061746093
1729.76091507	0.0242053338412
1730.07507433	0.0242042730256
1730.3892336	0.0242034048079
1730.70339286	0.0242025265417
1731.01755213	0.0242015591555
1731.33171139	0.0242006560858
1731.64587066	0.0241997402182
1731.96002992	0.0241988814026
1732.27418919	0.0241981306928
1732.58834845	0.0241973478278
1732.90250772	0.0241966056228
1733.21666699	0.0241960047678
1733.53082625	0.0241955083208
1733.84498552	0.0241949728118
1734.15914478	0.0241943683436
1734.47330405	0.0241938419961
1734.78746331	0.0241931299368
1735.10162258	0.0241923038833
1735.41578184	0.0241916028262
1735.72994111	0.024190974676
1736.04410037	0.0241903685424
1736.35825964	0.0241897092654
1736.6724189	0.0241890969924
1736.98657817	0.024188653303
1737.30073744	0.0241882360749
1737.6148967	0.0241877724771
1737.92905597	0.0241873988074
1738.24321523	0.0241870297737
1738.5573745	0.0241863968615
1738.87153376	0.0241862281459
1739.18569303	0.0241859290781
1739.49985229	0.0241851220738
1739.81401156	0.024184546427
1740.12817082	0.0241842764108
1740.44233009	0.0241839830947
1740.75648935	0.0241837404818
1741.07064862	0.0241836275345
1741.38480788	0.024183550847
1741.69896715	0.0241835227408
1742.01312642	0.0241836273365
1742.32728568	0.0241837954307
1742.64144495	0.0241839801171
1742.95560421	0.0241842629685
1743.26976348	0.0241846003277
1743.58392274	0.0241845322898
1743.89808201	0.0241843838161
1744.21224127	0.0241844969211
1744.52640054	0.0241845818301
1744.8405598	0.0241847295672
1745.15471907	0.0241848884779
1745.46887833	0.0241849920662
1745.7830376	0.0241853943589
1746.09719687	0.0241860929963
1746.41135613	0.0241865931284
1746.7255154	0.0241871137347
1747.03967466	0.0241880112875
1747.35383393	0.0241891239294
1747.66799319	0.0241901808402
1747.98215246	0.0241911785021
1748.29631172	0.0241918177598
1748.61047099	0.0241924831702
1748.92463025	0.0241932713743
1749.23878952	0.0241939016316
1749.55294878	0.0241946492874
1749.86710805	0.0241955578215
1750.18126731	0.0241964832766
1750.49542658	0.0241973995672
1750.80958585	0.0241985582088
1751.12374511	0.0241999859731
1751.43790438	0.0242013503819
1751.75206364	0.0242022549575
1752.06622291	0.0242029055692
1752.38038217	0.0242037826541
1752.69454144	0.0242045292019
1753.0087007	0.0242050617013
1753.32285997	0.0242056080292
1753.63701923	0.0242061680684
1753.9511785	0.0242067684453
1754.26533776	0.0242074145081
1754.57949703	0.0242080628918
1754.8936563	0.0242087172184
1755.20781556	0.0242093688617
1755.52197483	0.0242100747078
1755.83613409	0.0242108352538
1756.15029336	0.0242115255366
1756.46445262	0.024212104045
1756.77861189	0.0242127444315
1757.09277115	0.0242132820832
1757.40693042	0.0242131273184
1757.72108968	0.0242126642255
1758.03524895	0.024212595471
1758.34940821	0.0242124567005
1758.66356748	0.0242121031045
1758.97772675	0.024211692527
1759.29188601	0.0242112050528
1759.60604528	0.0242108330434
1759.92020454	0.024210659963
1760.23436381	0.0242102891379
1760.54852307	0.0242097746463
1760.86268234	0.0242096097291
1761.1768416	0.0242097240035
1761.49100087	0.0242095812248
1761.80516013	0.0242088705459
1762.1193194	0.0242082369171
1762.43347866	0.0242077224014
1762.74763793	0.0242066709175
1763.06179719	0.0242056863673
1763.37595646	0.0242049950164
1763.69011573	0.024204285274
1764.00427499	0.0242033777826
1764.31843426	0.0242024922566
1764.63259352	0.0242018554672
1764.94675279	0.0242012278004
1765.26091205	0.0242001028324
1765.57507132	0.0241989086611
1765.88923058	0.0241977478014
1766.20338985	0.0241964120306
1766.51754911	0.0241950521333
1766.83170838	0.0241937779739
1767.14586764	0.0241924123134
1767.46002691	0.0241909011631
1767.77418618	0.0241894885813
1768.08834544	0.0241882339104
1768.40250471	0.0241869976285
1768.71666397	0.0241857042757
1769.03082324	0.0241843990172
1769.3449825	0.0241831675537
1769.65914177	0.0241818809345
1769.97330103	0.0241804012924
1770.2874603	0.0241788926819
1770.60161956	0.0241774210328
1770.91577883	0.0241758023699
1771.22993809	0.0241740561034
1771.54409736	0.0241725575001
1771.85825662	0.0241711050037
1772.17241589	0.0241695205329
1772.48657516	0.0241679309459
1772.80073442	0.0241664767363
1773.11489369	0.0241650508423
1773.42905295	0.0241637206789
1773.74321222	0.0241625371432
1774.05737148	0.0241613992013
1774.37153075	0.0241603758689
1774.68569001	0.0241595607028
1774.99984928	0.0241588599254
1775.31400854	0.0241581487257
1775.62816781	0.0241574972432
1775.94232707	0.0241566851782
1776.25648634	0.0241559233041
1776.57064561	0.0241552405458
1776.88480487	0.02415456855
1777.19896414	0.0241539924445
1777.5131234	0.0241534424028
1777.82728267	0.0241529605012
1778.14144193	0.0241528842699
1778.4556012	0.0241529295335
1778.76976046	0.0241525573895
1779.08391973	0.024151891312
1779.39807899	0.0241515807751
1779.71223826	0.0241513342268
1780.02639752	0.0241508228712
1780.34055679	0.0241502494413
1780.65471605	0.0241497745961
1780.96887532	0.0241494049838
1781.28303459	0.0241491010096
1781.59719385	0.0241488708596
1781.91135312	0.0241487121172
1782.22551238	0.0241486390909
1782.53967165	0.0241487098023
1782.85383091	0.0241488584202
1783.16799018	0.0241489032542
1783.48214944	0.0241486630086
1783.79630871	0.024148284473
1784.11046797	0.0241478918829
1784.42462724	0.024147120547
1784.7387865	0.0241462549524
1785.05294577	0.0241456184923
1785.36710504	0.0241450591774
1785.6812643	0.0241444471402
1785.99542357	0.024143838084
1786.30958283	0.0241432107684
1786.6237421	0.0241426221912
1786.93790136	0.0241421654198
1787.25206063	0.0241416819241
1787.56621989	0.0241412173301
1787.88037916	0.0241408184082
1788.19453842	0.0241402865524
1788.50869769	0.0241397200363
1788.82285695	0.0241392257042
1789.13701622	0.0241387487795
1789.45117548	0.0241381011887
1789.76533475	0.0241375220259
1790.07949402	0.024137181241
1790.39365328	0.0241368748036
1790.70781255	0.0241365443765
1791.02197181	0.0241364167206
1791.33613108	0.0241365663226
1791.65029034	0.0241367899469
1791.96444961	0.0241368022248
1792.27860887	0.0241364488011
1792.59276814	0.0241363402319
1792.9069274	0.024136330544
1793.22108667	0.0241360786661
1793.53524593	0.0241358994106
1793.8494052	0.0241358296262
1794.16356447	0.024135822051
1794.47772373	0.0241359165169
1794.791883	0.0241359923249
1795.10604226	0.0241360658487
1795.42020153	0.0241363149953
1795.73436079	0.0241367105232
1796.04852006	0.0241371338245
1796.36267932	0.024137520568
1796.67683859	0.0241378520518
1796.99099785	0.024138194955
1797.30515712	0.0241385271597
1797.61931638	0.0241388673527
1797.93347565	0.0241391785243
1798.24763491	0.0241394654852
1798.56179418	0.0241398824428
1798.87595345	0.0241403872667
1799.19011271	0.0241408099291
1799.50427198	0.0241412189278
1799.81843124	0.0241418127021
1800.13259051	0.0241424887253
1800.44674977	0.0241429886258
1800.76090904	0.0241433361641
1801.0750683	0.0241442163259
1801.38922757	0.024144979413
1801.70338683	0.0241451601261
1802.0175461	0.0241455330113
1802.33170536	0.0241462481946
1802.64586463	0.0241468348133
1802.9600239	0.0241473395771
1803.27418316	0.0241479751845
1803.58834243	0.0241486199272
1803.90250169	0.024149256832
1804.21666096	0.0241499645887
1804.53082022	0.0241507753774
1804.84497949	0.0241515757404
1805.15913875	0.0241523617145
1805.47329802	0.0241532517464
1805.78745728	0.0241539843804
1806.10161655	0.0241540732284
1806.41577581	0.0241544798993
1806.72993508	0.0241550449475
1807.04409434	0.0241552198542
1807.35825361	0.0241552140541
1807.67241288	0.0241553448572
1807.98657214	0.0241556445768
1808.30073141	0.0241559263234
1808.61489067	0.0241560231046
1808.92904994	0.0241560422432
1809.2432092	0.0241563890917
1809.55736847	0.0241569168467
1809.87152773	0.0241571170987
1810.185687	0.0241570988269
1810.49984626	0.0241570671334
1810.81400553	0.0241568413731
1811.12816479	0.0241562349748
1811.44232406	0.0241556686299
1811.75648333	0.0241550753036
1812.07064259	0.0241543456877
1812.38480186	0.0241535978252
1812.69896112	0.024152804685
1813.01312039	0.0241521047339
1813.32727965	0.0241516275131
1813.64143892	0.0241510697244
1813.95559818	0.0241503905597
1814.26975745	0.0241493606924
1814.58391671	0.0241480515482
1814.89807598	0.0241474999053
1815.21223524	0.0241462158342
1815.52639451	0.024144277017
1815.84055377	0.0241428594341
1816.15471304	0.0241417730614
1816.46887231	0.0241404731408
1816.78303157	0.0241389884079
1817.09719084	0.0241376013782
1817.4113501	0.0241363580786
1817.72550937	0.0241351818617
1818.03966863	0.0241340714911
1818.3538279	0.02413296976
1818.66798716	0.0241319327575
1818.98214643	0.0241310892094
1819.29630569	0.0241303994225
1819.61046496	0.0241292733573
1819.92462422	0.0241273327013
1820.23878349	0.0241260098218
1820.55294276	0.024124811193
1820.86710202	0.0241234067153
1821.18126129	0.0241219052924
1821.49542055	0.0241205647675
1821.80957982	0.0241195085557
1822.12373908	0.024118408709
1822.43789835	0.0241171818275
1822.75205761	0.0241161506342
1823.06621688	0.0241155499367
1823.38037614	0.0241151592549
1823.69453541	0.0241146431869
1824.00869467	0.0241141436114
1824.32285394	0.0241133307859
1824.63701321	0.0241125102353
1824.95117247	0.0241117652517
1825.26533174	0.0241105316975
1825.579491	0.024109545133
1825.89365027	0.0241088378602
1826.20780953	0.0241080548121
1826.5219688	0.0241073413662
1826.83612806	0.0241068575465
1827.15028733	0.0241063346508
1827.46444659	0.0241057357751
1827.77860586	0.0241049238997
1828.09276512	0.0241042355458
1828.40692439	0.0241036681225
1828.72108365	0.024102873756
1829.03524292	0.0241020375407
1829.34940219	0.0241013765038
1829.66356145	0.0241008065772
1829.97772072	0.0241001515437
1830.29187998	0.0240995466296
1830.60603925	0.0240990820282
1830.92019851	0.0240986754634
1831.23435778	0.0240982243996
1831.54851704	0.0240977862463
1831.86267631	0.0240974431313
1832.17683557	0.0240971012749
1832.49099484	0.0240966482728
1832.8051541	0.0240961179507
1833.11931337	0.0240956027802
1833.43347264	0.0240949505091
1833.7476319	0.024094234771
1834.06179117	0.024093679829
1834.37595043	0.0240931509882
1834.6901097	0.0240925054299
1835.00426896	0.0240918225735
1835.31842823	0.0240913050556
1835.63258749	0.0240908824793
1835.94674676	0.0240903436493
1836.26090602	0.0240898016591
1836.57506529	0.0240894369364
1836.88922455	0.0240893289903
1837.20338382	0.0240892563228
1837.51754308	0.0240890770072
1837.83170235	0.0240888113323
1838.14586162	0.0240885860606
1838.46002088	0.0240883574339
1838.77418015	0.0240879420966
1839.08833941	0.0240874439763
1839.40249868	0.0240870350295
1839.71665794	0.0240867065263
1840.03081721	0.024086305511
1840.34497647	0.0240859397213
1840.65913574	0.0240858947572
1840.973295	0.0240859543221
1841.28745427	0.0240857551862
1841.60161353	0.0240853887297
1841.9157728	0.0240852378418
1842.22993207	0.0240854204135
1842.54409133	0.0240853137126
1842.8582506	0.0240850012092
1843.17240986	0.0240848765396
1843.48656913	0.0240849899578
1843.80072839	0.0240852252036
1844.11488766	0.0240855024743
1844.42904692	0.0240858205593
1844.74320619	0.024086259225
1845.05736545	0.0240868318441
1845.37152472	0.0240875914637
1845.68568398	0.0240884253177
1845.99984325	0.0240891256314
1846.31400251	0.0240897022714
1846.62816178	0.0240903553526
1846.94232105	0.0240907913223
1847.25648031	0.0240911494467
1847.57063958	0.0240917598241
1847.88479884	0.0240925353407
1848.19895811	0.0240932305922
1848.51311737	0.0240938697898
1848.82727664	0.0240946248835
1849.1414359	0.0240956109618
1849.45559517	0.0240966753795
1849.76975443	0.024097618915
1850.0839137	0.0240985891774
1850.39807296	0.024099859637
1850.71223223	0.024101269287
1851.0263915	0.0241022530143
1851.34055076	0.0241030394422
1851.65471003	0.0241040045044
1851.96886929	0.0241046588004
1852.28302856	0.0241051884592
1852.59718782	0.0241059845755
1852.91134709	0.0241066795236
1853.22550635	0.0241071674947
1853.53966562	0.0241078522527
1853.85382488	0.0241087606697
1854.16798415	0.0241095007566
1854.48214341	0.0241098096517
1854.79630268	0.0241100018603
1855.11046194	0.0241103282336
1855.42462121	0.0241103884676
1855.73878048	0.0241102646207
1856.05293974	0.0241101214709
1856.36709901	0.0241098536228
1856.68125827	0.0241094246629
1856.99541754	0.0241089502812
1857.3095768	0.0241085093504
1857.62373607	0.0241080370043
1857.93789533	0.0241074725377
1858.2520546	0.0241068207202
1858.56621386	0.0241061994981
1858.88037313	0.0241056113001
1859.19453239	0.0241047756002
1859.50869166	0.0241038389334
1859.82285093	0.0241030510568
1860.13701019	0.0241020179984
1860.45116946	0.0241005724874
1860.76532872	0.0240992364524
1861.07948799	0.0240981227757
1861.39364725	0.0240969135107
1861.70780652	0.0240954776067
1862.02196578	0.0240940222376
1862.33612505	0.0240928050428
1862.65028431	0.0240915154319
1862.96444358	0.024090063848
1863.27860284	0.0240889473206
1863.59276211	0.0240877811081
1863.90692137	0.0240863612848
1864.22108064	0.0240850954033
1864.53523991	0.0240839692124
1864.84939917	0.0240827399531
1865.16355844	0.0240813988629
1865.4777177	0.0240801574336
1865.79187697	0.0240790841416
1866.10603623	0.0240779852118
1866.4201955	0.0240769201445
1866.73435476	0.0240759859047
1867.04851403	0.0240751423466
1867.36267329	0.0240744504721
1867.67683256	0.0240737597913
1867.99099182	0.0240727444693
1868.30515109	0.024071630687
1868.61931036	0.0240705949611
1868.93346962	0.0240695350789
1869.24762889	0.0240685042877
1869.56178815	0.0240672756143
1869.87594742	0.0240660717942
1870.19010668	0.0240651460942
1870.50426595	0.0240641312057
1870.81842521	0.0240630026177
1871.13258448	0.0240621477375
1871.44674374	0.0240615841339
1871.76090301	0.024061012216
1872.07506227	0.0240603277613
1872.38922154	0.0240597316283
1872.7033808	0.0240591468876
1873.01754007	0.0240583970673
1873.33169934	0.0240574981364
1873.6458586	0.0240562446637
1873.96001787	0.0240550274672
1874.27417713	0.024053959956
1874.5883364	0.0240528774054
1874.90249566	0.0240517430088
1875.21665493	0.0240506723466
1875.53081419	0.0240498848508
1875.84497346	0.024049126724
1876.15913272	0.0240483156944
1876.47329199	0.0240476493791
1876.78745125	0.0240466995118
1877.10161052	0.0240462357291
1877.41576979	0.0240455919785
1877.72992905	0.0240444682966
1878.04408832	0.024043729462
1878.35824758	0.0240431929644
1878.67240685	0.02404250364
1878.98656611	0.0240417712057
1879.30072538	0.0240410621013
1879.61488464	0.0240404112437
1879.92904391	0.024039933572
1880.24320317	0.0240396074807
1880.55736244	0.0240392424442
1880.8715217	0.0240389377821
1881.18568097	0.0240389109221
1881.49984024	0.0240391403215
1881.8139995	0.0240391384167
1882.12815877	0.0240386064349
1882.44231803	0.0240383484414
1882.7564773	0.024038164076
1883.07063656	0.0240378389557
1883.38479583	0.0240375860965
1883.69895509	0.0240374094025
1884.01311436	0.0240372677551
1884.32727362	0.0240371311292
1884.64143289	0.0240370980407
1884.95559215	0.0240373052564
1885.26975142	0.0240376615279
1885.58391068	0.0240380912982
1885.89806995	0.0240386200894
1886.21222922	0.0240392443486
1886.52638848	0.0240397983421
1886.84054775	0.0240399540614
1887.15470701	0.0240403421104
1887.46886628	0.0240406856078
1887.78302554	0.0240404881114
1888.09718481	0.0240406407134
1888.41134407	0.0240412385862
1888.72550334	0.0240418187747
1889.0396626	0.0240424081644
1889.35382187	0.0240429985977
1889.66798113	0.0240436229982
1889.9821404	0.0240442023736
1890.29629967	0.0240448614033
1890.61045893	0.0240459120716
1890.9246182	0.0240465457094
1891.23877746	0.0240469941153
1891.55293673	0.0240478678985
1891.86709599	0.0240489235531
1892.18125526	0.0240497637012
1892.49541452	0.0240505840566
1892.80957379	0.024051563655
1893.12373305	0.0240525895407
1893.43789232	0.0240536206195
1893.75205158	0.0240547176059
1894.06621085	0.0240558955763
1894.38037011	0.0240570707501
1894.69452938	0.0240582802401
1895.00868865	0.0240594946704
1895.32284791	0.0240604720787
1895.63700718	0.0240612988132
1895.95116644	0.0240621195513
1896.26532571	0.0240629593122
1896.57948497	0.0240636769496
1896.89364424	0.0240642712045
1897.2078035	0.0240649773185
1897.52196277	0.0240657045455
1897.83612203	0.0240661820716
1898.1502813	0.0240665277698
1898.46444056	0.0240670157148
1898.77859983	0.0240675279476
1899.0927591	0.0240679246562
1899.40691836	0.0240682629234
1899.72107763	0.0240685888744
1900.03523689	0.0240688178395
1900.34939616	0.0240688668726
1900.66355542	0.0240688375504
1900.97771469	0.0240686410218
1901.29187395	0.0240680992773
1901.60603322	0.0240674170883
1901.92019248	0.0240666960368
1902.23435175	0.0240658716364
1902.54851101	0.0240650014183
1902.86267028	0.0240641408262
1903.17682954	0.0240632036185
1903.49098881	0.0240622166871
1903.80514808	0.0240609792187
1904.11930734	0.024059677831
1904.43346661	0.0240586657991
1904.74762587	0.0240573501765
1905.06178514	0.0240556252385
1905.3759444	0.0240541086539
1905.69010367	0.0240527352349
1906.00426293	0.0240512268318
1906.3184222	0.024049648236
1906.63258146	0.0240480986788
1906.94674073	0.0240466048498
1907.26089999	0.024045146074
1907.57505926	0.0240437945906
1907.88921853	0.024042591277
1908.20337779	0.0240414288894
1908.51753706	0.0240402353114
1908.83169632	0.0240389663012
1909.14585559	0.0240372864843
1909.46001485	0.0240356419264
1909.77417412	0.0240342174178
1910.08833338	0.0240327333201
1910.40249265	0.0240312401459
1910.71665191	0.0240298068389
1911.03081118	0.0240285377177
1911.34497044	0.0240274062504
1911.65912971	0.0240262253654
1911.97328897	0.024025085542
1912.28744824	0.0240242014629
1912.60160751	0.0240235582449
1912.91576677	0.0240230669478
1913.22992604	0.0240224835142
1913.5440853	0.0240216026601
1913.85824457	0.0240206749772
1914.17240383	0.0240196719213
1914.4865631	0.0240185685922
1914.80072236	0.0240174677344
1915.11488163	0.0240164101562
1915.42904089	0.0240154336033
1915.74320016	0.0240147655463
1916.05735942	0.0240142168579
1916.37151869	0.0240135294122
1916.68567796	0.0240127830103
1916.99983722	0.0240120090547
1917.31399649	0.0240113250071
1917.62815575	0.0240105010577
1917.94231502	0.024009641053
1918.25647428	0.0240088491181
1918.57063355	0.0240079021532
1918.88479281	0.0240069178267
1919.19895208	0.0240060609066
1919.51311134	0.0240052984806
1919.82727061	0.0240045250029
1920.14142987	0.0240037261554
1920.45558914	0.02400297623
1920.7697484	0.0240023238357
1921.08390767	0.0240017884978
1921.39806694	0.0240012754115
1921.7122262	0.0240006903302
1922.02638547	0.0240001211538
1922.34054473	0.023999585161
1922.654704	0.0239988076445
1922.96886326	0.0239978096949
1923.28302253	0.0239970062196
1923.59718179	0.0239964203806
1923.91134106	0.0239956994442
1924.22550032	0.0239948556725
1924.53965959	0.0239941905867
1924.85381885	0.0239936524897
1925.16797812	0.0239931149327
1925.48213739	0.0239926465576
1925.79629665	0.0239922701158
1926.11045592	0.0239920042746
1926.42461518	0.0239919580724
1926.73877445	0.0239919571358
1927.05293371	0.0239917658176
1927.36709298	0.0239915410984
1927.68125224	0.023991397785
1927.99541151	0.0239912963894
1928.30957077	0.023991201995
1928.62373004	0.0239911644681
1928.9378893	0.0239912899232
1929.25204857	0.023991510919
1929.56620783	0.0239919167715
1929.8803671	0.0239924856175
1930.19452637	0.0239927979194
1930.50868563	0.0239931750109
1930.8228449	0.0239937942415
1931.13700416	0.0239941072644
1931.45116343	0.0239945982562
1931.76532269	0.0239953525362
1932.07948196	0.0239959349447
1932.39364122	0.0239964203494
1932.70780049	0.0239970970658
1933.02195975	0.0239980022191
1933.33611902	0.0239990496345
1933.65027828	0.0240001628705
1933.96443755	0.0240013538777
1934.27859682	0.0240026976551
1934.59275608	0.0240040965373
1934.90691535	0.0240053980303
1935.22107461	0.0240068366922
1935.53523388	0.0240082904165
1935.84939314	0.0240091365479
1936.16355241	0.024009563429
1936.47771167	0.0240105984253
1936.79187094	0.0240117440807
1937.1060302	0.0240125011473
1937.42018947	0.0240132245082
1937.73434873	0.0240142236386
1938.048508	0.0240151765305
1938.36266726	0.0240160848219
1938.67682653	0.0240170604185
1938.9909858	0.0240180379056
1939.30514506	0.0240189232489
1939.61930433	0.0240198431415
1939.93346359	0.0240210352856
1940.24762286	0.0240221606903
1940.56178212	0.0240227454408
1940.87594139	0.0240230279857
1941.19010065	0.0240235741938
1941.50425992	0.024023720421
1941.81841918	0.024023705737
1942.13257845	0.0240239217543
1942.44673771	0.0240240630597
1942.76089698	0.024023971019
1943.07505625	0.0240238590329
1943.38921551	0.0240240808955
1943.70337478	0.0240243552926
1944.01753404	0.0240241677424
1944.33169331	0.0240237467397
1944.64585257	0.0240233040225
1944.96001184	0.0240226055913
1945.2741711	0.0240220948253
1945.58833037	0.0240214053289
1945.90248963	0.0240203597413
1946.2166489	0.0240192978398
1946.53080816	0.0240184010157
1946.84496743	0.0240175854631
1947.1591267	0.024016695771
1947.47328596	0.0240157141843
1947.78744523	0.0240148151128
1948.10160449	0.0240140159991
1948.41576376	0.024013190222
1948.72992302	0.0240122881423
1949.04408229	0.0240113707629
1949.35824155	0.0240102197098
1949.67240082	0.024008776543
1949.98656008	0.0240073170746
1950.30071935	0.0240056068951
1950.61487861	0.0240041296664
1950.92903788	0.0240028916404
1951.24319714	0.0240015870287
1951.55735641	0.0240000612526
1951.87151568	0.0239985592347
1952.18567494	0.0239972320475
1952.49983421	0.0239961147222
1952.81399347	0.0239948384697
1953.12815274	0.023993425912
1953.442312	0.0239922214096
1953.75647127	0.0239911357792
1954.07063053	0.0239899288006
1954.3847898	0.0239887080437
1954.69894906	0.0239875247226
1955.01310833	0.0239862551531
1955.32726759	0.0239849996376
1955.64142686	0.0239839424924
1955.95558613	0.0239829613207
1956.26974539	0.0239819118946
1956.58390466	0.0239809170023
1956.89806392	0.0239801746059
1957.21222319	0.0239795720261
1957.52638245	0.0239786275223
1957.84054172	0.0239776156152
1958.15470098	0.0239768811961
1958.46886025	0.0239760148912
1958.78301951	0.0239750013363
1959.09717878	0.0239741642435
1959.41133804	0.0239735004535
1959.72549731	0.0239726477889
1960.03965657	0.023971725911
1960.35381584	0.0239710808315
1960.66797511	0.0239706144439
1960.98213437	0.0239700018604
1961.29629364	0.0239694537423
1961.6104529	0.0239690482486
1961.92461217	0.023968612968
1962.23877143	0.0239681793773
1962.5529307	0.0239678368063
1962.86708996	0.0239676271633
1963.18124923	0.0239672522501
1963.49540849	0.02396645873
1963.80956776	0.0239657452995
1964.12372702	0.0239653127382
1964.43788629	0.0239647031058
1964.75204556	0.0239639138682
1965.06620482	0.0239632783817
1965.38036409	0.023962566065
1965.69452335	0.0239618475769
1966.00868262	0.0239614691663
1966.32284188	0.0239608551215
1966.63700115	0.0239600319816
1966.95116041	0.0239594920701
1967.26531968	0.0239591594284
1967.57947894	0.0239587181816
1967.89363821	0.0239579627139
1968.20779747	0.0239572572214
1968.52195674	0.0239565748312
1968.836116	0.0239557729879
1969.15027527	0.023955084056
1969.46443454	0.0239545751289
1969.7785938	0.0239540803614
1970.09275307	0.0239536681073
1970.40691233	0.0239534641674
1970.7210716	0.0239533186709
1971.03523086	0.0239531689118
1971.34939013	0.0239527995197
1971.66354939	0.0239520467017
1971.97770866	0.0239517294185
1972.29186792	0.0239514122938
1972.60602719	0.0239508786445
1972.92018645	0.0239505733338
1973.23434572	0.0239504740374
1973.54850499	0.0239502613497
1973.86266425	0.0239501099117
1974.17682352	0.0239502889143
1974.49098278	0.023950677823
1974.80514205	0.0239511137045
1975.11930131	0.0239516724993
1975.43346058	0.0239524298014
1975.74761984	0.0239532443352
1976.06177911	0.0239538978392
1976.37593837	0.0239544203737
1976.69009764	0.0239549179075
1977.0042569	0.0239552915741
1977.31841617	0.0239555602454
1977.63257543	0.0239559701685
1977.9467347	0.0239568908643
1978.26089397	0.0239579362659
1978.57505323	0.0239586273422
1978.8892125	0.0239593344763
1979.20337176	0.023960293249
1979.51753103	0.0239612464527
1979.83169029	0.0239623137346
1980.14584956	0.0239633176462
1980.46000882	0.023964098102
1980.77416809	0.023964925027
1981.08832735	0.0239659499129
1981.40248662	0.023966979048
1981.71664588	0.0239678594901
1982.03080515	0.0239686806513
1982.34496442	0.0239695338601
1982.65912368	0.0239704228466
1982.97328295	0.0239713193211
1983.28744221	0.02397224886
1983.60160148	0.023973140902
1983.91576074	0.0239740193004
1984.22992001	0.0239750325298
1984.54407927	0.0239760069014
1984.85823854	0.0239764304697
1985.1723978	0.0239768231399
1985.48655707	0.0239774307965
1985.80071633	0.0239776654772
1986.1148756	0.0239777482646
1986.42903486	0.0239780369717
1986.74319413	0.0239782952523
1987.0573534	0.0239782850553
1987.37151266	0.0239782186121
1987.68567193	0.0239782823014
1987.99983119	0.0239783759125
1988.31399046	0.0239784358504
1988.62814972	0.0239785435786
1988.94230899	0.0239785703678
1989.25646825	0.0239783784664
1989.57062752	0.0239780820743
1989.88478678	0.0239775232147
1990.19894605	0.0239766745665
1990.51310531	0.0239757592857
1990.82726458	0.0239749170506
1991.14142385	0.0239739480731
1991.45558311	0.0239729701991
1991.76974238	0.0239722101883
1992.08390164	0.0239712597054
1992.39806091	0.0239699927838
1992.71222017	0.0239688456925
1993.02637944	0.0239677753077
1993.3405387	0.0239664070389
1993.65469797	0.0239651947856
1993.96885723	0.023963970112
1994.2830165	0.0239623346686
1994.59717576	0.0239607154463
1994.91133503	0.0239593901246
1995.22549429	0.0239580514529
1995.53965356	0.0239565255341
1995.85381283	0.0239550730932
1996.16797209	0.0239538691671
1996.48213136	0.0239527407385
1996.79629062	0.0239515549298
1997.11044989	0.0239504763788
1997.42460915	0.0239495657656
1997.73876842	0.0239487528359
1998.05292768	0.0239477003016
1998.36708695	0.0239460342889
1998.68124621	0.0239446442303
1998.99540548	0.0239435692335
1999.30956474	0.0239422113684
1999.62372401	0.0239409008299
1999.93788328	0.023939851127
2000.25204254	0.0239388120237
2000.56620181	0.0239378535834
2000.88036107	0.0239370464246
2001.19452034	0.0239362092707
2001.5086796	0.0239355261528
2001.82283887	0.0239353108273
2002.13699813	0.0239351878579
2002.4511574	0.023934915331
2002.76531666	0.0239346104325
2003.07947593	0.0239341819231
2003.39363519	0.0239335257426
2003.70779446	0.0239326385534
2004.02195373	0.0239319261591
2004.33611299	0.0239313457426
2004.65027226	0.0239306738213
2004.96443152	0.0239299613526
2005.27859079	0.023929410617
2005.59275005	0.0239290986205
2005.90690932	0.0239287142149
2006.22106858	0.0239281665262
2006.53522785	0.0239275897872
2006.84938711	0.0239269550532
2007.16354638	0.0239263734659
2007.47770564	0.0239259732321
2007.79186491	0.0239253190838
2008.10602417	0.0239243927209
2008.42018344	0.0239235717659
2008.73434271	0.0239229369067
2009.04850197	0.023922355592
2009.36266124	0.0239215616776
2009.6768205	0.0239207262819
2009.99097977	0.0239201214463
2010.30513903	0.0239195977778
2010.6192983	0.0239189442642
2010.93345756	0.0239183622427
2011.24761683	0.0239179643901
2011.56177609	0.0239174606094
2011.87593536	0.023916114989
2012.19009462	0.0239152053556
2012.50425389	0.0239145815106
2012.81841316	0.0239133283772
2013.13257242	0.0239122047874
2013.44673169	0.0239115099007
2013.76089095	0.0239107862308
2014.07505022	0.0239099748138
2014.38920948	0.0239093297852
2014.70336875	0.0239088609914
2015.01752801	0.0239084374892
2015.33168728	0.0239082318721
2015.64584654	0.023908261548
2015.96000581	0.0239081895438
2016.27416507	0.0239079047044
2016.58832434	0.0239075492016
2016.9024836	0.023907307429
2017.21664287	0.0239069751162
2017.53080214	0.0239067136845
2017.8449614	0.0239066265091
2018.15912067	0.02390658054
2018.47327993	0.0239066572825
2018.7874392	0.0239069125261
2019.10159846	0.0239073545597
2019.41575773	0.0239078600922
2019.72991699	0.0239082365077
2020.04407626	0.0239085891077
2020.35823552	0.0239090344909
2020.67239479	0.0239094786834
2020.98655405	0.023909906423
2021.30071332	0.0239104539065
2021.61487259	0.0239110075309
2021.92903185	0.0239114935592
2022.24319112	0.0239121422296
2022.55735038	0.0239129617761
2022.87150965	0.0239137949702
2023.18566891	0.0239146497953
2023.49982818	0.0239155699894
2023.81398744	0.0239163770955
2024.12814671	0.0239173542313
2024.44230597	0.0239182990869
2024.75646524	0.0239190464711
2025.0706245	0.0239200666221
2025.38478377	0.0239212581079
2025.69894303	0.0239221517147
2026.0131023	0.023922713817
2026.32726157	0.0239234739184
2026.64142083	0.0239243204362
2026.9555801	0.0239248623915
2027.26973936	0.0239253314609
2027.58389863	0.0239258317712
2027.89805789	0.0239262565009
2028.21221716	0.0239267986089
2028.52637642	0.0239272841439
2028.84053569	0.0239276001606
2029.15469495	0.0239281175104
2029.46885422	0.0239289064516
2029.78301348	0.0239296093183
2030.09717275	0.0239300978546
2030.41133202	0.0239306041047
2030.72549128	0.0239309374129
2031.03965055	0.0239310788366
2031.35380981	0.0239311928689
2031.66796908	0.0239313833493
2031.98212834	0.0239315982865
2032.29628761	0.0239317395044
2032.61044687	0.0239318455594
2032.92460614	0.0239320771718
2033.2387654	0.0239323878976
2033.55292467	0.0239322963319
2033.86708393	0.0239321881639
2034.1812432	0.0239319918154
2034.49540246	0.0239316333653
2034.80956173	0.0239313159287
2035.123721	0.0239308526222
2035.43788026	0.0239303038726
2035.75203953	0.0239298912428
2036.06619879	0.0239294423952
2036.38035806	0.0239289499502
2036.69451732	0.0239285384898
2037.00867659	0.0239281609377
2037.32283585	0.0239277914781
2037.63699512	0.0239274262673
2037.95115438	0.0239270668337
2038.26531365	0.0239267432572
2038.57947291	0.0239264312637
2038.89363218	0.0239258600612
2039.20779145	0.023924528552
2039.52195071	0.0239232651198
2039.83610998	0.0239222874335
2040.15026924	0.0239212701675
2040.46442851	0.023920161215
2040.77858777	0.0239189358
2041.09274704	0.0239176522744
2041.4069063	0.0239165602969
2041.72106557	0.0239156722685
2042.03522483	0.0239146521562
2042.3493841	0.0239135363221
2042.66354336	0.0239125871607
2042.97770263	0.0239118110121
2043.29186189	0.0239109037148
2043.60602116	0.0239097745862
2043.92018043	0.023908673902
2044.23433969	0.0239075382
2044.54849896	0.0239063082097
2044.86265822	0.0239051581145
2045.17681749	0.0239041339447
2045.49097675	0.0239031382863
2045.80513602	0.0239021754955
2046.11929528	0.0239013120611
2046.43345455	0.0239006505374
2046.74761381	0.0239000896186
2047.06177308	0.0238993115303
2047.37593234	0.0238983570913
2047.69009161	0.023897405896
2048.00425088	0.0238965958377
2048.31841014	0.0238958284223
2048.63256941	0.0238948017891
2048.94672867	0.0238937636965
2049.26088794	0.0238929406608
2049.5750472	0.0238922456285
2049.88920647	0.0238915426772
2050.20336573	0.0238908467742
2050.517525	0.0238902421019
2050.83168426	0.0238897531596
2051.14584353	0.0238893637058
2051.46000279	0.0238888901063
2051.77416206	0.0238883317361
2052.08832132	0.0238877213644
2052.40248059	0.0238868851766
2052.71663986	0.0238858133359
2053.03079912	0.0238847763402
2053.34495839	0.0238839083849
2053.65911765	0.0238829882657
2053.97327692	0.0238821061949
2054.28743618	0.0238811834921
2054.60159545	0.0238801631714
2054.91575471	0.0238790986592
2055.22991398	0.0238782186537
2055.54407324	0.0238773928161
2055.85823251	0.0238763646028
2056.17239177	0.0238752806608
2056.48655104	0.0238742675713
2056.80071031	0.0238732407051
2057.11486957	0.0238721460278
2057.42902884	0.0238711502661
2057.7431881	0.0238700649587
2058.05734737	0.0238689485882
2058.37150663	0.0238679938168
2058.6856659	0.0238671877833
2058.99982516	0.0238663471611
2059.31398443	0.0238655728532
2059.62814369	0.0238651455691
2059.94230296	0.0238649080294
2060.25646222	0.0238645228252
2060.57062149	0.0238635779223
2060.88478075	0.0238626084746
2061.19894002	0.0238620507442
2061.51309929	0.0238611734292
2061.82725855	0.0238603288528
2062.14141782	0.0238597538109
2062.45557708	0.023859252155
2062.76973635	0.0238587103068
2063.08389561	0.0238582670896
2063.39805488	0.0238580348803
2063.71221414	0.0238579840275
2064.02637341	0.0238580796208
2064.34053267	0.0238583388705
2064.65469194	0.0238586861434
2064.9688512	0.0238591028353
2065.28301047	0.023859611393
2065.59716974	0.0238598909225
2065.911329	0.0238599653163
2066.22548827	0.0238599421258
2066.53964753	0.0238600578128
2066.8538068	0.023860180053
2067.16796606	0.0238603793342
2067.48212533	0.023860718334
2067.79628459	0.0238612190139
2068.11044386	0.0238617644082
2068.42460312	0.0238622351999
2068.73876239	0.0238627373844
2069.05292165	0.0238633657618
2069.36708092	0.0238641380223
2069.68124019	0.0238649143983
2069.99539945	0.0238655432514
2070.30955872	0.0238662784894
2070.62371798	0.0238671973329
2070.93787725	0.02386783502
2071.25203651	0.0238684203039
2071.56619578	0.0238692075514
2071.88035504	0.0238698860357
2072.19451431	0.0238705128245
2072.50867357	0.0238713267505
2072.82283284	0.0238722677804
2073.1369921	0.0238732706432
2073.45115137	0.0238744200526
2073.76531063	0.023875562015
2074.0794699	0.0238762039599
2074.39362917	0.0238767321185
2074.70778843	0.0238778745353
2075.0219477	0.0238784166361
2075.33610696	0.0238786631565
2075.65026623	0.0238793830826
2075.96442549	0.0238802202692
2076.27858476	0.0238808892411
2076.59274402	0.023881481696
2076.90690329	0.0238821244832
2077.22106255	0.0238829796643
2077.53522182	0.0238840402575
2077.84938108	0.023885114963
2078.16354035	0.0238860811709
2078.47769962	0.0238869605379
2078.79185888	0.0238877168635
2079.10601815	0.0238882175811
2079.42017741	0.0238884727489
2079.73433668	0.0238887975589
2080.04849594	0.0238890755611
2080.36265521	0.0238892181549
2080.67681447	0.0238894276145
2080.99097374	0.0238897063209
2081.305133	0.0238900029184
2081.61929227	0.0238902336304
2081.93345153	0.023890323819
2082.2476108	0.0238903664292
2082.56177006	0.0238903906395
2082.87592933	0.0238903472328
2083.1900886	0.0238902171157
2083.50424786	0.0238900445795
2083.81840713	0.0238898344123
2084.13256639	0.0238895233378
2084.44672566	0.0238891737427
2084.76088492	0.0238887961766
2085.07504419	0.0238883435197
2085.38920345	0.0238878728748
2085.70336272	0.0238873899447
2086.01752198	0.0238867994539
2086.33168125	0.0238860843854
2086.64584051	0.0238855138861
2086.95999978	0.0238848820542
2087.27415905	0.0238841111288
2087.58831831	0.0238835554317
2087.90247758	0.0238830175339
2088.21663684	0.0238821032052
2088.53079611	0.023880949207
2088.84495537	0.0238800015608
2089.15911464	0.0238790463679
2089.4732739	0.0238778863437
2089.78743317	0.0238766365174
2090.10159243	0.0238754363614
2090.4157517	0.0238742738861
2090.72991096	0.0238730299309
2091.04407023	0.0238718889804
2091.35822949	0.0238709064029
2091.67238876	0.0238698964483
2091.98654803	0.0238689123506
2092.30070729	0.0238679946563
2092.61486656	0.0238669503405
2092.92902582	0.023865864761
2093.24318509	0.0238645852214
2093.55734435	0.0238630533676
2093.87150362	0.0238615464962
2094.18566288	0.0238602117611
2094.49982215	0.0238589286139
2094.81398141	0.0238575413247
2095.12814068	0.0238561646612
2095.44229994	0.0238550734255
2095.75645921	0.0238539873211
2096.07061848	0.0238524628561
2096.38477774	0.0238511801413
2096.69893701	0.0238498319727
2097.01309627	0.0238481835474
2097.32725554	0.0238466739154
2097.6414148	0.0238452027784
2097.95557407	0.0238436725168
2098.26973333	0.0238422689761
2098.5838926	0.0238408942234
2098.89805186	0.0238394941288
2099.21221113	0.0238381897867
2099.52637039	0.0238369956976
2099.84052966	0.023835879533
2100.15468892	0.0238347588566
2100.46884819	0.0238336840455
2100.78300746	0.0238327384498
2101.09716672	0.0238318060014
2101.41132599	0.0238302707471
2101.72548525	0.0238285183719
2102.03964452	0.0238272643106
2102.35380378	0.0238259151153
2102.66796305	0.0238244499914
2102.98212231	0.0238230743698
2103.29628158	0.0238218065035
2103.61044084	0.0238206403937
2103.92460011	0.023819757223
2104.23875937	0.0238188656839
2104.55291864	0.0238179222346
2104.86707791	0.0238172953523
2105.18123717	0.0238168383936
2105.49539644	0.0238161821825
2105.8095557	0.0238153690046
2106.12371497	0.0238146478974
2106.43787423	0.0238139745593
2106.7520335	0.02381318778
2107.06619276	0.023812423511
2107.38035203	0.0238118065668
2107.69451129	0.023811286763
2108.00867056	0.0238107881876
2108.32282982	0.0238103885242
2108.63698909	0.0238102708532
2108.95114835	0.0238102450396
2109.26530762	0.0238101017066
2109.57946689	0.0238099459412
2109.89362615	0.0238098197174
2110.20778542	0.0238095574211
2110.52194468	0.0238095715451
2110.83610395	0.0238096828726
2111.15026321	0.0238094622641
2111.46442248	0.0238092879112
2111.77858174	0.0238095542522
2112.09274101	0.0238100143477
2112.40690027	0.0238104175575
2112.72105954	0.0238108978812
2113.0352188	0.0238115431253
2113.34937807	0.0238123635961
2113.66353734	0.0238133673312
2113.9776966	0.0238144714012
2114.29185587	0.0238156505338
2114.60601513	0.0238166990519
2114.9201744	0.0238173753124
2115.23433366	0.0238180706556
2115.54849293	0.023819014211
2115.86265219	0.0238199303079
2116.17681146	0.0238211134999
2116.49097072	0.0238223543886
2116.80512999	0.0238234294208
2117.11928925	0.0238246043068
2117.43344852	0.0238260905225
2117.74760778	0.0238277331928
2118.06176705	0.0238291669046
2118.37592632	0.0238304808298
2118.69008558	0.0238320125343
2119.00424485	0.0238336870127
2119.31840411	0.023835237053
2119.63256338	0.0238366259513
2119.94672264	0.0238380655262
2120.26088191	0.0238395193857
2120.57504117	0.0238410194523
2120.88920044	0.0238425432974
2121.2033597	0.0238440102667
2121.51751897	0.0238455367627
2121.83167823	0.0238473318336
2122.1458375	0.0238493007617
2122.45999677	0.0238511094378
2122.77415603	0.0238524828116
2123.0883153	0.0238533076725
2123.40247456	0.0238545927858
2123.71663383	0.0238555289492
2124.03079309	0.023855986948
2124.34495236	0.023856746144
2124.65911162	0.0238576115406
2124.97327089	0.0238580648543
2125.28743015	0.0238583650407
2125.60158942	0.023858855688
2125.91574868	0.0238594379767
2126.22990795	0.0238598884458
2126.54406722	0.0238602272586
2126.85822648	0.0238606410785
2127.17238575	0.0238611353803
2127.48654501	0.0238614933895
2127.80070428	0.0238615567337
2128.11486354	0.0238615443648
2128.42902281	0.0238613209503
2128.74318207	0.0238603410231
2129.05734134	0.0238594050255
2129.3715006	0.0238586854762
2129.68565987	0.0238577459071
2129.99981913	0.0238566925501
2130.3139784	0.02385568118
2130.62813766	0.0238545340107
2130.94229693	0.0238532026456
2131.2564562	0.0238519764121
2131.57061546	0.0238509280575
2131.88477473	0.0238496400094
2132.19893399	0.0238481897758
2132.51309326	0.0238469498424
2132.82725252	0.0238459170157
2133.14141179	0.0238445428977
2133.45557105	0.0238427375155
2133.76973032	0.0238410986378
2134.08388958	0.0238393942759
2134.39804885	0.0238375008104
2134.71220811	0.0238356925246
2135.02636738	0.0238340050101
2135.34052665	0.0238323620252
2135.65468591	0.0238308364591
2135.96884518	0.0238294497998
2136.28300444	0.0238279612107
2136.59716371	0.0238259537206
2136.91132297	0.0238240889344
2137.22548224	0.0238225851697
2137.5396415	0.0238205192629
2137.85380077	0.0238183560074
2138.16796003	0.0238165448724
2138.4821193	0.0238148122945
2138.79627856	0.023812947069
2139.11043783	0.0238110301146
2139.42459709	0.0238093282922
2139.73875636	0.0238078707533
2140.05291563	0.0238064942553
2140.36707489	0.0238051998466
2140.68123416	0.0238040064869
2140.99539342	0.0238028216497
2141.30955269	0.0238015316727
2141.62371195	0.0238000169885
2141.93787122	0.0237983648704
2142.25203048	0.0237967370898
2142.56618975	0.0237950724322
2142.88034901	0.0237934664466
2143.19450828	0.0237921191081
2143.50866754	0.0237908963399
2143.82282681	0.0237895896816
2144.13698608	0.0237882694216
2144.45114534	0.0237870350681
2144.76530461	0.0237858245369
2145.07946387	0.0237848550363
2145.39362314	0.0237839076296
2145.7077824	0.0237827859385
2146.02194167	0.0237818007614
2146.33610093	0.0237810991167
2146.6502602	0.0237803800572
2146.96441946	0.0237794791945
2147.27857873	0.0237786789908
2147.59273799	0.023777990994
2147.90689726	0.0237772914111
2148.22105652	0.0237765922822
2148.53521579	0.0237760429829
2148.84937506	0.023775609455
2149.16353432	0.0237751222524
2149.47769359	0.0237747510814
2149.79185285	0.0237744348421
2150.10601212	0.023774189027
2150.42017138	0.0237740349287
2150.73433065	0.0237736678809
2151.04848991	0.0237731544128
2151.36264918	0.0237729168809
2151.67680844	0.0237728352915
2151.99096771	0.0237725536147
2152.30512697	0.023772210398
2152.61928624	0.023771987804
2152.93344551	0.0237718956917
2153.24760477	0.02377188961
2153.56176404	0.0237719103252
2153.8759233	0.0237720659963
2154.19008257	0.0237723718978
2154.50424183	0.023772618759
2154.8184011	0.0237728376651
2155.13256036	0.023773220345
2155.44671963	0.0237736553717
2155.76087889	0.0237738218626
2156.07503816	0.0237738805968
2156.38919742	0.0237741857664
2156.70335669	0.0237746024276
2157.01751595	0.0237750019175
2157.33167522	0.0237754777086
2157.64583449	0.02377615389
2157.95999375	0.0237769347686
2158.27415302	0.0237778024208
2158.58831228	0.0237785084575
2158.90247155	0.023779608273
2159.21663081	0.0237807802539
2159.53079008	0.0237813706662
2159.84494934	0.0237822471809
2160.15910861	0.0237834083716
2160.47326787	0.0237844374495
2160.78742714	0.0237855207945
2161.1015864	0.0237867012812
2161.41574567	0.023787902302
2161.72990494	0.0237892408829
2162.0440642	0.0237907219533
2162.35822347	0.0237922400141
2162.67238273	0.023793822631
2162.986542	0.0237955887047
2163.30070126	0.023797499158
2163.61486053	0.0237993335967
2163.92901979	0.0238006359814
2164.24317906	0.0238017630378
2164.55733832	0.0238032726219
2164.87149759	0.0238045658733
2165.18565685	0.0238055559325
2165.49981612	0.023806685322
2165.81397538	0.0238080786822
2166.12813465	0.0238094987561
2166.44229392	0.0238107221022
2166.75645318	0.0238119757151
2167.07061245	0.0238135150309
2167.38477171	0.0238151048176
2167.69893098	0.0238164497115
2168.01309024	0.0238175343209
2168.32724951	0.023818470793
2168.64140877	0.0238192627934
2168.95556804	0.0238198823867
2169.2697273	0.0238203318292
2169.58388657	0.0238206648311
2169.89804583	0.0238209746104
2170.2122051	0.0238212272701
2170.52636437	0.0238213561827
2170.84052363	0.0238213912288
2171.1546829	0.0238214682627
2171.46884216	0.0238214851206
2171.78300143	0.0238214123523
2172.09716069	0.0238211961213
2172.41131996	0.0238206442188
2172.72547922	0.0238200548925
2173.03963849	0.0238196636337
2173.35379775	0.0238187597688
2173.66795702	0.0238175086142
2173.98211628	0.0238164555412
2174.29627555	0.0238155127539
2174.61043481	0.0238143939817
2174.92459408	0.0238131218863
2175.23875335	0.0238118383728
2175.55291261	0.0238105733101
2175.86707188	0.0238092715487
2176.18123114	0.0238079796228
2176.49539041	0.0238067719879
2176.80954967	0.0238056171159
2177.12370894	0.0238042551039
2177.4378682	0.0238022151316
2177.75202747	0.0238002878558
2178.06618673	0.0237984368478
2178.380346	0.0237964156938
2178.69450526	0.0237944608179
2179.00866453	0.0237924743446
2179.3228238	0.0237904728294
2179.63698306	0.023788598382
2179.95114233	0.0237868243355
2180.26530159	0.0237849906742
2180.57946086	0.0237831663658
2180.89362012	0.0237814752041
2181.20777939	0.023779804633
2181.52193865	0.0237780595054
2181.83609792	0.0237762138113
2182.15025718	0.0237742734141
2182.46441645	0.0237723928886
2182.77857571	0.0237705292502
2183.09273498	0.0237687162077
2183.40689425	0.0237669961001
2183.72105351	0.0237652736195
2184.03521278	0.0237637376857
2184.34937204	0.0237625816297
2184.66353131	0.0237615621672
2184.97769057	0.0237604222805
2185.29184984	0.0237590515628
2185.6060091	0.0237575704914
2185.92016837	0.0237563006037
2186.23432763	0.023754883136
2186.5484869	0.0237534471049
2186.86264616	0.0237521919525
2187.17680543	0.0237509315536
2187.49096469	0.0237496803638
2187.80512396	0.0237486607726
2188.11928323	0.0237478203836
2188.43344249	0.0237470385945
2188.74760176	0.0237463360073
2189.06176102	0.0237457882291
2189.37592029	0.0237454774463
2189.69007955	0.0237453419814
2190.00423882	0.0237451853001
2190.31839808	0.0237449574979
2190.63255735	0.0237446617339
2190.94671661	0.0237442994473
2191.26087588	0.0237434692047
2191.57503514	0.0237428313095
2191.88919441	0.0237424870932
2192.20335368	0.0237420868211
2192.51751294	0.0237416418297
2192.83167221	0.0237412648959
2193.14583147	0.0237409253969
2193.45999074	0.0237407222459
2193.77415	0.0237406843008
2194.08830927	0.0237406135683
2194.40246853	0.0237405430535
2194.7166278	0.0237406857133
2195.03078706	0.023741085612
2195.34494633	0.0237414672414
2195.65910559	0.0237416136251
2195.97326486	0.0237414802377
2196.28742412	0.0237414633965
2196.60158339	0.0237413777281
2196.91574266	0.0237411063754
2197.22990192	0.0237409295062
2197.54406119	0.0237408685027
2197.85822045	0.0237409359138
2198.17237972	0.0237411581736
2198.48653898	0.0237414202264
2198.80069825	0.0237415741325
2199.11485751	0.0237414841378
2199.42901678	0.0237415764657
2199.74317604	0.0237418308913
2200.05733531	0.0237418073801
2200.37149457	0.0237417042588
2200.68565384	0.0237418135317
2200.99981311	0.0237420409409
2201.31397237	0.0237422576971
2201.62813164	0.0237425519179
2201.9422909	0.023743038627
2202.25645017	0.0237436877162
2202.57060943	0.0237444425805
2202.8847687	0.0237453578604
2203.19892796	0.0237464411362
2203.51308723	0.023747529972
2203.82724649	0.0237485473967
2204.14140576	0.0237495605196
2204.45556502	0.023750284978
2204.76972429	0.0237508516324
2205.08388355	0.0237516238805
2205.39804282	0.0237525567446
2205.71220209	0.0237535683563
2206.02636135	0.023754638426
2206.34052062	0.0237556584643
2206.65467988	0.0237566507289
2206.96883915	0.0237578048437
2207.28299841	0.023759189466
2207.59715768	0.0237604714374
2207.91131694	0.0237616164791
2208.22547621	0.023762941776
2208.53963547	0.0237644840411
2208.85379474	0.0237659923284
2209.167954	0.0237672164828
2209.48211327	0.0237683419649
2209.79627254	0.0237694834847
2210.1104318	0.0237705705159
2210.42459107	0.0237715427632
2210.73875033	0.0237724440937
2211.0529096	0.0237733652858
2211.36706886	0.0237742959335
2211.68122813	0.0237751627943
2211.99538739	0.0237759908361
2212.30954666	0.0237767300868
2212.62370592	0.0237773746136
2212.93786519	0.0237778904762
2213.25202445	0.0237782902353
2213.56618372	0.0237784350207
2213.88034298	0.023778584559
2214.19450225	0.0237788248176
2214.50866152	0.0237787979898
2214.82282078	0.023778455709
2215.13698005	0.0237781165829
2215.45113931	0.0237779775913
2215.76529858	0.0237778092049
2216.07945784	0.0237774076095
2216.39361711	0.0237769965572
2216.70777637	0.023776723302
2217.02193564	0.0237762343037
2217.3360949	0.0237755947462
2217.65025417	0.0237750513333
2217.96441343	0.0237741875968
2218.2785727	0.0237728451721
2218.59273197	0.02377163803
2218.90689123	0.0237705003967
2219.2210505	0.0237691609213
2219.53520976	0.0237677340503
2219.84936903	0.0237664131236
2220.16352829	0.0237651742521
2220.47768756	0.0237638908303
2220.79184682	0.023762537432
2221.10600609	0.0237610078053
2221.42016535	0.0237599601795
2221.73432462	0.0237585315318
2222.04848388	0.0237566024203
2222.36264315	0.0237550642438
2222.67680241	0.0237535773976
2222.99096168	0.0237518253371
2223.30512095	0.0237499948831
2223.61928021	0.023748205141
2223.93343948	0.0237464467571
2224.24759874	0.0237447927613
2224.56175801	0.023743214743
2224.87591727	0.0237416290124
2225.19007654	0.0237401104089
2225.5042358	0.0237388436331
2225.81839507	0.0237376865628
2226.13255433	0.0237363274927
2226.4467136	0.0237342861014
2226.76087286	0.0237325549677
2227.07503213	0.0237311483375
2227.3891914	0.0237291389645
2227.70335066	0.0237271273574
2228.01750993	0.0237256282877
2228.33166919	0.0237243044814
2228.64582846	0.0237228659218
2228.95998772	0.0237214415495
2229.27414699	0.0237203918958
2229.58830625	0.0237197042903
2229.90246552	0.0237189106773
2230.21662478	0.0237179629193
2230.53078405	0.0237170040497
2230.84494331	0.0237161080653
2231.15910258	0.0237151612181
2231.47326184	0.023714226337
2231.78742111	0.023713335004
2232.10158038	0.0237125130595
2232.41573964	0.0237117993798
2232.72989891	0.0237111881469
2233.04405817	0.0237105919795
2233.35821744	0.023710201152
2233.6723767	0.0237100490778
2233.98653597	0.023709837354
2234.30069523	0.0237096645805
2234.6148545	0.0237096378227
2234.92901376	0.0237093769414
2235.24317303	0.0237093812611
2235.55733229	0.0237092872915
2235.87149156	0.0237086832467
2236.18565083	0.0237084692298
2236.49981009	0.0237086554322
2236.81396936	0.0237086061542
2237.12812862	0.0237084339886
2237.44228789	0.0237084534254
2237.75644715	0.0237086648349
2238.07060642	0.0237089007972
2238.38476568	0.0237090886073
2238.69892495	0.0237094283013
2239.01308421	0.0237099962464
2239.32724348	0.0237105980723
2239.64140274	0.0237108104835
2239.95556201	0.0237104643255
2240.26972128	0.0237105480252
2240.58388054	0.0237106027726
2240.89803981	0.0237104356735
2241.21219907	0.0237103235693
2241.52635834	0.0237103269736
2241.8405176	0.0237103987258
2242.15467687	0.0237105337526
2242.46883613	0.0237106329408
2242.7829954	0.0237108090695
2243.09715466	0.0237112277612
2243.41131393	0.0237117780104
2243.72547319	0.0237121677466
2244.03963246	0.0237124365337
2244.35379172	0.0237127208116
2244.66795099	0.023712833524
2244.98211026	0.0237129721788
2245.29626952	0.0237131613215
2245.61042879	0.023713387861
2245.92458805	0.023713615784
2246.23874732	0.0237138590038
2246.55290658	0.0237144082385
2246.86706585	0.0237152564938
2247.18122511	0.0237160775114
2247.49538438	0.0237168019041
2247.80954364	0.0237174711121
2248.12370291	0.0237181136041
2248.43786217	0.0237185493233
2248.75202144	0.0237191186885
2249.06618071	0.023719679473
2249.38033997	0.0237200003987
2249.69449924	0.0237204234647
2250.0086585	0.0237210645451
2250.32281777	0.0237217672958
2250.63697703	0.0237224330172
2250.9511363	0.02372312612
2251.26529556	0.0237239276808
2251.57945483	0.0237248027952
2251.89361409	0.0237257444323
2252.20777336	0.023726811176
2252.52193262	0.0237278569031
2252.83609189	0.0237288004005
2253.15025115	0.0237295202102
2253.46441042	0.023730187118
2253.77856969	0.023730368746
2254.09272895	0.0237305337931
2254.40688822	0.0237310112908
2254.72104748	0.0237313648683
2255.03520675	0.0237315793441
2255.34936601	0.0237318094238
2255.66352528	0.023732046967
2255.97768454	0.0237323759559
2256.29184381	0.0237326539003
2256.60600307	0.0237328140224
2256.92016234	0.0237331049623
2257.2343216	0.0237336065128
2257.54848087	0.0237341425409
2257.86264014	0.0237345149007
2258.1767994	0.0237346741241
2258.49095867	0.0237345800478
2258.80511793	0.0237343850857
2259.1192772	0.0237340255122
2259.43343646	0.0237335367441
2259.74759573	0.0237330295063
2260.06175499	0.0237325188023
2260.37591426	0.0237322307504
2260.69007352	0.0237320394383
2261.00423279	0.0237316139023
2261.31839205	0.0237309873789
2261.63255132	0.0237303363106
2261.94671058	0.0237297949962
2262.26086985	0.0237291929761
2262.57502912	0.0237283437607
2262.88918838	0.0237273105365
2263.20334765	0.0237263331569
2263.51750691	0.0237254310243
2263.83166618	0.023724500572
2264.14582544	0.023723534972
2264.45998471	0.0237225938638
2264.77414397	0.0237216946143
2265.08830324	0.0237208610478
2265.4024625	0.0237201141907
2265.71662177	0.0237193944842
2266.03078103	0.0237185935705
2266.3449403	0.0237177508066
2266.65909957	0.0237168792951
2266.97325883	0.0237155019564
2267.2874181	0.023713830781
2267.60157736	0.0237126162271
2267.91573663	0.0237113992135
2268.22989589	0.0237100444253
2268.54405516	0.0237087131516
2268.85821442	0.0237072908043
2269.17237369	0.0237058657848
2269.48653295	0.0237049056175
2269.80069222	0.0237038661585
2270.11485148	0.023702438975
2270.42901075	0.0237012378908
2270.74317001	0.0237004928282
2271.05732928	0.0236998060334
2271.37148855	0.02369877008
2271.68564781	0.0236975798906
2271.99980708	0.0236965015125
2272.31396634	0.0236954195507
2272.62812561	0.0236942145211
2272.94228487	0.0236929946197
2273.25644414	0.0236919158738
2273.5706034	0.0236909363991
2273.88476267	0.0236900277968
2274.19892193	0.023689181546
2274.5130812	0.0236883537272
2274.82724046	0.023687674307
2275.14139973	0.0236869030394
2275.455559	0.0236861461639
2275.76971826	0.023685348745
2276.08387753	0.0236845875796
2276.39803679	0.0236841083868
2276.71219606	0.0236834562554
2277.02635532	0.0236826018125
2277.34051459	0.0236818983134
2277.65467385	0.0236814467669
2277.96883312	0.0236810625121
2278.28299238	0.0236806074114
2278.59715165	0.0236801730567
2278.91131091	0.0236798547738
2279.22547018	0.0236796624723
2279.53962944	0.0236794476419
2279.85378871	0.0236793367979
2280.16794798	0.0236793258559
2280.48210724	0.0236790544486
2280.79626651	0.0236782521629
2281.11042577	0.0236776990439
2281.42458504	0.0236775074391
2281.7387443	0.0236769731085
2282.05290357	0.0236763556544
2282.36706283	0.0236760440419
2282.6812221	0.0236758502324
2282.99538136	0.0236754561146
2283.30954063	0.0236751430209
2283.62369989	0.0236751382718
2283.93785916	0.0236750063131
2284.25201843	0.0236747406409
2284.56617769	0.0236747616269
2284.88033696	0.0236747780692
2285.19449622	0.0236744867866
2285.50865549	0.0236741292532
2285.82281475	0.0236737972214
2286.13697402	0.0236735045939
2286.45113328	0.023673235177
2286.76529255	0.0236730767585
2287.07945181	0.0236730144689
2287.39361108	0.0236730065035
2287.70777034	0.0236731311727
2288.02192961	0.0236734826713
2288.33608887	0.0236738680322
2288.65024814	0.0236739990515
2288.96440741	0.0236737378812
2289.27856667	0.0236739334017
2289.59272594	0.0236741176835
2289.9068852	0.023673781668
2290.22104447	0.0236737380833
2290.53520373	0.0236741013517
2290.849363	0.0236742345004
2291.16352226	0.0236743567278
2291.47768153	0.0236749186279
2291.79184079	0.0236757046738
2292.10600006	0.0236764457104
2292.42015932	0.0236771440237
2292.73431859	0.0236779297511
2293.04847786	0.0236785676184
2293.36263712	0.0236791209837
2293.67679639	0.023679698489
2293.99095565	0.0236800595722
2294.30511492	0.0236803036181
2294.61927418	0.0236806786379
2294.93343345	0.0236812009839
2295.24759271	0.0236816272872
2295.56175198	0.0236819500587
2295.87591124	0.0236824649612
2296.19007051	0.0236830588073
2296.50422977	0.0236835264932
2296.81838904	0.0236840155258
2297.13254831	0.0236847278136
2297.44670757	0.0236853493305
2297.76086684	0.0236856992751
2298.0750261	0.0236861467357
2298.38918537	0.0236866751607
2298.70334463	0.0236869820313
2299.0175039	0.0236874368384
2299.33166316	0.0236877740563
2299.64582243	0.0236878455718
2299.95998169	0.0236880555385
2300.27414096	0.0236884658699
2300.58830022	0.0236888458818
2300.90245949	0.0236891130672
2301.21661875	0.0236894457784
2301.53077802	0.02369001209
2301.84493729	0.0236906573873
2302.15909655	0.0236910615042
2302.47325582	0.0236906452717
2302.78741508	0.023690783919
2303.10157435	0.023690909001
2303.41573361	0.0236904125478
2303.72989288	0.0236900878848
2304.04405214	0.0236901875033
2304.35821141	0.0236901414392
2304.67237067	0.0236898379557
2304.98652994	0.0236897484095
2305.3006892	0.0236899942363
2305.61484847	0.0236902287661
2305.92900774	0.0236902506191
2306.243167	0.0236901625032
2306.55732627	0.0236899801825
2306.87148553	0.0236896326776
2307.1856448	0.0236892509357
2307.49980406	0.0236887492886
2307.81396333	0.0236880857162
2308.12812259	0.0236874408392
2308.44228186	0.0236868288567
2308.75644112	0.0236861893014
2309.07060039	0.0236858272171
2309.38475965	0.0236854922553
2309.69891892	0.0236849618683
2310.01307818	0.0236844377299
2310.32723745	0.0236839985663
2310.64139672	0.0236833407295
2310.95555598	0.0236826994964
2311.26971525	0.023682033583
2311.58387451	0.0236809780937
2311.89803378	0.0236799225362
2312.21219304	0.0236792057786
2312.52635231	0.0236785361501
2312.84051157	0.0236776367643
2313.15467084	0.0236766709201
2313.4688301	0.0236758455306
2313.78298937	0.0236751479568
2314.09714863	0.0236744946419
2314.4113079	0.0236738034891
2314.72546717	0.0236731738835
2315.03962643	0.0236727919586
2315.3537857	0.0236725546541
2315.66794496	0.0236719713008
2315.98210423	0.0236707291388
2316.29626349	0.0236697840569
2316.61042276	0.0236688341681
2316.92458202	0.0236677311871
2317.23874129	0.0236666757822
2317.55290055	0.0236657138868
2317.86705982	0.0236648475174
2318.18121908	0.0236639037791
2318.49537835	0.0236629215923
2318.80953761	0.023662138456
2319.12369688	0.0236615668484
2319.43785615	0.0236610410549
2319.75201541	0.02366052769
2320.06617468	0.0236600836648
2320.38033394	0.0236596156225
2320.69449321	0.0236589502624
2321.00865247	0.0236582036247
2321.32281174	0.0236573212201
2321.636971	0.0236561174319
2321.95113027	0.0236549716452
2322.26528953	0.0236539230759
2322.5794488	0.023652902981
2322.89360806	0.0236520987198
2323.20776733	0.0236512274467
2323.5219266	0.0236502095341
2323.83608586	0.0236492545172
2324.15024513	0.0236481929702
2324.46440439	0.0236473495433
2324.77856366	0.0236466664244
2325.09272292	0.0236454391245
2325.40688219	0.0236440902551
2325.72104145	0.0236431328776
2326.03520072	0.0236422830271
2326.34935998	0.0236412701046
2326.66351925	0.0236401788197
2326.97767851	0.0236392004657
2327.29183778	0.0236384015779
2327.60599704	0.0236377147312
2327.92015631	0.0236370379138
2328.23431558	0.0236364648547
2328.54847484	0.0236361011478
2328.86263411	0.0236357793802
2329.17679337	0.0236352821304
2329.49095264	0.0236341957128
2329.8051119	0.0236333394427
2330.11927117	0.0236328852525
2330.43343043	0.0236322065103
2330.7475897	0.0236314157745
2331.06174896	0.0236308733114
2331.37590823	0.0236305506905
2331.69006749	0.0236302706091
2332.00422676	0.02362994974
2332.31838603	0.0236297128834
2332.63254529	0.0236297745815
2332.94670456	0.0236300602081
2333.26086382	0.0236303630612
2333.57502309	0.023630606031
2333.88918235	0.0236308406422
2334.20334162	0.0236310481451
2334.51750088	0.0236312790002
2334.83166015	0.0236315150495
2335.14581941	0.023631694555
2335.45997868	0.0236318603002
2335.77413794	0.0236321621263
2336.08829721	0.0236327015542
2336.40245647	0.0236331940252
2336.71661574	0.0236334600081
2337.03077501	0.0236338759564
2337.34493427	0.0236345570189
2337.65909354	0.0236350588271
2337.9732528	0.0236353758044
2338.28741207	0.02363605934
2338.60157133	0.0236368070976
2338.9157306	0.023637190525
2339.22988986	0.0236376845011
2339.54404913	0.0236385068771
2339.85820839	0.0236392124455
2340.17236766	0.0236396871002
2340.48652692	0.0236402350052
2340.80068619	0.0236408617509
2341.11484546	0.0236414901746
2341.42900472	0.02364206423
2341.74316399	0.0236426854668
2342.05732325	0.0236435434088
2342.37148252	0.0236444282926
2342.68564178	0.0236451202626
2342.99980105	0.0236453594298
2343.31396031	0.02364563856
2343.62811958	0.0236463001119
2343.94227884	0.0236467021464
2344.25643811	0.0236468857715
2344.57059737	0.0236472156247
2344.88475664	0.0236476903634
2345.1989159	0.0236481909091
2345.51307517	0.0236486539631
2345.82723444	0.0236490790602
2346.1413937	0.0236496716364
2346.45555297	0.0236505489877
2346.76971223	0.0236514170945
2347.0838715	0.0236522046115
2347.39803076	0.0236528501305
2347.71219003	0.0236530369576
2348.02634929	0.0236532957752
2348.34050856	0.0236535174985
2348.65466782	0.0236536290274
2348.96882709	0.0236537257082
2349.28298635	0.0236539021718
2349.59714562	0.0236540997724
2349.91130489	0.0236543700789
2350.22546415	0.0236547517397
2350.53962342	0.0236550541599
2350.85378268	0.0236552820988
2351.16794195	0.0236554557467
2351.48210121	0.0236552890891
2351.79626048	0.023655285261
2352.11041974	0.0236552787493
2352.42457901	0.0236548137469
2352.73873827	0.02365424778
2353.05289754	0.0236539051651
2353.3670568	0.0236535887079
2353.68121607	0.0236532405138
2353.99537533	0.0236529477276
2354.3095346	0.0236526611015
2354.62369387	0.023652437313
2354.93785313	0.0236522535073
2355.2520124	0.0236519435085
2355.56617166	0.023651489714
2355.88033093	0.0236510276933
2356.19449019	0.0236502866788
2356.50864946	0.0236492580939
2356.82280872	0.0236483935862
2357.13696799	0.0236476602303
2357.45112725	0.0236468033345
2357.76528652	0.0236458271022
2358.07944578	0.0236449274642
2358.39360505	0.0236441023668
2358.70776432	0.0236432994419
2359.02192358	0.0236425133186
2359.33608285	0.0236418443937
2359.65024211	0.0236411258308
2359.96440138	0.0236404177943
2360.27856064	0.0236399644818
2360.59271991	0.0236395299543
2360.90687917	0.023638759009
2361.22103844	0.0236377247199
2361.5351977	0.0236368045425
2361.84935697	0.0236359401305
2362.16351623	0.0236348839439
2362.4776755	0.0236337478776
2362.79183477	0.0236327921416
2363.10599403	0.0236319684215
2363.4201533	0.0236311138052
2363.73431256	0.0236302280732
2364.04847183	0.0236295151338
2364.36263109	0.0236290016252
2364.67679036	0.0236278437734
2364.99094962	0.0236265520024
2365.30510889	0.0236257547291
2365.61926815	0.0236243403534
2365.93342742	0.0236228704175
2366.24758668	0.0236217582375
2366.56174595	0.0236205251954
2366.87590521	0.023619173233
2367.19006448	0.0236180370788
2367.50422375	0.0236170845932
2367.81838301	0.0236161399802
2368.13254228	0.0236151044908
2368.44670154	0.023614065885
2368.76086081	0.0236130191578
2369.07502007	0.0236117832378
2369.38917934	0.023610479616
2369.7033386	0.0236092948166
2370.01749787	0.0236078785348
2370.33165713	0.0236063139549
2370.6458164	0.0236049264781
2370.95997566	0.0236036714961
2371.27413493	0.0236025394216
2371.5882942	0.023601451193
2371.90245346	0.0236003219263
2372.21661273	0.0235992836773
2372.53077199	0.0235983585437
2372.84493126	0.0235976642049
2373.15909052	0.0235969033817
2373.47324979	0.0235958788812
2373.78740905	0.023595066417
2374.10156832	0.0235944169291
2374.41572758	0.0235936311657
2374.72988685	0.0235927995868
2375.04404611	0.0235921385327
2375.35820538	0.0235914832093
2375.67236464	0.023590852115
2375.98652391	0.0235903870235
2376.30068318	0.0235900853429
2376.61484244	0.0235898684569
2376.92900171	0.023589715892
2377.24316097	0.0235897900968
2377.55732024	0.0235902169062
2377.8714795	0.0235906735269
2378.18563877	0.0235904596675
2378.49979803	0.023590252752
2378.8139573	0.0235904078144
2379.12811656	0.0235901677456
2379.44227583	0.0235899935104
2379.75643509	0.0235900913835
2380.07059436	0.023590353911
2380.38475363	0.0235905000724
2380.69891289	0.0235906688407
2381.01307216	0.0235911326732
2381.32723142	0.0235918065004
2381.64139069	0.0235924871658
2381.95554995	0.0235932247271
2382.26970922	0.023594120061
2382.58386848	0.0235950549707
2382.89802775	0.0235959565756
2383.21218701	0.0235970051268
2383.52634628	0.0235979557044
2383.84050554	0.0235982741481
2384.15466481	0.0235985027523
2384.46882407	0.023599171893
2384.78298334	0.0235998627463
2385.09714261	0.0236005624319
2385.41130187	0.0236012308544
2385.72546114	0.0236018626549
2386.0396204	0.0236025958705
2386.35377967	0.0236034183478
2386.66793893	0.0236044974951
2386.9820982	0.0236053585406
2387.29625746	0.0236059760205
2387.61041673	0.0236069136437
2387.92457599	0.0236080019264
2388.23873526	0.02360877726
2388.55289452	0.0236095420148
2388.86705379	0.0236103512015
2389.18121306	0.0236111165981
2389.49537232	0.0236118784931
2389.80953159	0.0236127742564
2390.12369085	0.0236137618002
2390.43785012	0.023614713009
2390.75200938	0.0236157576977
2391.06616865	0.0236170292756
2391.38032791	0.0236182015489
2391.69448718	0.0236187734807
2392.00864644	0.0236191439261
2392.32280571	0.0236198097786
2392.63696497	0.0236202459032
2392.95112424	0.0236204478855
2393.2652835	0.0236208551711
2393.57944277	0.0236213937597
2393.89360204	0.0236217118575
2394.2077613	0.0236219180243
2394.52192057	0.0236223155577
2394.83607983	0.0236229104097
2395.1502391	0.0236234538168
2395.46439836	0.0236238845018
2395.77855763	0.023624335677
2396.09271689	0.023624787718
2396.40687616	0.0236249786204
2396.72103542	0.0236250025364
2397.03519469	0.023624991771
2397.34935395	0.0236247474344
2397.66351322	0.023624312049
2397.97767249	0.0236238022739
2398.29183175	0.0236234156587
2398.60599102	0.0236231065099
2398.92015028	0.0236225334057
2399.23430955	0.0236218876262
2399.54846881	0.0236212704481
2399.86262808	0.0236205672208
2400.17678734	0.0236199594448
2400.49094661	0.0236193586389
2400.80510587	0.0236185376087
2401.11926514	0.0236176472407
2401.4334244	0.0236170027885
2401.74758367	0.0236164992015
2402.06174293	0.0236156503003
2402.3759022	0.0236145664567
2402.69006147	0.0236136103799
2403.00422073	0.0236125742206
2403.31838	0.0236115016498
2403.63253926	0.0236104536318
2403.94669853	0.0236094373912
2404.26085779	0.0236085716571
2404.57501706	0.0236078347118
2404.88917632	0.0236069502432
2405.20333559	0.0236055678963
2405.51749485	0.023604101169
2405.83165412	0.023603045315
2406.14581338	0.0236015485055
2406.45997265	0.0235998923123
2406.77413192	0.0235985171363
2407.08829118	0.0235971824159
2407.40245045	0.0235957491921
2407.71660971	0.0235942839766
2408.03076898	0.0235928759155
2408.34492824	0.0235917337403
2408.65908751	0.0235908022956
2408.97324677	0.0235897869328
2409.28740604	0.0235887581212
2409.6015653	0.0235876897735
2409.91572457	0.0235864963499
2410.22988383	0.0235848709005
2410.5440431	0.0235832317637
2410.85820236	0.0235817990454
2411.17236163	0.0235802148504
2411.4865209	0.0235785205113
2411.80068016	0.0235769987417
2412.11483943	0.0235757038904
2412.42899869	0.023574454821
2412.74315796	0.0235730907663
2413.05731722	0.0235718100092
2413.37147649	0.023570502882
2413.68563575	0.023568980201
2413.99979502	0.0235679613319
2414.31395428	0.0235667979978
2414.62811355	0.0235651922182
2414.94227281	0.0235637371277
2415.25643208	0.0235625659191
2415.57059135	0.0235614455445
2415.88475061	0.0235602281538
2416.19890988	0.0235590864109
2416.51306914	0.0235582018071
2416.82722841	0.0235574490478
2417.14138767	0.0235567742471
2417.45554694	0.0235561845775
2417.7697062	0.0235556756651
2418.08386547	0.0235552517274
2418.39802473	0.0235546751666
2418.712184	0.0235537937817
2419.02634326	0.0235531492282
2419.34050253	0.0235526680172
2419.6546618	0.0235520033924
2419.96882106	0.0235513510891
2420.28298033	0.0235508917282
2420.59713959	0.0235504969487
2420.91129886	0.0235501599085
2421.22545812	0.0235499554933
2421.53961739	0.0235497394357
2421.85377665	0.0235496300025
2422.16793592	0.0235498583838
2422.48209518	0.023550215474
2422.79625445	0.0235504960926
2423.11041371	0.0235507135683
2423.42457298	0.0235509070128
2423.73873224	0.023551028317
2424.05289151	0.0235510846445
2424.36705078	0.0235512705682
2424.68121004	0.0235514450737
2424.99536931	0.0235516601134
2425.30952857	0.0235520465307
2425.62368784	0.0235525569247
2425.9378471	0.0235530847941
2426.25200637	0.0235538116827
2426.56616563	0.0235547223322
2426.8803249	0.0235556591343
2427.19448416	0.0235561799851
2427.50864343	0.0235567935524
2427.82280269	0.0235581260439
2428.13696196	0.0235588433209
2428.45112123	0.0235592167824
2428.76528049	0.023560062494
2429.07943976	0.0235612530053
2429.39359902	0.023562347187
2429.70775829	0.0235633817469
2430.02191755	0.0235646254999
2430.33607682	0.0235660626037
2430.65023608	0.0235675626618
2430.96439535	0.0235690113523
2431.27855461	0.0235704690009
2431.59271388	0.0235720224926
2431.90687314	0.0235735236397
2432.22103241	0.0235746815494
2432.53519167	0.0235758216134
2432.84935094	0.0235772960443
2433.16351021	0.0235785384715
2433.47766947	0.0235796301173
2433.79182874	0.0235809772562
2434.105988	0.0235821855089
2434.42014727	0.023583304761
2434.73430653	0.0235848034259
2435.0484658	0.0235862551004
2435.36262506	0.0235874089101
2435.67678433	0.0235886888004
2435.99094359	0.0235902514606
2436.30510286	0.0235916038336
2436.61926212	0.0235924994048
2436.93342139	0.0235933066274
2437.24758066	0.0235940409921
2437.56173992	0.0235946894603
2437.87589919	0.0235952268738
2438.19005845	0.023595703268
2438.50421772	0.0235961753102
2438.81837698	0.0235966265198
2439.13253625	0.0235970117082
2439.44669551	0.0235973415751
2439.76085478	0.0235977955088
2440.07501404	0.0235983733184
2440.38917331	0.0235985928461
2440.70333257	0.0235982939591
2441.01749184	0.0235981686737
2441.3316511	0.023597830973
2441.64581037	0.0235973033717
2441.95996964	0.0235965770022
2442.2741289	0.0235957810863
2442.58828817	0.0235951316379
2442.90244743	0.0235944174547
2443.2166067	0.0235935377323
2443.53076596	0.0235926605196
2443.84492523	0.0235918371923
2444.15908449	0.0235909830518
2444.47324376	0.0235901011202
2444.78740302	0.0235891391521
2445.10156229	0.0235882272274
2445.41572155	0.0235874437249
2445.72988082	0.0235865793648
2446.04404009	0.0235851255532
2446.35819935	0.0235831419871
2446.67235862	0.0235817278201
2446.98651788	0.0235802244917
2447.30067715	0.02357853882
2447.61483641	0.0235768090409
2447.92899568	0.0235750090615
2448.24315494	0.0235733773536
2448.55731421	0.0235719962794
2448.87147347	0.023570387778
2449.18563274	0.0235686382082
2449.499792	0.0235671087895
2449.81395127	0.023565800314
2450.12811053	0.0235644167693
2450.4422698	0.0235627023366
2450.75642907	0.023560800621
2451.07058833	0.0235591546149
2451.3847476	0.0235573692709
2451.69890686	0.0235554476863
2452.01306613	0.02355370421
2452.32722539	0.0235520999733
2452.64138466	0.0235504886452
2452.95554392	0.0235490024235
2453.26970319	0.0235478179759
2453.58386245	0.0235466967546
2453.89802172	0.0235451932935
2454.21218098	0.023543597545
2454.52634025	0.0235420408947
2454.84049952	0.0235404416543
2455.15465878	0.0235388145332
2455.46881805	0.0235371101333
2455.78297731	0.0235355605421
2456.09713658	0.0235341206704
2456.41129584	0.0235327460824
2456.72545511	0.0235315165887
2457.03961437	0.0235304334375
2457.35377364	0.0235294491806
2457.6679329	0.0235286073987
2457.98209217	0.0235279135623
2458.29625143	0.0235272493035
2458.6104107	0.0235265676547
2458.92456996	0.0235259013714
2459.23872923	0.0235252361995
2459.5528885	0.023524347224
2459.86704776	0.023523311629
2460.18120703	0.0235223913031
2460.49536629	0.023521658202
2460.80952556	0.0235210370259
2461.12368482	0.0235203263578
2461.43784409	0.0235196323992
2461.75200335	0.0235190883226
2462.06616262	0.0235186820615
2462.38032188	0.0235184048546
2462.69448115	0.0235181363767
2463.00864041	0.0235177461663
2463.32279968	0.0235175368238
2463.63695895	0.0235176431107
2463.95111821	0.0235177743762
2464.26527748	0.0235177375432
2464.57943674	0.0235175596134
2464.89359601	0.0235175045841
2465.20775527	0.0235175359859
2465.52191454	0.023517413471
2465.8360738	0.0235172802402
2466.15023307	0.0235172099049
2466.46439233	0.0235172791858
2466.7785516	0.0235176416439
2467.09271086	0.0235180412022
2467.40687013	0.0235181621189
2467.72102939	0.0235181183594
2468.03518866	0.023518327586
2468.34934793	0.0235184953067
2468.66350719	0.0235185829294
2468.97766646	0.0235187438211
2469.29182572	0.0235189517045
2469.60598499	0.0235191994715
2469.92014425	0.0235195223109
2470.23430352	0.0235199830346
2470.54846278	0.0235206118483
2470.86262205	0.0235214164054
2471.17678131	0.023522385328
2471.49094058	0.023523501744
2471.80509984	0.023524678293
2472.11925911	0.0235258309808
2472.43341838	0.0235268867688
2472.74757764	0.0235276814736
2473.06173691	0.0235285251278
2473.37589617	0.0235293336904
2473.69005544	0.0235301644195
2474.0042147	0.0235311357204
2474.31837397	0.0235323210673
2474.63253323	0.0235335491468
2474.9466925	0.0235346994016
2475.26085176	0.0235359593465
2475.57501103	0.0235372713532
2475.88917029	0.0235386847255
2476.20332956	0.0235403318646
2476.51748882	0.0235417602964
2476.83164809	0.0235431162495
2477.14580736	0.0235447574662
2477.45996662	0.0235462597326
2477.77412589	0.0235475332468
2478.08828515	0.023548874257
2478.40244442	0.0235501036913
2478.71660368	0.023551349144
2479.03076295	0.0235526914223
2479.34492221	0.0235540125896
2479.65908148	0.0235553215181
2479.97324074	0.0235567906419
2480.28740001	0.0235583261654
2480.60155927	0.0235595636451
2480.91571854	0.0235603414086
2481.22987781	0.0235612058814
2481.54403707	0.0235621298563
2481.85819634	0.0235626014474
2482.1723556	0.0235629467205
2482.48651487	0.0235634872489
2482.80067413	0.0235639298915
2483.1148334	0.0235641262701
2483.42899266	0.0235642591267
2483.74315193	0.0235644225839
2484.05731119	0.0235645996302
2484.37147046	0.023564779217
2484.68562972	0.0235648997165
2484.99978899	0.023564942389
2485.31394826	0.0235649219295
2485.62810752	0.0235646990312
2485.94226679	0.0235642256957
2486.25642605	0.0235637026987
2486.57058532	0.0235630091169
2486.88474458	0.0235620213065
2487.19890385	0.0235609381414
2487.51306311	0.0235598801296
2487.82722238	0.0235587877837
2488.14138164	0.0235576102769
2488.45554091	0.023556426085
2488.76970017	0.0235552668556
2489.08385944	0.0235540525571
2489.3980187	0.0235525592532
2489.71217797	0.0235511706358
2490.02633724	0.0235499968056
2490.3404965	0.0235484050531
2490.65465577	0.023546576363
2490.96881503	0.0235448976714
2491.2829743	0.0235434232785
2491.59713356	0.0235418030418
2491.91129283	0.0235399327713
2492.22545209	0.0235382042917
2492.53961136	0.0235366098814
2492.85377062	0.0235349718789
2493.16792989	0.0235333024617
2493.48208915	0.02353169025
2493.79624842	0.0235301514558
2494.11040769	0.023528597215
2494.42456695	0.023526802275
2494.73872622	0.0235248552055
2495.05288548	0.0235230904506
2495.36704475	0.0235213313062
2495.68120401	0.0235194258305
2495.99536328	0.0235175985421
2496.30952254	0.0235157885823
2496.62368181	0.0235139589218
2496.93784107	0.0235123397602
2497.25200034	0.0235108478693
2497.5661596	0.0235092974533
2497.88031887	0.023507990586
2498.19447813	0.0235070237548
2498.5086374	0.0235060034028
2498.82279667	0.0235047811672
2499.13695593	0.0235033919189
2499.4511152	0.0235021594483
2499.76527446	0.0235009271508
2500.07943373	0.0234995698573
2500.39359299	0.0234982789232
2500.70775226	0.0234971689529
2501.02191152	0.0234961766856
2501.33607079	0.0234952120975
2501.65023005	0.0234942950723
2501.96438932	0.0234936217123
2502.27854858	0.0234931453448
2502.59270785	0.0234926690876
2502.90686712	0.0234920995224
2503.22102638	0.0234912399038
2503.53518565	0.0234911875283
2503.84934491	0.0234907285406
2504.16350418	0.0234896738137
2504.47766344	0.0234890539606
2504.79182271	0.0234887533173
2505.10598197	0.0234884551818
2505.42014124	0.0234880680893
2505.7343005	0.0234876488176
2506.04845977	0.0234873996436
2506.36261903	0.023487317131
2506.6767783	0.0234873019335
2506.99093756	0.0234872872938
2507.30509683	0.0234873405854
2507.6192561	0.0234876552048
2507.93341536	0.0234881436138
2508.24757463	0.0234885633427
2508.56173389	0.0234883851048
2508.87589316	0.0234880238225
2509.19005242	0.0234882541544
2509.50421169	0.02348815189
2509.81837095	0.0234878483149
2510.13253022	0.0234878054248
2510.44668948	0.0234879880569
2510.76084875	0.0234881395509
2511.07500801	0.0234882331785
2511.38916728	0.0234884668505
2511.70332655	0.0234889927627
2512.01748581	0.0234896164669
2512.33164508	0.0234901270713
2512.64580434	0.023490642294
2512.95996361	0.0234910643219
2513.27412287	0.023491364839
2513.58828214	0.0234917573248
2513.9024414	0.023492112468
2514.21660067	0.0234924224696
2514.53075993	0.0234928664625
2514.8449192	0.0234934020577
2515.15907846	0.0234940856373
2515.47323773	0.0234950426566
2515.78739699	0.0234960667171
2516.10155626	0.0234970330308
2516.41571553	0.0234979077187
2516.72987479	0.0234988442284
2517.04403406	0.0234996384075
2517.35819332	0.0235005943142
2517.67235259	0.023501365035
2517.98651185	0.0235018857945
2518.30067112	0.0235027420255
2518.61483038	0.0235039212362
2518.92898965	0.0235049632336
2519.24314891	0.0235059212066
2519.55730818	0.0235070605022
2519.87146744	0.0235083831792
2520.18562671	0.0235097825821
2520.49978598	0.0235111870589
2520.81394524	0.0235125965173
2521.12810451	0.0235140612665
2521.44226377	0.0235155689638
2521.75642304	0.0235168494222
2522.0705823	0.02351755003
2522.38474157	0.0235185147305
2522.69890083	0.0235195796817
2523.0130601	0.0235203596037
2523.32721936	0.0235210098289
2523.64137863	0.0235217553909
2523.95553789	0.0235225589689
2524.26969716	0.0235233213139
2524.58385642	0.0235240452792
2524.89801569	0.0235246758533
2525.21217496	0.0235253201547
2525.52633422	0.0235260358338
2525.84049349	0.0235266866321
2526.15465275	0.0235273026571
2526.46881202	0.0235279128106
2526.78297128	0.0235281770089
2527.09713055	0.023528209517
2527.41128981	0.0235283577399
2527.72544908	0.0235283223661
2528.03960834	0.0235280053695
2528.35376761	0.0235276013878
2528.66792687	0.0235272059041
2528.98208614	0.0235270048835
2529.29624541	0.0235268135343
2529.61040467	0.0235263393939
2529.92456394	0.0235256887441
2530.2387232	0.0235249667584
2530.55288247	0.0235241313107
2530.86704173	0.0235232545392
2531.181201	0.023522347757
2531.49536026	0.0235211299692
2531.80951953	0.0235198264928
2532.12367879	0.023518643583
2532.43783806	0.0235174848532
2532.75199732	0.023516292973
2533.06615659	0.0235150709683
2533.38031585	0.0235138518447
2533.69447512	0.0235127721989
2534.00863439	0.0235118465343
2534.32279365	0.0235108094846
2534.63695292	0.0235095902372
2534.95111218	0.0235083538033
2535.26527145	0.0235067440018
2535.57943071	0.0235048600767
2535.89358998	0.0235030558465
2536.20774924	0.0235013591687
2536.52190851	0.0234996845861
2536.83606777	0.0234980557702
2537.15022704	0.0234962711975
2537.4643863	0.0234944828436
2537.77854557	0.023492890591
2538.09270484	0.0234914202722
2538.4068641	0.0234899823279
2538.72102337	0.0234883881345
2539.03518263	0.0234869876305
2539.3493419	0.0234859701962
2539.66350116	0.0234848101839
2539.97766043	0.0234831352532
2540.29181969	0.0234814886577
2540.60597896	0.0234799838191
2540.92013822	0.0234783925613
2541.23429749	0.0234769171254
2541.54845675	0.0234755099544
2541.86261602	0.0234741847332
2542.17677529	0.0234731499777
2542.49093455	0.0234723534545
2542.80509382	0.0234714756226
2543.11925308	0.023470369462
2543.43341235	0.0234692790283
2543.74757161	0.023468498885
2544.06173088	0.0234675059439
2544.37589014	0.0234664142493
2544.69004941	0.0234656309222
2545.00420867	0.0234649623015
2545.31836794	0.0234641420561
2545.6325272	0.0234633721414
2545.94668647	0.0234628547053
2546.26084573	0.0234625154847
2546.575005	0.023462238159
2546.88916427	0.023461996192
2547.20332353	0.0234618977579
2547.5174828	0.0234619804286
2547.83164206	0.0234621083728
2548.14580133	0.0234621410342
2548.45996059	0.0234621921693
2548.77411986	0.0234622643854
2549.08827912	0.0234620699157
2549.40243839	0.0234617525331
2549.71659765	0.0234616032666
2550.03075692	0.0234615583916
2550.34491618	0.0234614607829
2550.65907545	0.0234614169348
2550.97323472	0.0234614785676
2551.28739398	0.0234614895348
2551.60155325	0.0234615466159
2551.91571251	0.0234618264273
2552.22987178	0.0234620766662
2552.54403104	0.023462180412
2552.85819031	0.0234625217598
2553.17234957	0.0234630304856
2553.48650884	0.0234631348414
2553.8006681	0.023463238049
2554.11482737	0.0234634037991
2554.42898663	0.0234632704634
2554.7431459	0.0234633489514
2555.05730516	0.0234636284926
2555.37146443	0.0234637041008
2555.6856237	0.0234638420986
2555.99978296	0.0234642962417
2556.31394223	0.0234648119882
2556.62810149	0.0234649903767
2556.94226076	0.0234649492529
2557.25642002	0.0234652324956
2557.57057929	0.0234654276243
2557.88473855	0.0234654519808
2558.19889782	0.0234656605514
2558.51305708	0.02346585857
2558.82721635	0.0234660045669
2559.14137561	0.0234662114727
2559.45553488	0.0234664847466
2559.76969415	0.0234669788833
2560.08385341	0.0234676754103
2560.39801268	0.0234684446148
2560.71217194	0.0234692444427
2561.02633121	0.0234701203796
2561.34049047	0.0234709473488
2561.65464974	0.0234716655351
2561.968809	0.0234722792897
2562.28296827	0.023472731649
2562.59712753	0.0234730909629
2562.9112868	0.0234735750326
2563.22544606	0.0234742366573
2563.53960533	0.0234748628214
2563.85376459	0.0234753832489
2564.16792386	0.0234760681313
2564.48208313	0.0234769013958
2564.79624239	0.0234776409964
2565.11040166	0.0234781240193
2565.42456092	0.0234789574483
2565.73872019	0.023480002507
2566.05287945	0.0234803553443
2566.36703872	0.023480792433
2566.68119798	0.0234817613858
2566.99535725	0.0234825364393
2567.30951651	0.0234828542818
2567.62367578	0.023483290514
2567.93783504	0.0234837609958
2568.25199431	0.0234840382415
2568.56615358	0.023484333861
2568.88031284	0.0234847515291
2569.19447211	0.023485081976
2569.50863137	0.0234853839378
2569.82279064	0.0234858974612
2570.1369499	0.0234865725712
2570.45110917	0.023487068532
2570.76526843	0.0234872585044
2571.0794277	0.0234870102611
2571.39358696	0.0234871087841
2571.70774623	0.0234869775389
2572.02190549	0.0234863627255
2572.33606476	0.0234861174019
2572.65022402	0.0234860267105
2572.96438329	0.0234856171517
2573.27854256	0.0234852395567
2573.59270182	0.0234851842798
2573.90686109	0.0234851811375
2574.22102035	0.0234850015837
2574.53517962	0.0234847276161
2574.84933888	0.0234844875233
2575.16349815	0.0234840186333
2575.47765741	0.0234834087241
2575.79181668	0.0234826284654
2576.10597594	0.0234817147559
2576.42013521	0.0234808318652
2576.73429447	0.023479978617
2577.04845374	0.0234790569433
2577.36261301	0.0234781326036
2577.67677227	0.0234774226476
2577.99093154	0.0234767212928
2578.3050908	0.0234759065563
2578.61925007	0.0234750327901
2578.93340933	0.0234739498127
2579.2475686	0.0234732814169
2579.56172786	0.0234721650389
2579.87588713	0.0234704704388
2580.19004639	0.0234690806067
2580.50420566	0.0234679423974
2580.81836492	0.0234667598192
2581.13252419	0.0234653964531
2581.44668345	0.0234639649255
2581.76084272	0.023462685286
2582.07500199	0.0234615208074
2582.38916125	0.0234603823067
2582.70332052	0.0234592678221
2583.01747978	0.0234582429739
2583.33163905	0.0234573832406
2583.64579831	0.023456649502
2583.95995758	0.0234558587903
2584.27411684	0.023454405366
2584.58827611	0.023452908217
2584.90243537	0.0234519938111
2585.21659464	0.0234505180618
2585.5307539	0.023448955244
2585.84491317	0.023447803672
2586.15907244	0.0234467476548
2586.4732317	0.0234455821179
2586.78739097	0.0234444711477
2587.10155023	0.0234435842222
2587.4157095	0.0234429385802
2587.72986876	0.0234423683909
2588.04402803	0.0234418358316
2588.35818729	0.0234413955819
2588.67234656	0.0234409777849
2588.98650582	0.0234405499316
2589.30066509	0.0234401122393
2589.61482435	0.0234396294503
2589.92898362	0.0234390500046
2590.24314288	0.0234384674577
2590.55730215	0.0234377754201
2590.87146142	0.0234371404585
2591.18562068	0.0234368115539
2591.49977995	0.0234365284853
2591.81393921	0.0234360546298
2592.12809848	0.0234356812409
2592.44225774	0.0234353131578
2592.75641701	0.0234350327688
2593.07057627	0.0234348941171
2593.38473554	0.023434581721
2593.6988948	0.0234341287727
2594.01305407	0.0234338829707
2594.32721333	0.0234336595145
2594.6413726	0.0234333647656
2594.95553187	0.0234331526918
2595.26969113	0.0234328395766
2595.5838504	0.0234324998399
2595.89800966	0.0234323677731
2596.21216893	0.0234323928066
2596.52632819	0.0234324072562
2596.84048746	0.0234324954948
2597.15464672	0.0234327322455
2597.46880599	0.0234330711447
2597.78296525	0.0234325997369
2598.09712452	0.0234318387394
2598.41128378	0.02343179787
2598.72544305	0.0234314785952
2599.03960231	0.0234310291558
2599.35376158	0.0234306547619
2599.66792085	0.0234304172186
2599.98208011	0.0234304076732
2600.29623938	0.0234303388046
2600.61039864	0.0234301250435
2600.92455791	0.0234302101071
2601.23871717	0.0234307662454
2601.55287644	0.0234313395179
2601.8670357	0.0234318041451
2602.18119497	0.0234322659643
2602.49535423	0.023432456266
2602.8095135	0.023432541988
2603.12367276	0.0234325259451
2603.43783203	0.0234326335185
2603.7519913	0.0234328204768
2604.06615056	0.0234329798986
2604.38030983	0.0234332356219
2604.69446909	0.0234338031264
2605.00862836	0.0234344395714
2605.32278762	0.0234349160158
2605.63694689	0.0234353395989
2605.95110615	0.0234357937044
2606.26526542	0.0234363784348
2606.57942468	0.0234368997213
2606.89358395	0.0234373159953
2607.20774321	0.0234376184586
2607.52190248	0.0234379534016
2607.83606175	0.0234384450083
2608.15022101	0.0234389430004
2608.46438028	0.0234393632194
2608.77853954	0.0234398001601
2609.09269881	0.02344033958
2609.40685807	0.0234409487008
2609.72101734	0.0234415741581
2610.0351766	0.0234422579491
2610.34933587	0.02344296228
2610.66349513	0.0234435968565
2610.9776544	0.0234441387609
2611.29181366	0.0234445983322
2611.60597293	0.0234446249412
2611.92013219	0.0234446789096
2612.23429146	0.0234450455421
2612.54845073	0.0234453476816
2612.86260999	0.0234454476988
2613.17676926	0.0234455781114
2613.49092852	0.0234459350166
2613.80508779	0.0234463914298
2614.11924705	0.0234466500788
2614.43340632	0.0234468527816
2614.74756558	0.0234473841471
2615.06172485	0.0234481440644
2615.37588411	0.0234486815817
2615.69004338	0.0234489112842
2616.00420264	0.0234491411587
2616.31836191	0.0234493632323
2616.63252118	0.0234493622783
2616.94668044	0.0234493787327
2617.26083971	0.0234494473239
2617.57499897	0.0234494223996
2617.88915824	0.0234493547687
2618.2033175	0.0234494088874
2618.51747677	0.023449567278
2618.83163603	0.0234494668994
2619.1457953	0.0234491542072
2619.45995456	0.0234489825137
2619.77411383	0.0234489342687
2620.08827309	0.0234487482758
2620.40243236	0.0234483815756
2620.71659162	0.023448074225
2621.03075089	0.0234477847308
2621.34491016	0.0234473993017
2621.65906942	0.0234470103277
2621.97322869	0.0234465549192
2622.28738795	0.023446011191
2622.60154722	0.0234454997817
2622.91570648	0.0234450113087
2623.22986575	0.0234444662429
2623.54402501	0.0234439363516
2623.85818428	0.0234434575281
2624.17234354	0.0234430072326
2624.48650281	0.0234424907171
2624.80066207	0.0234417312667
2625.11482134	0.0234406519246
2625.42898061	0.0234397132719
2625.74313987	0.0234388725965
2626.05729914	0.0234378333625
2626.3714584	0.0234366284443
2626.68561767	0.0234356091695
2626.99977693	0.0234347229895
2627.3139362	0.0234337912347
2627.62809546	0.0234328205643
2627.94225473	0.0234318687692
2628.25641399	0.0234310600508
2628.57057326	0.0234304562322
2628.88473252	0.0234299278002
2629.19889179	0.0234293704346
2629.51305105	0.0234286898585
2629.82721032	0.0234276753366
2630.14136959	0.0234267107239
2630.45552885	0.0234257743818
2630.76968812	0.0234246388905
2631.08384738	0.0234235533331
2631.39800665	0.0234225912282
2631.71216591	0.0234217271544
2632.02632518	0.0234210035755
2632.34048444	0.023420316576
2632.65464371	0.0234196352493
2632.96880297	0.023419197106
2633.28296224	0.0234186182116
2633.5971215	0.0234175826624
2633.91128077	0.0234169527261
2634.22544004	0.0234160876175
2634.5395993	0.0234149437766
2634.85375857	0.0234139803178
2635.16791783	0.0234131369601
2635.4820771	0.0234123928803
2635.79623636	0.023411739795
2636.11039563	0.0234110703109
2636.42455489	0.0234104208687
2636.73871416	0.0234098625418
2637.05287342	0.0234092736576
2637.36703269	0.0234086261681
2637.68119195	0.0234078771769
2637.99535122	0.0234069257865
2638.30951048	0.0234059433402
2638.62366975	0.0234050522651
2638.93782902	0.0234041817153
2639.25198828	0.0234032341437
2639.56614755	0.023402334335
2639.88030681	0.023401678762
2640.19446608	0.0234010966893
2640.50862534	0.0234004487527
2640.82278461	0.0233997626017
2641.13694387	0.0233993560733
2641.45110314	0.0233990538494
2641.7652624	0.0233983413414
2642.07942167	0.0233978018136
2642.39358093	0.0233974689986
2642.7077402	0.0233968539364
2643.02189947	0.0233962490653
2643.33605873	0.023395759302
2643.650218	0.023395214287
2643.96437726	0.0233947236467
2644.27853653	0.0233943947784
2644.59269579	0.0233941632796
2644.90685506	0.0233939902496
2645.22101432	0.0233939099512
2645.53517359	0.023393996177
2645.84933285	0.0233943910896
2646.16349212	0.0233949034155
2646.47765138	0.0233951842233
2646.79181065	0.0233953227638
2647.10596991	0.0233952918282
2647.42012918	0.0233953481852
2647.73428845	0.0233955401489
2648.04844771	0.0233955587696
2648.36260698	0.0233955496752
2648.67676624	0.0233956728157
2648.99092551	0.0233959889479
2649.30508477	0.0233964282904
2649.61924404	0.0233968702096
2649.9334033	0.0233973607537
2650.24756257	0.0233979827297
2650.56172183	0.0233987616155
2650.8758811	0.0233995802911
2651.19004036	0.0234003271963
2651.50419963	0.0234011169104
2651.8183589	0.0234019340628
2652.13251816	0.0234025151491
2652.44667743	0.0234027508585
2652.76083669	0.0234030261785
2653.07499596	0.0234034559224
2653.38915522	0.0234037662905
2653.70331449	0.0234041092923
2654.01747375	0.0234044027975
2654.33163302	0.0234045763062
2654.64579228	0.0234050729171
2654.95995155	0.0234056867072
2655.27411081	0.0234059889398
2655.58827008	0.0234062797414
2655.90242934	0.0234068542973
2656.21658861	0.0234074544402
2656.53074788	0.0234078825539
2656.84490714	0.0234082433014
2657.15906641	0.0234084699267
2657.47322567	0.0234087643691
2657.78738494	0.0234091361904
2658.1015442	0.0234094730691
2658.41570347	0.0234098747446
2658.72986273	0.0234102968564
2659.044022	0.0234107453179
2659.35818126	0.0234114624847
2659.67234053	0.023412431988
2659.98649979	0.0234130746103
2660.30065906	0.0234129873678
2660.61481833	0.0234132059629
2660.92897759	0.0234136369989
2661.24313686	0.0234135547257
2661.55729612	0.0234135120194
2661.87145539	0.0234137191391
2662.18561465	0.0234139510499
2662.49977392	0.0234140441195
2662.81393318	0.0234141868663
2663.12809245	0.0234145157888
2663.44225171	0.0234149294002
2663.75641098	0.0234154492526
2664.07057024	0.0234160080471
2664.38472951	0.0234165390305
2664.69888878	0.0234170232045
2665.01304804	0.0234172999913
2665.32720731	0.0234172592468
2665.64136657	0.0234168074498
2665.95552584	0.0234164150127
2666.2696851	0.0234162175736
2666.58384437	0.0234159622754
2666.89800363	0.0234156575333
2667.2121629	0.0234154396792
2667.52632216	0.0234151658837
2667.84048143	0.0234148012807
2668.15464069	0.0234144424458
2668.46879996	0.0234141532727
2668.78295922	0.0234139442935
2669.09711849	0.0234134519484
2669.41127776	0.0234128624244
2669.72543702	0.0234124838257
2670.03959629	0.0234120321057
2670.35375555	0.0234114330284
2670.66791482	0.0234107463662
2670.98207408	0.023409978721
2671.29623335	0.0234092488031
2671.61039261	0.0234085779684
2671.92455188	0.0234078824796
2672.23871114	0.0234071807261
2672.55287041	0.0234065158779
2672.86702967	0.0234058915249
2673.18118894	0.023405291281
2673.49534821	0.0234047903742
2673.80950747	0.0234040843378
2674.12366674	0.0234029444083
2674.437826	0.0234018775851
2674.75198527	0.0234009066188
2675.06614453	0.0233998936761
2675.3803038	0.0233988062188
2675.69446306	0.0233977101751
2676.00862233	0.0233966767888
2676.32278159	0.0233956572739
2676.63694086	0.0233946539697
2676.95110012	0.0233937343732
2677.26525939	0.0233929113777
2677.57941865	0.0233921285298
2677.89357792	0.023391343518
2678.20773719	0.0233904927945
2678.52189645	0.0233895745605
2678.83605572	0.0233884452732
2679.15021498	0.0233871640858
2679.46437425	0.023386020865
2679.77853351	0.0233847483649
2680.09269278	0.0233833095866
2680.40685204	0.0233819951686
2680.72101131	0.0233808102275
2681.03517057	0.0233795486871
2681.34932984	0.0233782655354
2681.6634891	0.0233769899945
2681.97764837	0.0233756961838
2682.29180764	0.023374550231
2682.6059669	0.0233736533714
2682.92012617	0.0233725779355
2683.23428543	0.0233714017764
2683.5484447	0.0233705323346
2683.86260396	0.0233697474388
2684.17676323	0.0233687735363
2684.49092249	0.0233678720469
2684.80508176	0.0233670092821
2685.11924102	0.0233661291071
2685.43340029	0.0233654252397
2685.74755955	0.0233648179957
2686.06171882	0.0233642632576
2686.37587808	0.0233639354252
2686.69003735	0.0233638120703
2687.00419662	0.0233636185509
2687.31835588	0.0233630560608
2687.63251515	0.0233624673103
2687.94667441	0.0233622131303
2688.26083368	0.0233617568939
2688.57499294	0.0233612371589
2688.88915221	0.0233608933756
2689.20331147	0.0233606650265
2689.51747074	0.0233604924844
2689.83163	0.0233603848284
2690.14578927	0.0233602993547
2690.45994853	0.0233602971168
2690.7741078	0.0233605468861
2691.08826707	0.0233609223756
2691.40242633	0.0233612926141
2691.7165856	0.0233616921898
2692.03074486	0.0233619996139
2692.34490413	0.0233621511603
2692.65906339	0.023362357363
2692.97322266	0.0233623993086
2693.28738192	0.0233623236635
2693.60154119	0.0233624373402
2693.91570045	0.023362674282
2694.22985972	0.0233628324013
2694.54401898	0.0233632126898
2694.85817825	0.0233637345104
2695.17233751	0.0233641752935
2695.48649678	0.0233647596867
2695.80065605	0.0233653322812
2696.11481531	0.0233657705258
2696.42897458	0.0233663600866
2696.74313384	0.0233666786382
2697.05729311	0.0233667923118
2697.37145237	0.0233671743583
2697.68561164	0.0233677529594
2697.9997709	0.0233682772081
2698.31393017	0.0233688066295
2698.62808943	0.0233694792247
2698.9422487	0.0233702803273
2699.25640796	0.0233711461267
2699.57056723	0.0233720544674
2699.8847265	0.0233730620989
2700.19888576	0.0233739834413
2700.51304503	0.0233745163664
2700.82720429	0.0233749582784
2701.14136356	0.0233756750628
2701.45552282	0.0233763298876
2701.76968209	0.023376929619
2702.08384135	0.0233776222955
2702.39800062	0.0233783824282
2702.71215988	0.0233791716313
2703.02631915	0.0233800506839
2703.34047841	0.0233810215739
2703.65463768	0.0233819046464
2703.96879694	0.0233827493911
2704.28295621	0.0233837709377
2704.59711548	0.0233848639499
2704.91127474	0.0233857580753
2705.22543401	0.0233862580698
2705.53959327	0.0233866684991
2705.85375254	0.0233872470987
2706.1679118	0.023387680432
2706.48207107	0.0233879284851
2706.79623033	0.0233882815579
2707.1103896	0.0233887307395
2707.42454886	0.0233891425843
2707.73870813	0.0233895195912
2708.05286739	0.0233900087851
2708.36702666	0.0233905640748
2708.68118593	0.023390938772
2708.99534519	0.0233910791857
2709.30950446	0.023391172364
2709.62366372	0.0233910777284
2709.93782299	0.0233907456633
2710.25198225	0.023390643158
2710.56614152	0.0233903298523
2710.88030078	0.0233896856384
2711.19446005	0.023389197814
2711.50861931	0.023388890961
2711.82277858	0.0233885145252
2712.13693784	0.0233880529341
2712.45109711	0.0233875964618
2712.76525637	0.0233871941822
2713.07941564	0.0233867809316
2713.39357491	0.0233862646862
2713.70773417	0.0233856843825
2714.02189344	0.0233851156848
2714.3360527	0.0233844420513
2714.65021197	0.0233836980432
2714.96437123	0.0233828097404
2715.2785305	0.023381727331
2715.59268976	0.0233807211851
2715.90684903	0.0233796451804
2716.22100829	0.0233784433881
2716.53516756	0.0233772337944
2716.84932682	0.0233760303663
2717.16348609	0.0233749564107
2717.47764536	0.0233738535331
2717.79180462	0.023372625689
2718.10596389	0.0233715177218
2718.42012315	0.023370519854
2718.73428242	0.0233694631553
2719.04844168	0.0233682231612
2719.36260095	0.0233669806304
2719.67676021	0.0233656909097
2719.99091948	0.0233642802453
2720.30507874	0.0233628953277
2720.61923801	0.0233615367534
2720.93339727	0.0233601687966
2721.24755654	0.023358815813
2721.5617158	0.0233574628851
2721.87587507	0.0233563593491
2722.19003434	0.023355495234
2722.5041936	0.0233544496676
2722.81835287	0.0233529511539
2723.13251213	0.0233513832935
2723.4466714	0.0233500954806
2723.76083066	0.0233485221596
2724.07498993	0.0233468987172
2724.38914919	0.0233454516371
2724.70330846	0.0233440620355
2725.01746772	0.0233427134788
2725.33162699	0.0233414732411
2725.64578625	0.0233403446326
2725.95994552	0.0233393273537
2726.27410479	0.023338475201
2726.58826405	0.0233377811271
2726.90242332	0.0233371302819
2727.21658258	0.0233364952375
2727.53074185	0.0233358066323
2727.84490111	0.0233348990618
2728.15906038	0.0233336469159
2728.47321964	0.0233325157988
2728.78737891	0.023331651743
2729.10153817	0.0233308194045
2729.41569744	0.0233300614353
2729.7298567	0.0233294316179
2730.04401597	0.0233288560748
2730.35817524	0.0233283026432
2730.6723345	0.0233278862477
2730.98649377	0.0233276549207
2731.30065303	0.0233274651078
2731.6148123	0.0233272059844
2731.92897156	0.0233270169056
2732.24313083	0.0233270779771
2732.55729009	0.0233270778186
2732.87144936	0.0233268970571
2733.18560862	0.023326796414
2733.49976789	0.0233267193616
2733.81392715	0.0233266233436
2734.12808642	0.0233266086554
2734.44224568	0.0233267047209
2734.75640495	0.0233268566849
2735.07056422	0.0233270562535
2735.38472348	0.0233273102711
2735.69888275	0.0233275915161
2736.01304201	0.0233278594272
2736.32720128	0.0233281334547
2736.64136054	0.023328360523
2736.95551981	0.0233283871154
2737.26967907	0.0233284670129
2737.58383834	0.023328748666
2737.8979976	0.023329032775
2738.21215687	0.0233292599818
2738.52631613	0.0233295529469
2738.8404754	0.0233299446741
2739.15463467	0.0233304368273
2739.46879393	0.0233310315642
2739.7829532	0.0233317084194
2740.09711246	0.023332455955
2740.41127173	0.0233332790488
2740.72543099	0.0233341610065
2741.03959026	0.0233350518393
2741.35374952	0.0233358199081
2741.66790879	0.0233364879704
2741.98206805	0.0233372180803
2742.29622732	0.0233378440876
2742.61038658	0.0233384163886
2742.92454585	0.023339143044
2743.23870511	0.0233400229371
2743.55286438	0.0233408504867
2743.86702365	0.0233415359327
2744.18118291	0.0233423677683
2744.49534218	0.0233432710033
2744.80950144	0.023344253567
2745.12366071	0.0233453315414
2745.43781997	0.0233462544539
2745.75197924	0.0233472146226
2746.0661385	0.0233484116345
2746.38029777	0.0233496829075
2746.69445703	0.0233508183457
2747.0086163	0.0233518592362
2747.32277556	0.0233529783122
2747.63693483	0.0233540062301
2747.9510941	0.023354878134
2748.26525336	0.0233558941465
2748.57941263	0.0233569312467
2748.89357189	0.0233577669835
2749.20773116	0.0233587365463
2749.52189042	0.0233598990036
2749.83604969	0.0233608309931
2750.15020895	0.0233612983176
2750.46436822	0.0233618768899
2750.77852748	0.0233624412677
2751.09268675	0.0233626447732
2751.40684601	0.0233629535494
2751.72100528	0.0233633208478
2752.03516454	0.0233634433545
2752.34932381	0.0233634955569
2752.66348308	0.0233636292463
2752.97764234	0.0233637737779
2753.29180161	0.0233639532406
2753.60596087	0.0233641679633
2753.92012014	0.0233643277007
2754.2342794	0.0233644858095
2754.54843867	0.023364557574
2754.86259793	0.0233642713725
2755.1767572	0.0233637469918
2755.49091646	0.0233630978098
2755.80507573	0.0233623136309
2756.11923499	0.0233615528581
2756.43339426	0.0233607883101
2756.74755353	0.0233599393688
2757.06171279	0.0233591658869
2757.37587206	0.0233584563364
2757.69003132	0.0233576608017
2758.00419059	0.0233569119436
2758.31834985	0.0233561018667
2758.63250912	0.0233550831311
2758.94666838	0.023354214119
2759.26082765	0.0233531233043
2759.57498691	0.0233516655712
2759.88914618	0.0233503121747
2760.20330544	0.0233491510254
2760.51746471	0.0233479206394
2760.83162397	0.0233465945401
2761.14578324	0.023345331638
2761.45994251	0.0233441547517
2761.77410177	0.0233430159148
2762.08826104	0.0233419074104
2762.4024203	0.0233407863154
2762.71657957	0.0233396478219
2763.03073883	0.0233381679114
2763.3448981	0.0233363784903
2763.65905736	0.0233348607267
2763.97321663	0.0233333000447
2764.28737589	0.023331571535
2764.60153516	0.0233299574736
2764.91569442	0.0233284466297
2765.22985369	0.023326887904
2765.54401296	0.0233253699504
2765.85817222	0.0233240338114
2766.17233149	0.023322716482
2766.48649075	0.0233213111946
2766.80065002	0.0233200128814
2767.11480928	0.0233189617059
2767.42896855	0.0233179380556
2767.74312781	0.0233166405397
2768.05728708	0.0233150203962
2768.37144634	0.0233136616171
2768.68560561	0.0233123423935
2768.99976487	0.0233108133101
2769.31392414	0.0233094246172
2769.6280834	0.0233082655135
2769.94224267	0.0233071688341
2770.25640194	0.0233060866423
2770.5705612	0.0233050851735
2770.88472047	0.0233043381316
2771.19887973	0.0233037761085
2771.513039	0.0233031124955
2771.82719826	0.0233024264622
2772.14135753	0.0233017801628
2772.45551679	0.023300776929
2772.76967606	0.0233001501212
2773.08383532	0.0232995880714
2773.39799459	0.0232985928378
2773.71215385	0.0232977568548
2774.02631312	0.0232973381997
2774.34047239	0.0232969864024
2774.65463165	0.0232965357218
2774.96879092	0.0232961802356
2775.28295018	0.023296044909
2775.59710945	0.0232960092912
2775.91126871	0.0232960197936
2776.22542798	0.02329609915
2776.53958724	0.0232962409102
2776.85374651	0.0232964097562
2777.16790577	0.023296585488
2777.48206504	0.0232966409784
2777.7962243	0.0232963905594
2778.11038357	0.0232962700863
2778.42454283	0.0232962564852
2778.7387021	0.0232961733278
2779.05286137	0.0232960987682
2779.36702063	0.0232960045193
2779.6811799	0.0232960609833
2779.99533916	0.0232963875832
2780.30949843	0.0232965814128
2780.62365769	0.0232967326077
2780.93781696	0.0232971767121
2781.25197622	0.0232977694293
2781.56613549	0.0232981732973
2781.88029475	0.0232985561231
2782.19445402	0.0232989920529
2782.50861328	0.0232993172879
2782.82277255	0.0232996892307
2783.13693182	0.023300192066
2783.45109108	0.0233007460368
2783.76525035	0.0233013306249
2784.07940961	0.0233019541319
2784.39356888	0.0233028041869
2784.70772814	0.0233040025885
2785.02188741	0.0233051598846
2785.33604667	0.0233059906187
2785.65020594	0.0233065198078
2785.9643652	0.0233073611039
2786.27852447	0.0233082058307
2786.59268373	0.0233087871752
2786.906843	0.0233094317785
2787.22100227	0.0233102867615
2787.53516153	0.0233112129077
2787.8493208	0.0233121678366
2788.16348006	0.0233132342411
2788.47763933	0.0233144126691
2788.79179859	0.0233156890369
2789.10595786	0.0233171322154
2789.42011712	0.0233186183
2789.73427639	0.0233200212789
2790.04843565	0.0233214050224
2790.36259492	0.0233226865995
2790.67675418	0.0233234555861
2790.99091345	0.0233240403644
2791.30507271	0.0233249020935
2791.61923198	0.0233257856524
2791.93339125	0.0233265801274
2792.24755051	0.0233274450033
2792.56170978	0.0233283317178
2792.87586904	0.0233291167289
2793.19002831	0.0233298431114
2793.50418757	0.0233306909287
2793.81834684	0.0233315535128
2794.1325061	0.0233322283063
2794.44666537	0.023332746309
2794.76082463	0.023333414619
2795.0749839	0.0233340739037
2795.38914316	0.0233344073025
2795.70330243	0.0233346315294
2796.0174617	0.0233347983398
2796.33162096	0.0233348492296
2796.64578023	0.0233348486031
2796.95993949	0.0233348376091
2797.27409876	0.0233347929639
2797.58825802	0.0233347207473
2797.90241729	0.0233346200441
2798.21657655	0.0233344880106
2798.53073582	0.0233344898552
2798.84489508	0.0233344336154
2799.15905435	0.0233337559961
2799.47321361	0.0233329592323
2799.78737288	0.0233323375853
2800.10153214	0.0233314456644
2800.41569141	0.0233305135177
2800.72985068	0.0233296238692
2801.04400994	0.0233287141653
2801.35816921	0.0233277452612
2801.67232847	0.023326771414
2801.98648774	0.023325887781
2802.300647	0.0233250810258
2802.61480627	0.0233242465377
2802.92896553	0.0233233919248
2803.2431248	0.0233225640686
2803.55728406	0.0233216949225
2803.87144333	0.0233206246242
2804.18560259	0.023319300753
2804.49976186	0.0233179689513
2804.81392113	0.0233166327251
2805.12808039	0.0233151174541
2805.44223966	0.0233135461635
2805.75639892	0.0233120876483
2806.07055819	0.0233106834247
2806.38471745	0.0233091255811
2806.69887672	0.0233074545196
2807.01303598	0.0233058116943
2807.32719525	0.0233043276888
2807.64135451	0.0233029471107
2807.95551378	0.0233013505573
2808.26967304	0.0232997020762
2808.58383231	0.0232983129178
2808.89799157	0.0232970938312
2809.21215084	0.0232958209545
2809.52631011	0.0232943010179
2809.84046937	0.0232927781808
2810.15462864	0.0232914187091
2810.4687879	0.0232899334906
2810.78294717	0.0232884768802
2811.09710643	0.0232871461191
2811.4112657	0.0232858071891
2811.72542496	0.0232846673475
2812.03958423	0.0232837570958
2812.35374349	0.0232828240009
2812.66790276	0.0232816331068
2812.98206202	0.023280300989
2813.29622129	0.023279251889
2813.61038056	0.0232781223469
2813.92453982	0.0232769639813
2814.23869909	0.0232758503016
2814.55285835	0.0232748109782
2814.86701762	0.0232739755528
2815.18117688	0.0232732283232
2815.49533615	0.0232724309889
2815.80949541	0.0232718398212
2816.12365468	0.0232715806368
2816.43781394	0.0232713586111
2816.75197321	0.0232711272566
2817.06613247	0.0232710099695
2817.38029174	0.0232707260732
2817.694451	0.0232702526402
2818.00861027	0.0232698230072
2818.32276954	0.0232693166586
2818.6369288	0.0232688578527
2818.95108807	0.0232685438072
2819.26524733	0.0232682900471
2819.5794066	0.0232681021945
2819.89356586	0.0232681151089
2820.20772513	0.023268183923
2820.52188439	0.0232682850052
2820.83604366	0.0232684805311
2821.15020292	0.0232685419811
2821.46436219	0.0232686744885
2821.77852145	0.0232688363451
2822.09268072	0.02326869627
2822.40683999	0.0232685553158
2822.72099925	0.0232686584575
2823.03515852	0.0232688166795
2823.34931778	0.0232689449357
2823.66347705	0.0232691602436
2823.97763631	0.0232695167267
2824.29179558	0.0232699625683
2824.60595484	0.0232704415812
2824.92011411	0.0232709936375
2825.23427337	0.0232715760757
2825.54843264	0.0232719750107
2825.8625919	0.0232720485142
2826.17675117	0.0232723171047
2826.49091043	0.0232727419461
2826.8050697	0.0232730110846
2827.11922897	0.023273340706
2827.43338823	0.0232739396588
2827.7475475	0.0232745759465
2828.06170676	0.0232751882191
2828.37586603	0.0232759408243
2828.69002529	0.0232768484317
2829.00418456	0.023277805916
2829.31834382	0.0232786851905
2829.63250309	0.0232796586918
2829.94666235	0.0232808458638
2830.26082162	0.0232818586619
2830.57498088	0.0232825187614
2830.88914015	0.0232833125788
2831.20329942	0.0232841906287
2831.51745868	0.0232849463396
2831.83161795	0.0232857364682
2832.14577721	0.0232866843052
2832.45993648	0.0232877078242
2832.77409574	0.0232887439284
2833.08825501	0.0232898181179
2833.40241427	0.0232910138472
2833.71657354	0.0232923650226
2834.0307328	0.0232935465494
2834.34489207	0.0232944884543
2834.65905133	0.023295473682
2834.9732106	0.0232962898607
2835.28736986	0.0232969152441
2835.60152913	0.0232977568645
2835.9156884	0.0232985267806
2836.22984766	0.0232989950678
2836.54400693	0.0232994609668
2836.85816619	0.0233001270075
2837.17232546	0.0233008127456
2837.48648472	0.0233013380291
2837.80064399	0.0233018203111
2838.11480325	0.0233023980488
2838.42896252	0.0233030132732
2838.74312178	0.023303550301
2839.05728105	0.0233040462332
2839.37144031	0.0233045573747
2839.68559958	0.0233050055433
2839.99975885	0.023305192684
2840.31391811	0.0233048390712
2840.62807738	0.0233044910544
2840.94223664	0.0233043591694
2841.25639591	0.0233039357797
2841.57055517	0.0233033972968
2841.88471444	0.0233029169631
2842.1988737	0.0233023447864
2842.51303297	0.0233018433099
2842.82719223	0.0233014424572
2843.1413515	0.0233008017671
2843.45551076	0.0233001032548
2843.76967003	0.0232995673394
2844.0838293	0.0232989955713
2844.39798856	0.0232981376152
2844.71214783	0.0232972491759
2845.02630709	0.0232963098759
2845.34046636	0.0232951730571
2845.65462562	0.0232940554642
2845.96878489	0.0232930223599
2846.28294415	0.0232919323228
2846.59710342	0.0232908001343
2846.91126268	0.0232897063673
2847.22542195	0.0232888206666
2847.53958121	0.0232880978233
2847.85374048	0.0232871384734
2848.16789974	0.0232857201055
2848.48205901	0.0232842310435
2848.79621828	0.0232829605584
2849.11037754	0.0232815158422
2849.42453681	0.0232798880398
2849.73869607	0.0232783307898
2850.05285534	0.0232769302753
2850.3670146	0.0232755618355
2850.68117387	0.0232742074586
2850.99533313	0.0232729401993
2851.3094924	0.023271797328
2851.62365166	0.0232708192121
2851.93781093	0.0232699345505
2852.25197019	0.023269014694
2852.56612946	0.0232680759005
2852.88028873	0.0232670614125
2853.19444799	0.023265680953
2853.50860726	0.0232640486291
2853.82276652	0.0232626203748
2854.13692579	0.0232612879748
2854.45108505	0.0232599904424
2854.76524432	0.0232587414967
2855.07940358	0.0232575987233
2855.39356285	0.0232565607654
2855.70772211	0.0232555283943
2856.02188138	0.0232545395749
2856.33604064	0.0232536433877
2856.65019991	0.0232528344482
2856.96435917	0.0232520353905
2857.27851844	0.0232511943757
2857.59267771	0.0232504591506
2857.90683697	0.0232498321321
2858.22099624	0.0232492265488
2858.5351555	0.0232485786583
2858.84931477	0.0232479323173
2859.16347403	0.0232473553018
2859.4776333	0.023246887506
2859.79179256	0.0232464766111
2860.10595183	0.0232460885647
2860.42011109	0.0232457967271
2860.73427036	0.0232456272363
2861.04842962	0.0232455163464
2861.36258889	0.0232454713846
2861.67674816	0.0232453935619
2861.99090742	0.02324506714
2862.30506669	0.0232446859974
2862.61922595	0.023244330936
2862.93338522	0.0232441022581
2863.24754448	0.0232438627258
2863.56170375	0.0232436383096
2863.87586301	0.0232435222176
2864.19002228	0.0232434540397
2864.50418154	0.0232434333603
2864.81834081	0.0232435507686
2865.13250007	0.0232437923041
2865.44665934	0.0232440719493
2865.7608186	0.0232443877666
2866.07497787	0.0232447440888
2866.38913714	0.0232450663984
2866.7032964	0.0232451914461
2867.01745567	0.0232452347151
2867.33161493	0.0232452500014
2867.6457742	0.0232451226001
2867.95993346	0.0232450008858
2868.27409273	0.0232450433974
2868.58825199	0.0232451893421
2868.90241126	0.0232453198499
2869.21657052	0.0232453560304
2869.53072979	0.0232454040123
2869.84488905	0.0232456597842
2870.15904832	0.0232459993446
2870.47320759	0.0232462913243
2870.78736685	0.0232466034812
2871.10152612	0.0232470285944
2871.41568538	0.0232475292464
2871.72984465	0.0232480704007
2872.04400391	0.0232486983172
2872.35816318	0.0232493339358
2872.67232244	0.0232499523199
2872.98648171	0.023250659436
2873.30064097	0.0232514409711
2873.61480024	0.0232521954116
2873.9289595	0.02325291801
2874.24311877	0.0232537789611
2874.55727803	0.0232547327001
2874.8714373	0.0232555351421
2875.18559657	0.0232565074398
2875.49975583	0.0232575138203
2875.8139151	0.0232582086787
2876.12807436	0.0232588529264
2876.44223363	0.0232596244717
2876.75639289	0.0232603900702
2877.07055216	0.0232610471805
2877.38471142	0.0232616740684
2877.69887069	0.0232624029635
2878.01302995	0.0232631489824
2878.32718922	0.0232638075665
2878.64134848	0.0232645715705
2878.95550775	0.0232655019465
2879.26966702	0.0232663872088
2879.58382628	0.0232672397719
2879.89798555	0.0232680584032
2880.21214481	0.0232686663321
2880.52630408	0.0232691336384
2880.84046334	0.0232694831009
2881.15462261	0.0232696006755
2881.46878187	0.0232697365281
2881.78294114	0.0232699570963
2882.0971004	0.0232701334999
2882.41125967	0.0232702754221
2882.72541893	0.0232704900647
2883.0395782	0.0232707623319
2883.35373746	0.0232709948615
2883.66789673	0.0232711588282
2883.982056	0.0232711034202
2884.29621526	0.0232711073486
2884.61037453	0.023271065246
2884.92453379	0.0232706421433
2885.23869306	0.0232702177012
2885.55285232	0.0232699975194
2885.86701159	0.0232697815374
2886.18117085	0.0232694898091
2886.49533012	0.0232692098685
2886.80948938	0.0232690274656
2887.12364865	0.02326888722
2887.43780791	0.0232687173257
2887.75196718	0.0232685138203
2888.06612645	0.0232683215689
2888.38028571	0.0232679475254
2888.69444498	0.0232671434576
2889.00860424	0.0232664003078
2889.32276351	0.0232657867356
2889.63692277	0.023264979332
2889.95108204	0.0232641254274
2890.2652413	0.0232634500837
2890.57940057	0.0232627443881
2890.89355983	0.0232619231193
2891.2077191	0.0232611077406
2891.52187836	0.0232604003634
2891.83603763	0.0232597190941
2892.15019689	0.0232587625153
2892.46435616	0.023257824859
2892.77851543	0.0232571157624
2893.09267469	0.023256205207
2893.40683396	0.023254936555
2893.72099322	0.0232536968517
2894.03515249	0.0232525142395
2894.34931175	0.0232512088421
2894.66347102	0.0232498821291
2894.97763028	0.0232486520194
2895.29178955	0.0232474884023
2895.60594881	0.0232463534885
2895.92010808	0.023245249134
2896.23426734	0.0232442064933
2896.54842661	0.0232433242087
2896.86258588	0.0232424041867
2897.17674514	0.0232411378924
2897.49090441	0.0232397521582
2897.80506367	0.0232385246977
2898.11922294	0.0232371485047
2898.4333822	0.0232358185691
2898.74754147	0.0232347263624
2899.06170073	0.0232333998381
2899.37586	0.023232016232
2899.69001926	0.0232309931975
2900.00417853	0.0232301540489
2900.31833779	0.0232292384261
2900.63249706	0.0232283195325
2900.94665633	0.0232275816515
2901.26081559	0.0232270432334
2901.57497486	0.0232265292133
2901.88913412	0.0232259396
2902.20329339	0.0232254537013
2902.51745265	0.0232250509913
2902.83161192	0.02322447558
2903.14577118	0.0232236212667
2903.45993045	0.023222885743
2903.77408971	0.0232223260462
2904.08824898	0.023221673168
2904.40240824	0.0232210689376
2904.71656751	0.0232205553494
2905.03072677	0.0232200113097
2905.34488604	0.0232195446006
2905.65904531	0.0232193386127
2905.97320457	0.0232190156615
2906.28736384	0.0232185867335
2906.6015231	0.0232183885773
2906.91568237	0.0232184055957
2907.22984163	0.0232183193022
2907.5440009	0.0232180020697
2907.85816016	0.0232176058478
2908.17231943	0.0232175002971
2908.48647869	0.0232172548758
2908.80063796	0.0232168705839
2909.11479722	0.0232167389536
2909.42895649	0.0232168062481
2909.74311576	0.0232168080249
2910.05727502	0.0232168558187
2910.37143429	0.0232171702173
2910.68559355	0.0232174794805
2910.99975282	0.0232173642011
2911.31391208	0.0232170098079
2911.62807135	0.0232170365533
2911.94223061	0.023217038094
2912.25638988	0.0232167317486
2912.57054914	0.0232165598687
2912.88470841	0.0232166624746
2913.19886767	0.0232167748525
2913.51302694	0.0232168712844
2913.8271862	0.0232171210606
2914.14134547	0.0232176168922
2914.45550474	0.023218254598
2914.769664	0.0232189177729
2915.08382327	0.0232196126493
2915.39798253	0.0232203009272
2915.7121418	0.0232208470752
2916.02630106	0.023221166813
2916.34046033	0.0232214230754
2916.65461959	0.0232217616981
2916.96877886	0.0232221595004
2917.28293812	0.0232226303267
2917.59709739	0.0232231975705
2917.91125665	0.0232238474361
2918.22541592	0.0232244993219
2918.53957519	0.0232251124082
2918.85373445	0.0232257311391
2919.16789372	0.0232263874975
2919.48205298	0.0232270981357
2919.79621225	0.0232277247169
2920.11037151	0.0232282757499
2920.42453078	0.0232289088366
2920.73869004	0.0232296313917
2921.05284931	0.0232303015046
2921.36700857	0.0232308789151
2921.68116784	0.0232314535114
2921.9953271	0.0232320266863
2922.30948637	0.0232325568209
2922.62364563	0.0232330875561
2922.9378049	0.0232336318277
2923.25196417	0.0232341722611
2923.56612343	0.0232346992937
2923.8802827	0.0232353821326
2924.19444196	0.0232361860035
2924.50860123	0.0232365850589
2924.82276049	0.0232364652404
2925.13691976	0.0232368245714
2925.45107902	0.0232370113355
2925.76523829	0.0232369596953
2926.07939755	0.0232370633575
2926.39355682	0.0232372808264
2926.70771608	0.0232374711175
2927.02187535	0.0232376088674
2927.33603462	0.0232377859997
2927.65019388	0.0232381225507
2927.96435315	0.0232385712942
2928.27851241	0.0232389996954
2928.59267168	0.0232393697828
2928.90683094	0.0232396885533
2929.22099021	0.0232398918183
2929.53514947	0.0232399353593
2929.84930874	0.023239868043
2930.163468	0.0232398026812
2930.47762727	0.0232397035616
2930.79178653	0.0232394792399
2931.1059458	0.0232392725022
2931.42010506	0.0232391515473
2931.73426433	0.0232390094752
2932.0484236	0.023238710861
2932.36258286	0.0232383174715
2932.67674213	0.0232380277059
2932.99090139	0.023237690314
2933.30506066	0.0232372309663
2933.61921992	0.0232368284747
2933.93337919	0.0232364508816
2934.24753845	0.0232359429735
2934.56169772	0.0232353930394
2934.87585698	0.023234911856
2935.19001625	0.023234428354
2935.50417551	0.0232338210683
2935.81833478	0.0232331062954
2936.13249405	0.0232323935644
2936.44665331	0.0232316747598
2936.76081258	0.0232308631262
2937.07497184	0.0232301249595
2937.38913111	0.023229477343
2937.70329037	0.0232288116771
2938.01744964	0.023228029533
2938.3316089	0.0232269025075
2938.64576817	0.0232257961708
2938.95992743	0.0232248461517
2939.2740867	0.0232237680556
2939.58824596	0.0232225076964
2939.90240523	0.0232213332961
2940.21656449	0.0232203030352
2940.53072376	0.023219312443
2940.84488303	0.0232183400214
2941.15904229	0.0232173605856
2941.47320156	0.023216472586
2941.78736082	0.0232157914848
2942.10152009	0.0232151987715
2942.41567935	0.0232145692494
2942.72983862	0.0232138572876
2943.04399788	0.0232128485775
2943.35815715	0.0232118589465
2943.67231641	0.0232108994034
2943.98647568	0.0232097836517
2944.30063494	0.0232087861644
2944.61479421	0.0232080058367
2944.92895348	0.0232072504645
2945.24311274	0.0232065164499
2945.55727201	0.0232059458701
2945.87143127	0.0232054112512
2946.18559054	0.023204822465
2946.4997498	0.0232042057807
2946.81390907	0.0232034601622
2947.12806833	0.023202740646
2947.4422276	0.02320210534
2947.75638686	0.0232012367465
2948.07054613	0.0232003622177
2948.38470539	0.023199666384
2948.69886466	0.0231990070883
2949.01302392	0.0231983461879
2949.32718319	0.0231977470182
2949.64134246	0.0231972377742
2949.95550172	0.0231968025462
2950.26966099	0.0231964305979
2950.58382025	0.0231960539207
2950.89797952	0.0231956213192
2951.21213878	0.0231952139674
2951.52629805	0.0231947904625
2951.84045731	0.0231941117028
2952.15461658	0.0231933194805
2952.46877584	0.0231926871435
2952.78293511	0.0231921234576
2953.09709437	0.0231916927038
2953.41125364	0.0231912820258
2953.72541291	0.0231908474259
2954.03957217	0.0231904637247
2954.35373144	0.0231901918973
2954.6678907	0.0231900481791
2954.98204997	0.0231898025832
2955.29620923	0.02318955034
2955.6103685	0.0231894630411
2955.92452776	0.0231894729357
2956.23868703	0.0231893609437
2956.55284629	0.0231892600674
2956.86700556	0.0231892162286
2957.18116482	0.0231891821142
2957.49532409	0.0231891928482
2957.80948335	0.0231892777349
2958.12364262	0.0231894740435
2958.43780189	0.0231897805513
2958.75196115	0.0231901498326
2959.06612042	0.0231906294064
2959.38027968	0.023191243851
2959.69443895	0.0231917217777
2960.00859821	0.0231917795252
2960.32275748	0.0231920627094
2960.63691674	0.023192552036
2960.95107601	0.0231926728651
2961.26523527	0.0231927626956
2961.57939454	0.0231931803141
2961.8935538	0.0231936995114
2962.20771307	0.0231940269497
2962.52187234	0.0231943283718
2962.8360316	0.0231948733346
2963.15019087	0.0231955479663
2963.46435013	0.0231961303076
2963.7785094	0.0231966730793
2964.09266866	0.023197316586
2964.40682793	0.0231979968417
2964.72098719	0.0231986332385
2965.03514646	0.023199300991
2965.34930572	0.0231999566767
2965.66346499	0.0232003314058
2965.97762425	0.0232006046367
2966.29178352	0.0232010053156
2966.60594279	0.0232012797431
2966.92010205	0.0232015413917
2967.23426132	0.0232019605643
2967.54842058	0.023202320922
2967.86257985	0.0232025547273
2968.17673911	0.0232028336085
2968.49089838	0.0232031994827
2968.80505764	0.023203471766
2969.11921691	0.0232037977932
2969.43337617	0.0232041231687
2969.74753544	0.0232044218292
2970.0616947	0.0232046980487
2970.37585397	0.0232050077733
2970.69001323	0.0232053718461
2971.0041725	0.0232056489561
2971.31833177	0.0232058972
2971.63249103	0.023206277505
2971.9466503	0.0232068131457
2972.26080956	0.0232072762669
2972.57496883	0.0232076744161
2972.88912809	0.0232082083357
2973.20328736	0.0232088636519
2973.51744662	0.0232093069478
2973.83160589	0.0232090883853
2974.14576515	0.0232091043298
2974.45992442	0.0232094269633
2974.77408368	0.0232093048902
2975.08824295	0.0232091648212
2975.40240222	0.0232092223058
2975.71656148	0.0232093116781
2976.03072075	0.0232094105653
2976.34488001	0.0232094882529
2976.65903928	0.0232095671999
2976.97319854	0.0232098914217
2977.28735781	0.0232103431732
2977.60151707	0.0232106844265
2977.91567634	0.023210930699
2978.2298356	0.0232109100343
2978.54399487	0.0232105762829
2978.85815413	0.0232102942089
2979.1723134	0.0232099014444
2979.48647266	0.0232094308013
2979.80063193	0.0232090509201
2980.1147912	0.0232086699022
2980.42895046	0.0232082607266
2980.74310973	0.0232080017168
2981.05726899	0.0232077260496
2981.37142826	0.0232072470944
2981.68558752	0.0232066806317
2981.99974679	0.0232061110095
2982.31390605	0.0232054044446
2982.62806532	0.0232046192346
2982.94222458	0.023203852996
2983.25638385	0.0232030201762
2983.57054311	0.0232020970574
2983.88470238	0.0232012032929
2984.19886165	0.0232003955703
2984.51302091	0.0231995864966
2984.82718018	0.023198758734
2985.14133944	0.023197926171
2985.45549871	0.0231971277926
2985.76965797	0.0231963711913
2986.08381724	0.0231956625236
2986.3979765	0.0231949683189
2986.71213577	0.0231942601619
2987.02629503	0.0231935486174
2987.3404543	0.0231926010868
2987.65461356	0.0231912661745
2987.96877283	0.0231900508563
2988.28293209	0.0231889618216
2988.59709136	0.0231877645862
2988.91125063	0.0231866266456
2989.22540989	0.023185602963
2989.53956916	0.0231846152332
2989.85372842	0.0231836523735
2990.16788769	0.0231827442811
2990.48204695	0.0231819227475
2990.79620622	0.0231811546501
2991.11036548	0.0231804311834
2991.42452475	0.0231797268585
2991.73868401	0.023178968965
2992.05284328	0.023178069126
2992.36700254	0.0231770624908
2992.68116181	0.0231760569071
2992.99532108	0.0231750599499
2993.30948034	0.0231741591194
2993.62363961	0.0231733127426
2993.93779887	0.0231724057665
2994.25195814	0.0231716350006
2994.5661174	0.0231711079567
2994.88027667	0.0231703106911
2995.19443593	0.023169301571
2995.5085952	0.0231685455211
2995.82275446	0.023167782109
2996.13691373	0.0231668679396
2996.45107299	0.0231660564219
2996.76523226	0.0231654178513
2997.07939152	0.0231647779446
2997.39355079	0.0231641191664
2997.70771006	0.0231636006435
2998.02186932	0.0231632440654
2998.33602859	0.0231629703418
2998.65018785	0.0231628261994
2998.96434712	0.0231628191604
2999.27850638	0.0231629064297
2999.59266565	0.0231629609733
2999.90682491	0.0231629598051
3000.22098418	0.0231630390083
3000.53514344	0.0231629234659
3000.84930271	0.023162454742
3001.16346197	0.02316227191
3001.47762124	0.0231623487329
3001.79178051	0.0231622456473
3002.10593977	0.0231620739227
3002.42009904	0.0231620942326
3002.7342583	0.023162326704
3003.04841757	0.0231626191223
3003.36257683	0.0231628303279
3003.6767361	0.0231630655726
3003.99089536	0.0231634352694
3004.30505463	0.0231639633904
3004.61921389	0.0231643357504
3004.93337316	0.0231646186732
3005.24753242	0.0231650795932
3005.56169169	0.0231653918991
3005.87585095	0.0231654496034
3006.19001022	0.0231656451055
3006.50416949	0.0231658609958
3006.81832875	0.0231660137962
3007.13248802	0.0231662999347
3007.44664728	0.0231667315816
3007.76080655	0.023167186079
3008.07496581	0.0231676806607
3008.38912508	0.0231683381412
3008.70328434	0.023169077147
3009.01744361	0.0231696085191
3009.33160287	0.0231697778012
3009.64576214	0.023170051271
3009.9599214	0.023170435438
3010.27408067	0.023170608705
3010.58823994	0.0231707848596
3010.9023992	0.0231712158504
3011.21655847	0.023171615226
3011.53071773	0.0231718665627
3011.844877	0.0231723109406
3012.15903626	0.0231730096102
3012.47319553	0.0231737234349
3012.78735479	0.0231743704195
3013.10151406	0.0231750895372
3013.41567332	0.0231759158215
3013.72983259	0.0231766797033
3014.04399185	0.0231773075472
3014.35815112	0.0231778239376
3014.67231038	0.0231783511497
3014.98646965	0.0231788931291
3015.30062892	0.0231792425937
3015.61478818	0.0231795982866
3015.92894745	0.0231802535635
3016.24310671	0.02318099341
3016.55726598	0.0231815655129
3016.87142524	0.0231820906232
3017.18558451	0.0231824872152
3017.49974377	0.023182814749
3017.81390304	0.0231834277069
3018.1280623	0.0231838266483
3018.44222157	0.0231839357813
3018.75638083	0.023184215511
3019.0705401	0.0231846496859
3019.38469937	0.0231849622557
3019.69885863	0.0231851846502
3020.0130179	0.0231854326847
3020.32717716	0.0231856547583
3020.64133643	0.0231858585049
3020.95549569	0.0231860931044
3021.26965496	0.0231862860593
3021.58381422	0.0231863685909
3021.89797349	0.0231864256976
3022.21213275	0.0231865190213
3022.52629202	0.0231862367461
3022.84045128	0.023185719618
3023.15461055	0.0231854398236
3023.46876981	0.0231851272656
3023.78292908	0.0231845669426
3024.09708835	0.023183910699
3024.41124761	0.0231833386843
3024.72540688	0.0231828540999
3025.03956614	0.0231822261528
3025.35372541	0.0231814803632
3025.66788467	0.0231808649872
3025.98204394	0.0231803748707
3026.2962032	0.0231798321895
3026.61036247	0.0231790850276
3026.92452173	0.0231783589819
3027.238681	0.0231777819632
3027.55284026	0.0231769555642
3027.86699953	0.0231759941717
3028.1811588	0.0231752625193
3028.49531806	0.0231745921553
3028.80947733	0.0231736691804
3029.12363659	0.0231725505241
3029.43779586	0.0231714778097
3029.75195512	0.0231704787401
3030.06611439	0.023169507442
3030.38027365	0.0231685365294
3030.69443292	0.0231674213102
3031.00859218	0.0231664150534
3031.32275145	0.0231653429005
3031.63691071	0.0231642008411
3031.95106998	0.0231634332764
3032.26522925	0.0231623522232
3032.57938851	0.0231610643491
3032.89354778	0.0231600884886
3033.20770704	0.02315923348
3033.52186631	0.0231581935534
3033.83602557	0.0231571077967
3034.15018484	0.0231560505546
3034.4643441	0.023155074122
3034.77850337	0.0231541955902
3035.09266263	0.0231533601958
3035.4068219	0.0231525192417
3035.72098116	0.0231517545232
3036.03514043	0.0231510853141
3036.34929969	0.023150316636
3036.66345896	0.0231491298958
3036.97761823	0.0231480116991
3037.29177749	0.0231471724702
3037.60593676	0.023146106522
3037.92009602	0.0231449495613
3038.23425529	0.0231439615445
3038.54841455	0.023143116675
3038.86257382	0.0231423787529
3039.17673308	0.0231415480663
3039.49089235	0.0231406426577
3039.80505161	0.023140102076
3040.11921088	0.0231398660071
3040.43337014	0.023139562795
3040.74752941	0.0231392234426
3041.06168868	0.023138808268
3041.37584794	0.0231380748068
3041.69000721	0.0231374812089
3042.00416647	0.0231369597209
3042.31832574	0.0231362449032
3042.632485	0.0231356260791
3042.94664427	0.0231352601045
3043.26080353	0.0231350666012
3043.5749628	0.0231350370745
3043.88912206	0.0231350219085
3044.20328133	0.0231347985941
3044.51744059	0.0231346351287
3044.83159986	0.0231347642202
3045.14575912	0.0231345183901
3045.45991839	0.0231340964104
3045.77407766	0.0231343244439
3046.08823692	0.0231343956278
3046.40239619	0.0231340419289
3046.71655545	0.023133964549
3047.03071472	0.0231341958676
3047.34487398	0.0231344300514
3047.65903325	0.023134550634
3047.97319251	0.0231347213567
3048.28735178	0.0231351227748
3048.60151104	0.0231354920495
3048.91567031	0.0231357721552
3049.22982957	0.0231363353441
3049.54398884	0.0231369442259
3049.85814811	0.0231372699655
3050.17230737	0.0231374076415
3050.48646664	0.0231373970393
3050.8006259	0.0231378214083
3051.11478517	0.0231381351391
3051.42894443	0.0231382164526
3051.7431037	0.0231385753289
3052.05726296	0.0231390704387
3052.37142223	0.0231393401755
3052.68558149	0.0231399789687
3052.99974076	0.0231407266134
3053.31390002	0.0231410622964
3053.62805929	0.0231417003691
3053.94221855	0.0231428182653
3054.25637782	0.0231437296865
3054.57053709	0.023144094689
3054.88469635	0.0231445445521
3055.19885562	0.0231453070511
3055.51301488	0.0231458976007
3055.82717415	0.0231463455194
3056.14133341	0.0231470406938
3056.45549268	0.0231479178649
3056.76965194	0.0231486900443
3057.08381121	0.0231495451126
3057.39797047	0.0231506717349
3057.71212974	0.0231514747936
3058.026289	0.0231520298642
3058.34044827	0.0231529610015
3058.65460754	0.0231533248987
3058.9687668	0.0231537994878
3059.28292607	0.0231547682464
3059.59708533	0.0231553674758
3059.9112446	0.0231555282745
3060.22540386	0.023155966397
3060.53956313	0.0231567126505
3060.85372239	0.0231574883232
3061.16788166	0.0231580641541
3061.48204092	0.0231586245435
3061.79620019	0.0231593521891
3062.11035945	0.0231600319247
3062.42451872	0.0231605083817
3062.73867798	0.0231610772463
3063.05283725	0.023161614327
3063.36699652	0.0231616417792
3063.68115578	0.0231614886603
3063.99531505	0.023161575509
3064.30947431	0.0231615953593
3064.62363358	0.023161369376
3064.93779284	0.0231612895715
3065.25195211	0.0231612360328
3065.56611137	0.0231609622055
3065.88027064	0.0231606857006
3066.1944299	0.0231606598313
3066.50858917	0.0231605142307
3066.82274843	0.0231600052433
3067.1369077	0.0231597595831
3067.45106697	0.0231598075189
3067.76522623	0.0231595708627
3068.0793855	0.0231587868076
3068.39354476	0.0231581778515
3068.70770403	0.0231574463661
3069.02186329	0.0231565779064
3069.33602256	0.0231559209406
3069.65018182	0.0231552682259
3069.96434109	0.0231545190167
3070.27850035	0.0231538357143
3070.59265962	0.0231532735045
3070.90681888	0.0231529247394
3071.22097815	0.0231526133324
3071.53513741	0.0231520443642
3071.84929668	0.0231511608285
3072.16345595	0.023150117829
3072.47761521	0.0231494033541
3072.79177448	0.0231484559384
3073.10593374	0.0231472333052
3073.42009301	0.0231461230354
3073.73425227	0.0231451127132
3074.04841154	0.0231441915866
3074.3625708	0.0231433158387
3074.67673007	0.0231423836058
3074.99088933	0.0231414493419
3075.3050486	0.0231406302767
3075.61920786	0.0231398112888
3075.93336713	0.0231390188574
3076.2475264	0.0231382703499
3076.56168566	0.0231374867155
3076.87584493	0.0231366303127
3077.19000419	0.0231355099368
3077.50416346	0.0231342192552
3077.81832272	0.0231330017155
3078.13248199	0.0231317753982
3078.44664125	0.0231306254729
3078.76080052	0.0231294437998
3079.07495978	0.0231282601083
3079.38911905	0.0231270968475
3079.70327831	0.0231259560778
3080.01743758	0.0231250630265
3080.33159684	0.0231237990965
3080.64575611	0.0231224566788
3080.95991538	0.023121558898
3081.27407464	0.0231207521567
3081.58823391	0.0231197451334
3081.90239317	0.0231187438647
3082.21655244	0.0231178110384
3082.5307117	0.0231169142593
3082.84487097	0.0231160683891
3083.15903023	0.0231153945055
3083.4731895	0.0231148068671
3083.78734876	0.0231140957713
3084.10150803	0.0231133158222
3084.41566729	0.0231127744936
3084.72982656	0.0231122385756
3085.04398583	0.0231114148467
3085.35814509	0.0231106713874
3085.67230436	0.0231100825809
3085.98646362	0.0231093970774
3086.30062289	0.023108750032
3086.61478215	0.0231083710265
3086.92894142	0.0231080049237
3087.24310068	0.0231074337517
3087.55725995	0.0231070404135
3087.87141921	0.0231070475043
3088.18557848	0.0231071003436
3088.49973774	0.0231069186191
3088.81389701	0.0231067684237
3089.12805628	0.0231067903519
3089.44221554	0.0231068187069
3089.75637481	0.0231067624792
3090.07053407	0.0231067468747
3090.38469334	0.0231069413747
3090.6988526	0.0231071658444
3091.01301187	0.0231072343445
3091.32717113	0.0231071747621
3091.6413304	0.0231072175531
3091.95548966	0.0231074040138
3092.26964893	0.0231075423838
3092.58380819	0.0231076159235
3092.89796746	0.0231076686489
3093.21212672	0.023107751414
3093.52628599	0.0231080844047
3093.84044526	0.0231085145703
3094.15460452	0.0231087581704
3094.46876379	0.0231090998676
3094.78292305	0.0231097668638
3095.09708232	0.0231105285719
3095.41124158	0.0231110354754
3095.72540085	0.0231114150401
3096.03956011	0.0231120037848
3096.35371938	0.0231124960149
3096.66787864	0.0231129216446
3096.98203791	0.0231135383983
3097.29619717	0.0231143140043
3097.61035644	0.0231151098468
3097.92451571	0.0231159035831
3098.23867497	0.023116798398
3098.55283424	0.023117735141
3098.8669935	0.0231184572567
3099.18115277	0.0231190744862
3099.49531203	0.0231198863084
3099.8094713	0.0231205896164
3100.12363056	0.0231211584557
3100.43778983	0.0231218717006
3100.75194909	0.0231226536144
3101.06610836	0.0231233221591
3101.38026762	0.0231240010511
3101.69442689	0.0231248505206
3102.00858615	0.0231257883651
3102.32274542	0.0231266633764
3102.63690469	0.0231275138739
3102.95106395	0.0231284366382
3103.26522322	0.0231294270979
3103.57938248	0.0231303260649
3103.89354175	0.0231310704902
3104.20770101	0.0231317417549
3104.52186028	0.0231322450632
3104.83601954	0.0231324890511
3105.15017881	0.0231327416229
3105.46433807	0.0231331221895
3105.77849734	0.0231335644604
3106.0926566	0.0231337823022
3106.40681587	0.0231338919833
3106.72097514	0.0231341045865
3107.0351344	0.0231342391772
3107.34929367	0.0231343991046
3107.66345293	0.0231345276542
3107.9776122	0.0231345035641
3108.29177146	0.0231345003689
3108.60593073	0.0231346110164
3108.92008999	0.0231346610709
3109.23424926	0.0231344963068
3109.54840852	0.0231342015194
3109.86256779	0.023133918687
3110.17672705	0.0231335827097
3110.49088632	0.023133132892
3110.80504558	0.0231326285415
3111.11920485	0.0231322478627
3111.43336412	0.0231318208291
3111.74752338	0.0231312957283
3112.06168265	0.0231308879904
3112.37584191	0.0231304070802
3112.69000118	0.0231298120794
3113.00416044	0.0231291461118
3113.31831971	0.0231283914407
3113.63247897	0.0231276637713
3113.94663824	0.0231268813468
3114.2607975	0.0231260152231
3114.57495677	0.0231252221467
3114.88911603	0.0231244331234
3115.2032753	0.0231236067642
3115.51743457	0.0231228564852
3115.83159383	0.0231222128324
3116.1457531	0.0231216201075
3116.45991236	0.0231210046455
3116.77407163	0.0231203685529
3117.08823089	0.0231196399385
3117.40239016	0.0231187980166
3117.71654942	0.0231178982313
3118.03070869	0.0231168873749
3118.34486795	0.0231158702802
3118.65902722	0.0231148765468
3118.97318648	0.023113841062
3119.28734575	0.0231128451749
3119.60150501	0.0231119017302
3119.91566428	0.0231109324256
3120.22982355	0.0231099671199
3120.54398281	0.0231090496234
3120.85814208	0.023108052548
3121.17230134	0.0231071126646
3121.48646061	0.0231061690669
3121.80061987	0.0231051141963
3122.11477914	0.0231041156681
3122.4289384	0.0231031795027
3122.74309767	0.0231022251417
3123.05725693	0.0231012139942
3123.3714162	0.0231002240662
3123.68557546	0.0230994876787
3123.99973473	0.0230987500076
3124.313894	0.023097899182
3124.62805326	0.0230971785426
3124.94221253	0.0230966578442
3125.25637179	0.0230962008497
3125.57053106	0.0230956700987
3125.88469032	0.0230949767372
3126.19884959	0.0230940602486
3126.51300885	0.0230934248606
3126.82716812	0.0230926818021
3127.14132738	0.0230917879448
3127.45548665	0.0230910772085
3127.76964591	0.0230905192974
3128.08380518	0.0230899490362
3128.39796444	0.0230894541991
3128.71212371	0.0230890279107
3129.02628298	0.0230887033025
3129.34044224	0.023088574503
3129.65460151	0.0230884956511
3129.96876077	0.0230883514533
3130.28292004	0.0230882238768
3130.5970793	0.023087987929
3130.91123857	0.0230875342433
3131.22539783	0.0230870840761
3131.5395571	0.0230867297903
3131.85371636	0.0230864390633
3132.16787563	0.0230861306062
3132.48203489	0.0230858526447
3132.79619416	0.0230856952822
3133.11035343	0.023085730801
3133.42451269	0.023085845929
3133.73867196	0.0230859259468
3134.05283122	0.0230860332288
3134.36699049	0.023085837327
3134.68114975	0.0230857197116
3134.99530902	0.0230861177395
3135.30946828	0.0230857952204
3135.62362755	0.0230852304448
3135.93778681	0.0230852125395
3136.25194608	0.0230854197006
3136.56610534	0.0230853838499
3136.88026461	0.023085237253
3137.19442387	0.0230852996086
3137.50858314	0.0230855405728
3137.82274241	0.0230857856836
3138.13690167	0.0230860157114
3138.45106094	0.0230864039801
3138.7652202	0.023086937316
3139.07937947	0.0230874996926
3139.39353873	0.0230878831725
3139.707698	0.0230878148784
3140.02185726	0.0230879932276
3140.33601653	0.0230883669151
3140.65017579	0.0230885592131
3140.96433506	0.0230887391836
3141.27849432	0.0230890665655
3141.59265359	0.0230895882871
3141.90681286	0.0230902002398
3142.22097212	0.023090676886
3142.53513139	0.0230911341094
3142.84929065	0.0230919554592
3143.16344992	0.0230929580944
3143.47760918	0.0230937326379
3143.79176845	0.0230943126602
3144.10592771	0.0230950199936
3144.42008698	0.0230957955683
3144.73424624	0.023096360728
3145.04840551	0.0230969798053
3145.36256477	0.0230977740196
3145.67672404	0.0230985118103
3145.99088331	0.0230991488337
3146.30504257	0.0230998695345
3146.61920184	0.023100783831
3146.9333611	0.0231016172702
3147.24752037	0.0231021668708
3147.56167963	0.0231027030966
3147.8758389	0.0231031849767
3148.18999816	0.0231036961217
3148.50415743	0.0231042717894
3148.81831669	0.0231046184527
3149.13247596	0.023104840302
3149.44663522	0.0231052270541
3149.76079449	0.0231057381611
3150.07495375	0.0231061910866
3150.38911302	0.0231065792169
3150.70327229	0.0231069674818
3151.01743155	0.0231073184263
3151.33159082	0.0231076055823
3151.64575008	0.0231078516243
3151.95990935	0.0231079962476
3152.27406861	0.0231081228843
3152.58822788	0.0231082865613
3152.90238714	0.0231084277724
3153.21654641	0.0231083245049
3153.53070567	0.0231079696742
3153.84486494	0.0231077525288
3154.1590242	0.0231074151783
3154.47318347	0.0231069049783
3154.78734274	0.0231064080638
3155.101502	0.0231058276457
3155.41566127	0.0231052420011
3155.72982053	0.0231047772981
3156.0439798	0.0231042475541
3156.35813906	0.0231036242665
3156.67229833	0.0231032074329
3156.98645759	0.0231029331724
3157.30061686	0.0231025130409
3157.61477612	0.0231019073462
3157.92893539	0.0231012591206
3158.24309465	0.0231005253457
3158.55725392	0.0230996294326
3158.87141318	0.0230987220659
3159.18557245	0.0230979111154
3159.49973172	0.0230971189192
3159.81389098	0.0230962994187
3160.12805025	0.0230955066234
3160.44220951	0.0230948048894
3160.75636878	0.0230941001818
3161.07052804	0.0230931563443
3161.38468731	0.0230920411975
3161.69884657	0.0230910100923
3162.01300584	0.0230900364795
3162.3271651	0.0230889326728
3162.64132437	0.0230877178794
3162.95548363	0.0230864932536
3163.2696429	0.0230853715743
3163.58380217	0.0230843139432
3163.89796143	0.0230832472647
3164.2121207	0.0230822074666
3164.52627996	0.0230812031893
3164.84043923	0.0230802583209
3165.15459849	0.0230793961423
3165.46875776	0.0230786040501
3165.78291702	0.0230777880307
3166.09707629	0.0230770045314
3166.41123555	0.0230761989874
3166.72539482	0.0230750079014
3167.03955408	0.0230736680078
3167.35371335	0.0230725423221
3167.66787261	0.0230714868898
3167.98203188	0.0230705345523
3168.29619115	0.0230694405168
3168.61035041	0.0230682508552
3168.92450968	0.0230674236857
3169.23866894	0.0230667976233
3169.55282821	0.0230659626811
3169.86698747	0.0230651612738
3170.18114674	0.0230646394648
3170.495306	0.0230642797015
3170.80946527	0.0230639330604
3171.12362453	0.0230635444492
3171.4377838	0.023063121541
3171.75194306	0.0230626670013
3172.06610233	0.0230621997904
3172.3802616	0.0230617471833
3172.69442086	0.0230613576144
3173.00858013	0.0230610463988
3173.32273939	0.0230607696487
3173.63689866	0.0230605294412
3173.95105792	0.0230604658442
3174.26521719	0.0230605623053
3174.57937645	0.0230605396091
3174.89353572	0.0230603879052
3175.20769498	0.0230602331962
3175.52185425	0.0230600714265
3175.83601351	0.0230600137189
3176.15017278	0.0230600401499
3176.46433204	0.0230598755613
3176.77849131	0.0230596595148
3177.09265058	0.0230597404339
3177.40680984	0.0230599653579
3177.72096911	0.0230600789514
3178.03512837	0.0230601720559
3178.34928764	0.0230604654861
3178.6634469	0.0230609231632
3178.97760617	0.0230613719928
3179.29176543	0.0230617853579
3179.6059247	0.0230621803911
3179.92008396	0.0230624045845
3180.23424323	0.0230625929238
3180.54840249	0.0230628096631
3180.86256176	0.0230629031544
3181.17672103	0.0230630843842
3181.49088029	0.0230634510032
3181.80503956	0.0230637248728
3182.11919882	0.0230639226258
3182.43335809	0.0230642878663
3182.74751735	0.0230648449192
3183.06167662	0.0230653867232
3183.37583588	0.0230658108004
3183.68999515	0.0230663459454
3184.00415441	0.0230670857916
3184.31831368	0.0230677513965
3184.63247294	0.0230682140602
3184.94663221	0.023068792705
3185.26079147	0.0230693002563
3185.57495074	0.0230698015976
3185.88911001	0.0230704229543
3186.20326927	0.0230711740903
3186.51742854	0.0230719133271
3186.8315878	0.0230726204545
3187.14574707	0.0230735765665
3187.45990633	0.0230746808037
3187.7740656	0.0230755810751
3188.08822486	0.0230759845073
3188.40238413	0.0230764210769
3188.71654339	0.0230771416392
3189.03070266	0.0230775296313
3189.34486192	0.0230778439404
3189.65902119	0.0230782154465
3189.97318046	0.0230786442443
3190.28733972	0.0230790359719
3190.60149899	0.023079349268
3190.91565825	0.023079719283
3191.22981752	0.0230802822096
3191.54397678	0.0230808975926
3191.85813605	0.0230814415726
3192.17229531	0.0230819999932
3192.48645458	0.0230825551051
3192.80061384	0.0230829319671
3193.11477311	0.0230830669978
3193.42893237	0.0230830887039
3193.74309164	0.0230830972447
3194.0572509	0.023083055781
3194.37141017	0.0230829568076
3194.68556944	0.0230828644335
3194.9997287	0.0230827950679
3195.31388797	0.0230827862139
3195.62804723	0.0230827500172
3195.9422065	0.0230826407685
3196.25636576	0.0230825480902
3196.57052503	0.0230823896178
3196.88468429	0.0230823422956
3197.19884356	0.0230821406847
3197.51300282	0.0230817750931
3197.82716209	0.0230816510586
3198.14132135	0.023081377867
3198.45548062	0.0230807991891
3198.76963989	0.0230803791781
3199.08379915	0.0230799318082
3199.39795842	0.0230793387418
3199.71211768	0.0230788595817
3200.02627695	0.0230785116405
3200.34043621	0.0230781122719
3200.65459548	0.02307775095
3200.96875474	0.0230775031473
3201.28291401	0.0230772073829
3201.59707327	0.0230764827727
3201.91123254	0.0230755989883
3202.2253918	0.0230751129477
3202.53955107	0.023074208627
3202.85371034	0.0230731205223
3203.1678696	0.0230722855264
3203.48202887	0.0230715775765
3203.79618813	0.0230707465927
3204.1103474	0.0230697782708
3204.42450666	0.0230689192328
3204.73866593	0.0230682900041
3205.05282519	0.0230677265718
3205.36698446	0.0230670427472
3205.68114372	0.0230663167208
3205.99530299	0.023065582649
3206.30946225	0.0230646656156
3206.62362152	0.0230636362161
3206.93778078	0.023062619697
3207.25194005	0.0230615213146
3207.56609932	0.023060365796
3207.88025858	0.0230592121173
3208.19441785	0.0230580985204
3208.50857711	0.0230571130569
3208.82273638	0.0230562238784
3209.13689564	0.0230552166467
3209.45105491	0.023054162742
3209.76521417	0.0230529871433
3210.07937344	0.023052022549
3210.3935327	0.0230512626799
3210.70769197	0.02305005119
3211.02185123	0.0230488390072
3211.3360105	0.023048013886
3211.65016977	0.0230472404586
3211.96432903	0.0230463137411
3212.2784883	0.0230454176246
3212.59264756	0.0230446790793
3212.90680683	0.0230440128339
3213.22096609	0.0230433107637
3213.53512536	0.0230426697472
3213.84928462	0.0230421668959
3214.16344389	0.023041671387
3214.47760315	0.0230411532947
3214.79176242	0.0230408712571
3215.10592168	0.0230406907496
3215.42008095	0.0230402716174
3215.73424021	0.0230398329857
3216.04839948	0.0230394557107
3216.36255875	0.0230391069606
3216.67671801	0.0230388367367
3216.99087728	0.0230384834574
3217.30503654	0.0230381129858
3217.61919581	0.0230378109176
3217.93335507	0.0230375540298
3218.24751434	0.0230374073701
3218.5616736	0.0230374625019
3218.87583287	0.0230375212259
3219.18999213	0.023037575802
3219.5041514	0.023037725226
3219.81831066	0.0230379149976
3220.13246993	0.0230381235377
3220.4466292	0.0230383393676
3220.76078846	0.0230383276071
3221.07494773	0.0230381898292
3221.38910699	0.0230381969194
3221.70326626	0.0230382895435
3222.01742552	0.0230383191424
3222.33158479	0.0230383761948
3222.64574405	0.0230386179258
3222.95990332	0.0230388329908
3223.27406258	0.0230389665744
3223.58822185	0.0230390841938
3223.90238111	0.0230392724464
3224.21654038	0.0230394924741
3224.53069964	0.0230394806222
3224.84485891	0.0230394603854
3225.15901818	0.0230396661247
3225.47317744	0.0230399007599
3225.78733671	0.0230400252082
3226.10149597	0.0230401511808
3226.41565524	0.0230403895357
3226.7298145	0.0230406935521
3227.04397377	0.0230410031502
3227.35813303	0.0230413969594
3227.6722923	0.0230418851494
3227.98645156	0.0230424390161
3228.30061083	0.0230430515766
3228.61477009	0.0230437789806
3228.92892936	0.023044125452
3229.24308863	0.0230439337116
3229.55724789	0.0230442552123
3229.87140716	0.0230445450079
3230.18556642	0.0230445148946
3230.49972569	0.0230446347854
3230.81388495	0.0230449797007
3231.12804422	0.0230452558416
3231.44220348	0.0230454949846
3231.75636275	0.0230458470551
3232.07052201	0.0230463533391
3232.38468128	0.0230469551937
3232.69884054	0.023047502071
3233.01299981	0.0230480091787
3233.32715907	0.0230484553904
3233.64131834	0.0230488377029
3233.95547761	0.0230491642582
3234.26963687	0.0230492731222
3234.58379614	0.0230492916092
3234.8979554	0.0230493805561
3235.21211467	0.0230495002021
3235.52627393	0.0230495432972
3235.8404332	0.0230495942596
3236.15459246	0.0230499129253
3236.46875173	0.0230502753472
3236.78291099	0.0230505176079
3237.09707026	0.0230506711908
3237.41122952	0.0230507810655
3237.72538879	0.0230509526857
3238.03954806	0.0230512427863
3238.35370732	0.0230511879968
3238.66786659	0.0230509981511
3238.98202585	0.0230510715783
3239.29618512	0.0230513466513
3239.61034438	0.023051435755
3239.92450365	0.023051409844
3240.23866291	0.0230514982752
3240.55282218	0.0230517119004
3240.86698144	0.0230520256742
3241.18114071	0.0230523485323
3241.49529997	0.0230527377261
3241.80945924	0.0230531092031
3242.1236185	0.0230531589395
3242.43777777	0.0230530405867
3242.75193704	0.0230530149663
3243.0660963	0.0230528346477
3243.38025557	0.023052700307
3243.69441483	0.0230525819372
3244.0085741	0.0230523269814
3244.32273336	0.0230521182992
3244.63689263	0.0230520733909
3244.95105189	0.0230519342066
3245.26521116	0.0230516266999
3245.57937042	0.023051428663
3245.89352969	0.0230514704469
3246.20768895	0.023051560306
3246.52184822	0.023051273809
3246.83600749	0.0230507770432
3247.15016675	0.0230503690374
3247.46432602	0.023049711281
3247.77848528	0.023049023683
3248.09264455	0.0230484626185
3248.40680381	0.0230477947931
3248.72096308	0.0230470873118
3249.03512234	0.0230466421863
3249.34928161	0.0230463422597
3249.66344087	0.0230458850424
3249.97760014	0.023045240803
3250.2917594	0.0230444383076
3250.60591867	0.0230436180152
3250.92007793	0.023042690252
3251.2342372	0.0230416471304
3251.54839647	0.0230406293787
3251.86255573	0.023039585389
3252.176715	0.0230385536577
3252.49087426	0.0230375387629
3252.80503353	0.0230365916293
3253.11919279	0.0230357096629
3253.43335206	0.0230348256156
3253.74751132	0.0230339793155
3254.06167059	0.0230333414435
3254.37582985	0.0230328933812
3254.68998912	0.0230323563562
3255.00414838	0.0230317946683
3255.31830765	0.023031336568
3255.63246692	0.0230307466175
3255.94662618	0.0230296281032
3256.26078545	0.0230285925587
3256.57494471	0.0230278873719
3256.88910398	0.0230270923258
3257.20326324	0.023026251268
3257.51742251	0.02302551605
3257.83158177	0.0230248664554
3258.14574104	0.0230242170596
3258.4599003	0.0230236560367
3258.77405957	0.0230232339035
3259.08821883	0.0230227546804
3259.4023781	0.0230223271076
3259.71653736	0.0230222014115
3260.03069663	0.0230221620365
3260.3448559	0.0230219043237
3260.65901516	0.0230213585054
3260.97317443	0.0230208449947
3261.28733369	0.0230204706035
3261.60149296	0.0230199357552
3261.91565222	0.0230193315607
3262.22981149	0.0230189586805
3262.54397075	0.0230187711585
3262.85813002	0.0230185826474
3263.17228928	0.0230183814463
3263.48644855	0.0230181241308
3263.80060781	0.0230177089897
3264.11476708	0.023017353634
3264.42892635	0.0230171090353
3264.74308561	0.0230165380027
3265.05724488	0.0230159520212
3265.37140414	0.023015636561
3265.68556341	0.0230152845765
3265.99972267	0.0230147799085
3266.31388194	0.0230143855519
3266.6280412	0.0230142057765
3266.94220047	0.0230141156979
3267.25635973	0.0230140988968
3267.570519	0.0230141908917
3267.88467826	0.0230143162073
3268.19883753	0.0230144030834
3268.5129968	0.0230144836874
3268.82715606	0.0230143852967
3269.14131533	0.0230142281345
3269.45547459	0.0230140375342
3269.76963386	0.0230137508483
3270.08379312	0.0230135434532
3270.39795239	0.0230134877839
3270.71211165	0.0230135297176
3271.02627092	0.0230135406849
3271.34043018	0.0230135158215
3271.65458945	0.023013474577
3271.96874871	0.023013635059
3272.28290798	0.0230140464017
3272.59706724	0.0230141386357
3272.91122651	0.0230141427354
3273.22538578	0.0230145087266
3273.53954504	0.0230150458956
3273.85370431	0.0230153133032
3274.16786357	0.023015464895
3274.48202284	0.0230157570328
3274.7961821	0.0230159860394
3275.11034137	0.0230161728243
3275.42450063	0.0230165154212
3275.7386599	0.0230169087417
3276.05281916	0.0230172089643
3276.36697843	0.0230175491035
3276.68113769	0.0230179693696
3276.99529696	0.023018340228
3277.30945623	0.0230186787155
3277.62361549	0.0230190236445
3277.93777476	0.0230193581221
3278.25193402	0.0230195462245
3278.56609329	0.0230197122887
3278.88025255	0.023020038743
3279.19441182	0.0230203024353
3279.50857108	0.023020359881
3279.82273035	0.0230204455301
3280.13688961	0.0230206818813
3280.45104888	0.0230209398161
3280.76520814	0.0230211715053
3281.07936741	0.0230215036421
3281.39352667	0.0230218493445
3281.70768594	0.0230221568035
3282.02184521	0.0230224618475
3282.33600447	0.0230229177102
3282.65016374	0.0230233917818
3282.964323	0.0230235311377
3283.27848227	0.0230235058804
3283.59264153	0.0230236656076
3283.9068008	0.023023926342
3284.22096006	0.0230240591963
3284.53511933	0.0230241427203
3284.84927859	0.0230243880077
3285.16343786	0.0230246941519
3285.47759712	0.0230249631185
3285.79175639	0.0230252981073
3286.10591566	0.0230257284295
3286.42007492	0.0230257985971
3286.73423419	0.0230259115033
3287.04839345	0.023026304027
3287.36255272	0.0230265739558
3287.67671198	0.023026591877
3287.99087125	0.0230266554057
3288.30503051	0.02302670062
3288.61918978	0.0230266629219
3288.93334904	0.0230266512436
3289.24750831	0.0230267079243
3289.56166757	0.0230267413393
3289.87582684	0.0230267666849
3290.1899861	0.0230268218404
3290.50414537	0.0230270162209
3290.81830464	0.0230273263347
3291.1324639	0.0230273393616
3291.44662317	0.0230265586939
3291.76078243	0.0230261990911
3292.0749417	0.0230259416713
3292.38910096	0.0230250326168
3292.70326023	0.023024269494
3293.01741949	0.0230238378814
3293.33157876	0.0230232013707
3293.64573802	0.0230224468812
3293.95989729	0.0230219196036
3294.27405655	0.0230215469454
3294.58821582	0.0230211215949
3294.90237509	0.0230205984035
3295.21653435	0.0230200965228
3295.53069362	0.0230195698364
3295.84485288	0.0230189322054
3296.15901215	0.0230182705559
3296.47317141	0.0230174212264
3296.78733068	0.0230163558081
3297.10148994	0.0230153389668
3297.41564921	0.0230145008447
3297.72980847	0.0230136130516
3298.04396774	0.023012675667
3298.358127	0.0230119122346
3298.67228627	0.0230112992052
3298.98644553	0.023010628485
3299.3006048	0.0230098771022
3299.61476407	0.0230091653166
3299.92892333	0.0230086884528
3300.2430826	0.0230080396511
3300.55724186	0.0230071836684
3300.87140113	0.0230064948406
3301.18556039	0.0230058911596
3301.49971966	0.0230053113817
3301.81387892	0.0230045209133
3302.12803819	0.0230037569821
3302.44219745	0.0230032603918
3302.75635672	0.0230028158565
3303.07051598	0.0230023129405
3303.38467525	0.0230019549172
3303.69883452	0.0230018214707
3304.01299378	0.02300161089
3304.32715305	0.0230010175665
3304.64131231	0.0230003440692
3304.95547158	0.0229998099482
3305.26963084	0.0229992039189
3305.58379011	0.0229985739736
3305.89794937	0.0229979410832
3306.21210864	0.0229973536457
3306.5262679	0.0229968528778
3306.84042717	0.0229964177066
3307.15458643	0.022995921993
3307.4687457	0.0229954439123
3307.78290496	0.022995189124
3308.09706423	0.0229950710834
3308.4112235	0.0229948961562
3308.72538276	0.0229946760053
3309.03954203	0.0229941425108
3309.35370129	0.0229936303596
3309.66786056	0.0229932409619
3309.98201982	0.0229926878134
3310.29617909	0.0229920999308
3310.61033835	0.0229915251475
3310.92449762	0.0229911514347
3311.23865688	0.0229911388986
3311.55281615	0.0229911740003
3311.86697541	0.0229910583381
3312.18113468	0.022990906082
3312.49529395	0.0229908122375
3312.80945321	0.0229905904769
3313.12361248	0.0229901972598
3313.43777174	0.0229898814333
3313.75193101	0.0229895663571
3314.06609027	0.0229891703827
3314.38024954	0.0229888481568
3314.6944088	0.0229886319882
3315.00856807	0.0229884710712
3315.32272733	0.022988343301
3315.6368866	0.0229882684196
3315.95104586	0.0229882913567
3316.26520513	0.0229884521997
3316.57936439	0.0229887191695
3316.89352366	0.0229890120736
3317.20768293	0.0229893622797
3317.52184219	0.0229898561175
3317.83600146	0.0229902905497
3318.15016072	0.0229902906753
3318.46431999	0.0229897616218
3318.77847925	0.0229899757238
3319.09263852	0.0229901692031
3319.40679778	0.0229899994628
3319.72095705	0.0229900393745
3320.03511631	0.0229902336452
3320.34927558	0.0229904023534
3320.66343484	0.0229906653832
3320.97759411	0.022990945316
3321.29175338	0.022991259972
3321.60591264	0.022991788184
3321.92007191	0.0229925316676
3322.23423117	0.0229932530856
3322.54839044	0.0229938885461
3322.8625497	0.0229943869601
3323.17670897	0.0229947329942
3323.49086823	0.0229949897617
3323.8050275	0.0229953116393
3324.11918676	0.0229955957929
3324.43334603	0.022995803851
3324.74750529	0.0229962393261
3325.06166456	0.0229968657704
3325.37582383	0.0229974180794
3325.68998309	0.0229978128182
3326.00414236	0.0229981857983
3326.31830162	0.0229985677171
3326.63246089	0.0229990109484
3326.94662015	0.0229994658123
3327.26077942	0.0229996947503
3327.57493868	0.0229999209627
3327.88909795	0.0230002735749
3328.20325721	0.0230005659531
3328.51741648	0.0230007978094
3328.83157574	0.0230011419989
3329.14573501	0.023001579657
3329.45989427	0.0230020300487
3329.77405354	0.0230025447005
3330.08821281	0.0230031584271
3330.40237207	0.0230037113111
3330.71653134	0.0230041845775
3331.0306906	0.0230046802311
3331.34484987	0.0230049172243
3331.65900913	0.0230047826546
3331.9731684	0.0230046989683
3332.28732766	0.0230047417032
3332.60148693	0.0230047061076
3332.91564619	0.0230045850329
3333.22980546	0.0230045365447
3333.54396472	0.0230044259469
3333.85812399	0.0230041882588
3334.17228326	0.0230041583464
3334.48644252	0.0230042262857
3334.80060179	0.0230040092016
3335.11476105	0.0230037838051
3335.42892032	0.0230038467978
3335.74307958	0.0230039638147
3336.05723885	0.0230038240756
3336.37139811	0.0230034457535
3336.68555738	0.0230029563052
3336.99971664	0.0230025075929
3337.31387591	0.0230019385493
3337.62803517	0.0230013405916
3337.94219444	0.0230008305855
3338.2563537	0.0230002703816
3338.57051297	0.0229996138283
3338.88467224	0.0229990623893
3339.1988315	0.0229985824723
3339.51299077	0.0229979581393
3339.82715003	0.0229973602975
3340.1413093	0.0229969079632
3340.45546856	0.0229960708751
3340.76962783	0.022995211661
3341.08378709	0.0229947542608
3341.39794636	0.0229939846359
3341.71210562	0.0229929479005
3342.02626489	0.0229920418194
3342.34042415	0.0229913734932
3342.65458342	0.0229906893365
3342.96874269	0.0229898571267
3343.28290195	0.0229890183731
3343.59706122	0.0229883909286
3343.91122048	0.022987830439
3344.22537975	0.022987113763
3344.53953901	0.0229864075206
3344.85369828	0.0229858450806
3345.16785754	0.0229851807581
3345.48201681	0.0229840952131
3345.79617607	0.0229829728668
3346.11033534	0.0229821708633
3346.4244946	0.0229813039027
3346.73865387	0.0229802555829
3347.05281313	0.022979266332
3347.3669724	0.0229784339949
3347.68113167	0.0229776083769
3347.99529093	0.0229768656346
3348.3094502	0.0229762826773
3348.62360946	0.0229754762423
3348.93776873	0.0229747086509
3349.25192799	0.0229742880572
3349.56608726	0.0229738092523
3349.88024652	0.0229729826524
3350.19440579	0.0229720749136
3350.50856505	0.0229712824532
3350.82272432	0.0229703804238
3351.13688358	0.0229695118184
3351.45104285	0.0229687874168
3351.76520212	0.0229681281905
3352.07936138	0.0229674750114
3352.39352065	0.0229668838957
3352.70767991	0.0229664967897
3353.02183918	0.0229663437396
3353.33599844	0.0229661350056
3353.65015771	0.022965480029
3353.96431697	0.0229646572418
3354.27847624	0.0229643349966
3354.5926355	0.0229637118015
3354.90679477	0.0229629550965
3355.22095403	0.0229624418617
3355.5351133	0.0229620322228
3355.84927256	0.0229616650733
3356.16343183	0.0229614591285
3356.4775911	0.0229613780059
3356.79175036	0.0229613335584
3357.10590963	0.0229613998252
3357.42006889	0.0229615815103
3357.73422816	0.022961688948
3358.04838742	0.0229617943144
3358.36254669	0.022962072977
3358.67670595	0.0229622786489
3358.99086522	0.0229620485036
3359.30502448	0.022961810668
3359.61918375	0.0229619151377
3359.93334301	0.0229619422331
3360.24750228	0.0229618461598
3360.56166155	0.0229619278004
3360.87582081	0.0229620643812
3361.18998008	0.0229621616242
3361.50413934	0.0229624234144
3361.81829861	0.0229627630569
3362.13245787	0.0229629727073
3362.44661714	0.0229631907527
3362.7607764	0.0229636345267
3363.07493567	0.0229642177966
3363.38909493	0.0229645701685
3363.7032542	0.0229647904328
3364.01741346	0.0229650741084
3364.33157273	0.0229651951401
3364.64573199	0.0229654476259
3364.95989126	0.0229659389972
3365.27405053	0.0229663833332
3365.58820979	0.0229667871301
3365.90236906	0.0229674372634
3366.21652832	0.022968212096
3366.53068759	0.0229690107144
3366.84484685	0.0229696566514
3367.15900612	0.0229697957551
3367.47316538	0.0229703133566
3367.78732465	0.022970853996
3368.10148391	0.0229710459416
3368.41564318	0.0229714550213
3368.72980244	0.0229721653184
3369.04396171	0.0229726262429
3369.35812098	0.0229730386361
3369.67228024	0.0229737885976
3369.98643951	0.0229746631289
3370.30059877	0.0229755074089
3370.61475804	0.0229763038674
3370.9289173	0.0229771697841
3371.24307657	0.0229780276907
3371.55723583	0.0229786592186
3371.8713951	0.0229792773855
3372.18555436	0.0229797844959
3372.49971363	0.0229801289061
3372.81387289	0.0229804443558
3373.12803216	0.0229807017004
3373.44219142	0.0229811717517
3373.75635069	0.0229818919055
3374.07050996	0.0229824713153
3374.38466922	0.0229828714756
3374.69882849	0.0229832757749
3375.01298775	0.0229837317481
3375.32714702	0.0229839211436
3375.64130628	0.0229841584564
3375.95546555	0.0229841585296
3376.26962481	0.0229839074393
3376.58378408	0.0229838225298
3376.89794334	0.0229838961766
3377.21210261	0.0229837474851
3377.52626187	0.0229834216891
3377.84042114	0.0229831981086
3378.15458041	0.0229830533777
3378.46873967	0.02298289616
3378.78289894	0.0229827755427
3379.0970582	0.022982623386
3379.41121747	0.0229824711437
3379.72537673	0.0229824611426
3380.039536	0.0229824807123
3380.35369526	0.0229822785622
3380.66785453	0.0229814804314
3380.98201379	0.0229807261386
3381.29617306	0.0229803346399
3381.61033232	0.0229795657678
3381.92449159	0.0229786930611
3382.23865086	0.0229780386076
3382.55281012	0.0229774034281
3382.86696939	0.0229766451824
3383.18112865	0.02297591287
3383.49528792	0.0229753008588
3383.80944718	0.0229747970386
3384.12360645	0.0229744132764
3384.43776571	0.0229740901639
3384.75192498	0.0229737630521
3385.06608424	0.0229734276469
3385.38024351	0.0229728948832
3385.69440277	0.0229721344028
3386.00856204	0.0229712637878
3386.3227213	0.0229703275389
3386.63688057	0.0229693780295
3386.95103984	0.0229684233469
3387.2651991	0.0229676837376
3387.57935837	0.0229669359896
3387.89351763	0.0229659648257
3388.2076769	0.0229650374028
3388.52183616	0.0229642374056
3388.83599543	0.0229632002054
3389.15015469	0.0229622599195
3389.46431396	0.0229615318182
3389.77847322	0.0229603773467
3390.09263249	0.0229591537197
3390.40679175	0.0229582317608
3390.72095102	0.0229572460565
3391.03511029	0.0229561147456
3391.34926955	0.02295495237
3391.66342882	0.022953879859
3391.97758808	0.0229529929336
3392.29174735	0.022952150046
3392.60590661	0.0229512583888
3392.92006588	0.0229504900596
3393.23422514	0.0229498381709
3393.54838441	0.0229492141498
3393.86254367	0.0229483467941
3394.17670294	0.0229469487907
3394.4908622	0.0229459719893
3394.80502147	0.0229451700407
3395.11918073	0.0229440792531
3395.43334	0.0229430521081
3395.74749927	0.0229421803626
3396.06165853	0.0229414731845
3396.3758178	0.0229408453547
3396.68997706	0.0229401320044
3397.00413633	0.0229395068961
3397.31829559	0.0229391899736
3397.63245486	0.0229390729229
3397.94661412	0.0229389360273
3398.26077339	0.0229387447369
3398.57493265	0.0229385351865
3398.88909192	0.0229382984673
3399.20325118	0.0229379216048
3399.51741045	0.0229376366445
3399.83156972	0.0229373284059
3400.14572898	0.0229370449842
3400.45988825	0.0229369168483
3400.77404751	0.0229367927254
3401.08820678	0.0229367722536
3401.40236604	0.0229368545876
3401.71652531	0.0229368421354
3402.03068457	0.0229369101683
3402.34484384	0.0229370783926
3402.6590031	0.0229371143947
3402.97316237	0.0229372364018
3403.28732163	0.0229375564629
3403.6014809	0.0229376351977
3403.91564016	0.0229376310058
3404.22979943	0.0229378612032
3404.5439587	0.0229381006924
3404.85811796	0.0229383260483
3405.17227723	0.0229385540458
3405.48643649	0.0229387632074
3405.80059576	0.0229390529043
3406.11475502	0.0229394863354
3406.42891429	0.0229399611325
3406.74307355	0.0229404205796
3407.05723282	0.0229409330675
3407.37139208	0.0229414217198
3407.68555135	0.0229416459463
3407.99971061	0.0229417584795
3408.31386988	0.0229421159882
3408.62802915	0.0229423928532
3408.94218841	0.0229425418837
3409.25634768	0.0229428035974
3409.57050694	0.0229431812727
3409.88466621	0.0229436621946
3410.19882547	0.0229441527254
3410.51298474	0.0229446280699
3410.827144	0.0229452794268
3411.14130327	0.0229461328674
3411.45546253	0.0229470067654
3411.7696218	0.0229478683113
3412.08378106	0.0229486414865
3412.39794033	0.0229492462578
3412.71209959	0.0229498020265
3413.02625886	0.0229502063473
3413.34041813	0.0229505781421
3413.65457739	0.0229511059697
3413.96873666	0.02295170248
3414.28289592	0.0229522426372
3414.59705519	0.0229527563612
3414.91121445	0.022953388215
3415.22537372	0.0229542061231
3415.53953298	0.0229550579691
3415.85369225	0.0229557487315
3416.16785151	0.0229560889311
3416.48201078	0.0229564108043
3416.79617004	0.0229570380259
3417.11032931	0.0229572428085
3417.42448858	0.022957133611
3417.73864784	0.0229572524885
3418.05280711	0.0229576435756
3418.36696637	0.0229579147504
3418.68112564	0.0229580089022
3418.9952849	0.022958169962
3419.30944417	0.0229584522739
3419.62360343	0.0229587791795
3419.9377627	0.0229590044517
3420.25192196	0.0229591540353
3420.56608123	0.0229593723635
3420.88024049	0.0229595729975
3421.19439976	0.0229594240566
3421.50855902	0.0229589267217
3421.82271829	0.0229586817332
3422.13687756	0.0229584434242
3422.45103682	0.0229579448476
3422.76519609	0.0229574341114
3423.07935535	0.0229570406027
3423.39351462	0.0229566027055
3423.70767388	0.0229563247063
3424.02183315	0.0229559842585
3424.33599241	0.022955466898
3424.65015168	0.0229551763214
3424.96431094	0.0229551116627
3425.27847021	0.0229549177349
3425.59262947	0.0229546122799
3425.90678874	0.0229540891665
3426.22094801	0.0229536339596
3426.53510727	0.0229529709105
3426.84926654	0.0229521698265
3427.1634258	0.0229516103136
3427.47758507	0.022951132058
3427.79174433	0.0229505517085
3428.1059036	0.0229498878643
3428.42006286	0.0229494017321
3428.73422213	0.0229492483536
3429.04838139	0.0229490817673
3429.36254066	0.02294842071
3429.67669992	0.0229473804222
3429.99085919	0.0229470189032
3430.30501845	0.0229461074446
3430.61917772	0.0229450623202
3430.93333699	0.0229443683111
3431.24749625	0.0229435859525
3431.56165552	0.0229426680931
3431.87581478	0.0229419561065
3432.18997405	0.0229413504375
3432.50413331	0.0229406550712
3432.81829258	0.0229399628761
3433.13245184	0.0229393583368
3433.44661111	0.0229387735885
3433.76077037	0.0229381266627
3434.07492964	0.0229374671948
3434.3890889	0.0229368451281
3434.70324817	0.0229359926324
3435.01740744	0.0229347699118
3435.3315667	0.0229337742224
3435.64572597	0.0229328230872
3435.95988523	0.0229318897946
3436.2740445	0.022931049207
3436.58820376	0.0229301812058
3436.90236303	0.0229293022397
3437.21652229	0.022928584274
3437.53068156	0.0229279785787
3437.84484082	0.0229271867532
3438.15900009	0.0229263164099
3438.47315935	0.0229256120456
3438.78731862	0.0229249285855
3439.10147789	0.0229241180111
3439.41563715	0.0229232975847
3439.72979642	0.0229225378855
3440.04395568	0.0229217987301
3440.35811495	0.0229210896901
3440.67227421	0.0229204401733
3440.98643348	0.0229198789138
3441.30059274	0.0229193997349
3441.61475201	0.0229189697487
3441.92891127	0.0229186080249
3442.24307054	0.0229185392215
3442.5572298	0.0229185290274
3442.87138907	0.0229181885509
3443.18554833	0.0229177078349
3443.4997076	0.0229172270865
3443.81386687	0.0229168107081
3444.12802613	0.0229163608491
3444.4421854	0.0229159697165
3444.75634466	0.0229156821605
3445.07050393	0.0229153613913
3445.38466319	0.0229151348301
3445.69882246	0.0229151198869
3446.01298172	0.0229152006396
3446.32714099	0.0229153019594
3446.64130025	0.0229155417743
3446.95545952	0.0229159870895
3447.26961878	0.0229164708955
3447.58377805	0.022916871035
3447.89793732	0.0229172105255
3448.21209658	0.0229174958471
3448.52625585	0.022917562838
3448.84041511	0.0229174382749
3449.15457438	0.0229174380493
3449.46873364	0.0229177609888
3449.78289291	0.0229181857624
3450.09705217	0.0229183284365
3450.41121144	0.0229184595036
3450.7253707	0.0229187861488
3451.03952997	0.0229191841023
3451.35368923	0.0229196151796
3451.6678485	0.0229200261187
3451.98200776	0.0229202711552
3452.29616703	0.0229206241383
3452.6103263	0.0229211969387
3452.92448556	0.0229216300186
3453.23864483	0.0229218963838
3453.55280409	0.0229221902186
3453.86696336	0.0229225380923
3454.18112262	0.022922984247
3454.49528189	0.0229234886958
3454.80944115	0.0229239669189
3455.12360042	0.0229245727464
3455.43775968	0.0229254044469
3455.75191895	0.0229262039617
3456.06607821	0.0229268509823
3456.38023748	0.0229270521495
3456.69439675	0.0229272011446
3457.00855601	0.0229277431595
3457.32271528	0.0229278045236
3457.63687454	0.0229278707959
3457.95103381	0.0229282527713
3458.26519307	0.0229285585295
3458.57935234	0.0229287639219
3458.8935116	0.0229290284877
3459.20767087	0.0229294085103
3459.52183013	0.0229299115922
3459.8359894	0.0229304955958
3460.15014866	0.0229311006308
3460.46430793	0.0229316948111
3460.77846719	0.0229322496645
3461.09262646	0.0229326558716
3461.40678573	0.022932954848
3461.72094499	0.0229330505053
3462.03510426	0.022933129882
3462.34926352	0.0229331386902
3462.66342279	0.0229331073229
3462.97758205	0.0229331255452
3463.29174132	0.0229331851748
3463.60590058	0.0229332236714
3463.92005985	0.0229331647098
3464.23421911	0.022933126092
3464.54837838	0.0229331598376
3464.86253764	0.0229331361448
3465.17669691	0.0229330486002
3465.49085618	0.0229330771878
3465.80501544	0.0229329744409
3466.11917471	0.022932786069
3466.43333397	0.0229326795838
3466.74749324	0.0229324368194
3467.0616525	0.0229320665251
3467.37581177	0.0229317735409
3467.68997103	0.022931425887
3468.0041303	0.0229309983338
3468.31828956	0.0229306171535
3468.63244883	0.0229303415546
3468.94660809	0.0229301368824
3469.26076736	0.0229299203337
3469.57492662	0.0229295185634
3469.88908589	0.0229288972151
3470.20324516	0.0229282499524
3470.51740442	0.022927676599
3470.83156369	0.0229268730592
3471.14572295	0.0229260529198
3471.45988222	0.0229253370719
3471.77404148	0.0229245510429
3472.08820075	0.022923804165
3472.40236001	0.0229231921108
3472.71651928	0.022922507884
3473.03067854	0.0229218741572
3473.34483781	0.0229215346788
3473.65899707	0.0229212658338
3473.97315634	0.0229208886132
3474.28731561	0.0229204867643
3474.60147487	0.0229199087122
3474.91563414	0.0229191448381
3475.2297934	0.022918403126
3475.54395267	0.0229174683267
3475.85811193	0.0229165687009
3476.1722712	0.0229158650639
3476.48643046	0.0229151609625
3476.80058973	0.0229143709746
3477.11474899	0.0229136645793
3477.42890826	0.0229131670174
3477.74306752	0.0229127028143
3478.05722679	0.0229122040635
3478.37138605	0.0229116519928
3478.68554532	0.0229107920626
3478.99970459	0.0229102138131
3479.31386385	0.0229095640252
3479.62802312	0.0229084415197
3479.94218238	0.0229074068968
3480.25634165	0.0229067075869
3480.57050091	0.0229060815449
3480.88466018	0.0229052802136
3481.19881944	0.0229044702693
3481.51297871	0.022903847309
3481.82713797	0.0229033485217
3482.14129724	0.0229028602301
3482.4554565	0.0229024108362
3482.76961577	0.0229020526911
3483.08377504	0.0229017786227
3483.3979343	0.0229014215379
3483.71209357	0.0229006558202
3484.02625283	0.0228999579763
3484.3404121	0.0228994828997
3484.65457136	0.02289885077
3484.96873063	0.0228981185708
3485.28288989	0.0228975388792
3485.59704916	0.0228971817495
3485.91120842	0.0228967955378
3486.22536769	0.0228963733947
3486.53952695	0.0228960278909
3486.85368622	0.0228958470968
3487.16784548	0.0228958626362
3487.48200475	0.0228959399645
3487.79616402	0.0228959736776
3488.11032328	0.0228960619439
3488.42448255	0.0228959808487
3488.73864181	0.0228959396744
3489.05280108	0.0228957803849
3489.36696034	0.0228954795757
3489.68111961	0.0228954355937
3489.99527887	0.0228955226045
3490.30943814	0.0228954922139
3490.6235974	0.0228954345021
3490.93775667	0.0228956438321
3491.25191593	0.0228961123203
3491.5660752	0.0228965299199
3491.88023447	0.0228965175274
3492.19439373	0.0228964144511
3492.508553	0.0228969388776
3492.82271226	0.0228969221001
3493.13687153	0.0228967546908
3493.45103079	0.022896948137
3493.76519006	0.0228972029096
3494.07934932	0.0228973860916
3494.39350859	0.0228976686304
3494.70766785	0.0228979970774
3495.02182712	0.0228983450967
3495.33598638	0.0228987616692
3495.65014565	0.022899259565
3495.96430491	0.0228997628256
3496.27846418	0.0229003388852
3496.59262345	0.022901012082
3496.90678271	0.0229017037325
3497.22094198	0.0229021004981
3497.53510124	0.0229020862631
3497.84926051	0.0229024704578
3498.16341977	0.0229029121394
3498.47757904	0.0229032257036
3498.7917383	0.0229035054496
3499.10589757	0.0229038282545
3499.42005683	0.0229042763896
3499.7342161	0.0229049727316
3500.04837536	0.0229054627355
3500.36253463	0.0229057864971
3500.6766939	0.0229064183398
3500.99085316	0.0229071820989
3501.30501243	0.0229076798254
3501.61917169	0.0229078907517
3501.93333096	0.0229082301523
3502.24749022	0.0229085054788
3502.56164949	0.0229086441844
3502.87580875	0.022908842418
3503.18996802	0.022909106636
3503.50412728	0.0229093641004
3503.81828655	0.0229095979747
3504.13244581	0.0229098486047
3504.44660508	0.0229101952198
3504.76076435	0.0229107913762
3505.07492361	0.0229112509707
3505.38908288	0.0229112069859
3505.70324214	0.0229112708119
3506.01740141	0.0229111731875
3506.33156067	0.0229111083026
3506.64571994	0.0229109678024
3506.9598792	0.0229106900514
3507.27403847	0.0229105214706
3507.58819773	0.0229103581521
3507.902357	0.0229101839356
3508.21651626	0.0229100932004
3508.53067553	0.0229100524186
3508.84483479	0.0229099798932
3509.15899406	0.022909957001
3509.47315333	0.0229100974764
3509.78731259	0.0229102192218
3510.10147186	0.0229102261952
3510.41563112	0.0229101993797
3510.72979039	0.0229100094421
3511.04394965	0.0229095364794
3511.35810892	0.0229089785252
3511.67226818	0.0229085157856
3511.98642745	0.0229082079246
3512.30058671	0.022907884966
3512.61474598	0.0229073038772
3512.92890524	0.0229067008565
3513.24306451	0.0229063466195
3513.55722378	0.0229061055644
3513.87138304	0.0229056503278
3514.18554231	0.0229051064242
3514.49970157	0.0229047577825
3514.81386084	0.0229045822812
3515.1280201	0.0229042516861
3515.44217937	0.0229036979522
3515.75633863	0.0229030468785
3516.0704979	0.0229024149281
3516.38465716	0.0229017451761
3516.69881643	0.0229011344918
3517.01297569	0.0229005171416
3517.32713496	0.0228998634967
3517.64129422	0.0228993428133
3517.95545349	0.0228990310842
3518.26961276	0.0228986914496
3518.58377202	0.0228981217367
3518.89793129	0.0228972674196
3519.21209055	0.0228963981828
3519.52624982	0.0228956654653
3519.84040908	0.0228947288214
3520.15456835	0.0228936996418
3520.46872761	0.0228928053269
3520.78288688	0.0228919854982
3521.09704614	0.0228911026708
3521.41120541	0.0228902362765
3521.72536467	0.0228895366767
3522.03952394	0.0228889704496
3522.35368321	0.0228884353794
3522.66784247	0.0228879800182
3522.98200174	0.0228875808773
3523.296161	0.0228871511844
3523.61032027	0.0228866253602
3523.92447953	0.0228860927755
3524.2386388	0.02288551894
3524.55279806	0.0228846291687
3524.86695733	0.0228838229853
3525.18111659	0.0228831983197
3525.49527586	0.0228825625928
3525.80943512	0.0228819156002
3526.12359439	0.0228813326408
3526.43775365	0.0228808146175
3526.75191292	0.022880320039
3527.06607219	0.022879881004
3527.38023145	0.0228796102463
3527.69439072	0.0228793037528
3528.00854998	0.0228789573727
3528.32270925	0.0228788019614
3528.63686851	0.0228788108881
3528.95102778	0.0228787362473
3529.26518704	0.0228784606751
3529.57934631	0.0228781257416
3529.89350557	0.0228779025097
3530.20766484	0.0228776734111
3530.5218241	0.0228773845397
3530.83598337	0.0228770759752
3531.15014264	0.0228769328871
3531.4643019	0.0228769878637
3531.77846117	0.0228770919915
3532.09262043	0.022877018677
3532.4067797	0.0228766673744
3532.72093896	0.0228764731093
3533.03509823	0.022876362697
3533.34925749	0.0228759287138
3533.66341676	0.0228755387782
3533.97757602	0.0228753462926
3534.29173529	0.0228750835406
3534.60589455	0.022874774828
3534.92005382	0.0228745553766
3535.23421308	0.0228744472578
3535.54837235	0.0228744493682
3535.86253162	0.0228745628693
3536.17669088	0.0228747501207
3536.49085015	0.0228749738041
3536.80500941	0.0228752115991
3537.11916868	0.0228753978029
3537.43332794	0.0228754707189
3537.74748721	0.0228753179227
3538.06164647	0.0228749990568
3538.37580574	0.0228748869447
3538.689965	0.0228748719711
3539.00412427	0.022874793686
3539.31828353	0.0228747304762
3539.6324428	0.0228748295931
3539.94660207	0.0228750561544
3540.26076133	0.0228752891894
3540.5749206	0.0228756453423
3540.88907986	0.0228759029117
3541.20323913	0.0228761330053
3541.51739839	0.0228765446665
3541.83155766	0.0228767094469
3542.14571692	0.0228768511508
3542.45987619	0.0228770282848
3542.77403545	0.0228772118852
3543.08819472	0.0228775192215
3543.40235398	0.0228776909474
3543.71651325	0.0228778408593
3544.03067251	0.0228781724913
3544.34483178	0.0228785966745
3544.65899105	0.0228790119868
3544.97315031	0.0228795074245
3545.28730958	0.0228801120437
3545.60146884	0.0228806949323
3545.91562811	0.0228810988964
3546.22978737	0.0228812858206
3546.54394664	0.0228815722323
3546.8581059	0.0228817383908
3547.17226517	0.0228817686976
3547.48642443	0.022881906342
3547.8005837	0.022882108625
3548.11474296	0.0228822884531
3548.42890223	0.022882433534
3548.7430615	0.0228825787794
3549.05722076	0.022882846129
3549.37138003	0.0228832409093
3549.68553929	0.0228836571264
3549.99969856	0.0228840740264
3550.31385782	0.0228844719914
3550.62801709	0.0228848431566
3550.94217635	0.0228850883608
3551.25633562	0.0228853252036
3551.57049488	0.0228852996093
3551.88465415	0.0228851557231
3552.19881341	0.022885249521
3552.51297268	0.0228853305908
3552.82713194	0.0228852881405
3553.14129121	0.0228852880599
3553.45545048	0.0228854649479
3553.76960974	0.022885724277
3554.08376901	0.022885980227
3554.39792827	0.0228858623208
3554.71208754	0.0228857749324
3555.0262468	0.022886139011
3555.34040607	0.0228857934756
3555.65456533	0.0228853913772
3555.9687246	0.0228854778871
3556.28288386	0.0228854936814
3556.59704313	0.0228852248385
3556.91120239	0.0228850257801
3557.22536166	0.0228848993538
3557.53952093	0.0228847443856
3557.85368019	0.0228845682487
3558.16783946	0.0228844397061
3558.48199872	0.0228843335425
3558.79615799	0.0228842621691
3559.11031725	0.0228842632236
3559.42447652	0.0228842296594
3559.73863578	0.022883901692
3560.05279505	0.0228832138454
3560.36695431	0.0228827679042
3560.68111358	0.0228822958534
3560.99527284	0.0228816310505
3561.30943211	0.0228809431026
3561.62359138	0.0228803545444
3561.93775064	0.0228798674123
3562.25190991	0.0228793893812
3562.56606917	0.0228787911691
3562.88022844	0.0228783032818
3563.1943877	0.0228780375676
3563.50854697	0.0228776763908
3563.82270623	0.0228771337459
3564.1368655	0.0228763871813
3564.45102476	0.022875683334
3564.76518403	0.0228750394931
3565.07934329	0.0228742221862
3565.39350256	0.0228733581307
3565.70766182	0.022872635501
3566.02182109	0.0228719846777
3566.33598036	0.022871306365
3566.65013962	0.0228705672948
3566.96429889	0.0228700108567
3567.27845815	0.0228696942812
3567.59261742	0.0228692469332
3567.90677668	0.0228685795174
3568.22093595	0.0228680606466
3568.53509521	0.0228672775877
3568.84925448	0.0228666984106
3569.16341374	0.0228659150086
3569.47757301	0.0228648409498
3569.79173227	0.022864179334
3570.10589154	0.0228637053998
3570.42005081	0.0228630329661
3570.73421007	0.0228623526205
3571.04836934	0.0228618699798
3571.3625286	0.0228614921455
3571.67668787	0.0228611420665
3571.99084713	0.0228609056353
3572.3050064	0.0228607733973
3572.61916566	0.0228606536842
3572.93332493	0.0228606207089
3573.24748419	0.0228604468951
3573.56164346	0.0228595870545
3573.87580272	0.0228590182547
3574.18996199	0.0228587861141
3574.50412125	0.0228582877457
3574.81828052	0.0228577327256
3575.13243979	0.022857259208
3575.44659905	0.0228569161129
3575.76075832	0.0228567026786
3576.07491758	0.0228563833248
3576.38907685	0.0228559958508
3576.70323611	0.0228558588711
3577.01739538	0.0228559478833
3577.33155464	0.0228559192254
3577.64571391	0.0228557735842
3577.95987317	0.0228555843382
3578.27403244	0.0228552778886
3578.5881917	0.0228548415611
3578.90235097	0.0228545086012
3579.21651024	0.0228542370834
3579.5306695	0.022853898267
3579.84482877	0.0228536102003
3580.15898803	0.0228535671138
3580.4731473	0.022853699337
3580.78730656	0.0228537587395
3581.10146583	0.0228536585313
3581.41562509	0.0228535129729
3581.72978436	0.0228532681724
3582.04394362	0.0228530349206
3582.35810289	0.0228528479002
3582.67226215	0.0228525010309
3582.98642142	0.0228521592669
3583.30058068	0.022852014221
3583.61473995	0.0228519075718
3583.92889922	0.0228518039556
3584.24305848	0.0228518046144
3584.55721775	0.0228519184089
3584.87137701	0.0228521058757
3585.18553628	0.0228523782565
3585.49969554	0.0228527356612
3585.81385481	0.0228530588894
3586.12801407	0.0228532973458
3586.44217334	0.0228535527114
3586.7563326	0.0228538558308
3587.07049187	0.0228537836727
3587.38465113	0.0228536509049
3587.6988104	0.022853810941
3588.01296967	0.0228539490516
3588.32712893	0.02285393898
3588.6412882	0.0228539486551
3588.95544746	0.0228540757597
3589.26960673	0.0228542358788
3589.58376599	0.0228544593448
3589.89792526	0.0228546982432
3590.21208452	0.0228548757815
3590.52624379	0.022855199246
3590.84040305	0.0228557383882
3591.15456232	0.0228562418853
3591.46872158	0.0228565901113
3591.78288085	0.0228567448652
3592.09704011	0.0228568120232
3592.41119938	0.0228569001048
3592.72535865	0.0228570569685
3593.03951791	0.0228571059205
3593.35367718	0.0228570525497
3593.66783644	0.0228572598468
3593.98199571	0.022857701119
3594.29615497	0.0228580134096
3594.61031424	0.0228580490458
3594.9244735	0.0228579955573
3595.23863277	0.0228581812262
3595.55279203	0.0228582247246
3595.8669513	0.0228580714873
3596.18111056	0.022858059886
3596.49526983	0.0228580973842
3596.8094291	0.0228580442491
3597.12358836	0.0228580056266
3597.43774763	0.0228580831383
3597.75190689	0.022858263038
3598.06606616	0.0228585282624
3598.38022542	0.0228588708296
3598.69438469	0.0228592853485
3599.00854395	0.0228597153297
3599.32270322	0.0228601133047
3599.63686248	0.0228605029257
3599.95102175	0.0228607384419
3600.26518101	0.0228605201636
3600.57934028	0.0228602925665
3600.89349954	0.0228603691091
3601.20765881	0.0228603898682
3601.52181808	0.0228602681151
3601.83597734	0.0228601957805
3602.15013661	0.0228602928214
3602.46429587	0.0228603907125
3602.77845514	0.0228604503269
3603.0926144	0.0228605745834
3603.40677367	0.02286064534
3603.72093293	0.0228607303642
3604.0350922	0.0228606619591
3604.34925146	0.0228606394268
3604.66341073	0.0228606901062
3604.97756999	0.0228603823113
3605.29172926	0.0228598548992
3605.60588853	0.0228595865697
3605.92004779	0.0228591484713
3606.23420706	0.0228585690367
3606.54836632	0.0228581342037
3606.86252559	0.0228577688178
3607.17668485	0.0228573240968
3607.49084412	0.0228569283305
3607.80500338	0.0228566925633
3608.11916265	0.0228563826758
3608.43332191	0.0228557941506
3608.74748118	0.0228551051125
3609.06164044	0.0228544884386
3609.37579971	0.0228536886387
3609.68995897	0.0228528080087
3610.00411824	0.0228520515429
3610.31827751	0.0228513426756
3610.63243677	0.0228505594079
3610.94659604	0.0228497814045
3611.2607553	0.0228491350895
3611.57491457	0.0228486145762
3611.88907383	0.022848136391
3612.2032331	0.0228476930513
3612.51739236	0.0228473138606
3612.83155163	0.0228469345203
3613.14571089	0.0228465188227
3613.45987016	0.0228460811026
3613.77402942	0.0228455932882
3614.08818869	0.0228448504401
3614.40234796	0.0228439991307
3614.71650722	0.0228433910558
3615.03066649	0.0228428411151
3615.34482575	0.022842186979
3615.65898502	0.0228415741344
3615.97314428	0.0228411570801
3616.28730355	0.0228408183529
3616.60146281	0.0228405019523
3616.91562208	0.0228400483857
3617.22978134	0.022839751136
3617.54394061	0.0228396687256
3617.85809987	0.0228390867561
3618.17225914	0.0228386671858
3618.48641841	0.0228384903727
3618.80057767	0.0228379832409
3619.11473694	0.0228374776341
3619.4288962	0.0228370621458
3619.74305547	0.022836533479
3620.05721473	0.0228360622019
3620.371374	0.0228357642079
3620.68553326	0.0228354949968
3620.99969253	0.0228352229261
3621.31385179	0.0228351107191
3621.62801106	0.0228351348603
3621.94217032	0.0228350992558
3622.25632959	0.0228347812501
3622.57048885	0.0228342873394
3622.88464812	0.0228340150699
3623.19880739	0.0228336569004
3623.51296665	0.02283309049
3623.82712592	0.0228326499449
3624.14128518	0.0228324773167
3624.45544445	0.0228322695328
3624.76960371	0.0228319514991
3625.08376298	0.0228318541233
3625.39792224	0.0228320345144
3625.71208151	0.0228322235111
3626.02624077	0.0228322764914
3626.34040004	0.0228323385622
3626.6545593	0.022832368559
3626.96871857	0.0228323083814
3627.28287784	0.0228322170631
3627.5970371	0.0228320320032
3627.91119637	0.022831851637
3628.22535563	0.0228317677034
3628.5395149	0.0228317209823
3628.85367416	0.0228316551124
3629.16783343	0.0228315775432
3629.48199269	0.0228316364204
3629.79615196	0.0228318536679
3630.11031122	0.0228319718739
3630.42447049	0.0228320145082
3630.73862975	0.0228320021665
3631.05278902	0.022831918952
3631.36694828	0.0228320657345
3631.68110755	0.0228318785816
3631.99526682	0.0228316277039
3632.30942608	0.0228317000315
3632.62358535	0.0228317381271
3632.93774461	0.0228316515657
3633.25190388	0.0228316342402
3633.56606314	0.0228317170838
3633.88022241	0.0228317961839
3634.19438167	0.0228319376198
3634.50854094	0.0228322238015
3634.8227002	0.0228325900555
3635.13685947	0.0228329780312
3635.45101873	0.0228334698454
3635.765178	0.0228337080772
3636.07933727	0.0228333585081
3636.39349653	0.022833456728
3636.7076558	0.022833602375
3637.02181506	0.0228335604627
3637.33597433	0.0228335619788
3637.65013359	0.0228336610923
3637.96429286	0.0228338960712
3638.27845212	0.0228341641747
3638.59261139	0.0228343774047
3638.90677065	0.0228346748021
3639.22092992	0.0228352032417
3639.53508918	0.0228357872204
3639.84924845	0.0228362648985
3640.16340771	0.0228366433632
3640.47756698	0.0228368892066
3640.79172625	0.0228370765871
3641.10588551	0.022837147039
3641.42004478	0.0228373213387
3641.73420404	0.0228375752575
3642.04836331	0.0228377598265
3642.36252257	0.0228380656597
3642.67668184	0.02283861491
3642.9908411	0.0228391970761
3643.30500037	0.0228396265034
3643.61915963	0.0228399360906
3643.9333189	0.0228401783718
3644.24747816	0.022840213199
3644.56163743	0.0228403040814
3644.8757967	0.0228403330287
3645.18995596	0.0228401079743
3645.50411523	0.0228399916199
3645.81827449	0.0228400020456
3646.13243376	0.0228399282496
3646.44659302	0.0228398487109
3646.76075229	0.0228398412353
3647.07491155	0.0228398842264
3647.38907082	0.0228399499965
3647.70323008	0.0228400549653
3648.01738935	0.0228401915765
3648.33154861	0.0228402409096
3648.64570788	0.0228401951397
3648.95986714	0.0228400908205
3649.27402641	0.0228399182176
3649.58818568	0.022839356458
3649.90234494	0.022838759982
3650.21650421	0.0228383678445
3650.53066347	0.0228378667535
3650.84482274	0.0228372424983
3651.158982	0.0228365945821
3651.47314127	0.0228360511115
3651.78730053	0.0228355710874
3652.1014598	0.0228350412556
3652.41561906	0.0228344820017
3652.72977833	0.0228339803921
3653.04393759	0.0228336129002
3653.35809686	0.0228333261184
3653.67225613	0.0228330219995
3653.98641539	0.0228326362595
3654.30057466	0.022832050151
3654.61473392	0.0228314242164
3654.92889319	0.0228307057883
3655.24305245	0.0228300136957
3655.55721172	0.0228293105963
3655.87137098	0.0228284946691
3656.18553025	0.0228278648854
3656.49968951	0.0228274961938
3656.81384878	0.0228269970243
3657.12800804	0.0228262661855
3657.44216731	0.0228254795495
3657.75632657	0.0228248903792
3658.07048584	0.0228241804955
3658.38464511	0.0228232850953
3658.69880437	0.0228225439537
3659.01296364	0.0228218361404
3659.3271229	0.022821003771
3659.64128217	0.0228201959629
3659.95544143	0.0228195724372
3660.2696007	0.0228190600298
3660.58375996	0.0228185543675
3660.89791923	0.0228181215078
3661.21207849	0.0228178385797
3661.52623776	0.0228175805435
3661.84039702	0.0228172556889
3662.15455629	0.0228169967639
3662.46871556	0.0228166451881
3662.78287482	0.0228158115524
3663.09703409	0.0228150000035
3663.41119335	0.0228144515615
3663.72535262	0.0228138500163
3664.03951188	0.02281319435
3664.35367115	0.0228126309111
3664.66783041	0.0228122055135
3664.98198968	0.0228118264103
3665.29614894	0.0228114485853
3665.61030821	0.0228111802552
3665.92446747	0.0228109606125
3666.23862674	0.022810713605
3666.552786	0.0228104741174
3666.86694527	0.0228103830954
3667.18110454	0.0228103518061
3667.4952638	0.0228100580853
3667.80942307	0.0228095271537
3668.12358233	0.0228092811099
3668.4377416	0.022808939059
3668.75190086	0.0228084800785
3669.06606013	0.0228082245596
3669.38021939	0.0228081035292
3669.69437866	0.022807939
3670.00853792	0.0228078599518
3670.32269719	0.0228080243751
3670.63685645	0.0228081628435
3670.95101572	0.0228080324099
3671.26517499	0.0228078708919
3671.57933425	0.0228078793176
3671.89349352	0.0228076682854
3672.20765278	0.0228073222877
3672.52181205	0.0228072676632
3672.83597131	0.0228072749479
3673.15013058	0.0228070908504
3673.46428984	0.0228069548596
3673.77844911	0.0228070545297
3674.09260837	0.0228072515058
3674.40676764	0.0228074134839
3674.7209269	0.0228076215671
3675.03508617	0.0228079474853
3675.34924543	0.0228082850083
3675.6634047	0.0228085648206
3675.97756397	0.0228088128963
3676.29172323	0.0228090349709
3676.6058825	0.0228090592686
3676.92004176	0.0228088769979
3677.23420103	0.0228088733842
3677.54836029	0.0228090366754
3677.86251956	0.0228091049915
3678.17667882	0.0228091582752
3678.49083809	0.0228093746338
3678.80499735	0.0228096814551
3679.11915662	0.0228099988749
3679.43331588	0.0228101782416
3679.74747515	0.022810597627
3680.06163442	0.0228111244295
3680.37579368	0.0228112033862
3680.68995295	0.0228115418357
3681.00411221	0.0228121989409
3681.31827148	0.0228124678959
3681.63243074	0.0228125243505
3681.94659001	0.0228129000684
3682.26074927	0.0228131228135
3682.57490854	0.0228132596952
3682.8890678	0.022813610805
3683.20322707	0.0228140383879
3683.51738633	0.0228144254637
3683.8315456	0.0228148941352
3684.14570487	0.0228155736148
3684.45986413	0.0228162406167
3684.7740234	0.0228166794452
3685.08818266	0.0228168888149
3685.40234193	0.0228171545545
3685.71650119	0.0228174859315
3686.03066046	0.022817575553
3686.34481972	0.0228175984919
3686.65897899	0.0228178787045
3686.97313825	0.0228181610004
3687.28729752	0.0228182449035
3687.60145678	0.0228184836836
3687.91561605	0.0228190043133
3688.22977531	0.0228195245259
3688.54393458	0.0228198610365
3688.85809385	0.0228201890696
3689.17225311	0.022820526345
3689.48641238	0.0228207046233
3689.80057164	0.022820790919
3690.11473091	0.0228207542058
3690.42889017	0.0228206418808
3690.74304944	0.0228205548019
3691.0572087	0.0228204905737
3691.37136797	0.0228203944205
3691.68552723	0.0228202250573
3691.9996865	0.022820083248
3692.31384576	0.0228201090382
3692.62800503	0.0228200268577
3692.9421643	0.022819836994
3693.25632356	0.0228196139775
3693.57048283	0.022819358522
3693.88464209	0.0228192004708
3694.19880136	0.0228187010077
3694.51296062	0.022818137389
3694.82711989	0.0228178173804
3695.14127915	0.0228174239158
3695.45543842	0.0228168828979
3695.76959768	0.0228163499838
3696.08375695	0.0228158863822
3696.39791621	0.0228154215335
3696.71207548	0.0228149993072
3697.02623474	0.02281467106
3697.34039401	0.0228143923099
3697.65455328	0.0228141463164
3697.96871254	0.0228140152079
3698.28287181	0.0228136825929
3698.59703107	0.0228126004403
3698.91119034	0.0228119490136
3699.2253496	0.0228114244379
3699.53950887	0.022810583857
3699.85366813	0.0228097424899
3700.1678274	0.0228090626192
3700.48198666	0.0228085054854
3700.79614593	0.0228078905608
3701.11030519	0.0228071922051
3701.42446446	0.0228066153099
3701.73862373	0.0228062667298
3702.05278299	0.0228059255477
3702.36694226	0.0228054735218
3702.68110152	0.0228049810821
3702.99526079	0.0228042757108
3703.30942005	0.0228034743861
3703.62357932	0.0228025795875
3703.93773858	0.0228016503601
3704.25189785	0.0228008459608
3704.56605711	0.0228000560378
3704.88021638	0.0227992806548
3705.19437564	0.0227987488795
3705.50853491	0.0227983400401
3705.82269417	0.0227978157768
3706.13685344	0.0227971590214
3706.45101271	0.0227965155712
3706.76517197	0.0227957412912
3707.07933124	0.0227948987172
3707.3934905	0.0227941848944
3707.70764977	0.0227932732997
3708.02180903	0.0227923220146
3708.3359683	0.0227915938632
3708.65012756	0.02279093348
3708.96428683	0.022790270147
3709.27844609	0.0227896722862
3709.59260536	0.0227891751234
3709.90676462	0.0227887875639
3710.22092389	0.0227885002502
3710.53508316	0.0227883137026
3710.84924242	0.0227881204552
3711.16340169	0.0227879031737
3711.47756095	0.0227877106062
3711.79172022	0.0227875455789
3712.10587948	0.0227871070619
3712.42003875	0.022786510839
3712.73419801	0.0227862841628
3713.04835728	0.0227860299696
3713.36251654	0.0227856206819
3713.67667581	0.0227852727763
3713.99083507	0.0227851238432
3714.30499434	0.0227850774818
3714.6191536	0.0227849948334
3714.93331287	0.0227849190085
3715.24747214	0.0227849884079
3715.5616314	0.0227852296349
3715.87579067	0.0227855427847
3716.18994993	0.0227858515225
3716.5041092	0.0227861853693
3716.81826846	0.0227864173335
3717.13242773	0.0227865183451
3717.44658699	0.0227866252638
3717.76074626	0.0227867188202
3718.07490552	0.0227867806539
3718.38906479	0.0227867792648
3718.70322405	0.0227868259645
3719.01738332	0.0227871699169
3719.33154259	0.0227875503662
3719.64570185	0.0227876835331
3719.95986112	0.0227877010242
3720.27402038	0.0227878776241
3720.58817965	0.0227880715165
3720.90233891	0.0227880374083
3721.21649818	0.0227881107708
3721.53065744	0.022788252988
3721.84481671	0.0227882607446
3722.15897597	0.0227882554716
3722.47313524	0.0227884355558
3722.7872945	0.0227887405632
3723.10145377	0.0227890310539
3723.41561303	0.0227893631568
3723.7297723	0.0227898367429
3724.04393157	0.0227903851592
3724.35809083	0.0227908442302
3724.6722501	0.0227913430005
3724.98640936	0.022791896341
3725.30056863	0.0227920283358
3725.61472789	0.0227918552333
3725.92888716	0.0227920451725
3726.24304642	0.0227922519731
3726.55720569	0.0227923190499
3726.87136495	0.0227924405087
3727.18552422	0.0227927098288
3727.49968348	0.0227930316424
3727.81384275	0.0227933277209
3728.12800202	0.0227936911564
3728.44216128	0.0227941032758
3728.75632055	0.0227944725491
3729.07047981	0.0227948345645
3729.38463908	0.0227953239545
3729.69879834	0.0227958721608
3730.01295761	0.0227962452534
3730.32711687	0.0227962235547
3730.64127614	0.0227963787017
3730.9554354	0.0227965431198
3731.26959467	0.0227964313295
3731.58375393	0.0227964639517
3731.8979132	0.0227966550157
3732.21207246	0.0227967580586
3732.52623173	0.0227968798156
3732.840391	0.0227972150566
3733.15455026	0.0227975257795
3733.46870953	0.0227975208978
3733.78286879	0.0227974014325
3734.09702806	0.0227974722174
3734.41118732	0.0227972995724
3734.72534659	0.0227968586147
3735.03950585	0.0227966279132
3735.35366512	0.0227966044503
3735.66782438	0.0227963405459
3735.98198365	0.0227959479078
3736.29614291	0.0227957368988
3736.61030218	0.0227957166919
3736.92446145	0.0227956879975
3737.23862071	0.0227955711106
3737.55277998	0.0227955317092
3737.86693924	0.0227955698098
3738.18109851	0.0227955363975
3738.49525777	0.0227953971834
3738.80941704	0.0227951783676
3739.1235763	0.0227948181469
3739.43773557	0.0227942001118
3739.75189483	0.0227936004319
3740.0660541	0.0227932473429
3740.38021336	0.0227928579053
3740.69437263	0.0227923554147
3741.0085319	0.022791942027
3741.32269116	0.0227916242519
3741.63685043	0.0227913676726
3741.95100969	0.0227910102804
3742.26516896	0.022790620488
3742.57932822	0.0227904597145
3742.89348749	0.0227900076058
3743.20764675	0.0227895566036
3743.52180602	0.0227894187712
3743.83596528	0.0227890998604
3744.15012455	0.0227884247005
3744.46428381	0.022787920224
3744.77844308	0.0227874042426
3745.09260234	0.0227867296212
3745.40676161	0.0227861662606
3745.72092088	0.0227857314989
3746.03508014	0.0227852613
3746.34923941	0.0227847697124
3746.66339867	0.0227844263573
3746.97755794	0.0227842067168
3747.2917172	0.022783825963
3747.60587647	0.0227831474948
3747.92003573	0.0227824173111
3748.234195	0.0227818755145
3748.54835426	0.0227811193182
3748.86251353	0.0227802028378
3749.17667279	0.022779580804
3749.49083206	0.0227790480778
3749.80499133	0.0227782876125
3750.11915059	0.0227776705024
3750.43330986	0.0227773980226
3750.74746912	0.0227771771129
3751.06162839	0.0227768113105
3751.37578765	0.0227764246936
3751.68994692	0.0227760837716
3752.00410618	0.0227756165315
3752.31826545	0.0227750834062
3752.63242471	0.0227745621018
3752.94658398	0.022773990803
3753.26074324	0.0227734376967
3753.57490251	0.0227729500776
3753.88906177	0.0227724784794
3754.20322104	0.0227719626093
3754.51738031	0.022771560954
3754.83153957	0.0227713811709
3755.14569884	0.0227711298412
3755.4598581	0.0227707744018
3755.77401737	0.0227704890823
3756.08817663	0.0227702516217
3756.4023359	0.022769997328
3756.71649516	0.0227694666417
3757.03065443	0.0227688824421
3757.34481369	0.0227686306907
3757.65897296	0.0227684116749
3757.97313222	0.022768018297
3758.28729149	0.022767630934
3758.60145076	0.0227673844065
3758.91561002	0.022767228755
3759.22976929	0.0227671250643
3759.54392855	0.0227671046144
3759.85808782	0.0227671938734
3760.17224708	0.0227673693582
3760.48640635	0.0227676962921
3760.80056561	0.0227679803935
3761.11472488	0.022767568864
3761.42888414	0.0227672314579
3761.74304341	0.0227673837813
3762.05720267	0.0227671591136
3762.37136194	0.0227668831072
3762.6855212	0.0227668461424
3762.99968047	0.0227669784546
3763.31383974	0.0227670687279
3763.627999	0.0227670817166
3763.94215827	0.022767253312
3764.25631753	0.022767691853
3764.5704768	0.0227681882911
3764.88463606	0.0227685949062
3765.19879533	0.022769030496
3765.51295459	0.022769346144
3765.82711386	0.0227695179758
3766.14127312	0.0227696210995
3766.45543239	0.0227696136085
3766.76959165	0.0227697042659
3767.08375092	0.0227699113758
3767.39791019	0.0227700765819
3767.71206945	0.0227704419306
3768.02622872	0.0227710024112
3768.34038798	0.0227715040355
3768.65454725	0.0227718571439
3768.96870651	0.0227722100947
3769.28286578	0.0227724960473
3769.59702504	0.0227725430247
3769.91118431	0.0227728054822
3770.22534357	0.0227729226606
3770.53950284	0.0227727913331
3770.8536621	0.0227728547186
3771.16782137	0.0227730745221
3771.48198063	0.0227732275369
3771.7961399	0.0227733393886
3772.11029917	0.0227735113933
3772.42445843	0.0227737787079
3772.7386177	0.0227741020938
3773.05277696	0.0227744836245
3773.36693623	0.0227748263164
3773.68109549	0.0227751039422
3773.99525476	0.0227753882042
3774.30941402	0.0227756507904
3774.62357329	0.0227756039129
3774.93773255	0.0227752804919
3775.25189182	0.022775286255
3775.56605108	0.0227752665964
3775.88021035	0.0227750297892
3776.19436962	0.0227747559985
3776.50852888	0.0227746303942
3776.82268815	0.0227745977628
3777.13684741	0.0227744994918
3777.45100668	0.0227743425319
3777.76516594	0.0227742518681
3778.07932521	0.0227743043469
3778.39348447	0.0227744384055
3778.70764374	0.0227745702752
3779.021803	0.0227746640533
3779.33596227	0.0227745944917
3779.65012153	0.0227744312775
3779.9642808	0.0227741539989
3780.27844006	0.0227738459512
3780.59259933	0.0227736294175
3780.9067586	0.02277327332
3781.22091786	0.0227729124681
3781.53507713	0.0227729017991
3781.84923639	0.0227729181371
3782.16339566	0.0227725956386
3782.47755492	0.0227722229191
3782.79171419	0.0227719617929
3783.10587345	0.0227716145703
3783.42003272	0.0227711255966
3783.73419198	0.022770742017
3784.04835125	0.0227703193057
3784.36251051	0.0227698101535
3784.67666978	0.0227693153717
3784.99082905	0.0227689492494
3785.30498831	0.0227686811414
3785.61914758	0.0227684213828
3785.93330684	0.0227682191893
3786.24746611	0.0227681408406
3786.56162537	0.0227680758765
3786.87578464	0.022767962853
3787.1899439	0.022767846822
3787.50410317	0.0227677545697
3787.81826243	0.0227673452471
3788.1324217	0.0227665440198
3788.44658096	0.0227660305079
3788.76074023	0.0227656171737
3789.07489949	0.0227650521865
3789.38905876	0.0227644792473
3789.70321803	0.0227640389279
3790.01737729	0.0227636825422
3790.33153656	0.0227632951902
3790.64569582	0.022762919138
3790.95985509	0.0227626175546
3791.27401435	0.0227623227587
3791.58817362	0.0227619845962
3791.90233288	0.0227617366904
3792.21649215	0.0227616058411
3792.53065141	0.0227613996762
3792.84481068	0.0227607599206
3793.15896994	0.0227601423826
3793.47312921	0.02275973625
3793.78728848	0.0227589877593
3794.10144774	0.0227583165262
3794.41560701	0.0227579098088
3794.72976627	0.0227574672949
3795.04392554	0.0227569592209
3795.3580848	0.0227566951937
3795.67224407	0.0227565574861
3795.98640333	0.0227561518048
3796.3005626	0.0227555544927
3796.61472186	0.0227551620831
3796.92888113	0.0227546731585
3797.24304039	0.0227539373812
3797.55719966	0.0227532969183
3797.87135892	0.0227529258607
3798.18551819	0.0227524781003
3798.49967746	0.022751891726
3798.81383672	0.0227514668017
3799.12799599	0.022751238176
3799.44215525	0.0227510643781
3799.75631452	0.0227508573059
3800.07047378	0.0227506858686
3800.38463305	0.0227506040601
3800.69879231	0.0227505236943
3801.01295158	0.0227504356958
3801.32711084	0.0227503372343
3801.64127011	0.0227501665471
3801.95542937	0.0227497650247
3802.26958864	0.0227492345122
3802.58374791	0.0227489590002
3802.89790717	0.0227487910781
3803.21206644	0.0227485065304
3803.5262257	0.022748275528
3803.84038497	0.0227481691017
3804.15454423	0.0227481430668
3804.4687035	0.0227481025081
3804.78286276	0.0227480299683
3805.09702203	0.022748187441
3805.41118129	0.0227481572795
3805.72534056	0.022748090316
3806.03949982	0.0227483821597
3806.35365909	0.0227486368259
3806.66781836	0.0227484649169
3806.98197762	0.0227483944877
3807.29613689	0.0227484401076
3807.61029615	0.0227483140798
3807.92445542	0.0227482594736
3808.23861468	0.022748401781
3808.55277395	0.0227485469346
3808.86693321	0.0227486604824
3809.18109248	0.0227489384798
3809.49525174	0.0227494150025
3809.80941101	0.0227497627339
3810.12357027	0.0227498611346
3810.43772954	0.0227498630908
3810.7518888	0.0227500855801
3811.06604807	0.0227501381871
3811.38020734	0.0227499730323
3811.6943666	0.0227501128518
3812.00852587	0.0227504210941
3812.32268513	0.0227504710647
3812.6368444	0.0227506047424
3812.95100366	0.022751131352
3813.26516293	0.0227517333649
3813.57932219	0.0227521655078
3813.89348146	0.0227525687888
3814.20764072	0.0227530269579
3814.52179999	0.0227533684294
3814.83595925	0.0227535621396
3815.15011852	0.0227537455381
3815.46427779	0.02275386645
3815.77843705	0.0227539638321
3816.09259632	0.0227541068365
3816.40675558	0.0227542637406
3816.72091485	0.0227543460625
3817.03507411	0.0227544814495
3817.34923338	0.0227548309994
3817.66339264	0.0227551497888
3817.97755191	0.0227552455427
3818.29171117	0.0227553262773
3818.60587044	0.0227555516933
3818.9200297	0.0227556536744
3819.23418897	0.0227555120519
3819.54834823	0.0227552931959
3819.8625075	0.0227553200517
3820.17666677	0.02275536966
3820.49082603	0.0227551943799
3820.8049853	0.0227549795131
3821.11914456	0.0227548613791
3821.43330383	0.0227547923405
3821.74746309	0.0227547175852
3822.06162236	0.022754695165
3822.37578162	0.0227547649712
3822.68994089	0.0227548855294
3823.00410015	0.0227550890225
3823.31825942	0.0227553329901
3823.63241868	0.0227550054903
3823.94657795	0.0227543790603
3824.26073722	0.0227543528032
3824.57489648	0.0227540364217
3824.88905575	0.0227534931858
3825.20321501	0.0227531468311
3825.51737428	0.0227530170308
3825.83153354	0.0227528185753
3826.14569281	0.022752464649
3826.45985207	0.0227522534255
3826.77401134	0.0227522942695
3827.0881706	0.0227523907179
3827.40232987	0.0227523867643
3827.71648913	0.0227523909103
3828.0306484	0.0227523291939
3828.34480766	0.0227520467893
3828.65896693	0.0227517081563
3828.9731262	0.0227512167763
3829.28728546	0.0227507086355
3829.60144473	0.0227503399292
3829.91560399	0.0227499588191
3830.22976326	0.0227496733074
3830.54392252	0.0227495922642
3830.85808179	0.0227494939746
3831.17224105	0.0227492309682
3831.48640032	0.0227489173509
3831.80055958	0.022748629091
3832.11471885	0.0227480386977
3832.42887811	0.0227476387384
3832.74303738	0.022747170458
3833.05719665	0.022746407566
3833.37135591	0.0227457748465
3833.68551518	0.0227453534546
3833.99967444	0.022744857617
3834.31383371	0.0227443053339
3834.62799297	0.022743804242
3834.94215224	0.0227433846209
3835.2563115	0.0227430334982
3835.57047077	0.0227427652371
3835.88463003	0.0227425006204
3836.1987893	0.0227421758786
3836.51294856	0.0227419031726
3836.82710783	0.0227416555361
3837.14126709	0.0227411799314
3837.45542636	0.0227403106529
3837.76958563	0.0227397483829
3838.08374489	0.0227393295382
3838.39790416	0.0227386457638
3838.71206342	0.022737896108
3839.02622269	0.0227373440627
3839.34038195	0.022736950231
3839.65454122	0.0227365100745
3839.96870048	0.0227359995879
3840.28285975	0.0227356040069
3840.59701901	0.0227354161294
3840.91117828	0.0227353151096
3841.22533754	0.0227351845334
3841.53949681	0.0227350989675
3841.85365608	0.0227349443396
3842.16781534	0.0227346434298
3842.48197461	0.0227343387729
3842.79613387	0.0227339148458
3843.11029314	0.0227335593804
3843.4244524	0.0227332962067
3843.73861167	0.0227329000159
3844.05277093	0.0227326144539
3844.3669302	0.0227326633539
3844.68108946	0.0227325384205
3844.99524873	0.0227321652116
3845.30940799	0.0227318959188
3845.62356726	0.0227316414669
3845.93772652	0.0227312588612
3846.25188579	0.0227309612114
3846.56604506	0.0227306700598
3846.88020432	0.0227302555063
3847.19436359	0.0227298646893
3847.50852285	0.0227296088175
3847.82268212	0.0227294763082
3848.13684138	0.0227293510975
3848.45100065	0.0227292364003
3848.76515991	0.0227292471449
3849.07931918	0.0227293757704
3849.39347844	0.0227294688649
3849.70763771	0.0227295033666
3850.02179697	0.0227296360391
3850.33595624	0.0227297085473
3850.65011551	0.0227292616011
3850.96427477	0.0227287566129
3851.27843404	0.0227286671307
3851.5925933	0.0227284732306
3851.90675257	0.0227281257836
3852.22091183	0.0227279442012
3852.5350711	0.0227279055157
3852.84923036	0.0227278361118
3853.16338963	0.0227277920196
3853.47754889	0.0227278611991
3853.79170816	0.0227279183112
3854.10586742	0.0227279756922
3854.42002669	0.0227282158102
3854.73418595	0.0227285750774
3855.04834522	0.0227288858224
3855.36250449	0.0227288895762
3855.67666375	0.0227286657784
3855.99082302	0.0227287851052
3856.30498228	0.0227286767863
3856.61914155	0.0227285044635
3856.93330081	0.0227285904088
3857.24746008	0.022728745035
3857.56161934	0.0227288522041
3857.87577861	0.0227291459324
3858.18993787	0.0227295832824
3858.50409714	0.0227297868067
3858.8182564	0.0227297716305
3859.13241567	0.0227299702997
3859.44657494	0.0227300959794
3859.7607342	0.0227299337026
3860.07489347	0.0227298501234
3860.38905273	0.0227300209554
3860.703212	0.0227301208533
3861.01737126	0.0227300574467
3861.33153053	0.0227301293297
3861.64568979	0.0227303828307
3861.95984906	0.0227306859046
3862.27400832	0.0227309486916
3862.58816759	0.0227312160601
3862.90232685	0.0227315698133
3863.21648612	0.0227319278083
3863.53064539	0.0227322463382
3863.84480465	0.0227325335525
3864.15896392	0.0227327476686
3864.47312318	0.0227327652052
3864.78728245	0.0227325727529
3865.10144171	0.0227325458913
3865.41560098	0.0227326817297
3865.72976024	0.0227326888487
3866.04391951	0.0227326778208
3866.35807877	0.0227327622212
3866.67223804	0.022732923873
3866.9863973	0.0227330921908
3867.30055657	0.0227332181286
3867.61471583	0.022733434728
3867.9288751	0.0227335772445
3868.24303437	0.0227336569634
3868.55719363	0.0227339576372
3868.8713529	0.0227343038993
3869.18551216	0.022734293313
3869.49967143	0.0227341452603
3869.81383069	0.0227341864469
3870.12798996	0.0227340644588
3870.44214922	0.0227338628304
3870.75630849	0.0227338258853
3871.07046775	0.0227338340937
3871.38462702	0.0227337748654
3871.69878628	0.0227337619113
3872.01294555	0.0227339401424
3872.32710482	0.0227340667207
3872.64126408	0.0227339383784
3872.95542335	0.0227336128476
3873.26958261	0.022733406904
3873.58374188	0.0227331715528
3873.89790114	0.0227326294614
3874.21206041	0.0227321955459
3874.52621967	0.0227319879302
3874.84037894	0.0227315927765
3875.1545382	0.0227311210951
3875.46869747	0.0227309863459
3875.78285673	0.022730992494
3876.097016	0.0227308461374
3876.41117526	0.0227306472163
3876.72533453	0.0227304899446
3877.0394938	0.0227302432575
3877.35365306	0.0227298814307
3877.66781233	0.0227294599248
3877.98197159	0.0227289302112
3878.29613086	0.022728418
3878.61029012	0.022727947859
3878.92444939	0.0227274554557
3879.23860865	0.0227269166016
3879.55276792	0.0227263756369
3879.86692718	0.0227260368892
3880.18108645	0.0227257603678
3880.49524571	0.0227253359789
3880.80940498	0.0227249148064
3881.12356425	0.0227246172201
3881.43772351	0.0227243041992
3881.75188278	0.0227237262861
3882.06604204	0.0227230542493
3882.38020131	0.0227225622678
3882.69436057	0.0227221321665
3883.00851984	0.0227215703968
3883.3226791	0.0227209262736
3883.63683837	0.0227203383562
3883.95099763	0.0227198631858
3884.2651569	0.0227194551195
3884.57931616	0.0227190919748
3884.89347543	0.0227188083425
3885.20763469	0.0227186297156
3885.52179396	0.0227185686196
3885.83595323	0.0227186118945
3886.15011249	0.0227182806395
3886.46427176	0.0227173715332
3886.77843102	0.0227170934185
3887.09259029	0.0227166939806
3887.40674955	0.0227159662052
3887.72090882	0.0227154328839
3888.03506808	0.0227151599152
3888.34922735	0.0227148512492
3888.66338661	0.0227144048053
3888.97754588	0.0227140805906
3889.29170514	0.0227140091549
3889.60586441	0.0227140331303
3889.92002368	0.0227139536982
3890.23418294	0.0227138675792
3890.54834221	0.0227137808723
3890.86250147	0.0227135041255
3891.17666074	0.022713167798
3891.49082	0.0227127051625
3891.80497927	0.0227121831451
3892.11913853	0.0227117965134
3892.4332978	0.0227114313667
3892.74745706	0.0227111422911
3893.06161633	0.0227111007605
3893.37577559	0.0227110813778
3893.68993486	0.0227109518123
3894.00409412	0.0227107677216
3894.31825339	0.0227106843753
3894.63241266	0.0227103060974
3894.94657192	0.0227100037468
3895.26073119	0.0227098017441
3895.57489045	0.0227093030425
3895.88904972	0.0227088386124
3896.20320898	0.0227086413844
3896.51736825	0.022708456714
3896.83152751	0.0227081943241
3897.14568678	0.0227079599821
3897.45984604	0.0227078346033
3897.77400531	0.0227078184999
3898.08816457	0.0227079002003
3898.40232384	0.022708021374
3898.71648311	0.0227080969657
3899.03064237	0.0227082174177
3899.34480164	0.0227084237615
3899.6589609	0.0227084764306
3899.97312017	0.0227080735609
3900.28727943	0.0227078835422
3900.6014387	0.0227079219949
3900.91559796	0.0227077442338
3901.22975723	0.0227074803893
3901.54391649	0.0227073650533
3901.85807576	0.0227074189957
3902.17223502	0.0227074633527
3902.48639429	0.0227074339058
3902.80055355	0.0227074928248
3903.11471282	0.0227077312411
3903.42887209	0.0227080610226
3903.74303135	0.0227083858077
3904.05719062	0.0227087344452
3904.37134988	0.0227090439094
3904.68550915	0.0227091856137
3904.99966841	0.0227092885399
3905.31382768	0.0227092840599
3905.62798694	0.022709244275
3905.94214621	0.022709328799
3906.25630547	0.0227093365276
3906.57046474	0.0227093624065
3906.884624	0.0227097355328
3907.19878327	0.0227099961919
3907.51294254	0.0227099530337
3907.8271018	0.0227100268203
3908.14126107	0.0227101688082
3908.45542033	0.0227101145617
3908.7695796	0.0227100801777
3909.08373886	0.0227101886224
3909.39789813	0.0227101482089
3909.71205739	0.0227100368231
3910.02621666	0.0227100723194
3910.34037592	0.0227102720023
3910.65453519	0.0227104746669
3910.96869445	0.0227106686695
3911.28285372	0.0227109716931
3911.59701298	0.0227113981162
3911.91117225	0.0227117867358
3912.22533152	0.0227121666417
3912.53949078	0.0227125922705
3912.85365005	0.0227129465849
3913.16780931	0.022712907496
3913.48196858	0.0227126541224
3913.79612784	0.0227127872672
3914.11028711	0.0227128096414
3914.42444637	0.0227126344843
3914.73860564	0.0227126510454
3915.0527649	0.0227127917866
3915.36692417	0.0227128369557
3915.68108343	0.0227128976542
3915.9952427	0.0227130895112
3916.30940197	0.0227132050331
3916.62356123	0.0227132628831
3916.9377205	0.02271351612
3917.25187976	0.0227138553611
3917.56603903	0.022714105477
3917.88019829	0.022714122513
3918.19435756	0.0227137605065
3918.50851682	0.0227136029381
3918.82267609	0.0227133401851
3919.13683535	0.0227128752482
3919.45099462	0.0227125905025
3919.76515388	0.0227123905223
3920.07931315	0.0227120649469
3920.39347241	0.0227118526945
3920.70763168	0.0227118473355
3921.02179095	0.0227116837826
3921.33595021	0.0227112226225
3921.65010948	0.022710808076
3921.96426874	0.0227104985403
3922.27842801	0.0227098724118
3922.59258727	0.0227091543222
3922.90674654	0.0227087237961
3923.2209058	0.0227082647726
3923.53506507	0.0227075795131
3923.84922433	0.022707017212
3924.1633836	0.0227066597137
3924.47754286	0.0227063091432
3924.79170213	0.0227059372224
3925.1058614	0.0227055872603
3925.42002066	0.0227053214371
3925.73417993	0.0227050938595
3926.04833919	0.0227048025476
3926.36249846	0.0227045017931
3926.67665772	0.0227042125483
3926.99081699	0.0227036536631
3927.30497625	0.0227028997332
3927.61913552	0.0227023453309
3927.93329478	0.0227019252572
3928.24745405	0.022701360964
3928.56161331	0.0227008167146
3928.87577258	0.0227004167734
3929.18993185	0.022700078991
3929.50409111	0.0226997284352
3929.81825038	0.0226993843063
3930.13240964	0.0226991714035
3930.44656891	0.0226989287217
3930.76072817	0.0226985935324
3931.07488744	0.0226984564712
3931.3890467	0.022698423074
3931.70320597	0.0226981152477
3932.01736523	0.0226976209862
3932.3315245	0.0226972324433
3932.64568376	0.0226968508243
3932.95984303	0.0226964068445
3933.27400229	0.0226959949341
3933.58816156	0.0226956963575
3933.90232083	0.0226954283367
3934.21648009	0.0226951606012
3934.53063936	0.0226950354936
3934.84479862	0.0226950015573
3935.15895789	0.0226948192301
3935.47311715	0.0226944204305
3935.78727642	0.0226940777561
3936.10143568	0.0226937653469
3936.41559495	0.0226933168566
3936.72975421	0.0226928314352
3937.04391348	0.0226925217637
3937.35807274	0.0226922071212
3937.67223201	0.0226918236897
3937.98639128	0.022691640203
3938.30055054	0.0226916737856
3938.61470981	0.022691681039
3938.92886907	0.0226916636633
3939.24302834	0.0226916863331
3939.5571876	0.0226916684203
3939.87134687	0.0226916652021
3940.18550613	0.0226916146861
3940.4996654	0.0226913309856
3940.81382466	0.0226910302169
3941.12798393	0.0226908532765
3941.44214319	0.022690675367
3941.75630246	0.02269042474
3942.07046172	0.022690168949
3942.38462099	0.0226900725736
3942.69878026	0.0226900992563
3943.01293952	0.0226900284358
3943.32709879	0.0226899318804
3943.64125805	0.0226899121245
3943.95541732	0.0226898969411
3944.26957658	0.0226897862466
3944.58373585	0.0226895995925
3944.89789511	0.0226894888277
3945.21205438	0.0226894189043
3945.52621364	0.0226892554071
3945.84037291	0.0226890491114
3946.15453217	0.0226888368168
3946.46869144	0.0226886895211
3946.78285071	0.0226886268754
3947.09700997	0.0226886349364
3947.41116924	0.0226887053396
3947.7253285	0.0226888456299
3948.03948777	0.0226891024848
3948.35364703	0.0226895159019
3948.6678063	0.0226897803461
3948.98196556	0.0226894447154
3949.29612483	0.0226893213215
3949.61028409	0.0226894769986
3949.92444336	0.0226892628007
3950.23860262	0.0226890640094
3950.55276189	0.0226891819236
3950.86692115	0.0226893732438
3951.18108042	0.0226894084183
3951.49523969	0.0226895197745
3951.80939895	0.0226898903025
3952.12355822	0.0226904136773
3952.43771748	0.0226908546902
3952.75187675	0.0226912633058
3953.06603601	0.022691687828
3953.38019528	0.0226919762582
3953.69435454	0.0226921520449
3954.00851381	0.0226922087107
3954.32267307	0.0226922463644
3954.63683234	0.0226924052799
3954.9509916	0.0226925682958
3955.26515087	0.0226927512028
3955.57931014	0.0226931824622
3955.8934694	0.0226937021761
3956.20762867	0.0226940980605
3956.52178793	0.0226943479739
3956.8359472	0.0226947065238
3957.15010646	0.0226948188208
3957.46426573	0.0226949046764
3957.77842499	0.0226950705166
3958.09258426	0.0226949233219
3958.40674352	0.0226947812777
3958.72090279	0.0226948657621
3959.03506205	0.0226949194764
3959.34922132	0.0226948542065
3959.66338058	0.0226948148015
3959.97753985	0.0226948457692
3960.29169912	0.0226949214004
3960.60585838	0.0226950341224
3960.92001765	0.0226951970807
3961.23417691	0.0226952906914
3961.54833618	0.022695338557
3961.86249544	0.0226954326803
3962.17665471	0.0226954594751
3962.49081397	0.0226950702474
3962.80497324	0.0226945705742
3963.1191325	0.0226943678277
3963.43329177	0.0226940092748
3963.74745103	0.0226934521076
3964.0616103	0.0226929712531
3964.37576957	0.0226926579448
3964.68992883	0.022692339135
3965.0040881	0.022691900438
3965.31824736	0.0226914881755
3965.63240663	0.0226912459501
3965.94656589	0.0226911073249
3966.26072516	0.0226909560018
3966.57488442	0.022690780638
3966.88904369	0.0226906221766
3967.20320295	0.0226904149028
3967.51736222	0.0226900201339
3967.83152148	0.0226895440811
3968.14568075	0.0226890754692
3968.45984001	0.0226885831805
3968.77399928	0.0226879820203
3969.08815855	0.0226874899008
3969.40231781	0.0226873297818
3969.71647708	0.0226870711931
3970.03063634	0.0226865019436
3970.34479561	0.0226859754944
3970.65895487	0.0226855695763
3970.97311414	0.0226850676238
3971.2872734	0.0226843790377
3971.60143267	0.022683861301
3971.91559193	0.0226833537293
3972.2297512	0.0226826920992
3972.54391046	0.0226820692288
3972.85806973	0.0226816392235
3973.172229	0.0226812792173
3973.48638826	0.0226808870689
3973.80054753	0.0226805702465
3974.11470679	0.0226803977301
3974.42886606	0.0226802175112
3974.74302532	0.0226800046219
3975.05718459	0.0226798374597
3975.37134385	0.0226796681198
3975.68550312	0.0226792099831
3975.99966238	0.0226783801033
3976.31382165	0.0226778987986
3976.62798091	0.0226774680067
3976.94214018	0.0226767727871
3977.25629944	0.0226762113887
3977.57045871	0.0226758445636
3977.88461798	0.0226754518521
3978.19877724	0.0226750661027
3978.51293651	0.0226748120002
3978.82709577	0.0226745701705
3979.14125504	0.0226742576165
3979.4554143	0.0226740835986
3979.76957357	0.0226740869294
3980.08373283	0.0226740768479
3980.3978921	0.0226739190588
3980.71205136	0.0226734263398
3981.02621063	0.0226730059721
3981.34036989	0.0226727032526
3981.65452916	0.0226721891229
3981.96868843	0.022671768939
3982.28284769	0.0226715622473
3982.59700696	0.0226713536432
3982.91116622	0.0226710972415
3983.22532549	0.0226710714428
3983.53948475	0.0226711750292
3983.85364402	0.0226710162706
3984.16780328	0.0226707121998
3984.48196255	0.0226706312095
3984.79612181	0.0226704247757
3985.11028108	0.0226699974941
3985.42444034	0.0226697900932
3985.73859961	0.0226697213629
3986.05275887	0.0226694485012
3986.36691814	0.0226691904379
3986.68107741	0.0226691885217
3986.99523667	0.0226692831235
3987.30939594	0.0226692958639
3987.6235552	0.022669337371
3987.93771447	0.0226695143213
3988.25187373	0.0226697603301
3988.566033	0.0226699184783
3988.88019226	0.0226700352289
3989.19435153	0.0226702247732
3989.50851079	0.0226702094834
3989.82267006	0.0226699443728
3990.13682932	0.02266978184
3990.45098859	0.0226698231211
3990.76514786	0.0226697863789
3991.07930712	0.0226696932235
3991.39346639	0.0226697431253
3991.70762565	0.0226698965792
3992.02178492	0.0226700438766
3992.33594418	0.0226701461369
3992.65010345	0.0226703548147
3992.96426271	0.0226706810114
3993.27842198	0.0226707868685
3993.59258124	0.02267100689
3993.90674051	0.0226714852634
3994.22089977	0.0226718229174
3994.53505904	0.0226718319571
3994.84921831	0.0226719483454
3995.16337757	0.0226721440872
3995.47753684	0.0226721814091
3995.7916961	0.0226722780799
3996.10585537	0.0226725409425
3996.42001463	0.022672757136
3996.7341739	0.0226729402949
3997.04833316	0.0226732868527
3997.36249243	0.022673698185
3997.67665169	0.0226740344376
3997.99081096	0.0226743637028
3998.30497022	0.0226745385747
3998.61912949	0.0226746384386
3998.93328875	0.0226748165228
3999.24744802	0.0226748959393
3999.56160729	0.0226749637104
3999.87576655	0.0226751052562
4000.18992582	0.0226752120775
4000.50408508	0.0226753355913
4000.81824435	0.0226756023606
4001.13240361	0.0226759462964
4001.44656288	0.0226762802752
4001.76072214	0.0226765788026
4002.07488141	0.0226768751068
4002.38904067	0.022677133551
4002.70319994	0.0226773880275
4003.0173592	0.022677535442
4003.33151847	0.0226774643024
4003.64567774	0.0226773726118
4003.959837	0.0226773578152
4004.27399627	0.0226772957155
4004.58815553	0.0226771349415
4004.9023148	0.0226770098255
4005.21647406	0.0226770135109
4005.53063333	0.0226769852442
4005.84479259	0.0226768822507
4006.15895186	0.0226768205228
4006.47311112	0.0226767187379
4006.78727039	0.0226765929405
4007.10142965	0.022676411428
4007.41558892	0.0226761758315
4007.72974818	0.0226760183142
4008.04390745	0.0226757365736
4008.35806672	0.0226753456078
4008.67222598	0.0226749749773
4008.98638525	0.0226745861292
4009.30054451	0.0226742166202
4009.61470378	0.0226739104589
4009.92886304	0.0226736881078
4010.24302231	0.0226735147182
4010.55718157	0.0226733826783
4010.87134084	0.022673371592
4011.1855001	0.0226733980294
4011.49965937	0.022672943504
4011.81381863	0.0226721706714
4012.1279779	0.0226719025752
4012.44213717	0.0226714322057
4012.75629643	0.0226707674123
4013.0704557	0.0226702408801
4013.38461496	0.022669930091
4013.69877423	0.0226695730686
4014.01293349	0.0226690991826
4014.32709276	0.0226687503743
4014.64125202	0.0226686347048
4014.95541129	0.0226685481132
4015.26957055	0.0226683685451
4015.58372982	0.0226682020328
4015.89788908	0.0226678955705
4016.21204835	0.0226674266961
4016.52620761	0.0226668724667
4016.84036688	0.0226662206542
4017.15452615	0.0226656133522
4017.46868541	0.0226650970952
4017.78284468	0.0226645592366
4018.09700394	0.0226641936411
4018.41116321	0.0226639957389
4018.72532247	0.0226637302196
4019.03948174	0.0226632964497
4019.353641	0.0226629081829
4019.66780027	0.0226624387397
4019.98195953	0.0226617808358
4020.2961188	0.0226612736304
4020.61027806	0.0226606209727
4020.92443733	0.0226598394233
4021.2385966	0.0226592345132
4021.55275586	0.0226587205031
4021.86691513	0.0226581395244
4022.18107439	0.0226575986171
4022.49523366	0.0226571397819
4022.80939292	0.0226567361462
4023.12355219	0.0226563960073
4023.43771145	0.0226561665264
4023.75187072	0.0226559496088
4024.06602998	0.0226556801654
4024.38018925	0.0226554592942
4024.69434851	0.022655318864
4025.00850778	0.0226549261149
4025.32266704	0.0226541842819
4025.63682631	0.0226538304632
4025.95098558	0.0226535346027
4026.26514484	0.0226529514025
4026.57930411	0.0226524240897
4026.89346337	0.0226521303191
4027.20762264	0.022651924449
4027.5217819	0.0226516629574
4027.83594117	0.0226513637734
4028.15010043	0.0226512235304
4028.4642597	0.0226512953804
4028.77841896	0.0226514329731
4029.09257823	0.0226515356844
4029.40673749	0.0226516524883
4029.72089676	0.0226517987071
4030.03505603	0.022651867275
4030.34921529	0.022651797194
4030.66337456	0.0226516808126
4030.97753382	0.022651572142
4031.29169309	0.0226515075544
4031.60585235	0.0226514181258
4031.92001162	0.0226514600647
4032.23417088	0.0226517288147
4032.54833015	0.0226518302391
4032.86248941	0.0226517130875
4033.17664868	0.0226517041776
4033.49080794	0.0226517673345
4033.80496721	0.0226516062086
4034.11912647	0.0226514886369
4034.43328574	0.0226515881199
4034.74744501	0.0226515128014
4035.06160427	0.0226513440938
4035.37576354	0.0226513461165
4035.6899228	0.0226515369517
4036.00408207	0.0226517269001
4036.31824133	0.0226518916246
4036.6324006	0.0226521720797
4036.94655986	0.0226525759699
4037.26071913	0.0226529256114
4037.57487839	0.0226532158078
4037.88903766	0.022653639878
4038.20319692	0.0226539779699
4038.51735619	0.0226539034336
4038.83151546	0.0226536554688
4039.14567472	0.0226538334907
4039.45983399	0.022653871265
4039.77399325	0.0226537130065
4040.08815252	0.0226537553015
4040.40231178	0.0226539416548
4040.71647105	0.0226540812779
4041.03063031	0.0226542547178
4041.34478958	0.022654521591
4041.65894884	0.0226547054662
4041.97310811	0.0226548799592
4042.28726737	0.0226552474666
4042.60142664	0.0226556875441
4042.9155859	0.0226560499118
4043.22974517	0.0226561918179
4043.54390444	0.0226560969845
4043.8580637	0.0226561806907
4044.17222297	0.0226561443599
4044.48638223	0.0226559826113
4044.8005415	0.0226559956551
4045.11470076	0.0226561107058
4045.42886003	0.0226561328236
4045.74301929	0.0226561906607
4046.05717856	0.02265646835
4046.37133782	0.0226566511281
4046.68549709	0.0226565316537
4046.99965635	0.0226564695271
4047.31381562	0.0226564754573
4047.62797489	0.0226562053892
4047.94213415	0.022655935542
4048.25629342	0.0226558822629
4048.57045268	0.0226557239186
4048.88461195	0.0226554190105
4049.19877121	0.0226552646233
4049.51293048	0.0226552996646
4049.82708974	0.022655276925
4050.14124901	0.0226552137295
4050.45540827	0.0226552632146
4050.76956754	0.0226553915474
4051.0837268	0.0226554574451
4051.39788607	0.0226554498508
4051.71204534	0.0226554547701
4052.0262046	0.0226553724805
4052.34036387	0.0226550425613
4052.65452313	0.0226545892863
4052.9686824	0.0226543220404
4053.28284166	0.0226541661004
4053.59700093	0.0226538746875
4053.91116019	0.0226536036711
4054.22531946	0.0226534536179
4054.53947872	0.0226533618467
4054.85363799	0.0226532642322
4055.16779725	0.0226530550011
4055.48195652	0.0226530666637
4055.79611578	0.0226529999222
4056.11027505	0.0226527137418
4056.42443432	0.0226527196109
4056.73859358	0.0226528358528
4057.05275285	0.0226525971153
4057.36691211	0.0226522368927
4057.68107138	0.02265204424
4057.99523064	0.0226517446059
4058.30938991	0.0226513805574
4058.62354917	0.0226511333798
4058.93770844	0.0226509353889
4059.2518677	0.0226506585326
4059.56602697	0.0226504176119
4059.88018623	0.0226502976435
4060.1943455	0.0226501289422
4060.50850477	0.0226499164743
4060.82266403	0.022649666513
4061.1368233	0.0226492501309
4061.45098256	0.0226487581023
4061.76514183	0.0226483427315
4062.07930109	0.0226478470045
4062.39346036	0.0226473872388
4062.70761962	0.0226469309279
4063.02177889	0.0226464274487
4063.33593815	0.0226460551188
4063.65009742	0.022645840544
4063.96425668	0.0226456433577
4064.27841595	0.0226454150067
4064.59257521	0.0226452072059
4064.90673448	0.0226449741961
4065.22089375	0.022644719598
4065.53505301	0.022644452378
4065.84921228	0.0226440183712
4066.16337154	0.0226435047333
4066.47753081	0.0226430570529
4066.79169007	0.0226426398662
4067.10584934	0.0226421723533
4067.4200086	0.022641667876
4067.73416787	0.0226413002084
4068.04832713	0.0226410575986
4068.3624864	0.0226407482983
4068.67664566	0.0226404392379
4068.99080493	0.0226401602324
4069.3049642	0.0226398402744
4069.61912346	0.0226395741434
4069.93328273	0.0226391416273
4070.24744199	0.0226386986532
4070.56160126	0.0226384021279
4070.87576052	0.0226380418654
4071.18991979	0.0226376212926
4071.50407905	0.0226371893054
4071.81823832	0.0226368222142
4072.13239758	0.0226365385679
4072.44655685	0.0226363555012
4072.76071611	0.0226362455662
4073.07487538	0.0226361891044
4073.38903464	0.0226362159708
4073.70319391	0.0226364025516
4074.01735318	0.0226364365106
4074.33151244	0.0226358637515
4074.64567171	0.0226355320003
4074.95983097	0.0226354717191
4075.27399024	0.0226351553314
4075.5881495	0.0226347763565
4075.90230877	0.022634607324
4076.21646803	0.0226346187619
4076.5306273	0.0226345584937
4076.84478656	0.0226344358605
4077.15894583	0.022634507383
4077.47310509	0.0226348227162
4077.78726436	0.0226350909137
4078.10142363	0.0226353086477
4078.41558289	0.0226355119519
4078.72974216	0.0226355142598
4079.04390142	0.0226354398665
4079.35806069	0.0226353415244
4079.67221995	0.0226352095152
4079.98637922	0.0226351599556
4080.30053848	0.0226351521931
4080.61469775	0.022635243921
4080.92885701	0.0226355619667
4081.24301628	0.0226359277505
4081.55717554	0.0226361291755
4081.87133481	0.0226362732378
4082.18549407	0.0226364157003
4082.49965334	0.0226364300086
4082.81381261	0.0226363709891
4083.12797187	0.0226363825698
4083.44213114	0.022636267987
4083.7562904	0.0226361242087
4084.07044967	0.0226360965984
4084.38460893	0.0226361088848
4084.6987682	0.0226361314124
4085.01292746	0.0226361839776
4085.32708673	0.0226362816468
4085.64124599	0.0226364393855
4085.95540526	0.0226366751456
4086.26956452	0.0226369373681
4086.58372379	0.0226371234072
4086.89788306	0.0226372722904
4087.21204232	0.02263747363
4087.52620159	0.0226375889793
4087.84036085	0.0226373413208
4088.15452012	0.0226371190096
4088.46867938	0.0226371436067
4088.78283865	0.0226369677997
4089.09699791	0.0226366696904
4089.41115718	0.022636495185
4089.72531644	0.0226364456489
4090.03947571	0.0226363683836
4090.35363497	0.0226362295255
4090.66779424	0.0226361307048
4090.9819535	0.0226361492479
4091.29611277	0.0226362805327
4091.61027204	0.0226364442867
4091.9244313	0.0226365706164
4092.23859057	0.0226366761082
4092.55274983	0.0226367249786
4092.8669091	0.0226366039077
4093.18106836	0.0226364254729
4093.49522763	0.022636233539
4093.80938689	0.0226360522206
4094.12354616	0.0226359065914
4094.43770542	0.0226357645398
4094.75186469	0.0226358413334
4095.06602395	0.0226359550197
4095.38018322	0.0226357234209
4095.69434249	0.0226354246284
4096.00850175	0.0226353627724
4096.32266102	0.0226351393004
4096.63682028	0.022634655517
4096.95097955	0.0226344629416
4097.26513881	0.0226343506079
4097.57929808	0.022633988539
4097.89345734	0.0226336145752
4098.20761661	0.0226334799432
4098.52177587	0.0226334699473
4098.83593514	0.022633415042
4099.1500944	0.0226334148661
4099.46425367	0.0226335511523
4099.77841293	0.0226337017672
4100.0925722	0.0226337388735
4100.40673147	0.0226338263632
4100.72089073	0.0226339372277
4101.03505	0.022633725042
4101.34920926	0.0226332150071
4101.66336853	0.0226329849956
4101.97752779	0.0226328176011
4102.29168706	0.0226324178658
4102.60584632	0.0226320395163
4102.92000559	0.0226318735034
4103.23416485	0.0226317678892
4103.54832412	0.022631591484
4103.86248338	0.0226314819861
4104.17664265	0.022631373531
4104.49080192	0.0226312320618
4104.80496118	0.0226311097223
4105.11912045	0.0226310572785
4105.43327971	0.0226310783648
4105.74743898	0.0226310114667
4106.06159824	0.0226305837274
4106.37575751	0.0226301851752
4106.68991677	0.0226298877883
4107.00407604	0.0226293611684
4107.3182353	0.0226289013046
4107.63239457	0.0226286412218
4107.94655383	0.0226283593483
4108.2607131	0.0226279765374
4108.57487236	0.0226277783518
4108.88903163	0.0226277495201
4109.2031909	0.0226274603311
4109.51735016	0.0226269122508
4109.83150943	0.022626570838
4110.14566869	0.0226262052585
4110.45982796	0.0226255558406
4110.77398722	0.0226249789141
4111.08814649	0.0226246986214
4111.40230575	0.0226243144119
4111.71646502	0.0226237452017
4112.03062428	0.0226233680222
4112.34478355	0.0226232392997
4112.65894281	0.0226230341463
4112.97310208	0.0226227834057
4113.28726135	0.0226226806977
4113.60142061	0.022622626755
4113.91557988	0.0226224963878
4114.22973914	0.0226223574539
4114.54389841	0.0226222723715
4114.85805767	0.0226220611468
4115.17221694	0.0226215742108
4115.4863762	0.0226210789835
4115.80053547	0.0226208405342
4116.11469473	0.0226206177346
4116.428854	0.0226202813078
4116.74301326	0.0226200455539
4117.05717253	0.0226199334978
4117.3713318	0.0226198943891
4117.68549106	0.0226197647798
4117.99965033	0.022619586055
4118.31380959	0.0226197317875
4118.62796886	0.0226195301613
4118.94212812	0.0226192927638
4119.25628739	0.0226194743827
4119.57044665	0.0226195893949
4119.88460592	0.0226193214378
4120.19876518	0.0226191533211
4120.51292445	0.0226190778189
4120.82708371	0.0226188841028
4121.14124298	0.0226187130127
4121.45540224	0.0226186969569
4121.76956151	0.022618675185
4122.08372078	0.0226185917893
4122.39788004	0.0226186230526
4122.71203931	0.0226187478725
4123.02619857	0.0226188008685
4123.34035784	0.0226188669071
4123.6545171	0.0226188474966
4123.96867637	0.0226186705948
4124.28283563	0.0226185463054
4124.5969949	0.0226184235307
4124.91115416	0.0226182672382
4125.22531343	0.0226182362007
4125.53947269	0.0226181779638
4125.85363196	0.0226180554655
4126.16779123	0.0226181247603
4126.48195049	0.0226183956233
4126.79610976	0.0226186384494
4127.11026902	0.0226188117612
4127.42442829	0.022619032704
4127.73858755	0.0226192295507
4128.05274682	0.0226193871319
4128.36690608	0.0226194826882
4128.68106535	0.0226194313068
4128.99522461	0.0226193489049
4129.30938388	0.0226193264987
4129.62354314	0.0226193151991
4129.93770241	0.0226192419396
4130.25186167	0.0226191630902
4130.56602094	0.0226192573143
4130.88018021	0.0226193779972
4131.19433947	0.0226194101831
4131.50849874	0.0226194707502
4131.822658	0.0226194140358
4132.13681727	0.0226194174233
4132.45097653	0.0226194700307
4132.7651358	0.0226191938102
4133.07929506	0.0226190517145
4133.39345433	0.0226190484313
4133.70761359	0.0226189168797
4134.02177286	0.0226187253055
4134.33593212	0.0226185637006
4134.65009139	0.0226184319717
4134.96425066	0.0226183483464
4135.27840992	0.022618385734
4135.59256919	0.0226184820587
4135.90672845	0.0226185910406
4136.22088772	0.0226187739434
4136.53504698	0.0226190286864
4136.84920625	0.0226189025173
4137.16336551	0.0226183717282
4137.47752478	0.0226183009099
4137.79168404	0.0226182735822
4138.10584331	0.0226180030351
4138.42000257	0.0226176942419
4138.73416184	0.0226175967402
4139.0483211	0.022617706405
4139.36248037	0.0226176714647
4139.67663964	0.0226175103049
4139.9907989	0.022617627627
4140.30495817	0.0226179563252
4140.61911743	0.0226181888115
4140.9332767	0.022618365338
4141.24743596	0.0226183415308
4141.56159523	0.0226182297338
4141.87575449	0.0226181050235
4142.18991376	0.0226178557007
4142.50407302	0.0226176991015
4142.81823229	0.0226176132788
4143.13239155	0.0226175264398
4143.44655082	0.0226176036146
4143.76071009	0.0226178576391
4144.07486935	0.0226179888971
4144.38902862	0.0226179573042
4144.70318788	0.0226178703096
4145.01734715	0.0226177161752
4145.33150641	0.0226174955483
4145.64566568	0.0226171659753
4145.95982494	0.0226168390703
4146.27398421	0.0226165161029
4146.58814347	0.0226161593112
4146.90230274	0.0226157915152
4147.216462	0.0226154780582
4147.53062127	0.022615253476
4147.84478053	0.0226150443498
4148.1589398	0.0226148336886
4148.47309907	0.0226146874883
4148.78725833	0.0226146269255
4149.1014176	0.0226145393307
4149.41557686	0.0226143615074
4149.72973613	0.0226141818506
4150.04389539	0.0226140369324
4150.35805466	0.0226136901462
4150.67221392	0.0226130166549
4150.98637319	0.0226126363257
4151.30053245	0.0226122459162
4151.61469172	0.0226116386452
4151.92885098	0.0226110820636
4152.24301025	0.0226106856145
4152.55716952	0.0226103094739
4152.87132878	0.0226098840986
4153.18548805	0.0226095090626
4153.49964731	0.0226091874062
4153.81380658	0.022608938035
4154.12796584	0.022608805609
4154.44212511	0.0226087245826
4154.75628437	0.0226086389502
4155.07044364	0.0226085373827
4155.3846029	0.0226083494802
4155.69876217	0.0226080084593
4156.01292143	0.0226076228571
4156.3270807	0.022607291127
4156.64123996	0.0226069875686
4156.95539923	0.0226066841756
4157.2695585	0.0226065141802
4157.58371776	0.0226065400951
4157.89787703	0.0226064293915
4158.21203629	0.0226059765411
4158.52619556	0.0226056694342
4158.84035482	0.0226055280964
4159.15451409	0.0226050502152
4159.46867335	0.022604477507
4159.78283262	0.022604286607
4160.09699188	0.0226040653004
4160.41115115	0.0226035830589
4160.72531041	0.0226031565557
4161.03946968	0.0226030056581
4161.35362895	0.0226029555949
4161.66778821	0.0226028568262
4161.98194748	0.022602821964
4162.29610674	0.0226029223481
4162.61026601	0.0226029965703
4162.92442527	0.022602988241
4163.23858454	0.0226030647003
4163.5527438	0.0226030298643
4163.86690307	0.0226026319293
4164.18106233	0.02260214708
4164.4952216	0.0226020053848
4164.80938086	0.0226017088445
4165.12354013	0.0226012427759
4165.4376994	0.0226009686954
4165.75185866	0.0226009112795
4166.06601793	0.0226007937099
4166.38017719	0.0226006631089
4166.69433646	0.0226006318418
4167.00849572	0.0226005486499
4167.32265499	0.0226005345274
4167.63681425	0.0226004282716
4167.95097352	0.0226004283786
4168.26513278	0.0226005935002
4168.57929205	0.0226005573929
4168.89345131	0.0226002049997
4169.20761058	0.0226000661795
4169.52176984	0.0225998690799
4169.83592911	0.022599553369
4170.15008838	0.0225994339945
4170.46424764	0.022599431113
4170.77840691	0.0225993396241
4171.09256617	0.0225992958333
4171.40672544	0.0225995037688
4171.7208847	0.0225996850918
4172.03504397	0.0225995752508
4172.34920323	0.0225993896178
4172.6633625	0.0225994062077
4172.97752176	0.0225992415677
4173.29168103	0.0225989151762
4173.60584029	0.0225987821977
4173.91999956	0.0225987983089
4174.23415883	0.0225986822325
4174.54831809	0.0225984924593
4174.86247736	0.0225985208653
4175.17663662	0.0225987150887
4175.49079589	0.0225988274388
4175.80495515	0.0225989572677
4176.11911442	0.0225992048113
4176.43327368	0.0225994439497
4176.74743295	0.0225996313131
4177.06159221	0.0225997975162
4177.37575148	0.0225999897752
4177.68991074	0.0225999639083
4178.00407001	0.0225997302862
4178.31822927	0.0225996636071
4178.63238854	0.0225997555187
4178.94654781	0.0225997395589
4179.26070707	0.022599703055
4179.57486634	0.022599829256
4179.8890256	0.0226000314013
4180.20318487	0.0226002654578
4180.51734413	0.0226002660052
4180.8315034	0.0226004848129
4181.14566266	0.0226008281334
4181.45982193	0.022600682555
4181.77398119	0.0226007712486
4182.08814046	0.0226011962581
4182.40229972	0.0226013438286
4182.71645899	0.0226012788461
4183.03061826	0.0226013713193
4183.34477752	0.0226014342331
4183.65893679	0.0226014354703
4183.97309605	0.022601506215
4184.28725532	0.0226016703838
4184.60141458	0.0226017961839
4184.91557385	0.0226018954892
4185.22973311	0.0226020924976
4185.54389238	0.0226022371976
4185.85805164	0.0226022921876
4186.17221091	0.0226024573983
4186.48637017	0.0226024569072
4186.80052944	0.0226022084944
4187.1146887	0.0226021334323
4187.42884797	0.0226020586829
4187.74300724	0.0226018634036
4188.0571665	0.0226017303959
4188.37132577	0.0226015899675
4188.68548503	0.0226014236501
4188.9996443	0.022601378254
4189.31380356	0.022601457957
4189.62796283	0.0226014820606
4189.94212209	0.0226014794551
4190.25628136	0.0226015026662
4190.57044062	0.0226014521214
4190.88459989	0.0226014039282
4191.19875915	0.0226013169717
4191.51291842	0.0226009947655
4191.82707769	0.0226006032521
4192.14123695	0.0226003119217
4192.45539622	0.0226000217477
4192.76955548	0.0225995914075
4193.08371475	0.0225992690722
4193.39787401	0.0225991585577
4193.71203328	0.0225989599824
4194.02619254	0.0225986990028
4194.34035181	0.0225984576865
4194.65451107	0.0225980764805
4194.96867034	0.022597826279
4195.2828296	0.0225974394785
4195.59698887	0.0225967353143
4195.91114813	0.0225963276806
4196.2253074	0.0225960333451
4196.53946667	0.02259559083
4196.85362593	0.0225950938867
4197.1677852	0.0225946594699
4197.48194446	0.0225942811305
4197.79610373	0.0225940007835
4198.11026299	0.022593819081
4198.42442226	0.0225936701028
4198.73858152	0.0225935569937
4199.05274079	0.0225935545254
4199.36690005	0.0225934745758
4199.68105932	0.022592797123
4199.99521858	0.0225921642691
4200.30937785	0.0225920049338
4200.62353712	0.0225916854361
4200.93769638	0.0225911351598
4201.25185565	0.0225906630659
4201.56601491	0.022590449567
4201.88017418	0.022590377394
4202.19433344	0.022590092099
4202.50849271	0.0225897476354
4202.82265197	0.0225896802851
4203.13681124	0.0225897618725
4203.4509705	0.0225897508629
4203.76512977	0.0225895926693
4204.07928903	0.0225891938668
4204.3934483	0.0225888922917
4204.70760756	0.0225885649269
4205.02176683	0.0225881617781
4205.3359261	0.0225878423805
4205.65008536	0.0225876030253
4205.96424463	0.0225874347924
4206.27840389	0.0225874563123
4206.59256316	0.022587523471
4206.90672242	0.0225874338235
4207.22088169	0.0225872353827
4207.53504095	0.0225869394913
4207.84920022	0.0225866915887
4208.16335948	0.0225863024071
4208.47751875	0.0225857502348
4208.79167801	0.0225854180509
4209.10583728	0.0225851143399
4209.41999655	0.0225846154255
4209.73415581	0.0225841838734
4210.04831508	0.0225839430008
4210.36247434	0.0225837739567
4210.67663361	0.0225835945665
4210.99079287	0.0225834535337
4211.30495214	0.0225834278599
4211.6191114	0.0225834669643
4211.93327067	0.02258346706
4212.24742993	0.0225833984219
4212.5615892	0.0225833433969
4212.87574846	0.0225833084472
4213.18990773	0.0225829567408
4213.50406699	0.0225824413299
4213.81822626	0.0225823107957
4214.13238553	0.0225820881288
4214.44654479	0.0225816401461
4214.76070406	0.0225813396657
4215.07486332	0.0225812273243
4215.38902259	0.0225810783168
4215.70318185	0.0225809067003
4216.01734112	0.0225808260764
4216.33150038	0.0225807771607
4216.64565965	0.0225807639127
4216.95981891	0.0225809105343
4217.27397818	0.0225811287479
4217.58813744	0.022581313597
4217.90229671	0.0225814529283
4218.21645598	0.0225814686599
4218.53061524	0.0225813796195
4218.84477451	0.0225812913334
4219.15893377	0.0225812053251
4219.47309304	0.0225811177501
4219.7872523	0.0225810980223
4220.10141157	0.0225812674395
4220.41557083	0.022581562463
4220.7297301	0.0225816234159
4221.04388936	0.0225814451948
4221.35804863	0.0225814723503
4221.67220789	0.0225815754691
4221.98636716	0.0225814207175
4222.30052642	0.0225811452758
4222.61468569	0.0225811996736
4222.92884496	0.0225813098548
4223.24300422	0.0225811711003
4223.55716349	0.0225810640083
4223.87132275	0.0225812014689
4224.18548202	0.0225814803076
4224.49964128	0.0225817558584
4224.81380055	0.0225820710969
4225.12795981	0.0225824622393
4225.44211908	0.0225828336515
4225.75627834	0.0225832199009
4226.07043761	0.0225835943358
4226.38459687	0.0225836799396
4226.69875614	0.0225835252762
4227.01291541	0.0225835739955
4227.32707467	0.0225836712569
4227.64123394	0.0225836083546
4227.9553932	0.0225835034683
4228.26955247	0.0225835889176
4228.58371173	0.0225837819725
4228.897871	0.0225838970472
4229.21203026	0.0225840919462
4229.52618953	0.0225843245592
4229.84034879	0.0225844244011
4230.15450806	0.0225846294702
4230.46866732	0.0225846459969
4230.78282659	0.0225847336973
4231.09698586	0.0225849649063
4231.41114512	0.022584952287
4231.72530439	0.0225847439986
4232.03946365	0.0225846458809
4232.35362292	0.0225844127574
4232.66778218	0.0225841676687
4232.98194145	0.0225840862665
4233.29610071	0.022583990195
4233.61025998	0.0225838224073
4233.92441924	0.022583781658
4234.23857851	0.022583877022
4234.55273777	0.0225838563371
4234.86689704	0.0225835641964
4235.1810563	0.0225832269553
4235.49521557	0.0225830233088
4235.80937484	0.0225825766767
4236.1235341	0.0225820287583
4236.43769337	0.0225816575088
4236.75185263	0.022581400723
4237.0660119	0.022581014306
4237.38017116	0.0225805659148
4237.69433043	0.0225803111181
4238.00848969	0.0225801917921
4238.32264896	0.0225800554588
4238.63680822	0.0225799563602
4238.95096749	0.0225799040126
4239.26512675	0.0225798618491
4239.57928602	0.0225797224772
4239.89344529	0.0225795628367
4240.20760455	0.0225793447034
4240.52176382	0.0225788668656
4240.83592308	0.0225784136044
4241.15008235	0.0225781246522
4241.46424161	0.0225778287867
4241.77840088	0.0225774755221
4242.09256014	0.0225772270364
4242.40671941	0.0225771307345
4242.72087867	0.0225770342798
4243.03503794	0.0225769732478
4243.3491972	0.0225767044565
4243.66335647	0.0225766133204
4243.97751573	0.0225765502654
4244.291675	0.0225760990936
4244.60583427	0.0225758701671
4244.91999353	0.0225758376751
4245.2341528	0.0225755997131
4245.54831206	0.0225753484869
4245.86247133	0.0225751174714
4246.17663059	0.022574824394
4246.49078986	0.0225745953213
4246.80494912	0.0225744698966
4247.11910839	0.0225743468554
4247.43326765	0.0225741647003
4247.74742692	0.0225740621023
4248.06158618	0.0225740189606
4248.37574545	0.0225738566731
4248.68990472	0.0225736224562
4249.00406398	0.0225734748436
4249.31822325	0.0225732009027
4249.63238251	0.0225727872345
4249.94654178	0.0225724787119
4250.26070104	0.0225721632567
4250.57486031	0.0225717985725
4250.88901957	0.022571550608
4251.20317884	0.0225713038095
4251.5173381	0.0225709803653
4251.83149737	0.022570824888
4252.14565663	0.022570784618
4252.4598159	0.0225707021525
4252.77397516	0.022570633025
4253.08813443	0.0225705971135
4253.4022937	0.0225705256059
4253.71645296	0.0225704387642
4254.03061223	0.0225703612697
4254.34477149	0.0225700569525
4254.65893076	0.0225696191335
4254.97309002	0.0225693157282
4255.28724929	0.022569067262
4255.60140855	0.0225687600978
4255.91556782	0.0225685969999
4256.22972708	0.0225685459135
4256.54388635	0.0225684511022
4256.85804561	0.0225683205339
4257.17220488	0.0225681346193
4257.48636415	0.0225677243084
4257.80052341	0.0225676428548
4258.11468268	0.0225672084447
4258.42884194	0.0225666272572
4258.74300121	0.0225664187872
4259.05716047	0.0225662800376
4259.37131974	0.0225660067649
4259.685479	0.0225657305952
4259.99963827	0.0225655447679
4260.31379753	0.0225654487308
4260.6279568	0.0225654552208
4260.94211606	0.0225655010505
4261.25627533	0.0225655539126
4261.57043459	0.0225657270696
4261.88459386	0.0225659289951
4262.19875313	0.0225657617513
4262.51291239	0.0225652012536
4262.82707166	0.0225651097472
4263.14123092	0.022565151755
4263.45539019	0.0225650292401
4263.76954945	0.0225648342392
4264.08370872	0.0225647556353
4264.39786798	0.0225648397946
4264.71202725	0.0225650504007
4265.02618651	0.0225651137055
4265.34034578	0.0225650677119
4265.65450504	0.0225652533163
4265.96866431	0.0225656589802
4266.28282358	0.0225659795908
4266.59698284	0.0225659880182
4266.91114211	0.0225658813145
4267.22530137	0.0225660191612
4267.53946064	0.0225660196899
4267.8536199	0.0225660059153
4268.16777917	0.0225661407377
4268.48193843	0.0225663193047
4268.7960977	0.0225665749556
4269.11025696	0.0225669937802
4269.42441623	0.0225674016073
4269.73857549	0.0225676757693
4270.05273476	0.0225678190939
4270.36689402	0.0225677545331
4270.68105329	0.0225678557169
4270.99521256	0.0225677595108
4271.30937182	0.0225674829184
4271.62353109	0.0225674508292
4271.93769035	0.022567447244
4272.25184962	0.0225672610851
4272.56600888	0.0225670976484
4272.88016815	0.0225671105159
4273.19432741	0.0225672129736
4273.50848668	0.0225672928755
4273.82264594	0.0225673906933
4274.13680521	0.0225675699478
4274.45096447	0.0225677734339
4274.76512374	0.02256789698
4275.07928301	0.0225679293549
4275.39344227	0.0225679730991
4275.70760154	0.0225679916597
4276.0217608	0.022567733339
4276.33592007	0.022567352965
4276.65007933	0.0225671238544
4276.9642386	0.0225669225453
4277.27839786	0.0225665747545
4277.59255713	0.022566210961
4277.90671639	0.0225659961194
4278.22087566	0.0225657864371
4278.53503492	0.0225655488602
4278.84919419	0.0225653972931
4279.16335345	0.0225652079669
4279.47751272	0.0225649902111
4279.79167199	0.0225649292662
4280.10583125	0.0225649689384
4280.41999052	0.0225649770806
4280.73414978	0.022564899084
4281.04830905	0.0225646768658
4281.36246831	0.0225644358829
4281.67662758	0.0225641756848
4281.99078684	0.0225638925033
4282.30494611	0.0225636341985
4282.61910537	0.0225633846053
4282.93326464	0.0225633418934
4283.2474239	0.0225633844629
4283.56158317	0.0225631370725
4283.87574244	0.0225626869249
4284.1899017	0.0225624042588
4284.50406097	0.0225621785167
4284.81822023	0.0225617274798
4285.1323795	0.0225611978921
4285.44653876	0.0225608562948
4285.76069803	0.0225606461012
4286.07485729	0.0225603212776
4286.38901656	0.0225599280294
4286.70317582	0.0225596450757
4287.01733509	0.0225596027684
4287.33149435	0.0225596623664
4287.64565362	0.0225596924564
4287.95981289	0.0225597153021
4288.27397215	0.0225597844877
4288.58813142	0.0225598406971
4288.90229068	0.0225597790266
4289.21644995	0.0225594519625
4289.53060921	0.0225590598715
4289.84476848	0.0225588077293
4290.15892774	0.0225585084229
4290.47308701	0.0225581626223
4290.78724627	0.0225578655354
4291.10140554	0.022557622731
4291.4155648	0.0225574831145
4291.72972407	0.0225573675095
4292.04388333	0.0225572758921
4292.3580426	0.022557224282
4292.67220187	0.0225570346189
4292.98636113	0.022556989883
4293.3005204	0.0225568175784
4293.61467966	0.0225564656104
4293.92883893	0.0225562925584
4294.24299819	0.0225560762291
4294.55715746	0.0225557334868
4294.87131672	0.0225554220945
4295.18547599	0.0225550500789
4295.49963525	0.0225547208652
4295.81379452	0.0225545013856
4296.12795378	0.0225543025436
4296.44211305	0.0225541327203
4296.75627232	0.0225540613098
4297.07043158	0.0225540311086
4297.38459085	0.0225539401263
4297.69875011	0.0225536202487
4298.01290938	0.0225532165681
4298.32706864	0.0225529987432
4298.64122791	0.0225525959535
4298.95538717	0.0225520985097
4299.26954644	0.0225517744102
4299.5837057	0.0225515316818
4299.89786497	0.0225512684342
4300.21202423	0.0225509977603
4300.5261835	0.0225507694708
4300.84034276	0.022550663022
4301.15450203	0.0225507067577
4301.4686613	0.022550775419
4301.78282056	0.0225508209696
4302.09697983	0.022550908202
4302.41113909	0.0225509458976
4302.72529836	0.0225508583411
4303.03945762	0.022550650238
4303.35361689	0.022550437086
4303.66777615	0.0225502622579
4303.98193542	0.0225500596428
4304.29609468	0.0225499068328
4304.61025395	0.0225498324372
4304.92441321	0.0225498251054
4305.23857248	0.0225499291819
4305.55273175	0.0225500709487
4305.86689101	0.0225501705105
4306.18105028	0.0225501223875
4306.49520954	0.0225501071958
4306.80936881	0.0225501208997
4307.12352807	0.0225500111857
4307.43768734	0.0225498828677
4307.7518466	0.0225498793675
4308.06600587	0.0225499464696
4308.38016513	0.0225499535751
4308.6943244	0.0225499120794
4309.00848366	0.0225499086718
4309.32264293	0.0225499507382
4309.63680219	0.0225500249257
4309.95096146	0.0225501398887
4310.26512073	0.0225502800161
4310.57927999	0.0225504513827
4310.89343926	0.0225506309388
4311.20759852	0.022550777132
4311.52175779	0.0225508673636
4311.83591705	0.022550878892
4312.15007632	0.0225508778822
4312.46423558	0.0225508561438
4312.77839485	0.0225508003333
4313.09255411	0.022550696362
4313.40671338	0.0225506302036
4313.72087264	0.022550674736
4314.03503191	0.0225507037669
4314.34919118	0.0225506545511
4314.66335044	0.022550655731
4314.97750971	0.0225508149623
4315.29166897	0.0225510013121
4315.60582824	0.0225511343992
4315.9199875	0.0225513061136
4316.23414677	0.0225514484867
4316.54830603	0.0225514990557
4316.8624653	0.0225515106999
4317.17662456	0.0225514433447
4317.49078383	0.0225512283929
4317.80494309	0.0225510542878
4318.11910236	0.0225509076652
4318.43326162	0.0225508451837
4318.74742089	0.0225509511514
4319.06158016	0.0225510387132
4319.37573942	0.0225509893415
4319.68989869	0.0225509532389
4320.00405795	0.0225508002672
4320.31821722	0.0225504188489
4320.63237648	0.022550268083
4320.94653575	0.0225498810887
4321.26069501	0.0225494437183
4321.57485428	0.0225492138758
4321.88901354	0.0225490358289
4322.20317281	0.0225488510977
4322.51733207	0.0225487109673
4322.83149134	0.0225486335521
4323.14565061	0.0225486348308
4323.45980987	0.0225487456342
4323.77396914	0.0225488162534
4324.0881284	0.0225488641374
4324.40228767	0.0225490632538
4324.71644693	0.0225491612404
4325.0306062	0.0225488045821
4325.34476546	0.0225483305785
4325.65892473	0.0225482455884
4325.97308399	0.0225481319844
4326.28724326	0.0225480190525
4326.60140252	0.0225479021925
4326.91556179	0.0225478180159
4327.22972105	0.0225478061913
4327.54388032	0.0225477740775
4327.85803959	0.0225477779205
4328.17219885	0.0225477361804
4328.48635812	0.0225475899045
4328.80051738	0.0225475480843
4329.11467665	0.0225476174862
4329.42883591	0.0225474719976
4329.74299518	0.0225472145522
4330.05715444	0.0225470477307
4330.37131371	0.0225468220848
4330.68547297	0.0225466499762
4330.99963224	0.0225465554192
4331.3137915	0.022546456904
4331.62795077	0.0225464510798
4331.94211004	0.0225465396591
4332.2562693	0.0225466079945
4332.57042857	0.0225465675128
4332.88458783	0.0225463034952
4333.1987471	0.0225457950902
4333.51290636	0.0225455864637
4333.82706563	0.0225450826722
4334.14122489	0.0225444347522
4334.45538416	0.0225440029555
4334.76954342	0.022543645609
4335.08370269	0.0225432400694
4335.39786195	0.0225427837334
4335.71202122	0.0225423912891
4336.02618048	0.0225421864095
4336.34033975	0.0225420915893
4336.65449902	0.022541980319
4336.96865828	0.022541869054
4337.28281755	0.0225417976277
4337.59697681	0.0225416826427
4337.91113608	0.0225414590729
4338.22529534	0.0225412320144
4338.53945461	0.0225410190464
4338.85361387	0.0225406232478
4339.16777314	0.0225400849191
4339.4819324	0.0225397089242
4339.79609167	0.0225393817315
4340.11025093	0.022538903681
4340.4244102	0.0225384734722
4340.73856947	0.0225382278524
4341.05272873	0.0225380242764
4341.366888	0.022537760577
4341.68104726	0.0225374910435
4341.99520653	0.0225373485589
4342.30936579	0.0225372081053
4342.62352506	0.0225369128608
4342.93768432	0.0225367686024
4343.25184359	0.0225368626593
4343.56600285	0.0225368853342
4343.88016212	0.0225366360284
4344.19432138	0.0225363769059
4344.50848065	0.0225362539238
4344.82263991	0.022536083893
4345.13679918	0.0225358749417
4345.45095845	0.0225357005534
4345.76511771	0.022535711513
4346.07927698	0.022535794043
4346.39343624	0.0225357208186
4346.70759551	0.0225354018167
4347.02175477	0.0225351289093
4347.33591404	0.0225350154185
4347.6500733	0.0225347662213
4347.96423257	0.0225343681678
4348.27839183	0.0225340761806
4348.5925511	0.0225339611543
4348.90671036	0.0225338272318
4349.22086963	0.0225336224042
4349.5350289	0.0225334486808
4349.84918816	0.022533466116
4350.16334743	0.0225336479526
4350.47750669	0.0225338749165
4350.79166596	0.0225340568955
4351.10582522	0.0225342688699
4351.41998449	0.0225344542333
4351.73414375	0.0225344092413
4352.04830302	0.0225342640689
4352.36246228	0.0225341692432
4352.67662155	0.0225340050254
4352.99078081	0.0225338653603
4353.30494008	0.0225338248453
4353.61909935	0.0225338101428
4353.93325861	0.0225337249716
4354.24741788	0.0225337795733
4354.56157714	0.0225339743289
4354.87573641	0.0225341536941
4355.18989567	0.0225342536271
4355.50405494	0.0225342532773
4355.8182142	0.0225343435961
4356.13237347	0.0225343396686
4356.44653273	0.0225341623044
4356.760692	0.0225340061474
4357.07485126	0.0225339745159
4357.38901053	0.0225339899723
4357.70316979	0.0225339245716
4358.01732906	0.0225338314009
4358.33148833	0.0225338047726
4358.64564759	0.0225338396571
4358.95980686	0.0225339102232
4359.27396612	0.0225339841788
4359.58812539	0.0225340817911
4359.90228465	0.0225342451383
4360.21644392	0.0225344347087
4360.53060318	0.0225344523213
4360.84476245	0.0225341436504
4361.15892171	0.022533980423
4361.47308098	0.022533897633
4361.78724024	0.0225336362039
4362.10139951	0.0225333828901
4362.41555878	0.0225332261175
4362.72971804	0.0225331392737
4363.04387731	0.0225331041122
4363.35803657	0.0225330128655
4363.67219584	0.0225329104541
4363.9863551	0.0225329809231
4364.30051437	0.0225331799258
4364.61467363	0.0225333366226
4364.9288329	0.0225334256404
4365.24299216	0.0225334458281
4365.55715143	0.0225333252044
4365.87131069	0.022533076825
4366.18546996	0.022532882611
4366.49962922	0.0225327707018
4366.81378849	0.0225326355523
4367.12794776	0.0225324781147
4367.44210702	0.022532405852
4367.75626629	0.0225324636699
4368.07042555	0.0225326391338
4368.38458482	0.0225328020432
4368.69874408	0.0225328200834
4369.01290335	0.0225327497874
4369.32706261	0.0225326701586
4369.64122188	0.0225324740992
4369.95538114	0.0225323640843
4370.26954041	0.0225321668628
4370.58369967	0.0225319322844
4370.89785894	0.0225318077743
4371.21201821	0.0225317066575
4371.52617747	0.0225316115991
4371.84033674	0.0225315626098
4372.154496	0.0225315379479
4372.46865527	0.0225315350677
4372.78281453	0.0225315710828
4373.0969738	0.0225316420518
4373.41113306	0.022531679889
4373.72529233	0.0225317279791
4374.03945159	0.0225317896391
4374.35361086	0.0225317399807
4374.66777012	0.0225315043152
4374.98192939	0.0225312661725
4375.29608865	0.0225311585561
4375.61024792	0.0225309347332
4375.92440719	0.0225305662178
4376.23856645	0.0225303346791
4376.55272572	0.0225301756903
4376.86688498	0.0225299627933
4377.18104425	0.0225297650324
4377.49520351	0.0225295992848
4377.80936278	0.0225294079215
4378.12352204	0.0225292264938
4378.43768131	0.0225291585542
4378.75184057	0.0225291431352
4379.06599984	0.0225290484044
4379.3801591	0.0225288197319
4379.69431837	0.0225285597817
4380.00847764	0.0225282508446
4380.3226369	0.0225278610253
4380.63679617	0.0225274887995
4380.95095543	0.0225272129713
4381.2651147	0.0225269336144
4381.57927396	0.0225267569726
4381.89343323	0.0225266978617
4382.20759249	0.0225265573045
4382.52175176	0.0225263142421
4382.83591102	0.0225258149942
4383.15007029	0.0225253875695
4383.46422955	0.0225250501823
4383.77838882	0.0225243726189
4384.09254808	0.0225238656012
4384.40670735	0.022523641793
4384.72086662	0.0225232815009
4385.03502588	0.0225228210706
4385.34918515	0.0225225837094
4385.66334441	0.0225225230591
4385.97750368	0.0225224919361
4386.29166294	0.0225224842692
4386.60582221	0.0225225000699
4386.91998147	0.0225225472201
4387.23414074	0.0225226318151
4387.5483	0.0225225915243
4387.86245927	0.0225222410553
4388.17661853	0.022521881554
4388.4907778	0.0225217276822
4388.80493707	0.022521472553
4389.11909633	0.0225213343267
4389.4332556	0.0225213703986
4389.74741486	0.0225213339917
4390.06157413	0.0225212689314
4390.37573339	0.0225212756139
4390.68989266	0.0225212473244
4391.00405192	0.0225210681704
4391.31821119	0.0225210463645
4391.63237045	0.0225207525311
4391.94652972	0.0225203879024
4392.26068898	0.0225202565303
4392.57484825	0.022520166431
4392.88900751	0.0225200099655
4393.20316678	0.0225198657123
4393.51732605	0.0225197926144
4393.83148531	0.0225197859139
4394.14564458	0.0225198657294
4394.45980384	0.0225199821781
4394.77396311	0.0225200732532
4395.08812237	0.0225201800827
4395.40228164	0.0225202883113
4395.7164409	0.022520126824
4396.03060017	0.0225196075004
4396.34475943	0.0225194476075
4396.6589187	0.022519233725
4396.97307796	0.0225187989292
4397.28723723	0.0225184219519
4397.6013965	0.0225181970835
4397.91555576	0.0225179929307
4398.22971503	0.0225178136965
4398.54387429	0.0225176523093
4398.85803356	0.0225175001589
4399.17219282	0.0225174932237
4399.48635209	0.0225176440894
4399.80051135	0.0225177989227
4400.11467062	0.0225179176429
4400.42882988	0.0225180388234
4400.74298915	0.0225181192523
4401.05714841	0.0225181310426
4401.37130768	0.0225180847916
4401.68546694	0.0225178802154
4401.99962621	0.0225176095805
4402.31378548	0.0225174126906
4402.62794474	0.0225172756499
4402.94210401	0.0225171735923
4403.25626327	0.0225170388603
4403.57042254	0.0225169391709
4403.8845818	0.0225170024439
4404.19874107	0.0225170566768
4404.51290033	0.0225170827223
4404.8270596	0.0225169577536
4405.14121886	0.0225169153422
4405.45537813	0.0225169603191
4405.76953739	0.0225167413772
4406.08369666	0.0225166085419
4406.39785593	0.0225167453032
4406.71201519	0.0225167357414
4407.02617446	0.0225165939997
4407.34033372	0.0225165570239
4407.65449299	0.0225165103891
4407.96865225	0.0225164645682
4408.28281152	0.0225165325317
4408.59697078	0.0225166273615
4408.91113005	0.0225166847858
4409.22528931	0.0225167839351
4409.53944858	0.0225167418521
4409.85360784	0.0225164960205
4410.16776711	0.0225163445564
4410.48192638	0.0225162883298
4410.79608564	0.0225161074505
4411.11024491	0.0225158435611
4411.42440417	0.0225157794475
4411.73856344	0.0225157642517
4412.0527227	0.0225156560962
4412.36688197	0.0225156940059
4412.68104123	0.022515798911
4412.9952005	0.022515872245
4413.30935976	0.0225161023417
4413.62351903	0.0225164412417
4413.93767829	0.0225167390062
4414.25183756	0.0225168883558
4414.56599682	0.022516878694
4414.88015609	0.0225168652675
4415.19431536	0.0225168245113
4415.50847462	0.0225166690945
4415.82263389	0.02251658364
4416.13679315	0.0225166076177
4416.45095242	0.0225166038276
4416.76511168	0.022516526477
4417.07927095	0.0225165633451
4417.39343021	0.0225168496495
4417.70758948	0.0225170808519
4418.02174874	0.0225170642555
4418.33590801	0.0225170653488
4418.65006727	0.0225169286119
4418.96422654	0.022516709701
4419.27838581	0.0225165406373
4419.59254507	0.0225161977856
4419.90670434	0.0225159052604
4420.2208636	0.0225157119335
4420.53502287	0.0225155277599
4420.84918213	0.0225153799287
4421.1633414	0.022515258264
4421.47750066	0.0225151455008
4421.79165993	0.0225150726427
4422.10581919	0.0225150171854
4422.41997846	0.0225148950925
4422.73413772	0.0225148029372
4423.04829699	0.0225147840565
4423.36245625	0.0225146107418
4423.67661552	0.0225140768607
4423.99077479	0.0225136184213
4424.30493405	0.0225133785594
4424.61909332	0.0225129764329
4424.93325258	0.0225125519532
4425.24741185	0.0225122996469
4425.56157111	0.0225120996396
4425.87573038	0.0225118491414
4426.18988964	0.0225116303787
4426.50404891	0.0225114726701
4426.81820817	0.0225112720942
4427.13236744	0.022511070848
4427.4465267	0.0225109700446
4427.76068597	0.0225109414197
4428.07484524	0.0225106895323
4428.3890045	0.0225103053355
4428.70316377	0.022510004076
4429.01732303	0.0225096254289
4429.3314823	0.0225092588933
4429.64564156	0.0225090445154
4429.95980083	0.0225088919905
4430.27396009	0.0225087010098
4430.58811936	0.0225085763801
4430.90227862	0.0225086296897
4431.21643789	0.0225087319505
4431.53059715	0.0225086815068
4431.84475642	0.0225084139582
4432.15891568	0.0225080608223
4432.47307495	0.0225078810733
4432.78723422	0.0225075597947
4433.10139348	0.0225070898042
4433.41555275	0.0225067950179
4433.72971201	0.0225066115944
4434.04387128	0.0225062565837
4434.35803054	0.0225058975432
4434.67218981	0.0225057842607
4434.98634907	0.0225057705382
4435.30050834	0.0225056772649
4435.6146676	0.0225055981746
4435.92882687	0.0225055794399
4436.24298613	0.0225055360664
4436.5571454	0.0225054549768
4436.87130467	0.0225054040964
4437.18546393	0.0225053471517
4437.4996232	0.0225051841437
4437.81378246	0.0225049717826
4438.12794173	0.0225048294115
4438.44210099	0.0225047316361
4438.75626026	0.0225044623677
4439.07041952	0.0225041479212
4439.38457879	0.0225040402688
4439.69873805	0.0225039999058
4440.01289732	0.0225037872795
4440.32705658	0.0225034666802
4440.64121585	0.0225035062923
4440.95537511	0.0225033697415
4441.26953438	0.022503012678
4441.58369365	0.0225029683294
4441.89785291	0.0225031289431
4442.21201218	0.0225031050271
4442.52617144	0.0225029360012
4442.84033071	0.0225028047682
4443.15448997	0.0225026634744
4443.46864924	0.0225024879944
4443.7828085	0.0225023729416
4444.09696777	0.0225022724812
4444.41112703	0.0225021839142
4444.7252863	0.0225021955965
4445.03944556	0.0225022695542
4445.35360483	0.0225022013788
4445.6677641	0.0225017701926
4445.98192336	0.0225014152965
4446.29608263	0.0225012460741
4446.61024189	0.0225008519854
4446.92440116	0.022500455694
4447.23856042	0.0225002188516
4447.55271969	0.022500105892
4447.86687895	0.0224999184701
4448.18103822	0.0224996920065
4448.49519748	0.0224996335447
4448.80935675	0.022499798824
4449.12351601	0.0225000224701
4449.43767528	0.0225001911652
4449.75183454	0.0225003822625
4450.06599381	0.0225006088505
4450.38015308	0.0225006908436
4450.69431234	0.0225004857277
4451.00847161	0.0225003567505
4451.32263087	0.0225004202136
4451.63679014	0.0225002821314
4451.9509494	0.0225002111854
4452.26510867	0.022500493413
4452.57926793	0.0225008132374
4452.8934272	0.0225009175748
4453.20758646	0.0225009740051
4453.52174573	0.0225011552842
4453.83590499	0.0225013241774
4454.15006426	0.0225011608998
4454.46422353	0.0225011806814
4454.77838279	0.022501167833
4455.09254206	0.0225009762657
4455.40670132	0.0225008489701
4455.72086059	0.0225009542658
4456.03501985	0.0225011110587
4456.34917912	0.0225011830143
4456.66333838	0.0225013406983
4456.97749765	0.0225016661766
4457.29165691	0.022502014519
4457.60581618	0.0225022419934
4457.91997544	0.0225024079499
4458.23413471	0.0225026416276
4458.54829398	0.0225027554976
4458.86245324	0.0225025051213
4459.17661251	0.0225021876763
4459.49077177	0.0225020995072
4459.80493104	0.0225020150934
4460.1190903	0.0225017854441
4460.43324957	0.0225015710952
4460.74740883	0.0225014562132
4461.0615681	0.022501364014
4461.37572736	0.0225012970228
4461.68988663	0.0225012641171
4462.00404589	0.0225011864616
4462.31820516	0.0225010961105
4462.63236442	0.0225011631599
4462.94652369	0.0225013131966
4463.26068296	0.0225014136811
4463.57484222	0.0225014430817
4463.88900149	0.0225014605589
4464.20316075	0.0225013000476
4464.51732002	0.0225009731368
4464.83147928	0.0225006957121
4465.14563855	0.0225003955616
4465.45979781	0.0225001370378
4465.77395708	0.0224999193749
4466.08811634	0.0224997074615
4466.40227561	0.0224995283215
4466.71643487	0.0224994423621
4467.03059414	0.0224994445757
4467.34475341	0.0224993651162
4467.65891267	0.0224990453511
4467.97307194	0.02249875114
4468.2872312	0.0224984851172
4468.60139047	0.0224981085595
4468.91554973	0.0224977615647
4469.229709	0.0224974885311
4469.54386826	0.0224971834811
4469.85802753	0.0224969084688
4470.17218679	0.0224967589286
4470.48634606	0.0224965983515
4470.80050532	0.02249642589
4471.11466459	0.0224963186899
4471.42882385	0.0224962003686
4471.74298312	0.0224960365512
4472.05714239	0.0224959203524
4472.37130165	0.0224957431296
4472.68546092	0.0224953493817
4472.99962018	0.0224949194808
4473.31377945	0.0224946822282
4473.62793871	0.0224944090246
4473.94209798	0.0224939801188
4474.25625724	0.0224937216489
4474.57041651	0.0224936074823
4474.88457577	0.0224934124686
4475.19873504	0.0224932612452
4475.5128943	0.0224932873288
4475.82705357	0.0224932642455
4476.14121284	0.0224931577181
4476.4553721	0.0224931247774
4476.76953137	0.0224931454027
4477.08369063	0.0224931094802
4477.3978499	0.0224929326752
4477.71200916	0.0224927471936
4478.02616843	0.0224924482124
4478.34032769	0.0224921851004
4478.65448696	0.0224920472235
4478.96864622	0.0224919015998
4479.28280549	0.0224917567373
4479.59696475	0.022491646411
4479.91112402	0.0224916043375
4480.22528328	0.022491814067
4480.53944255	0.0224920044419
4480.85360182	0.0224919823899
4481.16776108	0.0224917823354
4481.48192035	0.0224914657394
4481.79607961	0.0224913005154
4482.11023888	0.0224908930552
4482.42439814	0.022490456065
4482.73855741	0.0224902276462
4483.05271667	0.02249000863
4483.36687594	0.0224897088401
4483.6810352	0.022489513058
4483.99519447	0.0224894771958
4484.30935373	0.0224894887336
4484.623513	0.0224894852663
4484.93767227	0.0224895069375
4485.25183153	0.0224895347664
4485.5659908	0.0224895200221
4485.88015006	0.0224894945707
4486.19430933	0.0224893753472
4486.50846859	0.0224889923425
4486.82262786	0.0224886368078
4487.13678712	0.0224884576664
4487.45094639	0.0224882376703
4487.76510565	0.0224880032238
4488.07926492	0.0224879370137
4488.39342418	0.0224879280919
4488.70758345	0.0224878833338
4489.02174271	0.0224878127222
4489.33590198	0.022487730226
4489.65006125	0.022487512838
4489.96422051	0.0224874608718
4490.27837978	0.0224872609547
4490.59253904	0.0224869448395
4490.90669831	0.0224867999043
4491.22085757	0.0224866958558
4491.53501684	0.0224865044825
4491.8491761	0.022486218127
4492.16333537	0.0224860448455
4492.47749463	0.0224860553131
4492.7916539	0.0224860526987
4493.10581316	0.0224860353253
4493.41997243	0.0224861280014
4493.7341317	0.0224863228335
4494.04829096	0.0224865316212
4494.36245023	0.0224865818553
4494.67660949	0.0224864161448
4494.99076876	0.0224862184245
4495.30492802	0.0224861225321
4495.61908729	0.0224858909306
4495.93324655	0.0224856649507
4496.24740582	0.0224853849783
4496.56156508	0.0224852799293
4496.87572435	0.022485290799
4497.18988361	0.0224851011784
4497.50404288	0.02248494068
4497.81820214	0.0224850743755
4498.13236141	0.0224853622446
4498.44652068	0.0224855372371
4498.76067994	0.0224856290963
4499.07483921	0.0224858030224
4499.38899847	0.0224859473883
4499.70315774	0.0224860438947
4500.017317	0.0224861441261
4500.33147627	0.0224862307399
4500.64563553	0.0224863204874
4500.9597948	0.0224864652474
4501.27395406	0.0224865820688
4501.58811333	0.022486521035
4501.90227259	0.0224864693465
4502.21643186	0.0224865677818
4502.53059113	0.022486650889
4502.84475039	0.0224866431312
4503.15890966	0.0224864416684
4503.47306892	0.022486434672
4503.78722819	0.0224865119722
4504.10138745	0.0224862259158
4504.41554672	0.0224860070951
4504.72970598	0.0224860871956
4505.04386525	0.0224862098855
4505.35802451	0.0224861798949
4505.67218378	0.0224860797119
4505.98634304	0.0224860107537
4506.30050231	0.0224859271545
4506.61466157	0.0224858382164
4506.92882084	0.0224857605294
4507.24298011	0.0224856751456
4507.55713937	0.0224855963664
4507.87129864	0.0224855501198
4508.1854579	0.0224854664373
4508.49961717	0.0224850371884
4508.81377643	0.02248442446
4509.1279357	0.0224841328016
4509.44209496	0.0224838187596
4509.75625423	0.0224834056981
4510.07041349	0.0224829745126
4510.38457276	0.0224825999648
4510.69873202	0.0224824352374
4511.01289129	0.0224822719869
4511.32705056	0.0224819564548
4511.64120982	0.0224818121361
4511.95536909	0.0224819221095
4512.26952835	0.0224819932728
4512.58368762	0.0224820087983
4512.89784688	0.0224820548118
4513.21200615	0.0224818727109
4513.52616541	0.0224815324554
4513.84032468	0.022481359671
4514.15448394	0.0224811407943
4514.46864321	0.0224809278695
4514.78280247	0.0224808005092
4515.09696174	0.0224807904608
4515.411121	0.0224809189604
4515.72528027	0.022481025257
4516.03943954	0.0224809859628
4516.3535988	0.0224808510811
4516.66775807	0.022480847331
4516.98191733	0.0224805759954
4517.2960766	0.0224802661832
4517.61023586	0.0224800977466
4517.92439513	0.0224798326371
4518.23855439	0.0224795507004
4518.55271366	0.0224793469803
4518.86687292	0.0224792110412
4519.18103219	0.0224791941483
4519.49519145	0.0224792654593
4519.80935072	0.022479364001
4520.12350999	0.0224794921914
4520.43766925	0.0224796211458
4520.75182852	0.0224796577909
4521.06598778	0.0224796347459
4521.38014705	0.0224796189079
4521.69430631	0.0224793926516
4522.00846558	0.0224789585328
4522.32262484	0.0224786242612
4522.63678411	0.0224784560905
4522.95094337	0.022478233151
4523.26510264	0.0224779274663
4523.5792619	0.0224776711598
4523.89342117	0.0224775553859
4524.20758044	0.0224774918779
4524.5217397	0.0224773555703
4524.83589897	0.0224772802693
4525.15005823	0.0224772106864
4525.4642175	0.0224770583815
4525.77837676	0.0224769846365
4526.09253603	0.0224770597577
4526.40669529	0.0224771630456
4526.72085456	0.0224770438015
4527.03501382	0.022476595747
4527.34917309	0.02247636939
4527.66333235	0.0224762100077
4527.97749162	0.0224758219201
4528.29165088	0.0224755237853
4528.60581015	0.0224753979402
4528.91996942	0.0224753075358
4529.23412868	0.022475214545
4529.54828795	0.0224751596746
4529.86244721	0.0224751950985
4530.17660648	0.0224751950277
4530.49076574	0.0224749212403
4530.80492501	0.0224745771772
4531.11908427	0.0224743519603
4531.43324354	0.0224739969514
4531.7474028	0.0224736645081
4532.06156207	0.0224735501435
4532.37572133	0.0224732938302
4532.6898806	0.0224729124411
4533.00403987	0.0224728025009
4533.31819913	0.0224728614139
4533.6323584	0.0224728627619
4533.94651766	0.0224728170326
4534.26067693	0.0224728310147
4534.57483619	0.0224728229527
4534.88899546	0.022472714857
4535.20315472	0.0224725972929
4535.51731399	0.022472420808
4535.83147325	0.0224721890633
4536.14563252	0.0224720335005
4536.45979178	0.022471892825
4536.77395105	0.0224716859849
4537.08811031	0.0224716269199
4537.40226958	0.0224717442875
4537.71642885	0.0224717673642
4538.03058811	0.0224718357066
4538.34474738	0.0224720012665
4538.65890664	0.0224720904197
4538.97306591	0.022472152145
4539.28722517	0.0224720866855
4539.60138444	0.0224719473387
4539.9155437	0.022471944791
4540.22970297	0.0224720058993
4540.54386223	0.0224718917879
4540.8580215	0.0224717236358
4541.17218076	0.0224716603253
4541.48634003	0.0224716121355
4541.8004993	0.0224715960175
4542.11465856	0.0224716410493
4542.42881783	0.0224716864233
4542.74297709	0.0224719007059
4543.05713636	0.0224722407048
4543.37129562	0.0224725066298
4543.68545489	0.0224725872291
4543.99961415	0.0224722800887
4544.31377342	0.0224720869759
4544.62793268	0.0224720609827
4544.94209195	0.0224717122784
4545.25625121	0.0224713742577
4545.57041048	0.0224711902346
4545.88456974	0.0224711713987
4546.19872901	0.0224710887543
4546.51288828	0.0224708520759
4546.82704754	0.0224707672041
4547.14120681	0.0224709429276
4547.45536607	0.0224711278015
4547.76952534	0.0224712184925
4548.0836846	0.0224713308183
4548.39784387	0.0224714075083
4548.71200313	0.0224713351711
4549.0261624	0.0224712158952
4549.34032166	0.0224709933084
4549.65448093	0.0224707452255
4549.96864019	0.0224705849552
4550.28279946	0.0224704285494
4550.59695873	0.0224702683789
4550.91111799	0.0224703108514
4551.22527726	0.0224704142058
4551.53943652	0.0224703623402
4551.85359579	0.0224702700574
4552.16775505	0.0224702823246
4552.48191432	0.0224699565777
4552.79607358	0.022469770338
4553.11023285	0.0224697399226
4553.42439211	0.0224692635829
4553.73855138	0.0224688787985
4554.05271064	0.0224687830534
4554.36686991	0.0224686620135
4554.68102917	0.0224684009432
4554.99518844	0.0224682428662
4555.30934771	0.0224682404586
4555.62350697	0.0224682814753
4555.93766624	0.0224683447632
4556.2518255	0.022468409906
4556.56598477	0.0224684911267
4556.88014403	0.0224685893777
4557.1943033	0.022468571025
4557.50846256	0.0224683212259
4557.82262183	0.0224679995381
4558.13678109	0.0224677919603
4558.45094036	0.0224676008466
4558.76509962	0.0224673123781
4559.07925889	0.0224669567123
4559.39341816	0.0224666935941
4559.70757742	0.0224665847661
4560.02173669	0.0224664695643
4560.33589595	0.0224661587594
4560.65005522	0.0224659735955
4560.96421448	0.0224660914721
4561.27837375	0.0224662282172
4561.59253301	0.0224662024497
4561.90669228	0.0224661613625
4562.22085154	0.0224661260687
4562.53501081	0.0224660701109
4562.84917007	0.0224660010735
4563.16332934	0.0224659102019
4563.4774886	0.0224658472594
4563.79164787	0.0224658169155
4564.10580714	0.0224658081617
4564.4199664	0.0224657558098
4564.73412567	0.0224656293895
4565.04828493	0.0224654896673
4565.3624442	0.0224653643329
4565.67660346	0.0224652245408
4565.99076273	0.0224650125974
4566.30492199	0.0224646229331
4566.61908126	0.0224643297022
4566.93324052	0.0224641660817
4567.24739979	0.0224638293125
4567.56155905	0.0224634767595
4567.87571832	0.0224633885254
4568.18987759	0.0224633443777
4568.50403685	0.0224631347867
4568.81819612	0.0224629772426
4569.13235538	0.0224628453518
4569.44651465	0.0224626982526
4569.76067391	0.0224625760258
4570.07483318	0.0224624161846
4570.38899244	0.0224622183093
4570.70315171	0.0224621204715
4571.01731097	0.0224619480391
4571.33147024	0.0224613860604
4571.6456295	0.022460764587
4571.95978877	0.0224604284916
4572.27394803	0.0224601239882
4572.5881073	0.0224597444975
4572.90226657	0.0224593297996
4573.21642583	0.022458996482
4573.5305851	0.0224588096772
4573.84474436	0.0224586930513
4574.15890363	0.0224585180228
4574.47306289	0.0224583294378
4574.78722216	0.0224582806428
4575.10138142	0.022458359897
4575.41554069	0.0224584806648
4575.72969995	0.0224585382847
4576.04385922	0.0224582637447
4576.35801848	0.0224580762506
4576.67217775	0.0224579221961
4576.98633702	0.0224577013024
4577.30049628	0.0224576132731
4577.61465555	0.0224576207514
4577.92881481	0.0224575894768
4578.24297408	0.0224576467806
4578.55713334	0.0224578730739
4578.87129261	0.0224580382851
4579.18545187	0.0224580230619
4579.49961114	0.022457911194
4579.8137704	0.0224577702668
4580.12792967	0.0224576340629
4580.44208893	0.0224574322141
4580.7562482	0.022457242156
4581.07040747	0.0224571814379
4581.38456673	0.0224570658206
4581.698726	0.0224569349077
4582.01288526	0.0224570220678
4582.32704453	0.0224572655901
4582.64120379	0.0224574596467
4582.95536306	0.022457640855
4583.26952232	0.0224578957913
4583.58368159	0.0224580821098
4583.89784085	0.0224581875425
4584.21200012	0.0224583160664
4584.52615938	0.022458284307
4584.84031865	0.0224579845196
4585.15447791	0.0224578021941
4585.46863718	0.0224577896672
4585.78279645	0.022457689273
4586.09695571	0.0224574631612
4586.41111498	0.0224573675548
4586.72527424	0.0224574604591
4587.03943351	0.0224575083524
4587.35359277	0.0224575383759
4587.66775204	0.0224575821891
4587.9819113	0.0224575970739
4588.29607057	0.022457628457
4588.61022983	0.0224575744986
4588.9243891	0.0224576415756
4589.23854836	0.0224577857957
4589.55270763	0.0224576373539
4589.8668669	0.0224573466045
4590.18102616	0.0224572181631
4590.49518543	0.0224570140506
4590.80934469	0.0224567701398
4591.12350396	0.0224566276181
4591.43766322	0.0224565704104
4591.75182249	0.0224565644544
4592.06598175	0.0224565917208
4592.38014102	0.0224565812803
4592.69430028	0.0224566294896
4593.00845955	0.0224566591323
4593.32261881	0.0224564093643
4593.63677808	0.0224560223263
4593.95093734	0.0224558765995
4594.26509661	0.0224556101829
4594.57925588	0.0224552730133
4594.89341514	0.0224551837569
4595.20757441	0.0224549877731
4595.52173367	0.0224546502093
4595.83589294	0.0224545668364
4596.1500522	0.022454706088
4596.46421147	0.0224547833165
4596.77837073	0.0224547783693
4597.09253	0.0224548168528
4597.40668926	0.0224547768919
4597.72084853	0.0224546207435
4598.03500779	0.0224544975061
4598.34916706	0.0224543614163
4598.66332633	0.0224541619645
4598.97748559	0.0224539946547
4599.29164486	0.0224538622537
4599.60580412	0.0224537549179
4599.91996339	0.0224539193393
4600.23412265	0.0224540587524
4600.54828192	0.0224540921403
4600.86244118	0.0224541901897
4601.17660045	0.0224543819367
4601.49075971	0.0224543792488
4601.80491898	0.0224542877962
4602.11907824	0.0224541777931
4602.43323751	0.0224539697991
4602.74739677	0.0224538431702
4603.06155604	0.0224538336826
4603.37571531	0.0224537109474
4603.68987457	0.0224535428336
4604.00403384	0.0224534786513
4604.3181931	0.0224534591236
4604.63235237	0.0224534525073
4604.94651163	0.022453439796
4605.2606709	0.0224535813448
4605.57483016	0.0224538427533
4605.88898943	0.0224540685825
4606.20314869	0.0224541901748
4606.51730796	0.0224540040371
4606.83146722	0.022453550378
4607.14562649	0.0224535021258
4607.45978576	0.0224531959465
4607.77394502	0.0224527473129
4608.08810429	0.0224524292995
4608.40226355	0.022452177947
4608.71642282	0.0224520431563
4609.03058208	0.0224518594517
4609.34474135	0.0224515149257
4609.65890061	0.0224513201147
4609.97305988	0.0224514181985
4610.28721914	0.0224515053511
4610.60137841	0.0224514709275
4610.91553767	0.0224514142781
4611.22969694	0.0224512719611
4611.5438562	0.0224510492575
4611.85801547	0.0224507968201
4612.17217474	0.0224504655534
4612.486334	0.0224501159556
4612.80049327	0.0224498490315
4613.11465253	0.0224496257435
4613.4288118	0.0224494311888
4613.74297106	0.0224493612641
4614.05713033	0.0224493105091
4614.37128959	0.022449133358
4614.68544886	0.0224489755047
4614.99960812	0.0224487694651
4615.31376739	0.0224481578357
4615.62792665	0.0224480607325
4615.94208592	0.0224477509889
4616.25624519	0.0224470715267
4616.57040445	0.0224466443932
4616.88456372	0.0224464880569
4617.19872298	0.0224462205521
4617.51288225	0.0224458936236
4617.82704151	0.0224457349384
4618.14120078	0.0224456784106
4618.45536004	0.0224456675216
4618.76951931	0.0224456680178
4619.08367857	0.022445642113
4619.39783784	0.0224456401173
4619.7119971	0.0224456361112
4620.02615637	0.0224455181991
4620.34031563	0.0224450979194
4620.6544749	0.0224448093797
4620.96863417	0.0224446261419
4621.28279343	0.0224443501914
4621.5969527	0.0224440754352
4621.91111196	0.0224438102415
4622.22527123	0.0224435143912
4622.53943049	0.0224434162611
4622.85358976	0.022443313377
4623.16774902	0.0224430230867
4623.48190829	0.0224428673598
4623.79606755	0.0224429675548
4624.11022682	0.0224431281247
4624.42438608	0.0224431538962
4624.73854535	0.0224431009729
4625.05270462	0.0224431298086
4625.36686388	0.0224431911019
4625.68102315	0.0224431730825
4625.99518241	0.022443177715
4626.30934168	0.0224432386039
4626.62350094	0.0224433017423
4626.93766021	0.0224433976624
4627.25181947	0.0224434806582
4627.56597874	0.0224434806722
4627.880138	0.022443427022
4628.19429727	0.0224433351529
4628.50845653	0.0224433240617
4628.8226158	0.0224432281834
4629.13677506	0.0224428430017
4629.45093433	0.0224426953065
4629.7650936	0.0224426554899
4630.07925286	0.0224424090908
4630.39341213	0.0224421679791
4630.70757139	0.0224421434652
4631.02173066	0.022442142766
4631.33588992	0.0224421222458
4631.65004919	0.0224420792486
4631.96420845	0.0224420323695
4632.27836772	0.0224420268284
4632.59252698	0.0224419770594
4632.90668625	0.0224418778306
4633.22084551	0.0224417817446
4633.53500478	0.0224417444223
4633.84916405	0.0224415449158
4634.16332331	0.0224410064164
4634.47748258	0.0224405983003
4634.79164184	0.0224403716303
4635.10580111	0.022440100753
4635.41996037	0.0224397826639
4635.73411964	0.0224394913236
4636.0482789	0.0224392993411
4636.36243817	0.0224391941059
4636.67659743	0.0224391024823
4636.9907567	0.0224390108539
4637.30491596	0.0224389080821
4637.61907523	0.0224389185107
4637.9332345	0.0224390647819
4638.24739376	0.0224392718961
4638.56155303	0.0224393181583
4638.87571229	0.0224390966078
4639.18987156	0.0224390060231
4639.50403082	0.0224389322531
4639.81819009	0.0224388211804
4640.13234935	0.0224387906448
4640.44650862	0.0224388507227
4640.76066788	0.0224389441619
4641.07482715	0.0224390468337
4641.38898641	0.022439273572
4641.70314568	0.0224395789195
4642.01730494	0.0224397465667
4642.33146421	0.0224396405429
4642.64562348	0.0224395636837
4642.95978274	0.0224395594791
4643.27394201	0.0224394553214
4643.58810127	0.0224393616407
4643.90226054	0.0224393710522
4644.2164198	0.022439359802
4644.53057907	0.0224393344247
4644.84473833	0.0224394798351
4645.1588976	0.0224397555296
4645.47305686	0.0224400064934
4645.78721613	0.0224402397618
4646.10137539	0.0224404972807
4646.41553466	0.0224406932988
4646.72969393	0.0224408654079
4647.04385319	0.0224409904051
4647.35801246	0.0224409443013
4647.67217172	0.0224407003522
4647.98633099	0.0224405228082
4648.30049025	0.0224404382998
4648.61464952	0.0224402535187
4648.92880878	0.0224401092393
4649.24296805	0.0224401291022
4649.55712731	0.0224401286127
4649.87128658	0.0224401482298
4650.18544584	0.0224402250775
4650.49960511	0.0224402206696
4650.81376437	0.0224401203251
4651.12792364	0.0224401358387
4651.44208291	0.0224400126324
4651.75624217	0.0224398951271
4652.07040144	0.0224397884565
4652.3845607	0.0224394987692
4652.69871997	0.022439245847
4653.01287923	0.0224389554807
4653.3270385	0.0224385860512
4653.64119776	0.0224383269082
4653.95535703	0.0224381646668
4654.26951629	0.0224380334962
4654.58367556	0.0224379552846
4654.89783482	0.0224378613231
4655.21199409	0.022437730194
4655.52615336	0.0224376912733
4655.84031262	0.0224374977988
4656.15447189	0.0224369151787
4656.46863115	0.0224364990962
4656.78279042	0.0224363548833
4657.09694968	0.0224359399639
4657.41110895	0.0224354894951
4657.72526821	0.0224352573135
4658.03942748	0.0224350414637
4658.35358674	0.0224347101305
4658.66774601	0.0224344927733
4658.98190527	0.0224345001589
4659.29606454	0.0224345294823
4659.6102238	0.0224344676476
4659.92438307	0.0224343001407
4660.23854234	0.0224340475692
4660.5527016	0.0224338150806
4660.86686087	0.0224335817884
4661.18102013	0.0224332757088
4661.4951794	0.022432987725
4661.80933866	0.022432791439
4662.12349793	0.0224325508051
4662.43765719	0.0224325424177
4662.75181646	0.0224327111142
4663.06597572	0.0224327606291
4663.38013499	0.0224327237268
4663.69429425	0.0224328007813
4664.00845352	0.0224328858548
4664.32261279	0.022432678664
4664.63677205	0.0224325335382
4664.95093132	0.0224323618895
4665.26509058	0.0224320246968
4665.57924985	0.0224318334963
4665.89340911	0.0224317493186
4666.20756838	0.0224315871902
4666.52172764	0.0224314150057
4666.83588691	0.0224313118835
4667.15004617	0.0224312781485
4667.46420544	0.0224312991944
4667.7783647	0.0224314236509
4668.09252397	0.0224315982429
4668.40668323	0.0224317751365
4668.7208425	0.0224319825543
4669.03500177	0.0224319835615
4669.34916103	0.0224315812012
4669.6633203	0.0224313244579
4669.97747956	0.0224312037447
4670.29163883	0.022430834376
4670.60579809	0.0224305140645
4670.91995736	0.0224302656907
4671.23411662	0.0224300652998
4671.54827589	0.0224299570487
4671.86243515	0.0224298054161
4672.17659442	0.0224295599411
4672.49075368	0.0224294675672
4672.80491295	0.0224296107355
4673.11907222	0.0224297267771
4673.43323148	0.0224297588567
4673.74739075	0.0224297243082
4674.06155001	0.0224295895822
4674.37570928	0.0224294342094
4674.68986854	0.0224292218879
4675.00402781	0.0224289612516
4675.31818707	0.0224287146652
4675.63234634	0.0224285715933
4675.9465056	0.0224284740854
4676.26066487	0.0224283876357
4676.57482413	0.0224284197977
4676.8889834	0.0224284206933
4677.20314266	0.0224283071999
4677.51730193	0.0224282530086
4677.8314612	0.0224278370826
4678.14562046	0.0224275302586
4678.45977973	0.0224275421718
4678.77393899	0.0224270420871
4679.08809826	0.0224265299017
4679.40225752	0.022426345679
4679.71641679	0.0224262280166
4680.03057605	0.0224259874301
4680.34473532	0.0224258545985
4680.65889458	0.0224258532643
4680.97305385	0.0224258898965
4681.28721311	0.0224259732616
4681.60137238	0.022426058067
4681.91553165	0.0224261234803
4682.22969091	0.022426208824
4682.54385018	0.0224262324871
4682.85800944	0.0224260862333
4683.17216871	0.0224257481797
4683.48632797	0.0224256118367
4683.80048724	0.0224255028947
4684.1146465	0.0224253799379
4684.42880577	0.0224252297244
4684.74296503	0.0224249857876
4685.0571243	0.0224248006918
4685.37128356	0.0224248680501
4685.68544283	0.0224247829483
4685.99960209	0.0224245271748
4686.31376136	0.0224245156854
4686.62792063	0.0224247609557
4686.94207989	0.0224249527438
4687.25623916	0.022424980336
4687.57039842	0.0224250203342
4687.88455769	0.0224251695436
4688.19871695	0.0224252707266
4688.51287622	0.0224253040088
4688.82703548	0.0224253884539
4689.14119475	0.0224254938524
4689.45535401	0.0224256053265
4689.76951328	0.0224257205706
4690.08367254	0.0224257913715
4690.39783181	0.0224257741785
4690.71199108	0.0224256629969
4691.02615034	0.0224255968386
4691.34030961	0.0224256248485
4691.65446887	0.0224252983327
4691.96862814	0.02242493744
4692.2827874	0.0224249069399
4692.59694667	0.0224247222339
4692.91110593	0.0224243306254
4693.2252652	0.0224241271558
4693.53942446	0.022424080728
4693.85358373	0.0224240027328
4694.16774299	0.0224239161259
4694.48190226	0.0224238167165
4694.79606153	0.0224237286768
4695.11022079	0.0224236467167
4695.42438006	0.0224235050231
4695.73853932	0.0224233233693
4696.05269859	0.0224232038935
4696.36685785	0.0224230815598
4696.68101712	0.0224226774546
4696.99517638	0.0224220702431
4697.30933565	0.0224217458173
4697.62349491	0.0224214867014
4697.93765418	0.0224211156667
4698.25181344	0.0224207318123
4698.56597271	0.0224204473688
4698.88013197	0.0224202609674
4699.19429124	0.02242010901
4699.50845051	0.0224199848259
4699.82260977	0.022419794357
4700.13676904	0.0224196500025
4700.4509283	0.0224197407147
4700.76508757	0.0224199245042
4701.07924683	0.0224199991568
4701.3934061	0.0224197840763
4701.70756536	0.0224196322874
4702.02172463	0.0224196134261
4702.33588389	0.0224194439171
4702.65004316	0.022419325801
4702.96420242	0.0224193507978
4703.27836169	0.0224193951515
4703.59252096	0.0224194540279
4703.90668022	0.0224195772988
4704.22083949	0.022419781144
4704.53499875	0.0224200113949
4704.84915802	0.0224199993156
4705.16331728	0.0224198501074
4705.47747655	0.0224197315711
4705.79163581	0.0224196288022
4706.10579508	0.0224195003945
4706.41995434	0.0224193914629
4706.73411361	0.0224193142272
4707.04827287	0.0224191685885
4707.36243214	0.0224191266455
4707.6765914	0.0224192909181
4707.99075067	0.0224194815951
4708.30490994	0.0224196020209
4708.6190692	0.022419745498
4708.93322847	0.0224199218698
4709.24738773	0.0224200697479
4709.561547	0.0224201683881
4709.87570626	0.0224201567589
4710.18986553	0.0224198731524
4710.50402479	0.0224195144636
4710.81818406	0.0224193584965
4711.13234332	0.0224191710427
4711.44650259	0.0224189556762
4711.76066185	0.0224189221152
4712.07482112	0.0224188884353
4712.38898039	0.022418862639
4712.70313965	0.0224188740996
4713.01729892	0.0224188286589
4713.33145818	0.0224186954175
4713.64561745	0.0224186591929
4713.95977671	0.022418480638
4714.27393598	0.0224183350087
4714.58809524	0.0224182796101
4714.90225451	0.0224180181728
4715.21641377	0.0224177550206
4715.53057304	0.0224174679351
4715.8447323	0.0224171286185
4716.15889157	0.0224168827714
4716.47305083	0.0224167038051
4716.7872101	0.0224165822641
4717.10136937	0.0224165583383
4717.41552863	0.0224165023629
4717.7296879	0.0224163939268
4718.04384716	0.0224164394466
4718.35800643	0.022416358087
4718.67216569	0.0224158225112
4718.98632496	0.0224153466148
4719.30048422	0.0224153022661
4719.61464349	0.0224149431699
4719.92880275	0.0224144568487
4720.24296202	0.0224142604958
4720.55712128	0.0224141510529
4720.87128055	0.0224138452889
4721.18543982	0.0224136147992
4721.49959908	0.022413652457
4721.81375835	0.0224137691308
4722.12791761	0.022413797498
4722.44207688	0.0224137249865
4722.75623614	0.022413511433
4723.07039541	0.0224133003584
4723.38455467	0.0224131108031
4723.69871394	0.0224128651083
4724.0128732	0.0224126130202
4724.32703247	0.0224124420348
4724.64119173	0.0224122199935
4724.955351	0.0224122115528
4725.26951026	0.0224124588086
4725.58366953	0.0224125705182
4725.8978288	0.0224125741414
4726.21198806	0.0224127182365
4726.52614733	0.0224129500974
4726.84030659	0.0224129029779
4727.15446586	0.0224127514503
4727.46862512	0.022412774251
4727.78278439	0.0224125735899
4728.09694365	0.0224123283036
4728.41110292	0.0224123187334
4728.72526218	0.0224123455431
4729.03942145	0.0224122744759
4729.35358071	0.022412215528
4729.66773998	0.0224122447488
4729.98189925	0.0224123708368
4730.29605851	0.0224125790344
4730.61021778	0.0224128365303
4730.92437704	0.0224131215536
4731.23853631	0.0224134275034
4731.55269557	0.0224135835946
4731.86685484	0.0224134266991
4732.1810141	0.0224131595905
4732.49517337	0.0224131809078
4732.80933263	0.0224129394671
4733.1234919	0.0224126599486
4733.43765116	0.0224124782942
4733.75181043	0.0224123653047
4734.06596969	0.0224123383424
4734.38012896	0.0224122398835
4734.69428823	0.0224120415076
4735.00844749	0.0224120068409
4735.32260676	0.0224121671566
4735.63676602	0.0224123025566
4735.95092529	0.0224123404437
4736.26508455	0.0224123246376
4736.57924382	0.0224122188726
4736.89340308	0.0224120394484
4737.20756235	0.0224118151826
4737.52172161	0.0224115498104
4737.83588088	0.0224112666865
4738.15004014	0.0224110541747
4738.46419941	0.0224108999082
4738.77835868	0.022410740276
4739.09251794	0.0224106848683
4739.40667721	0.0224106453287
4739.72083647	0.0224105025457
4740.03499574	0.0224104184203
4740.349155	0.0224100572079
4740.66331427	0.0224095859366
4740.97747353	0.0224095692573
4741.2916328	0.0224090857539
4741.60579206	0.0224084519509
4741.91995133	0.0224081338241
4742.23411059	0.0224079524847
4742.54826986	0.0224076419054
4742.86242912	0.0224074082
4743.17658839	0.0224073246961
4743.49074766	0.0224072960801
4743.80490692	0.0224073287435
4744.11906619	0.022407375261
4744.43322545	0.0224074039696
4744.74738472	0.0224074487494
4745.06154398	0.0224074542724
4745.37570325	0.0224072741272
4745.68986251	0.0224068752258
4746.00402178	0.0224067012033
4746.31818104	0.0224065983705
4746.63234031	0.0224064419506
4746.94649957	0.0224062419019
4747.26065884	0.0224060060584
4747.57481811	0.0224058020057
4747.88897737	0.02240580687
4748.20313664	0.022405731776
4748.5172959	0.0224054561878
4748.83145517	0.0224053709232
4749.14561443	0.0224055679539
4749.4597737	0.0224057441157
4749.77393296	0.0224057603034
4750.08809223	0.0224057209221
4750.40225149	0.0224057883547
4750.71641076	0.0224058709336
4751.03057002	0.0224058371813
4751.34472929	0.0224058067232
4751.65888855	0.0224058398034
4751.97304782	0.0224058923793
4752.28720709	0.0224059598719
4752.60136635	0.022405948747
4752.91552562	0.0224058543602
4753.22968488	0.0224057116073
4753.54384415	0.0224055408917
4753.85800341	0.0224054462197
4754.17216268	0.0224050994662
4754.48632194	0.0224046401449
4754.80048121	0.0224044922882
4755.11464047	0.0224042105502
4755.42879974	0.0224037248673
4755.742959	0.0224034286539
4756.05711827	0.0224033183705
4756.37127754	0.0224031660255
4756.6854368	0.0224029836818
4756.99959607	0.0224028165314
4757.31375533	0.0224026837233
4757.6279146	0.0224025516289
4757.94207386	0.0224023543791
4758.25623313	0.0224021245191
4758.57039239	0.0224019490719
4758.88455166	0.0224017863303
4759.19871092	0.022401441627
4759.51287019	0.0224008299862
4759.82702945	0.0224004051445
4760.14118872	0.0224001266329
4760.45534799	0.0223997928043
4760.76950725	0.0223994283133
4761.08366652	0.0223990936977
4761.39782578	0.0223988717364
4761.71198505	0.0223987542216
4762.02614431	0.0223986505125
4762.34030358	0.0223984357814
4762.65446284	0.0223983164445
4762.96862211	0.0223984815686
4763.28278137	0.0223986873378
4763.59694064	0.0223987921698
4763.9110999	0.0223986879132
4764.22525917	0.0223985593371
4764.53941843	0.0223985884305
4764.8535777	0.0223984796085
4765.16773697	0.0223983986035
4765.48189623	0.0223984653151
4765.7960555	0.0223985615862
4766.11021476	0.0223986830298
4766.42437403	0.0223988681581
4766.73853329	0.0223991430871
4767.05269256	0.0223994156734
4767.36685182	0.0223994937149
4767.68101109	0.0223993858397
4767.99517035	0.0223993245971
4768.30932962	0.0223993144604
4768.62348888	0.0223992124948
4768.93764815	0.0223991724881
4769.25180742	0.0223991451768
4769.56596668	0.0223990513518
4769.88012595	0.0223990901526
4770.19428521	0.0223993225169
4770.50844448	0.0223995443403
4770.82260374	0.0223997137977
4771.13676301	0.022399948107
4771.45092227	0.0224001923991
4771.76508154	0.022400359613
4772.0792408	0.0224005965522
4772.39340007	0.0224007367649
4772.70755933	0.0224004515379
4773.0217186	0.022400134937
4773.33587786	0.0224000682186
4773.65003713	0.0223999138063
4773.9641964	0.0223997885086
4774.27835566	0.0223997894365
4774.59251493	0.0223997508604
4774.90667419	0.0223997647046
4775.22083346	0.0223998198726
4775.53499272	0.0223997804489
4775.84915199	0.0223997695351
4776.16331125	0.0223996815728
4776.47747052	0.0223995519689
4776.79162978	0.0223996182359
4777.10578905	0.022399665071
4777.41994831	0.0223993234529
4777.73410758	0.022399073967
4778.04826685	0.0223988804518
4778.36242611	0.022398546561
4778.67658538	0.0223982911783
4778.99074464	0.0223981434336
4779.30490391	0.022398064309
4779.61906317	0.0223980450913
4779.93322244	0.0223979754204
4780.2473817	0.0223979622022
4780.56154097	0.0223980268965
4780.87570023	0.0223978481244
4781.1898595	0.0223975481568
4781.50401876	0.0223970540213
4781.81817803	0.0223968226517
4782.13233729	0.0223965958647
4782.44649656	0.0223962048553
4782.76065583	0.0223958973206
4783.07481509	0.022395658964
4783.38897436	0.0223954160865
4783.70313362	0.0223953078798
4784.01729289	0.0223953115624
4784.33145215	0.0223953253964
4784.64561142	0.0223953719063
4784.95977068	0.0223954138087
4785.27392995	0.0223953261941
4785.58808921	0.0223951440914
4785.90224848	0.022394959088
4786.21640774	0.0223948049239
4786.53056701	0.0223945348326
4786.84472628	0.0223942923193
4787.15888554	0.0223940882364
4787.47304481	0.0223939409408
4787.78720407	0.0223940937768
4788.10136334	0.0223941477606
4788.4155226	0.022394107615
4788.72968187	0.0223942496196
4789.04384113	0.0223945091207
4789.3580004	0.0223945357691
4789.67215966	0.0223944595492
4789.98631893	0.0223945080525
4790.30047819	0.0223943192127
4790.61463746	0.0223941563555
4790.92879672	0.0223942143661
4791.24295599	0.0223941828383
4791.55711526	0.022394092579
4791.87127452	0.022394025555
4792.18543379	0.0223940186829
4792.49959305	0.0223940899051
4792.81375232	0.0223941375044
4793.12791158	0.022394323823
4793.44207085	0.022394638612
4793.75623011	0.0223949308879
4794.07038938	0.022395073727
4794.38454864	0.0223950154847
4794.69870791	0.0223947649291
4795.01286717	0.0223947113406
4795.32702644	0.0223944647848
4795.64118571	0.0223941250148
4795.95534497	0.022393848731
4796.26950424	0.0223937459113
4796.5836635	0.0223936668104
4796.89782277	0.0223934425147
4797.21198203	0.0223932270081
4797.5261413	0.0223932352745
4797.84030056	0.0223933304741
4798.15445983	0.0223933515135
4798.46861909	0.0223933671961
4798.78277836	0.0223933095787
4799.09693762	0.0223931777351
4799.41109689	0.0223929899801
4799.72525615	0.0223927259041
4800.03941542	0.0223924070154
4800.35357469	0.0223920864507
4800.66773395	0.0223918000848
4800.98189322	0.0223915230549
4801.29605248	0.0223912799021
4801.61021175	0.0223911331031
4801.92437101	0.0223909877523
4802.23853028	0.0223908426612
4802.55268954	0.0223907445797
4802.86684881	0.0223902839957
4803.18100807	0.0223898763506
4803.49516734	0.0223897785029
4803.8093266	0.0223891681554
4804.12348587	0.0223885569345
4804.43764514	0.0223882738348
4804.7518044	0.0223880081144
4805.06596367	0.0223876034082
4805.38012293	0.0223873376507
4805.6942822	0.0223871926968
4806.00844146	0.0223870826437
4806.32260073	0.0223870395986
4806.63675999	0.0223870376959
4806.95091926	0.0223870583782
4807.26507852	0.0223870803093
4807.57923779	0.0223870455846
4807.89339705	0.0223868108445
4808.20755632	0.0223864084228
4808.52171558	0.022386234283
4808.83587485	0.0223860965871
4809.15003412	0.0223858667915
4809.46419338	0.0223856075531
4809.77835265	0.0223853580893
4810.09251191	0.0223852660472
4810.40667118	0.0223852310648
4810.72083044	0.0223849973905
4811.03498971	0.0223848458859
4811.34914897	0.0223849080257
4811.66330824	0.0223850631556
4811.9774675	0.0223851727119
4812.29162677	0.0223852313764
4812.60578603	0.0223852373453
4812.9199453	0.0223852617714
4813.23410457	0.0223853357192
4813.54826383	0.0223853591982
4813.8624231	0.0223853392249
4814.17658236	0.0223853645149
4814.49074163	0.0223854431908
4814.80490089	0.0223855483098
4815.11906016	0.0223855672131
4815.43321942	0.0223855016131
4815.74737869	0.0223854238459
4816.06153795	0.0223853993399
4816.37569722	0.0223852356235
4816.68985648	0.0223849515892
4817.00401575	0.0223847548773
4817.31817501	0.0223845073236
4817.63233428	0.0223841755503
4817.94649355	0.0223838530375
4818.26065281	0.0223836696182
4818.57481208	0.0223835618727
4818.88897134	0.0223834612344
4819.20313061	0.0223833593894
4819.51728987	0.0223832410784
4819.83144914	0.0223831361553
4820.1456084	0.022383044607
4820.45976767	0.0223829329954
4820.77392693	0.0223827752725
4821.0880862	0.0223825764755
4821.40224546	0.0223824732397
4821.71640473	0.0223822037773
4822.030564	0.0223816164882
4822.34472326	0.0223812309408
4822.65888253	0.0223810168131
4822.97304179	0.0223807415713
4823.28720106	0.0223803667695
4823.60136032	0.0223800249512
4823.91551959	0.0223798981289
4824.22967885	0.0223798582822
4824.54383812	0.0223796685415
4824.85799738	0.0223794810514
4825.17215665	0.0223795690121
4825.48631591	0.022379797789
4825.80047518	0.0223799635852
4826.11463445	0.0223801245329
4826.42879371	0.0223801431045
4826.74295298	0.0223800185282
4827.05711224	0.0223800491128
4827.37127151	0.022379992533
4827.68543077	0.0223799422531
4827.99959004	0.0223800405042
4828.3137493	0.0223801693874
4828.62790857	0.0223802839672
4828.94206783	0.0223805487176
4829.2562271	0.0223809459289
4829.57038636	0.0223812247158
4829.88454563	0.022381298516
4830.19870489	0.0223812993734
4830.51286416	0.0223812840015
4830.82702343	0.0223812755232
4831.14118269	0.0223812811677
4831.45534196	0.0223812697619
4831.76950122	0.022381201204
4832.08366049	0.0223812167883
4832.39781975	0.0223813838107
4832.71197902	0.0223815831366
4833.02613828	0.0223817343055
4833.34029755	0.0223819482477
4833.65445681	0.0223822447589
4833.96861608	0.0223824724403
4834.28277534	0.0223826208956
4834.59693461	0.022382873395
4834.91109388	0.0223831208495
4835.22525314	0.0223829761488
4835.53941241	0.0223825231033
4835.85357167	0.0223824081847
4836.16773094	0.0223823528364
4836.4818902	0.0223822121462
4836.79604947	0.0223820417492
4837.11020873	0.0223819020068
4837.424368	0.0223818441527
4837.73852726	0.0223818085413
4838.05268653	0.022381822332
4838.36684579	0.0223816741547
4838.68100506	0.0223814176989
4838.99516432	0.022381465094
4839.30932359	0.0223816407157
4839.62348286	0.0223816257986
4839.93764212	0.0223811934638
4840.25180139	0.0223808237867
4840.56596065	0.0223807567365
4840.88011992	0.0223802986207
4841.19427918	0.0223798555665
4841.50843845	0.0223796818083
4841.82259771	0.0223796068278
4842.13675698	0.0223794166909
4842.45091624	0.0223792079251
4842.76507551	0.0223792228171
4843.07923477	0.0223792169313
4843.39339404	0.0223789266414
4843.70755331	0.022378530927
4844.02171257	0.0223781010922
4844.33587184	0.0223777637161
4844.6500311	0.0223774761087
4844.96419037	0.0223771360475
4845.27834963	0.0223767516059
4845.5925089	0.0223763598227
4845.90666816	0.0223761221477
4846.22082743	0.0223760586225
4846.53498669	0.0223759608125
4846.84914596	0.0223758004906
4847.16330522	0.0223757352949
4847.47746449	0.0223757542025
4847.79162375	0.0223756729334
4848.10578302	0.0223755214921
4848.41994229	0.0223754234433
4848.73410155	0.0223753569123
4849.04826082	0.0223751648361
4849.36242008	0.0223748746218
4849.67657935	0.0223746706876
4849.99073861	0.0223744840505
4850.30489788	0.0223744015258
4850.61905714	0.0223743599847
4850.93321641	0.0223742283158
4851.24737567	0.0223741943058
4851.56153494	0.0223743224691
4851.8756942	0.0223744370007
4852.18985347	0.0223744595187
4852.50401274	0.0223743917936
4852.818172	0.0223744032277
4853.13233127	0.0223745436483
4853.44649053	0.0223745758066
4853.7606498	0.0223743469703
4854.07480906	0.022374260108
4854.38896833	0.0223742000496
4854.70312759	0.022374083118
4855.01728686	0.022374012077
4855.33144612	0.0223739811848
4855.64560539	0.0223740433604
4855.95976465	0.0223743039416
4856.27392392	0.0223745825045
4856.58808318	0.0223746670669
4856.90224245	0.0223746408949
4857.21640172	0.0223744347403
4857.53056098	0.0223743329155
4857.84472025	0.0223740830951
4858.15887951	0.0223736904875
4858.47303878	0.022373427073
4858.78719804	0.0223733534374
4859.10135731	0.0223731864563
4859.41551657	0.0223729172371
4859.72967584	0.0223728027506
4860.0438351	0.0223728649578
4860.35799437	0.0223729239264
4860.67215363	0.0223729229063
4860.9863129	0.022372966245
4861.30047217	0.0223729865596
4861.61463143	0.0223728775132
4861.9287907	0.0223728202704
4862.24294996	0.0223726839526
4862.55710923	0.0223722885518
4862.87126849	0.0223719588066
4863.18542776	0.0223717704357
4863.49958702	0.0223714947772
4863.81374629	0.0223712168659
4864.12790555	0.0223710468582
4864.44206482	0.0223708938376
4864.75622408	0.0223708551466
4865.07038335	0.0223707801247
4865.38454261	0.0223704029629
4865.69870188	0.0223702658079
4866.01286115	0.0223700853478
4866.32702041	0.0223696059881
4866.64117968	0.0223693450347
4866.95533894	0.0223692434583
4867.26949821	0.0223689541538
4867.58365747	0.0223685770256
4867.89781674	0.0223683789083
4868.211976	0.0223682514469
4868.52613527	0.0223681039755
4868.84029453	0.0223679948236
4869.1544538	0.0223680188521
4869.46861306	0.0223681288456
4869.78277233	0.0223682062581
4870.0969316	0.0223682294294
4870.41109086	0.0223681125883
4870.72525013	0.0223678581119
4871.03940939	0.0223677027254
4871.35356866	0.022367553275
4871.66772792	0.0223673463902
4871.98188719	0.0223670866575
4872.29604645	0.0223669065251
4872.61020572	0.02236692231
4872.92436498	0.0223668073168
4873.23852425	0.0223665676039
4873.55268351	0.0223665758427
4873.86684278	0.0223667827544
4874.18100204	0.0223669015642
4874.49516131	0.0223669431205
4874.80932058	0.0223670686688
4875.12347984	0.0223671348501
4875.43763911	0.0223671400428
4875.75179837	0.0223672193612
4876.06595764	0.0223672574355
4876.3801169	0.0223672497999
4876.69427617	0.0223672775912
4877.00843543	0.0223673309861
4877.3225947	0.0223673762354
4877.63675396	0.0223673733219
4877.95091323	0.0223673331155
4878.26507249	0.0223673071378
4878.57923176	0.0223673457934
4878.89339103	0.0223670784703
4879.20755029	0.0223669029548
4879.52170956	0.0223668237458
4879.83586882	0.0223663986951
4880.15002809	0.0223660329445
4880.46418735	0.0223658902618
4880.77834662	0.022365754638
4881.09250588	0.0223655482457
4881.40666515	0.0223653792987
4881.72082441	0.0223652739495
4882.03498368	0.0223651467752
4882.34914294	0.0223650099982
4882.66330221	0.0223649065057
4882.97746147	0.0223647657462
4883.29162074	0.0223646058521
4883.60578001	0.0223644514997
4883.91993927	0.0223643595099
4884.23409854	0.0223640464793
4884.5482578	0.0223634426853
4884.86241707	0.0223630913897
4885.17657633	0.0223628280383
4885.4907356	0.0223624407827
4885.80489486	0.0223619784487
4886.11905413	0.0223616654273
4886.43321339	0.0223616043632
4886.74737266	0.0223613889633
4887.06153192	0.0223610814864
4887.37569119	0.0223610866732
4887.68985046	0.0223613118389
4888.00400972	0.0223613942947
4888.31816899	0.0223614211458
4888.63232825	0.0223616299399
4888.94648752	0.0223617744556
4889.26064678	0.0223615905404
4889.57480605	0.0223614972953
4889.88896531	0.0223614983423
4890.20312458	0.0223613837522
4890.51728384	0.022361331967
4890.83144311	0.0223613980454
4891.14560237	0.022361460714
4891.45976164	0.0223616732587
4891.77392091	0.0223619827231
4892.08808017	0.0223621970375
4892.40223944	0.0223623415074
4892.7163987	0.0223623395178
4893.03055797	0.0223622874309
4893.34471723	0.0223623579943
4893.6588765	0.022362316527
4893.97303576	0.0223621904202
4894.28719503	0.022362191198
4894.60135429	0.0223622835847
4894.91551356	0.0223623686464
4895.22967282	0.0223624611639
4895.54383209	0.0223625599424
4895.85799135	0.0223627228262
4896.17215062	0.022362954373
4896.48630989	0.022363132715
4896.80046915	0.0223632636291
4897.11462842	0.0223634982733
4897.42878768	0.0223637434656
4897.74294695	0.0223636429671
4898.05710621	0.0223631467695
4898.37126548	0.0223629876241
4898.68542474	0.0223629186239
4898.99958401	0.0223626897252
4899.31374327	0.0223624046086
4899.62790254	0.0223621932118
4899.9420618	0.02236205042
4900.25622107	0.0223620239911
4900.57038034	0.0223619034678
4900.8845396	0.0223616537346
4901.19869887	0.0223615904218
4901.51285813	0.0223616653563
4901.8270174	0.0223617085262
4902.14117666	0.0223616560149
4902.45533593	0.0223612876716
4902.76949519	0.0223609736613
4903.08365446	0.0223607194998
4903.39781372	0.0223602444365
4903.71197299	0.0223598602906
4904.02613225	0.0223596786414
4904.34029152	0.0223593851817
4904.65445078	0.0223590378162
4904.96861005	0.0223589889504
4905.28276932	0.02235903568
4905.59692858	0.0223588276688
4905.91108785	0.0223584471386
4906.22524711	0.0223580830871
4906.53940638	0.0223577472976
4906.85356564	0.02235744648
4907.16772491	0.0223570749523
4907.48188417	0.022356676433
4907.79604344	0.0223563362569
4908.1102027	0.0223560999345
4908.42436197	0.0223559319768
4908.73852123	0.0223558050427
4909.0526805	0.0223556854473
4909.36683977	0.0223556029118
4909.68099903	0.0223555509725
4909.9951583	0.0223555320867
4910.30931756	0.0223554963213
4910.62347683	0.0223554384725
4910.93763609	0.0223554160263
4911.25179536	0.0223554036029
4911.56595462	0.0223553199224
4911.88011389	0.0223551996857
4912.19427315	0.0223551017699
4912.50843242	0.0223550325771
4912.82259168	0.0223549516679
4913.13675095	0.0223549139629
4913.45091021	0.0223548904827
4913.76506948	0.0223548489911
4914.07922875	0.0223549188088
4914.39338801	0.022355009554
4914.70754728	0.0223550191319
4915.02170654	0.0223551406705
4915.33586581	0.0223554308463
4915.65002507	0.0223557004434
4915.96418434	0.0223558650635
4916.2783436	0.0223560142141
4916.59250287	0.0223560093691
4916.90666213	0.0223559657217
4917.2208214	0.0223559671959
4917.53498066	0.0223559305568
4917.84913993	0.0223558503888
4918.1632992	0.0223558467466
4918.47745846	0.0223560647477
4918.79161773	0.0223563321383
4919.10577699	0.0223564091071
4919.41993626	0.0223564294424
4919.73409552	0.0223564655404
4920.04825479	0.022356373194
4920.36241405	0.0223561518483
4920.67657332	0.0223558996434
4920.99073258	0.0223556380206
4921.30489185	0.0223554410574
4921.61905111	0.0223552606313
4921.93321038	0.0223550823769
4922.24736964	0.0223549741902
4922.56152891	0.022354935122
4922.87568818	0.0223549304411
4923.18984744	0.0223549401455
4923.50400671	0.0223549649615
4923.81816597	0.0223548893789
4924.13232524	0.0223548079852
4924.4464845	0.0223548018815
4924.76064377	0.0223546175617
4925.07480303	0.0223541674221
4925.3889623	0.0223538262024
4925.70312156	0.0223536519089
4926.01728083	0.0223533416237
4926.33144009	0.0223529971573
4926.64559936	0.0223527571798
4926.95975863	0.0223525915216
4927.27391789	0.0223524919392
4927.58807716	0.0223523238635
4927.90223642	0.0223520393663
4928.21639569	0.0223519496912
4928.53055495	0.0223517471656
4928.84471422	0.0223514348017
4929.15887348	0.0223513266162
4929.47303275	0.0223511822875
4929.78719201	0.0223507949511
4930.10135128	0.0223505002149
4930.41551054	0.0223503035948
4930.72966981	0.0223500163177
4931.04382907	0.0223497951797
4931.35798834	0.0223497196876
4931.67214761	0.0223496798676
4931.98630687	0.0223496575173
4932.30046614	0.0223496927164
4932.6146254	0.0223497593539
4932.92878467	0.0223497222181
4933.24294393	0.022349590066
4933.5571032	0.0223494796838
4933.87126246	0.0223492836095
4934.18542173	0.022348997037
4934.49958099	0.0223488213323
4934.81374026	0.0223487182508
4935.12789952	0.0223485236802
4935.44205879	0.0223483034561
4935.75621806	0.0223482094062
4936.07037732	0.0223482463314
4936.38453659	0.0223483249581
4936.69869585	0.0223483868803
4937.01285512	0.0223484715927
4937.32701438	0.0223486097854
4937.64117365	0.0223487783352
4937.95533291	0.0223488549859
4938.26949218	0.0223488508363
4938.58365144	0.0223488690517
4938.89781071	0.0223488526511
4939.21196997	0.0223488051965
4939.52612924	0.0223486747962
4939.8402885	0.0223484768843
4940.15444777	0.0223484001052
4940.46860704	0.0223484098034
4940.7827663	0.0223484439457
4941.09692557	0.0223484077867
4941.41108483	0.0223481814386
4941.7252441	0.0223481163264
4942.03940336	0.0223480126367
4942.35356263	0.0223475957183
4942.66772189	0.0223473428477
4942.98188116	0.0223472898701
4943.29604042	0.0223471342265
4943.61019969	0.022346838276
4943.92435895	0.0223465908982
4944.23851822	0.0223463911257
4944.55267749	0.0223461752009
4944.86683675	0.0223460037772
4945.18099602	0.022345826599
4945.49515528	0.0223456521768
4945.80931455	0.0223455239731
4946.12347381	0.0223454307025
4946.43763308	0.0223453322516
4946.75179234	0.022344770056
4947.06595161	0.0223442700867
4947.38011087	0.0223439672338
4947.69427014	0.0223434398213
4948.0084294	0.0223429419146
4948.32258867	0.0223425673855
4948.63674794	0.0223422475547
4948.9509072	0.0223420426707
4949.26506647	0.0223417951648
4949.57922573	0.0223416298259
4949.893385	0.0223417444043
4950.20754426	0.0223418760773
4950.52170353	0.0223419249267
4950.83586279	0.0223419918625
4951.15002206	0.02234206243
4951.46418132	0.0223420552636
4951.77834059	0.0223419253172
4952.09249985	0.0223417687991
4952.40665912	0.0223416375839
4952.72081838	0.0223415626765
4953.03497765	0.0223414755085
4953.34913692	0.0223413748216
4953.66329618	0.0223415209383
4953.97745545	0.0223417388958
4954.29161471	0.0223419186774
4954.60577398	0.0223421355512
4954.91993324	0.0223423676709
4955.23409251	0.0223423651384
4955.54825177	0.0223424474442
4955.86241104	0.0223425536864
4956.1765703	0.0223424194091
4956.49072957	0.0223424241784
4956.80488883	0.0223425731959
4957.1190481	0.0223427085039
4957.43320737	0.0223427906434
4957.74736663	0.0223428659087
4958.0615259	0.0223430325983
4958.37568516	0.0223432611318
4958.68984443	0.0223435127033
4959.00400369	0.0223437637207
4959.31816296	0.0223439709067
4959.63232222	0.0223441971912
4959.94648149	0.0223444545978
4960.26064075	0.0223444732379
4960.57480002	0.0223441213822
4960.88895928	0.0223438987003
4961.20311855	0.0223439276808
4961.51727781	0.022343827655
4961.83143708	0.022343528341
4962.14559635	0.0223432658665
4962.45975561	0.0223432298966
4962.77391488	0.0223432315602
4963.08807414	0.022342995497
4963.40223341	0.0223427890625
4963.71639267	0.0223428722776
4964.03055194	0.0223429544316
4964.3447112	0.0223429162266
4964.65887047	0.0223428484583
4964.97302973	0.0223426494001
4965.287189	0.0223423425498
4965.60134826	0.0223418861315
4965.91550753	0.0223414925111
4966.2296668	0.0223412220375
4966.54382606	0.0223408699
4966.85798533	0.0223404466935
4967.17214459	0.0223402431144
4967.48630386	0.0223402373638
4967.80046312	0.0223401049964
4968.11462239	0.0223398026426
4968.42878165	0.0223394917617
4968.74294092	0.0223391417688
4969.05710018	0.0223387534333
4969.37125945	0.0223384278756
4969.68541871	0.0223380390785
4969.99957798	0.0223376382282
4970.31373724	0.0223373295981
4970.62789651	0.022337121619
4970.94205578	0.0223369534159
4971.25621504	0.0223368170648
4971.57037431	0.0223367109013
4971.88453357	0.0223366691852
4972.19869284	0.0223366631084
4972.5128521	0.0223366754055
4972.82701137	0.022336686587
4973.14117063	0.022336645282
4973.4553299	0.0223366578327
4973.76948916	0.0223367129511
4974.08364843	0.0223365988721
4974.39780769	0.0223364995624
4974.71196696	0.022336528654
4975.02612623	0.022336492035
4975.34028549	0.0223364537404
4975.65444476	0.0223364634247
4975.96860402	0.0223364913904
4976.28276329	0.0223365685401
4976.59692255	0.0223366661019
4976.91108182	0.0223367478002
4977.22524108	0.0223368580888
4977.53940035	0.0223371241561
4977.85355961	0.0223375182076
4978.16771888	0.0223378266601
4978.48187814	0.0223380393225
4978.79603741	0.0223381136034
4979.11019667	0.0223381838293
4979.42435594	0.0223381909431
4979.73851521	0.022338115127
4980.05267447	0.0223381002981
4980.36683374	0.0223381017016
4980.680993	0.022338176769
4980.99515227	0.0223383929159
4981.30931153	0.0223385796744
4981.6234708	0.0223386277607
4981.93763006	0.022338600089
4982.25178933	0.0223386281332
4982.56594859	0.0223385559096
4982.88010786	0.022338169276
4983.19426712	0.022337984542
4983.50842639	0.0223378147927
4983.82258566	0.022337455563
4984.13674492	0.0223371381364
4984.45090419	0.022336982264
4984.76506345	0.0223368821389
4985.07922272	0.0223367338273
4985.39338198	0.0223366153052
4985.70754125	0.0223366029579
4986.02170051	0.022336565578
4986.33585978	0.0223364231949
4986.65001904	0.0223363808131
4986.96417831	0.0223363203542
4987.27833757	0.0223359774351
4987.59249684	0.0223354997875
4987.9066561	0.0223351896058
4988.22081537	0.0223349477138
4988.53497464	0.0223345489435
4988.8491339	0.0223341272594
4989.16329317	0.0223338621293
4989.47745243	0.0223337011214
4989.7916117	0.0223335371994
4990.10577096	0.0223333208108
4990.41993023	0.0223331012941
4990.73408949	0.0223330029904
4991.04824876	0.0223326353775
4991.36240802	0.0223323836872
4991.67656729	0.0223323687182
4991.99072655	0.0223321191529
4992.30488582	0.022331730615
4992.61904509	0.0223314670536
4992.93320435	0.0223311298298
4993.24736362	0.0223308088699
4993.56152288	0.0223306364036
4993.87568215	0.0223305327944
4994.18984141	0.022330397491
4994.50400068	0.0223302971111
4994.81815994	0.0223303738183
4995.13231921	0.0223304759246
4995.44647847	0.022330379928
4995.76063774	0.022330281609
4996.074797	0.0223301470208
4996.38895627	0.0223297994962
4996.70311553	0.0223296400869
4997.0172748	0.0223294210659
4997.33143407	0.0223291496099
4997.64559333	0.0223289610462
4997.9597526	0.0223288161185
4998.27391186	0.0223287655093
4998.58807113	0.0223288203121
4998.90223039	0.0223289137015
4999.21638966	0.0223290565293
4999.53054892	0.0223292403114
4999.84470819	0.0223293961891
5000.15886745	0.0223295593776
5000.47302672	0.0223297807539
5000.78718598	0.0223298337234
5001.10134525	0.0223296329403
5001.41550452	0.0223295523533
5001.72966378	0.0223294789615
5002.04382305	0.022329307129
5002.35798231	0.0223292179121
5002.67214158	0.0223292941614
5002.98630084	0.0223293198423
5003.30046011	0.0223293932469
5003.61461937	0.022329507188
5003.92877864	0.0223293357053
5004.2429379	0.0223293491451
5004.55709717	0.0223293533365
5004.87125643	0.022328892743
5005.1854157	0.0223286772096
5005.49957497	0.0223287195992
5005.81373423	0.022328615921
5006.1278935	0.0223283488103
5006.44205276	0.0223281377798
5006.75621203	0.0223280392907
5007.07037129	0.0223279774515
5007.38453056	0.0223278955269
5007.69868982	0.0223278026023
5008.01284909	0.022327745206
5008.32700835	0.0223277236824
5008.64116762	0.0223276552946
5008.95532688	0.0223274264421
5009.26948615	0.0223269298703
5009.58364541	0.0223266180587
5009.89780468	0.022326282329
5010.21196395	0.0223257680919
5010.52612321	0.0223253183276
5010.84028248	0.0223250024648
5011.15444174	0.0223247203168
5011.46860101	0.0223244590238
5011.78276027	0.0223242499341
5012.09691954	0.0223241757891
5012.4110788	0.0223242439064
5012.72523807	0.0223243009582
5013.03939733	0.0223243672982
5013.3535566	0.0223244055135
5013.66771586	0.0223242268632
5013.98187513	0.0223240401033
5014.2960344	0.0223239505928
5014.61019366	0.0223237044409
5014.92435293	0.0223234904859
5015.23851219	0.0223234586762
5015.55267146	0.0223234434332
5015.86683072	0.0223233187317
5016.18098999	0.022323339981
5016.49514925	0.0223235743685
5016.80930852	0.0223237430081
5017.12346778	0.022323862387
5017.43762705	0.0223241030757
5017.75178631	0.0223242810538
5018.06594558	0.0223242604502
5018.38010484	0.0223242810237
5018.69426411	0.02232413212
5019.00842338	0.0223241114868
5019.32258264	0.0223242782283
5019.63674191	0.0223243144893
5019.95090117	0.0223242956648
5020.26506044	0.0223243976712
5020.5792197	0.0223245954991
5020.89337897	0.0223248099437
5021.20753823	0.0223250411966
5021.5216975	0.0223253011507
5021.83585676	0.0223255792835
5022.15001603	0.0223258612694
5022.46417529	0.0223260604359
5022.77833456	0.0223259555625
5023.09249383	0.0223256811283
5023.40665309	0.0223256398502
5023.72081236	0.0223255509217
5024.03497162	0.0223253615188
5024.34913089	0.0223251328479
5024.66329015	0.022324934155
5024.97744942	0.0223248439256
5025.29160868	0.0223247628107
5025.60576795	0.0223245636481
5025.91992721	0.0223244239397
5026.23408648	0.0223244800328
5026.54824574	0.0223245203476
5026.86240501	0.0223244882391
5027.17656427	0.0223244030404
5027.49072354	0.0223241854405
5027.80488281	0.022323739305
5028.11904207	0.0223232846354
5028.43320134	0.022322948939
5028.7473606	0.0223225553279
5029.06151987	0.0223221096697
5029.37567913	0.0223217631817
5029.6898384	0.0223215779286
5030.00399766	0.0223214575795
5030.31815693	0.0223212607547
5030.63231619	0.0223210400092
5030.94647546	0.0223207494453
5031.26063472	0.0223203964468
5031.57479399	0.0223200781591
5031.88895326	0.0223196555402
5032.20311252	0.0223191757954
5032.51727179	0.0223188410661
5032.83143105	0.0223185575474
5033.14559032	0.0223182672148
5033.45974958	0.0223180672636
5033.77390885	0.0223179762851
5034.08806811	0.0223179109861
5034.40222738	0.022317861635
5034.71638664	0.0223178996549
5035.03054591	0.0223179736554
5035.34470517	0.0223179403657
5035.65886444	0.0223179439863
5035.9730237	0.0223180155008
5036.28718297	0.0223179988403
5036.60134224	0.0223178138515
5036.9155015	0.022317655654
5037.22966077	0.0223176653777
5037.54382003	0.0223176877863
5037.8579793	0.0223176120963
5038.17213856	0.022317541727
5038.48629783	0.0223176184448
5038.80045709	0.0223177732793
5039.11461636	0.0223179218253
5039.42877562	0.0223180242909
5039.74293489	0.0223181536584
5040.05709415	0.0223184340622
5040.37125342	0.0223187310299
5040.68541269	0.0223189148452
5040.99957195	0.0223189894245
5041.31373122	0.02231894418
5041.62789048	0.0223189236967
5041.94204975	0.0223189666145
5042.25620901	0.0223189132247
5042.57036828	0.0223188115904
5042.88452754	0.0223188278257
5043.19868681	0.0223190091867
5043.51284607	0.0223191990838
5043.82700534	0.0223192762547
5044.1411646	0.0223192330117
5044.45532387	0.0223191906835
5044.76948313	0.0223191984732
5045.0836424	0.0223189608835
5045.39780167	0.0223185541204
5045.71196093	0.0223183110018
5046.0261202	0.0223180689542
5046.34027946	0.0223177761314
5046.65443873	0.0223174508585
5046.96859799	0.0223171964029
5047.28275726	0.0223171032026
5047.59691652	0.0223170501035
5047.91107579	0.0223169796756
5048.22523505	0.0223169510527
5048.53939432	0.0223169474115
5048.85355358	0.0223168693143
5049.16771285	0.0223168012458
5049.48187212	0.0223166451554
5049.79603138	0.0223162511637
5050.11019065	0.0223158129187
5050.42434991	0.0223155305149
5050.73850918	0.0223152419844
5051.05266844	0.0223148525448
5051.36682771	0.0223144843191
5051.68098697	0.0223142856196
5051.99514624	0.0223141519809
5052.3093055	0.0223140194933
5052.62346477	0.022313972348
5052.93762403	0.0223137916489
5053.2517833	0.0223136682198
5053.56594256	0.0223135057367
5053.88010183	0.0223132341195
5054.1942611	0.0223131316069
5054.50842036	0.0223129386408
5054.82257963	0.0223126554457
5055.13673889	0.022312455206
5055.45089816	0.022312120402
5055.76505742	0.0223118407814
5056.07921669	0.0223117419309
5056.39337595	0.0223116998762
5056.70753522	0.0223116498288
5057.02169448	0.0223116152015
5057.33585375	0.0223117372582
5057.65001301	0.022311963903
5057.96417228	0.022312035118
5058.27833155	0.0223120290364
5058.59249081	0.0223120609867
5058.90665008	0.0223118160025
5059.22080934	0.022311656657
5059.53496861	0.0223116720527
5059.84912787	0.0223115339587
5060.16328714	0.0223113743982
5060.4774464	0.0223112891589
5060.79160567	0.0223113617655
5061.10576493	0.0223115262017
5061.4199242	0.0223116917744
5061.73408346	0.0223119226563
5062.04824273	0.0223122074847
5062.362402	0.0223124818664
5062.67656126	0.0223127511651
5062.99072053	0.0223130553546
5063.30487979	0.0223131878701
5063.61903906	0.0223131657085
5063.93319832	0.022313058885
5064.24735759	0.0223130548468
5064.56151685	0.0223130361822
5064.87567612	0.0223129304212
5065.18983538	0.0223130193619
5065.50399465	0.0223130995135
5065.81815391	0.0223130910242
5066.13231318	0.0223132182524
5066.44647244	0.0223132083044
5066.76063171	0.0223129396108
5067.07479098	0.0223131406717
5067.38895024	0.022312733004
5067.70310951	0.0223123402862
5068.01726877	0.0223124260395
5068.33142804	0.0223123781345
5068.6455873	0.0223120514136
5068.95974657	0.0223117692627
5069.27390583	0.0223115587571
5069.5880651	0.0223113704161
5069.90222436	0.0223111880065
5070.21638363	0.0223110097192
5070.53054289	0.0223108404936
5070.84470216	0.022310711974
5071.15886143	0.0223106636641
5071.47302069	0.0223105780425
5071.78717996	0.0223102516173
5072.10133922	0.0223096603731
5072.41549849	0.0223093310803
5072.72965775	0.022308974324
5073.04381702	0.0223083876015
5073.35797628	0.0223078842097
5073.67213555	0.022307586524
5073.98629481	0.0223072945959
5074.30045408	0.0223069389515
5074.61461334	0.0223066718509
5074.92877261	0.0223066735428
5075.24293187	0.0223067499691
5075.55709114	0.0223067512429
5075.87125041	0.0223067826544
5076.18540967	0.0223067570876
5076.49956894	0.0223065913089
5076.8137282	0.022306466452
5077.12788747	0.022306295446
5077.44204673	0.0223060744609
5077.756206	0.0223059707308
5078.07036526	0.022305950799
5078.38452453	0.0223058802898
5078.69868379	0.022305744121
5079.01284306	0.0223058537266
5079.32700232	0.0223060631633
5079.64116159	0.0223061441609
5079.95532086	0.0223063210222
5080.26948012	0.0223063956121
5080.58363939	0.022306408363
5080.89779865	0.0223064767351
5081.21195792	0.0223062757924
5081.52611718	0.0223062303114
5081.84027645	0.0223063518548
5082.15443571	0.0223063771495
5082.46859498	0.0223063965607
5082.78275424	0.0223064899574
5083.09691351	0.022306612042
5083.41107277	0.022306767571
5083.72523204	0.0223070265318
5084.0393913	0.0223073052612
5084.35355057	0.0223074941037
5084.66770984	0.0223076515857
5084.9818691	0.0223078947213
5085.29602837	0.0223078623531
5085.61018763	0.0223075090855
5085.9243469	0.0223074071954
5086.23850616	0.0223073622148
5086.55266543	0.0223071807404
5086.86682469	0.0223068818323
5087.18098396	0.022306600298
5087.49514322	0.0223065318905
5087.80930249	0.0223064411036
5088.12346175	0.0223061172234
5088.43762102	0.0223058977447
5088.75178029	0.0223059593852
5089.06593955	0.0223060026147
5089.38009882	0.0223059430235
5089.69425808	0.022305859881
5090.00841735	0.0223056367181
5090.32257661	0.0223052595105
5090.63673588	0.0223047353746
5090.95089514	0.022304325741
5091.26505441	0.022303955786
5091.57921367	0.0223034800366
5091.89337294	0.0223030122826
5092.2075322	0.0223028185189
5092.52169147	0.022302715771
5092.83585073	0.0223024134398
5093.15001	0.0223021020213
5093.46416927	0.0223018108875
5093.77832853	0.0223014644944
5094.0924878	0.0223010466246
5094.40664706	0.0223006388154
5094.72080633	0.0223001632896
5095.03496559	0.0222997083729
5095.34912486	0.0222993609371
5095.66328412	0.0222990689923
5095.97744339	0.0222988414232
5096.29160265	0.022298684184
5096.60576192	0.0222985663403
5096.91992118	0.0222985066444
5097.23408045	0.022298543092
5097.54823972	0.022298593218
5097.86239898	0.0222985806506
5098.17655825	0.0222986126159
5098.49071751	0.0222986909352
5098.80487678	0.0222987452647
5099.11903604	0.0222986106751
5099.43319531	0.0222984543962
5099.74735457	0.0222984890995
5100.06151384	0.0222985378369
5100.3756731	0.0222984970344
5100.68983237	0.0222984372428
5101.00399163	0.0222985216042
5101.3181509	0.0222987247512
5101.63231016	0.0222988966483
5101.94646943	0.0222990225965
5102.2606287	0.0222992232822
5102.57478796	0.022299537552
5102.88894723	0.0222999030098
5103.20310649	0.0223001929252
5103.51726576	0.0223002985505
5103.83142502	0.02230031933
5104.14558429	0.0223003649214
5104.45974355	0.0223004134618
5104.77390282	0.0223004239518
5105.08806208	0.0223003935063
5105.40222135	0.0223004102403
5105.71638061	0.0223005747127
5106.03053988	0.0223008118328
5106.34469915	0.0223009379974
5106.65885841	0.0223009147251
5106.97301768	0.0223008410097
5107.28717694	0.0223008899418
5107.60133621	0.0223007441702
5107.91549547	0.022300289349
5108.22965474	0.0223000563552
5108.543814	0.0222998383722
5108.85797327	0.0222995435538
5109.17213253	0.0222991765302
5109.4862918	0.0222988789133
5109.80045106	0.0222987991037
5110.11461033	0.0222987550445
5110.42876959	0.0222986352964
5110.74292886	0.0222985626952
5111.05708813	0.0222985924118
5111.37124739	0.0222985016569
5111.68540666	0.0222983604533
5111.99956592	0.0222982435571
5112.31372519	0.0222979336375
5112.62788445	0.0222975222351
5112.94204372	0.0222972250508
5113.25620298	0.0222969482856
5113.57036225	0.0222966095136
5113.88452151	0.0222962762734
5114.19868078	0.0222960524066
5114.51284004	0.022295945352
5114.82699931	0.0222958569497
5115.14115858	0.0222958286613
5115.45531784	0.0222957024177
5115.76947711	0.0222956849473
5116.08363637	0.022295574552
5116.39779564	0.0222953984438
5116.7119549	0.0222954664007
5117.02611417	0.0222954749294
5117.34027343	0.022295223764
5117.6544327	0.0222950922503
5117.96859196	0.0222949493603
5118.28275123	0.0222947171042
5118.59691049	0.022294630937
5118.91106976	0.0222946742413
5119.22522902	0.02229473755
5119.53938829	0.0222947357666
5119.85354756	0.022294836253
5120.16770682	0.0222951957344
5120.48186609	0.0222954198774
5120.79602535	0.0222954442764
5121.11018462	0.0222955332148
5121.42434388	0.0222955006226
5121.73850315	0.0222953438023
5122.05266241	0.0222953848248
5122.36682168	0.0222953458922
5122.68098094	0.0222952011054
5122.99514021	0.0222950697813
5123.30929947	0.0222951522815
5123.62345874	0.0222953481262
5123.93761801	0.0222954804057
5124.25177727	0.0222956482722
5124.56593654	0.0222959110832
5124.8800958	0.0222961732932
5125.19425507	0.0222963719831
5125.50841433	0.0222965698333
5125.8225736	0.0222967053414
5126.13673286	0.0222966533218
5126.45089213	0.0222964044278
5126.76505139	0.0222962904173
5127.07921066	0.0222962761471
5127.39336992	0.0222961048208
5127.70752919	0.0222960301173
5128.02168846	0.0222959933222
5128.33584772	0.0222959435727
5128.65000699	0.0222959931672
5128.96416625	0.0222958534456
5129.27832552	0.0222956336124
5129.59248478	0.0222957334287
5129.90664405	0.0222952083656
5130.22080331	0.0222948621282
5130.53496258	0.0222949295138
5130.84912184	0.0222947556284
5131.16328111	0.0222943355316
5131.47744037	0.0222939982146
5131.79159964	0.0222936854107
5132.1057589	0.0222933765598
5132.41991817	0.0222930750928
5132.73407744	0.0222928059957
5133.0482367	0.0222925681334
5133.36239597	0.0222923952459
5133.67655523	0.0222923064414
5133.9907145	0.0222922300796
5134.30487376	0.0222920366239
5134.61903303	0.0222916017982
5134.93319229	0.0222911459905
5135.24735156	0.0222908484073
5135.56151082	0.0222903375869
5135.87567009	0.022289782597
5136.18982935	0.0222894570605
5136.50398862	0.0222891662083
5136.81814789	0.0222887350407
5137.13230715	0.0222884561959
5137.44646642	0.0222884447237
5137.76062568	0.0222885037919
5138.07478495	0.0222885256568
5138.38894421	0.0222886018861
5138.70310348	0.0222886985829
5139.01726274	0.0222887275403
5139.33142201	0.0222887343097
5139.64558127	0.0222886453009
5139.95974054	0.0222885159775
5140.2738998	0.0222883836214
5140.58805907	0.022288333974
5140.90221833	0.0222883089393
5141.2163776	0.0222881732332
5141.53053687	0.0222882079611
5141.84469613	0.0222883796861
5142.1588554	0.0222884626337
5142.47301466	0.0222885344846
5142.78717393	0.0222886383051
5143.10133319	0.0222887620145
5143.41549246	0.0222888138661
5143.72965172	0.0222886801828
5144.04381099	0.0222886847495
5144.35797025	0.0222887854879
5144.67212952	0.0222888150652
5144.98628878	0.0222888356508
5145.30044805	0.0222888878524
5145.61460732	0.0222889266135
5145.92876658	0.022289027527
5146.24292585	0.0222892493187
5146.55708511	0.0222895119827
5146.87124438	0.0222896811445
5147.18540364	0.0222897994397
5147.49956291	0.0222900242612
5147.81372217	0.0222899883091
5148.12788144	0.0222896167041
5148.4420407	0.0222895039535
5148.75619997	0.0222894299639
5149.07035923	0.0222892032392
5149.3845185	0.0222888611498
5149.69867776	0.022288586867
5150.01283703	0.022288509337
5150.3269963	0.0222883691331
5150.64115556	0.022288017586
5150.95531483	0.0222878241486
5151.26947409	0.022287907127
5151.58363336	0.0222879425886
5151.89779262	0.02228788652
5152.21195189	0.0222878460663
5152.52611115	0.0222876712879
5152.84027042	0.0222872742737
5153.15442968	0.0222867679296
5153.46858895	0.0222863765553
5153.78274821	0.0222859582052
5154.09690748	0.0222854148694
5154.41106675	0.0222850155373
5154.72522601	0.0222848616111
5155.03938528	0.0222846674835
5155.35354454	0.0222843238274
5155.66770381	0.0222840248356
5155.98186307	0.0222837414095
5156.29602234	0.0222833822318
5156.6101816	0.0222829454342
5156.92434087	0.0222825842796
5157.23850013	0.0222821368885
5157.5526594	0.0222816922732
5157.86681866	0.0222813648895
5158.18097793	0.0222811020453
5158.49513719	0.0222808846136
5158.80929646	0.0222807184823
5159.12345573	0.0222806016591
5159.43761499	0.0222805447632
5159.75177426	0.0222805742446
5160.06593352	0.0222806252242
5160.38009279	0.0222806323345
5160.69425205	0.0222806529911
5161.00841132	0.0222807319726
5161.32257058	0.0222808201127
5161.63672985	0.0222806818813
5161.95088911	0.0222805539061
5162.26504838	0.0222806463834
5162.57920764	0.0222807136577
5162.89336691	0.0222806587428
5163.20752618	0.0222806239025
5163.52168544	0.0222807534371
5163.83584471	0.0222809721125
5164.15000397	0.0222811218499
5164.46416324	0.02228125778
5164.7783225	0.0222815086968
5165.09248177	0.0222818764669
5165.40664103	0.0222822359354
5165.7208003	0.0222825136541
5166.03495956	0.0222826333202
5166.34911883	0.0222826817695
5166.66327809	0.0222828044731
5166.97743736	0.0222828162458
5167.29159662	0.0222828300017
5167.60575589	0.0222829243042
5167.91991516	0.022282974293
5168.23407442	0.0222829703689
5168.54823369	0.0222831236849
5168.86239295	0.0222833298066
5169.17655222	0.0222833046597
5169.49071148	0.0222831924772
5169.80487075	0.0222831615337
5170.11903001	0.0222830260974
5170.43318928	0.02228271728
5170.74734854	0.0222824728026
5171.06150781	0.0222821579948
5171.37566707	0.0222818239684
5171.68982634	0.0222814977338
5172.00398561	0.0222812619533
5172.31814487	0.022281158308
5172.63230414	0.0222810447997
5172.9464634	0.022280895085
5173.26062267	0.0222808256279
5173.57478193	0.0222808482933
5173.8889412	0.0222807124919
5174.20310046	0.0222805338392
5174.51725973	0.0222804475179
5174.83141899	0.0222801669003
5175.14557826	0.0222797209703
5175.45973752	0.0222794525162
5175.77389679	0.0222792066162
5176.08805605	0.0222788069255
5176.40221532	0.0222784794095
5176.71637459	0.0222783240418
5177.03053385	0.02227817876
5177.34469312	0.0222780439138
5177.65885238	0.0222779791121
5177.97301165	0.0222779194068
5178.28717091	0.0222778272527
5178.60133018	0.022277692491
5178.91548944	0.0222777117095
5179.22964871	0.0222778447669
5179.54380797	0.0222779026836
5179.85796724	0.0222778019187
5180.1721265	0.0222776657288
5180.48628577	0.0222775650886
5180.80044504	0.0222774274827
5181.1146043	0.022277341299
5181.42876357	0.022277340072
5181.74292283	0.0222773687659
5182.0570821	0.0222773510347
5182.37124136	0.0222774322204
5182.68540063	0.0222777748465
5182.99955989	0.0222780479067
5183.31371916	0.0222781118235
5183.62787842	0.0222782028376
5183.94203769	0.022278406887
5184.25619695	0.0222781983335
5184.57035622	0.0222782167909
5184.88451549	0.0222782799462
5185.19867475	0.0222780607094
5185.51283402	0.0222778648606
5185.82699328	0.0222779496854
5186.14115255	0.0222781389463
5186.45531181	0.0222782137719
5186.76947108	0.0222782960438
5187.08363034	0.0222785210825
5187.39778961	0.0222787779559
5187.71194887	0.0222789009424
5188.02610814	0.0222790412037
5188.3402674	0.0222791436093
5188.65442667	0.022279001414
5188.96858593	0.0222787505284
5189.2827452	0.0222786848468
5189.59690447	0.0222785749755
5189.91106373	0.0222782770793
5190.225223	0.0222781452553
5190.53938226	0.022278080458
5190.85354153	0.0222779849711
5191.16770079	0.022277949447
5191.48186006	0.0222777626029
5191.79601932	0.0222776663137
5192.11017859	0.0222775746837
5192.42433785	0.0222770443888
5192.73849712	0.0222768269679
5193.05265638	0.0222767800524
5193.36681565	0.0222764086822
5193.68097492	0.0222759959417
5193.99513418	0.0222756573337
5194.30929345	0.0222752693895
5194.62345271	0.0222749200623
5194.93761198	0.0222746517303
5195.25177124	0.0222744307856
5195.56593051	0.022274225444
5195.88008977	0.0222740204594
5196.19424904	0.0222738896206
5196.5084083	0.0222738003217
5196.82256757	0.0222734985259
5197.13672683	0.0222730835832
5197.4508861	0.022272849798
5197.76504536	0.022272472824
5198.07920463	0.0222719494729
5198.3933639	0.0222716662241
5198.70752316	0.0222714398678
5199.02168243	0.022271046204
5199.33584169	0.0222706934906
5199.65000096	0.0222705242913
5199.96416022	0.0222704179877
5200.27831949	0.0222703531379
5200.59247875	0.0222703510698
5200.90663802	0.022270438778
5201.22079728	0.0222705757759
5201.53495655	0.0222706859444
5201.84911581	0.0222708324812
5202.16327508	0.0222710080385
5202.47743435	0.0222710572088
5202.79159361	0.0222709275677
5203.10575288	0.0222708217204
5203.41991214	0.0222709054827
5203.73407141	0.0222707807052
5204.04823067	0.0222707261336
5204.36238994	0.0222708590222
5204.6765492	0.0222709646248
5204.99070847	0.0222710131011
5205.30486773	0.0222711134957
5205.619027	0.0222712846801
5205.93318626	0.022271381082
5206.24734553	0.0222713755347
5206.56150479	0.022271528643
5206.87566406	0.022271734645
5207.18982333	0.0222717397882
5207.50398259	0.0222717305062
5207.81814186	0.0222718368514
5208.13230112	0.0222718391623
5208.44646039	0.0222718021537
5208.76061965	0.0222719339337
5209.07477892	0.0222721850135
5209.38893818	0.0222723582592
5209.70309745	0.0222724681375
5210.01725671	0.022272709549
5210.33141598	0.0222727957919
5210.64557524	0.0222724392163
5210.95973451	0.022272209863
5211.27389378	0.0222721125049
5211.58805304	0.022271925455
5211.90221231	0.0222716179851
5212.21637157	0.0222713181287
5212.53053084	0.0222711795089
5212.8446901	0.022271070589
5213.15884937	0.0222707927402
5213.47300863	0.0222705805164
5213.7871679	0.0222705861477
5214.10132716	0.0222706342781
5214.41548643	0.0222706085544
5214.72964569	0.0222705472054
5215.04380496	0.0222704480067
5215.35796422	0.0222701351858
5215.67212349	0.0222697305936
5215.98628276	0.0222692988572
5216.30044202	0.0222688227944
5216.61460129	0.0222683788452
5216.92876055	0.0222679774115
5217.24291982	0.0222676813432
5217.55707908	0.0222674669805
5217.87123835	0.0222671790688
5218.18539761	0.0222668550342
5218.49955688	0.0222665461727
5218.81371614	0.0222662351846
5219.12787541	0.0222658733595
5219.44203467	0.0222654853885
5219.75619394	0.0222651019427
5220.07035321	0.0222647410722
5220.38451247	0.0222644205316
5220.69867174	0.0222641171704
5221.012831	0.022263845156
5221.32699027	0.0222636320011
5221.64114953	0.0222634567212
5221.9553088	0.0222633073753
5222.26946806	0.0222632641064
5222.58362733	0.0222632984717
5222.89778659	0.022263292088
5223.21194586	0.0222632835526
5223.52610512	0.0222633985331
5223.84026439	0.0222634924998
5224.15442365	0.0222633045261
5224.46858292	0.0222631860003
5224.78274219	0.02226320331
5225.09690145	0.0222631137976
5225.41106072	0.0222629596832
5225.72521998	0.022262974909
5226.03937925	0.0222630755133
5226.35353851	0.0222631293311
5226.66769778	0.0222632041198
5226.98185704	0.0222633791173
5227.29601631	0.0222636512825
5227.61017557	0.022263961965
5227.92433484	0.0222642917525
5228.2384941	0.0222646263934
5228.55265337	0.0222649056018
5228.86681264	0.0222649986711
5229.1809719	0.0222650741413
5229.49513117	0.0222651456304
5229.80929043	0.0222651402873
5230.1234497	0.022265177608
5230.43760896	0.0222652680102
5230.75176823	0.0222652387451
5231.06592749	0.0222653232148
5231.38008676	0.0222655487182
5231.69424602	0.0222655752392
5232.00840529	0.0222654874175
5232.32256455	0.0222654660288
5232.63672382	0.0222653473736
5232.95088308	0.0222650568536
5233.26504235	0.0222648711014
5233.57920162	0.0222645796381
5233.89336088	0.0222641740882
5234.20752015	0.022263867892
5234.52167941	0.0222636691612
5234.83583868	0.0222635133025
5235.14999794	0.0222633833396
5235.46415721	0.022263273703
5235.77831647	0.022263225614
5236.09247574	0.0222632238335
5236.406635	0.0222630951641
5236.72079427	0.0222629519613
5237.03495353	0.0222628880876
5237.3491128	0.0222626170344
5237.66327207	0.0222620789531
5237.97743133	0.0222616906729
5238.2915906	0.0222614814611
5238.60574986	0.0222611514002
5238.91990913	0.0222607145772
5239.23406839	0.022260435987
5239.54822766	0.0222603360589
5239.86238692	0.0222602207779
5240.17654619	0.0222600893182
5240.49070545	0.0222599746223
5240.80486472	0.0222598750228
5241.11902398	0.0222598200777
5241.43318325	0.0222598646572
5241.74734251	0.0222599458712
5242.06150178	0.0222599716642
5242.37566105	0.022259935537
5242.68982031	0.0222598263895
5243.00397958	0.0222596774964
5243.31813884	0.0222595807959
5243.63229811	0.0222595115137
5243.94645737	0.0222594354275
5244.26061664	0.0222594031533
5244.5747759	0.0222594332404
5244.88893517	0.0222595687302
5245.20309443	0.0222598686535
5245.5172537	0.0222601277293
5245.83141296	0.0222603693251
5246.14557223	0.0222604668822
5246.4597315	0.0222603639227
5246.77389076	0.0222605331621
5247.08805003	0.022260421809
5247.40220929	0.0222602822716
5247.71636856	0.022260315819
5248.03052782	0.0222602977747
5248.34468709	0.022260323365
5248.65884635	0.0222604921181
5248.97300562	0.0222606650234
5249.28716488	0.0222608414926
5249.60132415	0.0222610506875
5249.91548341	0.0222612591776
5250.22964268	0.0222613363432
5250.54380195	0.0222614313614
5250.85796121	0.0222615520274
5251.17212048	0.0222614187818
5251.48627974	0.0222611065986
5251.80043901	0.0222610132502
5252.11459827	0.022260902005
5252.42875754	0.0222606651015
5252.7429168	0.0222605955583
5253.05707607	0.0222605593284
5253.37123533	0.0222604710246
5253.6853946	0.0222603990976
5253.99955386	0.0222602644414
5254.31371313	0.0222601185191
5254.62787239	0.0222599888243
5254.94203166	0.0222594854546
5255.25619093	0.0222592110462
5255.57035019	0.0222591227867
5255.88450946	0.0222587944252
5256.19866872	0.0222583930193
5256.51282799	0.0222580469568
5256.82698725	0.0222576849437
5257.14114652	0.0222573543676
5257.45530578	0.0222571109615
5257.76946505	0.0222569025636
5258.08362431	0.022256698114
5258.39778358	0.0222565112595
5258.71194284	0.0222564136556
5259.02610211	0.0222563517886
5259.34026138	0.0222561550958
5259.65442064	0.0222557690143
5259.96857991	0.0222554495958
5260.28273917	0.0222551350122
5260.59689844	0.0222547241679
5260.9110577	0.0222543733761
5261.22521697	0.0222541156852
5261.53937623	0.0222538227184
5261.8535355	0.0222535744417
5262.16769476	0.0222534641172
5262.48185403	0.0222534505657
5262.79601329	0.0222534609276
5263.11017256	0.0222535057881
5263.42433182	0.0222536143848
5263.73849109	0.0222537634073
5264.05265036	0.0222538902863
5264.36680962	0.0222539534971
5264.68096889	0.0222541255162
5264.99512815	0.0222543368696
5265.30928742	0.022254294531
5265.62344668	0.0222540766449
5265.93760595	0.0222540306051
5266.25176521	0.0222540989929
5266.56592448	0.0222542387635
5266.88008374	0.0222542597733
5267.19424301	0.0222542688828
5267.50840227	0.0222544666497
5267.82256154	0.0222546299378
5268.13672081	0.0222546076487
5268.45088007	0.0222547598558
5268.76503934	0.0222547559249
5269.0791986	0.0222546733675
5269.39335787	0.02225485273
5269.70751713	0.022254967386
5270.0216764	0.0222549370816
5270.33583566	0.0222549494844
5270.64999493	0.0222549480774
5270.96415419	0.0222549784198
5271.27831346	0.0222551231312
5271.59247272	0.0222552913878
5271.90663199	0.022255415126
5272.22079125	0.0222556034053
5272.53495052	0.0222558842121
5272.84910979	0.0222559466873
5273.16326905	0.0222555660777
5273.47742832	0.0222553454364
5273.79158758	0.0222552440643
5274.10574685	0.0222549604923
5274.41990611	0.0222546714546
5274.73406538	0.0222543843933
5275.04822464	0.0222541466523
5275.36238391	0.0222540048256
5275.67654317	0.0222537593047
5275.99070244	0.0222534818109
5276.3048617	0.0222534065591
5276.61902097	0.0222534472973
5276.93318024	0.0222534154114
5277.2473395	0.0222533295022
5277.56149877	0.0222532559295
5277.87565803	0.0222530417425
5278.1898173	0.0222525948138
5278.50397656	0.0222521485192
5278.81813583	0.0222517299384
5279.13229509	0.0222512863714
5279.44645436	0.022250845298
5279.76061362	0.0222505664526
5280.07477289	0.0222504183209
5280.38893215	0.0222501651832
5280.70309142	0.0222498294266
5281.01725068	0.0222495551631
5281.33140995	0.0222492852834
5281.64556922	0.0222489294986
5281.95972848	0.0222484920192
5282.27388775	0.0222481070068
5282.58804701	0.0222477271089
5282.90220628	0.0222473528141
5283.21636554	0.0222470642375
5283.53052481	0.0222468243286
5283.84468407	0.0222466307448
5284.15884334	0.0222465112498
5284.4730026	0.0222464343643
5284.78716187	0.0222464132649
5285.10132113	0.0222464609373
5285.4154804	0.022246497793
5285.72963967	0.0222465338099
5286.04379893	0.0222466459692
5286.3579582	0.022246712999
5286.67211746	0.0222465341516
5286.98627673	0.0222463421118
5287.30043599	0.0222464196157
5287.61459526	0.0222463243111
5287.92875452	0.022246114943
5288.24291379	0.022246104439
5288.55707305	0.0222462288975
5288.87123232	0.0222462964035
5289.18539158	0.0222463920922
5289.49955085	0.022246554585
5289.81371011	0.0222467266822
5290.12786938	0.0222469956936
5290.44202865	0.0222473285321
5290.75618791	0.0222476449931
5291.07034718	0.0222479466864
5291.38450644	0.0222481154381
5291.69866571	0.0222481778649
5292.01282497	0.0222481996267
5292.32698424	0.0222481985338
5292.6411435	0.022248255377
5292.95530277	0.0222482808765
5293.26946203	0.0222482446133
5293.5836213	0.0222482545179
5293.89778056	0.0222484118058
5294.21193983	0.0222485290118
5294.5260991	0.0222484647897
5294.84025836	0.022248357704
5295.15441763	0.0222483239054
5295.46857689	0.0222481171038
5295.78273616	0.0222478213242
5296.09689542	0.0222476565052
5296.41105469	0.0222472966694
5296.72521395	0.0222468839323
5297.03937322	0.022246616459
5297.35353248	0.0222464289126
5297.66769175	0.0222462608814
5297.98185101	0.0222461281518
5298.29601028	0.0222460255269
5298.61016954	0.0222459903257
5298.92432881	0.0222459418208
5299.23848808	0.0222457484866
5299.55264734	0.022245556986
5299.86680661	0.022245322559
5300.18096587	0.0222448839322
5300.49512514	0.0222444359363
5300.8092844	0.0222440999273
5301.12344367	0.0222438083682
5301.43760293	0.0222434764272
5301.7517622	0.0222431525215
5302.06592146	0.0222429415538
5302.38008073	0.0222428228135
5302.69423999	0.022242720665
5303.00839926	0.0222426178061
5303.32255853	0.0222424373751
5303.63671779	0.022242408778
5303.95087706	0.0222423522722
5304.26503632	0.0222422905651
5304.57919559	0.0222423470497
5304.89335485	0.022242319328
5305.20751412	0.0222422004152
5305.52167338	0.0222421215412
5305.83583265	0.0222419920178
5306.14999191	0.0222418327894
5306.46415118	0.0222418205461
5306.77831044	0.0222419027055
5307.09246971	0.0222419791076
5307.40662898	0.0222420817871
5307.72078824	0.0222423779927
5308.03494751	0.022242792337
5308.34910677	0.0222431200845
5308.66326604	0.0222432785371
5308.9774253	0.0222431266453
5309.29158457	0.0222434303497
5309.60574383	0.0222434204814
5309.9199031	0.0222431850772
5310.23406236	0.0222433588333
5310.54822163	0.0222435625735
5310.86238089	0.0222434845127
5311.17654016	0.02224354454
5311.49069942	0.0222438632099
5311.80485869	0.0222441622721
5312.11901796	0.022244331082
5312.43317722	0.0222445261655
5312.74733649	0.0222446952494
5313.06149575	0.0222448094384
5313.37565502	0.0222449089303
5313.68981428	0.0222448669688
5314.00397355	0.0222445993351
5314.31813281	0.0222444137752
5314.63229208	0.0222442928311
5314.94645134	0.0222440432058
5315.26061061	0.0222439680555
5315.57476987	0.0222440128447
5315.88892914	0.0222439279912
5316.20308841	0.0222437986854
5316.51724767	0.0222437484684
5316.83140694	0.0222436285424
5317.1455662	0.0222433141197
5317.45972547	0.0222429799966
5317.77388473	0.0222425967311
5318.088044	0.0222421523985
5318.40220326	0.0222418137272
5318.71636253	0.0222415217924
5319.03052179	0.02224109247
5319.34468106	0.0222406661331
5319.65884032	0.0222403186032
5319.97299959	0.0222400326761
5320.28715885	0.0222398059543
5320.60131812	0.0222396519519
5320.91547739	0.0222395076422
5321.22963665	0.0222393440644
5321.54379592	0.0222392521716
5321.85795518	0.022239196498
5322.17211445	0.0222388959913
5322.48627371	0.0222384097512
5322.80043298	0.0222381206339
5323.11459224	0.0222378105982
5323.42875151	0.0222373884908
5323.74291077	0.0222370653609
5324.05707004	0.0222368652613
5324.3712293	0.0222366611448
5324.68538857	0.0222364321326
5324.99954784	0.0222363014183
5325.3137071	0.0222363307941
5325.62786637	0.0222364385778
5325.94202563	0.0222365369928
5326.2561849	0.0222366680034
5326.57034416	0.0222368768977
5326.88450343	0.0222370737828
5327.19866269	0.0222371625825
5327.51282196	0.022237172694
5327.82698122	0.0222371558194
5328.14114049	0.0222370491509
5328.45529975	0.0222369529799
5328.76945902	0.0222369262424
5329.08361828	0.0222371516062
5329.39777755	0.0222373436964
5329.71193682	0.0222373599609
5330.02609608	0.0222374171676
5330.34025535	0.0222376030175
5330.65441461	0.0222376133829
5330.96857388	0.0222375149985
5331.28273314	0.0222376170591
5331.59689241	0.0222375885921
5331.91105167	0.0222374445803
5332.22521094	0.0222374432311
5332.5393702	0.0222375228959
5332.85352947	0.0222375771077
5333.16768873	0.0222375926219
5333.481848	0.022237642954
5333.79600727	0.0222377957525
5334.11016653	0.0222380069652
5334.4243258	0.022238156531
5334.73848506	0.0222383660149
5335.05264433	0.0222385988613
5335.36680359	0.0222386563544
5335.68096286	0.02223841989
5335.99512212	0.022238126134
5336.30928139	0.0222380808427
5336.62344065	0.0222378213843
5336.93759992	0.022237438571
5337.25175918	0.0222372323326
5337.56591845	0.0222370841322
5337.88007771	0.0222368794305
5338.19423698	0.0222367146478
5338.50839625	0.0222365469075
5338.82255551	0.0222363127348
5339.13671478	0.0222362074357
5339.45087404	0.0222362405933
5339.76503331	0.022236235666
5340.07919257	0.0222361758904
5340.39335184	0.0222360389896
5340.7075111	0.0222356733305
5341.02167037	0.0222352646247
5341.33582963	0.0222348919168
5341.6499889	0.0222344273835
5341.96414816	0.0222340462878
5342.27830743	0.022233757845
5342.5924667	0.0222334644807
5342.90662596	0.0222332955355
5343.22078523	0.0222331857953
5343.53494449	0.0222329445561
5343.84910376	0.0222326325765
5344.16326302	0.0222324392611
5344.47742229	0.0222322033722
5344.79158155	0.0222317277422
5345.10574082	0.0222313598221
5345.41990008	0.0222311581651
5345.73405935	0.0222308372777
5346.04821861	0.0222305038362
5346.36237788	0.0222303861264
5346.67653714	0.0222304049557
5346.99069641	0.0222303825203
5347.30485568	0.0222303335709
5347.61901494	0.0222303845805
5347.93317421	0.0222304990752
5348.24733347	0.0222305623351
5348.56149274	0.0222306452154
5348.875652	0.0222308094847
5349.18981127	0.0222309090835
5349.50397053	0.0222308642909
5349.8181298	0.0222307117762
5350.13228906	0.0222306559359
5350.44644833	0.0222307070789
5350.76060759	0.0222306595387
5351.07476686	0.0222306101811
5351.38892613	0.0222306686692
5351.70308539	0.0222308000102
5352.01724466	0.0222309690589
5352.33140392	0.0222311167076
5352.64556319	0.0222312648819
5352.95972245	0.022231426681
5353.27388172	0.0222316881717
5353.58804098	0.0222320033859
5353.90220025	0.022232278686
5354.21635951	0.022232398709
5354.53051878	0.0222323624916
5354.84467804	0.0222324109252
5355.15883731	0.0222323999407
5355.47299657	0.0222322657973
5355.78715584	0.0222322066802
5356.10131511	0.0222322238833
5356.41547437	0.0222321721428
5356.72963364	0.0222321576757
5357.0437929	0.022232262275
5357.35795217	0.0222323048999
5357.67211143	0.0222322336011
5357.9862707	0.022232133927
5358.30042996	0.0222318679794
5358.61458923	0.0222316480694
5358.92874849	0.022231383102
5359.24290776	0.0222310165324
5359.55706702	0.0222306793112
5359.87122629	0.0222303507015
5360.18538556	0.0222300752074
5360.49954482	0.0222299031711
5360.81370409	0.0222297744901
5361.12786335	0.022229627346
5361.44202262	0.0222295247483
5361.75618188	0.0222294235889
5362.07034115	0.0222291992779
5362.38450041	0.0222290317795
5362.69865968	0.0222288850224
5363.01281894	0.022228511181
5363.32697821	0.0222280937541
5363.64113747	0.0222278397623
5363.95529674	0.0222275997289
5364.26945601	0.0222272649794
5364.58361527	0.0222269450268
5364.89777454	0.0222267494928
5365.2119338	0.0222266474416
5365.52609307	0.0222265264028
5365.84025233	0.022226339122
5366.1544116	0.0222262247151
5366.46857086	0.0222261744828
5366.78273013	0.0222260457604
5367.09688939	0.0222259650864
5367.41104866	0.0222259463199
5367.72520792	0.0222259484478
5368.03936719	0.0222258148757
5368.35352645	0.0222256765177
5368.66768572	0.022225545242
5368.98184499	0.0222254627246
5369.29600425	0.0222254809602
5369.61016352	0.0222255507662
5369.92432278	0.0222256901295
5370.23848205	0.0222258756142
5370.55264131	0.0222261601401
5370.86680058	0.0222265767635
5371.18095984	0.0222268682922
5371.49511911	0.0222265485229
5371.80927837	0.0222267112673
5372.12343764	0.0222269584035
5372.4375969	0.0222267326289
5372.75175617	0.0222266722715
5373.06591544	0.022226940645
5373.3800747	0.0222270187119
5373.69423397	0.0222269187096
5374.00839323	0.0222270731131
5374.3225525	0.0222274144826
5374.63671176	0.0222276770192
5374.95087103	0.0222278308372
5375.26503029	0.022227996687
5375.57918956	0.022228179486
5375.89334882	0.0222282748281
5376.20750809	0.0222282435109
5376.52166735	0.0222280379441
5376.83582662	0.0222278123614
5377.14998588	0.0222276618284
5377.46414515	0.0222274301328
5377.77830442	0.0222273255896
5378.09246368	0.0222274032362
5378.40662295	0.0222273951001
5378.72078221	0.0222272427736
5379.03494148	0.0222271144099
5379.34910074	0.0222270815833
5379.66326001	0.0222267092882
5379.97741927	0.0222263160012
5380.29157854	0.0222260766022
5380.6057378	0.0222254981412
5380.91989707	0.0222249713841
5381.23405633	0.0222246774254
5381.5482156	0.022224323559
5381.86237487	0.0222238505074
5382.17653413	0.0222234240429
5382.4906934	0.0222231225021
5382.80485266	0.022222892405
5383.11901193	0.0222227059734
5383.43317119	0.022222541468
5383.74733046	0.0222223547266
5384.06148972	0.0222221944634
5384.37564899	0.0222221299306
5384.68980825	0.0222219956079
5385.00396752	0.0222215505213
5385.31812678	0.0222211069995
5385.63228605	0.0222209135907
5385.94644531	0.0222205914227
5386.26060458	0.0222201723445
5386.57476385	0.0222198440758
5386.88892311	0.022219708807
5387.20308238	0.0222195678792
5387.51724164	0.0222193357523
5387.83140091	0.0222192289713
5388.14556017	0.0222193239354
5388.45971944	0.0222194823072
5388.7738787	0.0222196035004
5389.08803797	0.0222197848421
5389.40219723	0.0222200265149
5389.7163565	0.0222202016419
5390.03051576	0.022220265338
5390.34467503	0.022220270829
5390.6588343	0.0222202778028
5390.97299356	0.0222202871801
5391.28715283	0.0222202679543
5391.60131209	0.0222202945718
5391.91547136	0.0222205941141
5392.22963062	0.0222208250693
5392.54378989	0.0222208043902
5392.85794915	0.022220839781
5393.17210842	0.0222209617457
5393.48626768	0.0222209977463
5393.80042695	0.022220884936
5394.11458621	0.0222209310829
5394.42874548	0.0222209232911
5394.74290474	0.0222207967161
5395.05706401	0.0222207404336
5395.37122328	0.0222208234484
5395.68538254	0.0222209327711
5395.99954181	0.0222209704215
5396.31370107	0.022221062776
5396.62786034	0.0222213030195
5396.9420196	0.0222214775305
5397.25617887	0.0222216412212
5397.57033813	0.0222218469704
5397.8844974	0.0222219492585
5398.19865666	0.0222218599259
5398.51281593	0.0222215563789
5398.82697519	0.0222214203669
5399.14113446	0.0222212540981
5399.45529373	0.0222208903514
5399.76945299	0.0222206078759
5400.08361226	0.0222204586348
5400.39777152	0.0222202870035
5400.71193079	0.0222201060864
5401.02609005	0.0222199785276
5401.34024932	0.0222198426256
5401.65440858	0.0222196868626
5401.96856785	0.0222196065994
5402.28272711	0.0222196259104
5402.59688638	0.0222196380383
5402.91104564	0.0222195603265
5403.22520491	0.0222193152665
5403.53936417	0.0222189469952
5403.85352344	0.0222186872096
5404.16768271	0.0222182841932
5404.48184197	0.0222178579192
5404.79600124	0.0222176030318
5405.1101605	0.0222173682246
5405.42431977	0.0222170882738
5405.73847903	0.0222169857104
5406.0526383	0.0222169533184
5406.36679756	0.0222167285556
5406.68095683	0.0222164486847
5406.99511609	0.0222163303765
5407.30927536	0.0222161283509
5407.62343462	0.0222156989118
5407.93759389	0.0222154178224
5408.25175316	0.0222153362396
5408.56591242	0.0222150598986
5408.88007169	0.022214773741
5409.19423095	0.0222147897699
5409.50839022	0.0222148815173
5409.82254948	0.0222148494453
5410.13670875	0.0222148749829
5410.45086801	0.0222150158055
5410.76502728	0.0222151802764
5411.07918654	0.0222153060689
5411.39334581	0.0222154408707
5411.70750507	0.0222156029926
5412.02166434	0.0222156129242
5412.3358236	0.0222154190161
5412.64998287	0.0222153388512
5412.96414214	0.022215444078
5413.2783014	0.0222154360737
5413.59246067	0.0222153201836
5413.90661993	0.0222153232393
5414.2207792	0.0222154605971
5414.53493846	0.0222156385681
5414.84909773	0.0222157580803
5415.16325699	0.0222158501247
5415.47741626	0.0222160117252
5415.79157552	0.0222161360553
5416.10573479	0.0222162686228
5416.41989405	0.0222165182246
5416.73405332	0.0222167060625
5417.04821259	0.0222166370301
5417.36237185	0.0222165802357
5417.67653112	0.0222165296013
5417.99069038	0.02221639388
5418.30484965	0.0222163046241
5418.61900891	0.0222162329417
5418.93316818	0.02221612249
5419.24732744	0.0222160345456
5419.56148671	0.0222160368804
5419.87564597	0.0222160561562
5420.18980524	0.0222160074945
5420.5039645	0.022215983872
5420.81812377	0.0222158544472
5421.13228303	0.022215506983
5421.4464423	0.0222152844287
5421.76060157	0.0222149781054
5422.07476083	0.0222146339232
5422.3889201	0.022214333009
5422.70307936	0.0222140000583
5423.01723863	0.0222137231415
5423.33139789	0.0222135954658
5423.64555716	0.0222134999146
5423.95971642	0.0222133647226
5424.27387569	0.0222132468078
5424.58803495	0.0222131580334
5424.90219422	0.0222129984618
5425.21635348	0.0222128715178
5425.53051275	0.0222127299852
5425.84467202	0.0222124392061
5426.15883128	0.0222121336814
5426.47299055	0.0222119080993
5426.78714981	0.0222117044538
5427.10130908	0.0222114529937
5427.41546834	0.0222111534299
5427.72962761	0.0222110014244
5428.04378687	0.0222109652757
5428.35794614	0.0222108199191
5428.6721054	0.0222107071591
5428.98626467	0.0222106790675
5429.30042393	0.0222106392475
5429.6145832	0.0222105165342
5429.92874247	0.0222103466511
5430.24290173	0.0222103627772
5430.557061	0.0222102940017
5430.87122026	0.0222100893783
5431.18537953	0.0222099451998
5431.49953879	0.0222098400055
5431.81369806	0.0222097712411
5432.12785732	0.0222097488538
5432.44201659	0.0222098493177
5432.75617585	0.0222100447483
5433.07033512	0.0222102258746
5433.38449438	0.0222104685557
5433.69865365	0.0222108457454
5434.01281291	0.0222108213132
5434.32697218	0.022210534178
5434.64113145	0.0222107582109
5434.95529071	0.0222107807176
5435.26944998	0.022210620922
5435.58360924	0.0222105760608
5435.89776851	0.0222107076167
5436.21192777	0.0222107476154
5436.52608704	0.0222106832488
5436.8402463	0.0222107595179
5437.15440557	0.022211029733
5437.46856483	0.0222112523885
5437.7827241	0.022211386175
5438.09688336	0.0222115721708
5438.41104263	0.0222116882169
5438.7252019	0.0222116849853
5439.03936116	0.0222115326089
5439.35352043	0.0222112569021
5439.66767969	0.0222110517276
5439.98183896	0.0222108466173
5440.29599822	0.0222106543719
5440.61015749	0.0222106522928
5440.92431675	0.0222107044151
5441.23847602	0.0222105964145
5441.55263528	0.0222104204552
5441.86679455	0.0222103201192
5442.18095381	0.0222100943197
5442.49511308	0.0222096284112
5442.80927234	0.0222093261083
5443.12343161	0.0222089263818
5443.43759088	0.0222083300091
5443.75175014	0.0222078875579
5444.06590941	0.0222075508682
5444.38006867	0.0222071420643
5444.69422794	0.022206722682
5445.0083872	0.022206380003
5445.32254647	0.0222061222633
5445.63670573	0.0222059265809
5445.950865	0.0222057832044
5446.26502426	0.0222056209213
5446.57918353	0.0222054255305
5446.89334279	0.0222053055894
5447.20750206	0.0222052276703
5447.52166133	0.0222049935491
5447.83582059	0.0222045219308
5448.14997986	0.0222042457161
5448.46413912	0.0222040517414
5448.77829839	0.0222037128412
5449.09245765	0.0222033521717
5449.40661692	0.0222031379971
5449.72077618	0.0222030681133
5450.03493545	0.0222029553456
5450.34909471	0.0222027865842
5450.66325398	0.0222027532013
5450.97741324	0.0222029287566
5451.29157251	0.0222031464289
5451.60573177	0.0222033198827
5451.91989104	0.0222035567259
5452.23405031	0.0222037911547
5452.54820957	0.0222039511995
5452.86236884	0.0222040306365
5453.1765281	0.0222040091912
5453.49068737	0.0222040508641
5453.80484663	0.0222041297766
5454.1190059	0.0222042039523
5454.43316516	0.0222044216548
5454.74732443	0.0222047481313
5455.06148369	0.0222048671662
5455.37564296	0.0222048304976
5455.68980222	0.022204910103
5456.00396149	0.0222050186479
5456.31812076	0.0222049278339
5456.63228002	0.0222047688407
5456.94643929	0.0222048627948
5457.26059855	0.0222048641545
5457.57475782	0.0222046804247
5457.88891708	0.022204597688
5458.20307635	0.022204732156
5458.51723561	0.0222048650265
5458.83139488	0.0222049156982
5459.14555414	0.0222050710495
5459.45971341	0.0222053034666
5459.77387267	0.0222054698347
5460.08803194	0.0222056208701
5460.4021912	0.0222057545222
5460.71635047	0.0222057323153
5461.03050974	0.0222054715443
5461.344669	0.0222052414492
5461.65882827	0.0222051659632
5461.97298753	0.0222048560206
5462.2871468	0.0222044816075
5462.60130606	0.0222042646455
5462.91546533	0.022204142868
5463.22962459	0.0222039523728
5463.54378386	0.0222037802889
5463.85794312	0.0222036932915
5464.17210239	0.0222035569397
5464.48626165	0.0222033971614
5464.80042092	0.0222033391653
5465.11458019	0.0222033753478
5465.42873945	0.0222033751655
5465.74289872	0.0222032384416
5466.05705798	0.0222029272062
5466.37121725	0.0222026648946
5466.68537651	0.0222024183582
5466.99953578	0.0222020123871
5467.31369504	0.0222016822064
5467.62785431	0.0222015040539
5467.94201357	0.022201316195
5468.25617284	0.022201081586
5468.5703321	0.0222009674186
5468.88449137	0.0222009604568
5469.19865063	0.022200808938
5469.5128099	0.0222005932462
5469.82696917	0.0222004928388
5470.14112843	0.0222003305926
5470.4552877	0.0221999914409
5470.76944696	0.0221998445527
5471.08360623	0.0221997689313
5471.39776549	0.0221994691034
5471.71192476	0.0221992885734
5472.02608402	0.0221993652502
5472.34024329	0.022199434296
5472.65440255	0.0221994318101
5472.96856182	0.0221994831066
5473.28272108	0.0221996402422
5473.59688035	0.0221998094441
5473.91103962	0.0221999320122
5474.22519888	0.0222000319673
5474.53935815	0.0222001399945
5474.85351741	0.0222000945441
5475.16767668	0.0221999900308
5475.48183594	0.0222000013921
5475.79599521	0.0222000202833
5476.11015447	0.0221999331907
5476.42431374	0.0221998677556
5476.738473	0.0221999622643
5477.05263227	0.0222001207429
5477.36679153	0.0222003050484
5477.6809508	0.0222003524499
5477.99511006	0.0222004530922
5478.30926933	0.0222006449425
5478.6234286	0.0222006042021
5478.93758786	0.0222007175678
5479.25174713	0.0222009606484
5479.56590639	0.0222009123875
5479.88006566	0.0222007523032
5480.19422492	0.0222006909784
5480.50838419	0.0222005273747
5480.82254345	0.0222003703414
5481.13670272	0.0222003107382
5481.45086198	0.0222002638926
5481.76502125	0.0222001788097
5482.07918051	0.0222001255589
5482.39333978	0.0222001408443
5482.70749905	0.0222000628425
5483.02165831	0.0221998839296
5483.33581758	0.0221998473995
5483.64997684	0.022199715304
5483.96413611	0.0221992993482
5484.27829537	0.0221989848231
5484.59245464	0.0221987472891
5484.9066139	0.0221984038794
5485.22077317	0.0221980199689
5485.53493243	0.0221976997969
5485.8490917	0.0221975214579
5486.16325096	0.0221973799526
5486.47741023	0.0221971732632
5486.7915695	0.0221970052383
5487.10572876	0.0221969247928
5487.41988803	0.0221968372705
5487.73404729	0.0221966689282
5488.04820656	0.0221965703555
5488.36236582	0.0221965099884
5488.67652509	0.0221962669847
5488.99068435	0.022195918168
5489.30484362	0.0221956815976
5489.61900288	0.0221954935337
5489.93316215	0.0221951299828
5490.24732141	0.0221949392388
5490.56148068	0.022194929118
5490.87563994	0.0221948211942
5491.18979921	0.0221947224171
5491.50395848	0.0221947190699
5491.81811774	0.0221946724116
5492.13227701	0.0221946160507
5492.44643627	0.0221944318215
5492.76059554	0.022194267597
5493.0747548	0.0221942729293
5493.38891407	0.0221941734785
5493.70307333	0.0221940064564
5494.0172326	0.0221938901349
5494.33139186	0.0221937851017
5494.64555113	0.022193705338
5494.95971039	0.0221937526083
5495.27386966	0.0221939246847
5495.58802893	0.0221941080365
5495.90218819	0.0221942760826
5496.21634746	0.0221946086656
5496.53050672	0.0221948722432
5496.84466599	0.0221946136846
5497.15882525	0.0221944716432
5497.47298452	0.022194675676
5497.78714378	0.0221946300092
5498.10130305	0.0221944690206
5498.41546231	0.0221944400033
5498.72962158	0.0221945726656
5499.04378084	0.0221946281462
5499.35794011	0.0221945458335
5499.67209937	0.0221946292438
5499.98625864	0.0221949249258
5500.30041791	0.0221951291089
5500.61457717	0.0221952838144
5500.92873644	0.0221954275765
5501.2428957	0.0221954737777
5501.55705497	0.0221953760887
5501.87121423	0.0221951923527
5502.1853735	0.0221949836007
5502.49953276	0.0221947586991
5502.81369203	0.0221945671095
5503.12785129	0.0221945171024
5503.44201056	0.0221946000756
5503.75616982	0.022194578832
5504.07032909	0.0221944474778
5504.38448836	0.0221943480874
5504.69864762	0.0221942032736
5505.01280689	0.0221938621884
5505.32696615	0.0221934740062
5505.64112542	0.0221931091226
5505.95528468	0.0221926582178
5506.26944395	0.0221921996636
5506.58360321	0.0221917951225
5506.89776248	0.0221914159261
5507.21192174	0.0221910456961
5507.52608101	0.0221907144554
5507.84024027	0.0221904249777
5508.15439954	0.0221901749391
5508.4685588	0.0221900008951
5508.78271807	0.0221898880212
5509.09687734	0.0221897336137
5509.4110366	0.0221895605357
5509.72519587	0.0221894695048
5510.03935513	0.0221894138708
5510.3535144	0.0221891168196
5510.66767366	0.0221886204266
5510.98183293	0.0221883796775
5511.29599219	0.0221882137257
5511.61015146	0.0221878219968
5511.92431072	0.0221874654337
5512.23846999	0.0221873304013
5512.55262925	0.0221872541621
5512.86678852	0.0221871583161
5513.18094779	0.0221870557847
5513.49510705	0.0221870351158
5513.80926632	0.0221871963403
5514.12342558	0.022187427865
5514.43758485	0.0221876468696
5514.75174411	0.0221878658623
5515.06590338	0.0221880491837
5515.38006264	0.0221881858503
5515.69422191	0.0221882257914
5516.00838117	0.0221882266657
5516.32254044	0.0221883352309
5516.6366997	0.0221884306108
5516.95085897	0.0221885006128
5517.26501823	0.0221887773798
5517.5791775	0.0221890797655
5517.89333677	0.0221891284581
5518.20749603	0.0221890462939
5518.5216553	0.0221891823127
5518.83581456	0.0221892619187
5519.14997383	0.0221890893012
5519.46413309	0.0221889482298
5519.77829236	0.0221890159616
5520.09245162	0.0221889952181
5520.40661089	0.022188836148
5520.72077015	0.0221887741692
5521.03492942	0.0221888713439
5521.34908868	0.0221889962198
5521.66324795	0.0221891191638
5521.97740722	0.0221893120144
5522.29156648	0.0221895364526
5522.60572575	0.02218967887
5522.91988501	0.0221898075986
5523.23404428	0.0221899583611
5523.54820354	0.0221898457764
5523.86236281	0.0221894572751
5524.17652207	0.0221892672864
5524.49068134	0.022189129826
5524.8048406	0.0221888451192
5525.11899987	0.022188512552
5525.43315913	0.0221882784044
5525.7473184	0.0221881666079
5526.06147766	0.0221880328315
5526.37563693	0.0221878988435
5526.6897962	0.022187777287
5527.00395546	0.022187656273
5527.31811473	0.0221874946634
5527.63227399	0.0221874076085
5527.94643326	0.022187392356
5528.26059252	0.0221873597898
5528.57475179	0.022187166068
5528.88891105	0.022186869389
5529.20307032	0.0221866434394
5529.51722958	0.0221863773846
5529.83138885	0.0221860516453
5530.14554811	0.0221858046812
5530.45970738	0.0221856309066
5530.77386665	0.0221854178172
5531.08802591	0.0221851775902
5531.40218518	0.0221851269626
5531.71634444	0.0221851149718
5532.03050371	0.0221849459701
5532.34466297	0.0221847727067
5532.65882224	0.0221847197437
5532.9729815	0.0221846175403
5533.28714077	0.0221843064705
5533.60130003	0.0221841979601
5533.9154593	0.0221840914353
5534.22961856	0.0221838145653
5534.54377783	0.0221836530735
5534.85793709	0.0221836766199
5535.17209636	0.0221837561698
5535.48625563	0.0221838102564
5535.80041489	0.0221839061661
5536.11457416	0.0221840694522
5536.42873342	0.0221842651678
5536.74289269	0.0221843737029
5537.05705195	0.0221844518979
5537.37121122	0.0221845076603
5537.68537048	0.0221844610718
5537.99952975	0.0221844077135
5538.31368901	0.0221844065095
5538.62784828	0.0221843661499
5538.94200754	0.022184265472
5539.25616681	0.0221842965928
5539.57032608	0.0221844678072
5539.88448534	0.0221846184282
5540.19864461	0.0221847435192
5540.51280387	0.0221847832826
5540.82696314	0.0221849337287
5541.1411224	0.0221850320889
5541.45528167	0.0221849176563
5541.76944093	0.0221849817273
5542.0836002	0.0221850878268
5542.39775946	0.0221849862214
5542.71191873	0.0221848576915
5543.02607799	0.0221846987954
5543.34023726	0.0221845062184
5543.65439653	0.0221843787843
5543.96855579	0.0221842943944
5544.28271506	0.022184206365
5544.59687432	0.0221841220925
5544.91103359	0.0221840935081
5545.22519285	0.0221841063719
5545.53935212	0.0221840863455
5545.85351138	0.0221839295387
5546.16767065	0.0221836845164
5546.48182991	0.0221835220652
5546.79598918	0.0221831772307
5547.11014844	0.0221827738456
5547.42430771	0.0221824786247
5547.73846697	0.0221822201578
5548.05262624	0.0221819319651
5548.36678551	0.0221816753554
5548.68094477	0.0221814892655
5548.99510404	0.0221813440379
5549.3092633	0.0221812193112
5549.62342257	0.0221811044275
5549.93758183	0.0221809676017
5550.2517411	0.0221808686879
5550.56590036	0.0221807436163
5550.88005963	0.022180642235
5551.19421889	0.0221806059213
5551.50837816	0.0221804146088
5551.82253742	0.0221800224728
5552.13669669	0.0221796925845
5552.45085596	0.0221794703222
5552.76501522	0.0221793269016
5553.07917449	0.0221792736268
5553.39333375	0.0221791978064
5553.70749302	0.0221791200309
5554.02165228	0.0221791490599
5554.33581155	0.022179187338
5554.64997081	0.0221789490039
5554.96413008	0.0221788928713
5555.27828934	0.0221787082182
5555.59244861	0.0221784235679
5555.90660787	0.0221783300989
5556.22076714	0.0221783196591
5556.5349264	0.0221782466198
5556.84908567	0.0221781200581
5557.16324494	0.022178063515
5557.4774042	0.0221781408786
5557.79156347	0.0221783439508
5558.10572273	0.0221785378602
5558.419882	0.0221787206418
5558.73404126	0.0221790353971
5559.04820053	0.0221793375988
5559.36235979	0.0221793139499
5559.67651906	0.0221790395765
5559.99067832	0.0221790956935
5560.30483759	0.0221792172803
5560.61899685	0.0221791904994
5560.93315612	0.0221791481466
5561.24731539	0.0221791566195
5561.56147465	0.0221792438538
5561.87563392	0.0221793886229
5562.18979318	0.0221794093609
5562.50395245	0.0221794111233
5562.81811171	0.0221795781196
5563.13227098	0.0221798414208
5563.44643024	0.0221800333741
5563.76058951	0.0221800995386
5564.07474877	0.0221799630406
5564.38890804	0.0221797725403
5564.7030673	0.0221796018217
5565.01722657	0.0221794102233
5565.33138583	0.0221791899776
5565.6455451	0.0221790184638
5565.95970437	0.0221790223781
5566.27386363	0.0221790849944
5566.5880229	0.0221790249898
5566.90218216	0.0221789040101
5567.21634143	0.0221787838651
5567.53050069	0.0221784668473
5567.84465996	0.0221781306932
5568.15881922	0.0221777304911
5568.47297849	0.0221772066456
5568.78713775	0.0221767568842
5569.10129702	0.0221763388371
5569.41545628	0.022175862487
5569.72961555	0.0221754221663
5570.04377482	0.022175081569
5570.35793408	0.0221748168675
5570.67209335	0.0221745950528
5570.98625261	0.0221744114296
5571.30041188	0.0221742957899
5571.61457114	0.0221741974228
5571.92873041	0.0221740697697
5572.24288967	0.0221739431117
5572.55704894	0.0221738597656
5572.8712082	0.0221737238717
5573.18536747	0.0221733415579
5573.49952673	0.0221729511286
5573.813686	0.0221727992952
5574.12784526	0.0221725406846
5574.44200453	0.0221722266775
5574.7561638	0.0221720716133
5575.07032306	0.0221720413975
5575.38448233	0.022171967528
5575.69864159	0.0221718942976
5576.01280086	0.0221719461911
5576.32696012	0.0221720158913
5576.64111939	0.0221720772216
5576.95527865	0.0221722336446
5577.26943792	0.0221724684725
5577.58359718	0.0221727158785
5577.89775645	0.0221728567829
5578.21191571	0.0221729163994
5578.52607498	0.0221729980385
5578.84023425	0.0221731376926
5579.15439351	0.0221732945091
5579.46855278	0.0221733581918
5579.78271204	0.0221734622306
5580.09687131	0.0221737347496
5580.41103057	0.0221740057291
5580.72518984	0.0221740684837
5581.0393491	0.0221739559534
5581.35350837	0.0221739899633
5581.66766763	0.0221740377114
5581.9818269	0.0221739003989
5582.29598616	0.0221737090849
5582.61014543	0.0221736853696
5582.92430469	0.0221736743642
5583.23846396	0.0221735316612
5583.55262323	0.0221733997295
5583.86678249	0.0221733837336
5584.18094176	0.0221735006728
5584.49510102	0.022173647683
5584.80926029	0.0221737631454
5585.12341955	0.0221739093706
5585.43757882	0.0221740556663
5585.75173808	0.0221740887981
5586.06589735	0.0221740060063
5586.38005661	0.0221737775168
5586.69421588	0.0221735028101
5587.00837514	0.0221732285006
5587.32253441	0.0221729606935
5587.63669368	0.0221727166386
5587.95085294	0.022172464276
5588.26501221	0.0221722329778
5588.57917147	0.0221720838494
5588.89333074	0.0221719850776
5589.20749	0.0221718837234
5589.52164927	0.0221717680056
5589.83580853	0.0221715630491
5590.1499678	0.0221713933262
5590.46412706	0.022171225875
5590.77828633	0.0221710310571
5591.09244559	0.0221708960113
5591.40660486	0.0221707563495
5591.72076412	0.0221705855359
5592.03492339	0.0221703581133
5592.34908266	0.0221701059553
5592.66324192	0.022169846045
5592.97740119	0.0221696497176
5593.29156045	0.0221694950178
5593.60571972	0.0221693355293
5593.91987898	0.0221692333795
5594.23403825	0.0221692561446
5594.54819751	0.0221693231139
5594.86235678	0.0221693046616
5595.17651604	0.0221692711454
5595.49067531	0.0221691463829
5595.80483457	0.0221689168895
5596.11899384	0.0221688026933
5596.43315311	0.0221685797248
5596.74731237	0.0221683944784
5597.06147164	0.0221683833343
5597.3756309	0.0221683572785
5597.68979017	0.0221683050059
5598.00394943	0.0221684152402
5598.3181087	0.022168670692
5598.63226796	0.0221688588156
5598.94642723	0.0221690239538
5599.26058649	0.0221692061014
5599.57474576	0.0221692732091
5599.88890502	0.0221692668689
5600.20306429	0.0221692897107
5600.51722355	0.022169273529
5600.83138282	0.0221691910621
5601.14554209	0.0221691224562
5601.45970135	0.0221690830044
5601.77386062	0.0221690593792
5602.08801988	0.0221692021619
5602.40217915	0.0221694418149
5602.71633841	0.0221695774845
5603.03049768	0.0221696291177
5603.34465694	0.0221697881373
5603.65881621	0.022169861799
5603.97297547	0.0221696853261
5604.28713474	0.0221696423233
5604.601294	0.0221694321048
5604.91545327	0.0221692468869
5605.22961254	0.022169194231
5605.5437718	0.0221690580242
5605.85793107	0.0221688791703
5606.17209033	0.022168730808
5606.4862496	0.0221686020367
5606.80040886	0.022168508015
5607.11456813	0.0221684605004
5607.42872739	0.0221684547717
5607.74288666	0.0221684179485
5608.05704592	0.0221683692077
5608.37120519	0.0221683978867
5608.68536445	0.0221683572971
5608.99952372	0.0221679979431
5609.31368299	0.0221676609719
5609.62784225	0.0221673927009
5609.94200152	0.0221670826667
5610.25616078	0.0221667511368
5610.57032005	0.0221664680989
5610.88447931	0.0221662230886
5611.19863858	0.0221660252573
5611.51279784	0.0221658092091
5611.82695711	0.0221655455682
5612.14111637	0.0221653794042
5612.45527564	0.0221653119625
5612.7694349	0.0221652296647
5613.08359417	0.0221651339513
5613.39775343	0.0221650576521
5613.7119127	0.0221649352536
5614.02607197	0.0221647983102
5614.34023123	0.0221646694324
5614.6543905	0.0221643957038
5614.96854976	0.0221640518326
5615.28270903	0.0221638006645
5615.59686829	0.0221636795195
5615.91102756	0.0221637193188
5616.22518682	0.0221637003984
5616.53934609	0.0221636230743
5616.85350535	0.0221635834144
5617.16766462	0.0221635739668
5617.48182388	0.0221634177878
5617.79598315	0.0221630681714
5618.11014242	0.0221630122326
5618.42430168	0.0221627801501
5618.73846095	0.0221624656661
5619.05262021	0.0221623592147
5619.36677948	0.0221623713322
5619.68093874	0.022162369465
5619.99509801	0.0221623697966
5620.30925727	0.0221624957584
5620.62341654	0.0221627682646
5620.9375758	0.0221629924252
5621.25173507	0.0221632215025
5621.56589433	0.0221635354517
5621.8800536	0.0221637417143
5622.19421286	0.0221636799368
5622.50837213	0.022163537077
5622.8225314	0.022163626752
5623.13669066	0.0221636723236
5623.45084993	0.0221636610272
5623.76500919	0.0221637545433
5624.07916846	0.0221638683027
5624.39332772	0.0221639765829
5624.70748699	0.0221640811548
5625.02164625	0.0221642026428
5625.33580552	0.0221642972673
5625.64996478	0.022164299099
5625.96412405	0.0221642783967
5626.27828331	0.0221644373242
5626.59244258	0.0221645678258
5626.90660185	0.0221643503958
5627.22076111	0.022164104259
5627.53492038	0.0221640039103
5627.84907964	0.022163840017
5628.16323891	0.0221636778015
5628.47739817	0.0221635736582
5628.79155744	0.0221635350409
5629.1057167	0.0221635289618
5629.41987597	0.0221635354909
5629.73403523	0.0221634971404
5630.0481945	0.022163320475
5630.36235376	0.0221629243566
5630.67651303	0.0221625873828
5630.99067229	0.0221622845476
5631.30483156	0.0221616795831
5631.61899083	0.022161171353
5631.93315009	0.02216081569
5632.24730936	0.0221604433182
5632.56146862	0.0221600342275
5632.87562789	0.0221596440806
5633.18978715	0.0221593699758
5633.50394642	0.0221592551072
5633.81810568	0.0221591765521
5634.13226495	0.0221590647063
5634.44642421	0.0221590002835
5634.76058348	0.0221589957335
5635.07474274	0.0221589329503
5635.38890201	0.022158821294
5635.70306128	0.0221586900552
5636.01722054	0.0221584950523
5636.33137981	0.0221582191514
5636.64553907	0.0221579580288
5636.95969834	0.0221578019334
5637.2738576	0.0221576725674
5637.58801687	0.0221575400022
5637.90217613	0.0221574663419
5638.2163354	0.0221574507356
5638.53049466	0.022157492834
5638.84465393	0.0221575531752
5639.15881319	0.0221575320409
5639.47297246	0.0221575956398
5639.78713172	0.0221576520196
5640.10129099	0.022157586315
5640.41545026	0.0221577105365
5640.72960952	0.0221579981761
5641.04376879	0.0221581057829
5641.35792805	0.0221581238214
5641.67208732	0.0221582647746
5641.98624658	0.022158369155
5642.30040585	0.0221584483792
5642.61456511	0.0221585419821
5642.92872438	0.0221586554223
5643.24288364	0.0221588392472
5643.55704291	0.0221590039048
5643.87120217	0.0221590388872
5644.18536144	0.0221589613467
5644.49952071	0.0221589457205
5644.81367997	0.0221589550808
5645.12783924	0.0221587723612
5645.4419985	0.0221586131574
5645.75615777	0.0221586058371
5646.07031703	0.0221584749575
5646.3844763	0.0221583233102
5646.69863556	0.0221582620026
5647.01279483	0.0221582343955
5647.32695409	0.022158268946
5647.64111336	0.0221583989459
5647.95527262	0.0221585173725
5648.26943189	0.022158607537
5648.58359115	0.0221586415408
5648.89775042	0.0221585503482
5649.21190969	0.0221584271622
5649.52606895	0.0221582115244
5649.84022822	0.0221579200017
5650.15438748	0.0221576978263
5650.46854675	0.0221575251291
5650.78270601	0.022157318973
5651.09686528	0.0221571257077
5651.41102454	0.0221569673606
5651.72518381	0.0221567958809
5652.03934307	0.0221567612023
5652.35350234	0.0221566787012
5652.6676616	0.0221564542925
5652.98182087	0.022156283
5653.29598014	0.0221560378902
5653.6101394	0.0221559008954
5653.92429867	0.0221555961052
5654.23845793	0.0221552535107
5654.5526172	0.0221551188901
5654.86677646	0.0221549522528
5655.18093573	0.0221546982401
5655.49509499	0.0221544935642
5655.80925426	0.0221543187491
5656.12341352	0.0221541530736
5656.43757279	0.0221540582393
5656.75173205	0.0221539740622
5657.06589132	0.02215396964
5657.38005058	0.0221540826962
5657.69420985	0.0221541845419
5658.00836912	0.0221541094949
5658.32252838	0.0221537676948
5658.63668765	0.0221536491211
5658.95084691	0.0221536526351
5659.26500618	0.0221535092239
5659.57916544	0.0221533960326
5659.89332471	0.0221534354632
5660.20748397	0.022153520885
5660.52164324	0.0221536014699
5660.8358025	0.0221536821473
5661.14996177	0.0221537501948
5661.46412103	0.0221539120151
5661.7782803	0.0221541367344
5662.09243957	0.0221543236898
5662.40659883	0.0221543936269
5662.7207581	0.0221543136113
5663.03491736	0.0221542879917
5663.34907663	0.0221542638843
5663.66323589	0.0221541685747
5663.97739516	0.0221541275539
5664.29155442	0.0221541707897
5664.60571369	0.0221542139887
5664.91987295	0.0221543991801
5665.23403222	0.0221546808149
5665.54819148	0.022154859139
5665.86235075	0.0221549557709
5666.17651001	0.0221550114846
5666.49066928	0.0221549705271
5666.80482855	0.0221548171691
5667.11898781	0.022154537566
5667.43314708	0.0221543838396
5667.74730634	0.022154183828
5668.06146561	0.0221538782695
5668.37562487	0.0221536226995
5668.68978414	0.0221534618258
5669.0039434	0.0221533548999
5669.31810267	0.0221532263848
5669.63226193	0.0221531258006
5669.9464212	0.0221530977337
5670.26058046	0.0221530915977
5670.57473973	0.0221530117445
5670.888899	0.0221528864121
5671.20305826	0.022152835765
5671.51721753	0.0221527558698
5671.83137679	0.0221524426686
5672.14553606	0.0221520508225
5672.45969532	0.0221517571013
5672.77385459	0.0221515272063
5673.08801385	0.0221512427399
5673.40217312	0.0221509157894
5673.71633238	0.0221507080411
5674.03049165	0.0221505551034
5674.34465091	0.0221502956418
5674.65881018	0.0221500451428
5674.97296945	0.0221498443152
5675.28712871	0.0221495228673
5675.60128798	0.0221493131976
5675.91544724	0.0221493442614
5676.22960651	0.022149361992
5676.54376577	0.0221492648163
5676.85792504	0.0221491414161
5677.1720843	0.0221490452601
5677.48624357	0.0221488789923
5677.80040283	0.0221486945819
5678.1145621	0.022148512629
5678.42872136	0.0221483600405
5678.74288063	0.0221483707064
5679.05703989	0.0221485146503
5679.37119916	0.022148518862
5679.68535843	0.0221483691086
5679.99951769	0.0221482738119
5680.31367696	0.0221482384828
5680.62783622	0.0221479923629
5680.94199549	0.022147764054
5681.25615475	0.0221476099072
5681.57031402	0.022147404688
5681.88447328	0.0221472527547
5682.19863255	0.0221471666717
5682.51279181	0.0221470975283
5682.82695108	0.0221471795645
5683.14111034	0.022147405952
5683.45526961	0.0221476515028
5683.76942888	0.0221478988945
5684.08358814	0.0221481910279
5684.39774741	0.0221484783844
5684.71190667	0.0221486687472
5685.02606594	0.0221486894879
5685.3402252	0.0221485976148
5685.65438447	0.0221486440017
5685.96854373	0.022148750138
5686.282703	0.0221487536449
5686.59686226	0.0221487679865
5686.91102153	0.0221489419664
5687.22518079	0.0221491231641
5687.53934006	0.0221492208799
5687.85349932	0.0221493133272
5688.16765859	0.0221493869803
5688.48181786	0.022149348075
5688.79597712	0.0221493652228
5689.11013639	0.0221492112858
5689.42429565	0.0221490178055
5689.73845492	0.022148923071
5690.05261418	0.0221488363339
5690.36677345	0.0221486906187
5690.68093271	0.0221485200967
5690.99509198	0.0221483948781
5691.30925124	0.0221483410502
5691.62341051	0.0221483326436
5691.93756977	0.0221482947017
5692.25172904	0.0221482528532
5692.56588831	0.0221482217983
5692.88004757	0.0221481293216
5693.19420684	0.0221478996952
5693.5083661	0.0221474764317
5693.82252537	0.0221471195091
5694.13668463	0.0221467676254
5694.4508439	0.0221463181202
5694.76500316	0.0221458778113
5695.07916243	0.0221455183217
5695.39332169	0.0221452270079
5695.70748096	0.022144951507
5696.02164022	0.0221447087013
5696.33579949	0.022144485101
5696.64995875	0.0221443155321
5696.96411802	0.0221442596307
5697.27827729	0.0221442519973
5697.59243655	0.0221442211518
5697.90659582	0.0221441921516
5698.22075508	0.0221441609907
5698.53491435	0.0221440462417
5698.84907361	0.0221438744274
5699.16323288	0.0221436893361
5699.47739214	0.0221435582255
5699.79155141	0.0221434821133
5700.10571067	0.0221433897177
5700.41986994	0.0221432809199
5700.7340292	0.022143211894
5701.04818847	0.0221432006394
5701.36234774	0.0221433018372
5701.676507	0.0221433792648
5701.99066627	0.0221433137205
5702.30482553	0.0221432332924
5702.6189848	0.0221433082665
5702.93314406	0.0221432282121
5703.24730333	0.022143186635
5703.56146259	0.0221432644962
5703.87562186	0.0221433592839
5704.18978112	0.0221434753381
5704.50394039	0.0221436093682
5704.81809965	0.0221437041215
5705.13225892	0.0221437367905
5705.44641818	0.022143756585
5705.76057745	0.0221438347785
5706.07473672	0.0221438719782
5706.38889598	0.0221438602877
5706.70305525	0.0221439275882
5707.01721451	0.022144060781
5707.33137378	0.0221441401476
5707.64553304	0.0221440873651
5707.95969231	0.0221439570152
5708.27385157	0.0221439235318
5708.58801084	0.0221438526031
5708.9021701	0.0221436922376
5709.21632937	0.0221436062724
5709.53048863	0.0221435539522
5709.8446479	0.0221435335441
5710.15880717	0.0221435852646
5710.47296643	0.022143557022
5710.7871257	0.0221435216105
5711.10128496	0.022143625094
5711.41544423	0.0221437158851
5711.72960349	0.0221437091276
5712.04376276	0.0221436233274
5712.35792202	0.0221434455142
5712.67208129	0.0221432334927
5712.98624055	0.0221430396863
5713.30039982	0.0221428514784
5713.61455908	0.022142675138
5713.92871835	0.0221425095845
5714.24287761	0.0221423369497
5714.55703688	0.0221421618824
5714.87119615	0.0221420977598
5715.18535541	0.0221421181782
5715.49951468	0.0221420321197
5715.81367394	0.0221418453729
5716.12783321	0.0221416456131
5716.44199247	0.0221413330069
5716.75615174	0.0221410375389
5717.070311	0.0221407531422
5717.38447027	0.0221403635455
5717.69862953	0.0221400068896
5718.0127888	0.0221397884567
5718.32694806	0.0221396334556
5718.64110733	0.0221394531173
5718.9552666	0.0221392903984
5719.26942586	0.0221392183445
5719.58358513	0.0221392271517
5719.89774439	0.0221392313607
5720.21190366	0.0221392442243
5720.52606292	0.0221393106961
5720.84022219	0.0221392838184
5721.15438145	0.0221390224964
5721.46854072	0.0221388158343
5721.78269998	0.0221387482338
5722.09685925	0.0221387272312
5722.41101851	0.0221387578455
5722.72517778	0.0221387683438
5723.03933704	0.022138830574
5723.35349631	0.0221389461809
5723.66765558	0.0221390374283
5723.98181484	0.0221390105055
5724.29597411	0.0221390895251
5724.61013337	0.0221390622365
5724.92429264	0.0221389384455
5725.2384519	0.0221390263705
5725.55261117	0.022139103383
5725.86677043	0.0221390400753
5726.1809297	0.0221389401421
5726.49508896	0.0221389176544
5726.80924823	0.0221390124033
5727.12340749	0.0221391339761
5727.43756676	0.0221392529143
5727.75172603	0.022139423826
5728.06588529	0.0221396710856
5728.38004456	0.0221399333197
5728.69420382	0.0221400622707
5729.00836309	0.0221399992621
5729.32252235	0.0221398404468
5729.63668162	0.022139763906
5729.95084088	0.02213960141
5730.26500015	0.022139284268
5730.57915941	0.0221389986507
5730.89331868	0.0221387965606
5731.20747794	0.0221386204814
5731.52163721	0.0221383902401
5731.83579648	0.0221380817944
5732.14995574	0.0221379202821
5732.46411501	0.0221379400488
5732.77827427	0.0221379535561
5733.09243354	0.0221379048849
5733.4065928	0.0221378796807
5733.72075207	0.0221378575851
5734.03491133	0.0221377739035
5734.3490706	0.0221376475931
5734.66322986	0.0221374286873
5734.97738913	0.0221370806791
5735.29154839	0.0221368377135
5735.60570766	0.0221366614773
5735.91986692	0.0221364467972
5736.23402619	0.02213619399
5736.54818546	0.0221360246697
5736.86234472	0.0221359281351
5737.17650399	0.0221357622074
5737.49066325	0.0221355394442
5737.80482252	0.0221352399994
5738.11898178	0.0221350142672
5738.43314105	0.0221348448321
5738.74730031	0.0221345240553
5739.06145958	0.0221343037788
5739.37561884	0.0221343208303
5739.68977811	0.0221342857476
5740.00393737	0.0221340518541
5740.31809664	0.0221339311685
5740.63225591	0.0221338779582
5740.94641517	0.0221337757466
5741.26057444	0.0221337067039
5741.5747337	0.0221337368708
5741.88889297	0.0221338167997
5742.20305223	0.0221338231621
5742.5172115	0.0221337821609
5742.83137076	0.022133679636
5743.14553003	0.0221335497583
5743.45968929	0.0221333424897
5743.77384856	0.0221331400022
5744.08800782	0.0221329520975
5744.40216709	0.0221327557607
5744.71632635	0.0221325704107
5745.03048562	0.02213247761
5745.34464489	0.0221324962645
5745.65880415	0.0221325550318
5745.97296342	0.0221325437216
5746.28712268	0.0221326733996
5746.60128195	0.0221329872645
5746.91544121	0.0221332937155
5747.22960048	0.0221334652798
5747.54375974	0.0221335836087
5747.85791901	0.0221336106144
5748.17207827	0.0221336250058
5748.48623754	0.0221336144778
5748.8003968	0.0221335904934
5749.11455607	0.0221336536809
5749.42871534	0.022133760791
5749.7428746	0.0221337899773
5750.05703387	0.0221338917665
5750.37119313	0.0221341357916
5750.6853524	0.0221342992013
5750.99951166	0.022134293379
5751.31367093	0.0221342372387
5751.62783019	0.0221341855188
5751.94198946	0.022134014306
5752.25614872	0.0221338060689
5752.57030799	0.0221335970269
5752.88446725	0.0221334142043
5753.19862652	0.0221332330854
5753.51278578	0.0221331203456
5753.82694505	0.0221330926248
5754.14110432	0.022133061548
5754.45526358	0.0221330292274
5754.76942285	0.0221330550524
5755.08358211	0.0221330946766
5755.39774138	0.0221330203182
5755.71190064	0.0221328912535
5756.02605991	0.0221328169472
5756.34021917	0.0221326077709
5756.65437844	0.0221321335778
5756.9685377	0.0221317595345
5757.28269697	0.0221315172273
5757.59685623	0.0221311681823
5757.9110155	0.0221308119826
5758.22517477	0.0221305527478
5758.53933403	0.0221303615282
5758.8534933	0.0221301873385
5759.16765256	0.0221300215569
5759.48181183	0.0221298823457
5759.79597109	0.0221297234325
5760.11013036	0.0221295569217
5760.42428962	0.0221294808244
5760.73844889	0.0221295406906
5761.05260815	0.0221295504012
5761.36676742	0.0221294542665
5761.68092668	0.0221293523826
5761.99508595	0.0221292642771
5762.30924521	0.0221291779997
5762.62340448	0.0221290670916
5762.93756375	0.0221289735128
5763.25172301	0.022128901994
5763.56588228	0.0221288652719
5763.88004154	0.0221289229037
5764.19420081	0.0221290445011
5764.50836007	0.0221292115737
5764.82251934	0.0221293549859
5765.1366786	0.0221292972535
5765.45083787	0.0221293117248
5765.76499713	0.0221293317187
5766.0791564	0.0221293164171
5766.39331566	0.0221293070635
5766.70747493	0.0221293486814
5767.0216342	0.0221293742795
5767.33579346	0.022129322632
5767.64995273	0.0221293737875
5767.96411199	0.0221295153508
5768.27827126	0.022129569963
5768.59243052	0.0221295823176
5768.90658979	0.0221296426534
5769.22074905	0.0221296896465
5769.53490832	0.0221297069909
5769.84906758	0.0221298218498
5770.16322685	0.0221299031394
5770.47738611	0.0221298484599
5770.79154538	0.0221298409707
5771.10570464	0.0221297784837
5771.41986391	0.0221296316685
5771.73402318	0.0221294573436
5772.04818244	0.0221294049958
5772.36234171	0.022129422755
5772.67650097	0.022129316601
5772.99066024	0.0221292429453
5773.3048195	0.0221292019751
5773.61897877	0.0221291852691
5773.93313803	0.0221291347349
5774.2472973	0.0221288765147
5774.56145656	0.0221286993443
5774.87561583	0.0221287349944
5775.18977509	0.0221286646588
5775.50393436	0.0221283801748
5775.81809363	0.0221281353321
5776.13225289	0.022127938434
5776.44641216	0.0221276943462
5776.76057142	0.0221274873351
5777.07473069	0.0221273656597
5777.38888995	0.022127195341
5777.70304922	0.0221270648914
5778.01720848	0.0221271495288
5778.33136775	0.0221271531635
5778.64552701	0.0221269134436
5778.95968628	0.0221266030265
5779.27384554	0.0221263583261
5779.58800481	0.02212613321
5779.90216407	0.0221257329629
5780.21632334	0.0221252775053
5780.53048261	0.0221250446558
5780.84464187	0.022124931054
5781.15880114	0.0221246382895
5781.4729604	0.0221243200204
5781.78711967	0.0221242771113
5782.10127893	0.0221244055795
5782.4154382	0.0221244750522
5782.72959746	0.0221245381893
5783.04375673	0.0221246453935
5783.35791599	0.0221246804061
5783.67207526	0.0221246244175
5783.98623452	0.0221244986316
5784.30039379	0.0221243826724
5784.61455306	0.0221243360892
5784.92871232	0.0221243166781
5785.24287159	0.02212441895
5785.55703085	0.0221246315004
5785.87119012	0.0221247527042
5786.18534938	0.0221248138357
5786.49950865	0.0221249153512
5786.81366791	0.0221249963272
5787.12782718	0.0221249062653
5787.44198644	0.0221248361027
5787.75614571	0.0221247639755
5788.07030497	0.0221245876969
5788.38446424	0.0221244636661
5788.69862351	0.0221244169503
5789.01278277	0.0221244001533
5789.32694204	0.0221244395953
5789.6411013	0.0221245197745
5789.95526057	0.0221246756963
5790.26941983	0.0221248904006
5790.5835791	0.0221250711263
5790.89773836	0.0221252250537
5791.21189763	0.022125407292
5791.52605689	0.0221255029698
5791.84021616	0.0221254223756
5792.15437542	0.02212520838
5792.46853469	0.0221250470779
5792.78269395	0.0221249595679
5793.09685322	0.0221246712936
5793.41101249	0.0221243334458
5793.72517175	0.0221241515496
5794.03933102	0.0221239599858
5794.35349028	0.0221236757934
5794.66764955	0.0221235084241
5794.98180881	0.0221233700202
5795.29596808	0.0221231037427
5795.61012734	0.0221229773983
5795.92428661	0.0221230189151
5796.23844587	0.0221230337242
5796.55260514	0.0221229644615
5796.8667644	0.0221228373046
5797.18092367	0.0221226440505
5797.49508294	0.0221224440718
5797.8092422	0.0221222167313
5798.12340147	0.0221219588308
5798.43756073	0.0221217902255
5798.75172	0.0221216707656
5799.06587926	0.0221215165474
5799.38003853	0.0221213578659
5799.69419779	0.0221212378749
5800.00835706	0.022121155795
5800.32251632	0.0221210302259
5800.63667559	0.0221207995893
5800.95083485	0.0221205782453
5801.26499412	0.0221202882009
5801.57915338	0.0221200387222
5801.89331265	0.0221198676674
5802.20747192	0.0221195963809
5802.52163118	0.0221193168459
5802.83579045	0.0221191282013
5803.14994971	0.0221191085965
5803.46410898	0.0221191387509
5803.77826824	0.0221190767178
5804.09242751	0.022119102433
5804.40658677	0.0221192555557
5804.72074604	0.022119314776
5805.0349053	0.0221192603222
5805.34906457	0.0221192271303
5805.66322383	0.0221192049357
5805.9773831	0.0221190435162
5806.29154237	0.0221187612197
5806.60570163	0.0221186242931
5806.9198609	0.0221185041814
5807.23402016	0.022118288338
5807.54817943	0.0221181935016
5807.86233869	0.0221182112579
5808.17649796	0.0221182539086
5808.49065722	0.0221183432505
5808.80481649	0.0221184869604
5809.11897575	0.0221185271563
5809.43313502	0.022118649274
5809.74729428	0.0221188167115
5810.06145355	0.0221189155615
5810.37561281	0.0221190608529
5810.68977208	0.0221190895909
5811.00393135	0.0221190496254
5811.31809061	0.0221190783519
5811.63224988	0.0221190467744
5811.94640914	0.0221190294089
5812.26056841	0.0221191039483
5812.57472767	0.0221192299248
5812.88888694	0.0221193150383
5813.2030462	0.0221193997523
5813.51720547	0.0221196258127
5813.83136473	0.0221198352462
5814.145524	0.0221197982815
5814.45968326	0.0221196414385
5814.77384253	0.0221195008609
5815.0880018	0.0221193677789
5815.40216106	0.0221191669193
5815.71632033	0.0221189903532
5816.03047959	0.0221189326429
5816.34463886	0.0221188192879
5816.65879812	0.0221186345948
5816.97295739	0.0221185835153
5817.28711665	0.0221186611052
5817.60127592	0.0221187065869
5817.91543518	0.0221187061132
5818.22959445	0.0221186952409
5818.54375371	0.0221186341048
5818.85791298	0.0221185140227
5819.17207224	0.0221183642516
5819.48623151	0.0221181194987
5819.80039078	0.0221177633835
5820.11455004	0.0221174473914
5820.42870931	0.0221172280974
5820.74286857	0.0221170150965
5821.05702784	0.0221167899601
5821.3711871	0.0221166074259
5821.68534637	0.0221164594874
5821.99950563	0.022116337803
5822.3136649	0.02211620429
5822.62782416	0.022115991872
5822.94198343	0.0221157103033
5823.25614269	0.0221156899726
5823.57030196	0.0221154992525
5823.88446123	0.0221151971056
5824.19862049	0.0221151820444
5824.51277976	0.0221152244666
5824.82693902	0.02211506143
5825.14109829	0.0221148443125
5825.45525755	0.0221147418758
5825.76941682	0.0221146332226
5826.08357608	0.022114530545
5826.39773535	0.0221145292849
5826.71189461	0.0221145740104
5827.02605388	0.0221145942792
5827.34021314	0.022114672927
5827.65437241	0.022114843651
5827.96853167	0.0221149706836
5828.28269094	0.0221148406884
5828.59685021	0.0221147041835
5828.91100947	0.0221148336977
5829.22516874	0.0221148077297
5829.539328	0.0221146998227
5829.85348727	0.0221146240981
5830.16764653	0.0221146790505
5830.4818058	0.0221146181432
5830.79596506	0.0221144610875
5831.11012433	0.0221145247239
5831.42428359	0.0221147042763
5831.73844286	0.0221147753471
5832.05260212	0.0221148035328
5832.36676139	0.0221148613533
5832.68092066	0.0221149922388
5832.99507992	0.0221150992146
5833.30923919	0.0221151260594
5833.62339845	0.0221151088666
5833.93755772	0.022115138295
5834.25171698	0.0221151030579
5834.56587625	0.0221149789903
5834.88003551	0.0221148468491
5835.19419478	0.0221149310753
5835.50835404	0.0221150268836
5835.82251331	0.0221149228048
5836.13667257	0.022114803625
5836.45083184	0.0221148113994
5836.7649911	0.0221147032802
5837.07915037	0.0221145218039
5837.39330964	0.0221142970638
5837.7074689	0.0221140169504
5838.02162817	0.0221138553987
5838.33578743	0.0221137525032
5838.6499467	0.0221135417921
5838.96410596	0.0221132938714
5839.27826523	0.0221130869322
5839.59242449	0.0221129580074
5839.90658376	0.0221128881687
5840.22074302	0.0221127574742
5840.53490229	0.0221127080649
5840.84906155	0.0221127459829
5841.16322082	0.022112692516
5841.47738009	0.0221125153631
5841.79153935	0.0221122175794
5842.10569862	0.0221119517226
5842.41985788	0.0221117733227
5842.73401715	0.0221113744862
5843.04817641	0.0221110226467
5843.36233568	0.0221108280644
5843.67649494	0.0221106741593
5843.99065421	0.0221104501613
5844.30481347	0.0221102842328
5844.61897274	0.0221101801601
5844.933132	0.0221100374901
5845.24729127	0.0221100976206
5845.56145053	0.0221102805041
5845.8756098	0.0221103771125
5846.18976907	0.0221103104078
5846.50392833	0.022110222038
5846.8180876	0.0221101528457
5847.13224686	0.0221100829217
5847.44640613	0.0221100682927
5847.76056539	0.0221100804804
5848.07472466	0.0221101706351
5848.38888392	0.022110360385
5848.70304319	0.0221105585169
5849.01720245	0.0221106509055
5849.33136172	0.0221106560683
5849.64552098	0.0221106520964
5849.95968025	0.0221106848217
5850.27383952	0.0221105103867
5850.58799878	0.0221103545542
5850.90215805	0.0221102145795
5851.21631731	0.0221101210613
5851.53047658	0.0221100686499
5851.84463584	0.0221099357612
5852.15879511	0.0221099173632
5852.47295437	0.0221101229075
5852.78711364	0.0221103577603
5853.1012729	0.0221105153087
5853.41543217	0.0221107157661
5853.72959143	0.0221109629883
5854.0437507	0.0221110669104
5854.35790997	0.0221110754031
5854.67206923	0.0221110762432
5854.9862285	0.0221109448241
5855.30038776	0.0221107213352
5855.61454703	0.022110507556
5855.92870629	0.0221103188976
5856.24286556	0.0221100792394
5856.55702482	0.0221098255652
5856.87118409	0.0221096770649
5857.18534335	0.0221095341255
5857.49950262	0.0221093863613
5857.81366188	0.0221092673488
5858.12782115	0.0221091318437
5858.44198041	0.0221089723995
5858.75613968	0.0221088311364
5859.07029895	0.0221086627314
5859.38445821	0.0221085319433
5859.69861748	0.0221084256857
5860.01277674	0.0221082511914
5860.32693601	0.0221080508446
5860.64109527	0.02210781627
5860.95525454	0.0221076083641
5861.2694138	0.0221074661025
5861.58357307	0.0221073219183
5861.89773233	0.0221071831896
5862.2118916	0.0221070483112
5862.52605086	0.0221069487028
5862.84021013	0.0221068714255
5863.1543694	0.0221067345148
5863.46852866	0.0221066014038
5863.78268793	0.0221064607335
5864.09684719	0.0221062155444
5864.41100646	0.0221058578837
5864.72516572	0.0221056686028
5865.03932499	0.0221054505958
5865.35348425	0.02210515388
5865.66764352	0.0221049168508
5865.98180278	0.0221047873965
5866.29596205	0.0221047541877
5866.61012131	0.0221048173264
5866.92428058	0.0221049193087
5867.23843984	0.0221049973454
5867.55259911	0.022105062062
5867.86675838	0.0221050407149
5868.18091764	0.022104968314
5868.49507691	0.0221049043148
5868.80923617	0.0221047992687
5869.12339544	0.0221046308872
5869.4375547	0.0221044503953
5869.75171397	0.0221043885884
5870.06587323	0.0221042664445
5870.3800325	0.0221041626999
5870.69419176	0.0221042873072
5871.00835103	0.0221044182232
5871.32251029	0.0221044964403
5871.63666956	0.0221046007522
5871.95082883	0.0221048029232
5872.26498809	0.0221048713128
5872.57914736	0.0221047967052
5872.89330662	0.0221047969379
5873.20746589	0.0221047964145
5873.52162515	0.0221048170737
5873.83578442	0.022104876344
5874.14994368	0.0221049024842
5874.46410295	0.0221049258004
5874.77826221	0.0221049435187
5875.09242148	0.0221049573808
5875.40658074	0.0221050473556
5875.72074001	0.0221051863551
5876.03489927	0.0221052836447
5876.34905854	0.0221053634845
5876.66321781	0.0221055477975
5876.97737707	0.0221056901654
5877.29153634	0.0221055167168
5877.6056956	0.0221052529113
5877.91985487	0.0221051654927
5878.23401413	0.0221050190051
5878.5481734	0.0221048226718
5878.86233266	0.0221046514336
5879.17649193	0.0221045136314
5879.49065119	0.0221044435235
5879.80481046	0.0221043477488
5880.11896972	0.0221041421024
5880.43312899	0.0221040497529
5880.74728826	0.0221041188922
5881.06144752	0.0221041351184
5881.37560679	0.0221040623554
5881.68976605	0.0221039565006
5882.00392532	0.0221038160554
5882.31808458	0.0221036443143
5882.63224385	0.0221033808062
5882.94640311	0.0221031073708
5883.26056238	0.0221029098256
5883.57472164	0.0221027269088
5883.88888091	0.0221025379695
5884.20304017	0.0221023787914
5884.51719944	0.0221022169256
5884.8313587	0.0221021219036
5885.14551797	0.0221021004868
5885.45967724	0.0221020199455
5885.7738365	0.0221018830473
5886.08799577	0.022101653553
5886.40215503	0.0221016343753
5886.7163143	0.0221014279845
5887.03047356	0.0221011087293
5887.34463283	0.0221010249893
5887.65879209	0.0221010208089
5887.97295136	0.0221009185848
5888.28711062	0.0221007771968
5888.60126989	0.0221006918101
5888.91542915	0.0221007000891
5889.22958842	0.02210075746
5889.54374769	0.0221008333031
5889.85790695	0.0221009178239
5890.17206622	0.0221009900963
5890.48622548	0.0221011147711
5890.80038475	0.0221012399176
5891.11454401	0.0221012684352
5891.42870328	0.0221011687358
5891.74286254	0.0221011244072
5892.05702181	0.0221012460191
5892.37118107	0.0221012502407
5892.68534034	0.0221011463138
5892.9994996	0.0221010378202
5893.31365887	0.0221010489982
5893.62781813	0.0221011010156
5893.9419774	0.0221009209034
5894.25613667	0.0221007993575
5894.57029593	0.0221009172756
5894.8844552	0.0221010654683
5895.19861446	0.0221011099575
5895.51277373	0.0221011544018
5895.82693299	0.0221012419063
5896.14109226	0.0221012957711
5896.45525152	0.0221013049246
5896.76941079	0.0221013265925
5897.08357005	0.0221013453459
5897.39772932	0.0221012769963
5897.71188858	0.0221011513395
5898.02604785	0.0221011050589
5898.34020712	0.0221011812527
5898.65436638	0.0221012171003
5898.96852565	0.0221011370796
5899.28268491	0.0221009949578
5899.59684418	0.0221009063441
5899.91100344	0.0221006492695
5900.22516271	0.022100379924
5900.53932197	0.0221001723469
5900.85348124	0.0220998393376
5901.1676405	0.0220994830076
5901.48179977	0.0220992243998
5901.79595903	0.022099065655
5902.1101183	0.0220989306906
5902.42427756	0.0220987709723
5902.73843683	0.0220986781015
5903.0525961	0.0220986422976
5903.36675536	0.0220985999524
5903.68091463	0.022098549923
5903.99507389	0.0220985130023
5904.30923316	0.022098342042
5904.62339242	0.0220980088522
5904.93755169	0.0220977122189
5905.25171095	0.0220975174384
5905.56587022	0.0220972461774
5905.88002948	0.0220969562315
5906.19418875	0.022096798209
5906.50834801	0.022096682801
5906.82250728	0.0220966301694
5907.13666655	0.0220965451908
5907.45082581	0.0220963691458
5907.76498508	0.0220963999019
5908.07914434	0.0220962826025
5908.39330361	0.0220961107572
5908.70746287	0.0220961586617
5909.02162214	0.0220962015696
5909.3357814	0.0220960999183
5909.64994067	0.0220960321954
5909.96409993	0.0220959954649
5910.2782592	0.0220960177186
5910.59241846	0.02209614094
5910.90657773	0.0220962778428
5911.22073699	0.0220964300728
5911.53489626	0.0220966170966
5911.84905553	0.0220967697463
5912.16321479	0.0220968507014
5912.47737406	0.022096771849
5912.79153332	0.0220967064007
5913.10569259	0.0220965941163
5913.41985185	0.0220964141823
5913.73401112	0.0220963088853
5914.04817038	0.0220962170858
5914.36232965	0.0220961642369
5914.67648891	0.0220961955416
5914.99064818	0.0220962506469
5915.30480744	0.0220962861068
5915.61896671	0.0220964031155
5915.93312598	0.0220966032961
5916.24728524	0.0220967941207
5916.56144451	0.0220969609081
5916.87560377	0.0220970504187
5917.18976304	0.0220970378451
5917.5039223	0.0220970024719
5917.81808157	0.022096846598
5918.13224083	0.0220966574484
5918.4464001	0.0220964682144
5918.76055936	0.0220962592036
5919.07471863	0.0220960742722
5919.38887789	0.0220959303007
5919.70303716	0.0220957970249
5920.01719643	0.0220957328282
5920.33135569	0.0220956917637
5920.64551496	0.022095570027
5920.95967422	0.0220954390722
5921.27383349	0.022095288334
5921.58799275	0.0220950689471
5921.90215202	0.0220948595587
5922.21631128	0.0220946375566
5922.53047055	0.0220943699536
5922.84462981	0.0220941153446
5923.15878908	0.0220939541544
5923.47294834	0.0220938588011
5923.78710761	0.0220937095127
5924.10126687	0.0220935299817
5924.41542614	0.0220933869259
5924.72958541	0.0220932691334
5925.04374467	0.0220931775507
5925.35790394	0.0220930977903
5925.6720632	0.0220930075056
5925.98622247	0.0220929088093
5926.30038173	0.0220927875424
5926.614541	0.0220926652742
5926.92870026	0.0220925103129
5927.24285953	0.0220922263618
5927.55701879	0.0220919230393
5927.87117806	0.0220917444569
5928.18533732	0.0220915617888
5928.49949659	0.0220913534497
5928.81365586	0.0220911732362
5929.12781512	0.0220910657927
5929.44197439	0.0220910186344
5929.75613365	0.0220909877109
5930.07029292	0.0220909565387
5930.38445218	0.0220909397833
5930.69861145	0.0220909386737
5931.01277071	0.0220909001509
5931.32692998	0.0220907976132
5931.64108924	0.0220906591719
5931.95524851	0.0220904805345
5932.26940777	0.0220903628962
5932.58356704	0.0220902667238
5932.8977263	0.0220901603548
5933.21188557	0.0220900863287
5933.52604484	0.0220900905249
5933.8402041	0.0220902804343
5934.15436337	0.0220904648698
5934.46852263	0.0220905464847
5934.7826819	0.0220906822961
5935.09684116	0.0220907862955
5935.41100043	0.0220906998595
5935.72515969	0.0220906279009
5936.03931896	0.0220906086521
5936.35347822	0.0220904953772
5936.66763749	0.0220904165054
5936.98179675	0.0220904560044
5937.29595602	0.022090518289
5937.61011529	0.0220905431988
5937.92427455	0.0220905728099
5938.23843382	0.0220906897796
5938.55259308	0.0220908870574
5938.86675235	0.0220910635649
5939.18091161	0.0220911534697
5939.49507088	0.0220913135951
5939.80923014	0.0220915341461
5940.12338941	0.022091550993
5940.43754867	0.0220913433801
5940.75170794	0.0220911907762
5941.0658672	0.0220911817429
5941.38002647	0.0220910771478
5941.69418573	0.0220909315169
5942.008345	0.0220908789436
5942.32250427	0.0220908876075
5942.63666353	0.0220908664302
5942.9508228	0.0220907591571
5943.26498206	0.0220906866071
5943.57914133	0.0220906062418
5943.89330059	0.0220904326292
5944.20745986	0.0220903870743
5944.52161912	0.0220904250789
5944.83577839	0.0220903163715
5945.14993765	0.022090073321
5945.46409692	0.0220898331797
5945.77825618	0.0220896412389
5946.09241545	0.0220894500984
5946.40657472	0.0220892493372
5946.72073398	0.022089107217
5947.03489325	0.0220890120484
5947.34905251	0.0220889031076
5947.66321178	0.0220888279746
5947.97737104	0.0220888567064
5948.29153031	0.0220888667716
5948.60568957	0.0220887341763
5948.91984884	0.0220884968767
5949.2340081	0.0220882846298
5949.54816737	0.0220880550539
5949.86232663	0.0220877906386
5950.1764859	0.0220875374035
5950.49064516	0.0220873799233
5950.80480443	0.0220872169397
5951.1189637	0.0220870264324
5951.43312296	0.0220869704179
5951.74728223	0.0220870435795
5952.06144149	0.0220871215918
5952.37560076	0.0220871850599
5952.68976002	0.0220872972181
5953.00391929	0.0220874463339
5953.31807855	0.0220875309533
5953.63223782	0.0220875655222
5953.94639708	0.0220875997192
5954.26055635	0.0220875433392
5954.57471561	0.0220874477567
5954.88887488	0.0220874459904
5955.20303415	0.0220874646668
5955.51719341	0.0220874752977
5955.83135268	0.0220874571837
5956.14551194	0.0220874237499
5956.45967121	0.0220873875288
5956.77383047	0.0220873378097
5957.08798974	0.0220872584534
5957.402149	0.0220871591868
5957.71630827	0.0220871274809
5958.03046753	0.0220870617894
5958.3446268	0.0220869527656
5958.65878606	0.0220869594732
5958.97294533	0.0220870434661
5959.28710459	0.0220870908369
5959.60126386	0.0220870949553
5959.91542313	0.022087138515
5960.22958239	0.022087185936
5960.54374166	0.022087145435
5960.85790092	0.0220871069629
5961.17206019	0.0220871152727
5961.48621945	0.022087093116
5961.80037872	0.0220870609795
5962.11453798	0.022087060761
5962.42869725	0.0220869763474
5962.74285651	0.0220867434636
5963.05701578	0.0220864015995
5963.37117504	0.0220861633076
5963.68533431	0.022085948019
5963.99949358	0.0220856150227
5964.31365284	0.0220853075155
5964.62781211	0.0220851125628
5964.94197137	0.0220848851504
5965.25613064	0.0220846546156
5965.5702899	0.0220845769074
5965.88444917	0.0220845402517
5966.19860843	0.0220844758287
5966.5127677	0.0220844287315
5966.82692696	0.0220843562562
5967.14108623	0.0220842268729
5967.45524549	0.0220839834441
5967.76940476	0.022083695377
5968.08356402	0.0220834794963
5968.39772329	0.0220833286265
5968.71188256	0.0220831769414
5969.02604182	0.0220830060619
5969.34020109	0.0220829240496
5969.65436035	0.0220829858257
5969.96851962	0.0220830134045
5970.28267888	0.0220829768678
5970.59683815	0.0220828553203
5970.91099741	0.0220827192821
5971.22515668	0.0220826078227
5971.53931594	0.0220823750118
5971.85347521	0.0220822076851
5972.16763447	0.0220821596066
5972.48179374	0.0220820687815
5972.79595301	0.0220820453371
5973.11011227	0.0220821828631
5973.42427154	0.0220823682242
5973.7384308	0.0220825696945
5974.05259007	0.0220828136903
5974.36674933	0.0220830132021
5974.6809086	0.0220831712514
5974.99506786	0.0220833199665
5975.30922713	0.0220834346255
5975.62338639	0.022083283964
5975.93754566	0.0220830720385
5976.25170492	0.0220830184509
5976.56586419	0.0220829008964
5976.88002345	0.0220828008179
5977.19418272	0.0220828803054
5977.50834199	0.0220829830774
5977.82250125	0.0220830544071
5978.13666052	0.0220831250129
5978.45081978	0.0220832758959
5978.76497905	0.0220833436651
5979.07913831	0.022083325419
5979.39329758	0.0220833343477
5979.70745684	0.0220832831404
5980.02161611	0.0220832227295
5980.33577537	0.0220831459
5980.64993464	0.0220829671457
5980.9640939	0.0220827694158
5981.27825317	0.0220825641058
5981.59241244	0.0220823569234
5981.9065717	0.0220822084706
5982.22073097	0.0220821127854
5982.53489023	0.0220820214534
5982.8490495	0.022081906856
5983.16320876	0.0220818162354
5983.47736803	0.0220818029604
5983.79152729	0.0220817539312
5984.10568656	0.0220815716973
5984.41984582	0.0220813222311
5984.73400509	0.0220811633295
5985.04816435	0.0220809103954
5985.36232362	0.0220806033722
5985.67648289	0.0220803394669
5985.99064215	0.0220800960327
5986.30480142	0.0220798605014
5986.61896068	0.0220796780605
5986.93311995	0.022079547326
5987.24727921	0.0220794426827
5987.56143848	0.0220793690136
5987.87559774	0.0220793039815
5988.18975701	0.0220792457436
5988.50391627	0.0220791771005
5988.81807554	0.0220791185058
5989.1322348	0.0220790426773
5989.44639407	0.0220788486285
5989.76055333	0.0220786645724
5990.0747126	0.0220785881682
5990.38887187	0.022078437606
5990.70303113	0.0220781480938
5991.0171904	0.0220779328519
5991.33134966	0.0220779818562
5991.64550893	0.022077883094
5991.95966819	0.0220776610816
5992.27382746	0.02207759239
5992.58798672	0.0220775468388
5992.90214599	0.0220774577933
5993.21630525	0.0220773086479
5993.53046452	0.0220770682426
5993.84462378	0.022076952651
5994.15878305	0.0220769747124
5994.47294232	0.0220769509418
5994.78710158	0.0220768001773
5995.10126085	0.0220766747857
5995.41542011	0.0220766220742
5995.72957938	0.0220765831759
5996.04373864	0.0220765961952
5996.35789791	0.0220766287185
5996.67205717	0.0220767312706
5996.98621644	0.0220769151928
5997.3003757	0.02207715273
5997.61453497	0.0220773662685
5997.92869423	0.0220774410453
5998.2428535	0.0220773768399
5998.55701276	0.0220774000273
5998.87117203	0.0220774696908
5999.1853313	0.022077311769
5999.49949056	0.0220771626719
5999.81364983	0.022077180313
6000.12780909	0.0220772373605
6000.44196836	0.0220771954897
6000.75612762	0.0220770815655
6001.07028689	0.0220770968931
6001.38444615	0.0220772734198
6001.69860542	0.0220774506193
6002.01276468	0.0220775863829
6002.32692395	0.0220777531792
6002.64108321	0.0220779146544
6002.95524248	0.0220779942194
6003.26940175	0.0220780450088
6003.58356101	0.0220779653725
6003.89772028	0.0220778037749
6004.21187954	0.0220777526177
6004.52603881	0.0220777417755
6004.84019807	0.0220776808972
6005.15435734	0.0220776785787
6005.4685166	0.0220777078179
6005.78267587	0.0220776502228
6006.09683513	0.0220775352984
6006.4109944	0.0220774310778
6006.72515366	0.0220772083357
6007.03931293	0.0220769435538
6007.35347219	0.0220767582812
6007.66763146	0.022076469536
6007.98179073	0.0220761587186
6008.29594999	0.0220759420019
6008.61010926	0.0220758053833
6008.92426852	0.0220757186441
6009.23842779	0.0220756131169
6009.55258705	0.0220755384046
6009.86674632	0.0220755452765
6010.18090558	0.0220755545275
6010.49506485	0.0220755559983
6010.80922411	0.0220755549952
6011.12338338	0.0220755229429
6011.43754264	0.0220753674977
6011.75170191	0.0220750413809
6012.06586118	0.0220748056887
6012.38002044	0.0220746215328
6012.69417971	0.0220743906279
6013.00833897	0.0220742337244
6013.32249824	0.0220741038419
6013.6366575	0.0220740185813
6013.95081677	0.0220740010879
6014.26497603	0.0220739207745
6014.5791353	0.0220738342605
6014.89329456	0.0220738490072
6015.20745383	0.0220738173158
6015.52161309	0.0220738069504
6015.83577236	0.0220739413279
6016.14993162	0.0220740687051
6016.46409089	0.0220740369047
6016.77825016	0.0220739852259
6017.09240942	0.0220739627663
6017.40656869	0.0220739280312
6017.72072795	0.0220739128134
6018.03488722	0.0220739282177
6018.34904648	0.0220739413833
6018.66320575	0.022073941314
6018.97736501	0.0220739645491
6019.29152428	0.0220740423264
6019.60568354	0.0220740530332
6019.91984281	0.0220739254864
6020.23400207	0.0220739053132
6020.54816134	0.0220739240071
6020.86232061	0.0220737232327
6021.17647987	0.0220735689551
6021.49063914	0.0220735312854
6021.8047984	0.0220733917931
6022.11895767	0.0220731923671
6022.43311693	0.0220731835455
6022.7472762	0.0220732749927
6023.06143546	0.0220732823281
6023.37559473	0.0220732451746
6023.68975399	0.022073268391
6024.00391326	0.0220733056715
6024.31807252	0.0220733065238
6024.63223179	0.0220733133738
6024.94639105	0.0220732356723
6025.26055032	0.022073181051
6025.57470959	0.0220731492019
6025.88886885	0.0220729211015
6026.20302812	0.0220724997026
6026.51718738	0.0220721879311
6026.83134665	0.0220720113565
6027.14550591	0.0220718332328
6027.45966518	0.0220715431687
6027.77382444	0.0220713153184
6028.08798371	0.0220712250865
6028.40214297	0.0220711654993
6028.71630224	0.0220708935802
6029.0304615	0.0220707380767
6029.34462077	0.0220705693829
6029.65878004	0.0220703130719
6029.9729393	0.0220701952143
6030.28709857	0.0220700535477
6030.60125783	0.0220698285248
6030.9154171	0.0220695973572
6031.22957636	0.022069378124
6031.54373563	0.0220692471243
6031.85789489	0.0220691883783
6032.17205416	0.0220691162836
6032.48621342	0.0220690855505
6032.80037269	0.0220691480166
6033.11453195	0.0220692507121
6033.42869122	0.0220692116387
6033.74285048	0.0220689624168
6034.05700975	0.0220687352452
6034.37116902	0.0220686631742
6034.68532828	0.022068602548
6034.99948755	0.0220684811632
6035.31364681	0.0220684241082
6035.62780608	0.0220684949116
6035.94196534	0.0220685865865
6036.25612461	0.0220686369461
6036.57028387	0.0220686991629
6036.88444314	0.0220688358845
6037.1986024	0.0220690478026
6037.51276167	0.0220692887342
6037.82692093	0.0220694474926
6038.1410802	0.0220693928502
6038.45523947	0.0220692552274
6038.76939873	0.0220691860617
6039.083558	0.022069053319
6039.39771726	0.0220689449768
6039.71187653	0.0220689129102
6040.02603579	0.0220688975468
6040.34019506	0.0220690327027
6040.65435432	0.0220692615349
6040.96851359	0.0220693695142
6041.28267285	0.0220694466466
6041.59683212	0.0220695436437
6041.91099138	0.0220695755885
6042.22515065	0.0220695068572
6042.53930991	0.0220692413897
6042.85346918	0.0220691020137
6043.16762845	0.0220689613035
6043.48178771	0.0220686949613
6043.79594698	0.0220684887024
6044.11010624	0.0220684009608
6044.42426551	0.0220683329096
6044.73842477	0.0220682458892
6045.05258404	0.0220681791648
6045.3667433	0.0220681731795
6045.68090257	0.0220681917243
6045.99506183	0.0220681799473
6046.3092211	0.0220681361696
6046.62338036	0.0220680686861
6046.93753963	0.0220680734161
6047.2516989	0.022068073517
6047.56585816	0.0220678792209
6047.88001743	0.0220676697965
6048.19417669	0.0220675122503
6048.50833596	0.022067265992
6048.82249522	0.0220670181451
6049.13665449	0.0220668481357
6049.45081375	0.0220666730667
6049.76497302	0.022066493442
6050.07913228	0.0220663291077
6050.39329155	0.0220661985548
6050.70745081	0.0220659858236
6051.02161008	0.0220657767745
6051.33576935	0.0220657476927
6051.64992861	0.0220657699344
6051.96408788	0.022065696995
6052.27824714	0.0220655768841
6052.59240641	0.0220654723615
6052.90656567	0.0220653355226
6053.22072494	0.0220652273689
6053.5348842	0.0220651205414
6053.84904347	0.0220649309749
6054.16320273	0.0220647562162
6054.477362	0.0220646379426
6054.79152126	0.022064645174
6055.10568053	0.0220646442991
6055.41983979	0.0220645298256
6055.73399906	0.0220643783128
6056.04815833	0.0220642729783
6056.36231759	0.0220641277547
6056.67647686	0.0220638349837
6056.99063612	0.0220637173755
6057.30479539	0.0220636299863
6057.61895465	0.0220633843156
6057.93311392	0.0220631938668
6058.24727318	0.0220631829968
6058.56143245	0.0220632708095
6058.87559171	0.0220633250256
6059.18975098	0.0220634128186
6059.50391024	0.022063634371
6059.81806951	0.0220638750893
6060.13222878	0.0220640626566
6060.44638804	0.0220642459469
6060.76054731	0.0220644137956
6061.07470657	0.0220644405286
6061.38886584	0.0220643864767
6061.7030251	0.0220644362991
6062.01718437	0.0220644902063
6062.33134363	0.0220644044083
6062.6455029	0.0220643182459
6062.95966216	0.0220643935089
6063.27382143	0.0220644553399
6063.58798069	0.0220644665971
6063.90213996	0.0220644805245
6064.21629922	0.0220645109287
6064.53045849	0.022064544132
6064.84461776	0.0220645015414
6065.15877702	0.0220645365974
6065.47293629	0.0220645972854
6065.78709555	0.0220646687343
6066.10125482	0.0220646798882
6066.41541408	0.0220645475185
6066.72957335	0.0220644279609
6067.04373261	0.0220643569335
6067.35789188	0.0220643144169
6067.67205114	0.0220642806814
6067.98621041	0.0220642397611
6068.30036967	0.0220642156458
6068.61452894	0.0220642251815
6068.92868821	0.0220642276045
6069.24284747	0.0220641162023
6069.55700674	0.02206377774
6069.871166	0.0220635313231
6070.18532527	0.0220633599377
6070.49948453	0.0220630329429
6070.8136438	0.0220626853145
6071.12780306	0.0220625129935
6071.44196233	0.022062413956
6071.75612159	0.0220621810184
6072.07028086	0.0220619811943
6072.38444012	0.0220620269233
6072.69859939	0.0220621283033
6073.01275865	0.0220621675014
6073.32691792	0.0220622210259
6073.64107719	0.0220623044515
6073.95523645	0.0220623218501
6074.26939572	0.0220622258146
6074.58355498	0.0220620195892
6074.89771425	0.0220617854974
6075.21187351	0.0220615929661
6075.52603278	0.022061423409
6075.84019204	0.0220612539926
6076.15435131	0.0220611952103
6076.46851057	0.0220612599812
6076.78266984	0.0220612839269
6077.0968291	0.0220612042728
6077.41098837	0.0220611664171
6077.72514764	0.0220612216182
6078.0393069	0.0220610376654
6078.35346617	0.0220609180415
6078.66762543	0.0220608832254
6078.9817847	0.0220606563637
6079.29594396	0.0220605653883
6079.61010323	0.0220605892121
6079.92426249	0.0220605442052
6080.23842176	0.0220604960842
6080.55258102	0.02206046374
6080.86674029	0.0220604360375
6081.18089955	0.0220604266306
6081.49505882	0.0220604495238
6081.80921808	0.0220604670891
6082.12337735	0.0220604572275
6082.43753662	0.0220604584045
6082.75169588	0.0220604956671
6083.06585515	0.0220603810462
6083.38001441	0.0220601802777
6083.69417368	0.0220601557895
6084.00833294	0.0220601105452
6084.32249221	0.0220599283557
6084.63665147	0.0220596950297
6084.95081074	0.0220596129178
6085.26497	0.0220595969581
6085.57912927	0.0220595008117
6085.89328853	0.0220593841972
6086.2074478	0.0220593248524
6086.52160707	0.0220593372004
6086.83576633	0.0220593577334
6087.1499256	0.0220593917719
6087.46408486	0.0220594064485
6087.77824413	0.0220593871072
6088.09240339	0.0220593297672
6088.40656266	0.0220592242711
6088.72072192	0.0220590765576
6089.03488119	0.0220588681551
6089.34904045	0.0220585945806
6089.66319972	0.0220583383552
6089.97735898	0.0220581839413
6090.29151825	0.0220581703559
6090.60567751	0.0220580990548
6090.91983678	0.0220579276244
6091.23399605	0.0220578125314
6091.54815531	0.0220577346295
6091.86231458	0.0220574890144
6092.17647384	0.0220572337145
6092.49063311	0.0220569117891
6092.80479237	0.0220566046619
6093.11895164	0.0220563549278
6093.4331109	0.0220560926131
6093.74727017	0.0220559189272
6094.06142943	0.0220558523419
6094.3755887	0.0220557593926
6094.68974796	0.0220556621599
6095.00390723	0.0220556842444
6095.3180665	0.0220557298702
6095.63222576	0.0220557037218
6095.94638503	0.0220557799376
6096.26054429	0.0220558421423
6096.57470356	0.0220556361684
6096.88886282	0.0220553539535
6097.20302209	0.0220553618083
6097.51718135	0.0220552906654
6097.83134062	0.0220551408778
6098.14549988	0.0220552190565
6098.45965915	0.0220553569848
6098.77381841	0.0220554252076
6099.08797768	0.0220555178254
6099.40213695	0.0220556183137
6099.71629621	0.0220556065056
6100.03045548	0.0220557038842
6100.34461474	0.0220556098303
6100.65877401	0.0220556382425
6100.97293327	0.0220557817001
6101.28709254	0.0220556787898
6101.6012518	0.022055535431
6101.91541107	0.0220554638675
6102.22957033	0.0220553955311
6102.5437296	0.0220553894384
6102.85788886	0.0220554389099
6103.17204813	0.0220555511766
6103.48620739	0.0220557146114
6103.80036666	0.0220559173376
6104.11452593	0.0220560933601
6104.42868519	0.0220561448479
6104.74284446	0.022056142182
6105.05700372	0.0220561072406
6105.37116299	0.0220560142907
6105.68532225	0.0220557686999
6105.99948152	0.0220555553827
6106.31364078	0.0220553481448
6106.62780005	0.0220552613373
6106.94195931	0.0220551549325
6107.25611858	0.0220548620388
6107.57027784	0.0220547061743
6107.88443711	0.0220547931454
6108.19859638	0.0220548515776
6108.51275564	0.022054827663
6108.82691491	0.0220548431716
6109.14107417	0.0220548956886
6109.45523344	0.0220549104176
6109.7693927	0.022054920336
6110.08355197	0.0220549859386
6110.39771123	0.0220549457834
6110.7118705	0.0220547135539
6111.02602976	0.0220545544041
6111.34018903	0.0220543926903
6111.65434829	0.0220541903766
6111.96850756	0.02205400689
6112.28266682	0.0220539263463
6112.59682609	0.0220538197833
6112.91098536	0.0220537216789
6113.22514462	0.0220535498517
6113.53930389	0.022053277175
6113.85346315	0.0220532142459
6114.16762242	0.0220529050355
6114.48178168	0.022052534278
6114.79594095	0.022052533565
6115.11010021	0.0220526047493
6115.42425948	0.0220524853463
6115.73841874	0.0220523041098
6116.05257801	0.0220521711479
6116.36673727	0.0220520806595
6116.68089654	0.0220519791014
6116.99505581	0.0220518291374
6117.30921507	0.022051752906
6117.62337434	0.0220517284696
6117.9375336	0.0220517107862
6118.25169287	0.0220517323965
6118.56585213	0.0220516798085
6118.8800114	0.0220515150816
6119.19417066	0.0220513849388
6119.50832993	0.0220512049421
6119.82248919	0.0220510166716
6120.13664846	0.0220508749972
6120.45080772	0.0220506548857
6120.76496699	0.0220505337752
6121.07912625	0.0220505116871
6121.39328552	0.0220504478655
6121.70744479	0.0220504838857
6122.02160405	0.0220507032035
6122.33576332	0.0220509857866
6122.64992258	0.0220512500555
6122.96408185	0.0220514472778
6123.27824111	0.0220516548551
6123.59240038	0.0220518322965
6123.90655964	0.0220518821948
6124.22071891	0.0220518839646
6124.53487817	0.0220519258051
6124.84903744	0.0220519594833
6125.1631967	0.0220519781894
6125.47735597	0.0220519459588
6125.79151524	0.022051922443
6126.1056745	0.0220521030095
6126.41983377	0.0220522254634
6126.73399303	0.0220521990103
6127.0481523	0.0220522673582
6127.36231156	0.0220522663092
6127.67647083	0.0220522110501
6127.99063009	0.0220520682533
6128.30478936	0.0220518505005
6128.61894862	0.0220517650355
6128.93310789	0.0220517056115
6129.24726715	0.0220516114965
6129.56142642	0.0220515674497
6129.87558568	0.0220515204536
6130.18974495	0.0220514431456
6130.50390422	0.0220514213278
6130.81806348	0.0220514345615
6131.13222275	0.0220513952515
6131.44638201	0.0220513343236
6131.76054128	0.0220513431677
6132.07470054	0.0220512711343
6132.38885981	0.0220508685261
6132.70301907	0.0220504887661
6133.01717834	0.0220502776496
6133.3313376	0.0220500701075
6133.64549687	0.0220498225122
6133.95965613	0.0220495848216
6134.2738154	0.0220494459861
6134.58797467	0.0220493678443
6134.90213393	0.0220492697116
6135.2162932	0.022049146626
6135.53045246	0.022049019314
6135.84461173	0.0220489571937
6136.15877099	0.0220490162846
6136.47293026	0.0220491174496
6136.78708952	0.022049075174
6137.10124879	0.0220488010239
6137.41540805	0.022048615386
6137.72956732	0.0220483888047
6138.04372658	0.0220481003706
6138.35788585	0.0220479849661
6138.67204511	0.0220479024729
6138.98620438	0.0220477027483
6139.30036365	0.0220476597885
6139.61452291	0.0220478082456
6139.92868218	0.0220478681298
6140.24284144	0.0220477949056
6140.55700071	0.0220476813797
6140.87115997	0.0220476343766
6141.18531924	0.0220475600873
6141.4994785	0.0220473290384
6141.81363777	0.0220471655095
6142.12779703	0.0220470332706
6142.4419563	0.0220468734088
6142.75611556	0.0220466840398
6143.07027483	0.0220466020831
6143.3844341	0.0220466586021
6143.69859336	0.0220466892901
6144.01275263	0.0220466698323
6144.32691189	0.0220466970431
6144.64107116	0.0220467671265
6144.95523042	0.0220467480753
6145.26938969	0.0220467170819
6145.58354895	0.0220467103627
6145.89770822	0.0220467181986
6146.21186748	0.0220466310456
6146.52602675	0.0220465234906
6146.84018601	0.0220465600923
6147.15434528	0.0220466372424
6147.46850454	0.0220465257549
6147.78266381	0.0220464051731
6148.09682308	0.0220464126012
6148.41098234	0.022046460467
6148.72514161	0.0220463885412
6149.03930087	0.0220462559184
6149.35346014	0.0220462337715
6149.6676194	0.0220462069944
6149.98177867	0.0220460451541
6150.29593793	0.0220460322957
6150.6100972	0.0220461398635
6150.92425646	0.0220460874419
6151.23841573	0.0220459552147
6151.55257499	0.022045855153
6151.86673426	0.0220456888962
6152.18089353	0.0220455030227
6152.49505279	0.0220453741955
6152.80921206	0.0220452248783
6153.12337132	0.022045118064
6153.43753059	0.0220451166398
6153.75168985	0.0220450843108
6154.06584912	0.0220449056736
6154.38000838	0.0220447752615
6154.69416765	0.0220445993862
6155.00832691	0.0220443177295
6155.32248618	0.0220440309793
6155.63664544	0.0220436472463
6155.95080471	0.022043388713
6156.26496398	0.0220432897173
6156.57912324	0.0220429953271
6156.89328251	0.0220426946247
6157.20744177	0.0220426623196
6157.52160104	0.0220427376189
6157.8357603	0.0220427261334
6158.14991957	0.0220427129626
6158.46407883	0.0220427897973
6158.7782381	0.0220428512204
6159.09239736	0.0220428789401
6159.40655663	0.0220428370495
6159.72071589	0.0220426745152
6160.03487516	0.0220425840172
6160.34903442	0.0220425350538
6160.66319369	0.0220424282964
6160.97735296	0.0220424658484
6161.29151222	0.0220426683154
6161.60567149	0.0220427634442
6161.91983075	0.022042784466
6162.23399002	0.0220429234894
6162.54814928	0.0220430382282
6162.86230855	0.0220428588031
6163.17646781	0.0220429537918
6163.49062708	0.0220428125986
6163.80478634	0.022042578825
6164.11894561	0.0220425648708
6164.43310487	0.0220425546674
6164.74726414	0.0220425351667
6165.06142341	0.0220424995287
6165.37558267	0.0220424634081
6165.68974194	0.0220425625992
6166.0039012	0.0220427542349
6166.31806047	0.0220429090388
6166.63221973	0.0220430315654
6166.946379	0.0220431840464
6167.26053826	0.0220433246974
6167.57469753	0.0220433703564
6167.88885679	0.02204327588
6168.20301606	0.0220431132626
6168.51717532	0.0220430498683
6168.83133459	0.0220429105395
6169.14549385	0.0220426515169
6169.45965312	0.0220424154482
6169.77381239	0.0220423395821
6170.08797165	0.0220422650671
6170.40213092	0.0220420641727
6170.71629018	0.0220418627985
6171.03044945	0.0220418234559
6171.34460871	0.0220419211787
6171.65876798	0.0220419900966
6171.97292724	0.0220420029796
6172.28708651	0.0220420557596
6172.60124577	0.0220421457632
6172.91540504	0.0220421538865
6173.2295643	0.0220421176503
6173.54372357	0.0220419556848
6173.85788284	0.0220417225272
6174.1720421	0.022041662644
6174.48620137	0.0220415842616
6174.80036063	0.0220413681307
6175.1145199	0.0220412044169
6175.42867916	0.0220412324998
6175.74283843	0.0220412129177
6176.05699769	0.02204106448
6176.37115696	0.0220407789445
6176.68531622	0.0220405552213
6176.99947549	0.0220403893423
6177.31363475	0.0220400401726
6177.62779402	0.0220397518144
6177.94195328	0.0220396738649
6178.25611255	0.0220395900512
6178.57027182	0.0220394073182
6178.88443108	0.0220393036075
6179.19859035	0.0220392427945
6179.51274961	0.0220391353591
6179.82690888	0.0220390583775
6180.14106814	0.0220390624634
6180.45522741	0.0220390600642
6180.76938667	0.0220390210964
6181.08354594	0.022038997724
6181.3977052	0.0220390149827
6181.71186447	0.0220388926386
6182.02602373	0.0220386069349
6182.340183	0.0220384191172
6182.65434227	0.0220383105218
6182.96850153	0.0220381866689
6183.2826608	0.0220380309402
6183.59682006	0.022037884076
6183.91097933	0.0220379135282
6184.22513859	0.0220380877764
6184.53929786	0.0220380969353
6184.85345712	0.022038105697
6185.16761639	0.0220383371963
6185.48177565	0.0220386144981
6185.79593492	0.0220388049559
6186.11009418	0.022038882107
6186.42425345	0.0220389421147
6186.73841271	0.0220390301489
6187.05257198	0.0220390372639
6187.36673125	0.0220389897002
6187.68089051	0.0220390331021
6187.99504978	0.0220390914721
6188.30920904	0.0220390362758
6188.62336831	0.0220390092717
6188.93752757	0.0220392474463
6189.25168684	0.0220394586812
6189.5658461	0.0220394936109
6189.88000537	0.0220394519117
6190.19416463	0.0220394606678
6190.5083239	0.0220393787476
6190.82248316	0.0220391250772
6191.13664243	0.0220389588499
6191.4508017	0.0220388296189
6191.76496096	0.0220386265242
6192.07912023	0.0220384426429
6192.39327949	0.0220383989231
6192.70743876	0.0220384036561
6193.02159802	0.0220383854483
6193.33575729	0.0220383878258
6193.64991655	0.0220384239997
6193.96407582	0.0220384512551
6194.27823508	0.0220384213932
6194.59239435	0.0220383627092
6194.90655361	0.0220382056567
6195.22071288	0.022037891915
6195.53487214	0.0220375760554
6195.84903141	0.0220373772959
6196.16319068	0.0220371697653
6196.47734994	0.0220370021477
6196.79150921	0.0220368637434
6197.10566847	0.0220367505257
6197.41982774	0.0220366663786
6197.733987	0.0220365900605
6198.04814627	0.0220364952066
6198.36230553	0.0220363319695
6198.6764648	0.0220362014337
6198.99062406	0.0220360918684
6199.30478333	0.0220360433328
6199.61894259	0.0220359552995
6199.93310186	0.0220357288572
6200.24726113	0.0220355150524
6200.56142039	0.0220352858691
6200.87557966	0.0220350632354
6201.18973892	0.0220349226266
6201.50389819	0.022034879436
6201.81805745	0.0220348366971
6202.13221672	0.0220347280481
6202.44637598	0.0220347132571
6202.76053525	0.0220348507632
6203.07469451	0.0220348796942
6203.38885378	0.0220347142839
6203.70301304	0.0220346259159
6204.01717231	0.0220346171703
6204.33133157	0.0220343933973
6204.64549084	0.0220342116746
6204.95965011	0.0220340657906
6205.27380937	0.0220339320273
6205.58796864	0.0220338191377
6205.9021279	0.0220336183389
6206.21628717	0.0220335108096
6206.53044643	0.0220335823668
6206.8446057	0.0220336625888
6207.15876496	0.0220336906999
6207.47292423	0.0220337159755
6207.78708349	0.0220337544533
6208.10124276	0.0220337402699
6208.41540202	0.0220337469617
6208.72956129	0.0220337536366
6209.04372056	0.0220336831064
6209.35787982	0.0220336138557
6209.67203909	0.0220336139746
6209.98619835	0.0220337136283
6210.30035762	0.0220337330178
6210.61451688	0.0220336762183
6210.92867615	0.0220336795368
6211.24283541	0.0220336870634
6211.55699468	0.0220337338706
6211.87115394	0.0220336653359
6212.18531321	0.0220333884685
6212.49947247	0.0220335330258
6212.81363174	0.0220333084699
6213.12779101	0.0220329345576
6213.44195027	0.0220329513713
6213.75610954	0.0220330306582
6214.0702688	0.0220328922623
6214.38442807	0.0220327130659
6214.69858733	0.0220325672628
6215.0127466	0.0220324537637
6215.32690586	0.0220323689635
6215.64106513	0.0220322474685
6215.95522439	0.0220321352836
6216.26938366	0.0220320833419
6216.58354292	0.0220320535103
6216.89770219	0.0220319347899
6217.21186145	0.022031760601
6217.52602072	0.0220314860246
6217.84017999	0.0220311692139
6218.15433925	0.0220309128993
6218.46849852	0.0220306090738
6218.78265778	0.0220302742656
6219.09681705	0.0220300693272
6219.41097631	0.0220299586686
6219.72513558	0.0220297264995
6220.03929484	0.0220294948929
6220.35345411	0.0220294911662
6220.66761337	0.0220295865698
6220.98177264	0.0220296288262
6221.2959319	0.0220296841634
6221.61009117	0.0220297476487
6221.92425044	0.022029809156
6222.2384097	0.0220297753293
6222.55256897	0.0220296679178
6222.86672823	0.0220296261734
6223.1808875	0.0220295890163
6223.49504676	0.0220295921765
6223.80920603	0.0220296204192
6224.12336529	0.0220297250071
6224.43752456	0.0220299441022
6224.75168382	0.0220300801436
6225.06584309	0.0220301732931
6225.38000235	0.022030329543
6225.69416162	0.0220302231218
6226.00832088	0.0220301513186
6226.32248015	0.0220301255438
6226.63663942	0.0220299562062
6226.95079868	0.0220298333317
6227.26495795	0.022029792457
6227.57911721	0.0220298120242
6227.89327648	0.022029874903
6228.20743574	0.022029899183
6228.52159501	0.0220299712445
6228.83575427	0.0220301793583
6229.14991354	0.0220303756925
6229.4640728	0.0220304904168
6229.77823207	0.022030575315
6230.09239133	0.02203073377
6230.4065506	0.0220308577627
6230.72070987	0.0220307702326
6231.03486913	0.0220305410634
6231.3490284	0.0220304802922
6231.66318766	0.0220304181827
6231.97734693	0.0220301690773
6232.29150619	0.0220299626094
6232.60566546	0.02202986477
6232.91982472	0.0220297312616
6233.23398399	0.0220296000425
6233.54814325	0.0220294895949
6233.86230252	0.022029349384
6234.17646178	0.0220292862969
6234.49062105	0.0220293305626
6234.80478031	0.0220293907908
6235.11893958	0.0220294626999
6235.43309885	0.0220295018118
6235.74725811	0.0220294750326
6236.06141738	0.0220293135707
6236.37557664	0.0220290564378
6236.68973591	0.022028963703
6237.00389517	0.022028876865
6237.31805444	0.0220286761521
6237.6322137	0.0220284685252
6237.94637297	0.0220283762344
6238.26053223	0.0220284213983
6238.5746915	0.0220284023401
6238.88885076	0.0220282538254
6239.20301003	0.0220279804374
6239.5171693	0.0220277769861
6239.83132856	0.0220274209445
6240.14548783	0.0220270710718
6240.45964709	0.0220268969976
6240.77380636	0.0220266676583
6241.08796562	0.0220263622832
6241.40212489	0.0220261746114
6241.71628415	0.0220261620596
6242.03044342	0.0220261097613
6242.34460268	0.0220259928403
6242.65876195	0.0220259765759
6242.97292121	0.0220260384227
6243.28708048	0.022026049614
6243.60123974	0.0220259792381
6243.91539901	0.0220259594642
6244.22955828	0.0220259851398
6244.54371754	0.0220258110629
6244.85787681	0.0220254843267
6245.17203607	0.0220253435277
6245.48619534	0.0220251777908
6245.8003546	0.0220250943008
6246.11451387	0.0220250585296
6246.42867313	0.0220249755234
6246.7428324	0.0220250597619
6247.05699166	0.0220252516982
6247.37115093	0.0220253300147
6247.68531019	0.0220254388195
6247.99946946	0.0220255259435
6248.31362873	0.0220255998648
6248.62778799	0.0220257466627
6248.94194726	0.0220258523613
6249.25610652	0.0220259211528
6249.57026579	0.0220259200772
6249.88442505	0.0220258611342
6250.19858432	0.0220259208407
6250.51274358	0.0220260320152
6250.82690285	0.022026021926
6251.14106211	0.0220259571555
6251.45522138	0.0220261215693
6251.76938064	0.022026443041
6252.08353991	0.0220266186404
6252.39769917	0.0220266181414
6252.71185844	0.0220265116621
6253.02601771	0.0220265122625
6253.34017697	0.022026453607
6253.65433624	0.0220261835513
6253.9684955	0.0220259540988
6254.28265477	0.0220258322422
6254.59681403	0.022025779683
6254.9109733	0.0220256206953
6255.22513256	0.0220254203288
6255.53929183	0.0220254158103
6255.85345109	0.022025547205
6256.16761036	0.0220255935564
6256.48176962	0.0220256051343
6256.79592889	0.022025693721
6257.11008816	0.0220256836849
6257.42424742	0.0220255220728
6257.73840669	0.0220253302366
6258.05256595	0.0220251682538
6258.36672522	0.0220249370302
6258.68088448	0.0220247125424
6258.99504375	0.0220245130434
6259.30920301	0.0220243678783
6259.62336228	0.0220243341716
6259.93752154	0.0220242833818
6260.25168081	0.022024135632
6260.56584007	0.0220240519189
6260.87999934	0.0220240241873
6261.1941586	0.022023819809
6261.50831787	0.0220236289198
6261.82247714	0.022023532665
6262.1366364	0.0220232469455
6262.45079567	0.0220230004086
6262.76495493	0.0220228566489
6263.0791142	0.0220227182571
6263.39327346	0.0220224754205
6263.70743273	0.0220222289602
6264.02159199	0.0220221234662
6264.33575126	0.0220221582904
6264.64991052	0.0220221031579
6264.96406979	0.0220219866705
6265.27822905	0.0220220102531
6265.59238832	0.0220221272137
6265.90654759	0.0220221066011
6266.22070685	0.0220219748221
6266.53486612	0.0220219020767
6266.84902538	0.0220217929169
6267.16318465	0.0220216182669
6267.47734391	0.022021492994
6267.79150318	0.0220213529365
6268.10566244	0.0220211661904
6268.41982171	0.02202109498
6268.73398097	0.0220210471159
6269.04814024	0.0220208411321
6269.3622995	0.0220207187182
6269.67645877	0.02202082418
6269.99061803	0.0220209375129
6270.3047773	0.0220209355933
6270.61893657	0.0220208951005
6270.93309583	0.0220209033715
6271.2472551	0.0220208954972
6271.56141436	0.0220208636353
6271.87557363	0.0220208486009
6272.18973289	0.0220208299647
6272.50389216	0.0220208134921
6272.81805142	0.022020871379
6273.13221069	0.0220210060731
6273.44636995	0.0220210274024
6273.76052922	0.0220209889049
6274.07468848	0.0220210042664
6274.38884775	0.0220210733129
6274.70300702	0.0220210827967
6275.01716628	0.0220207498239
6275.33132555	0.0220207245938
6275.64548481	0.0220206185478
6275.95964408	0.0220202038074
6276.27380334	0.0220199765953
6276.58796261	0.0220199663348
6276.90212187	0.0220198920228
6277.21628114	0.0220197368463
6277.5304404	0.0220196130442
6277.84459967	0.0220195599604
6278.15875893	0.0220195246246
6278.4729182	0.0220194731966
6278.78707747	0.0220193702434
6279.10123673	0.0220193046938
6279.415396	0.0220192609525
6279.72955526	0.0220191660553
6280.04371453	0.022018930227
6280.35787379	0.0220185600309
6280.67203306	0.022018336929
6280.98619232	0.0220181442819
6281.30035159	0.0220178384209
6281.61451085	0.0220175703345
6281.92867012	0.0220173748726
6282.24282938	0.0220172319861
6282.55698865	0.0220171918966
6282.87114791	0.022017012335
6283.18530718	0.0220168184797
