0.314159265359	-6.70108928482e-07
0.628318530718	-5.53988163557e-06
0.942477796077	-1.83201765331e-05
1.25663706144	-3.71900613082e-05
1.5707963268	-5.38064027256e-05
1.88495559215	-5.92092970934e-05
2.19911485751	-5.02306573854e-05
2.51327412287	-3.63296737394e-05
2.82743338823	-3.80747798189e-05
3.14159265359	-8.40492396793e-05
3.45575191895	-0.000173254240269
3.76991118431	-0.000285021655944
4.08407044967	-0.000388274368297
4.39822971503	-0.000461136139794
4.71238898038	-0.000493377860088
5.02654824574	-0.00048154083302
5.3407075111	-0.000427484090668
5.65486677646	-0.00034193894128
5.96902604182	-0.00024197666221
6.28318530718	-0.000142834941557
6.59734457254	-5.38743051299e-05
6.9115038379	1.69090704876e-05
7.22566310326	6.54366865052e-05
7.53982236862	8.79490998627e-05
7.85398163397	8.47812656278e-05
8.16814089933	6.6040495873e-05
8.48230016469	4.60787048464e-05
8.79645943005	3.91050120112e-05
9.11061869541	5.14656975453e-05
9.42477796077	7.15210735373e-05
9.73893722613	8.98434613136e-05
10.0530964915	0.000109691240774
10.3672557568	0.000132361789322
10.6814150222	0.000151018496921
10.9955742876	0.000155641154227
11.3097335529	0.000144381221383
11.6238928183	0.000123189173571
11.9380520836	9.5583895217e-05
12.252211349	6.65358417826e-05
12.5663706144	4.22513926359e-05
12.8805298797	2.77091080329e-05
13.1946891451	2.45481762632e-05
13.5088484104	2.95053711242e-05
13.8230076758	3.64119136913e-05
14.1371669412	3.79702014803e-05
14.4513262065	2.15023218496e-05
14.7654854719	-2.05354364117e-05
15.0796447372	-7.05904939143e-05
15.3938040026	-9.41549654192e-05
15.707963268	-8.38543659614e-05
16.0221225333	-5.47478588155e-05
16.3362817987	-3.11215182488e-05
16.650441064	-1.89152596706e-05
16.9646003294	-1.20804856384e-05
17.2787595947	6.47381032822e-06
17.5929188601	4.92486076872e-05
17.9070781255	0.000132939296433
18.2212373908	0.000245706620193
18.5353966562	0.000367053732773
18.8495559215	0.000481483987388
19.1637151869	0.000583081505994
19.4778744523	0.000665171967593
19.7920337176	0.000710200979514
20.106192983	0.000708765331442
20.4203522483	0.000660834785705
20.7345115137	0.000579734429785
21.0486707791	0.00049251255814
21.3628300444	0.000412131232514
21.6769893098	0.000338450601032
21.9911485751	0.000272509545484
22.3053078405	0.000210773641237
22.6194671058	0.000158633696094
22.9336263712	0.000117146352208
23.2477856366	8.67045925163e-05
23.5619449019	6.45014069714e-05
23.8761041673	4.13018045095e-05
24.1902634326	7.2103400643e-06
24.504422698	-3.39176504012e-05
24.8185819634	-5.901842266e-05
25.1327412287	-5.3360308394e-05
25.4469004941	-2.66079209355e-05
25.7610597594	-5.089767076e-06
26.0752190248	-7.67443942595e-08
26.3893782902	-2.57018269754e-06
26.7035375555	1.43897002094e-05
27.0176968209	6.51045468034e-05
27.3318560862	0.000140540386875
27.6460153516	0.000230594027256
27.960174617	0.000334717747392
28.2743338823	0.000451442000846
28.5884931477	0.00056245174428
28.902652413	0.000637324541267
29.2168116784	0.00065527571184
29.5309709437	0.000609611460273
29.8451302091	0.000512079152349
30.1592894745	0.000400841056748
30.4734487398	0.000305162108824
30.7876080052	0.000220868729127
31.1017672705	0.000133001555432
31.4159265359	3.82485280756e-05
31.7300858013	-6.00116749375e-05
32.0442450666	-0.000161718926448
32.358404332	-0.000270633303502
32.6725635973	-0.000372324367253
32.9867228627	-0.000432542721539
33.3008821281	-0.000428093950001
33.6150413934	-0.000373233152551
33.9292006588	-0.000303956880384
34.2433599241	-0.000249488636284
34.5575191895	-0.000219416267474
34.8716784548	-0.00020855687297
35.1858377202	-0.000202876380475
35.4999969856	-0.000174408832824
35.8141562509	-9.81647087064e-05
36.1283155163	2.36396435015e-05
36.4424747816	0.000166286144686
36.756634047	0.000308483225018
37.0707933124	0.00044505760044
37.3849525777	0.00056282613314
37.6991118431	0.000647817378332
38.0132711084	0.000695111204381
38.3274303738	0.000695594437904
38.6415896392	0.000645960484975
38.9557489045	0.000548017140789
39.2699081699	0.000431491788845
39.5840674352	0.000334851381262
39.8982267006	0.00026604514596
40.212385966	0.000216982110503
40.5265452313	0.000176568676663
40.8407044967	0.000142032849243
41.154863762	0.000112984145338
41.4690230274	8.26041112054e-05
41.7831822927	4.77252226078e-05
42.0973415581	2.22042845969e-06
42.4115008235	-5.18367369053e-05
42.7256600888	-0.000101794640589
43.0398193542	-0.000127234287959
43.3539786195	-0.000124424959538
43.6681378849	-0.00011270632968
43.9822971503	-0.000110178862789
44.2964564156	-0.000118534339383
44.610615681	-0.000121314421518
44.9247749463	-0.000100101136587
45.2389342117	-6.10170050272e-05
45.5530934771	-1.83023775843e-05
45.8672527424	3.70923578782e-05
46.1814120078	0.000115543507609
46.4955712731	0.000216025195563
46.8097305385	0.000320810995082
47.1238898039	0.000408050225774
47.4380490692	0.000450968199774
47.7522083346	0.000430719610722
48.0663675999	0.000354356831569
48.3805268653	0.000254743240529
48.6946861306	0.000169033569703
49.008845396	0.0001052557607
49.3230046614	5.18710690776e-05
49.6371639267	-4.79274260217e-06
49.9513231921	-6.81984683145e-05
50.2654824574	-0.000139062852082
50.5796417228	-0.000221108398315
50.8938009882	-0.000304812936625
51.2079602535	-0.000353571126318
51.5221195189	-0.00034102504443
51.8362787842	-0.000279003067171
52.1504380496	-0.00020668228749
52.464597315	-0.000158930615249
52.7787565803	-0.000142931971273
53.0929158457	-0.000143207773721
53.407075111	-0.000135794670377
53.7212343764	-9.72493614186e-05
54.0353936417	-1.99842916454e-05
54.3495529071	8.18710769491e-05
54.6637121725	0.000195393163064
54.9778714378	0.000316883554561
55.2920307032	0.000436631341891
55.6061899685	0.000533618472584
55.9203492339	0.00058077795176
56.2345084993	0.000557521009986
56.5486677646	0.0004692150968
56.86282703	0.000364821275141
57.1769862953	0.000287606938555
57.4911455607	0.000235729809087
57.8053048261	0.000185187450968
58.1194640914	0.000129515532885
58.4336233568	8.10783691143e-05
58.7477826221	5.01606491898e-05
59.0619418875	4.57744339448e-05
59.3761011529	6.69029964668e-05
59.6902604182	0.000106933506525
60.0044196836	0.000147069115222
60.3185789489	0.000169917410019
60.6327382143	0.000175387445238
60.9468974796	0.000182395825186
61.261056745	0.00020879636245
61.5752160104	0.000240537930425
61.8893752757	0.000251900023468
62.2035345411	0.000235152542217
62.5176938064	0.000207020918486
62.8318530718	0.0001883682038
63.1460123372	0.000186615344668
63.4601716025	0.000200325139029
63.7743308679	0.000234610080749
64.0884901332	0.000293246874102
64.4026493986	0.000377551619312
64.716808664	0.000480344067299
65.0309679293	0.000591435737464
65.3451271947	0.000684538729133
65.65928646	0.000738011119734
65.9734457254	0.000738726366446
66.2876049907	0.000683131369468
66.6017642561	0.000575236767079
66.9159235215	0.000428712013876
67.2300827868	0.000288520638538
67.5442420522	0.000190591034232
67.8584013175	0.000134765482685
68.1725605829	8.836483899e-05
68.4867198483	2.44103785569e-05
68.8008791136	-7.41563799798e-05
69.115038379	-0.000201930846074
69.4291976443	-0.000327666560127
69.7433569097	-0.000426645954898
70.0575161751	-0.000494896740838
70.3716754404	-0.000546346986502
70.6858347058	-0.000591077776566
70.9999939711	-0.000627474014259
71.3141532365	-0.000639386535889
71.6283125019	-0.000607564075217
71.9424717672	-0.000530549409127
72.2566310326	-0.000433785127989
72.5707902979	-0.000339530392374
72.8849495633	-0.00025565679265
73.1991088286	-0.000190564597956
73.513268094	-0.000148941648319
73.8274273594	-0.000102452876663
74.1415866247	-3.6234599474e-05
74.4557458901	2.60049734707e-05
74.7699051554	5.59895873305e-05
75.0840644208	4.64388538543e-05
75.3982236862	1.37557907247e-05
75.7123829515	-1.98554875259e-05
76.0265422169	-3.41102292269e-05
76.3407014822	-1.6940409389e-05
76.6548607476	3.72471766081e-05
76.969020013	0.00012313376951
77.2831792783	0.000222403034736
77.5973385437	0.00031358221992
77.911497809	0.000378144786199
78.2256570744	0.000399230931497
78.5398163397	0.000370416573988
78.8539756051	0.000296237209443
79.1681348705	0.000197067531968
79.4822941358	0.00011049654874
79.7964534012	5.47417202779e-05
80.1106126665	2.21345047541e-05
80.4247719319	1.11728406726e-05
80.7389311973	2.48218880385e-05
81.0530904626	5.79316255836e-05
81.367249728	9.74141710694e-05
81.6814089933	0.000143259907156
81.9955682587	0.000208665005144
82.3097275241	0.00029240165181
82.6238867894	0.000380634255738
82.9380460548	0.000449638935795
83.2522053201	0.000474471060851
83.5663645855	0.000446436673207
83.8805238509	0.000379851304955
84.1946831162	0.000314677219596
84.5088423816	0.000260359098723
84.8230016469	0.000195112463408
85.1371609123	0.000104157947343
85.4513201776	-7.62875277805e-06
85.765479443	-0.000124064170087
86.0796387084	-0.000226596280499
86.3937979737	-0.000304610968577
86.7079572391	-0.000349044650024
87.0221165044	-0.00036192485666
87.3362757698	-0.000350231293816
87.6504350352	-0.000327214956854
87.9645943005	-0.000292810042523
88.2787535659	-0.000241933451645
88.5929128312	-0.000182696689966
88.9070720966	-0.000146553527355
89.221231362	-0.000152592437287
89.5353906273	-0.000189511079486
89.8495498927	-0.000229073720274
90.163709158	-0.00026029514288
90.4778684234	-0.000273354728281
90.7920276888	-0.000252986642788
91.1061869541	-0.000185895256705
91.4203462195	-7.45819734746e-05
91.7345054848	6.18917983427e-05
92.0486647502	0.000191790596103
92.3628240155	0.000279426561935
92.6769832809	0.000296776301145
92.9911425463	0.000245870923822
93.3053018116	0.00016560841084
93.619461077	8.21467895668e-05
93.9336203423	-2.09465159755e-06
94.2477796077	-9.20657634758e-05
94.5619388731	-0.000181407631553
94.8760981384	-0.000256120417976
95.1902574038	-0.000303160465815
95.5044166691	-0.000316787936827
95.8185759345	-0.000302309354108
96.1327351999	-0.000274994007372
96.4468944652	-0.000255549320678
96.7610537306	-0.000256671905988
97.0752129959	-0.000273622121581
97.3893722613	-0.000296585013792
97.7035315266	-0.000325833457685
98.017690792	-0.000366010308825
98.3318500574	-0.000414994988971
98.6460093227	-0.000453856877592
98.9601685881	-0.000471981356154
99.2743278534	-0.000478362451339
99.5884871188	-0.000476490090016
99.9026463842	-0.000450463976039
100.21680565	-0.000379237953368
100.530964915	-0.00026842633962
100.84512418	-0.000145703064951
101.159283446	-4.47172362625e-05
101.473442711	1.96899792774e-05
101.787601976	4.40010576418e-05
102.101761242	3.60734727388e-05
102.415920507	8.55101602887e-06
102.730079772	-2.17654565507e-05
103.044239038	-3.82717578456e-05
103.358398303	-2.90132473594e-05
103.672557568	1.1279551676e-05
103.986716834	7.76529760654e-05
104.300876099	0.000160277422755
104.615035365	0.000245781119244
104.92919463	0.000323333017927
105.243353895	0.000383256762579
105.557513161	0.000419843725456
105.871672426	0.000422062402537
106.185831691	0.000383939563356
106.499990957	0.000308236362113
106.814150222	0.000224287039254
107.128309487	0.000187047061904
107.442468753	0.000208814262008
107.756628018	0.000259858690522
108.070787283	0.000296870133803
108.384946549	0.000290002350314
108.699105814	0.000241429901423
109.01326508	0.000174863439524
109.327424345	0.000115824283058
109.64158361	8.18895396371e-05
109.955742876	8.08873265032e-05
110.269902141	0.000111692334208
110.584061406	0.000164985142608
110.898220672	0.000229114942092
111.212379937	0.000285019002007
111.526539202	0.000307913241918
111.840698468	0.000284153916457
112.154857733	0.000226223984822
112.469016999	0.000170275561585
112.783176264	0.000136053519593
113.097335529	0.000107698218759
113.411494795	5.18533397669e-05
113.72565406	-5.90255152271e-05
114.039813325	-0.000210343354694
114.353972591	-0.000357092590352
114.668131856	-0.000465583375908
114.982291121	-0.000531395342152
115.296450387	-0.00056804142411
115.610609652	-0.000587034559655
115.924768917	-0.000591964149721
116.238928183	-0.000577832577923
116.553087448	-0.00053366690649
116.867246714	-0.000453773314548
117.181405979	-0.000351171017479
117.495565244	-0.000243785800156
117.80972451	-0.00013925390347
118.123883775	-4.08408073997e-05
118.43804304	4.55466361065e-05
118.752202306	0.000113367796328
119.066361571	0.000155765363174
119.380520836	0.000160856845776
119.694680102	0.000120039580964
120.008839367	4.90813807567e-05
120.322998632	-2.95632984484e-05
120.637157898	-0.000101625656335
120.951317163	-0.000168097671558
121.265476429	-0.000233572134805
121.579635694	-0.000297580776227
121.893794959	-0.000359328233496
122.207954225	-0.000413539607452
122.52211349	-0.000460319943566
122.836272755	-0.00050366684252
123.150432021	-0.000555477446968
123.464591286	-0.000620652356159
123.778750551	-0.000692752878281
124.092909817	-0.000759918228831
124.407069082	-0.000821138863264
124.721228348	-0.000881932029003
125.035387613	-0.000942910425586
125.349546878	-0.000995365746351
125.663706144	-0.00102641452279
125.977865409	-0.00103423482708
126.292024674	-0.00103068615405
126.60618394	-0.00102183851424
126.920343205	-0.00100698752752
127.23450247	-0.000984991016878
127.548661736	-0.000946694802904
127.862821001	-0.000884534704861
128.176980266	-0.000802555893131
128.491139532	-0.000712478703734
128.805298797	-0.000630311331855
129.119458063	-0.000565410007691
129.433617328	-0.000516096253554
129.747776593	-0.000474995555035
130.061935859	-0.00042976373413
130.376095124	-0.00036745833216
130.690254389	-0.000276849907953
131.004413655	-0.000156597775619
131.31857292	-1.7222384941e-05
131.632732185	0.000122919242721
131.946891451	0.000246832787116
132.261050716	0.000345196576306
132.575209981	0.000412358660362
132.889369247	0.000445640975424
133.203528512	0.00044829612473
133.517687778	0.000428156519888
133.831847043	0.000393755127977
134.146006308	0.000352516875516
134.460165574	0.000313036659142
134.774324839	0.000281194024451
135.088484104	0.000264386024271
135.40264337	0.00026474465021
135.716802635	0.000267905057652
136.0309619	0.000255666030494
136.345121166	0.000219580892213
136.659280431	0.000161243926644
136.973439697	8.63828874768e-05
137.287598962	8.35222023783e-07
137.601758227	-9.45997890962e-05
137.915917493	-0.000191111668523
138.230076758	-0.000264116873996
138.544236023	-0.000291690773526
138.858395289	-0.000280151574609
139.172554554	-0.000260977317173
139.486713819	-0.000263066716286
139.800873085	-0.000292917880519
140.11503235	-0.000340025874286
140.429191615	-0.000396052066351
140.743350881	-0.000461290199921
141.057510146	-0.000538797226113
141.371669412	-0.000610538816213
141.685828677	-0.000648133233007
141.999987942	-0.000637214033569
142.314147208	-0.000592628217468
142.628306473	-0.000539652558275
142.942465738	-0.000501342385201
143.256625004	-0.000480029317185
143.570784269	-0.00046184679919
143.884943534	-0.000427114225911
144.1991028	-0.000374852135195
144.513262065	-0.000307211040819
144.82742133	-0.000223387053491
145.141580596	-0.000122971357183
145.455739861	-8.73735360301e-06
145.769899127	0.000109588745607
146.084058392	0.000220410580848
146.398217657	0.000302328463401
146.712376923	0.000334834894686
147.026536188	0.000306550433124
147.340695453	0.000223979727097
147.654854719	0.000111220637828
147.969013984	-9.90568021776e-06
148.283173249	-0.000127797317132
148.597332515	-0.000239329011438
148.91149178	-0.000345122038963
149.225651046	-0.000444650827102
149.539810311	-0.000542526681718
149.853969576	-0.000642741068552
150.168128842	-0.000739208432089
150.482288107	-0.000815452066131
150.796447372	-0.000866843615396
151.110606638	-0.000907809299589
151.424765903	-0.00095610520522
151.738925168	-0.00101550777311
152.053084434	-0.00107507884128
152.367243699	-0.00111647480706
152.681402964	-0.00112643551417
152.99556223	-0.00111126682685
153.309721495	-0.00109271848299
153.623880761	-0.0010885995749
153.938040026	-0.00109944663686
154.252199291	-0.00108840462113
154.566358557	-0.00102555820669
154.880517822	-0.000940774871215
155.194677087	-0.000885452067453
155.508836353	-0.000877554666035
155.822995618	-0.000897160241428
156.137154883	-0.000906878916736
156.451314149	-0.000870611048671
156.765473414	-0.000764465994212
157.079632679	-0.000581374404235
157.393791945	-0.000334410069927
157.70795121	-5.69518886788e-05
158.022110476	0.000198828988077
158.336269741	0.000367801928956
158.650429006	0.000416081194625
158.964588272	0.000360313100059
159.278747537	0.000229466724952
159.592906802	4.03103196736e-05
159.907066068	-0.000193624787947
160.221225333	-0.000440551556678
160.535384598	-0.000656479971623
160.849543864	-0.000798324059635
161.163703129	-0.000835605375707
161.477862395	-0.000756973618078
161.79202166	-0.000578180333424
162.106180925	-0.0003476019885
162.420340191	-0.00011316592435
162.734499456	0.000101051738447
163.048658721	0.000284788784669
163.362817987	0.0004245920037
163.676977252	0.000504390507375
163.991136517	0.000525665103201
164.305295783	0.000497990925302
164.619455048	0.000431813064412
164.933614313	0.000335751755966
165.247773579	0.000211939169926
165.561932844	7.0225862269e-05
165.87609211	-5.81353448727e-05
166.190251375	-0.000151567479779
166.50441064	-0.000219707847768
166.818569906	-0.000277323772882
167.132729171	-0.000336534098742
167.446888436	-0.000399896185175
167.761047702	-0.000468078614276
168.075206967	-0.000540959204808
168.389366232	-0.000613281674419
168.703525498	-0.000672830715771
169.017684763	-0.000706392121145
169.331844029	-0.000715157854228
169.646003294	-0.000719155334269
169.960162559	-0.000738483489264
170.274321825	-0.000773260574244
170.58848109	-0.000807954053652
170.902640355	-0.000833803929757
171.216799621	-0.000852874439047
171.530958886	-0.000857354064747
171.845118151	-0.000834332090834
172.159277417	-0.000776894275008
172.473436682	-0.00068905016066
172.787595947	-0.000587936365462
173.101755213	-0.000496630063885
173.415914478	-0.000434103289289
173.730073744	-0.000404199359251
174.044233009	-0.000377464967467
174.358392274	-0.000337929201307
174.67255154	-0.000299786196786
174.986710805	-0.000284374605393
175.30087007	-0.000303605502699
175.615029336	-0.000351930051956
175.929188601	-0.000412596819704
176.243347866	-0.00047309678236
176.557507132	-0.000530598375356
176.871666397	-0.000582619940664
177.185825662	-0.000618681308295
177.499984928	-0.000630931873206
177.814144193	-0.000627012629354
178.128303459	-0.000622141634728
178.442462724	-0.000631206874625
178.756621989	-0.000658312359585
179.070781255	-0.000689390552425
179.38494052	-0.000700845522708
179.699099785	-0.000675446450083
180.013259051	-0.000619342417961
180.327418316	-0.000554303505689
180.641577581	-0.000498720685852
180.955736847	-0.000470959377336
181.269896112	-0.0004811249241
181.584055378	-0.000501262001739
181.898214643	-0.00049700029709
182.212373908	-0.000474307570661
182.526533174	-0.000459606462586
182.840692439	-0.000459187578864
183.154851704	-0.000462311200904
183.46901097	-0.000447770848647
183.783170235	-0.000395160598751
184.0973295	-0.000295302819567
184.411488766	-0.000150390867333
184.725648031	2.20521424394e-05
185.039807296	0.000194017151433
185.353966562	0.000334709316074
185.668125827	0.000413700609599
185.982285093	0.000421195940141
186.296444358	0.000365946361872
186.610603623	0.000264448372126
186.924762889	0.000128756844573
187.238922154	-3.04399568474e-05
187.553081419	-0.000198328331254
187.867240685	-0.000353326505549
188.18139995	-0.000471394800304
188.495559215	-0.00053456371248
188.809718481	-0.000541009757515
189.123877746	-0.000505112152338
189.438037011	-0.000435235449368
189.752196277	-0.000338559169715
190.066355542	-0.000225947137332
190.380514808	-0.000113662721209
190.694674073	-1.74510565287e-05
191.008833338	4.70864306126e-05
191.322992604	8.76810864748e-05
191.637151869	0.000115524908036
191.951311134	0.000118305969127
192.2654704	7.10653392287e-05
192.579629665	-3.76733067286e-05
192.89378893	-0.0001850109726
193.207948196	-0.000317688163615
193.522107461	-0.00040579873298
193.836266727	-0.000450914994088
194.150425992	-0.0004704645911
194.464585257	-0.00048044676103
194.778744523	-0.000488771153114
195.092903788	-0.000492754755146
195.407063053	-0.00047698110618
195.721222319	-0.000430461260182
196.035381584	-0.000368581347562
196.349540849	-0.00031884916806
196.663700115	-0.000294321035339
196.97785938	-0.000285835962948
197.292018645	-0.000270177344688
197.606177911	-0.000228527458326
197.920337176	-0.000163289918047
198.234496442	-8.45782644635e-05
198.548655707	5.80256223754e-06
198.862814972	0.000104231960085
199.176974238	0.000197860469087
199.491133503	0.000266628536486
199.805292768	0.000294058854088
200.119452034	0.000280967972967
200.433611299	0.000249685682368
200.747770564	0.000211944250366
201.06192983	0.000163602387804
201.376089095	9.9202693184e-05
201.69024836	2.33034131899e-05
202.004407626	-5.13954044688e-05
202.318566891	-0.000109479279343
202.632726157	-0.000142585096614
202.946885422	-0.000152858372789
203.261044687	-0.000152212737062
203.575203953	-0.000156843894995
203.889363218	-0.000183111289532
204.203522483	-0.000241334988522
204.517681749	-0.0003239346034
204.831841014	-0.000408991065067
205.146000279	-0.000480632489866
205.460159545	-0.000535848105572
205.77431881	-0.000578298417856
206.088478076	-0.000604149539835
206.402637341	-0.00060540928531
206.716796606	-0.000581838998906
207.030955872	-0.000545983976413
207.345115137	-0.000513506693606
207.659274402	-0.000486664881397
207.973433668	-0.000463067031144
208.287592933	-0.000440343879541
208.601752198	-0.000419211607915
208.915911464	-0.000401418191734
209.230070729	-0.000373286085633
209.544229994	-0.000314190742872
209.85838926	-0.000223725390949
210.172548525	-0.000117260185738
210.486707791	-1.43187618759e-05
210.800867056	7.39450490244e-05
211.115026321	0.000141219583818
211.429185587	0.000176197711376
211.743344852	0.000156388553649
212.057504117	6.40123945983e-05
212.371663383	-7.23827579856e-05
212.685822648	-0.000192603088447
212.999981913	-0.000271191546594
213.314141179	-0.000331108767421
213.628300444	-0.000396889937443
213.942459709	-0.000467842698395
214.256618975	-0.000533755522338
214.57077824	-0.000585528113842
214.884937506	-0.000614626292794
215.199096771	-0.000610157045815
215.513256036	-0.000560220725539
215.827415302	-0.000467035091656
216.141574567	-0.000347032173172
216.455733832	-0.000213231046657
216.769893098	-7.495280522e-05
217.084052363	5.78180805625e-05
217.398211628	0.000172110714517
217.712370894	0.000255723303391
218.026530159	0.000299017219044
218.340689425	0.000296079715692
218.65484869	0.000244401954449
218.969007955	0.000149521906199
219.283167221	2.87851174623e-05
219.597326486	-9.81358259972e-05
219.911485751	-0.000220902454192
220.225645017	-0.000333932013117
220.539804282	-0.000422593323781
220.853963547	-0.000475075898857
221.168122813	-0.000503164200982
221.482282078	-0.00053048494357
221.796441343	-0.000566433928991
222.110600609	-0.000608604035515
222.424759874	-0.000657321312781
222.73891914	-0.00071060855151
223.053078405	-0.000758062358728
223.36723767	-0.00078340517615
223.681396936	-0.00077165620573
223.995556201	-0.000714466076244
224.309715466	-0.000607426519301
224.623874732	-0.000451593222792
224.938033997	-0.000263667166166
225.252193262	-6.92122982423e-05
225.566352528	0.000111353852075
225.880511793	0.000263064501837
226.194671058	0.000371713641928
226.508830324	0.000432947018596
226.822989589	0.000451133646569
227.137148855	0.000438043036852
227.45130812	0.000400940270659
227.765467385	0.000352083122684
228.079626651	0.000301296900605
228.393785916	0.000259265619793
228.707945181	0.000230982033485
229.022104447	0.000216113463193
229.336263712	0.000209870713753
229.650422977	0.000202828490313
229.964582243	0.000186873193788
230.278741508	0.000154085226638
230.592900774	0.000101671088915
230.907060039	2.46785664361e-05
231.221219304	-7.55713325152e-05
231.53537857	-0.000185648439901
231.849537835	-0.000288913828912
232.1636971	-0.00038302934002
232.477856366	-0.000474994076593
232.792015631	-0.000564554337811
233.106174896	-0.000643065914386
233.420334162	-0.000705748365468
233.734493427	-0.000759236416585
234.048652692	-0.000813360986675
234.362811958	-0.00086380752194
234.676971223	-0.000894930042788
234.991130489	-0.000906625953011
235.305289754	-0.000909984526052
235.619449019	-0.000925363003876
235.933608285	-0.000958499824515
236.24776755	-0.000982212950108
236.561926815	-0.000959738811041
236.876086081	-0.000904099524251
237.190245346	-0.000850059635381
237.504404611	-0.000816843212271
237.818563877	-0.000803394752988
238.132723142	-0.000813160228711
238.446882407	-0.00087281171606
238.761041673	-0.000973624438239
239.075200938	-0.00104743644937
239.389360204	-0.00105877768728
239.703519469	-0.00103741177239
240.017678734	-0.00102244610946
240.331838	-0.00102322139962
240.645997265	-0.00102372645364
240.96015653	-0.00100923129597
241.274315796	-0.0009746841149
241.588475061	-0.00091720105402
241.902634326	-0.000835068169502
242.216793592	-0.000720765813919
242.530952857	-0.000572368190068
242.845112123	-0.000407302920776
243.159271388	-0.00025064570709
243.473430653	-0.00011426073268
243.787589919	4.86537890783e-06
244.101749184	0.000113687167281
244.415908449	0.000213705842248
244.730067715	0.000296376171633
245.04422698	0.000351992623642
245.358386245	0.000377387969555
245.672545511	0.000377365476016
245.986704776	0.000363009110522
246.300864041	0.000341484013814
246.615023307	0.000311623434578
246.929182572	0.000275232346236
247.243341838	0.000233326718992
247.557501103	0.000184335722596
247.871660368	0.000124712084855
248.185819634	6.90460686616e-05
248.499978899	6.84289900091e-05
248.814138164	0.000119009983683
249.12829743	0.000157597684599
249.442456695	0.000133618660945
249.75661596	4.57787327576e-05
250.070775226	-6.7888261221e-05
250.384934491	-0.000169853056635
250.699093756	-0.000230683251611
251.013253022	-0.000228653041973
251.327412287	-0.00015497292379
251.641571553	-1.76579531339e-05
251.955730818	0.000151494013195
252.269890083	0.000319523837714
252.584049349	0.000460219963507
252.898208614	0.000557131677467
253.212367879	0.000603834224724
253.526527145	0.000602384485888
253.84068641	0.000562555030917
254.154845675	0.000494893665254
254.469004941	0.000408375645532
254.783164206	0.000314764218957
255.097323472	0.000221659084822
255.411482737	0.000134395693383
255.725642002	5.01015911743e-05
256.039801268	-3.38651341921e-05
256.353960533	-0.000110033763904
256.668119798	-0.000164308501472
256.982279064	-0.000201677138833
257.296438329	-0.000245661368454
257.610597594	-0.000321756406232
257.92475686	-0.00043044774537
258.238916125	-0.00055035205667
258.55307539	-0.000667067298207
258.867234656	-0.000774653578501
259.181393921	-0.000867309678405
259.495553187	-0.000936250763623
259.809712452	-0.000974395246113
260.123871717	-0.000978260451112
260.438030983	-0.000948762542329
260.752190248	-0.000898105356485
261.066349513	-0.000842962772427
261.380508779	-0.000791994264438
261.694668044	-0.000751502743744
262.008827309	-0.000729341443185
262.322986575	-0.000730657428791
262.63714584	-0.000752391277228
262.951305105	-0.000773509429007
263.265464371	-0.000758532048724
263.579623636	-0.000703203903346
263.893782902	-0.000629179358987
264.207942167	-0.000558724951318
264.522101432	-0.000497472901731
264.836260698	-0.000430703310914
265.150419963	-0.000340324416622
265.464579228	-0.000226365933775
265.778738494	-0.000115025029715
266.092897759	-4.85140534468e-05
266.407057024	-5.20603077513e-05
266.72121629	-0.000105631674731
267.035375555	-0.000180340987526
267.349534821	-0.000256773199002
267.663694086	-0.000332514278474
267.977853351	-0.000404188661454
268.292012617	-0.000465849689424
268.606171882	-0.000497559969
268.920331147	-0.000478883593326
269.234490413	-0.000395818300524
269.548649678	-0.000250787252831
269.862808943	-6.48922997799e-05
270.176968209	0.000137029043831
270.491127474	0.000333411405453
270.805286739	0.000505207283694
271.119446005	0.000633317608967
271.43360527	0.000708035348314
271.747764536	0.000723663651784
272.061923801	0.000685855052679
272.376083066	0.00060769601369
272.690242332	0.000504227942519
273.004401597	0.000391684977228
273.318560862	0.000289894350043
273.632720128	0.000207842267475
273.946879393	0.000149449630737
274.261038658	0.000125381528131
274.575197924	0.00013405102941
274.889357189	0.000142854932548
275.203516454	0.000123030842204
275.51767572	7.95623182736e-05
275.831834985	2.53378510131e-05
276.145994251	-3.55583953722e-05
276.460153516	-0.000100804549254
276.774312781	-0.000162366612958
277.088472047	-0.000209654610685
277.402631312	-0.000233566189494
277.716790577	-0.000224415345693
278.030949843	-0.00017460864721
278.345109108	-8.14080351652e-05
278.659268373	3.9859361083e-05
278.973427639	0.000160085253707
279.287586904	0.000258630197175
279.60174617	0.000327069901223
279.915905435	0.000363883435838
280.2300647	0.00037240746527
280.544223966	0.000354902416817
280.858383231	0.000314581235069
281.172542496	0.000258169881902
281.486701762	0.000192509764472
281.800861027	0.000122990371438
282.115020292	5.27958768263e-05
282.429179558	-1.27630422062e-05
282.743338823	-6.68262460111e-05
283.057498088	-0.000111350363902
283.371657354	-0.000155888145933
283.685816619	-0.000208210775939
283.999975885	-0.000270578423761
284.31413515	-0.000344597437308
284.628294415	-0.000433878389562
284.942453681	-0.00053467299646
285.256612946	-0.000627197614519
285.570772211	-0.000691912246426
285.884931477	-0.000727006881656
286.199090742	-0.000746561600063
286.513250007	-0.000765499799771
286.827409273	-0.000790857851721
287.141568538	-0.000814985992059
287.455727803	-0.000820840632235
287.769887069	-0.000801002750618
288.084046334	-0.000759354748128
288.3982056	-0.000701486477246
288.712364865	-0.000631581398872
289.02652413	-0.000558907626611
289.340683396	-0.000493322787317
289.654842661	-0.000438696813005
289.969001926	-0.00039893472441
290.283161192	-0.000353484925542
290.597320457	-0.000287201542444
290.911479722	-0.00021183275243
291.225638988	-0.000142391248587
291.539798253	-8.08933256877e-05
291.853957519	-1.9066788054e-05
292.168116784	4.40188209014e-05
292.482276049	9.58104506523e-05
292.796435315	0.000112069453897
293.11059458	8.79045400716e-05
293.424753845	5.28517147997e-05
293.738913111	4.01780276908e-05
294.053072376	5.36523302657e-05
294.367231641	7.47101055586e-05
294.681390907	8.6426511534e-05
294.995550172	8.76570152152e-05
295.309709437	9.1485011293e-05
295.623868703	0.000109242674215
295.938027968	0.000152341589929
296.252187234	0.00022966763813
296.566346499	0.000341085969144
296.880505764	0.000472041200639
297.19466503	0.000608858913519
297.508824295	0.000739716893735
297.82298356	0.000853314290853
298.137142826	0.00093629059528
298.451302091	0.000980571837499
298.765461356	0.000983162260464
299.079620622	0.000951382425716
299.393779887	0.000893583613223
299.707939152	0.000819319092462
300.022098418	0.000729585563192
300.336257683	0.000633234806551
300.650416949	0.00055137484266
300.964576214	0.000493325172782
301.278735479	0.000450977454102
301.592894745	0.000406865891672
301.90705401	0.000348304567214
302.221213275	0.000269857821311
302.535372541	0.000169196505201
302.849531806	5.28818335307e-05
303.163691071	-5.83212685398e-05
303.477850337	-0.000143020614802
303.792009602	-0.000196372472674
304.106168868	-0.00022911493811
304.420328133	-0.000252282264708
304.734487398	-0.0002677029629
305.048646664	-0.000269024470025
305.362805929	-0.000250034333599
305.676965194	-0.000217641333595
305.99112446	-0.000188387771917
306.305283725	-0.000164930875798
306.61944299	-0.000137235159071
306.933602256	-9.96060657711e-05
307.247761521	-5.76948583023e-05
307.561920786	-2.09295428862e-05
307.876080052	3.04332466125e-06
308.190239317	8.47478352829e-06
308.504398583	-1.92097628606e-06
308.818557848	-2.11261160063e-05
309.132717113	-4.68764410632e-05
309.446876379	-7.78008023221e-05
309.761035644	-0.000117209481186
310.075194909	-0.000163444712764
310.389354175	-0.000207289639688
310.70351344	-0.000242915630921
311.017672705	-0.000266548179332
311.331831971	-0.00028156752898
311.645991236	-0.000294528946416
311.960150501	-0.000318910360856
312.274309767	-0.000363249667101
312.588469032	-0.000430165781442
312.902628298	-0.00050812647328
313.216787563	-0.000584505840864
313.530946828	-0.00065806099872
313.845106094	-0.000726068503068
314.159265359	-0.000776137279586
314.473424624	-0.000799614407261
314.78758389	-0.000801587648918
315.101743155	-0.000791909988036
315.41590242	-0.000774078543725
315.730061686	-0.000745029287481
316.044220951	-0.000706312318416
316.358380217	-0.000663643784426
316.672539482	-0.000623792681783
316.986698747	-0.000597461273522
317.300858013	-0.000580404830094
317.615017278	-0.000547007482121
317.929176543	-0.000485791879554
318.243335809	-0.000413981304575
318.557495074	-0.000357467282183
318.871654339	-0.000335808936769
319.185813605	-0.000368941286208
319.49997287	-0.000458639779948
319.814132135	-0.000557697040483
320.128291401	-0.00059892225001
320.442450666	-0.000571059733565
320.756609932	-0.000514683192366
321.070769197	-0.00047220971481
321.384928462	-0.000460534080409
321.699087728	-0.000467992853962
322.013246993	-0.000471224483629
322.327406258	-0.000452486995442
322.641565524	-0.000406378537489
322.955724789	-0.000329916168072
323.269884054	-0.000219857219244
323.58404332	-8.22312077866e-05
323.898202585	6.56106859413e-05
324.21236185	0.00020858254396
324.526521116	0.000335840446865
324.840680381	0.000434809456554
325.154839647	0.000497644783862
325.468998912	0.000527160478722
325.783158177	0.000530827564381
326.097317443	0.000514092856334
326.411476708	0.000482708804175
326.725635973	0.000443165276764
327.039795239	0.000402309856811
327.353954504	0.000366098648116
327.668113769	0.000337926194279
327.982273035	0.000315410108619
328.2964323	0.000287596405702
328.610591566	0.000238364807271
328.924750831	0.000159307378382
329.238910096	6.36318961271e-05
329.553069362	-2.57522505453e-05
329.867228627	-0.000108259892032
330.181387892	-0.000196028865167
330.495547158	-0.000292392755741
330.809706423	-0.000389248354737
331.123865688	-0.00048056069239
331.438024954	-0.000560161182655
331.752184219	-0.000617091283948
332.066343484	-0.000639386060316
332.38050275	-0.000622981474337
332.694662015	-0.000577504454127
333.008821281	-0.0005135696777
333.322980546	-0.000435445096103
333.637139811	-0.000343561132986
333.951299077	-0.000247384996283
334.265458342	-0.000154993972697
334.579617607	-7.38764494238e-05
334.893776873	-9.43720044201e-06
335.207936138	3.2470015416e-05
335.522095403	5.29497341627e-05
335.836254669	5.76322028025e-05
336.150413934	4.61704274181e-05
336.464573199	1.9119067873e-05
336.778732465	-1.73039033741e-05
337.09289173	-5.20927220018e-05
337.407050996	-7.75282333563e-05
337.721210261	-9.37527437996e-05
338.035369526	-9.89975201576e-05
338.349528792	-9.54978713622e-05
338.663688057	-8.711442519e-05
338.977847322	-8.26823501618e-05
339.292006588	-8.19364546171e-05
339.606165853	-7.80462122472e-05
339.920325118	-7.12829408344e-05
340.234484384	-7.59808943586e-05
340.548643649	-9.90779531602e-05
340.862802915	-0.000132725153406
341.17696218	-0.000161413476428
341.491121445	-0.000177296762604
341.805280711	-0.000185406695968
342.119439976	-0.000186157125157
342.433599241	-0.000174460707482
342.747758507	-0.000151465684505
343.061917772	-0.000123973814892
343.376077037	-0.00010749287158
343.690236303	-0.000120183886985
344.004395568	-0.000161076795111
344.318554833	-0.000201483309632
344.632714099	-0.000224474147804
344.946873364	-0.000236981062321
345.26103263	-0.000251460425434
345.575191895	-0.000278475175389
345.88935116	-0.000337474834012
346.203510426	-0.000436517588773
346.517669691	-0.00052356112682
346.831828956	-0.000544586780493
347.145988222	-0.000517643565439
347.460147487	-0.000505618096645
347.774306752	-0.000545256136011
348.088466018	-0.000624605148622
348.402625283	-0.000712802077706
348.716784548	-0.000785493243269
349.030943814	-0.000826599548274
349.345103079	-0.000828155863122
349.659262345	-0.00078824469057
349.97342161	-0.000708446128775
350.287580875	-0.000590652253264
350.601740141	-0.000449885540918
350.915899406	-0.000312046036123
351.230058671	-0.000196207151758
351.544217937	-0.000111879255107
351.858377202	-5.72790756511e-05
352.172536467	-2.82095928311e-05
352.486695733	-1.85366886709e-05
352.800854998	-2.22166482883e-05
353.115014264	-3.33586405529e-05
353.429173529	-4.63440224372e-05
353.743332794	-5.75925613603e-05
354.05749206	-6.64056926004e-05
354.371651325	-7.70946923919e-05
354.68581059	-9.48160240073e-05
354.999969856	-0.000126031708616
355.314129121	-0.000174058906382
355.628288386	-0.000229089217317
355.942447652	-0.00026748368118
356.256606917	-0.000280259915543
356.570766182	-0.00029018280781
356.884925448	-0.000316485636858
357.199084713	-0.000358172151581
357.513243979	-0.000407821878492
357.827403244	-0.000466322318476
358.141562509	-0.00053646514232
358.455721775	-0.000614342086629
358.76988104	-0.000690794357615
359.084040305	-0.00074794134955
359.398199571	-0.000769775172627
359.712358836	-0.000752007505319
360.026518101	-0.00069781181299
360.340677367	-0.000612423873934
360.654836632	-0.000499932173079
360.968995897	-0.000370759508379
361.283155163	-0.000233969116563
361.597314428	-0.000105870337446
361.911473694	-3.22605928032e-06
362.225632959	6.41160261113e-05
362.539792224	9.61039484195e-05
362.85395149	0.000104048898228
363.168110755	9.63639725881e-05
363.48227002	7.68986388566e-05
363.796429286	4.96410545378e-05
364.110588551	1.90766456849e-05
364.424747816	-7.27444253907e-06
364.738907082	-2.00002043943e-05
365.053066347	-1.56737973202e-05
365.367225613	1.5851511353e-06
365.681384878	1.7839311106e-05
365.995544143	1.7977293611e-05
366.309703409	-1.36910325168e-06
366.623862674	-2.82957188236e-05
366.938021939	-5.674714131e-05
367.252181205	-9.11191012992e-05
367.56634047	-0.000137014061418
367.880499735	-0.000192740546086
368.194659001	-0.000247961148881
368.508818266	-0.000294627091361
368.822977531	-0.000335638408183
369.137136797	-0.00036978961652
369.451296062	-0.000393051591625
369.765455328	-0.000409000287082
370.079614593	-0.000428905275625
370.393773858	-0.000464249541363
370.707933124	-0.000522377654486
371.022092389	-0.000601235354932
371.336251654	-0.000679567195329
371.65041092	-0.00072672373114
371.964570185	-0.000734320359708
372.27872945	-0.000716508965422
372.592888716	-0.000707404448644
372.907047981	-0.00075103772289
373.221207246	-0.000848322454213
373.535366512	-0.000937142796319
373.849525777	-0.00098542451814
374.163685043	-0.00101963510712
374.477844308	-0.00106403107858
374.792003573	-0.00111800404161
375.106162839	-0.00117067321573
375.420322104	-0.00120547395167
375.734481369	-0.001208717974
376.048640635	-0.00117435062582
376.3627999	-0.00110292922422
376.676959165	-0.000999207526425
376.991118431	-0.00086637270192
377.305277696	-0.000712475495827
377.619436962	-0.000556205092133
377.933596227	-0.000421002386452
378.247755492	-0.000316983423895
378.561914758	-0.000244217188676
378.876074023	-0.000196155357036
379.190233288	-0.000162095805971
379.504392554	-0.000129859478361
379.818551819	-9.35614941447e-05
380.132711084	-5.19947283014e-05
380.44687035	-7.28761758234e-06
380.761029615	3.76052444025e-05
381.07518888	7.57178671912e-05
381.389348146	0.000101868311821
381.703507411	0.00010699003933
382.017666677	9.3206274195e-05
382.331825942	7.10210869068e-05
382.645985207	6.59051286852e-05
382.960144473	8.34233442193e-05
383.274303738	0.000104939526683
383.588463003	0.000108193024656
383.902622269	8.29803667526e-05
384.216781534	3.34902037059e-05
384.530940799	-2.32096086173e-05
384.845100065	-6.57663041544e-05
385.15925933	-9.04030201e-05
385.473418595	-0.000106766274199
385.787577861	-0.000119826523177
386.101737126	-0.000122156338102
386.415896392	-0.000108471612205
386.730055657	-8.16697536513e-05
387.044214922	-4.43451246553e-05
387.358374188	6.64131353113e-06
387.672533453	7.14133687999e-05
387.986692718	0.000142002870908
388.300851984	0.000206502978838
388.615011249	0.000255290084867
388.929170514	0.000279581021106
389.24332978	0.000283002088498
389.557489045	0.000281589661321
389.871648311	0.000282270700006
390.185807576	0.000279079820679
390.499966841	0.0002640798182
390.814126107	0.000235597852877
391.128285372	0.000197661542822
391.442444637	0.000156492344099
391.756603903	0.000117887818899
392.070763168	8.29114316963e-05
392.384922433	4.5110510097e-05
392.699081699	-8.52287856121e-06
393.013240964	-9.23416369485e-05
393.327400229	-0.000207480607133
393.641559495	-0.000339298733996
393.95571876	-0.000467698028571
394.269878026	-0.000582062916402
394.584037291	-0.00068122959325
394.898196556	-0.000763328004562
395.212355822	-0.000822940879174
395.526515087	-0.000862255317513
395.840674352	-0.000887531270168
396.154833618	-0.000904237126028
396.468992883	-0.000914141944567
396.783152148	-0.000919633347748
397.097311414	-0.000924589264745
397.411470679	-0.000929034210223
397.725629944	-0.000937836407273
398.03978921	-0.000953888637992
398.353948475	-0.000975242127961
398.668107741	-0.000988084431006
398.982267006	-0.000982367038061
399.296426271	-0.000974365179299
399.610585537	-0.000998781079254
399.924744802	-0.00107592831383
400.238904067	-0.00116299198169
400.553063333	-0.00120656279041
400.867222598	-0.00121211843949
401.181381863	-0.00121572727608
401.495541129	-0.00123166679685
401.809700394	-0.00125158194231
402.12385966	-0.00126106640006
402.438018925	-0.00125948880484
402.75217819	-0.00124651151806
403.066337456	-0.00121319303486
403.380496721	-0.00114907698336
403.694655986	-0.00104954596509
404.008815252	-0.000918006901316
404.322974517	-0.000762211958366
404.637133782	-0.000592858989336
404.951293048	-0.000420114087536
405.265452313	-0.000247387028298
405.579611578	-8.11649922849e-05
405.893770844	7.12745755529e-05
406.207930109	0.000205093808279
406.522089375	0.000320127637262
406.83624864	0.000417666585078
407.150407905	0.00049871951972
407.464567171	0.000563584850947
407.778726436	0.000609727293368
408.092885701	0.000635679414039
408.407044967	0.000644186187315
408.721204232	0.000642579822617
409.035363497	0.000634929701705
409.349522763	0.000615859632436
409.663682028	0.0005757133762
409.977841293	0.000521385280605
410.292000559	0.000470938308832
410.606159824	0.000417728865639
410.92031909	0.000345571381086
411.234478355	0.000254603332578
411.54863762	0.000149404859214
411.862796886	2.52009946371e-05
412.176956151	-0.000112738628691
412.491115416	-0.000242141359707
412.805274682	-0.000335285066601
413.119433947	-0.000373543798282
413.433593212	-0.000358054602298
413.747752478	-0.000304447185184
414.061911743	-0.000226812326604
414.376071009	-0.000134319323062
414.690230274	-3.77455563738e-05
415.004389539	4.84956927827e-05
415.318548805	0.000106760895114
415.63270807	0.000122984203694
415.946867335	9.96799183247e-05
416.261026601	4.6380741664e-05
416.575185866	-2.65311899821e-05
416.889345131	-0.000108503265527
417.203504397	-0.000189239936781
417.517663662	-0.000262298447514
417.831822927	-0.000322733085519
418.145982193	-0.000365731269771
418.460141458	-0.000393882479587
418.774300724	-0.000410326314996
419.088459989	-0.000425690443792
419.402619254	-0.00044860602887
419.71677852	-0.000483907000261
420.030937785	-0.000524105356195
420.34509705	-0.00055648107674
420.659256316	-0.000575093086824
420.973415581	-0.000583818010847
421.287574846	-0.000591219408769
421.601734112	-0.000599008878924
421.915893377	-0.000600418457615
422.230052642	-0.000591505559174
422.544211908	-0.000579258125679
422.858371173	-0.000571950953613
423.172530439	-0.000572194257719
423.486689704	-0.000574945652723
423.800848969	-0.000574752949614
424.115008235	-0.000570047950126
424.4291675	-0.000565128722611
424.743326765	-0.000567488510589
425.057486031	-0.000585407335906
425.371645296	-0.000615451967424
425.685804561	-0.000643738775156
425.999963827	-0.000650988753667
426.314123092	-0.000653122454625
426.628282358	-0.00068872948274
426.942441623	-0.000774876037632
427.256600888	-0.000861824906169
427.570760154	-0.000902362837035
427.884919419	-0.000902762636995
428.199078684	-0.000889040476708
428.51323795	-0.000869082716802
428.827397215	-0.000831456490083
429.14155648	-0.000763351620686
429.455715746	-0.000659159639115
429.769875011	-0.000519973229978
430.084034276	-0.000354172132455
430.398193542	-0.000176828104322
430.712352807	-6.31178717787e-06
431.026512073	0.000145681806508
431.340671338	0.00027450886392
431.654830603	0.00037433036826
431.968989869	0.000446226354376
432.283149134	0.000500498536187
432.597308399	0.000547119099108
432.911467665	0.00059171413998
433.22562693	0.000636257202861
433.539786195	0.000680131521508
433.853945461	0.000720397268185
434.168104726	0.000751295858577
434.482263991	0.000765254871189
434.796423257	0.000759986539824
435.110582522	0.000741784901597
435.424741788	0.000718330925353
435.738901053	0.000694132197522
436.053060318	0.000667269173402
436.367219584	0.000631726533215
436.681378849	0.000581725817398
436.995538114	0.000505809905867
437.30969738	0.000391283262818
437.623856645	0.000233854155175
437.93801591	4.72295104017e-05
438.252175176	-0.000124693011187
438.566334441	-0.000264384935171
438.880493707	-0.000390121539786
439.194652972	-0.00051592383612
439.508812237	-0.000637986993094
439.822971503	-0.00074288759263
440.137130768	-0.000814111174273
440.451290033	-0.000846179652505
440.765449299	-0.000840947344758
441.079608564	-0.000798213540274
441.393767829	-0.000722155233183
441.707927095	-0.00062533755336
442.02208636	-0.000526746475632
442.336245625	-0.000441769536215
442.650404891	-0.000379505577014
442.964564156	-0.000340012854697
443.278723422	-0.000324482764802
443.592882687	-0.000331713417669
443.907041952	-0.000353854981369
444.221201218	-0.000376836659043
444.535360483	-0.000389192290052
444.849519748	-0.000388679382844
445.163679014	-0.000378028606292
445.477838279	-0.000367754006146
445.791997544	-0.000367743223072
446.10615681	-0.000381808982685
446.420316075	-0.000404781582947
446.73447534	-0.000429115910012
447.048634606	-0.000451677429878
447.362793871	-0.000468809890071
447.676953137	-0.000472495103259
447.991112402	-0.00045756378517
448.305271667	-0.000424443582751
448.619430933	-0.000379912431749
448.933590198	-0.000330587438255
449.247749463	-0.000281966871786
449.561908729	-0.000245478343794
449.876067994	-0.000227540431753
450.190227259	-0.000218758088875
450.504386525	-0.000207236802301
450.81854579	-0.000189319798652
451.132705056	-0.000169194948921
451.446864321	-0.000154800062311
451.761023586	-0.000153364983564
452.075182852	-0.000165923031616
452.389342117	-0.000184320896591
452.703501382	-0.000194143814981
453.017660648	-0.000196949735384
453.331819913	-0.000217101438491
453.645979178	-0.000283799825993
453.960138444	-0.000380931163422
454.274297709	-0.000450970418874
454.588456974	-0.000474836562547
454.90261624	-0.000478154458627
455.216775505	-0.000478537036343
455.530934771	-0.00047237618865
455.845094036	-0.000450487442447
456.159253301	-0.000410858472273
456.473412567	-0.000353839333147
456.787571832	-0.000280856662224
457.101731097	-0.000196759335858
457.415890363	-0.000108006670389
457.730049628	-1.82178648815e-05
458.044208893	6.87029280258e-05
458.358368159	0.000139788785396
458.672527424	0.000179904231634
458.986686689	0.000187262272742
459.300845955	0.000170622709746
459.61500522	0.000141789152083
459.929164486	0.000111958156987
460.243323751	8.59007326684e-05
460.557483016	6.5925380348e-05
460.871642282	5.17514763524e-05
461.185801547	3.82041276452e-05
461.499960812	2.66741145925e-05
461.814120078	2.02305847203e-05
462.128279343	2.3103926854e-05
462.442438608	3.20964654583e-05
462.756597874	4.33970721587e-05
463.070757139	5.06631937846e-05
463.384916405	5.01660777207e-05
463.69907567	3.643225274e-05
464.013234935	2.79650473498e-06
464.327394201	-6.13394019589e-05
464.641553466	-0.000158447529721
464.955712731	-0.00026131064505
465.269871997	-0.0003350439942
465.584031262	-0.000383292121311
465.898190527	-0.000437273784085
466.212349793	-0.00051786180221
466.526509058	-0.000617804884195
466.840668323	-0.000711364668822
467.154827589	-0.00077225450389
467.468986854	-0.000785755250231
467.78314612	-0.000750264141044
468.097305385	-0.00066720344442
468.41146465	-0.000547993785674
468.725623916	-0.000414550633139
469.039783181	-0.000288160613644
469.353942446	-0.000181665747765
469.668101712	-9.68465266591e-05
469.982260977	-3.47952241585e-05
470.296420242	3.9745537439e-07
470.610579508	9.09114505798e-06
470.924738773	2.53179501546e-06
471.238898038	-1.80236004514e-06
471.553057304	5.25344899781e-06
471.867216569	2.27762924041e-05
472.181375835	4.44095260536e-05
472.4955351	6.40249186395e-05
472.809694365	7.93262877612e-05
473.123853631	9.25044362151e-05
473.438012896	0.000105269078447
473.752172161	0.000116187468449
474.066331427	0.000124370841052
474.380490692	0.000134625087408
474.694649957	0.000150488720279
475.008809223	0.000168699769582
475.322968488	0.000182945341827
475.637127754	0.000190230366292
475.951287019	0.000193744584993
476.265446284	0.000189579628501
476.57960555	0.000169113052662
476.893764815	0.000133060034023
477.20792408	9.24643135718e-05
477.522083346	5.90804018416e-05
477.836242611	3.43178797414e-05
478.150401876	1.62412776852e-05
478.464561142	-6.87038066108e-07
478.778720407	-2.14232151207e-05
479.092879672	-5.0128550028e-05
479.407038938	-8.6662219634e-05
479.721198203	-0.000126714042746
480.035357469	-0.000184397502713
480.349516734	-0.000292698534901
480.663675999	-0.00043593799905
480.977835265	-0.000559696467431
481.29199453	-0.000658555074282
481.606153795	-0.000759987585405
481.920313061	-0.000872002106532
482.234472326	-0.000980548408984
482.548631591	-0.00107046198998
482.862790857	-0.0011281679299
483.176950122	-0.00114582715449
483.491109388	-0.00112095130654
483.805268653	-0.00106065065499
484.119427918	-0.000976648448089
484.433587184	-0.000883713683891
484.747746449	-0.000784992030936
485.061905714	-0.000679712170874
485.37606498	-0.000574853315503
485.690224245	-0.000480152515093
486.00438351	-0.000396077462579
486.318542776	-0.000318140013953
486.632702041	-0.000243739251448
486.946861306	-0.000173360862364
487.261020572	-0.000110370141647
487.575179837	-5.85837031129e-05
487.889339103	-2.41506024259e-05
488.203498368	-9.24400078705e-06
488.517657633	-7.90113207343e-06
488.831816899	-1.23699850856e-05
489.145976164	-1.57415123314e-05
489.460135429	-1.73457476905e-05
489.774294695	-1.83862389732e-05
490.08845396	-1.79831985351e-05
490.402613225	-1.65286257461e-05
490.716772491	-1.60044141273e-05
491.030931756	-2.06826954481e-05
491.345091021	-4.03171763914e-05
491.659250287	-8.56309198232e-05
491.973409552	-0.000159282383413
492.287568818	-0.000246383601172
492.601728083	-0.000322851474637
492.915887348	-0.000378979526698
493.230046614	-0.00041944888871
493.544205879	-0.000451881280753
493.858365144	-0.00047011971288
494.17252441	-0.000461315820127
494.486683675	-0.000421807750228
494.80084294	-0.000354958399248
495.115002206	-0.000264770988812
495.429161471	-0.000160475384672
495.743320737	-5.56323495674e-05
496.057480002	3.89096491399e-05
496.371639267	0.00011825220941
496.685798533	0.000183090638892
496.999957798	0.000234927377463
497.314117063	0.000275055251732
497.628276329	0.000303508423919
497.942435594	0.00032138882591
498.256594859	0.000330705360327
498.570754125	0.000332995801821
498.88491339	0.000327949862774
499.199072655	0.000311769467833
499.513231921	0.000284925624075
499.827391186	0.000252628860236
500.141550452	0.000222617568938
500.455709717	0.000198460397562
500.769868982	0.000174537692084
501.084028248	0.000143028369217
501.398187513	9.63955349223e-05
501.712346778	3.76712599032e-05
502.026506044	-2.58544380197e-05
502.340665309	-8.79620819955e-05
502.654824574	-0.000146299814866
502.96898384	-0.000203563149792
503.283143105	-0.000266552082353
503.59730237	-0.00033873182952
503.911461636	-0.000412871982367
504.225620901	-0.000479804079671
504.539780167	-0.000535483040865
504.853939432	-0.000582782433893
505.168098697	-0.000629052164736
505.482257963	-0.000679288634596
505.796417228	-0.000735721393031
506.110576493	-0.000788234321922
506.424735759	-0.000824337102654
506.738895024	-0.000851831949558
507.053054289	-0.000899991220744
507.367213555	-0.000998460878054
507.68137282	-0.00114260916905
507.995532086	-0.00127620467211
508.309691351	-0.00134933256394
508.623850616	-0.0013712724305
508.938009882	-0.00137691950721
509.252169147	-0.00138167018718
509.566328412	-0.00138115502483
509.880487678	-0.00136595738118
510.194646943	-0.0013304591696
510.508806208	-0.0012754465295
510.822965474	-0.0012063687071
511.137124739	-0.00113410429638
511.451284004	-0.00106232733072
511.76544327	-0.000981985646139
512.079602535	-0.000886232276994
512.393761801	-0.000777906371527
512.707921066	-0.000661195702791
513.022080331	-0.000534823815916
513.336239597	-0.000397586452808
513.650398862	-0.000253144753951
513.964558127	-0.000110995454072
514.278717393	1.75673867681e-05
514.592876658	0.000123707791193
514.907035923	0.000203010270458
515.221195189	0.000261862262233
515.535354454	0.000311414154688
515.849513719	0.000358569151211
516.163672985	0.00040629418819
516.47783225	0.000455287049138
516.791991516	0.000504424903385
517.106150781	0.000548554956324
517.420310046	0.000577195085172
517.734469312	0.000576388641804
518.048628577	0.000540085564852
518.362787842	0.000493912643732
518.676947108	0.000473321082687
518.991106373	0.000463547832624
519.305265638	0.00042668125603
519.619424904	0.000341396460214
519.933584169	0.000219090694574
520.247743435	9.07345813069e-05
520.5619027	-9.78457676889e-06
520.876061965	-5.806828979e-05
521.190221231	-4.25668176668e-05
521.504380496	2.62440972776e-05
521.818539761	0.000133432314813
522.132699027	0.000258304438211
522.446858292	0.000379318266965
522.761017557	0.000477761283316
523.075176823	0.000546989517088
523.389336088	0.000583448126423
523.703495353	0.00058591862462
524.017654619	0.000556950116939
524.331813884	0.000501384320426
524.64597315	0.00042624021741
524.960132415	0.000339973476687
525.27429168	0.000252853318302
525.588450946	0.000168883439566
525.902610211	8.71218196669e-05
526.216769476	5.57030104021e-06
526.530928742	-7.53035630626e-05
526.845088007	-0.000149455708706
527.159247272	-0.000216514339684
527.473406538	-0.000277813500846
527.787565803	-0.000335607395834
528.101725068	-0.00038401735186
528.415884334	-0.000418459008652
528.730043599	-0.000438852070899
529.044202865	-0.000452939407658
529.35836213	-0.000466362843141
529.672521395	-0.000483215904259
529.986680661	-0.000503420131571
530.300839926	-0.000527891752784
530.614999191	-0.000554550350703
530.929158457	-0.000577182428573
531.243317722	-0.000591520743134
531.557476987	-0.000603488787393
531.871636253	-0.000618297050215
532.185795518	-0.000641476786658
532.499954784	-0.000676592750952
532.814114049	-0.000720571256468
533.128273314	-0.00076759945056
533.44243258	-0.000807188398894
533.756591845	-0.000832706107685
534.07075111	-0.000857278062069
534.384910376	-0.000900736067274
534.699069641	-0.000968904197061
535.013228906	-0.00103118980485
535.327388172	-0.00104592819644
535.641547437	-0.00101347218639
535.955706702	-0.000968983117757
536.269865968	-0.000936252118525
536.584025233	-0.000912813423679
536.898184499	-0.000887444381587
537.212343764	-0.000848805303599
537.526503029	-0.000790318558154
537.840662295	-0.000710856076471
538.15482156	-0.00061046095691
538.468980825	-0.000484878589174
538.783140091	-0.000333957025346
539.097299356	-0.000166718167418
539.411458621	-1.07036800566e-06
539.725617887	0.000150969184501
540.039777152	0.000285981126198
540.353936417	0.000404481222856
540.668095683	0.000510053365283
540.982254948	0.000601994473445
541.296414214	0.000680252526578
541.610573479	0.000741330051539
541.924732744	0.000786561123246
542.23889201	0.000821530414427
542.553051275	0.000847777575707
542.86721054	0.000864934101515
543.181369806	0.000868911320112
543.495529071	0.000859846418306
543.809688336	0.00083728708086
544.123847602	0.000803186373739
544.438006867	0.000756798262574
544.752166133	0.000693469253927
545.066325398	0.000609445607657
545.380484663	0.000504601939351
545.694643929	0.000400292415629
546.008803194	0.000313861530147
546.322962459	0.000236859708664
546.637121725	0.000143544602146
546.95128099	1.91495614311e-05
547.265440255	-0.00012821261715
547.579599521	-0.000274626225486
547.893758786	-0.000394458027321
548.207918051	-0.000473515183432
548.522077317	-0.000510350637558
548.836236582	-0.000507443636864
549.150395848	-0.000472489946833
549.464555113	-0.000414336565583
549.778714378	-0.000343850591981
550.092873644	-0.000269337740463
550.407032909	-0.000201197488037
550.721192174	-0.000149832326048
551.03535144	-0.000121231547425
551.349510705	-0.000119890685803
551.66366997	-0.000141387028837
551.977829236	-0.000179132007065
552.291988501	-0.00021999949993
552.606147766	-0.000253578702767
552.920307032	-0.000279454366536
553.234466297	-0.000299510475379
553.548625563	-0.000313052759336
553.862784828	-0.000316687951103
554.176944093	-0.00031085197688
554.491103359	-0.000299977912667
554.805262624	-0.000290558168494
555.119421889	-0.000289046999477
555.433581155	-0.000300308452086
555.74774042	-0.000324596132647
556.061899685	-0.000355603094968
556.376058951	-0.000382574337941
556.690218216	-0.000399076663802
557.004377482	-0.000407868152204
557.318536747	-0.000417608278086
557.632696012	-0.000430692750244
557.946855278	-0.000439624837614
558.261014543	-0.000438056113041
558.575173808	-0.000426132194447
558.889333074	-0.000405836916324
559.203492339	-0.000380658660203
559.517651604	-0.000354518598837
559.83181087	-0.0003304947931
560.145970135	-0.0003128122528
560.4601294	-0.000306715911081
560.774288666	-0.000320081278085
561.088447931	-0.000355870558704
561.402607197	-0.000404540101673
561.716766462	-0.000426700238565
562.030925727	-0.000405752900529
562.345084993	-0.000371132580911
562.659244258	-0.000346364719824
562.973403523	-0.000327928639973
563.287562789	-0.000298899940794
563.601722054	-0.000251109408452
563.915881319	-0.000184012654437
564.230040585	-0.000100433651072
564.54419985	-8.71149841604e-06
564.858359115	8.32678924359e-05
565.172518381	0.000171753923192
565.486677646	0.000256985294627
565.800836912	0.000335540198507
566.114996177	0.000403667607584
566.429155442	0.00045568276977
566.743314708	0.00049097512996
567.057473973	0.000512375895264
567.371633238	0.000521503287948
567.685792504	0.000516426625774
567.999951769	0.000496342248797
568.314111034	0.000459786915928
568.6282703	0.000407216081373
568.942429565	0.000344640248773
569.256588831	0.000281289573399
569.570748096	0.000227280077298
569.884907361	0.000185045849669
570.199066627	0.00015412422748
570.513225892	0.000130838398632
570.827385157	0.000112679729897
571.141544423	9.69611382564e-05
571.455703688	7.7941592761e-05
571.769862953	4.96856560189e-05
572.084022219	-2.9488981737e-07
572.398181484	-8.54431690674e-05
572.712340749	-0.000206615863093
573.026500015	-0.000340295223038
573.34065928	-0.000443315917278
573.654818546	-0.000507704048434
573.968977811	-0.000561045833954
574.283137076	-0.000626540077515
574.597296342	-0.000700121836511
574.911455607	-0.000762295148605
575.225614872	-0.000799496243712
575.539774138	-0.00080697858525
575.853933403	-0.000782441319147
576.168092668	-0.000728934935757
576.482251934	-0.00065245323788
576.796411199	-0.000558640615927
577.110570464	-0.000455044111205
577.42472973	-0.000349872470337
577.738888995	-0.000257930135415
578.053048261	-0.000197989254401
578.367207526	-0.000175398736515
578.681366791	-0.000176940198189
578.995526057	-0.000181392031228
579.309685322	-0.000174397781398
579.623844587	-0.000154383153369
579.938003853	-0.000129931975746
580.252163118	-0.000109520490028
580.566322383	-9.47815087785e-05
580.880481649	-8.02655932199e-05
581.194640914	-6.28455365821e-05
581.50880018	-4.64863021806e-05
581.822959445	-3.65339246469e-05
582.13711871	-3.2672157847e-05
582.451277976	-3.01925673968e-05
582.765437241	-2.02989200117e-05
583.079596506	-1.5142169559e-06
583.393755772	2.41816842653e-05
583.707915037	5.00708101985e-05
584.022074302	7.12599852763e-05
584.336233568	8.00501226826e-05
584.650392833	7.53727132873e-05
584.964552098	5.87617497552e-05
585.278711364	3.24689292297e-05
585.592870629	-3.22972317295e-06
585.907029895	-5.01412385215e-05
586.22118916	-0.000107460241294
586.535348425	-0.000172729114956
586.849507691	-0.000237325063515
587.163666956	-0.000286728801322
587.477826221	-0.000325909877829
587.791985487	-0.000389785269944
588.106144752	-0.000507002408393
588.420304017	-0.000644715720114
588.734463283	-0.000741350412872
589.048622548	-0.000786951581219
589.362781813	-0.000816789946335
589.676941079	-0.000854207607837
589.991100344	-0.000895230204546
590.30525961	-0.000926984717102
590.619418875	-0.000940719212009
590.93357814	-0.000933188358941
591.247737406	-0.000907234103184
591.561896671	-0.000870178458348
591.876055936	-0.000830250115872
592.190215202	-0.000786817595415
592.504374467	-0.000729046291269
592.818533732	-0.000652009488463
593.132692998	-0.000561539134689
593.446852263	-0.0004686235247
593.761011529	-0.000379894213543
594.075170794	-0.000296178899317
594.389330059	-0.00021976316817
594.703489325	-0.000153921789013
595.01764859	-0.000102969039388
595.331807855	-7.34981229606e-05
595.645967121	-6.78625432312e-05
595.960126386	-7.90128811444e-05
596.274285651	-9.37795784306e-05
596.588444917	-0.000103037703057
596.902604182	-0.000104702530022
597.216763447	-9.94793169859e-05
597.530922713	-8.71744053885e-05
597.845081978	-6.71088495291e-05
598.159241244	-4.20902885741e-05
598.473400509	-1.80069249648e-05
598.787559774	-3.61018231241e-06
599.10171904	-1.22669735834e-05
599.415878305	-5.95735095502e-05
599.73003757	-0.000147117764754
600.044196836	-0.000239494255141
600.358356101	-0.000290272347952
600.672515366	-0.000298353320306
600.986674632	-0.000296638559177
601.300833897	-0.00030524816523
601.614993162	-0.000313089511222
601.929152428	-0.0003064822163
602.243311693	-0.000290476358629
602.557470959	-0.00026628764441
602.871630224	-0.000223719521575
603.185789489	-0.000159601122513
603.499948755	-7.82174519708e-05
603.81410802	1.49043761274e-05
604.128267285	0.000110082393961
604.442426551	0.000194333224744
604.756585816	0.000256085592216
605.070745081	0.000295463519824
605.384904347	0.00031554762754
605.699063612	0.000324577433389
606.013222878	0.000329395810331
606.327382143	0.000338181143361
606.641541408	0.000351848733574
606.955700674	0.000368946014369
607.269859939	0.000384641481247
607.584019204	0.00039899421908
607.89817847	0.000408281520257
608.212337735	0.000406450805937
608.526497	0.000388044952376
608.840656266	0.000355252689774
609.154815531	0.000318032961809
609.468974796	0.00028445774561
609.783134062	0.000257243999815
610.097293327	0.000232223765929
610.411452593	0.000202633258203
610.725611858	0.000164460630271
611.039771123	0.000113315153558
611.353930389	4.7660298837e-05
611.668089654	-2.35361653539e-05
611.982248919	-9.38579954803e-05
612.296408185	-0.000161869732533
612.61056745	-0.000232136202954
612.924726715	-0.000310407018616
613.238885981	-0.000402031663884
613.553045246	-0.000508732800343
613.867204511	-0.000626099708072
614.181363777	-0.000739826906427
614.495523042	-0.000835212665818
614.809682308	-0.000918029753639
615.123841573	-0.00101116739763
615.438000838	-0.00112766072143
615.752160104	-0.00124655933786
616.066319369	-0.00132137753098
616.380478634	-0.00133827098869
616.6946379	-0.00132700778322
617.008797165	-0.00131626447327
617.32295643	-0.00131463913831
617.637115696	-0.00131572190339
617.951274961	-0.00130883164667
618.265434227	-0.00128849552656
618.579593492	-0.00125577367608
618.893752757	-0.00121170992353
619.207912023	-0.00115498582784
619.522071288	-0.00107781682735
619.836230553	-0.000973592687603
620.150389819	-0.000846917375472
620.464549084	-0.000708304251983
620.778708349	-0.000563504758206
621.092867615	-0.000414685799041
621.40702688	-0.00026766091661
621.721186145	-0.000133574263847
622.035345411	-2.73362160821e-05
622.349504676	3.94804201183e-05
622.663663942	7.0570172727e-05
622.977823207	8.9267541798e-05
623.291982472	0.000119135526502
623.606141738	0.000167728128062
623.920301003	0.000230316889408
624.234460268	0.000298453045221
624.548619534	0.000364694406499
624.862778799	0.000423526764341
625.176938064	0.000473518985186
625.49109733	0.00050932925853
625.805256595	0.000523509485708
626.11941586	0.000507611329868
626.433575126	0.000455700935721
626.747734391	0.000393336488891
627.061893657	0.000360949774176
627.376052922	0.000358447399977
627.690212187	0.000356665272891
628.004371453	0.00032728285694
628.318530718	0.000268293566893
628.632689983	0.00020090633102
628.946849249	0.000147025749331
629.261008514	0.000117181801836
629.575167779	0.000113198396701
629.889327045	0.000132029653007
630.20348631	0.000166309453756
630.517645576	0.000210301227281
630.831804841	0.000258374139415
631.145964106	0.000304800194829
631.460123372	0.000339327175576
631.774282637	0.000355614114421
632.088441902	0.000350747479409
632.402601168	0.000326105125781
632.716760433	0.000288608016553
633.030919698	0.000245124898892
633.345078964	0.000203751611653
633.659238229	0.000164407001254
633.973397494	0.000125404030339
634.28755676	8.19473614042e-05
634.601716025	3.50859719056e-05
634.915875291	-1.1891284142e-05
635.230034556	-6.1188107093e-05
635.544193821	-0.000114775630703
635.858353087	-0.000173450381004
636.172512352	-0.00023457498602
636.486671617	-0.000289928269818
636.800830883	-0.000334655043085
637.114990148	-0.000369505197914
637.429149413	-0.00040061276255
637.743308679	-0.00043447547217
638.057467944	-0.000474458047891
638.371627209	-0.000520778578599
638.685786475	-0.000565789445095
638.99994574	-0.000601461793044
639.314105006	-0.000626665589091
639.628264271	-0.000644211970808
639.942423536	-0.00065615447325
640.256582802	-0.000663613153366
640.570742067	-0.000667582454427
640.884901332	-0.000669077803344
641.199060598	-0.000665798901967
641.513219863	-0.000653475934249
641.827379128	-0.000635906857381
642.141538394	-0.000633714497413
642.455697659	-0.000651267353581
642.769856925	-0.000649627117468
643.08401619	-0.000615185932576
643.398175455	-0.00058063707444
643.712334721	-0.000578230435651
644.026493986	-0.000608794151105
644.340653251	-0.000656534044599
644.654812517	-0.000703656986508
644.968971782	-0.00073264878297
645.283131047	-0.000730621815355
645.597290313	-0.000696538316594
645.911449578	-0.000637333241974
646.225608843	-0.000554277796569
646.539768109	-0.000447902069374
646.853927374	-0.000321845381892
647.16808664	-0.000187838316275
647.482245905	-5.92300347759e-05
647.79640517	5.77916121882e-05
648.110564436	0.000166251905741
648.424723701	0.000268072998638
648.738882966	0.000362624488415
649.053042232	0.00044702240671
649.367201497	0.00051922469921
649.681360762	0.000577750192865
649.995520028	0.000624669053926
650.309679293	0.00066626873872
650.623838558	0.000700569945866
650.937997824	0.000725150497381
651.252157089	0.000733659683569
651.566316355	0.000721649103794
651.88047562	0.000689542101692
652.194634885	0.000654750162934
652.508794151	0.000632578854144
652.822953416	0.000608944373839
653.137112681	0.000556433749314
653.451271947	0.000471762360865
653.765431212	0.000372855906136
654.079590477	0.000269377088378
654.393749743	0.000160175326862
654.707909008	4.5737914033e-05
655.022068274	-6.89460879149e-05
655.336227539	-0.000172047743584
655.650386804	-0.000247779376057
655.96454607	-0.000290323609174
656.278705335	-0.000301269879108
656.5928646	-0.000287826947218
656.907023866	-0.000259397122568
657.221183131	-0.000226962685257
657.535342396	-0.000199247595087
657.849501662	-0.000181233444916
658.163660927	-0.000175543476201
658.477820192	-0.00018576987384
658.791979458	-0.000216161647151
659.106138723	-0.000265481661782
659.420297989	-0.000325818499065
659.734457254	-0.000386351479347
660.048616519	-0.000438505679442
660.362775785	-0.000478795945372
660.67693505	-0.000509565991555
660.991094315	-0.000534931080979
661.305253581	-0.000555847558752
661.619412846	-0.000568028618389
661.933572111	-0.00056775648047
662.247731377	-0.000557499015499
662.561890642	-0.000543435699934
662.876049907	-0.00053235943597
663.190209173	-0.00053033559808
663.504368438	-0.000540072847603
663.818527704	-0.000559841748664
664.132686969	-0.000581288016096
664.446846234	-0.000592157937187
664.7610055	-0.000589744181505
665.075164765	-0.000577366685873
665.38932403	-0.000556876111285
665.703483296	-0.00052612037768
666.017642561	-0.000484776840866
666.331801826	-0.000437008018771
666.645961092	-0.000382818711969
666.960120357	-0.000322747814864
667.274279623	-0.000262372210268
667.588438888	-0.000200402414256
667.902598153	-0.000131912406592
668.216757419	-4.32903260861e-05
668.530916684	5.97099302823e-05
668.845075949	0.000155026803323
669.159235215	0.000212843812164
669.47339448	0.000214038452203
669.787553745	0.000170996031015
670.101713011	0.000122836993305
670.415872276	9.00868264486e-05
670.730031541	6.6783951794e-05
671.044190807	4.68220572652e-05
671.358350072	3.15025663689e-05
671.672509338	2.5703916214e-05
671.986668603	3.29610704249e-05
672.300827868	4.98902719008e-05
672.614987134	7.24211929413e-05
672.929146399	0.000100499988837
673.243305664	0.000140086369055
673.55746493	0.000196909365414
673.871624195	0.000264267115195
674.18578346	0.000328551806201
674.499942726	0.000380401957936
674.814101991	0.000419323576438
675.128261256	0.000444699715742
675.442420522	0.000456231435822
675.756579787	0.000454722029637
676.070739053	0.000437116259032
676.384898318	0.000400907845028
676.699057583	0.000345992398129
677.013216849	0.000282321391309
677.327376114	0.000215942454726
677.641535379	0.000147755812745
677.955694645	7.69205509257e-05
678.26985391	1.9991610064e-06
678.584013175	-7.37560941917e-05
678.898172441	-0.000142303716445
679.212331706	-0.000194034965051
679.526490972	-0.000230722044234
679.840650237	-0.00027248191329
680.154809502	-0.000337488251855
680.468968768	-0.000421036209383
680.783128033	-0.000504829487928
681.097287298	-0.000580720088575
681.411446564	-0.000649098835535
681.725605829	-0.0007103661057
682.039765094	-0.000757751430089
682.35392436	-0.000778520704617
682.668083625	-0.000760323668995
682.98224289	-0.000702875612398
683.296402156	-0.000619186087699
683.610561421	-0.000523743922577
683.924720687	-0.000430151634452
684.238879952	-0.000349709316521
684.553039217	-0.000285254390536
684.867198483	-0.000232660248867
685.181357748	-0.000189026272351
685.495517013	-0.000154547482147
685.809676279	-0.000128033461782
686.123835544	-0.000105674313232
686.437994809	-8.33622997675e-05
686.752154075	-5.92912524413e-05
687.06631334	-3.33570729332e-05
687.380472605	-6.03776672717e-06
687.694631871	1.48662343649e-05
688.008791136	1.73944148859e-05
688.322950402	-1.65282903111e-07
688.637109667	-3.25416136103e-05
688.951268932	-7.2999206493e-05
689.265428198	-0.000116576058869
689.579587463	-0.000154535975944
689.893746728	-0.000174918759241
690.207905994	-0.000173410443424
690.522065259	-0.000155305876612
690.836224524	-0.000126045757838
691.15038379	-9.12898427907e-05
691.464543055	-5.60550409721e-05
691.778702321	-2.41583468894e-05
692.092861586	1.24696371418e-06
692.407020851	2.40663287326e-05
692.721180117	5.30664934982e-05
693.035339382	8.97479355358e-05
693.349498647	0.000128950046664
693.663657913	0.00016461309614
693.977817178	0.000196526209504
694.291976443	0.00024325773501
694.606135709	0.000318339178744
694.920294974	0.000404388371666
695.234454239	0.000472322955505
695.548613505	0.000499447156295
695.86277277	0.00048290649754
696.176932036	0.000439825183907
696.491091301	0.000390595751207
696.805250566	0.000348203594237
697.119409832	0.000317696543301
697.433569097	0.000302304882558
697.747728362	0.00030247901039
698.061887628	0.00031335524992
698.376046893	0.000327893406976
698.690206158	0.000337646199291
699.004365424	0.000332326760028
699.318524689	0.000301923876188
699.632683954	0.000245819021246
699.94684322	0.000176924932347
700.261002485	0.000114037316179
700.575161751	6.91313652314e-05
700.889321016	4.17517918353e-05
701.203480281	2.46415704782e-05
701.517639547	1.43801319388e-05
701.831798812	1.09727133327e-05
702.145958077	1.35247923907e-05
702.460117343	1.76960387777e-05
702.774276608	1.52970223614e-05
703.088435873	-1.54754001337e-06
703.402595139	-3.48169092779e-05
703.716754404	-7.77756262781e-05
704.03091367	-0.000124083223485
704.345072935	-0.000171739030226
704.6592322	-0.00021443805174
704.973391466	-0.000242933218351
705.287550731	-0.000255244910194
705.601709996	-0.000254811487043
705.915869262	-0.000247465785784
706.230028527	-0.000241392393226
706.544187792	-0.000245762122207
706.858347058	-0.000267792705872
707.172506323	-0.000308003479531
707.486665588	-0.000351951442048
707.800824854	-0.000377311921767
708.114984119	-0.000377291854914
708.429143385	-0.000357627558341
708.74330265	-0.00032481159138
709.057461915	-0.000281610184476
709.371621181	-0.000229290884776
709.685780446	-0.000169981788502
709.999939711	-0.000103307755327
710.314098977	-3.30808639694e-05
710.628258242	3.79014168365e-05
710.942417507	0.00010553714227
711.256576773	0.000170220609833
711.570736038	0.000233492251465
711.884895303	0.00029571719074
712.199054569	0.000349713596897
712.513213834	0.000388867441812
712.8273731	0.000409486514544
713.141532365	0.000409865085962
713.45569163	0.000394314562634
713.769850896	0.000372441585519
714.084010161	0.000351417878075
714.398169426	0.000329858106017
714.712328692	0.000302788589265
715.026487957	0.000272703549562
715.340647222	0.000243236078726
715.654806488	0.000214591333928
715.968965753	0.000180475705492
716.283125019	0.000140615329091
716.597284284	0.000102440538516
716.911443549	7.35753436498e-05
717.225602815	5.14099939165e-05
717.53976208	2.85817765157e-05
717.853921345	-2.15638081936e-07
718.168080611	-3.75352523973e-05
718.482239876	-7.75644091932e-05
718.796399141	-0.000115487647046
719.110558407	-0.000147734970099
719.424717672	-0.000172548208466
719.738876937	-0.000188720136907
720.053036203	-0.000202685357756
720.367195468	-0.00021950472914
720.681354734	-0.000238578530564
720.995513999	-0.000249955605348
721.309673264	-0.000244059501055
721.62383253	-0.00023196021574
721.937991795	-0.000231212942528
722.25215106	-0.00025346348474
722.566310326	-0.000301269921074
722.880469591	-0.000365466128549
723.194628856	-0.000430985108751
723.508788122	-0.000485352503054
723.822947387	-0.000521785516269
724.137106652	-0.000538741900041
724.451265918	-0.000538598966308
724.765425183	-0.000525986214648
725.079584449	-0.000507117516733
725.393743714	-0.000487186929232
725.707902979	-0.000468489639559
726.022062245	-0.000452947610602
726.33622151	-0.000440279641489
726.650380775	-0.000422958002721
726.964540041	-0.00038972215093
727.278699306	-0.000332838896656
727.592858571	-0.000251206705074
727.907017837	-0.000154381876305
728.221177102	-5.7945018763e-05
728.535336368	2.95512461231e-05
728.849495633	0.00010438259872
729.163654898	0.000165018730794
729.477814164	0.000214796025537
729.791973429	0.000252676651707
730.106132694	0.00027015317791
730.42029196	0.000259184864186
730.734451225	0.00022865856773
731.04861049	0.000192959273096
731.362769756	0.000164456355584
731.676929021	0.000148306549636
731.991088286	0.00014690277899
732.305247552	0.000160669844305
732.619406817	0.000188720388637
732.933566083	0.000226890728197
733.247725348	0.000266847721224
733.561884613	0.000299040419969
733.876043879	0.000319135883246
734.190203144	0.000332468743448
734.504362409	0.000351986798138
734.818521675	0.000379257642049
735.13268094	0.000402305351656
735.446840205	0.000411706043099
735.760999471	0.000408463781789
736.075158736	0.000402051659901
736.389318001	0.000405315283594
736.703477267	0.000426491730089
737.017636532	0.000461603370077
737.331795798	0.000500757922375
737.645955063	0.000538417242787
737.960114328	0.00057122913909
738.274273594	0.00060019988363
738.588432859	0.000622137565241
738.902592124	0.000631826467984
739.21675139	0.000623117526862
739.530910655	0.000594816546194
739.84506992	0.000548498600585
740.159229186	0.000485969737402
740.473388451	0.000409744349034
740.787547717	0.000322315304166
741.101706982	0.000230126742731
741.415866247	0.000136632149295
741.730025513	4.39737322826e-05
742.044184778	-4.31407365485e-05
742.358344043	-0.000120777011044
742.672503309	-0.000188950183415
742.986662574	-0.000252511736222
743.300821839	-0.000317461548966
743.614981105	-0.000387011685634
743.92914037	-0.000458051683829
744.243299635	-0.000520510870726
744.557458901	-0.000568563593824
744.871618166	-0.00060711303143
745.185777432	-0.000643430691712
745.499936697	-0.000677292200938
745.814095962	-0.000704476588078
746.128255228	-0.000724808585394
746.442414493	-0.000738041915584
746.756573758	-0.000741759090881
747.070733024	-0.000733978985653
747.384892289	-0.000709046287313
747.699051554	-0.000663294311597
748.01321082	-0.000602985129994
748.327370085	-0.000537111754241
748.641529351	-0.000474664363571
748.955688616	-0.000425652828866
749.269847881	-0.000398362988267
749.584007147	-0.000390944771046
749.898166412	-0.000392665966131
750.212325677	-0.000389727526657
750.526484943	-0.000372385641753
750.840644208	-0.000334084841911
751.154803473	-0.000272858630032
751.468962739	-0.000195818884514
751.783122004	-0.000113203079254
752.097281269	-3.31595656563e-05
752.411440535	4.00007407609e-05
752.7255998	0.000105996430084
753.039759066	0.00016308935673
753.353918331	0.000211467204947
753.668077596	0.00025227006411
753.982236862	0.000287322856109
754.296396127	0.000317959616115
754.610555392	0.000347393502334
754.924714658	0.000383717277001
755.238873923	0.000428479451731
755.553033188	0.000474391047577
755.867192454	0.000515524280444
756.181351719	0.000546325125932
756.495510984	0.000563073271648
756.80967025	0.000566747349509
757.123829515	0.000561239220608
757.437988781	0.00055146348457
757.752148046	0.000541736842545
758.066307311	0.000528475472268
758.380466577	0.000512636595251
758.694625842	0.000497479148176
759.008785107	0.00049024423249
759.322944373	0.000491074716444
759.637103638	0.000495082831651
759.951262903	0.000492150225769
760.265422169	0.000475297615424
760.579581434	0.000438336605448
760.8937407	0.000383454175177
761.207899965	0.000318634847962
761.52205923	0.000250769920293
761.836218496	0.000181725421387
762.150377761	0.000115004411264
762.464537026	5.89906588551e-05
762.778696292	1.71768208862e-05
763.092855557	-1.22581235769e-05
763.407014822	-3.3005307657e-05
763.721174088	-5.24737201093e-05
764.035333353	-8.16823489732e-05
764.349492618	-0.000126530289033
764.663651884	-0.000182363955357
764.977811149	-0.000236930772085
765.291970415	-0.000280816460732
765.60612968	-0.000312160377781
765.920288945	-0.000334313052714
766.234448211	-0.00035127954119
766.548607476	-0.000365630890958
766.862766741	-0.000379513777603
767.176926007	-0.000395268612817
767.491085272	-0.00041347313535
767.805244537	-0.000433519347224
768.119403803	-0.000455659276873
768.433563068	-0.00048056862895
768.747722333	-0.000506441391398
769.061881599	-0.000530342503109
769.376040864	-0.000551381165123
769.69020013	-0.000571133330239
770.004359395	-0.000592075559793
770.31851866	-0.000613867620522
770.632677926	-0.000630393747596
770.946837191	-0.00063421339094
771.260996456	-0.000621843343186
771.575155722	-0.000598580374503
771.889314987	-0.000569561325884
772.203474252	-0.000536087504088
772.517633518	-0.000490536789656
772.831792783	-0.000431846476407
773.145952049	-0.000370835720521
773.460111314	-0.000318495298932
773.774270579	-0.000277430575025
774.088429845	-0.00024875194783
774.40258911	-0.000228863513918
774.716748375	-0.000207876435197
775.030907641	-0.00016525642444
775.345066906	-0.000100747166516
775.659226171	-3.00351603923e-05
775.973385437	3.16518524429e-05
776.287544702	8.01391047237e-05
776.601703967	0.000120812232023
776.915863233	0.000160941630149
777.230022498	0.00020377669996
777.544181764	0.000251937850081
777.858341029	0.000308251831224
778.172500294	0.000373389190686
778.48665956	0.000446647973922
778.800818825	0.00052259574621
779.11497809	0.000594718627403
779.429137356	0.000655565964718
779.743296621	0.00069660417235
780.057455886	0.000711123893584
780.371615152	0.000703259436039
780.685774417	0.00068210323465
780.999933682	0.00065863763466
781.314092948	0.000640684704567
781.628252213	0.000628819363037
781.942411479	0.000613533063878
782.256570744	0.000590085161459
782.570730009	0.0005612221408
782.884889275	0.000534734076788
783.19904854	0.000511693739427
783.513207805	0.00048301289069
783.827367071	0.000436764381226
784.141526336	0.000368408256998
784.455685601	0.000282367651856
784.769844867	0.000186284815829
785.084004132	8.63835017114e-05
785.398163398	-1.27190976767e-05
785.712322663	-0.000104816424872
786.026481928	-0.000179579479821
786.340641194	-0.000230388010817
786.654800459	-0.000261291160419
786.968959724	-0.000284684892215
787.28311899	-0.000314460699661
787.597278255	-0.000357504477274
787.91143752	-0.000411209860186
788.225596786	-0.000469114652627
788.539756051	-0.000526887000818
788.853915316	-0.000581242887798
789.168074582	-0.000625131633432
789.482233847	-0.000649151907716
789.796393113	-0.000648025267227
790.110552378	-0.000622932515161
790.424711643	-0.000577676798305
790.738870909	-0.000520896797853
791.053030174	-0.000466950375078
791.367189439	-0.000424582706045
791.681348705	-0.000390230099047
791.99550797	-0.000357568599426
792.309667235	-0.000323138850563
792.623826501	-0.000289509042143
792.937985766	-0.000260239919115
793.252145031	-0.000237760471253
793.566304297	-0.00022174964597
793.880463562	-0.000208118199503
794.194622828	-0.000195337577728
794.508782093	-0.000188585528337
794.822941358	-0.000191698973638
795.137100624	-0.000204318793425
795.451259889	-0.000223393346331
795.765419154	-0.000245165130102
796.07957842	-0.000265771992782
796.393737685	-0.000282206972627
796.70789695	-0.000289757655298
797.022056216	-0.000285485452875
797.336215481	-0.000265865922822
797.650374747	-0.000231405999035
797.964534012	-0.000187670003817
798.278693277	-0.000144794660414
798.592852543	-0.000111162624982
798.907011808	-8.75894232333e-05
799.221171073	-6.69542187831e-05
799.535330339	-3.86893317482e-05
799.849489604	-8.11245685955e-07
800.163648869	3.97546470686e-05
800.477808135	7.95215438745e-05
800.7919674	0.000123631512342
801.106126665	0.000177825663539
801.420285931	0.000239740811121
801.734445196	0.00029592947413
802.048604462	0.000330547235617
802.362763727	0.000330997669835
802.676922992	0.000293031484728
802.991082258	0.000223887358686
803.305241523	0.000139707747356
803.619400788	5.92705974195e-05
803.933560054	-4.92179258915e-06
804.247719319	-4.70311790679e-05
804.561878584	-6.5692346754e-05
804.87603785	-6.27312790989e-05
805.190197115	-4.36972242022e-05
805.50435638	-1.52421133641e-05
805.818515646	1.58742131263e-05
806.132674911	4.19395803002e-05
806.446834177	5.42098252353e-05
806.760993442	4.56508049888e-05
807.075152707	1.5468137927e-05
807.389311973	-3.1424467285e-05
807.703471238	-9.00993122328e-05
808.017630503	-0.000157033005007
808.331789769	-0.000227888032412
808.645949034	-0.000295709502584
808.960108299	-0.000346055070767
809.274267565	-0.000371068555297
809.58842683	-0.000376537063112
809.902586096	-0.00037532736918
810.216745361	-0.000379812953162
810.530904626	-0.000396893466634
810.845063892	-0.000425705079816
811.159223157	-0.000459005566501
811.473382422	-0.000489719194355
811.787541688	-0.000510897495477
812.101700953	-0.000515604461052
812.415860218	-0.000501673278317
812.730019484	-0.000472309463237
813.044178749	-0.000433777494816
813.358338014	-0.000393061409859
813.67249728	-0.000357020093686
813.986656545	-0.000333871433537
814.300815811	-0.000330416917015
814.614975076	-0.000344974134868
814.929134341	-0.000367655719618
815.243293607	-0.000377942787906
815.557452872	-0.000363667829649
815.871612137	-0.000325902957191
816.185771403	-0.00027538506274
816.499930668	-0.000222639819271
816.814089933	-0.000173096308568
817.128249199	-0.000125518509354
817.442408464	-7.31090101234e-05
817.756567729	-1.67172652668e-05
818.070726995	3.64944155784e-05
818.38488626	8.57055550018e-05
818.699045526	0.000133616315876
819.013204791	0.000184899964629
819.327364056	0.000240524513442
819.641523322	0.000294971030969
819.955682587	0.000342399141033
820.269841852	0.000375548496328
820.584001118	0.000392025304905
820.898160383	0.00039237302961
821.212319648	0.000381321400892
821.526478914	0.000370661171229
821.840638179	0.000365505436808
822.154797445	0.000362025427627
822.46895671	0.000352752354894
822.783115975	0.000334005667466
823.097275241	0.000299675579282
823.411434506	0.000247056992519
823.725593771	0.000181120417623
824.039753037	0.000117484695101
824.353912302	6.74263079463e-05
824.668071567	3.20411226014e-05
824.982230833	4.86751058481e-06
825.296390098	-1.85058471813e-05
825.610549363	-3.91427398121e-05
825.924708629	-5.46646777766e-05
826.238867894	-5.76140649765e-05
826.55302716	-4.53847673728e-05
826.867186425	-2.70758185578e-05
827.18134569	-1.47749113296e-05
827.495504956	-1.54659450583e-05
827.809664221	-3.22572347697e-05
828.123823486	-6.43038756016e-05
828.437982752	-0.000102008884189
828.752142017	-0.000141241851069
829.066301282	-0.000188686478881
829.380460548	-0.00025074451865
829.694619813	-0.000331213591939
830.008779078	-0.000426877123471
830.322938344	-0.000523756680384
830.637097609	-0.0006053291722
830.951256875	-0.000659959138726
831.26541614	-0.000682164492246
831.579575405	-0.000671356030734
831.893734671	-0.000630979976371
832.207893936	-0.000569160579448
832.522053201	-0.000497192977862
832.836212467	-0.000425240380177
833.150371732	-0.000363533474275
833.464530997	-0.00032234289137
833.778690263	-0.000305103480672
834.092849528	-0.000308765689148
834.407008794	-0.000326818370594
834.721168059	-0.000345983510367
835.035327324	-0.000344878779325
835.34948659	-0.000315583872533
835.663645855	-0.000268372108157
835.97780512	-0.000221387715038
836.291964386	-0.000182408512081
836.606123651	-0.000150076319857
836.920282916	-0.00012079430428
837.234442182	-9.36685640037e-05
837.548601447	-7.51515993587e-05
837.862760712	-6.52280271663e-05
838.176919978	-5.91388699612e-05
838.491079243	-4.81568948992e-05
838.805238509	-2.57459331677e-05
839.119397774	1.08263439675e-05
839.433557039	5.79816560774e-05
839.747716305	0.00010674547197
840.06187557	0.000150693794168
840.376034835	0.000185806612447
840.690194101	0.000211513638838
841.004353366	0.000227131254204
841.318512631	0.000234401892711
841.632671897	0.000237594436661
841.946831162	0.000240886422381
842.260990427	0.000248272284601
842.575149693	0.000261616871368
842.889308958	0.000286805945565
843.203468224	0.000323388365561
843.517627489	0.000363022754878
843.831786754	0.000393035791185
844.14594602	0.000407059253413
844.460105285	0.000402810875326
844.77426455	0.000379006210546
845.088423816	0.000335940487119
845.402583081	0.000282068727625
845.716742346	0.000229172914027
846.030901612	0.000184348141802
846.345060877	0.00014684188481
846.659220143	0.000113360341612
846.973379408	7.87933825151e-05
847.287538673	3.96032384463e-05
847.601697939	-3.24846577876e-06
847.915857204	-4.38304899141e-05
848.230016469	-8.07854581926e-05
848.544175735	-0.000121287873914
848.858335	-0.000175579796157
849.172494265	-0.000248693662618
849.486653531	-0.000337342168624
849.800812796	-0.000435478952785
850.114972061	-0.000539486978933
850.429131327	-0.000645441975601
850.743290592	-0.000742145942791
851.057449858	-0.000811979815526
851.371609123	-0.000845818902303
851.685768388	-0.00084805375008
851.999927654	-0.000828515042676
852.314086919	-0.000795676201728
852.628246184	-0.000754334680015
852.94240545	-0.000705490855915
853.256564715	-0.00064655872083
853.57072398	-0.000577092293784
853.884883246	-0.00050728690635
854.199042511	-0.000450466439513
854.513201776	-0.000407870247248
854.827361042	-0.00037084344878
855.141520307	-0.000334799956526
855.455679573	-0.000302912722212
855.769838838	-0.000284144063971
856.083998103	-0.000283993504484
856.398157369	-0.00030206711017
856.712316634	-0.000331466505165
857.026475899	-0.000359173837815
857.340635165	-0.000368979872221
857.65479443	-0.000349903168195
857.968953695	-0.000297845803368
858.283112961	-0.0002178251943
858.597272226	-0.000119204770313
858.911431492	-1.44066730138e-05
859.225590757	8.4818748704e-05
859.539750022	0.000171826216728
859.853909288	0.000242662401949
860.168068553	0.000292415884304
860.482227818	0.000313751762576
860.796387084	0.000306170249565
861.110546349	0.000279939294371
861.424705614	0.000257704425921
861.73886488	0.000259092081375
862.053024145	0.000280808604492
862.36718341	0.00031256817674
862.681342676	0.000343623105244
862.995501941	0.000369397644303
863.309661207	0.000393726154224
863.623820472	0.000423060226061
863.937979737	0.000458933875853
864.252139003	0.00049677574867
864.566298268	0.000530827195317
864.880457533	0.000560582892599
865.194616799	0.000587510987709
865.508776064	0.00060889666403
865.822935329	0.000621042845438
866.137094595	0.00061659675779
866.45125386	0.000592843286992
866.765413125	0.000553034031503
867.079572391	0.000504082159705
867.393731656	0.000453843434238
867.707890922	0.000404426531767
868.022050187	0.000354663923612
868.336209452	0.000302623337813
868.650368718	0.000247432101848
868.964527983	0.000190478271796
869.278687248	0.000132356204307
869.592846514	7.09558905089e-05
869.907005779	3.94948502298e-06
870.221165044	-6.87276290696e-05
870.53532431	-0.000142691251578
870.849483575	-0.000209033376898
871.163642841	-0.000261159463403
871.477802106	-0.000301522390836
871.791961371	-0.000340722522449
872.106120637	-0.000388046612782
872.420279902	-0.000443070679975
872.734439167	-0.000498241290074
873.048598433	-0.000545695694985
873.362757698	-0.000582373789115
873.676916963	-0.000609081132713
873.991076229	-0.000627200095304
874.305235494	-0.000638401911882
874.619394759	-0.000644369288154
874.933554025	-0.000646128001129
875.24771329	-0.000644424491247
875.561872556	-0.000642179749952
875.876031821	-0.000642228312331
876.190191086	-0.000644872123431
876.504350352	-0.000648806145092
876.818509617	-0.000652272043192
877.132668882	-0.000652532992824
877.446828148	-0.000644215576978
877.760987413	-0.000613752432473
878.075146678	-0.000557079348251
878.389305944	-0.000483247990653
878.703465209	-0.000406363413841
879.017624474	-0.000336268273105
879.33178374	-0.000277200005827
879.645943005	-0.000228483869418
879.960102271	-0.000187964793357
880.274261536	-0.000151788563783
880.588420801	-0.000114971298717
880.902580067	-7.2922692367e-05
881.216739332	-2.25938425273e-05
881.530898597	3.6900388573e-05
881.845057863	0.00010501080444
882.159217128	0.000179110826309
882.473376393	0.000256119766967
882.787535659	0.000333314557598
883.101694924	0.00040525929797
883.41585419	0.000468111339688
883.730013455	0.000517232333705
884.04417272	0.000553904653156
884.358331986	0.000582873429217
884.672491251	0.000610779484571
884.986650516	0.000639251673554
885.300809782	0.000668065235651
885.614969047	0.00069233327474
885.929128312	0.000707359880522
886.243287578	0.0007056898185
886.557446843	0.000688174734215
886.871606108	0.000658759355422
887.185765374	0.000610643882958
887.499924639	0.000539626256512
887.814083905	0.000452219584646
888.12824317	0.000357107042428
888.442402435	0.000260528325866
888.756561701	0.000169289903546
889.070720966	9.14867615077e-05
889.384880231	3.36532570418e-05
889.699039497	-4.9776425882e-06
890.013198762	-2.71683525778e-05
890.327358027	-3.30729006674e-05
890.641517293	-2.51011278957e-05
890.955676558	-1.09169678002e-05
891.269835823	-1.43229103856e-06
891.583995089	-6.12967638133e-06
891.898154354	-2.8130623552e-05
892.21231362	-6.5381383704e-05
892.526472885	-0.00011528906843
892.84063215	-0.000175193806193
893.154791416	-0.000241245557269
893.468950681	-0.000309044216598
893.783109946	-0.000371694413619
894.097269212	-0.000420516771147
894.411428477	-0.000451460544702
894.725587742	-0.000469203365848
895.039747008	-0.000484079245917
895.353906273	-0.000506539782773
895.668065539	-0.000539888885437
895.982224804	-0.0005787504621
896.296384069	-0.00061384905938
896.610543335	-0.000637917979413
896.9247026	-0.000649710703114
897.238861865	-0.000652236294059
897.553021131	-0.000647608595431
897.867180396	-0.000636400247263
898.181339661	-0.000617040863088
898.495498927	-0.000591507911934
898.809658192	-0.000566630675014
899.123817457	-0.000550452433981
899.437976723	-0.000542136626714
899.752135988	-0.000536806459766
900.066295254	-0.000528158139702
900.380454519	-0.000511830100994
900.694613784	-0.000486184627865
901.00877305	-0.000452876294268
901.322932315	-0.000416914261995
901.63709158	-0.000381318078548
901.951250846	-0.00035082617464
902.265410111	-0.00033413235284
902.579569376	-0.00034607625703
902.893728642	-0.00039286847574
903.207887907	-0.000443704268331
903.522047172	-0.000464040915072
903.836206438	-0.00045650711842
904.150365703	-0.000436013312989
904.464524969	-0.000412010618639
904.778684234	-0.000382065812986
905.092843499	-0.000341265338402
905.407002765	-0.000284551896925
905.72116203	-0.000208244266328
906.035321295	-0.000113050252917
906.349480561	-3.97967841223e-06
906.663639826	0.000111095072114
906.977799091	0.000225198429355
907.291958357	0.000334556798985
907.606117622	0.000436150815038
907.920276888	0.000524487866342
908.234436153	0.000597991312463
908.548595418	0.000655018708722
908.862754684	0.000693648301531
909.176913949	0.000710573086953
909.491073214	0.000706441991455
909.80523248	0.000686069281084
910.119391745	0.000654877457466
910.43355101	0.000617666123847
910.747710276	0.000574860943314
911.061869541	0.000527442189973
911.376028806	0.000479811506408
911.690188072	0.000435839737548
912.004347337	0.00039525512404
912.318506603	0.000354969103575
912.632665868	0.000311591431992
912.946825133	0.000263055146305
913.260984399	0.000207954541834
913.575143664	0.000143734765276
913.889302929	6.53567783257e-05
914.203462195	-3.16192949764e-05
914.51762146	-0.000142465695916
914.831780725	-0.000245926623516
915.145939991	-0.00032887707784
915.460099256	-0.000397870163612
915.774258521	-0.000461932808003
916.088417787	-0.000519419686948
916.402577052	-0.00056370816126
916.716736318	-0.000591389059549
917.030895583	-0.000601109291487
917.345054848	-0.000589011947791
917.659214114	-0.000552977786085
917.973373379	-0.000498307186588
918.287532644	-0.000435840770243
918.60169191	-0.000375951260554
918.915851175	-0.000324489511774
919.23001044	-0.000282861716866
919.544169706	-0.000249445944113
919.858328971	-0.000225928206265
920.172488237	-0.000212122748046
920.486647502	-0.000206734107548
920.800806767	-0.000204753274899
921.114966033	-0.000201552468986
921.429125298	-0.000194386618923
921.743284563	-0.00018463921489
922.057443829	-0.0001764534122
922.371603094	-0.000172733727198
922.685762359	-0.000176347684169
922.999921625	-0.000186725706809
923.31408089	-0.000196635230457
923.628240155	-0.000195355286083
923.942399421	-0.000179261933235
924.256558686	-0.000152944468491
924.570717952	-0.000121581028488
924.884877217	-8.63971918972e-05
925.199036482	-4.63162008379e-05
925.513195748	-1.03034042393e-06
925.827355013	4.46035928734e-05
926.141514278	8.42610273418e-05
926.455673544	0.000116349742239
926.769832809	0.000141090296713
927.083992074	0.00016144600575
927.39815134	0.000175099942158
927.712310605	0.00018027801222
928.02646987	0.000177264936844
928.340629136	0.000177040569279
928.654788401	0.000185567394269
928.968947667	0.000194803547916
929.283106932	0.000188834791377
929.597266197	0.000155295029262
929.911425463	8.25238059099e-05
930.225584728	-2.23315336758e-05
930.539743993	-0.000122857329275
930.853903259	-0.000191719766075
931.168062524	-0.000235372993234
931.482221789	-0.00027228432623
931.796381055	-0.000314052647386
932.11054032	-0.0003611324261
932.424699586	-0.000407486603364
932.738858851	-0.000446225045378
933.053018116	-0.000474544497765
933.367177382	-0.000492134683178
933.681336647	-0.000501561346673
933.995495912	-0.000503906709571
934.309655178	-0.000496709214937
934.623814443	-0.000479108419144
934.937973708	-0.000453038742412
935.252132974	-0.000420561799322
935.566292239	-0.000384625877917
935.880451504	-0.000349256991208
936.19461077	-0.000318463471456
936.508770035	-0.000293759156957
936.822929301	-0.000275107107485
937.137088566	-0.000262194084476
937.451247831	-0.000254499371675
937.765407097	-0.00025253385009
938.079566362	-0.000257475610944
938.393725627	-0.000264179282442
938.707884893	-0.000265086179595
939.022044158	-0.000258205275733
939.336203423	-0.000246432901118
939.650362689	-0.000234545787249
939.964521954	-0.000229712299935
940.278681219	-0.000236723785027
940.592840485	-0.000253524307509
940.90699975	-0.000265627526635
941.221159016	-0.000262615713599
941.535318281	-0.000254974545144
941.849477546	-0.000265494595411
942.163636812	-0.000305672953821
942.477796077	-0.000366096776681
942.791955342	-0.000423133263571
943.106114608	-0.000456243039022
943.420273873	-0.000452719640695
943.734433138	-0.000410268223321
944.048592404	-0.000333072684792
944.362751669	-0.000227478979263
944.676910935	-0.00010813046907
944.9910702	1.23766848007e-05
945.305229465	0.000120614938117
945.619388731	0.00020815912287
945.933547996	0.000269711311573
946.247707261	0.000309207806902
946.561866527	0.000333562134241
946.876025792	0.000345612437958
947.190185057	0.000349074289572
947.504344323	0.000345650261676
947.818503588	0.000340658507393
948.132662853	0.000339293003589
948.446822119	0.000348131042271
948.760981384	0.000369737841503
949.07514065	0.000399865384243
949.389299915	0.000426357456749
949.70345918	0.000437732289453
950.017618446	0.000429518790233
950.331777711	0.000408048782439
950.645936976	0.000383262014967
950.960096242	0.00035814038749
951.274255507	0.000328067589801
951.588414772	0.000290006981373
951.902574038	0.000248197371249
952.216733303	0.000207761990472
952.530892568	0.000170054686466
952.845051834	0.000131758683129
953.159211099	9.00986710065e-05
953.473370365	4.39758516571e-05
953.78752963	-5.32861938327e-06
954.101688895	-5.65036361155e-05
954.415848161	-0.000111501724307
954.730007426	-0.000175014666953
955.044166691	-0.000248741190901
955.358325957	-0.000326771084963
955.672485222	-0.000396920210773
955.986644487	-0.000455298752042
956.300803753	-0.000512401321038
956.614963018	-0.000585869858237
956.929122284	-0.000689210042017
957.243281549	-0.00080575373933
957.557440814	-0.000900899167923
957.87160008	-0.000962363382444
958.185759345	-0.00100279351966
958.49991861	-0.00103226546602
958.814077876	-0.00105208725128
959.128237141	-0.00105961433666
959.442396406	-0.00105194707785
959.756555672	-0.0010268289797
960.070714937	-0.000985730193253
960.384874202	-0.000933639754832
960.699033468	-0.000873952443965
961.013192733	-0.000807977531633
961.327351999	-0.000737595337329
961.641511264	-0.000664350492376
961.955670529	-0.000588190393675
962.269829795	-0.000507455175518
962.58398906	-0.000422048778149
962.898148325	-0.000333755946877
963.212307591	-0.000246296778172
963.526466856	-0.000161631232175
963.840626121	-8.39692310919e-05
964.154785387	-1.54863611999e-05
964.468944652	4.54521379881e-05
964.783103917	0.000100436115707
965.097263183	0.000147022133294
965.411422448	0.000180613530052
965.725581714	0.000203891205613
966.039740979	0.000223044023445
966.353900244	0.000243270281493
966.66805951	0.000262238883266
966.982218775	0.000276545597052
967.29637804	0.000279885498095
967.610537306	0.000268617886037
967.924696571	0.000250374332597
968.238855836	0.000248103706981
968.553015102	0.000263635305086
968.867174367	0.000277305785613
969.181333633	0.00027468923968
969.495492898	0.000259937592246
969.809652163	0.000246596971121
970.123811429	0.000248321864148
970.437970694	0.000271759155317
970.752129959	0.000313294551758
971.066289225	0.00036634611447
971.38044849	0.000424646790232
971.694607755	0.000478016810964
972.008767021	0.00051323014547
972.322926286	0.000519628357134
972.637085551	0.000490310892134
972.951244817	0.000427165607855
973.265404082	0.000343377500052
973.579563348	0.000255205266871
973.893722613	0.000175425099144
974.207881878	0.000107666584109
974.522041144	4.90822064695e-05
974.836200409	-3.66182998698e-06
975.150359674	-5.23482618831e-05
975.46451894	-9.78916772682e-05
975.778678205	-0.000142276821945
976.09283747	-0.000189615483659
976.406996736	-0.000245754478646
976.721156001	-0.00031453070978
977.035315266	-0.000394829526265
977.349474532	-0.000479405302591
977.663633797	-0.000559367071477
977.977793063	-0.000628284791206
978.291952328	-0.000684440120737
978.606111593	-0.000728331803278
978.920270859	-0.000759882798168
979.234430124	-0.000778558939261
979.548589389	-0.000787753290152
979.862748655	-0.000794660984538
980.17690792	-0.000803937333245
980.491067185	-0.000819793301667
980.805226451	-0.000844203763147
981.119385716	-0.000871985356
981.433544982	-0.000896740366737
981.747704247	-0.000907817609554
982.061863512	-0.000893717894296
982.376022778	-0.000854612097685
982.690182043	-0.000801239353809
983.004341308	-0.000744875107468
983.318500574	-0.000697584655855
983.632659839	-0.000673382296285
983.946819104	-0.000687192663691
984.26097837	-0.000728750369635
984.575137635	-0.000761980976533
984.8892969	-0.000764669272374
985.203456166	-0.000747413691344
985.517615431	-0.000729043089823
985.831774697	-0.000719840958631
986.145933962	-0.000716991707063
986.460093227	-0.000709547935741
986.774252493	-0.0006875090575
987.088411758	-0.000647710610529
987.402571023	-0.000589500126069
987.716730289	-0.000512918100292
988.030889554	-0.000418122070466
988.345048819	-0.000307972937013
988.659208085	-0.000188291851333
988.97336735	-6.10557884588e-05
989.287526615	7.06511112999e-05
989.601685881	0.000202184947256
989.915845146	0.000326837462529
990.230004412	0.000440393435062
990.544163677	0.000539287634788
990.858322942	0.00062272700355
991.172482208	0.00068960826256
991.486641473	0.000739559602796
991.800800738	0.000772067505203
992.114960004	0.000787087936125
992.429119269	0.000785490869484
992.743278534	0.000773062759485
993.0574378	0.000751947788292
993.371597065	0.000722178868903
993.685756331	0.000692256796813
993.999915596	0.000669263614112
994.314074861	0.000644059951347
994.628234127	0.00060007676563
994.942393392	0.000525682319727
995.256552657	0.000423886978311
995.570711923	0.000308626436487
995.884871188	0.000190523259946
996.199030453	7.43503956134e-05
996.513189719	-3.26906474343e-05
996.827348984	-0.000120867867628
997.141508249	-0.000183582272218
997.455667515	-0.000223656147268
997.76982678	-0.000249174169081
998.083986046	-0.000263928013148
998.398145311	-0.000268956608439
998.712304576	-0.000266897976831
999.026463842	-0.00026247048343
999.340623107	-0.000261542564513
999.654782372	-0.000269734272698
999.968941638	-0.000291032749394
1000.2831009	-0.000324176910639
1000.59726017	-0.000361528891889
1000.91141943	-0.000395240433797
1001.2255787	-0.00042245885716
1001.53973796	-0.000442611337717
1001.85389723	-0.000455973056872
1002.1680565	-0.000464497455836
1002.48221576	-0.000469921363772
1002.79637503	-0.000474930495024
1003.11053429	-0.000484509818619
1003.42469356	-0.000499806136453
1003.73885282	-0.000519745194293
1004.05301209	-0.00053775320134
1004.36717135	-0.000548176036224
1004.68133062	-0.000548295563111
1004.99548988	-0.000540800306086
1005.30964915	-0.000528864920504
1005.62380841	-0.000511724457873
1005.93796768	-0.00048540710111
1006.25212694	-0.000446143487806
1006.56628621	-0.000395914468938
1006.88044548	-0.000343242986634
1007.19460474	-0.000297920734456
1007.50876401	-0.000268009619457
1007.82292327	-0.000255221889056
1008.13708254	-0.000253080940558
1008.4512418	-0.000253584986368
1008.76540107	-0.000252098416134
1009.07956033	-0.000243780120429
1009.3937196	-0.000220335913823
1009.70787886	-0.0001752520075
1010.02203813	-0.00011350951487
1010.33619739	-5.08631612256e-05
1010.65035666	-6.1580375889e-06
1010.96451593	5.01580226892e-06
1011.27867519	-5.42334709637e-06
1011.59283446	-7.16282976689e-06
1011.90699372	8.23943972267e-06
1012.22115299	2.52051402874e-05
1012.53531225	2.95857246294e-05
1012.84947152	2.14732235082e-05
1013.16363078	9.76720360956e-06
1013.47779005	4.51200829709e-06
1013.79194931	7.7771328715e-06
1014.10610858	1.68411614859e-05
1014.42026784	2.74120905265e-05
1014.73442711	3.93200055585e-05
1015.04858637	5.18716689754e-05
1015.36274564	6.23786527954e-05
1015.67690491	6.9698208792e-05
1015.99106417	7.87153081627e-05
1016.30522344	9.29220964891e-05
1016.6193827	0.000109765122608
1016.93354197	0.000122688255141
1017.24770123	0.000126046323614
1017.5618605	0.000116383311007
1017.87601976	9.30848678841e-05
1018.19017903	5.68820471986e-05
1018.50433829	1.0724947939e-05
1018.81849756	-4.26226530699e-05
1019.13265682	-0.000102895185489
1019.44681609	-0.000168637084907
1019.76097536	-0.000233465524868
1020.07513462	-0.000291431255115
1020.38929389	-0.000340578852293
1020.70345315	-0.000382144950947
1021.01761242	-0.000420675293186
1021.33177168	-0.000458544925419
1021.64593095	-0.000489029274832
1021.96009021	-0.000507952055523
1022.27424948	-0.000521936222525
1022.58840874	-0.000544685661167
1022.90256801	-0.000586279247353
1023.21672727	-0.000647295754376
1023.53088654	-0.000713074722005
1023.8450458	-0.000762714034839
1024.15920507	-0.000780641380373
1024.47336434	-0.000764773053099
1024.7875236	-0.000719707040481
1025.10168287	-0.000652010882214
1025.41584213	-0.000566575409273
1025.7300014	-0.000471032936892
1026.04416066	-0.000373141371619
1026.35831993	-0.00028287018198
1026.67247919	-0.000208264831605
1026.98663846	-0.000154711484659
1027.30079772	-0.000118064400074
1027.61495699	-9.09134581669e-05
1027.92911625	-6.6634885358e-05
1028.24327552	-4.20512293173e-05
1028.55743479	-1.78110651828e-05
1028.87159405	6.87047690801e-06
1029.18575332	3.07885128796e-05
1029.49991258	5.44831910628e-05
1029.81407185	7.59248021152e-05
1030.12823111	9.12883372416e-05
1030.44239038	9.60698335218e-05
1030.75654964	9.01072324428e-05
1031.07070891	8.22351906013e-05
1031.38486817	8.38356700884e-05
1031.69902744	9.86060530834e-05
1032.0131867	0.000120470118123
1032.32734597	0.000143566348127
1032.64150524	0.00016645512963
1032.9556645	0.000191137626197
1033.26982377	0.00022027745969
1033.58398303	0.000251209557682
1033.8981423	0.000282423549822
1034.21230156	0.000310506038229
1034.52646083	0.000330418818915
1034.84062009	0.000338460368609
1035.15477936	0.000338506405837
1035.46893862	0.0003405760244
1035.78309789	0.000357052208361
1036.09725715	0.000387716307867
1036.41141642	0.000420109224268
1036.72557568	0.000442425620455
1037.03973495	0.000452378860849
1037.35389422	0.000454700028418
1037.66805348	0.000454961928345
1037.98221275	0.000453243613426
1038.29637201	0.000440593530536
1038.61053128	0.000404016093707
1038.92469054	0.000336568136142
1039.23884981	0.000242264654666
1039.55300907	0.000132315412306
1039.86716834	1.77022374331e-05
1040.1813276	-9.35483614293e-05
1040.49548687	-0.000196248797692
1040.80964613	-0.000285687425393
1041.1238054	-0.000354834104538
1041.43796467	-0.000397159846887
1041.75212393	-0.000409198116147
1042.0662832	-0.000393229926233
1042.38044246	-0.000359293457804
1042.69460173	-0.000318139271011
1043.00876099	-0.000271809749707
1043.32292026	-0.000221262859898
1043.63707952	-0.000169333145421
1043.95123879	-0.00012209029286
1044.26539805	-8.45775942734e-05
1044.57955732	-5.89867473744e-05
1044.89371658	-4.61629795542e-05
1045.20787585	-4.3797851404e-05
1045.52203511	-5.17874658404e-05
1045.83619438	-6.95586936291e-05
1046.15035365	-9.93290773412e-05
1046.46451291	-0.000139904352789
1046.77867218	-0.00018473585093
1047.09283144	-0.000222545754671
1047.40699071	-0.000246911293975
1047.72114997	-0.000256654528705
1048.03530924	-0.000255644507817
1048.3494685	-0.000251979453636
1048.66362777	-0.000248096216774
1048.97778703	-0.000238387478507
1049.2919463	-0.000217733482525
1049.60610556	-0.000186785978056
1049.92026483	-0.0001511281208
1050.2344241	-0.000116069636328
1050.54858336	-8.0015403817e-05
1050.86274263	-3.4750257035e-05
1051.17690189	2.44136201582e-05
1051.49106116	9.3149921058e-05
1051.80522042	0.000164213005409
1052.11937969	0.000234930161842
1052.43353895	0.000301588890817
1052.74769822	0.000361153264936
1053.06185748	0.000409800446098
1053.37601675	0.0004441431315
1053.69017601	0.000456881145537
1054.00433528	0.000446334665708
1054.31849454	0.000421589239388
1054.63265381	0.000397266990067
1054.94681308	0.000380786281939
1055.26097234	0.000371800875096
1055.57513161	0.000362838200897
1055.88929087	0.00034807223585
1056.20345014	0.000324413467436
1056.5176094	0.000291310261095
1056.83176867	0.000249787125043
1057.14592793	0.000199879017833
1057.4600872	0.000139911054364
1057.77424646	6.83714568934e-05
1058.08840573	-1.22800813196e-05
1058.40256499	-9.31269259304e-05
1058.71672426	-0.000164777487487
1059.03088353	-0.000225689192911
1059.34504279	-0.000280147210693
1059.65920206	-0.000331383383905
1059.97336132	-0.000378404687579
1060.28752059	-0.000420299991949
1060.60167985	-0.000459164162488
1060.91583912	-0.000495636808355
1061.22999838	-0.000528450847789
1061.54415765	-0.00055860252262
1061.85831691	-0.000588927571204
1062.17247618	-0.000618149092418
1062.48663544	-0.000638999549322
1062.80079471	-0.000639957191757
1063.11495397	-0.00061428203361
1063.42911324	-0.000566700077644
1063.74327251	-0.000506116132514
1064.05743177	-0.00044126584943
1064.37159104	-0.000377052526486
1064.6857503	-0.000315477700183
1064.99990957	-0.000261162689497
1065.31406883	-0.000223447318421
1065.6282281	-0.000214038484321
1065.94238736	-0.000236398337305
1066.25654663	-0.000276362288805
1066.57070589	-0.000316196564732
1066.88486516	-0.000345377014568
1067.19902442	-0.000364801698592
1067.51318369	-0.000377843204606
1067.82734296	-0.000385067575317
1068.14150222	-0.00038285162494
1068.45566149	-0.00036306071891
1068.76982075	-0.000320138524378
1069.08398002	-0.000253449714574
1069.39813928	-0.000171881792723
1069.71229855	-8.40814803949e-05
1070.02645781	6.27502238727e-06
1070.34061708	9.02162160815e-05
1070.65477634	0.000156815101445
1070.96893561	0.000203290761851
1071.28309487	0.000234786492971
1071.59725414	0.000256708095556
1071.9114134	0.000275055763855
1072.22557267	0.000292646329261
1072.53973194	0.000308992583824
1072.8538912	0.000320961308979
1073.16805047	0.000328118196116
1073.48220973	0.000330109791558
1073.796369	0.00033220050348
1074.11052826	0.000342680245458
1074.42468753	0.000367465612315
1074.73884679	0.000398659701899
1075.05300606	0.000423572816206
1075.36716532	0.000438774646514
1075.68132459	0.000451752297469
1075.99548385	0.000464265155832
1076.30964312	0.000469716068455
1076.62380239	0.000466316922055
1076.93796165	0.000455598341932
1077.25212092	0.000443361719157
1077.56628018	0.000437831654838
1077.88043945	0.000447739048433
1078.19459871	0.000472802759012
1078.50875798	0.000500957807278
1078.82291724	0.000521229214861
1079.13707651	0.000529533273393
1079.45123577	0.000524879668377
1079.76539504	0.000506207781746
1080.0795543	0.000472705149631
1080.39371357	0.000424340375721
1080.70787283	0.000360733945529
1081.0220321	0.000280709020732
1081.33619137	0.000187714535005
1081.65035063	9.17384178643e-05
1081.9645099	3.23260340068e-06
1082.27866916	-7.42103098303e-05
1082.59282843	-0.000143099991993
1082.90698769	-0.000207226249555
1083.22114696	-0.000269614080574
1083.53530622	-0.000331751886504
1083.84946549	-0.000392941584351
1084.16362475	-0.000450849430869
1084.47778402	-0.00050282328409
1084.79194328	-0.000547023480473
1085.10610255	-0.00058578376105
1085.42026182	-0.00062081404288
1085.73442108	-0.000649574471817
1086.04858035	-0.00067075084317
1086.36273961	-0.000681885769861
1086.67689888	-0.000680044446782
1086.99105814	-0.000662322188841
1087.30521741	-0.000631642544135
1087.61937667	-0.000593637470515
1087.93353594	-0.00055290731077
1088.2476952	-0.000509620372378
1088.56185447	-0.000469058815833
1088.87601373	-0.000435095537466
1089.190173	-0.000406381858013
1089.50433227	-0.00037359227883
1089.81849153	-0.000325065250172
1090.1326508	-0.00026001425201
1090.44681006	-0.000185859666723
1090.76096933	-0.00011412455305
1091.07512859	-5.45181542061e-05
1091.38928786	-9.86180263479e-06
1091.70344712	2.28911865075e-05
1092.01760639	4.67607434145e-05
1092.33176565	6.03415744452e-05
1092.64592492	6.26519043915e-05
1092.96008418	6.31311342346e-05
1093.27424345	7.5256862181e-05
1093.58840271	0.000105215704196
1093.90256198	0.000152253271464
1094.21672125	0.000211666152186
1094.53088051	0.000277941600023
1094.84503978	0.00034556409332
1095.15919904	0.000410943162441
1095.47335831	0.000474604276109
1095.78751757	0.000538236269116
1096.10167684	0.000595348069065
1096.4158361	0.000634437335426
1096.72999537	0.000648814411931
1097.04415463	0.000644119011282
1097.3583139	0.000625492024622
1097.67247316	0.000593070739466
1097.98663243	0.000551488653655
1098.3007917	0.000505862963589
1098.61495096	0.000453190122357
1098.92911023	0.000384952434381
1099.24326949	0.000302862524782
1099.55742876	0.000215743898036
1099.87158802	0.000127596389156
1100.18574729	3.77378624103e-05
1100.49990655	-5.42309500734e-05
1100.81406582	-0.000141984964987
1101.12822508	-0.000217545979355
1101.44238435	-0.000278224424728
1101.75654361	-0.000325812153915
1102.07070288	-0.000363763022013
1102.38486214	-0.000395063598256
1102.69902141	-0.000422202130882
1103.01318068	-0.000447254311814
1103.32733994	-0.000472126075151
1103.64149921	-0.0004967521729
1103.95565847	-0.000520730431479
1104.26981774	-0.000545136167736
1104.583977	-0.000566739759238
1104.89813627	-0.000577100980514
1105.21229553	-0.000574199152842
1105.5264548	-0.000562888169319
1105.84061406	-0.000545492351408
1106.15477333	-0.000521038514671
1106.46893259	-0.000487968971458
1106.78309186	-0.000447911236909
1107.09725113	-0.000404305526393
1107.41141039	-0.000361202504785
1107.72556966	-0.00032719403296
1108.03972892	-0.000307257576175
1108.35388819	-0.000298512940362
1108.66804745	-0.000291847356146
1108.98220672	-0.000282597679145
1109.29636598	-0.00027138561993
1109.61052525	-0.000261104373401
1109.92468451	-0.000251444572598
1110.23884378	-0.000241907287099
1110.55300304	-0.000230459456623
1110.86716231	-0.000217423654008
1111.18132157	-0.000202584906246
1111.49548084	-0.000190137076124
1111.80964011	-0.000185140626325
1112.12379937	-0.000186975078496
1112.43795864	-0.00018554304771
1112.7521179	-0.000173369684925
1113.06627717	-0.000151278511819
1113.38043643	-0.000122203265721
1113.6945957	-8.60153233669e-05
1114.00875496	-4.13336122344e-05
1114.32291423	9.94276571546e-06
1114.63707349	6.34169998524e-05
1114.95123276	0.000116188648662
1115.26539202	0.000166635848253
1115.57955129	0.00021016230172
1115.89371056	0.000248540322856
1116.20786982	0.000291961982306
1116.52202909	0.000343649092559
1116.83618835	0.000398343692926
1117.15034762	0.000445817380526
1117.46450688	0.00047904185021
1117.77866615	0.000494811279703
1118.09282541	0.000497054609696
1118.40698468	0.000491791891048
1118.72114394	0.000485344851332
1119.03530321	0.00047968150673
1119.34946247	0.000473173402696
1119.66362174	0.000464862342263
1119.977781	0.000458651970329
1120.29194027	0.000455941911246
1120.60609954	0.000451057407904
1120.9202588	0.000437059570339
1121.23441807	0.000411950482495
1121.54857733	0.000378168786325
1121.8627366	0.000340056526249
1122.17689586	0.000301299204382
1122.49105513	0.000264710381982
1122.80521439	0.00023028979057
1123.11937366	0.000191367661237
1123.43353292	0.000139949321883
1123.74769219	8.4195001996e-05
1124.06185145	3.40112156682e-05
1124.37601072	-1.22643220235e-05
1124.69016999	-6.14183787288e-05
1125.00432925	-0.000115290425213
1125.31848852	-0.000170138038006
1125.63264778	-0.00022003660431
1125.94680705	-0.000259407129535
1126.26096631	-0.000286273341441
1126.57512558	-0.000300993936775
1126.88928484	-0.000304474272981
1127.20344411	-0.000300664327849
1127.51760337	-0.000295988377059
1127.83176264	-0.000294491667898
1128.1459219	-0.000298127063779
1128.46008117	-0.000310279338013
1128.77424043	-0.000334103303486
1129.0883997	-0.000366223426268
1129.40255897	-0.000398728092444
1129.71671823	-0.00041957033777
1130.0308775	-0.000423190234979
1130.34503676	-0.000410244618279
1130.65919603	-0.000386972201768
1130.97335529	-0.000359977804406
1131.28751456	-0.000331991108973
1131.60167382	-0.000297369618015
1131.91583309	-0.000248842866378
1132.22999235	-0.000188438906712
1132.54415162	-0.000124645792799
1132.85831088	-6.20792175607e-05
1133.17247015	-1.37249820613e-06
1133.48662942	5.5905224347e-05
1133.80078868	0.000104435070037
1134.11494795	0.000138880736245
1134.42910721	0.000162996911116
1134.74326648	0.000180479096424
1135.05742574	0.000190496642749
1135.37158501	0.000193357309763
1135.68574427	0.000193789921103
1135.99990354	0.000195878712939
1136.3140628	0.000202874403031
1136.62822207	0.000213868455585
1136.94238133	0.000225842990522
1137.2565406	0.0002338373553
1137.57069986	0.000235445161372
1137.88485913	0.000228976924929
1138.1990184	0.000213640166899
1138.51317766	0.000188067483586
1138.82733693	0.000153539785785
1139.14149619	0.000119554209456
1139.45565546	9.18179779265e-05
1139.76981472	6.93432180597e-05
1140.08397399	4.76734572595e-05
1140.39813325	2.61648943935e-05
1140.71229252	8.01906468203e-06
1141.02645178	-7.58531584993e-06
1141.34061105	-2.73456768612e-05
1141.65477031	-5.76549197383e-05
1141.96892958	-9.44779169945e-05
1142.28308885	-0.000128904467622
1142.59724811	-0.000161119360098
1142.91140738	-0.000199100858975
1143.22556664	-0.000248773255305
1143.53972591	-0.000308636889308
1143.85388517	-0.000373654832286
1144.16804444	-0.000437666966839
1144.4822037	-0.000493485998945
1144.79636297	-0.000534425591684
1145.11052223	-0.000555719818362
1145.4246815	-0.000555646511692
1145.73884076	-0.000536608311223
1146.05300003	-0.000504633647599
1146.3671593	-0.000467933912277
1146.68131856	-0.000433862760681
1146.99547783	-0.0004053228822
1147.30963709	-0.000381539542242
1147.62379636	-0.000363727871615
1147.93795562	-0.000353629766176
1148.25211489	-0.000353001749934
1148.56627415	-0.000362173208211
1148.88043342	-0.000377788982687
1149.19459268	-0.000388278226768
1149.50875195	-0.000379287572003
1149.82291121	-0.000351337592082
1150.13707048	-0.000315707341993
1150.45122974	-0.000286446896446
1150.76538901	-0.000268321163788
1151.07954828	-0.000255912372657
1151.39370754	-0.000242715135224
1151.70786681	-0.000225159816893
1152.02202607	-0.000204500668841
1152.33618534	-0.000181870370047
1152.6503446	-0.000158705190992
1152.96450387	-0.000135138017552
1153.27866313	-0.000110461014892
1153.5928224	-8.34189652964e-05
1153.90698166	-5.33571539529e-05
1154.22114093	-2.36160716827e-05
1154.53530019	3.35646141715e-06
1154.84945946	2.80341344773e-05
1155.16361873	5.38091741238e-05
1155.47777799	8.45166292532e-05
1155.79193726	0.000123068739023
1156.10609652	0.000170400854441
1156.42025579	0.00022299486797
1156.73441505	0.000278202138809
1157.04857432	0.000331222391158
1157.36273358	0.00037866299367
1157.67689285	0.000416599870948
1157.99105211	0.000444633962228
1158.30521138	0.000465312197935
1158.61937064	0.000482660851414
1158.93352991	0.000497953099671
1159.24768917	0.000506325707405
1159.56184844	0.000505546411693
1159.87600771	0.000498178278861
1160.19016697	0.000489523315797
1160.50432624	0.000482554412752
1160.8184855	0.00047761986867
1161.13264477	0.000471965452642
1161.44680403	0.000463495896216
1161.7609633	0.000449890147619
1162.07512256	0.000429147301219
1162.38928183	0.00040071162343
1162.70344109	0.000364367124882
1163.01760036	0.000319211031791
1163.33175962	0.000263906562891
1163.64591889	0.000197694221025
1163.96007816	0.000120590325539
1164.27423742	3.61165911011e-05
1164.58839669	-4.48404075885e-05
1164.90255595	-0.000105103654643
1165.21671522	-0.00013972551495
1165.53087448	-0.000160364686534
1165.84503375	-0.000181083947433
1166.15919301	-0.000207912437241
1166.47335228	-0.000237335736897
1166.78751154	-0.000262336974488
1167.10167081	-0.000277857060627
1167.41583007	-0.000281393047822
1167.72998934	-0.000272620164048
1168.0441486	-0.000254959943194
1168.35830787	-0.000235822221204
1168.67246714	-0.000220799984486
1168.9866264	-0.000210321766304
1169.30078567	-0.000204128516026
1169.61494493	-0.000204309431551
1169.9291042	-0.000211303188339
1170.24326346	-0.000224595793865
1170.55742273	-0.000239954882131
1170.87158199	-0.00025403826235
1171.18574126	-0.000263030717649
1171.49990052	-0.000264439358899
1171.81405979	-0.00025544854311
1172.12821905	-0.000235143038949
1172.44237832	-0.000203299779626
1172.75653759	-0.000162261448454
1173.07069685	-0.000116572232811
1173.38485612	-7.23227324594e-05
1173.69901538	-3.63889000537e-05
1174.01317465	-1.25073681322e-05
1174.32733391	-1.67275251602e-06
1174.64149318	-2.37938093177e-06
1174.95565244	-9.24020252934e-06
1175.26981171	-9.45795688839e-06
1175.58397097	4.42441123343e-06
1175.89813024	2.12712059747e-05
1176.2122895	3.00511881391e-05
1176.52644877	3.20503036633e-05
1176.84060803	3.72521030614e-05
1177.1547673	4.85851548153e-05
1177.46892657	6.19882444521e-05
1177.78308583	7.58646130154e-05
1178.0972451	9.30082406639e-05
1178.41140436	0.000115164905747
1178.72556363	0.000141907084615
1179.03972289	0.000169226365748
1179.35388216	0.000196473489321
1179.66804142	0.00022490993796
1179.98220069	0.00025246112613
1180.29635995	0.00027217499269
1180.61051922	0.000279952070414
1180.92467848	0.00027248334549
1181.23883775	0.000248496976622
1181.55299702	0.000208652145271
1181.86715628	0.000158343020895
1182.18131555	0.000106245739229
1182.49547481	5.67648827362e-05
1182.80963408	9.74013214723e-06
1183.12379334	-3.68574701822e-05
1183.43795261	-8.54501373432e-05
1183.75211187	-0.000136882326845
1184.06627114	-0.000191055654251
1184.3804304	-0.000248073341346
1184.69458967	-0.000308699992538
1185.00874893	-0.000374410725098
1185.3229082	-0.00044497534595
1185.63706746	-0.000514732835503
1185.95122673	-0.000575158011339
1186.265386	-0.000623270912741
1186.57954526	-0.000661360362978
1186.89370453	-0.000691859939368
1187.20786379	-0.000716167513337
1187.52202306	-0.000734672462108
1187.83618232	-0.000746772456866
1188.15034159	-0.000751838338291
1188.46450085	-0.000750970626111
1188.77866012	-0.000747725747712
1189.09281938	-0.000746667185867
1189.40697865	-0.000753397501525
1189.72113791	-0.000770931810157
1190.03529718	-0.000796852802863
1190.34945645	-0.000820448104175
1190.66361571	-0.00082020643336
1190.97777498	-0.000789064626034
1191.29193424	-0.000747438841994
1191.60609351	-0.000715590308718
1191.92025277	-0.000697076174208
1192.23441204	-0.00068541115944
1192.5485713	-0.000673605426244
1192.86273057	-0.000655089130281
1193.17688983	-0.000626743676717
1193.4910491	-0.000584634900491
1193.80520836	-0.000524088796005
1194.11936763	-0.00044505964699
1194.43352689	-0.000354161253713
1194.74768616	-0.000257528523584
1195.06184543	-0.000163412830686
1195.37600469	-7.77529022256e-05
1195.69016396	-2.65874835626e-06
1196.00432322	6.46684284001e-05
1196.31848249	0.000125548550153
1196.63264175	0.000177241416003
1196.94680102	0.000217289112847
1197.26096028	0.000247356262202
1197.57511955	0.000272212854847
1197.88927881	0.000298257740454
1198.20343808	0.000327086800977
1198.51759734	0.000358527562067
1198.83175661	0.000390418499934
1199.14591588	0.000421233085651
1199.46007514	0.000449063686384
1199.77423441	0.000470766323069
1200.08839367	0.000482404679324
1200.40255294	0.00048183843652
1200.7167122	0.000474002509486
1201.03087147	0.000466113594518
1201.34503073	0.000460076585403
1201.65919	0.000454077042467
1201.97334926	0.000439252327214
1202.28750853	0.000406072148451
1202.60166779	0.000358491071439
1202.91582706	0.000310880600657
1203.22998632	0.000279869025892
1203.54414559	0.000275237755741
1203.85830486	0.000297086493969
1204.17246412	0.000334579751234
1204.48662339	0.000373266789331
1204.80078265	0.000403076364312
1205.11494192	0.000417402498959
1205.42910118	0.00041274368654
1205.74326045	0.000389777588559
1206.05741971	0.000350533426528
1206.37157898	0.000299354190342
1206.68573824	0.000241744448308
1206.99989751	0.000180773030074
1207.31405677	0.000118494013031
1207.62821604	5.80639620879e-05
1207.94237531	1.86242281336e-06
1208.25653457	-5.01519629503e-05
1208.57069384	-0.000100281454659
1208.8848531	-0.000149542672256
1209.19901237	-0.000195534800301
1209.51317163	-0.000233553528532
1209.8273309	-0.000261233331752
1210.14149016	-0.000280651375532
1210.45564943	-0.000295902321841
1210.76980869	-0.000311681425659
1211.08396796	-0.00033143874952
1211.39812722	-0.000355017514917
1211.71228649	-0.000380840938637
1212.02644576	-0.000403379952874
1212.34060502	-0.000420968069896
1212.65476429	-0.000434292623811
1212.96892355	-0.000445663071206
1213.28308282	-0.000454605863881
1213.59724208	-0.000459032752001
1213.91140135	-0.000455029989485
1214.22556061	-0.000440830703788
1214.53971988	-0.000417636301051
1214.85387914	-0.000386765602044
1215.16803841	-0.000350350196319
1215.48219767	-0.000308399257982
1215.79635694	-0.00025793881084
1216.1105162	-0.000194305987216
1216.42467547	-0.000121126529047
1216.73883474	-4.83947942846e-05
1217.052994	1.74451237483e-05
1217.36715327	7.42309936073e-05
1217.68131253	0.000120255351395
1217.9954718	0.000151940513368
1218.30963106	0.000159834360138
1218.62379033	0.000141709785791
1218.93794959	0.000111042156355
1219.25210886	8.52487195358e-05
1219.56626812	7.42235125766e-05
1219.88042739	7.62117777324e-05
1220.19458665	8.16276053245e-05
1220.50874592	8.2231326879e-05
1220.82290519	8.10207874047e-05
1221.13706445	8.77101057709e-05
1221.45122372	0.000108293651203
1221.76538298	0.000141439793531
1222.07954225	0.000177636976498
1222.39370151	0.000205440324255
1222.70786078	0.000219539443709
1223.02202004	0.000216679416122
1223.33617931	0.000196381249943
1223.65033857	0.000158140734174
1223.96449784	0.000101714757622
1224.2786571	2.81199084638e-05
1224.59281637	-5.96228289896e-05
1224.90697563	-0.000152113701818
1225.2211349	-0.000241933009258
1225.53529417	-0.000323612534244
1225.84945343	-0.000392235018555
1226.1636127	-0.000450105023803
1226.47777196	-0.000509231482586
1226.79193123	-0.00057751934973
1227.10609049	-0.000641094501326
1227.42024976	-0.000687618729357
1227.73440902	-0.000726113213415
1228.04856829	-0.000771479993605
1228.36272755	-0.000826848640755
1228.67688682	-0.000881693287435
1228.99104608	-0.000923537458014
1229.30520535	-0.000940230011602
1229.61936462	-0.000927712168776
1229.93352388	-0.000887489204145
1230.24768315	-0.000823155774658
1230.56184241	-0.00073901877384
1230.87600168	-0.00064146264466
1231.19016094	-0.000541049953287
1231.50432021	-0.000448344464299
1231.81847947	-0.000369665417775
1232.13263874	-0.000307164614337
1232.446798	-0.000261892035421
1232.76095727	-0.000231041880227
1233.07511653	-0.000210722327983
1233.3892758	-0.000199503414289
1233.70343506	-0.000195120524828
1234.01759433	-0.000194668274074
1234.3317536	-0.000193286140951
1234.64591286	-0.00018619450436
1234.96007213	-0.000168145706705
1235.27423139	-0.000139078967011
1235.58839066	-0.000102261920162
1235.90254992	-6.81893055124e-05
1236.21670919	-4.54252645008e-05
1236.53086845	-3.59977262642e-05
1236.84502772	-3.39726690017e-05
1237.15918698	-3.65924042919e-05
1237.47334625	-4.26212239314e-05
1237.78750551	-5.14189383689e-05
1238.10166478	-5.68356148e-05
1238.41582405	-5.20299615554e-05
1238.72998331	-3.47715194484e-05
1239.04414258	-5.91874220795e-06
1239.35830184	3.16412578347e-05
1239.67246111	7.27212065759e-05
1239.98662037	0.000111378616757
1240.30077964	0.000144505925944
1240.6149389	0.000175126131065
1240.92909817	0.000207477342255
1241.24325743	0.000240210921572
1241.5574167	0.000271783722981
1241.87157596	0.000304136392619
1242.18573523	0.000345067305229
1242.49989449	0.000397635401511
1242.81405376	0.000453530161793
1243.12821303	0.000504457966357
1243.44237229	0.000543529341728
1243.75653156	0.000567309782185
1244.07069082	0.000574976371312
1244.38485009	0.000572130533651
1244.69900935	0.000564965699821
1245.01316862	0.000557310805233
1245.32732788	0.000549648077086
1245.64148715	0.000540634490592
1245.95564641	0.00052807465017
1246.26980568	0.000509653706771
1246.58396494	0.000485571134714
1246.89812421	0.000456387978177
1247.21228348	0.000420833177717
1247.52644274	0.000377374594568
1247.84060201	0.000324878393477
1248.15476127	0.000267550766658
1248.46892054	0.000215738919574
1248.7830798	0.000175997292379
1249.09723907	0.000143364985028
1249.41139833	0.000108856985409
1249.7255576	6.89467312489e-05
1250.03971686	2.41970638617e-05
1250.35387613	-2.32447747747e-05
1250.66803539	-7.03071854267e-05
1250.98219466	-0.00011508082512
1251.29635392	-0.000155159916054
1251.61051319	-0.000185594516607
1251.92467246	-0.000199699985149
1252.23883172	-0.000198554552602
1252.55299099	-0.000188999961031
1252.86715025	-0.000180113023379
1253.18130952	-0.000177373620683
1253.49546878	-0.000180415683802
1253.80962805	-0.000185828915342
1254.12378731	-0.000189709129019
1254.43794658	-0.000188321955781
1254.75210584	-0.000180839470246
1255.06626511	-0.000169959391368
1255.38042437	-0.000160326442204
1255.69458364	-0.00015653625799
1256.00874291	-0.000156347756318
1256.32290217	-0.000154403962702
1256.63706144	-0.000144891001117
1256.9512207	-0.000127271420303
1257.26537997	-0.000102470738741
1257.57953923	-6.93563654279e-05
1257.8936985	-2.96787195849e-05
1258.20785776	1.22712030156e-05
1258.52201703	5.55871317402e-05
1258.83617629	0.000102068699709
1259.15033556	0.000151856455168
1259.46449482	0.000198542286494
1259.77865409	0.000228998945519
1260.09281335	0.000238078533393
1260.40697262	0.00023297624717
1260.72113189	0.000222487921999
1261.03529115	0.000212490881591
1261.34945042	0.000204872917646
1261.66360968	0.000197164709974
1261.97776895	0.000188296530434
1262.29192821	0.000176621256653
1262.60608748	0.000162762396425
1262.92024674	0.000142903072762
1263.23440601	0.000112006224468
1263.54856527	6.63386579743e-05
1263.86272454	9.35736678417e-06
1264.1768838	-5.46101913843e-05
1264.49104307	-0.000119796312815
1264.80520234	-0.000179326649364
1265.1193616	-0.000231230126444
1265.43352087	-0.000278835839189
1265.74768013	-0.000326690594037
1266.0618394	-0.000375085514827
1266.37599866	-0.000420265202184
1266.69015793	-0.000459135490665
1267.00431719	-0.000496430719038
1267.31847646	-0.000538020406759
1267.63263572	-0.000581504645625
1267.94679499	-0.00062228392674
1268.26095425	-0.000659674652989
1268.57511352	-0.000692793328491
1268.88927279	-0.000714681344834
1269.20343205	-0.000719165589154
1269.51759132	-0.00071233438224
1269.83175058	-0.000704847913831
1270.14590985	-0.000703801083539
1270.46006911	-0.00071085731966
1270.77422838	-0.000724978755091
1271.08838764	-0.000743567316376
1271.40254691	-0.000760036277263
1271.71670617	-0.000765956024421
1272.03086544	-0.000756096417773
1272.3450247	-0.000731021441605
1272.65918397	-0.000694679213339
1272.97334323	-0.000651351984397
1273.2875025	-0.000604009172288
1273.60166177	-0.00055453667469
1273.91582103	-0.000504233857698
1274.2299803	-0.000454471746485
1274.54413956	-0.000408027509144
1274.85829883	-0.000367531614843
1275.17245809	-0.000333321166541
1275.48661736	-0.000299757488658
1275.80077662	-0.000260063392235
1276.11493589	-0.00021610457234
1276.42909515	-0.000169176764052
1276.74325442	-0.000116407053327
1277.05741368	-5.87260894159e-05
1277.37157295	-1.64058655743e-06
1277.68573222	4.78268072114e-05
1277.99989148	8.97506625331e-05
1278.31405075	0.00012525002063
1278.62821001	0.000150449859802
1278.94236928	0.000161651776064
1279.25652854	0.000161865723021
1279.57068781	0.00015918937114
1279.88484707	0.000160769809311
1280.19900634	0.000170289182823
1280.5131656	0.000189655852825
1280.82732487	0.000219291797118
1281.14148413	0.000258941421394
1281.4556434	0.000306854529654
1281.76980266	0.000361264850631
1282.08396193	0.000417234544748
1282.3981212	0.000468387246104
1282.71228046	0.000508451402885
1283.02643973	0.000536754136363
1283.34059899	0.000556466537689
1283.65475826	0.000571407083087
1283.96891752	0.000582528025393
1284.28307679	0.00059045271429
1284.59723605	0.000597884135251
1284.91139532	0.00060618429394
1285.22555458	0.000623053089126
1285.53971385	0.000647379017247
1285.85387311	0.000668842528441
1286.16803238	0.000676577401901
1286.48219165	0.000662236889456
1286.79635091	0.000627237230184
1287.11051018	0.000580832065673
1287.42466944	0.000532406463618
1287.73882871	0.000489447609701
1288.05298797	0.000456684115537
1288.36714724	0.000434820311182
1288.6813065	0.000419995591199
1288.99546577	0.000406209720424
1289.30962503	0.000388773244037
1289.6237843	0.00036458833517
1289.93794356	0.00033025588451
1290.25210283	0.000281440075673
1290.56626209	0.000216491095643
1290.88042136	0.000140208714572
1291.19458063	5.9384532563e-05
1291.50873989	-2.17915710427e-05
1291.82289916	-9.87065771304e-05
1292.13705842	-0.000166492909017
1292.45121769	-0.000222909971648
1292.76537695	-0.000266298943762
1293.07953622	-0.000294552156468
1293.39369548	-0.000305534853327
1293.70785475	-0.000301408726514
1294.02201401	-0.000294268264742
1294.33617328	-0.000297875252918
1294.65033254	-0.000312698405023
1294.96449181	-0.000327100892449
1295.27865108	-0.00032926232238
1295.59281034	-0.00032011166729
1295.90696961	-0.00030960377306
1296.22112887	-0.000305021769275
1296.53528814	-0.000308445349291
1296.8494474	-0.000315739051265
1297.16360667	-0.000321091352743
1297.47776593	-0.00031999964277
1297.7919252	-0.000312413784505
1298.10608446	-0.000299688266767
1298.42024373	-0.000282040055439
1298.73440299	-0.000255802716362
1299.04856226	-0.00021840159757
1299.36272152	-0.000171868907031
1299.67688079	-0.000120641164152
1299.99104006	-6.91747156039e-05
1300.30519932	-2.07298424071e-05
1300.61935859	2.5150329836e-05
1300.93351785	6.87923942952e-05
1301.24767712	0.00010800782924
1301.56183638	0.000130060547728
1301.87599565	0.000122415110112
1302.19015491	9.55811181805e-05
1302.50431418	7.25470542392e-05
1302.81847344	6.279577245e-05
1303.13263271	5.89339640716e-05
1303.44679197	5.56336994478e-05
1303.76095124	5.52383388805e-05
1304.07511051	5.84684101203e-05
1304.38926977	5.96130566688e-05
1304.70342904	4.99501336532e-05
1305.0175883	2.48219780306e-05
1305.33174757	-1.63307184309e-05
1305.64590683	-7.20320106016e-05
1305.9600661	-0.000136784878871
1306.27422536	-0.000200257270072
1306.58838463	-0.000250409234521
1306.90254389	-0.000282325478544
1307.21670316	-0.000297799332927
1307.53086242	-0.000302506507184
1307.84502169	-0.000303309739148
1308.15918095	-0.000305907410788
1308.47334022	-0.000315237741039
1308.78749949	-0.000334704623013
1309.10165875	-0.000365488400069
1309.41581802	-0.000408044134836
1309.72997728	-0.000460886082843
1310.04413655	-0.000518477481305
1310.35829581	-0.000574937930743
1310.67245508	-0.000624341699039
1310.98661434	-0.000660076204394
1311.30077361	-0.000677570764088
1311.61493287	-0.000676415757754
1311.92909214	-0.000662502250527
1312.2432514	-0.000642883114846
1312.55741067	-0.000619716908674
1312.87156994	-0.000593323454913
1313.1857292	-0.000566218345119
1313.49988847	-0.000542795432075
1313.81404773	-0.000526030826731
1314.128207	-0.000513312973798
1314.44236626	-0.000500364493093
1314.75652553	-0.000484733237817
1315.07068479	-0.000464126629414
1315.38484406	-0.000436584575595
1315.69900332	-0.000403149813785
1316.01316259	-0.000366899515806
1316.32732185	-0.00032977384095
1316.64148112	-0.000293439748814
1316.95564038	-0.000260616912551
1317.26979965	-0.000234027637051
1317.58395892	-0.000213589422713
1317.89811818	-0.000195699141761
1318.21227745	-0.000171453997462
1318.52643671	-0.000136739442907
1318.84059598	-9.51938288308e-05
1319.15475524	-5.13972200966e-05
1319.46891451	-7.38336483363e-06
1319.78307377	3.55066956877e-05
1320.09723304	7.78823817866e-05
1320.4113923	0.000120185620247
1320.72555157	0.00016102710152
1321.03971083	0.000195955440148
1321.3538701	0.000221131400278
1321.66802937	0.000239467612718
1321.98218863	0.000256958891144
1322.2963479	0.000276400256949
1322.61050716	0.000296918226049
1322.92466643	0.000315759700636
1323.23882569	0.000331162068632
1323.55298496	0.000344352054262
1323.86714422	0.000357217060236
1324.18130349	0.000371643442376
1324.49546275	0.00038801380137
1324.80962202	0.000403258557153
1325.12378128	0.000412907192246
1325.43794055	0.000410975601671
1325.75209981	0.000397039510831
1326.06625908	0.000380181798829
1326.38041835	0.000382526110284
1326.69457761	0.000416869532073
1327.00873688	0.000463970666138
1327.32289614	0.000496149005957
1327.63705541	0.000503057639576
1327.95121467	0.000492319436561
1328.26537394	0.000478889988686
1328.5795332	0.000473939818428
1328.89369247	0.00047942721118
1329.20785173	0.000493877218249
1329.522011	0.000516362634824
1329.83617026	0.000545697997316
1330.15032953	0.00057835422166
1330.4644888	0.000610077816495
1330.77864806	0.000634804929722
1331.09280733	0.000645304118858
1331.40696659	0.000637274497534
1331.72112586	0.000611418292374
1332.03528512	0.000572497839461
1332.34944439	0.000526116541369
1332.66360365	0.00047583715321
1332.97776292	0.000421850075924
1333.29192218	0.000363322577933
1333.60608145	0.000302823670836
1333.92024071	0.000245722303313
1334.23439998	0.000196687205528
1334.54855925	0.000157836125955
1334.86271851	0.000130195639274
1335.17687778	0.00011302875348
1335.49103704	0.000105364845145
1335.80519631	0.000102728696586
1336.11935557	9.54173313179e-05
1336.43351484	7.17743982004e-05
1336.7476741	2.78465657274e-05
1337.06183337	-3.28604791866e-05
1337.37599263	-0.000102396137691
1337.6901519	-0.000170047642605
1338.00431116	-0.00022603728194
1338.31847043	-0.000262913678482
1338.63262969	-0.000279197338303
1338.94678896	-0.000277554849976
1339.26094823	-0.000262810827384
1339.57510749	-0.000237260882359
1339.88926676	-0.000203199023632
1340.20342602	-0.00016402616648
1340.51758529	-0.000125509580068
1340.83174455	-9.32463743884e-05
1341.14590382	-7.00308031996e-05
1341.46006308	-5.54635426239e-05
1341.77422235	-4.61645316703e-05
1342.08838161	-4.16539042922e-05
1342.40254088	-4.30636337231e-05
1342.71670014	-5.20708827111e-05
1343.03085941	-7.03989338061e-05
1343.34501868	-9.55020407121e-05
1343.65917794	-0.000120897118345
1343.97333721	-0.000139305511856
1344.28749647	-0.000157360024692
1344.60165574	-0.000188088921895
1344.915815	-0.000236092288641
1345.22997427	-0.000293781545086
1345.54413353	-0.000348265419889
1345.8582928	-0.0003917394688
1346.17245206	-0.000423910548871
1346.48661133	-0.000445733167895
1346.80077059	-0.000458123872949
1347.11492986	-0.000461130441392
1347.42908912	-0.000455699500333
1347.74324839	-0.000445853365479
1348.05740766	-0.000439561643175
1348.37156692	-0.000441729158148
1348.68572619	-0.000455043485829
1348.99988545	-0.000476930022753
1349.31404472	-0.000503569136752
1349.62820398	-0.000529230635753
1349.94236325	-0.00055197254942
1350.25652251	-0.000569532840576
1350.57068178	-0.00058036396856
1350.88484104	-0.000584785649641
1351.19900031	-0.000583307834991
1351.51315957	-0.000577784075691
1351.82731884	-0.000573497056499
1352.14147811	-0.000579442607758
1352.45563737	-0.000601235997554
1352.76979664	-0.000628281916463
1353.0839559	-0.000642134003246
1353.39811517	-0.000643023206191
1353.71227443	-0.000649999195152
1354.0264337	-0.000673520473995
1354.34059296	-0.000706164457918
1354.65475223	-0.000734308926961
1354.96891149	-0.000745964563358
1355.28307076	-0.000735795683298
1355.59723002	-0.000699456445163
1355.91138929	-0.000637455430599
1356.22554855	-0.000555634278692
1356.53970782	-0.000461732781751
1356.85386709	-0.000364924078014
1357.16802635	-0.000272649897725
1357.48218562	-0.000187817611752
1357.79634488	-0.000111094406387
1358.11050415	-4.35005847638e-05
1358.42466341	1.26008904155e-05
1358.73882268	5.47832284932e-05
1359.05298194	8.46647099332e-05
1359.36714121	0.000105268374731
1359.68130047	0.000119079726953
1359.99545974	0.000127316715515
1360.309619	0.000128694118572
1360.62377827	0.00012611414472
1360.93793754	0.000123711370935
1361.2520968	0.000128870816967
1361.56625607	0.000145048134771
1361.88041533	0.000171103197862
1362.1945746	0.000199073672759
1362.50873386	0.0002208683012
1362.82289313	0.000229803222837
1363.13705239	0.000225613247411
1363.45121166	0.000211543892058
1363.76537092	0.000192035892378
1364.07953019	0.000172995619106
1364.39368945	0.000159236856262
1364.70784872	0.000155159288648
1365.02200798	0.000164796277434
1365.33616725	0.000189531474739
1365.65032652	0.000226752150413
1365.96448578	0.000269360107636
1366.27864505	0.000311610311269
1366.59280431	0.000352946609025
1366.90696358	0.000393692609886
1367.22112284	0.0004333139975
1367.53528211	0.000471771976561
1367.84944137	0.000508334817141
1368.16360064	0.000544923434077
1368.4777599	0.000580594999939
1368.79191917	0.000613075642261
1369.10607843	0.000640007297595
1369.4202377	0.000660066720703
1369.73439697	0.000673491919192
1370.04855623	0.000681785977106
1370.3627155	0.000686699850815
1370.67687476	0.000690359430637
1370.99103403	0.000693627317971
1371.30519329	0.000696150251832
1371.61935256	0.000696695965441
1371.93351182	0.000692200655781
1372.24767109	0.000680871561489
1372.56183035	0.000664471797052
1372.87598962	0.00064521721508
1373.19014888	0.000620852399165
1373.50430815	0.000588737391157
1373.81846741	0.000549963912755
1374.13262668	0.000509528678224
1374.44678595	0.000472470395909
1374.76094521	0.000438494792688
1375.07510448	0.000402246862709
1375.38926374	0.000361590403808
1375.70342301	0.000318510569012
1376.01758227	0.000275067375437
1376.33174154	0.000231941785303
1376.6459008	0.000192105300412
1376.96006007	0.000160047805294
1377.27421933	0.000140317930703
1377.5883786	0.000132145142846
1377.90253786	0.000128540569534
1378.21669713	0.000121689688098
1378.5308564	0.000106617632738
1378.84501566	8.38672634583e-05
1379.15917493	5.70506474238e-05
1379.47333419	2.87753441379e-05
1379.78749346	1.02451183882e-06
1380.10165272	-2.40175501759e-05
1380.41581199	-4.15035421883e-05
1380.72997125	-4.93380281267e-05
1381.04413052	-5.06012806093e-05
1381.35828978	-5.01038127844e-05
1381.67244905	-5.00176722576e-05
1381.98660831	-5.14161657902e-05
1382.30076758	-5.30717757545e-05
1382.61492684	-5.49189126771e-05
1382.92908611	-5.77745736193e-05
1383.24324538	-6.19803690998e-05
1383.55740464	-7.07768023308e-05
1383.87156391	-8.96436576762e-05
1384.18572317	-0.000117571267787
1384.49988244	-0.00014857139759
1384.8140417	-0.000176020383208
1385.12820097	-0.000194554090424
1385.44236023	-0.000204100564756
1385.7565195	-0.000211707215976
1386.07067876	-0.000229941472326
1386.38483803	-0.000266124694733
1386.69899729	-0.000315885079832
1387.01315656	-0.000373217908767
1387.32731583	-0.000435143664387
1387.64147509	-0.000499163357102
1387.95563436	-0.000560044745353
1388.26979362	-0.000609802017485
1388.58395289	-0.000645720309067
1388.89811215	-0.000669134998268
1389.21227142	-0.000684464455667
1389.52643068	-0.000694206249382
1389.84058995	-0.000700081744449
1390.15474921	-0.000701038686913
1390.46890848	-0.000697759995649
1390.78306774	-0.000692214154029
1391.09722701	-0.000688133449265
1391.41138628	-0.00068888054969
1391.72554554	-0.000690699103766
1392.03970481	-0.000684924639704
1392.35386407	-0.000665372573304
1392.66802334	-0.000637463216418
1392.9821826	-0.000612511181814
1393.29634187	-0.000596744311949
1393.61050113	-0.000589767784919
1393.9246604	-0.000585478566742
1394.23881966	-0.000574177505443
1394.55297893	-0.000549376825902
1394.86713819	-0.000516541673567
1395.18129746	-0.000490660561897
1395.49545672	-0.000481229789031
1395.80961599	-0.000484819943506
1396.12377526	-0.000490540618397
1396.43793452	-0.000489599319718
1396.75209379	-0.00047791421368
1397.06625305	-0.000453843985104
1397.38041232	-0.000416267605879
1397.69457158	-0.000364767282541
1398.00873085	-0.000301352296313
1398.32289011	-0.000231479338992
1398.63704938	-0.000164861884886
1398.95120864	-0.000111442254212
1399.26536791	-7.72610847467e-05
1399.57952717	-6.17698546606e-05
1399.89368644	-5.8047475273e-05
1400.20784571	-6.19327610288e-05
1400.52200497	-6.88497685828e-05
1400.83616424	-7.39893857013e-05
1401.1503235	-7.08059700182e-05
1401.46448277	-5.05655681355e-05
1401.77864203	-1.5946908938e-05
1402.0928013	2.28110047539e-05
1402.40696056	5.89916100199e-05
1402.72111983	8.81112408241e-05
1403.03527909	0.000107506078675
1403.34943836	0.000119495431597
1403.66359762	0.000134715616962
1403.97775689	0.000156697043747
1404.29191615	0.000180465486821
1404.60607542	0.000201763480354
1404.92023469	0.000219692470031
1405.23439395	0.00023618382925
1405.54855322	0.000253201104467
1405.86271248	0.000272301817255
1406.17687175	0.000294978554637
1406.49103101	0.000319902223674
1406.80519028	0.000343387468618
1407.11934954	0.000363580824971
1407.43350881	0.000385385582739
1407.74766807	0.000412772264319
1408.06182734	0.000445471655794
1408.3759866	0.000480437806235
1408.69014587	0.000515131571154
1409.00430514	0.000548567431172
1409.3184644	0.000580775337011
1409.63262367	0.000613582690732
1409.94678293	0.000647852744624
1410.2609422	0.000681375144509
1410.57510146	0.000705902546311
1410.88926073	0.000712463850155
1411.20341999	0.000704772888776
1411.51757926	0.000697822462007
1411.83173852	0.000702683797617
1412.14589779	0.000718437690632
1412.46005705	0.000737611086086
1412.77421632	0.000752382235179
1413.08837558	0.000758828301833
1413.40253485	0.000758986424629
1413.71669412	0.000757033274637
1414.03085338	0.00075795155265
1414.34501265	0.000763010627753
1414.65917191	0.000768036812325
1414.97333118	0.000770469948478
1415.28749044	0.000771222007274
1415.60164971	0.000768978751796
1415.91580897	0.000760200343594
1416.22996824	0.000742226458241
1416.5441275	0.000715400953155
1416.85828677	0.000683280043931
1417.17244603	0.000652225452773
1417.4866053	0.000628340065745
1417.80076457	0.000610280494381
1418.11492383	0.000590946016015
1418.4290831	0.000563159280817
1418.74324236	0.000526030228495
1419.05740163	0.000487155546684
1419.37156089	0.000454065783415
1419.68572016	0.000425378334084
1419.99987942	0.000394195759516
1420.31403869	0.000358248645629
1420.62819795	0.00032008366368
1420.94235722	0.000282651671719
1421.25651648	0.000244355984013
1421.57067575	0.000198805353654
1421.88483501	0.000140433702803
1422.19899428	6.54375510464e-05
1422.51315355	-2.40583633067e-05
1422.82731281	-0.000118628544542
1423.14147208	-0.000205865250123
1423.45563134	-0.000280672975632
1423.76979061	-0.000344743990032
1424.08394987	-0.000401125076287
1424.39810914	-0.000453670852807
1424.7122684	-0.000504173878996
1425.02642767	-0.000556173389043
1425.34058693	-0.000611983049692
1425.6547462	-0.000673935711671
1425.96890546	-0.000742941040397
1426.28306473	-0.000818140791253
1426.597224	-0.00089019944936
1426.91138326	-0.000945849127743
1427.22554253	-0.000980174738232
1427.53970179	-0.000997572955111
1427.85386106	-0.00100363690942
1428.16802032	-0.000999707477489
1428.48217959	-0.000985800892453
1428.79633885	-0.000962949161212
1429.11049812	-0.000935672621423
1429.42465738	-0.000910594183549
1429.73881665	-0.000891414733283
1430.05297591	-0.000879175423834
1430.36713518	-0.00087125979288
1430.68129444	-0.000859600163538
1430.99545371	-0.00083639112194
1431.30961298	-0.000801373085476
1431.62377224	-0.000761484218438
1431.93793151	-0.000724369630435
1432.25209077	-0.000693741310015
1432.56625004	-0.000669581522629
1432.8804093	-0.000648130893918
1433.19456857	-0.000624171729204
1433.50872783	-0.000595690994908
1433.8228871	-0.000562002659197
1434.13704636	-0.000521936469537
1434.45120563	-0.000472283302078
1434.76536489	-0.000412127887978
1435.07952416	-0.00034565923529
1435.39368343	-0.000280464164691
1435.70784269	-0.000223792203995
1436.02200196	-0.000181736895985
1436.33616122	-0.000157157860301
1436.65032049	-0.000148718192829
1436.96447975	-0.000149816240463
1437.27863902	-0.00014858297325
1437.59279828	-0.000144717351181
1437.90695755	-0.000147235549254
1438.22111681	-0.000156858737046
1438.53527608	-0.000167007321199
1438.84943534	-0.000172997514216
1439.16359461	-0.000173241113396
1439.47775387	-0.000167112417745
1439.79191314	-0.000154893958803
1440.10607241	-0.000137103639341
1440.42023167	-0.00011319710196
1440.73439094	-8.46230450199e-05
1441.0485502	-5.60223641812e-05
1441.36270947	-3.30142090473e-05
1441.67686873	-2.18046856738e-05
1441.991028	-2.55699829846e-05
1442.30518726	-4.06627841084e-05
1442.61934653	-5.78398020284e-05
1442.93350579	-6.39887261305e-05
1443.24766506	-5.50822514845e-05
1443.56182432	-3.97064496483e-05
1443.87598359	-2.57284670247e-05
1444.19014286	-1.47806566285e-05
1444.50430212	-3.69432907866e-06
1444.81846139	1.0991128779e-05
1445.13262065	2.9971340812e-05
1445.44677992	5.11341402304e-05
1445.76093918	7.15065128808e-05
1446.07509845	9.34076652721e-05
1446.38925771	0.000120793017021
1446.70341698	0.000152805482491
1447.01757624	0.00018508396477
1447.33173551	0.00021527308086
1447.64589477	0.000244473971272
1447.96005404	0.000273139538093
1448.27421331	0.000300331836956
1448.58837257	0.000326382063599
1448.90253184	0.000351026629547
1449.2166911	0.000372899338832
1449.53085037	0.000390311680057
1449.84500963	0.000405032169956
1450.1591689	0.000422636049152
1450.47332816	0.000444456061284
1450.78748743	0.000468980766023
1451.10164669	0.000492374322393
1451.41580596	0.000512576227216
1451.72996522	0.000527123813175
1452.04412449	0.000535344888335
1452.35828375	0.000537058203361
1452.67244302	0.000533421259058
1452.98660229	0.000524477324597
1453.30076155	0.000514227207442
1453.61492082	0.000505743952748
1453.92908008	0.000500428560688
1454.24323935	0.000500879476527
1454.55739861	0.000511831269826
1454.87155788	0.000535565922106
1455.18571714	0.000573168666789
1455.49987641	0.000622492919379
1455.81403567	0.000679477400665
1456.12819494	0.00074352586876
1456.4423542	0.000816098671318
1456.75651347	0.000890950411526
1457.07067274	0.000952792116448
1457.384832	0.000987064814634
1457.69899127	0.000991032604176
1458.01315053	0.000972444738391
1458.3273098	0.000941921455996
1458.64146906	0.000908801228266
1458.95562833	0.000880884983976
1459.26978759	0.000863187355438
1459.58394686	0.000857234775173
1459.89810612	0.000860991278125
1460.21226539	0.000868382692759
1460.52642465	0.000870481868404
1460.84058392	0.000858078450571
1461.15474318	0.000824519989449
1461.46890245	0.000768621065279
1461.78306172	0.000695273797071
1462.09722098	0.000611701137668
1462.41138025	0.000522525937312
1462.72553951	0.000430390433926
1463.03969878	0.000337848131377
1463.35385804	0.000248232260411
1463.66801731	0.000164241927842
1463.98217657	8.938640053e-05
1464.29633584	2.13875088515e-05
1464.6104951	-4.80601690104e-05
1464.92465437	-0.000129605358462
1465.23881363	-0.000225838794368
1465.5529729	-0.00032963385519
1465.86713217	-0.000431336531227
1466.18129143	-0.000525209010704
1466.4954507	-0.000607944483208
1466.80960996	-0.000676936721788
1467.12376923	-0.000729856342834
1467.43792849	-0.000762958188931
1467.75208776	-0.000775320419195
1468.06624702	-0.000770231511119
1468.38040629	-0.000755933558511
1468.69456555	-0.000739643106048
1469.00872482	-0.000726331800905
1469.32288408	-0.000713939430883
1469.63704335	-0.000698541214907
1469.95120261	-0.000677976841531
1470.26536188	-0.000652048362449
1470.57952115	-0.000623999715195
1470.89368041	-0.000596101240972
1471.20783968	-0.000570762483154
1471.52199894	-0.000549230516623
1471.83615821	-0.000532358450412
1472.15031747	-0.00052098336673
1472.46447674	-0.000516123617952
1472.778636	-0.000516740221419
1473.09279527	-0.00052003084252
1473.40695453	-0.000519959637586
1473.7211138	-0.00051510250046
1474.03527306	-0.000506662144151
1474.34943233	-0.000495004347849
1474.6635916	-0.000483337258249
1474.97775086	-0.000470702020471
1475.29191013	-0.000456659084587
1475.60606939	-0.000441180279332
1475.92022866	-0.000427965837406
1476.23438792	-0.000422739964721
1476.54854719	-0.000429826891219
1476.86270645	-0.000451829143921
1477.17686572	-0.000484411573311
1477.49102498	-0.000514272492153
1477.80518425	-0.000531737089011
1478.11934351	-0.000535240510396
1478.43350278	-0.000529466223402
1478.74766204	-0.000518617241733
1479.06182131	-0.000500521615699
1479.37598058	-0.000466322466982
1479.69013984	-0.000411081803503
1480.00429911	-0.000342439093253
1480.31845837	-0.000273249713207
1480.63261764	-0.000212617404815
1480.9467769	-0.000161958217457
1481.26093617	-0.000116742119766
1481.57509543	-7.13071337477e-05
1481.8892547	-2.18698506504e-05
1482.20341396	3.35228676064e-05
1482.51757323	9.22033162003e-05
1482.83173249	0.000146461576334
1483.14589176	0.000189755251414
1483.46005103	0.000219073804321
1483.77421029	0.00023443408147
1484.08836956	0.000236787828643
1484.40252882	0.000227732895986
1484.71668809	0.000212676860354
1485.03084735	0.000198187151895
1485.34500662	0.000191197115132
1485.65916588	0.000193158228509
1485.97332515	0.000202637684214
1486.28748441	0.000216976546384
1486.60164368	0.000233460664117
1486.91580294	0.000250797446967
1487.22996221	0.000265908338637
1487.54412147	0.000277311203841
1487.85828074	0.000282439908457
1488.17244001	0.000280303460017
1488.48659927	0.000268848938727
1488.80075854	0.000250687926495
1489.1149178	0.000230350009839
1489.42907707	0.000214202899735
1489.74323633	0.000207041760168
1490.0573956	0.000211162981034
1490.37155486	0.000225947871951
1490.68571413	0.00024818216976
1490.99987339	0.000274552052578
1491.31403266	0.000303709084497
1491.62819192	0.000333102029885
1491.94235119	0.000360143563145
1492.25651046	0.000385904925732
1492.57066972	0.000414858392735
1492.88482899	0.000450890538087
1493.19898825	0.000496659298154
1493.51314752	0.000551876924113
1493.82730678	0.000615047313505
1494.14146605	0.000678958374207
1494.45562531	0.000735782867905
1494.76978458	0.000780612545968
1495.08394384	0.000811422807765
1495.39810311	0.000826423138791
1495.71226237	0.000825762430133
1496.02642164	0.000811409277657
1496.3405809	0.000788074121602
1496.65474017	0.000762041878685
1496.96889944	0.000738668240951
1497.2830587	0.000719735600599
1497.59721797	0.000704179937647
1497.91137723	0.000690789601291
1498.2255365	0.000678433305528
1498.53969576	0.000665517781452
1498.85385503	0.000649705860449
1499.16801429	0.000628357611629
1499.48217356	0.000600621052224
1499.79633282	0.000566419262579
1500.11049209	0.000527222269829
1500.42465135	0.000486364138772
1500.73881062	0.000445204307501
1501.05296989	0.00040420703146
1501.36712915	0.000360781815579
1501.68128842	0.000310899344428
1501.99544768	0.000253478846341
1502.30960695	0.000191373095868
1502.62376621	0.000129785965301
1502.93792548	7.30524004408e-05
1503.25208474	2.17087725295e-05
1503.56624401	-2.54997263832e-05
1503.88040327	-7.08271422099e-05
1504.19456254	-0.000118135863559
1504.5087218	-0.000171898545113
1504.82288107	-0.000237870805757
1505.13704033	-0.000316384362365
1505.4511996	-0.000395384863004
1505.76535887	-0.000463247244347
1506.07951813	-0.000520404699662
1506.3936774	-0.000572600125521
1506.70783666	-0.000621929404075
1507.02199593	-0.000666021480184
1507.33615519	-0.000702318627361
1507.65031446	-0.000729921792877
1507.96447372	-0.000749645743514
1508.27863299	-0.00075997271261
1508.59279225	-0.000758388191846
1508.90695152	-0.000743908867822
1509.22111078	-0.000719447318031
1509.53527005	-0.000690742576931
1509.84942932	-0.00066568676437
1510.16358858	-0.000647230905945
1510.47774785	-0.00063328820774
1510.79190711	-0.000622568743443
1511.10606638	-0.00061620755923
1511.42022564	-0.000616401570423
1511.73438491	-0.000624806953323
1512.04854417	-0.000640815993592
1512.36270344	-0.000660016753173
1512.6768627	-0.000677913917869
1512.99102197	-0.000694896410875
1513.30518123	-0.000712089178509
1513.6193405	-0.00073134032285
1513.93349977	-0.000750770747184
1514.24765903	-0.000767969146377
1514.5618183	-0.000778780738213
1514.87597756	-0.000782030180049
1515.19013683	-0.000782126665549
1515.50429609	-0.000786243776701
1515.81845536	-0.000794554635015
1516.13261462	-0.000798486501206
1516.44677389	-0.000786823341833
1516.76093315	-0.000758631747137
1517.07509242	-0.000720423157557
1517.38925168	-0.000676993939695
1517.70341095	-0.000627881844346
1518.01757021	-0.000570791949069
1518.33172948	-0.000505917488998
1518.64588875	-0.000440966050234
1518.96004801	-0.000384415798055
1519.27420728	-0.000338015903214
1519.58836654	-0.000294986616396
1519.90252581	-0.000249646610188
1520.21668507	-0.000204901295862
1520.53084434	-0.000169236771076
1520.8450036	-0.000149074134466
1521.15916287	-0.000143645771129
1521.47332213	-0.000145630583293
1521.7874814	-0.000145640224153
1522.10164066	-0.000135299818958
1522.41579993	-0.000109101982864
1522.7299592	-6.72602643625e-05
1523.04411846	-1.64103256761e-05
1523.35827773	3.32939548282e-05
1523.67243699	7.46887300949e-05
1523.98659626	0.000106797437175
1524.30075552	0.00013040057112
1524.61491479	0.000144251088444
1524.92907405	0.00014634810322
1525.24323332	0.000137270210539
1525.55739258	0.000118638200101
1525.87155185	9.53044718113e-05
1526.18571111	7.70860812506e-05
1526.49987038	6.9678776414e-05
1526.81402964	7.20433449021e-05
1527.12818891	7.80132488985e-05
1527.44234818	8.22654522714e-05
1527.75650744	8.34260784825e-05
1528.07066671	8.64352209036e-05
1528.38482597	9.55424253545e-05
1528.69898524	0.000111008623451
1529.0131445	0.000130735146469
1529.32730377	0.000150769821791
1529.64146303	0.000171927913562
1529.9556223	0.000197003083056
1530.26978156	0.000228619039225
1530.58394083	0.000264945871455
1530.89810009	0.000298111590858
1531.21225936	0.000319703632483
1531.52641863	0.000327196270087
1531.84057789	0.000327346387228
1532.15473716	0.000328744175996
1532.46889642	0.000336258569441
1532.78305569	0.000351637463173
1533.09721495	0.000375273070073
1533.41137422	0.000407649968317
1533.72553348	0.000447371686287
1534.03969275	0.000491752209262
1534.35385201	0.000536483034557
1534.66801128	0.000573521127275
1534.98217054	0.000593855574585
1535.29632981	0.000596453094602
1535.61048907	0.00058943762339
1535.92464834	0.000583491742801
1536.23880761	0.000582301211024
1536.55296687	0.000583634390365
1536.86712614	0.000588833005343
1537.1812854	0.000601944907147
1537.49544467	0.000622437404459
1537.80960393	0.000641971510302
1538.1237632	0.000653707889009
1538.43792246	0.000651834567702
1538.75208173	0.000632853030442
1539.06624099	0.000597505440569
1539.38040026	0.000554928247709
1539.69455952	0.000515978533282
1540.00871879	0.000483650296346
1540.32287806	0.000453564272983
1540.63703732	0.000418767004983
1540.95119659	0.000373272246058
1541.26535585	0.000313253346651
1541.57951512	0.000241916390617
1541.89367438	0.000171724366844
1542.20783365	0.000113570717532
1542.52199291	6.12240307838e-05
1542.83615218	2.90477257042e-06
1543.15031144	-6.42319930245e-05
1543.46447071	-0.000132340912673
1543.77862997	-0.000194955902197
1544.09278924	-0.000250156803884
1544.4069485	-0.000297483251022
1544.72110777	-0.000335947735026
1545.03526704	-0.00036373802971
1545.3494263	-0.000381269648906
1545.66358557	-0.000393479473571
1545.97774483	-0.000405857450552
1546.2919041	-0.000422108566204
1546.60606336	-0.000446630177965
1546.92022263	-0.00048097820419
1547.23438189	-0.000520192493176
1547.54854116	-0.000557936823983
1547.86270042	-0.000590523769979
1548.17685969	-0.000617198824104
1548.49101895	-0.000637546066769
1548.80517822	-0.000651460899715
1549.11933749	-0.000659510205429
1549.43349675	-0.000662329628719
1549.74765602	-0.000661922710254
1550.06181528	-0.000661412169333
1550.37597455	-0.00066632654239
1550.69013381	-0.000679966401865
1551.00429308	-0.000700123474413
1551.31845234	-0.000721148112811
1551.63261161	-0.000740495931265
1551.94677087	-0.000757038936511
1552.26093014	-0.000771576155212
1552.5750894	-0.000783685090942
1552.88924867	-0.000790902416467
1553.20340793	-0.000789871921795
1553.5175672	-0.000778287469805
1553.83172647	-0.000756742814247
1554.14588573	-0.000729546275243
1554.460045	-0.000704428980055
1554.77420426	-0.000685021819993
1555.08836353	-0.000669474687142
1555.40252279	-0.000654314881089
1555.71668206	-0.000632390605212
1556.03084132	-0.00059897182012
1556.34500059	-0.000557561360207
1556.65915985	-0.000515560439914
1556.97331912	-0.000479371791761
1557.28747838	-0.000449942739674
1557.60163765	-0.000425685811052
1557.91579692	-0.000403942161676
1558.22995618	-0.000383249713209
1558.54411545	-0.000360350503075
1558.85827471	-0.000331077982922
1559.17243398	-0.000292757997669
1559.48659324	-0.00024737372984
1559.80075251	-0.000200999553876
1560.11491177	-0.000160175009078
1560.42907104	-0.000129955948224
1560.7432303	-0.000113348432792
1561.05738957	-0.000110350710765
1561.37154883	-0.000116674562707
1561.6857081	-0.000121252290618
1561.99986736	-0.000122086465933
1562.31402663	-0.000127198709754
1562.6281859	-0.000139308168984
1562.94234516	-0.000152419763949
1563.25650443	-0.000160041658455
1563.57066369	-0.00016117988627
1563.88482296	-0.000156192917775
1564.19898222	-0.000142623737134
1564.51314149	-0.00011808655323
1564.82730075	-8.37760107931e-05
1565.14146002	-4.40825399733e-05
1565.45561928	-4.24994346431e-06
1565.76977855	2.97066959657e-05
1566.08393781	5.43390164142e-05
1566.39809708	7.11127000782e-05
1566.71225635	9.0335947563e-05
1567.02641561	0.000119130733986
1567.34057488	0.000153594248393
1567.65473414	0.000183048127977
1567.96889341	0.000197320450929
1568.28305267	0.000193063841011
1568.59721194	0.00017989518747
1568.9113712	0.000169815920721
1569.22553047	0.000164492000002
1569.53968973	0.000158661754166
1569.853849	0.000148579126938
1570.16800826	0.000134738321897
1570.48216753	0.000122227215748
1570.7963268	0.000117543354233
1571.11048606	0.000125101193587
1571.42464533	0.000145498810572
1571.73880459	0.000176563248967
1572.05296386	0.000216800300489
1572.36712312	0.00026310865541
1572.68128239	0.00030984083581
1572.99544165	0.00035333048224
1573.30960092	0.000393174725989
1573.62376018	0.000427656916172
1573.93791945	0.000454937477227
1574.25207871	0.000475986079661
1574.56623798	0.000493942079928
1574.88039724	0.0005114451298
1575.19455651	0.000528266022598
1575.50871578	0.000542193298417
1575.82287504	0.000552536498519
1576.13703431	0.000559737691241
1576.45119357	0.000564666036957
1576.76535284	0.000570473063506
1577.0795121	0.000580619442762
1577.39367137	0.000594900599377
1577.70783063	0.000606375601363
1578.0219899	0.000608842348369
1578.33614916	0.000602530160638
1578.65030843	0.000595853530284
1578.96446769	0.000597900380527
1579.27862696	0.000610202891565
1579.59278623	0.000626792324059
1579.90694549	0.000641073525338
1580.22110476	0.000648733162454
1580.53526402	0.000648790190226
1580.84942329	0.000642893991276
1581.16358255	0.000630623350462
1581.47774182	0.00060693633842
1581.79190108	0.000566539562232
1582.10606035	0.000511704545618
1582.42021961	0.00044867219239
1582.73437888	0.000380043469001
1583.04853814	0.000304674907486
1583.36269741	0.000222257129426
1583.67685667	0.00013556978175
1583.99101594	4.963060737e-05
1584.30517521	-3.10264591328e-05
1584.61933447	-0.000103971848622
1584.93349374	-0.000169189302557
1585.247653	-0.000229051526597
1585.56181227	-0.00028737382524
1585.87597153	-0.000346421944293
1586.1901308	-0.000405695099855
1586.50429006	-0.000463894124382
1586.81844933	-0.000521585881225
1587.13260859	-0.000580485609089
1587.44676786	-0.000641339626246
1587.76092712	-0.000703014259565
1588.07508639	-0.000762285651499
1588.38924566	-0.00081564361007
1588.70340492	-0.000860123161642
1589.01756419	-0.000895745042705
1589.33172345	-0.000925262308222
1589.64588272	-0.000950297512374
1589.96004198	-0.000966622436292
1590.27420125	-0.000970075308661
1590.58836051	-0.000961009867345
1590.90251978	-0.000943160374126
1591.21667904	-0.000917827162797
1591.53083831	-0.000887112627558
1591.84499757	-0.000853578902327
1592.15915684	-0.000820851696573
1592.4733161	-0.000789272962025
1592.78747537	-0.000756879737625
1593.10163464	-0.000723007759342
1593.4157939	-0.000690507303469
1593.72995317	-0.000662119751859
1594.04411243	-0.000636315996628
1594.3582717	-0.000611398909113
1594.67243096	-0.000584571469311
1594.98659023	-0.000552638953431
1595.30074949	-0.000517848024724
1595.61490876	-0.000482236347312
1595.92906802	-0.000445859777922
1596.24322729	-0.000407067048352
1596.55738655	-0.000366974941341
1596.87154582	-0.000329856921582
1597.18570509	-0.000299902680666
1597.49986435	-0.000277546320184
1597.81402362	-0.000258680464597
1598.12818288	-0.000239934704838
1598.44234215	-0.000220579967965
1598.75650141	-0.00020172292703
1599.07066068	-0.000183551073523
1599.38481994	-0.000165729172391
1599.69897921	-0.000147371603599
1600.01313847	-0.000128263449221
1600.32729774	-0.000112789535294
1600.641457	-0.000104961034506
1600.95561627	-0.000108609762752
1601.26977553	-0.00012221819112
1601.5839348	-0.000140922231482
1601.89809407	-0.000159144217884
1602.21225333	-0.0001729796924
1602.5264126	-0.000182658102651
1602.84057186	-0.000191637240586
1603.15473113	-0.000207082804662
1603.46889039	-0.000232173527195
1603.78304966	-0.000252678123785
1604.09720892	-0.000252165338888
1604.41136819	-0.00024157862075
1604.72552745	-0.000239912571274
1605.03968672	-0.000253809751128
1605.35384598	-0.000276641525785
1605.66800525	-0.000297823178128
1605.98216452	-0.000307933836753
1606.29632378	-0.000302284397387
1606.61048305	-0.000279748504678
1606.92464231	-0.000241957790011
1607.23880158	-0.000191561030389
1607.55296084	-0.000132304604975
1607.86712011	-6.74869827196e-05
1608.18127937	-1.33064482603e-06
1608.49543864	5.84175444725e-05
1608.8095979	0.000104624535046
1609.12375717	0.000137770944238
1609.43791643	0.000163403302398
1609.7520757	0.000187358814165
1610.06623496	0.000213051529076
1610.38039423	0.000240268322509
1610.6945535	0.000268485258576
1611.00871276	0.00029735231525
1611.32287203	0.000325531777062
1611.63703129	0.000352490884349
1611.95119056	0.000377437620756
1612.26534982	0.0003992261689
1612.57950909	0.000416169433276
1612.89366835	0.000425905497485
1613.20782762	0.000429588998965
1613.52198688	0.00042938541782
1613.83614615	0.00042782229346
1614.15030541	0.000424002544859
1614.46446468	0.000416338383348
1614.77862395	0.000407587098636
1615.09278321	0.000405404366831
1615.40694248	0.000414997806243
1615.72110174	0.000435114833032
1616.03526101	0.000459935705694
1616.34942027	0.000486491496984
1616.66357954	0.000513990840859
1616.9777388	0.000543921798075
1617.29189807	0.000578923172616
1617.60605733	0.000618760966742
1617.9202166	0.000661874587179
1618.23437586	0.000709510617317
1618.54853513	0.00076318939573
1618.86269439	0.000816860056563
1619.17685366	0.00085914721698
1619.49101293	0.000881641444891
1619.80517219	0.00088073616369
1620.11933146	0.000857435179897
1620.43349072	0.000814815826173
1620.74764999	0.000758504671918
1621.06180925	0.000698518517192
1621.37596852	0.000644153402406
1621.69012778	0.000600167149885
1622.00428705	0.0005659477716
1622.31844631	0.000538656561037
1622.63260558	0.000514424200598
1622.94676484	0.000487621741917
1623.26092411	0.000451081180216
1623.57508338	0.00039818360852
1623.88924264	0.000324773550203
1624.20340191	0.000229655875112
1624.51756117	0.00011685382926
1624.83172044	-3.94029134904e-06
1625.1458797	-0.000114387401051
1625.46003897	-0.000206735082751
1625.77419823	-0.000283837315882
1626.0883575	-0.000352010993471
1626.40251676	-0.000417815695813
1626.71667603	-0.00048524218782
1627.03083529	-0.00055279203521
1627.34499456	-0.000617658454786
1627.65915382	-0.000679485466887
1627.97331309	-0.000740118952285
1628.28747236	-0.000801721240658
1628.60163162	-0.000862426218633
1628.91579089	-0.000916126995061
1629.22995015	-0.000955087885548
1629.54410942	-0.000973563300168
1629.85826868	-0.000968952035223
1630.17242795	-0.000944016925456
1630.48658721	-0.000905623824613
1630.80074648	-0.000862129199661
1631.11490574	-0.000823007347577
1631.42906501	-0.000795441078772
1631.74322427	-0.000779025645006
1632.05738354	-0.000765667975723
1632.37154281	-0.000752068833229
1632.68570207	-0.000739776949082
1632.99986134	-0.000731915052918
1633.3140206	-0.00072967008665
1633.62817987	-0.000730999074129
1633.94233913	-0.000731758533676
1634.2564984	-0.000725374839679
1634.57065766	-0.000707049979136
1634.88481693	-0.000672725060136
1635.19897619	-0.000623285834685
1635.51313546	-0.000564860498496
1635.82729472	-0.000504499430441
1636.14145399	-0.000448845411742
1636.45561326	-0.000399395720394
1636.76977252	-0.000354337300873
1637.08393179	-0.000312838416608
1637.39809105	-0.000274067896939
1637.71225032	-0.000239608387068
1638.02640958	-0.000212022758692
1638.34056885	-0.000193810097921
1638.65472811	-0.000183893421875
1638.96888738	-0.000177607162017
1639.28304664	-0.000172042805113
1639.59720591	-0.000167564559736
1639.91136517	-0.000166758788996
1640.22552444	-0.000169201574656
1640.5396837	-0.000172483802282
1640.85384297	-0.000176234329912
1641.16800224	-0.000179244352153
1641.4821615	-0.000177118260146
1641.79632077	-0.00016650622114
1642.11048003	-0.000149052922131
1642.4246393	-0.000127017660639
1642.73879856	-0.00010146965745
1643.05295783	-7.33471291672e-05
1643.36711709	-4.31272014079e-05
1643.68127636	-1.40157391885e-05
1643.99543562	1.18969960231e-05
1644.30959489	3.28699111692e-05
1644.62375415	5.02798144656e-05
1644.93791342	6.92433530705e-05
1645.25207269	9.06329438415e-05
1645.56623195	0.000111203204963
1645.88039122	0.000127451284029
1646.19455048	0.000137694108299
1646.50870975	0.000142468257104
1646.82286901	0.000144025555472
1647.13702828	0.000143950965803
1647.45118754	0.000143117188346
1647.76534681	0.000141713718271
1648.07950607	0.000140631808599
1648.39366534	0.000142827802989
1648.7078246	0.000150732434115
1649.02198387	0.000163418822447
1649.33614313	0.000177501929967
1649.6503024	0.000189550119005
1649.96446167	0.000197241557177
1650.27862093	0.000199725185982
1650.5927802	0.000197157693315
1650.90693946	0.000190133703659
1651.22109873	0.000179769533706
1651.53525799	0.000170789139524
1651.84941726	0.000166839738961
1652.16357652	0.000168716174397
1652.47773579	0.000177028845939
1652.79189505	0.000193317888678
1653.10605432	0.000216688991215
1653.42021358	0.00024320591881
1653.73437285	0.000270529014473
1654.04853212	0.000299427916726
1654.36269138	0.000330832390644
1654.67685065	0.000364800196706
1654.99100991	0.000399966626862
1655.30516918	0.000434737746055
1655.61932844	0.000470803411272
1655.93348771	0.000512724042696
1656.24764697	0.000561643406839
1656.56180624	0.000614469307754
1656.8759655	0.000665140554998
1657.19012477	0.000710390855815
1657.50428403	0.000750689069321
1657.8184433	0.000787938912676
1658.13260256	0.000824132754479
1658.44676183	0.000858929998746
1658.7609211	0.000890872354724
1659.07508036	0.000916001998198
1659.38923963	0.000927989264195
1659.70339889	0.000922888240479
1660.01755816	0.00090183174978
1660.33171742	0.000869616317347
1660.64587669	0.000829530310243
1660.96003595	0.000783782690403
1661.27419522	0.000734204544694
1661.58835448	0.000682962600158
1661.90251375	0.000632787246336
1662.21667301	0.000583135789319
1662.53083228	0.000531355027105
1662.84499155	0.000475190379342
1663.15915081	0.000413485018718
1663.47331008	0.000343585434346
1663.78746934	0.000266363735263
1664.10162861	0.000184323381208
1664.41578787	9.95966945408e-05
1664.72994714	1.29230717735e-05
1665.0441064	-7.82287524145e-05
1665.35826567	-0.00017363211987
1665.67242493	-0.00026951530268
1665.9865842	-0.000361469824944
1666.30074346	-0.000445264343607
1666.61490273	-0.000522419669724
1666.92906199	-0.000592871029245
1667.24322126	-0.000649275726126
1667.55738053	-0.000690081160713
1667.87153979	-0.00072538769109
1668.18569906	-0.00076387755588
1668.49985832	-0.000807301707486
1668.81401759	-0.000851658784188
1669.12817685	-0.000890264420501
1669.44233612	-0.000916951026731
1669.75649538	-0.000927303848593
1670.07065465	-0.000919360124621
1670.38481391	-0.000894055117683
1670.69897318	-0.000855211545819
1671.01313244	-0.000809837602416
1671.32729171	-0.0007674781872
1671.64145098	-0.000732611508342
1671.95561024	-0.000702421115462
1672.26976951	-0.000674231239513
1672.58392877	-0.000647593224768
1672.89808804	-0.000624165032642
1673.2122473	-0.000603003529254
1673.52640657	-0.00058247255402
1673.84056583	-0.000561939801242
1674.1547251	-0.000540672032705
1674.46888436	-0.000520238983896
1674.78304363	-0.000502498367187
1675.09720289	-0.000490620458551
1675.41136216	-0.000486351886612
1675.72552142	-0.000486287201993
1676.03968069	-0.000485812282488
1676.35383996	-0.000481154953642
1676.66799922	-0.000473437914865
1676.98215849	-0.000464542357414
1677.29631775	-0.000456233782272
1677.61047702	-0.000446364525366
1677.92463628	-0.000432290389388
1678.23879555	-0.000414910921597
1678.55295481	-0.000398092785321
1678.86711408	-0.000385506266345
1679.18127334	-0.000378250862808
1679.49543261	-0.000372453020982
1679.80959187	-0.000360832041056
1680.12375114	-0.000340294024565
1680.43791041	-0.000312263892703
1680.75206967	-0.000279607524459
1681.06622894	-0.000243794201679
1681.3803882	-0.0002057482689
1681.69454747	-0.000168675670123
1682.00870673	-0.000134471507547
1682.322866	-0.000104550766282
1682.63702526	-7.63215668634e-05
1682.95118453	-4.81668655199e-05
1683.26534379	-2.33492791569e-05
1683.57950306	-2.85766037862e-06
1683.89366232	1.40117926481e-05
1684.20782159	2.87832812801e-05
1684.52198085	4.25250737333e-05
1684.83614012	5.80612677037e-05
1685.15029939	7.72429396097e-05
1685.46445865	0.000101058191711
1685.77861792	0.000128859513456
1686.09277718	0.000157592712472
1686.40693645	0.000181393807174
1686.72109571	0.000193920069496
1687.03525498	0.000192227484797
1687.34941424	0.000179749127516
1687.66357351	0.000164153872466
1687.97773277	0.000151755669908
1688.29189204	0.000145592884946
1688.6060513	0.000147971843477
1688.92021057	0.000160443301356
1689.23436984	0.000180927828444
1689.5485291	0.00020523932931
1689.86268837	0.000231096932765
1690.17684763	0.000256967577439
1690.4910069	0.000279735440875
1690.80516616	0.000296784742632
1691.11932543	0.000308869411117
1691.43348469	0.000320120728262
1691.74764396	0.000332829800122
1692.06180322	0.000346227905886
1692.37596249	0.000361252381959
1692.69012175	0.000381700577002
1693.00428102	0.000404900567711
1693.31844029	0.000426399777111
1693.63259955	0.000444809762948
1693.94675882	0.000461025950061
1694.26091808	0.000475319687866
1694.57507735	0.000486233651707
1694.88923661	0.000494786851674
1695.20339588	0.000506223808215
1695.51755514	0.000524613660413
1695.83171441	0.000549481795541
1696.14587367	0.000578273298033
1696.46003294	0.000608323068814
1696.7741922	0.000638076394038
1697.08835147	0.000667059847548
1697.40251073	0.000695523081012
1697.71667	0.000723640132826
1698.03082927	0.000749586676213
1698.34498853	0.000766676594555
1698.6591478	0.000771590489214
1698.97330706	0.000770239528238
1699.28746633	0.000768921329199
1699.60162559	0.000768836154931
1699.91578486	0.00076690780066
1700.22994412	0.00075960569785
1700.54410339	0.000745282929847
1700.85826265	0.000722461275485
1701.17242192	0.000690340468179
1701.48658118	0.00064945480606
1701.80074045	0.000600568419472
1702.11489972	0.000543439483758
1702.42905898	0.00047540457433
1702.74321825	0.000397575268832
1703.05737751	0.000315411053995
1703.37153678	0.000233925019683
1703.68569604	0.000153587733089
1703.99985531	7.18292834962e-05
1704.31401457	-1.30826382776e-05
1704.62817384	-9.8861169768e-05
1704.9423331	-0.000182676606764
1705.25649237	-0.000264790195492
1705.57065163	-0.00034652271088
1705.8848109	-0.000427683869462
1706.19897016	-0.000507596273713
1706.51312943	-0.00058301194154
1706.8272887	-0.00064639825873
1707.14144796	-0.000694076678543
1707.45560723	-0.000729755574972
1707.76976649	-0.000758419226709
1708.08392576	-0.000783101833305
1708.39808502	-0.000805597027769
1708.71224429	-0.000826495534349
1709.02640355	-0.000844572938573
1709.34056282	-0.000857471495384
1709.65472208	-0.000868115798243
1709.96888135	-0.000882778091293
1710.28304061	-0.000902773667238
1710.59719988	-0.00092195291131
1710.91135915	-0.000933149524803
1711.22551841	-0.000934279527014
1711.53967768	-0.000927161406436
1711.85383694	-0.000913529727204
1712.16799621	-0.000894208281049
1712.48215547	-0.000869622236136
1712.79631474	-0.000839937709347
1713.110474	-0.000805596153521
1713.42463327	-0.0007683337106
1713.73879253	-0.000730964472054
1714.0529518	-0.000695507797877
1714.36711106	-0.000659946505574
1714.68127033	-0.000619896422516
1714.99542959	-0.000575161451412
1715.30958886	-0.000526706676659
1715.62374813	-0.000473681016536
1715.93790739	-0.000416690115252
1716.25206666	-0.000359700087087
1716.56622592	-0.000311104483606
1716.88038519	-0.000274836748004
1717.19454445	-0.000252505378088
1717.50870372	-0.0002397805719
1717.82286298	-0.000229037536093
1718.13702225	-0.000219194549248
1718.45118151	-0.000210534842611
1718.76534078	-0.000203489261806
1719.07950004	-0.000197212774738
1719.39365931	-0.00019013343399
1719.70781858	-0.000180131239544
1720.02197784	-0.000164807078596
1720.33613711	-0.000143057502727
1720.65029637	-0.000114999231931
1720.96445564	-8.33123002302e-05
1721.2786149	-5.16829583174e-05
1721.59277417	-2.67148305892e-05
1721.90693343	-1.25200301724e-05
1722.2210927	-6.96042729284e-06
1722.53525196	-4.06326620583e-06
1722.84941123	-2.05743566261e-06
1723.16357049	-1.31213649848e-06
1723.47772976	-8.34138718458e-07
1723.79188902	1.05572357419e-06
1724.10604829	4.00915126269e-06
1724.42020756	7.96031610329e-06
1724.73436682	1.45105844632e-05
1725.04852609	2.4036667702e-05
1725.36268535	3.24236803216e-05
1725.67684462	3.65546890695e-05
1725.99100388	3.95984472931e-05
1726.30516315	4.65627823102e-05
1726.61932241	5.94569129856e-05
1726.93348168	7.62769849764e-05
1727.24764094	9.40437026033e-05
1727.56180021	0.00011152893755
1727.87595947	0.000129394218467
1728.19011874	0.000149416791235
1728.50427801	0.000171645476769
1728.81843727	0.000193206588609
1729.13259654	0.000211276849716
1729.4467558	0.000222933974707
1729.76091507	0.000226918051784
1730.07507433	0.000227059388177
1730.3892336	0.000228730403757
1730.70339286	0.000233497283107
1731.01755213	0.000239750682774
1731.33171139	0.000244728407075
1731.64587066	0.000247023718193
1731.96002992	0.000247848393463
1732.27418919	0.000251453421222
1732.58834845	0.000260305382091
1732.90250772	0.00027261881989
1733.21666699	0.000284529986782
1733.53082625	0.000294116869347
1733.84498552	0.000304632615051
1734.15914478	0.000320621134363
1734.47330405	0.000342464924451
1734.78746331	0.000367684567024
1735.10162258	0.000393302776585
1735.41578184	0.000417171277346
1735.72994111	0.000440382942555
1736.04410037	0.000466631391937
1736.35825964	0.000497849128365
1736.6724189	0.000530889845205
1736.98657817	0.000560929239521
1737.30073744	0.000584660475922
1737.6148967	0.000603540864569
1737.92905597	0.000625936825513
1738.24321523	0.000655881399321
1738.5573745	0.000685681107704
1738.87153376	0.000703195813456
1739.18569303	0.000710289671729
1739.49985229	0.000715273766906
1739.81401156	0.000715737468515
1740.12817082	0.000701681463498
1740.44233009	0.000666214596873
1740.75648935	0.000610030389752
1741.07064862	0.000538606588807
1741.38480788	0.000460109896684
1741.69896715	0.000383575702773
1742.01312642	0.000317042795332
1742.32728568	0.000264382874547
1742.64144495	0.000225537120787
1742.95560421	0.000197814377866
1743.26976348	0.000176817462818
1743.58392274	0.000157367153158
1743.89808201	0.000136069100275
1744.21224127	0.000109833572438
1744.52640054	7.48538923677e-05
1744.8405598	2.58619556537e-05
1745.15471907	-4.16023598093e-05
1745.46887833	-0.000127441987179
1745.7830376	-0.000226852563672
1746.09719687	-0.000334486946636
1746.41135613	-0.000442675344506
1746.7255154	-0.000540714410007
1747.03967466	-0.000621909973575
1747.35383393	-0.000685802787429
1747.66799319	-0.000736829733452
1747.98215246	-0.000778845964591
1748.29631172	-0.000815221495466
1748.61047099	-0.00084941539484
1748.92463025	-0.000884501977768
1749.23878952	-0.000921394411494
1749.55294878	-0.000955361866545
1749.86710805	-0.000978116655359
1750.18126732	-0.000985372123411
1750.49542658	-0.00098021389962
1750.80958585	-0.000967834885706
1751.12374511	-0.000951090074793
1751.43790438	-0.000929127869774
1751.75206364	-0.000899717346877
1752.06622291	-0.000863301123338
1752.38038217	-0.000823874050324
1752.69454144	-0.000785136751796
1753.0087007	-0.000748964358974
1753.32285997	-0.000714176882089
1753.63701923	-0.000678295894958
1753.9511785	-0.000641017296484
1754.26533776	-0.000605128896157
1754.57949703	-0.000572926244013
1754.8936563	-0.000545886122901
1755.20781556	-0.000524796665685
1755.52197483	-0.000509315295829
1755.83613409	-0.000496935462836
1756.15029336	-0.000485548311469
1756.46445262	-0.000475168008589
1756.77861189	-0.000465925511806
1757.09277115	-0.000456974937777
1757.40693042	-0.000446614931212
1757.72108968	-0.000433581997903
1758.03524895	-0.000420233167664
1758.34940821	-0.000410646177757
1758.66356748	-0.000402777675781
1758.97772675	-0.000392740253967
1759.29188601	-0.000378660597375
1759.60604528	-0.000361885844131
1759.92020454	-0.00034364017619
1760.23436381	-0.000326535571402
1760.54852307	-0.000310220756829
1760.86268234	-0.00029263176008
1761.1768416	-0.000272223816349
1761.49100087	-0.000247241615632
1761.80516013	-0.000217765234802
1762.1193194	-0.000184686691213
1762.43347866	-0.000151818603785
1762.74763793	-0.000121054135191
1763.06179719	-9.12446983013e-05
1763.37595646	-5.98766935714e-05
1763.69011573	-2.3303719601e-05
1764.00427499	1.5149293105e-05
1764.31843426	4.91447135368e-05
1764.63259352	7.44721721633e-05
1764.94675279	9.19111062305e-05
1765.26091205	0.000107011398137
1765.57507132	0.000123684847047
1765.88923058	0.000138395147998
1766.20338985	0.000143935897169
1766.51754911	0.00013686478886
1766.83170838	0.000123057473853
1767.14586764	0.000107684630365
1767.46002691	8.63924207731e-05
1767.77418618	5.42098478475e-05
1768.08834544	1.04592646259e-05
1768.40250471	-3.91001251618e-05
1768.71666397	-8.53348778383e-05
1769.03082324	-0.000115521331345
1769.3449825	-0.000118730988929
1769.65914177	-9.01535718658e-05
1769.97330103	-3.43243691297e-05
1770.2874603	3.87629784219e-05
1770.60161956	0.000119095133356
1770.91577883	0.000198664499267
1771.22993809	0.000271286351372
1771.54409736	0.000332736642065
1771.85825662	0.000379967098388
1772.17241589	0.000410242541647
1772.48657516	0.000423250234095
1772.80073442	0.000424833511992
1773.11489369	0.000424790446667
1773.42905295	0.000430080239182
1773.74321222	0.00044216466608
1774.05737148	0.000460218173902
1774.37153075	0.000485698638773
1774.68569001	0.000520785113024
1774.99984928	0.000562650200131
1775.31400854	0.000604839144451
1775.62816781	0.000639870897816
1775.94232707	0.000660254024252
1776.25648634	0.000662089178169
1776.57064561	0.000652151126444
1776.88480487	0.000639991699812
1777.19896414	0.000633145550534
1777.5131234	0.000633683487415
1777.82728267	0.000641274472195
1778.14144193	0.000656342395839
1778.4556012	0.000680600427993
1778.76976046	0.000714733606203
1779.08391973	0.0007561715711
1779.39807899	0.000797757830819
1779.71223826	0.000833538653847
1780.02639752	0.000857496381066
1780.34055679	0.000863877673038
1780.65471605	0.000852327128658
1780.96887532	0.000825879092404
1781.28303459	0.000787961934378
1781.59719385	0.000740017325128
1781.91135312	0.000682963749276
1782.22551238	0.000617952903491
1782.53967165	0.000546506150061
1782.85383091	0.000472457302079
1783.16799018	0.000397667277467
1783.48214944	0.000323614633434
1783.79630871	0.000248402632284
1784.11046797	0.000168077679005
1784.42462724	8.10384180896e-05
1784.7387865	-1.18149143525e-05
1785.05294577	-0.00010900806169
1785.36710504	-0.000208967386754
1785.6812643	-0.000307762770312
1785.99542357	-0.000400664718001
1786.30958283	-0.000484123151974
1786.6237421	-0.000556580777611
1786.93790136	-0.000617915575421
1787.25206063	-0.000668067687242
1787.56621989	-0.000709560322125
1787.88037916	-0.000746623071466
1788.19453842	-0.000783769180576
1788.50869769	-0.000820723393184
1788.82285695	-0.000853583277435
1789.13701622	-0.000881293544551
1789.45117548	-0.000903960641618
1789.76533475	-0.000921024236224
1790.07949402	-0.000929957090702
1790.39365328	-0.000925665090771
1790.70781255	-0.000903640089196
1791.02197181	-0.000867676572291
1791.33613108	-0.000826230305825
1791.65029034	-0.000786874411744
1791.96444961	-0.000753394258965
1792.27860887	-0.000724424040886
1792.59276814	-0.000695149184063
1792.9069274	-0.00066329333375
1793.22108667	-0.000630909232282
1793.53524593	-0.000602016606901
1793.8494052	-0.000580398890886
1794.16356447	-0.000568915859896
1794.47772373	-0.000566763074976
1794.791883	-0.000569920390815
1795.10604226	-0.000573698475541
1795.42020153	-0.000575467724704
1795.73436079	-0.000575000834568
1796.04852006	-0.000570731650994
1796.36267932	-0.000555856105197
1796.67683859	-0.000522831101276
1796.99099785	-0.000471180423259
1797.30515712	-0.000407204491909
1797.61931638	-0.0003384008424
1797.93347565	-0.000272493415418
1798.24763491	-0.000215528012187
1798.56179418	-0.000169663380939
1798.87595345	-0.000134004677524
1799.19011271	-0.000110515904862
1799.50427198	-0.000101130548399
1799.81843124	-0.000103171748273
1800.13259051	-0.000109728077091
1800.44674977	-0.000112325670363
1800.76090904	-0.000107205648992
1801.0750683	-9.25842628685e-05
1801.38922757	-6.94422393721e-05
1801.70338683	-3.91798609941e-05
1802.0175461	-4.93003313053e-06
1802.33170536	2.75938288381e-05
1802.64586463	5.35576513101e-05
1802.9600239	6.8100022201e-05
1803.27418316	6.69179417938e-05
1803.58834243	4.76031612631e-05
1803.90250169	1.55885741128e-05
1804.21666096	-1.86550465784e-05
1804.53082022	-4.49737490003e-05
1804.84497949	-5.97947049172e-05
1805.15913875	-6.21265928826e-05
1805.47329802	-5.18073073129e-05
1805.78745728	-3.00739979013e-05
1806.10161655	-3.4210105224e-07
1806.41577581	3.29605726931e-05
1806.72993508	6.65179999929e-05
1807.04409434	9.7908223438e-05
1807.35825361	0.000123016294083
1807.67241288	0.000140441604625
1807.98657214	0.000152174327214
1808.30073141	0.000161235025696
1808.61489067	0.000169520352462
1808.92904994	0.000176845492455
1809.2432092	0.000184778099532
1809.55736847	0.000194890090479
1809.87152773	0.000209974717477
1810.185687	0.000228815108738
1810.49984626	0.000249639938054
1810.81400553	0.000269092587439
1811.12816479	0.000282261415086
1811.44232406	0.000285446323133
1811.75648333	0.000280530222586
1812.07064259	0.000271971955328
1812.38480186	0.000263876946099
1812.69896112	0.000259930807754
1813.01312039	0.000263280765678
1813.32727965	0.000274284014746
1813.64143892	0.000291923182148
1813.95559818	0.00031573603731
1814.26975745	0.000347515894291
1814.58391671	0.000388252378067
1814.89807598	0.000433363638536
1815.21223524	0.000473586209162
1815.52639451	0.000505218788723
1815.84055378	0.000532054556191
1816.15471304	0.000557847688133
1816.46887231	0.00058331559818
1816.78303157	0.000609249961131
1817.09719084	0.000639924317252
1817.4113501	0.000675610475587
1817.72550937	0.000712455085563
1818.03966863	0.000747504086265
1818.3538279	0.000778112715629
1818.66798716	0.000800890409655
1818.98214643	0.000813234632185
1819.29630569	0.000815113260721
1819.61046496	0.00080983845858
1819.92462422	0.000801103933458
1820.23878349	0.000788714841735
1820.55294276	0.000770452202714
1820.86710202	0.000745011124044
1821.18126129	0.000712262972582
1821.49542055	0.000673004243927
1821.80957982	0.000628333642585
1822.12373908	0.000579010878946
1822.43789835	0.000525685446081
1822.75205761	0.000467147219743
1823.06621688	0.000402822818891
1823.38037614	0.000334806714106
1823.69453541	0.000268848966179
1824.00869467	0.000205939293088
1824.32285394	0.000143412832762
1824.63701321	7.92679938491e-05
1824.95117247	1.34943509085e-05
1825.26533174	-5.29412541362e-05
1825.579491	-0.000119667761538
1825.89365027	-0.000184109141735
1826.20780953	-0.000245468357464
1826.5219688	-0.000306487299511
1826.83612806	-0.00036905899693
1827.15028733	-0.000432080952448
1827.46444659	-0.000490853762586
1827.77860586	-0.000540745460299
1828.09276512	-0.000580880723781
1828.40692439	-0.00061171481274
1828.72108365	-0.000636093660644
1829.03524292	-0.000656685174392
1829.34940219	-0.000676710495467
1829.66356145	-0.000697041624322
1829.97772072	-0.000718789206947
1830.29187998	-0.000742718027889
1830.60603925	-0.000769679880567
1830.92019851	-0.000797855188964
1831.23435778	-0.000823177882454
1831.54851704	-0.000838778499733
1831.86267631	-0.000840925520361
1832.17683557	-0.00082924648045
1832.49099484	-0.000806995783043
1832.8051541	-0.000777712094592
1833.11931337	-0.00074692567108
1833.43347264	-0.000717807213764
1833.7476319	-0.00069058392752
1834.06179117	-0.000666698113237
1834.37595043	-0.000647641063953
1834.6901097	-0.000634642473891
1835.00426896	-0.000626284497468
1835.31842823	-0.000618008217261
1835.63258749	-0.000606313495885
1835.94674676	-0.000593262815644
1836.26090602	-0.000581577815834
1836.57506529	-0.000568668788167
1836.88922455	-0.000551085433525
1837.20338382	-0.000527462222378
1837.51754308	-0.000499207058759
1837.83170235	-0.000469340863514
1838.14586162	-0.000441901623612
1838.46002088	-0.000420048031425
1838.77418015	-0.000403731507866
1839.08833941	-0.00038929462998
1839.40249868	-0.000371788644815
1839.71665794	-0.000349395632434
1840.03081721	-0.000321101649976
1840.34497647	-0.000287778445182
1840.65913574	-0.000252093899062
1840.973295	-0.000216567086312
1841.28745427	-0.000182302113625
1841.60161353	-0.000148442417964
1841.9157728	-0.000116559225415
1842.22993207	-9.23055560936e-05
1842.54409133	-7.88514110915e-05
1842.8582506	-7.35490053125e-05
1843.17240986	-6.99149585111e-05
1843.48656913	-6.19671204831e-05
1843.80072839	-4.72067427404e-05
1844.11488766	-2.74166575368e-05
1844.42904692	-7.0081475066e-06
1844.74320619	1.05873994955e-05
1845.05736545	2.43978536235e-05
1845.37152472	3.47765342259e-05
1845.68568398	4.26200774953e-05
1845.99984325	4.76773102461e-05
1846.31400251	5.02512946241e-05
1846.62816178	5.27300187423e-05
1846.94232105	5.96147947276e-05
1847.25648031	7.45766138583e-05
1847.57063958	9.66906115194e-05
1847.88479884	0.000123786767679
1848.19895811	0.000152914513806
1848.51311737	0.000182155648986
1848.82727664	0.00021025187479
1849.1414359	0.000237170568753
1849.45559517	0.000261445176395
1849.76975443	0.000281334578978
1850.0839137	0.000295113676256
1850.39807296	0.00030262159182
1850.71223223	0.000307356310049
1851.0263915	0.00031119817285
1851.34055076	0.000317157973142
1851.65471003	0.000329058703795
1851.96886929	0.000346811812906
1852.28302856	0.000367836609525
1852.59718782	0.000388775916294
1852.91134709	0.000408068740291
1853.22550635	0.000424549209352
1853.53966562	0.000438322758354
1853.85382488	0.000449563125858
1854.16798415	0.000459677656881
1854.48214341	0.000474483845903
1854.79630268	0.00050064918485
1855.11046194	0.000538643361776
1855.42462121	0.000582727626849
1855.73878048	0.000625716852211
1856.05293974	0.000661991212134
1856.36709901	0.00068907801208
1856.68125827	0.000707615567041
1856.99541754	0.000719003079783
1857.3095768	0.000724526957829
1857.62373607	0.000725974629511
1857.93789533	0.00072660306666
1858.2520546	0.000728748558152
1858.56621386	0.000733668165161
1858.88037313	0.000741839121147
1859.19453239	0.000752421818909
1859.50869166	0.000763342499448
1859.82285093	0.000770716757979
1860.13701019	0.000769257695699
1860.45116946	0.000757073549201
1860.76532872	0.000736739817433
1861.07948799	0.000710415274753
1861.39364725	0.00067719335598
1861.70780652	0.000634767637463
1862.02196578	0.000581389771403
1862.33612505	0.000517461067823
1862.65028431	0.000446400620645
1862.96444358	0.000370741706849
1863.27860284	0.000290451270259
1863.59276211	0.000206664441536
1863.90692137	0.000121442053442
1864.22108064	3.67396451121e-05
1864.53523991	-4.73671196345e-05
1864.84939917	-0.00013185638493
1865.16355844	-0.000218530248368
1865.4777177	-0.00030993850046
1865.79187697	-0.000407042535598
1866.10603623	-0.000506814362666
1866.4201955	-0.000599666970479
1866.73435476	-0.000675215307047
1867.04851403	-0.000729266075936
1867.36267329	-0.000762930309444
1867.67683256	-0.000780400340607
1867.99099182	-0.000785725735171
1868.30515109	-0.000781607785666
1868.61931036	-0.000771287257147
1868.93346962	-0.000759732349488
1869.24762889	-0.000752808302465
1869.56178815	-0.000754244506319
1869.87594742	-0.000762712891475
1870.19010668	-0.000771217834357
1870.50426595	-0.000773295986189
1870.81842521	-0.00076828561642
1871.13258448	-0.000759324707263
1871.44674374	-0.000750204474172
1871.76090301	-0.000741579296426
1872.07506227	-0.000732899033199
1872.38922154	-0.000722159150464
1872.70338081	-0.000708045193776
1873.01754007	-0.000690126766338
1873.33169934	-0.000670529621544
1873.6458586	-0.000652220042938
1873.96001787	-0.000636497673904
1874.27417713	-0.000622120068499
1874.5883364	-0.000608434437104
1874.90249566	-0.000596435759213
1875.21665493	-0.000588727602454
1875.53081419	-0.000587054467826
1875.84497346	-0.000593375434394
1876.15913272	-0.000599869440424
1876.47329199	-0.000592713715764
1876.78745125	-0.000570301103519
1877.10161052	-0.000539463703278
1877.41576979	-0.000506545756968
1877.72992905	-0.000475355541396
1878.04408832	-0.000447823578623
1878.35824758	-0.00042156464145
1878.67240685	-0.000393001506872
1878.98656611	-0.000360387522058
1879.30072538	-0.00032352547531
1879.61488464	-0.000282387317646
1879.92904391	-0.000236756719757
1880.24320317	-0.000188289933082
1880.55736244	-0.000141288269677
1880.8715217	-0.000101330030259
1881.18568097	-7.20137436114e-05
1881.49984024	-5.46102405858e-05
1881.8139995	-4.65003874547e-05
1882.12815877	-4.11430242581e-05
1882.44231803	-3.29001615715e-05
1882.7564773	-1.99692392014e-05
1883.07063656	-3.55034148123e-06
1883.38479583	1.53214558712e-05
1883.69895509	3.58808132152e-05
1884.01311436	5.66322101611e-05
1884.32727362	7.68921458815e-05
1884.64143289	9.51352426122e-05
1884.95559215	0.000108761591003
1885.26975142	0.000113042138998
1885.58391068	0.000105795364957
1885.89806995	9.01949824608e-05
1886.21222922	7.52786462186e-05
1886.52638848	6.89972544164e-05
1886.84054775	7.25897510058e-05
1887.15470701	8.20801964938e-05
1887.46886628	9.38973436367e-05
1887.78302554	0.000106784479363
1888.09718481	0.00012120398864
1888.41134407	0.000136811945368
1888.72550334	0.0001529409622
1889.0396626	0.000167915673294
1889.35382187	0.000179473190979
1889.66798113	0.000189889631761
1889.9821404	0.000202534472474
1890.29629967	0.00022005030899
1890.61045893	0.00024162954307
1890.9246182	0.000265939517452
1891.23877746	0.000289651897463
1891.55293673	0.000309425248739
1891.86709599	0.00032141683398
1892.18125526	0.000325664515024
1892.49541452	0.000329028309363
1892.80957379	0.000337508691295
1893.12373305	0.000349012069241
1893.43789232	0.00036057600452
1893.75205158	0.00037451116344
1894.06621085	0.000394347307298
1894.38037011	0.000422385529095
1894.69452938	0.000458254033014
1895.00868865	0.000499509692144
1895.32284791	0.000544050875534
1895.63700718	0.00059064219214
1895.95116644	0.000635775656446
1896.26532571	0.000675737659387
1896.57948497	0.000708151436148
1896.89364424	0.000730851068069
1897.2078035	0.000743083345066
1897.52196277	0.000747726530611
1897.83612203	0.000749299965086
1898.1502813	0.000751759707285
1898.46444056	0.000757350360735
1898.77859983	0.000766700712872
1899.0927591	0.000778855723066
1899.40691836	0.000791450621848
1899.72107763	0.000801026649859
1900.03523689	0.000803451062695
1900.34939616	0.00079426399399
1900.66355542	0.000769086061815
1900.97771469	0.000724646594261
1901.29187395	0.000662124270268
1901.60603322	0.000589240013552
1901.92019248	0.000518826947055
1902.23435175	0.000459636591077
1902.54851101	0.000405384380652
1902.86267028	0.000346378426842
1903.17682954	0.000278956812835
1903.49098881	0.000205889581559
1903.80514808	0.000132937210779
1904.11930734	6.42577853789e-05
1904.43346661	8.36452031394e-07
1904.74762587	-6.05202457281e-05
1905.06178514	-0.000124241789824
1905.3759444	-0.000189918281213
1905.69010367	-0.000253629337779
1906.00426293	-0.000312755435194
1906.3184222	-0.000367547206713
1906.63258146	-0.000420280023905
1906.94674073	-0.000471864931663
1907.26089999	-0.000522383982554
1907.57505926	-0.000571319638296
1907.88921853	-0.000618167143411
1908.20337779	-0.000663404865685
1908.51753706	-0.000708000735596
1908.83169632	-0.000752708080708
1909.14585559	-0.000795099830796
1909.46001485	-0.000831092742189
1909.77417412	-0.000857227307055
1910.08833338	-0.000872181322732
1910.40249265	-0.000877535849306
1910.71665191	-0.000875799250591
1911.03081118	-0.000869546608141
1911.34497044	-0.000860075152834
1911.65912971	-0.000849466780971
1911.97328897	-0.000838499346947
1912.28744824	-0.000827843995132
1912.60160751	-0.000817215443765
1912.91576677	-0.000805034711211
1913.22992604	-0.000789519082986
1913.5440853	-0.000770040847877
1913.85824457	-0.000749441754335
1914.17240383	-0.000731385781756
1914.4865631	-0.000716034005998
1914.80072236	-0.000701036584065
1915.11488163	-0.000683877864178
1915.42904089	-0.000663079967664
1915.74320016	-0.000638807041642
1916.05735942	-0.000612798147792
1916.37151869	-0.000587984379432
1916.68567796	-0.000566367088676
1916.99983722	-0.000546403525958
1917.31399649	-0.000527198220382
1917.62815575	-0.000511089416992
1917.94231502	-0.000502262705199
1918.25647428	-0.000501649218306
1918.57063355	-0.0004962390395
1918.88479281	-0.000474293663805
1919.19895208	-0.000440774040796
1919.51311134	-0.000405994235944
1919.82727061	-0.000375714614358
1920.14142987	-0.000350083170478
1920.45558914	-0.000325552042474
1920.7697484	-0.00029762825666
1921.08390767	-0.000262878298478
1921.39806694	-0.000218726207766
1921.7122262	-0.000166144873747
1922.02638547	-0.000109315903617
1922.34054473	-5.30346079512e-05
1922.654704	-2.02921690685e-06
1922.96886326	3.85817423786e-05
1923.28302253	6.62775175757e-05
1923.59718179	8.18102689535e-05
1923.91134106	8.67519348044e-05
1924.22550032	8.29645217688e-05
1924.53965959	7.19894402185e-05
1924.85381885	5.74105926164e-05
1925.16797812	4.44057616053e-05
1925.48213739	3.68635452908e-05
1925.79629665	3.7514616739e-05
1926.11045592	4.56735535665e-05
1926.42461518	5.99249918094e-05
1926.73877445	7.83928975934e-05
1927.05293371	9.79198454797e-05
1927.36709298	0.000114834665401
1927.68125224	0.000124116460819
1927.99541151	0.000125141830015
1928.30957077	0.000127371226331
1928.62373004	0.000139141556796
1928.9378893	0.000154404641511
1929.25204857	0.000162207512034
1929.56620783	0.000160943897139
1929.8803671	0.000155870467392
1930.19452637	0.000154229668968
1930.50868563	0.000162192328687
1930.8228449	0.000182576779485
1931.13700416	0.000216450574472
1931.45116343	0.00026386717049
1931.76532269	0.000320280444174
1932.07948196	0.00037893366272
1932.39364122	0.000433436449026
1932.70780049	0.0004811070202
1933.02195975	0.000522269322816
1933.33611902	0.000558204762947
1933.65027828	0.000590043662183
1933.96443755	0.000618853799118
1934.27859682	0.000645635607591
1934.59275608	0.000670969201527
1934.90691535	0.000695196532737
1935.22107461	0.000717157429458
1935.53523388	0.00073618086139
1935.84939314	0.000750588330748
1936.16355241	0.000759571168351
1936.47771167	0.000763381497823
1936.79187094	0.000764766458709
1937.1060302	0.000766602610512
1937.42018947	0.000768361421298
1937.73434873	0.000768271648293
1938.048508	0.000763767046871
1938.36266727	0.000753985946007
1938.67682653	0.000742888092696
1938.9909858	0.000733088650077
1939.30514506	0.000722745235831
1939.61930433	0.000707986156275
1939.93346359	0.000686106686282
1940.24762286	0.000657331609643
1940.56178212	0.000623910076165
1940.87594139	0.000587723556078
1941.19010065	0.000549766712014
1941.50425992	0.000510727925419
1941.81841918	0.000470013522969
1942.13257845	0.00042574241923
1942.44673771	0.000377195783336
1942.76089698	0.000326267710354
1943.07505625	0.0002759616729
1943.38921551	0.000226304902063
1943.70337478	0.000173029730855
1944.01753404	0.000112626349758
1944.33169331	4.49122144687e-05
1944.64585257	-2.70107223022e-05
1944.96001184	-9.81509696759e-05
1945.2741711	-0.00016506040592
1945.58833037	-0.000226785378217
1945.90248963	-0.000283604577785
1946.2166489	-0.00033613364265
1946.53080816	-0.000385058714542
1946.84496743	-0.000430772823409
1947.1591267	-0.0004742507878
1947.47328596	-0.000517092872406
1947.78744523	-0.000560656701658
1948.10160449	-0.000606630511071
1948.41576376	-0.000654035302666
1948.72992302	-0.000699323121359
1949.04408229	-0.000737437824472
1949.35824155	-0.000764374180271
1949.67240082	-0.000780447652555
1949.98656008	-0.000788684329729
1950.30071935	-0.000791208065751
1950.61487861	-0.000788397612892
1950.92903788	-0.000780339255717
1951.24319714	-0.000768791931702
1951.55735641	-0.000756064176089
1951.87151568	-0.000745182210878
1952.18567494	-0.000738783282001
1952.49983421	-0.000735182696215
1952.81399347	-0.000731943078073
1953.12815274	-0.000728244687854
1953.442312	-0.000723922883431
1953.75647127	-0.000717347935197
1954.07063053	-0.000705116194273
1954.3847898	-0.000687788866637
1954.69894906	-0.000671107542212
1955.01310833	-0.000660668032066
1955.32726759	-0.00065849583715
1955.64142686	-0.000659590891933
1955.95558613	-0.000659922100057
1956.26974539	-0.000657997297213
1956.58390466	-0.000652199117087
1956.89806392	-0.000641928975476
1957.21222319	-0.000624461895217
1957.52638245	-0.000597515794463
1957.84054172	-0.000560160083521
1958.15470098	-0.000512572996627
1958.46886025	-0.000455705182504
1958.78301951	-0.000392912853866
1959.09717878	-0.000329807628312
1959.41133804	-0.00027067553739
1959.72549731	-0.000218788532309
1960.03965657	-0.000175323037278
1960.35381584	-0.000139515668717
1960.66797511	-0.000108683811291
1960.98213437	-8.07963430599e-05
1961.29629364	-5.55560852981e-05
1961.6104529	-3.33759453788e-05
1961.92461217	-1.40382812951e-05
1962.23877143	3.19043123715e-06
1962.5529307	2.05819764008e-05
1962.86708996	3.82981483876e-05
1963.18124923	5.30928775755e-05
1963.49540849	6.07447984069e-05
1963.80956776	5.86436525341e-05
1964.12372702	4.75770870197e-05
1964.43788629	3.21131069099e-05
1964.75204556	1.7861903615e-05
1965.06620482	7.72103219186e-06
1965.38036409	1.66954668217e-06
1965.69452335	-1.45887999442e-06
1966.00868262	-3.51566649917e-07
1966.32284188	6.62318613833e-06
1966.63700115	1.96605335673e-05
1966.95116041	3.81486847399e-05
1967.26531968	6.02019407262e-05
1967.57947894	8.25972032489e-05
1967.89363821	0.00010150394252
1968.20779747	0.000116130082804
1968.52195674	0.000130963585977
1968.836116	0.000148854551542
1969.15027527	0.000169991715202
1969.46443454	0.000192642528502
1969.7785938	0.00021904769144
1970.09275307	0.000251601174012
1970.40691233	0.000288664291049
1970.7210716	0.000324667479768
1971.03523086	0.000354697975587
1971.34939013	0.000375592616404
1971.66354939	0.000386561457847
1971.97770866	0.000390598317125
1972.29186792	0.000394057518136
1972.60602719	0.000402048534702
1972.92018645	0.000416532586056
1973.23434572	0.000435877559796
1973.54850499	0.000458645606654
1973.86266425	0.000484062289819
1974.17682352	0.000512630669954
1974.49098278	0.000544800699687
1974.80514205	0.000580169539257
1975.11930131	0.000615826987984
1975.43346058	0.000647307965439
1975.74761984	0.000672685251865
1976.06177911	0.000694591320738
1976.37593837	0.000717846373798
1976.69009764	0.000741587623514
1977.0042569	0.000761491717284
1977.31841617	0.000775318452237
1977.63257543	0.000783662404847
1977.9467347	0.000787328591048
1978.26089397	0.000788657283843
1978.57505323	0.000798294923381
1978.8892125	0.000818391504361
1979.20337176	0.000837276764668
1979.51753103	0.000841408859078
1979.83169029	0.000825997626791
1980.14584956	0.000795172260777
1980.46000882	0.000755570271266
1980.77416809	0.000712389897674
1981.08832735	0.00066857460436
1981.40248662	0.000625874272133
1981.71664588	0.000584568117485
1982.03080515	0.000543247154993
1982.34496442	0.000500411391754
1982.65912368	0.000453708605152
1982.97328295	0.000399842819273
1983.28744221	0.000335571487803
1983.60160148	0.000259354041557
1983.91576074	0.000174225466747
1984.22992001	8.57912110777e-05
1984.54407927	-2.29554125566e-06
1984.85823854	-8.83697999222e-05
1985.1723978	-0.000170981065909
1985.48655707	-0.000248738681776
1985.80071633	-0.000320724686195
1986.1148756	-0.000384953479461
1986.42903486	-0.000438388890265
1986.74319413	-0.00048145436875
1987.0573534	-0.000519074871115
1987.37151266	-0.000556845781962
1987.68567193	-0.000597013083144
1987.99983119	-0.000636859182564
1988.31399046	-0.000672950097076
1988.62814972	-0.000703836145588
1988.94230899	-0.000729689158326
1989.25646825	-0.000750546237204
1989.57062752	-0.000766493882241
1989.88478678	-0.00077754871755
1990.19894605	-0.000784175973044
1990.51310531	-0.000787837414315
1990.82726458	-0.000789847081938
1991.14142385	-0.000794705158525
1991.45558311	-0.000803884595404
1991.76974238	-0.000814437355182
1992.08390164	-0.000822546229011
1992.39806091	-0.000826983387843
1992.71222017	-0.000828368731958
1993.02637944	-0.000825346107691
1993.3405387	-0.000816508807997
1993.65469797	-0.000800402095465
1993.96885723	-0.000776099736516
1994.2830165	-0.000743630412743
1994.59717576	-0.000705887414395
1994.91133503	-0.000669499132873
1995.2254943	-0.000640118781083
1995.53965356	-0.000617191251249
1995.85381283	-0.000596653236302
1996.16797209	-0.000576176269898
1996.48213136	-0.000552203775193
1996.79629062	-0.000523125613946
1997.11044989	-0.000491685055228
1997.42460915	-0.000462009352453
1997.73876842	-0.000436526728853
1998.05292768	-0.000415942833826
1998.36708695	-0.000398432890623
1998.68124621	-0.000383223257836
1998.99540548	-0.000368136236523
1999.30956474	-0.00034978246133
1999.62372401	-0.000322879564093
1999.93788328	-0.000284805772192
2000.25204254	-0.000239086085539
2000.56620181	-0.000192138914506
2000.88036107	-0.000150392891021
2001.19452034	-0.000118520911821
2001.5086796	-9.82247020891e-05
2001.82283887	-8.90279216772e-05
2002.13699813	-8.69395737333e-05
2002.4511574	-8.47413032687e-05
2002.76531666	-8.23172066528e-05
2003.07947593	-8.15987627487e-05
2003.39363519	-7.94409528209e-05
2003.70779446	-7.19318895231e-05
2004.02195373	-5.90351070305e-05
2004.33611299	-4.21967242808e-05
2004.65027226	-2.35883917918e-05
2004.96443152	-3.12566935832e-06
2005.27859079	2.17226184163e-05
2005.59275005	5.06049025164e-05
2005.90690932	7.9630251281e-05
2006.22106858	0.000104166792918
2006.53522785	0.000120786510113
2006.84938711	0.000129445527142
2007.16354638	0.000134453379996
2007.47770564	0.000142551096858
2007.79186491	0.000158269047044
2008.10602417	0.000181714577725
2008.42018344	0.000210915861873
2008.73434271	0.000243373368499
2009.04850197	0.000277017263386
2009.36266124	0.000310490930473
2009.6768205	0.000342829281733
2009.99097977	0.000372438843588
2010.30513903	0.000397084353439
2010.6192983	0.000415435898385
2010.93345756	0.000426988548141
2011.24761683	0.000435767543158
2011.56177609	0.000446320594673
2011.87593536	0.0004618125697
2012.19009462	0.000481761746793
2012.50425389	0.000504304344127
2012.81841316	0.000525603856969
2013.13257242	0.000543659976635
2013.44673169	0.000561276986998
2013.76089095	0.000581668392557
2014.07505022	0.00060349667168
2014.38920948	0.000621756791909
2014.70336875	0.000633595940895
2015.01752801	0.000639950909558
2015.33168728	0.000644543897787
2015.64584654	0.00064987605983
2015.96000581	0.000658631506233
2016.27416507	0.00067344105623
2016.58832434	0.000693707073627
2016.9024836	0.00071800604195
2017.21664287	0.000743629559411
2017.53080214	0.00076794952305
2017.8449614	0.000787521641896
2018.15912067	0.000801226172379
2018.47327993	0.000810095292339
2018.7874392	0.000817353346732
2019.10159846	0.000822889505033
2019.41575773	0.000823490129029
2019.72991699	0.000814735179389
2020.04407626	0.000794427856301
2020.35823552	0.000763192333183
2020.67239479	0.000724180474463
2020.98655405	0.000680849001906
2021.30071332	0.000636359310462
2021.61487259	0.000590283590074
2021.92903185	0.000539872241433
2022.24319112	0.000482894227752
2022.55735038	0.000418338423884
2022.87150965	0.000348617218823
2023.18566891	0.000277728121184
2023.49982818	0.000207353965219
2023.81398744	0.000136579144414
2024.12814671	6.39734107752e-05
2024.44230597	-1.06053488847e-05
2024.75646524	-8.59255601292e-05
2025.0706245	-0.000159701653735
2025.38478377	-0.000229416722518
2025.69894303	-0.000293822592011
2026.0131023	-0.000355020809983
2026.32726157	-0.000416911661653
2026.64142083	-0.000481246121016
2026.9555801	-0.000545735123581
2027.26973936	-0.000607632720729
2027.58389863	-0.000665691277705
2027.89805789	-0.000721449763762
2028.21221716	-0.000776285920247
2028.52637642	-0.00082829450923
2028.84053569	-0.000872983059096
2029.15469495	-0.000906080773636
2029.46885422	-0.000924893823092
2029.78301348	-0.000930319922634
2030.09717275	-0.000925676909907
2030.41133202	-0.000913967327506
2030.72549128	-0.00089818269206
2031.03965055	-0.000879299277527
2031.35380981	-0.000858322961885
2031.66796908	-0.000836228818335
2031.98212834	-0.000815583910223
2032.29628761	-0.000795950677605
2032.61044687	-0.000774829884293
2032.92460614	-0.000751248873034
2033.2387654	-0.000727551426094
2033.55292467	-0.000705976238408
2033.86708393	-0.000688828453281
2034.1812432	-0.000677659474816
2034.49540246	-0.000669184309293
2034.80956173	-0.000657885884825
2035.123721	-0.000637823488115
2035.43788026	-0.000607388760241
2035.75203953	-0.000569002513546
2036.06619879	-0.000527083118591
2036.38035806	-0.000485734485995
2036.69451732	-0.000446614069885
2037.00867659	-0.000411372879001
2037.32283585	-0.000381152549892
2037.63699512	-0.000358683784267
2037.95115438	-0.000346186706958
2038.26531365	-0.00034286781379
2038.57947291	-0.000342785290652
2038.89363218	-0.000328620602775
2039.20779145	-0.000296491468306
2039.52195071	-0.000256832196081
2039.83610998	-0.000220750810633
2040.15026924	-0.000193210006186
2040.46442851	-0.000171612773952
2040.77858777	-0.000152197483568
2041.09274704	-0.000131631807545
2041.4069063	-0.000109002353961
2041.72106557	-8.64615384501e-05
2042.03522483	-6.7818240677e-05
2042.3493841	-5.4311344408e-05
2042.66354336	-4.36874157779e-05
2042.97770263	-3.31309336466e-05
2043.29186189	-2.10865811849e-05
2043.60602116	-8.40880390242e-06
2043.92018043	2.657641828e-06
2044.23433969	1.08544365394e-05
2044.54849896	1.44820778243e-05
2044.86265822	1.18180872024e-05
2045.17681749	4.78484423736e-06
2045.49097675	-3.65656514143e-07
2045.80513602	1.87489430963e-07
2046.11929528	5.83764662242e-06
2046.43345455	1.58563701019e-05
2046.74761381	3.07987978794e-05
2047.06177308	5.2121366727e-05
2047.37593234	7.98164698514e-05
2047.69009161	0.000113390883018
2048.00425088	0.000152581784131
2048.31841014	0.000196662530265
2048.63256941	0.000242212449104
2048.94672867	0.000284553976665
2049.26088794	0.000321128360008
2049.5750472	0.000350578997
2049.88920647	0.000371785952164
2050.20336573	0.0003858076374
2050.517525	0.00039693134903
2050.83168426	0.000408345702025
2051.14584353	0.000421468553496
2051.46000279	0.000436185941924
2051.77416206	0.000451424342894
2052.08832132	0.000467417673654
2052.40248059	0.000483571312191
2052.71663986	0.000499162175317
2053.03079912	0.000513092295274
2053.34495839	0.000524608679263
2053.65911765	0.000533897892617
2053.97327692	0.000540698867115
2054.28743618	0.00054604718913
2054.60159545	0.000551112168613
2054.91575471	0.000557958291445
2055.22991398	0.000568873742054
2055.54407324	0.000584829968017
2055.85823251	0.000606505230203
2056.17239177	0.000633719014938
2056.48655104	0.000665024321988
2056.80071031	0.000698942031574
2057.11486957	0.000733347381541
2057.42902884	0.000765052301894
2057.7431881	0.000792334520139
2058.05734737	0.000817720903336
2058.37150663	0.000844072387145
2058.6856659	0.000868748049913
2058.99982516	0.000885172562047
2059.31398443	0.00088812331681
2059.62814369	0.000875208794444
2059.94230296	0.000847861594132
2060.25646222	0.000809730650495
2060.57062149	0.000765032646761
2060.88478076	0.000716954065613
2061.19894002	0.000666554709394
2061.51309929	0.000613012216772
2061.82725855	0.000556034120138
2062.14141782	0.000496222877364
2062.45557708	0.000434423390993
2062.76973635	0.000369927442898
2063.08389561	0.00030031706728
2063.39805488	0.000223540929605
2063.71221414	0.00013868619251
2064.02637341	4.72028636292e-05
2064.34053267	-4.71754825545e-05
2064.65469194	-0.000138515871136
2064.9688512	-0.000224335320024
2065.28301047	-0.000307982633797
2065.59716974	-0.000393211147552
2065.911329	-0.000478573039006
2066.22548827	-0.000558172973948
2066.53964753	-0.000628437391197
2066.8538068	-0.000690065701225
2067.16796606	-0.000742967892608
2067.48212533	-0.000785709297181
2067.79628459	-0.000818196879553
2068.11044386	-0.000840933702901
2068.42460312	-0.000855149750159
2068.73876239	-0.000862520500236
2069.05292165	-0.000865943234966
2069.36708092	-0.00086810539771
2069.68124019	-0.000867249121106
2069.99539945	-0.000859024496568
2070.30955872	-0.000842064242695
2070.62371798	-0.000818824578493
2070.93787725	-0.000793213020207
2071.25203651	-0.000768288168303
2071.56619578	-0.000746170280821
2071.88035504	-0.000727996755658
2072.19451431	-0.000713808171303
2072.50867357	-0.000704579002785
2072.82283284	-0.000702440548704
2073.1369921	-0.000705939818361
2073.45115137	-0.000711431792513
2073.76531063	-0.000712557025982
2074.0794699	-0.000706384842477
2074.39362917	-0.000691560704648
2074.70778843	-0.000670122270488
2075.0219477	-0.000642506691105
2075.33610696	-0.000609752176201
2075.65026623	-0.000573877193547
2075.96442549	-0.000535220909197
2076.27858476	-0.000496163212553
2076.59274402	-0.000459229228913
2076.90690329	-0.000426422154697
2077.22106255	-0.000400756036588
2077.53522182	-0.00038236270401
2077.84938108	-0.000367979645763
2078.16354035	-0.000354743860398
2078.47769962	-0.000338793302189
2078.79185888	-0.000320755543509
2079.10601815	-0.000303380127295
2079.42017741	-0.000289381880368
2079.73433668	-0.000280062290595
2080.04849594	-0.000271953361863
2080.36265521	-0.000257614728673
2080.67681447	-0.000231666876373
2080.99097374	-0.000202512984691
2081.305133	-0.000179980640091
2081.61929227	-0.0001665914768
2081.93345153	-0.000158004700046
2082.2476108	-0.000148855878347
2082.56177006	-0.000134561712313
2082.87592933	-0.000114096203078
2083.1900886	-8.70858774164e-05
2083.50424786	-5.64830572943e-05
2083.81840713	-2.61494592083e-05
2084.13256639	8.35214790473e-07
2084.44672566	2.3450475988e-05
2084.76088492	4.0221167022e-05
2085.07504419	5.19144209992e-05
2085.38920345	6.1841821282e-05
2085.70336272	7.53876309395e-05
2086.01752198	9.64891792971e-05
2086.33168125	0.000125194431294
2086.64584051	0.000159536837509
2086.95999978	0.000197088972632
2087.27415905	0.000235487679256
2087.58831831	0.000272569010912
2087.90247758	0.000306596089843
2088.21663684	0.000336364087122
2088.53079611	0.000360348673068
2088.84495537	0.000375868121977
2089.15911464	0.000381556586166
2089.4732739	0.000379221801175
2089.78743317	0.000372225587341
2090.10159243	0.000363801727468
2090.4157517	0.000357779678266
2090.72991096	0.000356893535474
2091.04407023	0.000360440460685
2091.35822949	0.000365344686973
2091.67238876	0.000369679880752
2091.98654803	0.000373045883499
2092.30070729	0.000377532678516
2092.61486656	0.00038535936748
2092.92902582	0.000397117469003
2093.24318509	0.000413691489778
2093.55734435	0.000436176197305
2093.87150362	0.000465129584635
2094.18566288	0.000499890398107
2094.49982215	0.000539652095847
2094.81398141	0.000581767524377
2095.12814068	0.000623199188644
2095.44229994	0.000663991033951
2095.75645921	0.000703848398693
2096.07061848	0.000741632997965
2096.38477774	0.0007739310681
2096.69893701	0.000796299470941
2097.01309627	0.00080701315158
2097.32725554	0.00080821757588
2097.6414148	0.000805793337906
2097.95557407	0.000803724204415
2098.26973333	0.00080345326745
2098.5838926	0.000804868503525
2098.89805186	0.000806754206431
2099.21221113	0.000806563287587
2099.52637039	0.000801180729488
2099.84052966	0.000787287299499
2100.15468892	0.000762151426862
2100.46884819	0.000723628269981
2100.78300746	0.000670139886701
2101.09716672	0.000603115526366
2101.41132599	0.000527167492545
2101.72548525	0.000447907106908
2102.03964452	0.000368932381869
2102.35380378	0.000290441073627
2102.66796305	0.000211255417698
2102.98212231	0.000134307524558
2103.29628158	6.21572207325e-05
2103.61044084	-5.9074429546e-06
2103.92460011	-7.31166759665e-05
2104.23875937	-0.000143401798921
2104.55291864	-0.000220195504079
2104.86707791	-0.000304129371064
2105.18123717	-0.000389192802732
2105.49539644	-0.000465924753713
2105.8095557	-0.000527648175452
2106.12371497	-0.000574940860334
2106.43787423	-0.000612071188976
2106.7520335	-0.000643595300632
2107.06619276	-0.0006720363157
2107.38035203	-0.000698619655071
2107.69451129	-0.000724165716973
2108.00867056	-0.000748496732241
2108.32282982	-0.00077162972668
2108.63698909	-0.000794227165448
2108.95114835	-0.000815026228835
2109.26530762	-0.000830031698235
2109.57946689	-0.000836877220799
2109.89362615	-0.000835988600415
2110.20778542	-0.000828981323609
2110.52194468	-0.000816928180042
2110.83610395	-0.000799435742387
2111.15026321	-0.000775843938077
2111.46442248	-0.000748302765157
2111.77858174	-0.000720502482711
2112.09274101	-0.00069542493644
2112.40690027	-0.000675768337291
2112.72105954	-0.000662243426243
2113.0352188	-0.00065170451214
2113.34937807	-0.000641139776407
2113.66353734	-0.000629019535391
2113.9776966	-0.000614325144758
2114.29185587	-0.000597545118538
2114.60601513	-0.00057787664056
2114.9201744	-0.000557007429204
2115.23433366	-0.00053545604741
2115.54849293	-0.000512342581836
2115.86265219	-0.000488322264582
2116.17681146	-0.000466212682243
2116.49097072	-0.000448782264741
2116.80512999	-0.000434993928388
2117.11928925	-0.000422675137507
2117.43344852	-0.000410285788424
2117.74760779	-0.000397495433112
2118.06176705	-0.000380850750897
2118.37592632	-0.00035885878061
2118.69008558	-0.00033353475761
2119.00424485	-0.000307446213767
2119.31840411	-0.00028184531489
2119.63256338	-0.000256075831355
2119.94672264	-0.000230274550657
2120.26088191	-0.00020638759921
2120.57504117	-0.000186074861467
2120.88920044	-0.00016760914598
2121.2033597	-0.000147955195152
2121.51751897	-0.000126165354307
2121.83167823	-0.000103644344696
2122.1458375	-7.9873090034e-05
2122.45999677	-4.96234350823e-05
2122.77415603	-1.17369324515e-05
2123.0883153	2.66417163552e-05
2123.40247456	5.74706154181e-05
2123.71663383	7.5446145347e-05
2124.03079309	7.90096988944e-05
2124.34495236	7.06517728787e-05
2124.65911162	5.84176334846e-05
2124.97327089	5.0965200425e-05
2125.28743015	5.3739896587e-05
2125.60158942	6.6768589239e-05
2125.91574868	8.70745597796e-05
2126.22990795	0.000111626862622
2126.54406722	0.000138706153214
2126.85822648	0.000166714155889
2127.17238575	0.000193533769264
2127.48654501	0.000217245481329
2127.80070428	0.000235255224686
2128.11486354	0.00024543193071
2128.42902281	0.000249334837269
2128.74318207	0.000252951381309
2129.05734134	0.000262267398959
2129.3715006	0.000277297526231
2129.68565987	0.000294989911606
2129.99981913	0.00031529133754
2130.3139784	0.000339289773476
2130.62813766	0.000364827149538
2130.94229693	0.000388999237737
2131.2564562	0.000411701333131
2131.57061546	0.000435536870006
2131.88477473	0.000459371177438
2132.19893399	0.00047979104579
2132.51309326	0.000496969144019
2132.82725252	0.000514081294223
2133.14141179	0.000533258477578
2133.45557105	0.000554929148336
2133.76973032	0.000578340731455
2134.08388958	0.000602494892628
2134.39804885	0.00062657541002
2134.71220811	0.000650465414156
2135.02636738	0.00067430336608
2135.34052665	0.000697984695051
2135.65468591	0.000720218526312
2135.96884518	0.000738400847582
2136.28300444	0.000752214832371
2136.59716371	0.000764773226028
2136.91132297	0.000778452163751
2137.22548224	0.000791511656702
2137.5396415	0.000801890675735
2137.85380077	0.000808083872113
2138.16796003	0.000810842422388
2138.4821193	0.000809720869355
2138.79627856	0.000804305022301
2139.11043783	0.000792046425101
2139.42459709	0.000768245146402
2139.73875636	0.000727789217388
2140.05291563	0.000669110776935
2140.36707489	0.000597775150213
2140.68123416	0.000521656580932
2140.99539342	0.000444269034611
2141.30955269	0.000366795619355
2141.62371195	0.000291409534663
2141.93787122	0.000219656451109
2142.25203048	0.000151277118645
2142.56618975	8.44633458149e-05
2142.88034901	1.67887091712e-05
2143.19450828	-5.42735730581e-05
2143.50866754	-0.000132234185651
2143.82282681	-0.000218644133434
2144.13698608	-0.000310644641697
2144.45114534	-0.000402224896651
2144.76530461	-0.000487107924615
2145.07946387	-0.00055953498971
2145.39362314	-0.000617850114828
2145.7077824	-0.000663527606994
2146.02194167	-0.000699287788853
2146.33610093	-0.000726656719246
2146.6502602	-0.000747261538148
2146.96441946	-0.000763204806102
2147.27857873	-0.000778738031984
2147.59273799	-0.000798746230968
2147.90689726	-0.000821890701175
2148.22105652	-0.000841084685068
2148.53521579	-0.000851603095427
2148.84937506	-0.000854678319045
2149.16353432	-0.000853644414066
2149.47769359	-0.000850263125251
2149.79185285	-0.000844984949676
2150.10601212	-0.000836842506723
2150.42017138	-0.000824336520632
2150.73433065	-0.000807351806998
2151.04848991	-0.000787664139625
2151.36264918	-0.000768097393702
2151.67680844	-0.000750483445706
2151.99096771	-0.000733619162508
2152.30512697	-0.000714988491872
2152.61928624	-0.000694109899268
2152.93344551	-0.000672892304874
2153.24760477	-0.000654024449966
2153.56176404	-0.000638492154432
2153.8759233	-0.000624985434421
2154.19008257	-0.000612817650735
2154.50424183	-0.0006010900363
2154.8184011	-0.000586370489713
2155.13256036	-0.000565259497687
2155.44671963	-0.000538465754976
2155.76087889	-0.000506725290037
2156.07503816	-0.000470116010338
2156.38919742	-0.000430339323516
2156.70335669	-0.00039264233234
2157.01751595	-0.000359497233545
2157.33167522	-0.00032945649668
2157.64583449	-0.000297786096396
2157.95999375	-0.000261567909376
2158.27415302	-0.00022196524368
2158.58831228	-0.00018360920264
2158.90247155	-0.000150612470104
2159.21663081	-0.000126972903337
2159.53079008	-0.000112070157151
2159.84494934	-0.000101190612455
2160.15910861	-8.79479636703e-05
2160.47326787	-6.96944836951e-05
2160.78742714	-4.55760950411e-05
2161.1015864	-1.69870349146e-05
2161.41574567	1.4883999918e-05
2161.72990494	4.78000759501e-05
2162.0440642	7.96355427782e-05
2162.35822347	0.000107219262446
2162.67238273	0.000128050230384
2162.986542	0.000138608156623
2163.30070126	0.000138242473597
2163.61486053	0.000130340667293
2163.92901979	0.000123222328917
2164.24317906	0.000122688277115
2164.55733832	0.000126334181053
2164.87149759	0.000130278780638
2165.18565685	0.000132526612768
2165.49981612	0.00013289234484
2165.81397538	0.00013293312792
2166.12813465	0.000135490733042
2166.44229392	0.000142435514716
2166.75645318	0.000152091612707
2167.07061245	0.000161951255345
2167.38477171	0.000171268505034
2167.69893098	0.000180998654973
2168.01309024	0.000193970797636
2168.32724951	0.000209576990554
2168.64140877	0.000226082162518
2168.95556804	0.000241498426745
2169.2697273	0.000254086877168
2169.58388657	0.000262927403752
2169.89804583	0.000267913946064
2170.2122051	0.000271303144042
2170.52636437	0.000281875178318
2170.84052363	0.000303513358962
2171.1546829	0.000327978883227
2171.46884216	0.000348770375254
2171.78300143	0.000366379793392
2172.09716069	0.000383941828731
2172.41131996	0.000403938146276
2172.72547922	0.000428417069615
2173.03963849	0.000458485186715
2173.35379775	0.000494752751178
2173.66795702	0.000537306887141
2173.98211628	0.000584917738604
2174.29627555	0.000633005089292
2174.61043482	0.0006736220769
2174.92459408	0.000700746036633
2175.23875335	0.000714762010829
2175.55291261	0.000720946976085
2175.86707188	0.000724822546531
2176.18123114	0.000728893403346
2176.49539041	0.000733573055057
2176.80954967	0.000738887878275
2177.12370894	0.000744130414134
2177.4378682	0.00074892024971
2177.75202747	0.000752386378849
2178.06618673	0.000752525661893
2178.380346	0.000746484920578
2178.69450526	0.000730662676354
2179.00866453	0.000701757077629
2179.3228238	0.000659104994581
2179.63698306	0.000603086053026
2179.95114233	0.000536093843467
2180.26530159	0.000466675731477
2180.57946086	0.000402403899208
2180.89362012	0.000340519965308
2181.20777939	0.000275159793086
2181.52193865	0.000204087417618
2181.83609792	0.000127170312445
2182.15025718	4.68834650778e-05
2182.46441645	-3.44553856911e-05
2182.77857571	-0.00011498172876
2183.09273498	-0.000192438428199
2183.40689425	-0.000264871987128
2183.72105351	-0.00033210831113
2184.03521278	-0.000393996611413
2184.34937204	-0.000451435309683
2184.66353131	-0.000504749767442
2184.97769057	-0.000554679213768
2185.29184984	-0.000601468268684
2185.6060091	-0.000645187731009
2185.92016837	-0.000686315425491
2186.23432763	-0.00072523497489
2186.5484869	-0.000762950841529
2186.86264616	-0.000798688085656
2187.17680543	-0.000829395133183
2187.49096469	-0.000851307765496
2187.80512396	-0.000863958509157
2188.11928323	-0.000868627571399
2188.43344249	-0.000867989198765
2188.74760176	-0.000863931442519
2189.06176102	-0.000856740051692
2189.37592029	-0.000846861218824
2189.69007955	-0.000836116941951
2190.00423882	-0.000827517581669
2190.31839808	-0.000824708204316
2190.63255735	-0.000828003873398
2190.94671661	-0.000834194205342
2191.26087588	-0.000837399956796
2191.57503514	-0.000832669373697
2191.88919441	-0.000818443846949
2192.20335368	-0.000796202280501
2192.51751294	-0.000769311393788
2192.83167221	-0.000740025087568
2193.14583147	-0.000708610442615
2193.45999074	-0.00067531296964
2193.77415	-0.000641567740595
2194.08830927	-0.000609901901925
2194.40246853	-0.000583325953759
2194.7166278	-0.000562303837613
2195.03078706	-0.000542935721379
2195.34494633	-0.000518428548672
2195.65910559	-0.000482959951386
2195.97326486	-0.000436961358606
2196.28742412	-0.00038546857446
2196.60158339	-0.00033370069789
2196.91574266	-0.000285391594794
2197.22990192	-0.000242209896952
2197.54406119	-0.000205790336093
2197.85822045	-0.000177576711544
2198.17237972	-0.00015670488343
2198.48653898	-0.000141736860517
2198.80069825	-0.000131889699954
2199.11485751	-0.000123959397829
2199.42901678	-0.000115852476529
2199.74317604	-0.000106818616439
2200.05733531	-9.59141407123e-05
2200.37149457	-8.06389470735e-05
2200.68565384	-5.89869299543e-05
2200.99981311	-2.98112253073e-05
2201.31397237	3.95740373248e-06
2201.62813164	3.76973855763e-05
2201.9422909	6.69863108404e-05
2202.25645017	8.98899221489e-05
2202.57060943	0.000105627999893
2202.8847687	0.000116488682819
2203.19892796	0.000125800484318
2203.51308723	0.000135291222284
2203.82724649	0.000146272867877
2204.14140576	0.000158627837734
2204.45556502	0.00017073160133
2204.76972429	0.000180842786878
2205.08388355	0.0001888814809
2205.39804282	0.000196596094443
2205.71220209	0.000203171210174
2206.02636135	0.000201917585132
2206.34052062	0.000189481213324
2206.65467988	0.000172828895182
2206.96883915	0.000159147653123
2207.28299841	0.000149169377459
2207.59715768	0.00014145453587
2207.91131694	0.000136616285353
2208.22547621	0.00013754627541
2208.53963547	0.000146406338254
2208.85379474	0.000163570177472
2209.167954	0.000189506632221
2209.48211327	0.000224436160915
2209.79627254	0.000266916047978
2210.1104318	0.000313262991377
2210.42459107	0.000359384825782
2210.73875033	0.000404331154571
2211.0529096	0.000448783772646
2211.36706886	0.000491825090192
2211.68122813	0.000531266452657
2211.99538739	0.000565216423519
2212.30954666	0.000593897897378
2212.62370592	0.000618976330788
2212.93786519	0.000641899791066
2213.25202445	0.000663170534377
2213.56618372	0.000681920425208
2213.88034298	0.000695561395335
2214.19450225	0.000701480617816
2214.50866152	0.0007010472932
2214.82282078	0.000700857152075
2215.13698005	0.000705163433624
2215.45113931	0.000711602811925
2215.76529858	0.000715137211104
2216.07945784	0.000712607099772
2216.39361711	0.000702427491372
2216.70777637	0.000685432301113
2217.02193564	0.000664397539085
2217.3360949	0.000642036286998
2217.65025417	0.000618177879626
2217.96441343	0.000590439469438
2218.2785727	0.000557346808069
2218.59273197	0.000521386367585
2218.90689123	0.000485717515592
2219.2210505	0.000449295799577
2219.53520976	0.000408325596549
2219.84936903	0.000360370024301
2220.16352829	0.00030612199748
2220.47768756	0.000247102892605
2220.79184682	0.000184328179027
2221.10600609	0.000119716568165
2221.42016535	5.57153289897e-05
2221.73432462	-8.15307455066e-06
2222.04848388	-7.64751624161e-05
2222.36264315	-0.000151157846308
2222.67680241	-0.000230269815029
2222.99096168	-0.000311250223028
2223.30512095	-0.000391970273806
2223.61928021	-0.000470584965487
2223.93343948	-0.000544840632444
2224.24759874	-0.000612698017356
2224.56175801	-0.000672686454134
2224.87591727	-0.000724520476303
2225.19007654	-0.000769172413364
2225.5042358	-0.000808742627586
2225.81839507	-0.000845963008426
2226.13255433	-0.00088134106276
2226.4467136	-0.000912470438717
2226.76087286	-0.000936293981924
2227.07503213	-0.00095212503173
2227.3891914	-0.000959925722288
2227.70335066	-0.00095938458961
2228.01750993	-0.000951126185293
2228.33166919	-0.000937296753846
2228.64582846	-0.00092075520235
2228.95998772	-0.000903066268286
2229.27414699	-0.000884716022908
2229.58830625	-0.000867782867623
2229.90246552	-0.000853134903669
2230.21662478	-0.000840078250024
2230.53078405	-0.000826070154064
2230.84494331	-0.000811003178544
2231.15910258	-0.000792897841527
2231.47326184	-0.000770008317331
2231.78742111	-0.00074230774911
2232.10158038	-0.000712128657437
2232.41573964	-0.000680836064708
2232.72989891	-0.000648651332643
2233.04405817	-0.000616676045925
2233.35821744	-0.00058751851829
2233.6723767	-0.000563009605292
2233.98653597	-0.00054110999719
2234.30069523	-0.000517349850979
2234.6148545	-0.000488990132484
2234.92901376	-0.00045583253466
2235.24317303	-0.000419237195567
2235.55733229	-0.00038103681847
2235.87149156	-0.000342695268375
2236.18565083	-0.000305663923479
2236.49981009	-0.000270330693758
2236.81396936	-0.000235771096213
2237.12812862	-0.00020249045879
2237.44228789	-0.000172374754456
2237.75644715	-0.00014623809005
2238.07060642	-0.000121605074901
2238.38476568	-9.6241152941e-05
2238.69892495	-7.02571089159e-05
2239.01308421	-4.44112393438e-05
2239.32724348	-1.98063681036e-05
2239.64140274	3.38278209315e-06
2239.95556201	2.54176402617e-05
2240.26972128	4.53822403723e-05
2240.58388054	6.2001053028e-05
2240.89803981	7.414504387e-05
2241.21219907	8.09292258946e-05
2241.52635834	8.21436413887e-05
2241.8405176	8.0114048202e-05
2242.15467687	7.80468939789e-05
2242.46883613	7.82283679169e-05
2242.7829954	7.94798105872e-05
2243.09715466	8.03931046016e-05
2243.41131393	7.96934307505e-05
2243.72547319	7.83740380056e-05
2244.03963246	8.04118449931e-05
2244.35379172	8.8617650353e-05
2244.66795099	0.000103688295083
2244.98211026	0.00012280067547
2245.29626952	0.000141696306184
2245.61042879	0.000159607705356
2245.92458805	0.000179557793172
2246.23874732	0.000202231809977
2246.55290658	0.000224951441527
2246.86706585	0.000246471916036
2247.18122511	0.00027006166928
2247.49538438	0.000298139674227
2247.80954364	0.000328559539149
2248.12370291	0.000357169307295
2248.43786217	0.000381626069248
2248.75202144	0.000399950393826
2249.06618071	0.000410532195009
2249.38033997	0.000414393618144
2249.69449924	0.00041718769977
2250.0086585	0.000425017971322
2250.32281777	0.000440670956491
2250.63697703	0.00046380370271
2250.9511363	0.000493116842137
2251.26529556	0.000526776351543
2251.57945483	0.000562902757037
2251.89361409	0.00059948299796
2252.20777336	0.000634361945627
2252.52193262	0.000664246451766
2252.83609189	0.000684548492181
2253.15025115	0.00069118859566
2253.46441042	0.000685102737166
2253.77856969	0.000672494918867
2254.09272895	0.00066190340657
2254.40688822	0.000658682222419
2254.72104748	0.000663436582893
2255.03520675	0.000672335373347
2255.34936601	0.000679754714319
2255.66352528	0.000681555538022
2255.97768454	0.000678853175409
2256.29184381	0.000675519813819
2256.60600307	0.000671817309926
2256.92016234	0.000662829272175
2257.2343216	0.00064529685971
2257.54848087	0.000620924649138
2257.86264014	0.000593156974194
2258.1767994	0.000562697637767
2258.49095867	0.000527689094426
2258.80511793	0.000486455384994
2259.1192772	0.000438692241089
2259.43343646	0.000385265219141
2259.74759573	0.000327393206741
2260.06175499	0.00026592559955
2260.37591426	0.000200762814121
2260.69007352	0.00013004845182
2261.00423279	5.33039327972e-05
2261.31839205	-2.63330336854e-05
2261.63255132	-0.000104824693523
2261.94671058	-0.000180650195243
2262.26086985	-0.000254540534849
2262.57502912	-0.000327202736973
2262.88918838	-0.000399294295284
2263.20334765	-0.000470039250711
2263.51750691	-0.000538483367184
2263.83166618	-0.000602451559652
2264.14582544	-0.000662603797125
2264.45998471	-0.00072123993513
2264.77414397	-0.000777586147443
2265.08830324	-0.000828568884974
2265.4024625	-0.000870636410694
2265.71662177	-0.000902561553534
2266.03078103	-0.000926049077353
2266.3449403	-0.000942665245664
2266.65909957	-0.000953188846556
2266.97325883	-0.000957610697835
2267.2874181	-0.000955259301817
2267.60157736	-0.000946715113839
2267.91573663	-0.000934083717567
2268.22989589	-0.000922070616152
2268.54405516	-0.000915537135805
2268.85821442	-0.000915958100634
2269.17237369	-0.00091867854474
2269.48653295	-0.000914959512614
2269.80069222	-0.00089890947018
2270.11485148	-0.000873486824002
2270.42901075	-0.000846150761956
2270.74317001	-0.00082182358442
2271.05732928	-0.000800348945273
2271.37148855	-0.000779575175524
2271.68564781	-0.000757070304854
2271.99980708	-0.000731403643983
2272.31396634	-0.000702600123555
2272.62812561	-0.000671250425577
2272.94228487	-0.000635640055232
2273.25644414	-0.00059497107901
2273.5706034	-0.000550190157982
2273.88476267	-0.000503227820722
2274.19892193	-0.000456191252613
2274.5130812	-0.000409870379427
2274.82724046	-0.000364720081366
2275.14139973	-0.000321613954229
2275.455559	-0.00028174076786
2275.76971826	-0.000246351593723
2276.08387753	-0.000216998087699
2276.39803679	-0.000195783934307
2276.71219606	-0.000182409804773
2277.02635532	-0.000171884504264
2277.34051459	-0.00015865053282
2277.65467385	-0.000139074391365
2277.96883312	-0.000114057170978
2278.28299238	-8.78183215955e-05
2278.59715165	-6.44187123765e-05
2278.91131091	-4.59114439759e-05
2279.22547018	-3.29521330864e-05
2279.53962944	-2.56466771803e-05
2279.85378871	-2.32389464451e-05
2280.16794798	-2.41759671588e-05
2280.48210724	-2.74124062116e-05
2280.79626651	-3.03612021114e-05
2281.11042577	-2.80964741509e-05
2281.42458504	-1.7254319015e-05
2281.7387443	3.19092494157e-06
2282.05290357	3.11835282253e-05
2282.36706283	6.18635388319e-05
2282.6812221	9.20881627212e-05
2282.99538136	0.000120451103161
2283.30954063	0.000146881438454
2283.62369989	0.000170136604695
2283.93785916	0.000190945981307
2284.25201843	0.000209806114179
2284.56617769	0.000226605373897
2284.88033696	0.0002400752742
2285.19449622	0.000251462433378
2285.50865549	0.000261286636043
2285.82281475	0.000270354680558
2286.13697402	0.000280159801835
2286.45113328	0.000292691677953
2286.76529255	0.00031043308109
2287.07945181	0.000333600184805
2287.39361108	0.000361377162087
2287.70777034	0.000391045669537
2288.02192961	0.000419678925
2288.33608887	0.000444645900204
2288.65024814	0.000465795480347
2288.96440741	0.000484919519776
2289.27856667	0.000503014378572
2289.59272594	0.000519140406011
2289.9068852	0.000532214844267
2290.22104447	0.000542470524103
2290.53520373	0.000552775008215
2290.849363	0.000567962020858
2291.16352226	0.00058975184415
2291.47768153	0.00061521675028
2291.79184079	0.000639756594172
2292.10600006	0.000660753797857
2292.42015932	0.000677320390335
2292.73431859	0.000691474278658
2293.04847786	0.000705255434251
2293.36263712	0.000719586960227
2293.67679639	0.000733537200084
2293.99095565	0.000747235850323
2294.30511492	0.00076298557919
2294.61927418	0.000782563929524
2294.93343345	0.000805187463601
2295.24759271	0.000826262544354
2295.56175198	0.000839253229189
2295.87591124	0.000837561468773
2296.19007051	0.000818054719591
2296.50422977	0.000783746741208
2296.81838904	0.000740723296977
2297.1325483	0.000692861225342
2297.44670757	0.000640219664483
2297.76086684	0.000582099071843
2298.0750261	0.000519577432658
2298.38918537	0.000455061342108
2298.70334463	0.00039104766358
2299.0175039	0.000329449374706
2299.33166316	0.000270014830107
2299.64582243	0.000210823430407
2299.95998169	0.000148917321191
2300.27414096	8.16997069084e-05
2300.58830022	9.57125773317e-06
2300.90245949	-6.53160827248e-05
2301.21661875	-0.000142264296284
2301.53077802	-0.00022091912589
2301.84493729	-0.000300785990055
2302.15909655	-0.000380584957447
2302.47325582	-0.000457603827334
2302.78741508	-0.000530405596551
2303.10157435	-0.000599060879847
2303.41573361	-0.000664404433101
2303.72989288	-0.000726921333012
2304.04405214	-0.000785498392939
2304.35821141	-0.000837551379998
2304.67237067	-0.000880592231716
2304.98652994	-0.000914480024544
2305.3006892	-0.000940882028083
2305.61484847	-0.000961792753529
2305.92900774	-0.000978706309512
2306.243167	-0.000991853848262
2306.55732627	-0.00100066390484
2306.87148553	-0.00100364383036
2307.1856448	-0.000999588688308
2307.49980406	-0.000988995580494
2307.81396333	-0.000973593315086
2308.12812259	-0.00095396385518
2308.44228186	-0.000928279690558
2308.75644112	-0.000895640444297
2309.07060039	-0.000859087782406
2309.38475965	-0.000823602544935
2309.69891892	-0.000792197517287
2310.01307818	-0.000764142520592
2310.32723745	-0.000735476567179
2310.64139672	-0.000702952208206
2310.95555598	-0.000667000857535
2311.26971525	-0.000632669634523
2311.58387451	-0.00060396279396
2311.89803378	-0.000581614826568
2312.21219304	-0.000561085440061
2312.52635231	-0.000537172935654
2312.84051157	-0.000507036121325
2313.15467084	-0.000471104060749
2313.4688301	-0.000430683191195
2313.78298937	-0.000388503503066
2314.09714863	-0.000346843051297
2314.4113079	-0.000307932991785
2314.72546717	-0.000275023321556
2315.03962643	-0.000251078999722
2315.3537857	-0.000237004554382
2315.66794496	-0.000231086238463
2315.98210423	-0.000226138433257
2316.29626349	-0.00021500366956
2316.61042276	-0.000197843866194
2316.92458202	-0.000179078905078
2317.23874129	-0.000161283668188
2317.55290055	-0.000143308496102
2317.86705982	-0.000122954159736
2318.18121908	-0.00010034273479
2318.49537835	-7.71113116023e-05
2318.80953761	-5.45370695489e-05
2319.12369688	-3.48255652097e-05
2319.43785615	-2.0551951843e-05
2319.75201541	-1.13418844609e-05
2320.06617468	-2.66482546082e-06
2320.38033394	1.07098053912e-05
2320.69449321	3.00341251805e-05
2321.00865247	5.24816652536e-05
2321.32281174	7.49978607941e-05
2321.636971	9.56837914651e-05
2321.95113027	0.000114374826429
2322.26528953	0.000132391917355
2322.5794488	0.000150703412662
2322.89360806	0.000169324280452
2323.20776733	0.000186799013494
2323.5219266	0.000203482101976
2323.83608586	0.000222156606253
2324.15024513	0.000244576102563
2324.46440439	0.000270134260544
2324.77856366	0.000296993280108
2325.09272292	0.000323053842597
2325.40688219	0.000347578234933
2325.72104145	0.000370741075694
2326.03520072	0.000393473273239
2326.34935998	0.000416809657493
2326.66351925	0.000440682580205
2326.97767851	0.000462440168164
2327.29183778	0.000478992269889
2327.60599704	0.000490490153256
2327.92015631	0.000499901973677
2328.23431558	0.000508870022444
2328.54847484	0.000518509689087
2328.86263411	0.00053056833035
2329.17679337	0.000545701149427
2329.49095264	0.000562974039969
2329.8051119	0.000580589611903
2330.11927117	0.000597832189129
2330.43343043	0.000613235718913
2330.7475897	0.00062601644779
2331.06174896	0.000636135784671
2331.37590823	0.000644962055856
2331.69006749	0.000654036271131
2332.00422676	0.000664428162689
2332.31838603	0.000678444578711
2332.63254529	0.000698050363303
2332.94670456	0.000720636110938
2333.26086382	0.000741131885999
2333.57502309	0.000757515824404
2333.88918235	0.000770136275595
2334.20334162	0.000779838853821
2334.51750088	0.000785962016538
2334.83166015	0.000787362625332
2335.14581941	0.000783805284076
2335.45997868	0.00077845177933
2335.77413794	0.000773658330629
2336.08829721	0.000766805834386
2336.40245647	0.000752341938598
2336.71661574	0.000726461859076
2337.03077501	0.000688656033235
2337.34493427	0.000640087765337
2337.65909354	0.000582455189385
2337.9732528	0.000518470964694
2338.28741207	0.000450048597536
2338.60157133	0.000376912834334
2338.9157306	0.000298684794277
2339.22988986	0.00021758591169
2339.54404913	0.000137645769182
2339.85820839	6.06381515239e-05
2340.17236766	-1.44974764771e-05
2340.48652692	-8.97697358427e-05
2340.80068619	-0.000166566823419
2341.11484546	-0.00024514479226
2341.42900472	-0.000324589721129
2341.74316399	-0.00040353257804
2342.05732325	-0.000480525901016
2342.37148252	-0.000556085236147
2342.68564178	-0.000631868301254
2342.99980105	-0.000706961041624
2343.31396031	-0.000776470721675
2343.62811958	-0.000835223438124
2343.94227884	-0.000881554139913
2344.25643811	-0.000915669017819
2344.57059737	-0.000937571553313
2344.88475664	-0.000948085694104
2345.1989159	-0.000949707972086
2345.51307517	-0.000945500915577
2345.82723444	-0.000937156466318
2346.1413937	-0.000926401238142
2346.45555297	-0.000916179642983
2346.76971223	-0.00090886934975
2347.0838715	-0.00090361880828
2347.39803076	-0.000896082038689
2347.71219003	-0.000882131989296
2348.02634929	-0.000862068290555
2348.34050856	-0.000838312833689
2348.65466782	-0.000814068224436
2348.96882709	-0.000790297881181
2349.28298635	-0.000766895821868
2349.59714562	-0.000742758354219
2349.91130489	-0.000717527393143
2350.22546415	-0.000692593516869
2350.53962342	-0.000669726996538
2350.85378268	-0.000649141279959
2351.16794195	-0.000628417872633
2351.48210121	-0.000604949528826
2351.79626048	-0.00057749563377
2352.11041974	-0.000546444569626
2352.42457901	-0.000513231613118
2352.73873827	-0.000479625412253
2353.05289754	-0.000447959267454
2353.3670568	-0.000418418572007
2353.68121607	-0.000390316771662
2353.99537533	-0.00036303376826
2354.3095346	-0.000335834248853
2354.62369387	-0.000311077590232
2354.93785313	-0.000289741815847
2355.2520124	-0.000269942949492
2355.56617166	-0.000249944934613
2355.88033093	-0.00022889324525
2356.19449019	-0.000206125129975
2356.50864946	-0.000181391808594
2356.82280872	-0.000154374347113
2357.13696799	-0.000125078668185
2357.45112725	-9.42022300472e-05
2357.76528652	-6.47710858526e-05
2358.07944578	-4.31284131773e-05
2358.39360505	-3.48979432867e-05
2358.70776432	-3.67096724807e-05
2359.02192358	-3.64304265876e-05
2359.33608285	-2.78888424017e-05
2359.65024211	-1.52145943616e-05
2359.96440138	-4.42544963374e-06
2360.27856064	-3.15515103117e-07
2360.59271991	-3.25474090078e-06
2360.90687917	-7.73406522452e-06
2361.22103844	-6.91099338817e-06
2361.5351977	4.82802934661e-06
2361.84935697	2.84995189384e-05
2362.16351623	6.15456081e-05
2362.4776755	0.000100542401372
2362.79183477	0.00014375736344
2363.10599403	0.000189451411889
2363.4201533	0.000234233330421
2363.73431256	0.000275193730771
2364.04847183	0.000310660765335
2364.36263109	0.000340466484118
2364.67679036	0.000365206024063
2364.99094962	0.000385779405762
2365.30510889	0.000403994816048
2365.61926815	0.000421215629053
2365.93342742	0.000437175493255
2366.24758668	0.000451041265812
2366.56174595	0.000463153999595
2366.87590521	0.000476117266472
2367.19006448	0.000492412571623
2367.50422375	0.000511054573561
2367.81838301	0.000529621096084
2368.13254228	0.000545688729538
2368.44670154	0.00055828933354
2368.76086081	0.000568741979366
2369.07502007	0.000578765405761
2369.38917934	0.000589032726827
2369.7033386	0.000599050239081
2370.01749787	0.00060601921251
2370.33165713	0.000608791587952
2370.6458164	0.000612271576528
2370.95997566	0.000623214068922
2371.27413493	0.000644887304347
2371.5882942	0.000675447809828
2371.90245346	0.00071001393482
2372.21661273	0.000743666871891
2372.53077199	0.000773369769716
2372.84493126	0.000799741762367
2373.15909052	0.000824137688622
2373.47324979	0.000843779582598
2373.78740905	0.000852860695303
2374.10156832	0.000847387109346
2374.41572758	0.000828566186942
2374.72988685	0.000801571816503
2375.04404611	0.000770709656429
2375.35820538	0.000738254192377
2375.67236464	0.000704537800509
2375.98652391	0.000670033395173
2376.30068318	0.000634822944994
2376.61484244	0.000598471070289
2376.92900171	0.000559658276238
2377.24316097	0.000516045884545
2377.55732024	0.000464686475308
2377.8714795	0.000402719671352
2378.18563877	0.000328562369339
2378.49979803	0.000244802902133
2378.8139573	0.000154765564265
2379.12811656	6.15866435671e-05
2379.44227583	-3.01566857102e-05
2379.75643509	-0.000117602412501
2380.07059436	-0.000201356797308
2380.38475363	-0.000282299450272
2380.69891289	-0.000360432229679
2381.01307216	-0.000435639730636
2381.32723142	-0.000508649500631
2381.64139069	-0.000579785337462
2381.95554995	-0.000648213215833
2382.26970922	-0.000711060211975
2382.58386848	-0.000764709865543
2382.89802775	-0.000807380743181
2383.21218701	-0.000838866278101
2383.52634628	-0.000859702521306
2383.84050554	-0.000869412449659
2384.15466481	-0.000868222515098
2384.46882407	-0.000858441875158
2384.78298334	-0.000843442837248
2385.09714261	-0.000826587014705
2385.41130187	-0.000811415827337
2385.72546114	-0.000800466917665
2386.0396204	-0.000793894896954
2386.35377967	-0.000788672712091
2386.66793893	-0.000781586341343
2386.9820982	-0.000771904004731
2387.29625746	-0.0007604819756
2387.61041673	-0.000748370444187
2387.92457599	-0.000735786232718
2388.23873526	-0.000722115261559
2388.55289452	-0.000706342844452
2388.86705379	-0.000688264425991
2389.18121306	-0.000667591167134
2389.49537232	-0.000645585846337
2389.80953159	-0.000623339773974
2390.12369085	-0.000601107041773
2390.43785012	-0.000577392997298
2390.75200938	-0.000550303489235
2391.06616865	-0.000520597488142
2391.38032791	-0.000489398189067
2391.69448718	-0.000458522665907
2392.00864644	-0.000428862432221
2392.32280571	-0.000400767589352
2392.63696497	-0.000374021896577
2392.95112424	-0.000348373749119
2393.2652835	-0.000326169849948
2393.57944277	-0.000310078627993
2393.89360204	-0.000298783200098
2394.2077613	-0.000289246144185
2394.52192057	-0.000279084424286
2394.83607983	-0.000269182227377
2395.1502391	-0.000259189193597
2395.46439836	-0.000244368396319
2395.77855763	-0.000219540757366
2396.09271689	-0.000185811027745
2396.40687616	-0.000147899952029
2396.72103542	-0.000110020490227
2397.03519469	-7.55814930356e-05
2397.34935395	-4.69779285969e-05
2397.66351322	-2.47271312786e-05
2397.97767249	-5.53944869211e-06
2398.29183175	1.56632170452e-05
2398.60599102	4.14185647571e-05
2398.92015028	7.02327500928e-05
2399.23430955	9.8385772183e-05
2399.54846881	0.000122392387391
2399.86262808	0.00014003640488
2400.17678734	0.000152161138547
2400.49094661	0.000160504379885
2400.80510587	0.000167030883381
2401.11926514	0.000172081461925
2401.4334244	0.000175650021636
2401.74758367	0.000180558142967
2402.06174293	0.000191275048297
2402.3759022	0.0002102011259
2402.69006147	0.000236067810169
2403.00422073	0.000265623763194
2403.31838	0.000295580920898
2403.63253926	0.000323490397729
2403.94669853	0.000347903979356
2404.26085779	0.000368077199165
2404.57501706	0.000383502784373
2404.88917632	0.000393700113011
2405.20333559	0.000398792088443
2405.51749485	0.000398348670784
2405.83165412	0.000393759198342
2406.14581338	0.000389542598071
2406.45997265	0.000390563225855
2406.77413192	0.000398336847644
2407.08829118	0.000412519658562
2407.40245045	0.000432962362562
2407.71660971	0.000459162658391
2408.03076898	0.000489278681369
2408.34492824	0.000519861904059
2408.65908751	0.000549063057416
2408.97324677	0.000575383923946
2409.28740604	0.000597240114571
2409.6015653	0.000615798022571
2409.91572457	0.000636278228147
2410.22988383	0.000663012416221
2410.5440431	0.000694563375259
2410.85820236	0.000727456642713
2411.17236163	0.000758491848607
2411.4865209	0.000785641045256
2411.80068016	0.000806689524688
2412.11483943	0.000820170244752
2412.42899869	0.000825844760404
2412.74315796	0.000823493000479
2413.05731722	0.000812854153283
2413.37147649	0.000794748630285
2413.68563575	0.000773504629769
2413.99979502	0.000752890822722
2414.31395428	0.000733703808696
2414.62811355	0.000714070354755
2414.94227281	0.000690787358343
2415.25643208	0.000660455972997
2415.57059135	0.000621356936286
2415.88475061	0.000573640966799
2416.19890988	0.000518702885962
2416.51306914	0.0004578905205
2416.82722841	0.000390392364812
2417.14138767	0.000314424195299
2417.45554694	0.000232311091373
2417.7697062	0.000149195144955
2418.08386547	7.00005854735e-05
2418.39802473	-4.17467527484e-06
2418.712184	-7.23657730548e-05
2419.02634326	-0.000136687026476
2419.34050253	-0.000199041289283
2419.6546618	-0.000261969968491
2419.96882106	-0.000326997705387
2420.28298033	-0.00039297159686
2420.59713959	-0.000457532081831
2420.91129886	-0.000519389415535
2421.22545812	-0.00057966275723
2421.53961739	-0.00063757485002
2421.85377665	-0.0006904719725
2422.16793592	-0.000736933856831
2422.48209518	-0.000776996171419
2422.79625445	-0.00081080732933
2423.11041371	-0.000838391629249
2423.42457298	-0.00085993023587
2423.73873224	-0.00087527868419
2424.05289151	-0.000884657182681
2424.36705078	-0.00088859027398
2424.68121004	-0.000889362747053
2424.99536931	-0.000889621410787
2425.30952857	-0.000888442687008
2425.62368784	-0.000881386091727
2425.9378471	-0.000867047240882
2426.25200637	-0.000847504676624
2426.56616563	-0.000824246179388
2426.8803249	-0.000797984739695
2427.19448416	-0.000769465716337
2427.50864343	-0.000739292899035
2427.82280269	-0.000708259078505
2428.13696196	-0.000678209955265
2428.45112123	-0.000650152926446
2428.76528049	-0.00062598179706
2429.07943976	-0.000606238779373
2429.39359902	-0.000587584450057
2429.70775829	-0.000567028574116
2430.02191755	-0.00054359651677
2430.33607682	-0.000517678403658
2430.65023608	-0.0004912438841
2430.96439535	-0.000465369623653
2431.27855461	-0.000441095248773
2431.59271388	-0.000418394719267
2431.90687314	-0.000397262011
2432.22103241	-0.00037871115779
2432.53519167	-0.000362966160618
2432.84935094	-0.000348209685154
2433.16351021	-0.000332062474216
2433.47766947	-0.000312848111385
2433.79182874	-0.000291336577916
2434.105988	-0.000268488035055
2434.42014727	-0.000243773600251
2434.73430653	-0.000217428926648
2435.0484658	-0.000191221451895
2435.36262506	-0.000166456693856
2435.67678433	-0.00014284573281
2435.99094359	-0.000119291569362
2436.30510286	-9.45911913922e-05
2436.61926212	-6.82447582126e-05
2436.93342139	-4.10256917142e-05
2437.24758066	-1.42810410058e-05
2437.56173992	1.03818977059e-05
2437.87589919	3.15968430576e-05
2438.19005845	4.89000063616e-05
2438.50421772	6.2854449551e-05
2438.81837698	7.49836191274e-05
2439.13253625	8.74674178713e-05
2439.44669551	0.000102136948182
2439.76085478	0.000120024246368
2440.07501404	0.000139614698082
2440.38917331	0.000158030461397
2440.70333257	0.00017334763966
2441.01749184	0.000186829676305
2441.3316511	0.000201427480314
2441.64581037	0.000218221005331
2441.95996964	0.000236141665056
2442.2741289	0.000254532606355
2442.58828817	0.000272951852216
2442.90244743	0.000291450274901
2443.2166067	0.000310904651284
2443.53076596	0.000331873977421
2443.84492523	0.000351633420804
2444.15908449	0.000366161831063
2444.47324376	0.000374883762033
2444.78740302	0.00038199757897
2445.10156229	0.000392475464791
2445.41572155	0.000407746976062
2445.72988082	0.000425851876108
2446.04404009	0.000444893083345
2446.35819935	0.000466464358671
2446.67235862	0.000493513047674
2446.98651788	0.000525794503059
2447.30067715	0.000560155185155
2447.61483641	0.000592822904301
2447.92899568	0.000620320063766
2448.24315494	0.000640621936659
2448.55731421	0.000655202649858
2448.87147347	0.000668911462383
2449.18563274	0.000685872719061
2449.499792	0.000706540585686
2449.81395127	0.000729023718939
2450.12811053	0.000750599566252
2450.4422698	0.000769006333105
2450.75642907	0.000783767950233
2451.07058833	0.000794993755978
2451.3847476	0.000802710969202
2451.69890686	0.00080643484032
2452.01306613	0.000804419974516
2452.32722539	0.000795576779363
2452.64138466	0.000781166167664
2452.95554392	0.000763273420549
2453.26970319	0.000741437510933
2453.58386245	0.000715109215736
2453.89802172	0.000684158623585
2454.21218098	0.000649050298103
2454.52634025	0.000609416653646
2454.84049952	0.000563068991872
2455.15465878	0.000508182742201
2455.46881805	0.000444260958105
2455.78297731	0.000371503487446
2456.09713658	0.000290672899363
2456.41129584	0.000204931829228
2456.72545511	0.000119829660352
2457.03961437	3.96434087796e-05
2457.35377364	-3.51032170551e-05
2457.6679329	-0.000105747942534
2457.98209217	-0.000174536934702
2458.29625143	-0.000242724340787
2458.6104107	-0.000310668141102
2458.92456996	-0.000377654039958
2459.23872923	-0.000442506708831
2459.5528885	-0.000503603535513
2459.86704776	-0.000560981400545
2460.18120703	-0.00061514076136
2460.49536629	-0.000665586677107
2460.80952556	-0.000709885170631
2461.12368482	-0.000747407855822
2461.43784409	-0.000778130046524
2461.75200335	-0.000803916185683
2462.06616262	-0.000826452531981
2462.38032188	-0.000845225085261
2462.69448115	-0.000857542907002
2463.00864041	-0.000863312077234
2463.32279968	-0.000865195791033
2463.63695895	-0.00086673321177
2463.95111821	-0.000870961643016
2464.26527748	-0.000876191682474
2464.57943674	-0.000877916219192
2464.89359601	-0.000873049587942
2465.20775527	-0.000861315210184
2465.52191454	-0.000843505077608
2465.8360738	-0.000820805040669
2466.15023307	-0.000794587933681
2466.46439233	-0.000766295376862
2466.7785516	-0.000737452459582
2467.09271086	-0.000710325722004
2467.40687013	-0.000686992730705
2467.72102939	-0.000670197485976
2468.03518866	-0.000660164889145
2468.34934793	-0.000652533311236
2468.66350719	-0.000642416179584
2468.97766646	-0.000628975900283
2469.29182572	-0.000610899381853
2469.60598499	-0.000584567884154
2469.92014425	-0.00054973315718
2470.23430352	-0.000508871013855
2470.54846278	-0.000464257224998
2470.86262205	-0.000420280480415
2471.17678131	-0.00038174170043
2471.49094058	-0.0003509239862
2471.80509984	-0.000326811743214
2472.11925911	-0.000303735512783
2472.43341838	-0.000274764248894
2472.74757764	-0.000239698924158
2473.06173691	-0.0002036567885
2473.37589617	-0.000170910142575
2473.69005544	-0.000143716842339
2474.0042147	-0.000121450400761
2474.31837397	-0.000102109758048
2474.63253323	-8.32593559824e-05
2474.9466925	-6.32194857474e-05
2475.26085176	-4.22276704518e-05
2475.57501103	-2.15410785197e-05
2475.88917029	-1.05957508258e-06
2476.20332956	2.12099071808e-05
2476.51748882	4.60940152909e-05
2476.83164809	7.20711750314e-05
2477.14580736	9.63018142812e-05
2477.45996662	0.000116732248312
2477.77412589	0.000132685093723
2478.08828515	0.000145286780802
2478.40244442	0.0001566734597
2478.71660368	0.000169466408829
2479.03076295	0.000181902288794
2479.34492221	0.000190614120238
2479.65908148	0.000193551421221
2479.97324074	0.00019258565492
2480.28740001	0.000192076309822
2480.60155927	0.000195421413983
2480.91571854	0.000203940174151
2481.22987781	0.000217139562446
2481.54403707	0.000234675784049
2481.85819634	0.000256588003659
2482.1723556	0.000281867548715
2482.48651487	0.000308702798336
2482.80067413	0.000334257669579
2483.1148334	0.000355331486406
2483.42899266	0.00036893325646
2483.74315193	0.000375189214924
2484.05731119	0.000377343719086
2484.37147046	0.000378243607459
2484.68562972	0.000381032933006
2484.99978899	0.000393279246354
2485.31394826	0.000415637351121
2485.62810752	0.000440238486589
2485.94226679	0.000460257463859
2486.25642605	0.000475013935734
2486.57058532	0.000487075561231
2486.88474458	0.00049931406113
2487.19890385	0.000512706900124
2487.51306311	0.000528375751734
2487.82722238	0.000548544254328
2488.14138164	0.000576057805087
2488.45554091	0.000611320472187
2488.76970017	0.000650271727981
2489.08385944	0.000687008778614
2489.3980187	0.000717702877659
2489.71217797	0.000740921987652
2490.02633724	0.000756697096728
2490.3404965	0.000765561555983
2490.65465577	0.000768024913497
2490.96881503	0.000763828303868
2491.2829743	0.000752208792666
2491.59713356	0.000734369509361
2491.91129283	0.000713297849496
2492.22545209	0.000690479537574
2492.53961136	0.000665098613467
2492.85377062	0.000634858410682
2493.16792989	0.000598044739415
2493.48208915	0.000554986578321
2493.79624842	0.000507710243629
2494.11040769	0.000456879738412
2494.42456695	0.000398775500532
2494.73872622	0.000329327729108
2495.05288548	0.000249282937975
2495.36704475	0.000162148682362
2495.68120401	7.2647425648e-05
2495.99536328	-1.41269607774e-05
2496.30952254	-9.53926875286e-05
2496.62368181	-0.000169425656246
2496.93784107	-0.000235735659015
2497.25200034	-0.000294799689106
2497.5661596	-0.000347852508106
2497.88031887	-0.000397830680267
2498.19447813	-0.000447433782233
2498.5086374	-0.000496998096232
2498.82279667	-0.000546471983136
2499.13695593	-0.000596371022157
2499.4511152	-0.000646674766626
2499.76527446	-0.000695804125071
2500.07943373	-0.000741679541093
2500.39359299	-0.00078329471751
2500.70775226	-0.000819979818953
2501.02191152	-0.000850883729469
2501.33607079	-0.000875183852842
2501.65023005	-0.000891683924862
2501.96438932	-0.000900585790608
2502.27854858	-0.000902690477795
2502.59270785	-0.00090034032973
2502.90686712	-0.000896467123368
2503.22102638	-0.000892210238836
2503.53518565	-0.000887328561749
2503.84934491	-0.000880321760712
2504.16350418	-0.000871049208149
2504.47766344	-0.000860348223677
2504.79182271	-0.00084919783044
2505.10598197	-0.000837875310326
2505.42014124	-0.00082518397703
2505.7343005	-0.000809277081298
2506.04845977	-0.000788587964733
2506.36261903	-0.000762912448135
2506.6767783	-0.000735344728804
2506.99093756	-0.000709832141075
2507.30509683	-0.000686300658345
2507.6192561	-0.000661545518446
2507.93341536	-0.000633394335072
2508.24757463	-0.000601842912105
2508.56173389	-0.000567954294825
2508.87589316	-0.000532777209278
2509.19005242	-0.000495552767687
2509.50421169	-0.000454704636058
2509.81837095	-0.000409940806223
2510.13253022	-0.000363757354805
2510.44668948	-0.000319849564595
2510.76084875	-0.00028111975559
2511.07500801	-0.00024812860729
2511.38916728	-0.000218423200593
2511.70332655	-0.000188977863042
2512.01748581	-0.000158128401881
2512.33164508	-0.000125941796294
2512.64580434	-9.37095641112e-05
2512.95996361	-6.3328071843e-05
2513.27412287	-3.56984235003e-05
2513.58828214	-1.08026211027e-05
2513.9024414	1.12746576295e-05
2514.21660067	3.02408699302e-05
2514.53075993	4.49107125105e-05
2514.8449192	5.49507819935e-05
2515.15907846	6.17370969185e-05
2515.47323773	6.87514808366e-05
2515.78739699	7.71011020272e-05
2516.10155626	8.65786973116e-05
2516.41571553	9.78058903427e-05
2516.72987479	0.000112164139482
2517.04403406	0.00012954862713
2517.35819332	0.000147750333817
2517.67235259	0.000164938055471
2517.98651185	0.000179522376975
2518.30067112	0.00018927899246
2518.61483038	0.000192672017413
2518.92898965	0.00019011587407
2519.24314891	0.000185454774718
2519.55730818	0.000183312957952
2519.87146744	0.000185136101731
2520.18562671	0.000189336288871
2520.49978598	0.000193168303367
2520.81394524	0.000197279108415
2521.12810451	0.000207074767437
2521.44226377	0.0002266613245
2521.75642304	0.000253195668032
2522.0705823	0.000280341187976
2522.38474157	0.000303456146614
2522.69890083	0.00032116359543
2523.0130601	0.000335234753775
2523.32721936	0.00035002833616
2523.64137863	0.000368828951642
2523.95553789	0.000394437698729
2524.26969716	0.00042735616139
2524.58385642	0.000465953372575
2524.89801569	0.000506332196884
2525.21217496	0.000545201088702
2525.52633422	0.00058108650697
2525.84049349	0.000612908720166
2526.15465275	0.000639391291093
2526.46881202	0.000659696864769
2526.78297128	0.000674294320973
2527.09713055	0.000685718553496
2527.41128981	0.000697034718659
2527.72544908	0.000709543373809
2528.03960834	0.000722715063832
2528.35376761	0.000735140410838
2528.66792687	0.000745000807907
2528.98208614	0.000751000942167
2529.29624541	0.000752236597053
2529.61040467	0.000747469168824
2529.92456394	0.00073495194459
2530.2387232	0.000713541630846
2530.55288247	0.000684419578427
2530.86704173	0.00065076988825
2531.181201	0.000614657687906
2531.49536026	0.000577124483025
2531.80951953	0.000537576200189
2532.12367879	0.000493616263536
2532.43783806	0.000444048123454
2532.75199732	0.000389912289951
2533.06615659	0.000333438384509
2533.38031585	0.000276920943927
2533.69447512	0.000220185462365
2534.00863439	0.000160783478379
2534.32279365	9.67369963099e-05
2534.63695292	2.80259638317e-05
2534.95111218	-4.31874421569e-05
2535.26527145	-0.00011283407329
2535.57943071	-0.000176981278213
2535.89358998	-0.000235349692109
2536.20774924	-0.000292333292033
2536.52190851	-0.000351633764544
2536.83606777	-0.000414617617592
2537.15022704	-0.000479744201506
2537.4643863	-0.000544937381628
2537.77854557	-0.000608108934734
2538.09270484	-0.000668147784741
2538.4068641	-0.000724147261062
2538.72102337	-0.000774668731395
2539.03518263	-0.000817716834041
2539.3493419	-0.000852122537591
2539.66350116	-0.000878302921413
2539.97766043	-0.000897927594744
2540.29181969	-0.000912557790753
2540.60597896	-0.000923036000179
2540.92013822	-0.000930157079541
2541.23429749	-0.000934242356253
2541.54845675	-0.000936078626381
2541.86261602	-0.000936416842515
2542.17677529	-0.000935587524915
2542.49093455	-0.000933741912698
2542.80509382	-0.000930018546464
2543.11925308	-0.000921650312568
2543.43341235	-0.000906671681813
2543.74757161	-0.000885806862055
2544.06173088	-0.000861260850701
2544.37589014	-0.000835491734227
2544.69004941	-0.000809483678128
2545.00420867	-0.000783735635644
2545.31836794	-0.000758535586066
2545.6325272	-0.00073418669734
2545.94668647	-0.000711169586559
2546.26084573	-0.000690426712544
2546.575005	-0.000671102918769
2546.88916427	-0.000649749751094
2547.20332353	-0.000625211266671
2547.5174828	-0.000599467326269
2547.83164206	-0.000571640031782
2548.14580133	-0.00053881942633
2548.45996059	-0.000502960519521
2548.77411986	-0.000469081516582
2549.08827912	-0.000439132460351
2549.40243839	-0.000411573083376
2549.71659765	-0.000383963872948
2550.03075692	-0.000355335357463
2550.34491618	-0.000324437380763
2550.65907545	-0.000289286583258
2550.97323472	-0.00024728819094
2551.28739398	-0.000198300556948
2551.60155325	-0.000146288436932
2551.91571251	-9.74593888275e-05
2552.22987178	-5.61617312845e-05
2552.54403104	-2.31467859109e-05
2552.85819031	2.83486256721e-06
2553.17234957	2.33535677567e-05
2553.48650884	3.95091249903e-05
2553.8006681	5.16529819229e-05
2554.11482737	6.02046567666e-05
2554.42898663	6.63082385029e-05
2554.7431459	7.30814488702e-05
2555.05730516	8.3208598583e-05
2555.37146443	9.63748374577e-05
2555.6856237	0.000110802712684
2555.99978296	0.000124934081407
2556.31394223	0.000138847268
2556.62810149	0.000153777974274
2556.94226076	0.000168683813035
2557.25642002	0.000180727793273
2557.57057929	0.000186763764696
2557.88473855	0.000186134340321
2558.19889782	0.000181446113437
2558.51305708	0.000177082353549
2558.82721635	0.000176633831541
2559.14137561	0.000182636562525
2559.45553488	0.000195951368563
2559.76969415	0.0002161571963
2560.08385341	0.000243019003102
2560.39801268	0.000275901558439
2560.71217194	0.000311989758608
2561.02633121	0.000347729387052
2561.34049047	0.000381078752338
2561.65464974	0.000412729555457
2561.968809	0.000442653435898
2562.28296827	0.000468409608271
2562.59712753	0.000488522977771
2562.9112868	0.000503579032923
2563.22544606	0.000514635982797
2563.53960533	0.000523637522665
2563.85376459	0.000533250455646
2564.16792386	0.000546017372643
2564.48208313	0.000564233242737
2564.79624239	0.000588492828949
2565.11040166	0.000618063601394
2565.42456092	0.000650531989983
2565.73872019	0.000682466686477
2566.05287945	0.000710904744828
2566.36703872	0.000735396940528
2566.68119798	0.000756381062632
2566.99535725	0.000772588886229
2567.30951651	0.000781262647325
2567.62367578	0.000780520209617
2567.93783504	0.000771129668674
2568.25199431	0.000755157340208
2568.56615358	0.000737655210361
2568.88031284	0.000723040175294
2569.19447211	0.000711558782648
2569.50863137	0.000698954369319
2569.82279064	0.00067929854622
2570.1369499	0.000650300373005
2570.45110917	0.000614687116222
2570.76526843	0.000575662881898
2571.0794277	0.000533734219434
2571.39358696	0.000488234054637
2571.70774623	0.000439234144519
2572.02190549	0.000388684522018
2572.33606476	0.000338516193384
2572.65022402	0.000287911029415
2572.96438329	0.000234326947347
2573.27854256	0.000175928775605
2573.59270182	0.000111866620527
2573.90686109	4.25412804185e-05
2574.22102035	-2.97510307737e-05
2574.53517962	-0.000102281067979
2574.84933888	-0.000174742229387
2575.16349815	-0.000248685355487
2575.47765741	-0.000324382455819
2575.79181668	-0.000399971471872
2576.10597594	-0.000473591920585
2576.42013521	-0.000543694179213
2576.73429447	-0.000609920245922
2577.04845374	-0.000671699407553
2577.36261301	-0.000728553947777
2577.67677227	-0.000780207476206
2577.99093154	-0.000825585118339
2578.3050908	-0.000861489497987
2578.61925007	-0.000886192174473
2578.93340933	-0.000901017003018
2579.2475686	-0.000908466935038
2579.56172786	-0.000910395010233
2579.87588713	-0.000908653477108
2580.19004639	-0.000904550761467
2580.50420566	-0.000899394791198
2580.81836492	-0.000893804927623
2581.13252419	-0.000888421059416
2581.44668345	-0.000884651335213
2581.76084272	-0.000882907984009
2582.07500199	-0.000881576247856
2582.38916125	-0.000877993882855
2582.70332052	-0.000870076263854
2583.01747978	-0.000858291379108
2583.33163905	-0.000843620136306
2583.64579831	-0.00082726625991
2583.95995758	-0.000809725555669
2584.27411684	-0.000789984360284
2584.58827611	-0.000764676237181
2584.90243537	-0.000732711773521
2585.21659464	-0.000697894750783
2585.5307539	-0.000665103864687
2585.84491317	-0.000636990050923
2586.15907244	-0.000611518296047
2586.4732317	-0.0005851307098
2586.78739097	-0.000554451018329
2587.10155023	-0.000517589121602
2587.4157095	-0.000475099608793
2587.72986876	-0.000429185493667
2588.04402803	-0.000382286549987
2588.35818729	-0.000335745895049
2588.67234656	-0.000290509590278
2588.98650582	-0.000248683419771
2589.30066509	-0.000212509452859
2589.61482435	-0.000182926566109
2589.92898362	-0.000158648261738
2590.24314288	-0.000136563175149
2590.55730215	-0.000114041741467
2590.87146142	-9.04643734138e-05
2591.18562068	-6.63030156829e-05
2591.49977995	-4.21229083039e-05
2591.81393921	-1.86413528942e-05
2592.12809848	3.44227601627e-06
2592.44225774	2.36167977062e-05
2592.75641701	4.19636002415e-05
2593.07057627	5.88915418064e-05
2593.38473554	7.18281910081e-05
2593.6988948	7.73195202977e-05
2594.01305407	7.55169991577e-05
2594.32721333	7.0986132288e-05
2594.6413726	6.89414046306e-05
2594.95553187	7.18550789825e-05
2595.26969113	7.93302940207e-05
2595.5838504	9.08098542888e-05
2595.89800966	0.000106816614378
2596.21216893	0.000127877390858
2596.52632819	0.000153087675669
2596.84048746	0.000179476515315
2597.15464672	0.000203619065667
2597.46880599	0.000223880613217
2597.78296525	0.000240770576657
2598.09712452	0.000256149827432
2598.41128378	0.000272347711741
2598.72544305	0.000290755648938
2599.03960231	0.000313494585635
2599.35376158	0.000340809995762
2599.66792085	0.000370782722621
2599.98208011	0.000400922328714
2600.29623938	0.000430474721358
2600.61039864	0.000459435447167
2600.92455791	0.000487878951913
2601.23871717	0.000515039531285
2601.55287644	0.00053961835831
2601.8670357	0.000561754850323
2602.18119497	0.000581693785646
2602.49535423	0.000599023224919
2602.8095135	0.000613398917398
2603.12367276	0.00062514580536
2603.43783203	0.000635215911968
2603.7519913	0.000644844681403
2604.06615056	0.000655289334987
2604.38030983	0.000667642764951
2604.69446909	0.000682701296885
2605.00862836	0.000700802094925
2605.32278762	0.000721437045746
2605.63694689	0.000742894986017
2605.95110615	0.000764426622968
2606.26526542	0.000785345715504
2606.57942468	0.00080421189029
2606.89358395	0.000818530073985
2607.20774321	0.000826349653238
2607.52190248	0.000827041800621
2607.83606175	0.000820996289701
2608.15022101	0.000809685081562
2608.46438028	0.000793205105696
2608.77853954	0.000771053888413
2609.09269881	0.000742090928613
2609.40685807	0.000706665276236
2609.72101734	0.000668836469696
2610.0351766	0.000632106573812
2610.34933587	0.000592944896417
2610.66349513	0.000544568201492
2610.9776544	0.000485136354414
2611.29181366	0.0004179784711
2611.60597293	0.000345872728946
2611.92013219	0.00027052434355
2612.23429146	0.000193697786361
2612.54845073	0.000117217880299
2612.86260999	4.16603859311e-05
2613.17676926	-3.36456424821e-05
2613.49092852	-0.000108112264612
2613.80508779	-0.00017865501045
2614.11924705	-0.000242359471952
2614.43340632	-0.000299489572488
2614.74756558	-0.000353486135871
2615.06172485	-0.000407145834055
2615.37588411	-0.000460327899467
2615.69004338	-0.000511994657079
2616.00420264	-0.000561079731586
2616.31836191	-0.000606668252989
2616.63252118	-0.000649240290221
2616.94668044	-0.000690555045526
2617.26083971	-0.000731043544843
2617.57499897	-0.000768576932569
2617.88915824	-0.000800014747616
2618.2033175	-0.000823922169373
2618.51747677	-0.000841091101122
2618.83163603	-0.000852657346895
2619.1457953	-0.00085899639729
2619.45995456	-0.000860999413289
2619.77411383	-0.000859673935117
2620.08827309	-0.000856695788883
2620.40243236	-0.000854738552147
2620.71659162	-0.000855711495893
2621.03075089	-0.000860416141973
2621.34491016	-0.000866679307667
2621.65906942	-0.000869978513681
2621.97322869	-0.000866540059899
2622.28738795	-0.000855627327914
2622.60154722	-0.000837631224362
2622.91570648	-0.000813513805433
2623.22986575	-0.000783672950808
2623.54402501	-0.000749089498251
2623.85818428	-0.000712003438568
2624.17234354	-0.000673892274632
2624.48650281	-0.000635994685321
2624.80066207	-0.00060077304693
2625.11482134	-0.000569768501045
2625.42898061	-0.000541890949205
2625.74313987	-0.000514092837522
2626.05729914	-0.000484930387685
2626.3714584	-0.000452881234094
2626.68561767	-0.000416330654223
2626.99977693	-0.000376898981871
2627.3139362	-0.000338150320755
2627.62809546	-0.000303124520291
2627.94225473	-0.000273076937028
2628.25641399	-0.000247775591202
2628.57057326	-0.000227287314762
2628.88473252	-0.00021162396062
2629.19889179	-0.000197511120373
2629.51305105	-0.00018039983031
2629.82721032	-0.000157650234345
2630.14136959	-0.000129733398354
2630.45552885	-9.89824308331e-05
2630.76968812	-6.77491953877e-05
2631.08384738	-3.73954998433e-05
2631.39800665	-8.6127367071e-06
2631.71216591	1.90794290318e-05
2632.02632518	4.65346927117e-05
2632.34048444	7.20930909123e-05
2632.65464371	9.20677146538e-05
2632.96880297	0.000104779415534
2633.28296224	0.000113441344216
2633.5971215	0.000122363243729
2633.91128077	0.00013241077747
2634.22544004	0.000142988586097
2634.5395993	0.000155800099371
2634.85375857	0.000172625898097
2635.16791783	0.000191072473739
2635.4820771	0.000207637052516
2635.79623636	0.000221020695309
2636.11039563	0.000232131000085
2636.42455489	0.000242073167918
2636.73871416	0.000252124747597
2637.05287342	0.000264650689903
2637.36703269	0.000283034200767
2637.68119195	0.000308332740019
2637.99535122	0.00033823397434
2638.30951048	0.000369906157735
2638.62366975	0.000401523008762
2638.93782902	0.000432055947907
2639.25198828	0.000461145904781
2639.56614755	0.000488553362249
2639.88030681	0.000514267416762
2640.19446608	0.000537355535623
2640.50862534	0.000556621877089
2640.82278461	0.000571619727589
2641.13694387	0.000585877518749
2641.45110314	0.000602967908003
2641.7652624	0.000623666805226
2642.07942167	0.000646801923734
2642.39358093	0.000670528596054
2642.7077402	0.000692974868204
2643.02189947	0.000712939104033
2643.33605873	0.000730035602255
2643.650218	0.000744963559904
2643.96437726	0.000757752550388
2644.27853653	0.000766674382909
2644.59269579	0.000771342652622
2644.90685506	0.000774441371726
2645.22101432	0.000779286342809
2645.53517359	0.000785646358701
2645.84933285	0.000791047426766
2646.16349212	0.00079250114477
2646.47765138	0.0007885177075
2646.79181065	0.00077852091064
2647.10596991	0.000763218620432
2647.42012918	0.000743335047205
2647.73428845	0.000718254370473
2648.04844771	0.0006868140244
2648.36260698	0.000648050005895
2648.67676624	0.000603140082405
2648.99092551	0.000555705340654
2649.30508477	0.000508646562325
2649.61924404	0.000461607501884
2649.9334033	0.000413002385198
2650.24756257	0.00036110634995
2650.56172183	0.000304251104172
2650.8758811	0.000242539858159
2651.19004036	0.000178724264173
2651.50419963	0.00011663837652
2651.8183589	5.57478703241e-05
2652.13251816	-8.14037608719e-06
2652.44667743	-7.88895168516e-05
2652.76083669	-0.000155740304351
2653.07499596	-0.00023424070931
2653.38915522	-0.000310696579985
2653.70331449	-0.000383030406743
2654.01747375	-0.000449846052094
2654.33163302	-0.000510047860785
2654.64579228	-0.00056286831626
2654.95995155	-0.000608168832712
2655.27411081	-0.000646372758127
2655.58827008	-0.000678669542911
2655.90242934	-0.000707385171136
2656.21658861	-0.000734909733358
2656.53074788	-0.00076085451087
2656.84490714	-0.000782695104894
2657.15906641	-0.00079814067426
2657.47322567	-0.000806986867602
2657.78738494	-0.000810259194926
2658.1015442	-0.000809178382818
2658.41570347	-0.00080470714404
2658.72986273	-0.000797558499973
2659.044022	-0.000786731304451
2659.35818126	-0.000770675260368
2659.67234053	-0.000752242924607
2659.98649979	-0.000736301894721
2660.30065906	-0.000725037088858
2660.61481833	-0.000716396057375
2660.92897759	-0.000706671096514
2661.24313686	-0.000694084688353
2661.55729612	-0.000678829159371
2661.87145539	-0.000661731998199
2662.18561465	-0.00064296510822
2662.49977392	-0.000622393426678
2662.81393318	-0.000599264414412
2663.12809245	-0.000573014150053
2663.44225171	-0.0005446223712
2663.75641098	-0.000516221136276
2664.07057024	-0.000490135538485
2664.38472951	-0.000467012368534
2664.69888878	-0.000444905670983
2665.01304804	-0.000422072134994
2665.32720731	-0.000398709740373
2665.64136657	-0.000374933499073
2665.95552584	-0.000350674716725
2666.2696851	-0.000325112118
2666.58384437	-0.000297638343055
2666.89800363	-0.000268708817245
2667.2121629	-0.000240251459343
2667.52632216	-0.000214592511355
2667.84048143	-0.000192747225824
2668.15464069	-0.000173265533539
2668.46879996	-0.000153576712494
2668.78295922	-0.000131372650351
2669.09711849	-0.000105256955822
2669.41127776	-7.60923325514e-05
2669.72543702	-4.49383838786e-05
2670.03959629	-1.39486728294e-05
2670.35375555	1.5628531012e-05
2670.66791482	4.19721817062e-05
2670.98207408	6.43746574514e-05
2671.29623335	8.19002625808e-05
2671.61039261	9.42228655729e-05
2671.92455188	0.000101710621603
2672.23871114	0.000105883932188
2672.55287041	0.000109192581512
2672.86702967	0.000112507883749
2673.18118894	0.000115693125768
2673.49534821	0.000118074354263
2673.80950747	0.000119061252058
2674.12366674	0.000120438633198
2674.437826	0.000126501572399
2674.75198527	0.000140094387428
2675.06614453	0.000159921821055
2675.3803038	0.000182879320528
2675.69446306	0.000206168050659
2676.00862233	0.00022838093557
2676.32278159	0.000251401122254
2676.63694086	0.000279055993859
2676.95110012	0.000313001347196
2677.26525939	0.000351224648219
2677.57941865	0.000389145583431
2677.89357792	0.000423182494729
2678.20773719	0.000453035478614
2678.52189645	0.000479876198787
2678.83605572	0.000504452416582
2679.15021498	0.000526213892309
2679.46437425	0.000543058949854
2679.77853351	0.000553636340527
2680.09269278	0.000559440150181
2680.40685204	0.000565001515579
2680.72101131	0.000575369578385
2681.03517057	0.000592794958114
2681.34932984	0.000616618774236
2681.6634891	0.00064452274088
2681.97764837	0.00067276365623
2682.29180764	0.000697614371921
2682.6059669	0.000716487743594
2682.92012617	0.00073232236052
2683.23428543	0.000749840921727
2683.5484447	0.000765631780081
2683.86260396	0.000772721606517
2684.17676323	0.000768173054581
2684.49092249	0.00075516864438
2684.80508176	0.000737456235428
2685.11924102	0.000718217544597
2685.43340029	0.000700602041163
2685.74755955	0.00068698846429
2686.06171882	0.000678612135976
2686.37587808	0.000674222490178
2686.69003735	0.000670213654923
2687.00419662	0.000662887170232
2687.31835588	0.000649175600873
2687.63251515	0.000626902127273
2687.94667441	0.000595045459751
2688.26083368	0.000554507305598
2688.57499294	0.000506347515001
2688.88915221	0.00045145537463
2689.20331147	0.000390478489385
2689.51747074	0.000324218162661
2689.83163	0.000254361461301
2690.14578927	0.000182438918542
2690.45994853	0.000109784886966
2690.7741078	3.77156948109e-05
2691.08826707	-3.19131624948e-05
2691.40242633	-9.9590995955e-05
2691.7165856	-0.000166387750217
2692.03074486	-0.000232223020879
2692.34490413	-0.00029603019721
2692.65906339	-0.000357632170783
2692.97322266	-0.000417283124881
2693.28738192	-0.000476257893585
2693.60154119	-0.000532628925303
2693.91570045	-0.000585079107876
2694.22985972	-0.000631987842634
2694.54401898	-0.000672736382513
2694.85817825	-0.000707485468439
2695.17233751	-0.000737006075128
2695.48649678	-0.000763370422993
2695.80065605	-0.00078748492974
2696.11481531	-0.00080679117952
2696.42897458	-0.000819284474162
2696.74313384	-0.000825340728625
2697.05729311	-0.000826564531735
2697.37145237	-0.000824532147216
2697.68561164	-0.000820745085886
2697.9997709	-0.000815893908582
2698.31393017	-0.000810372559384
2698.62808943	-0.000804664656886
2698.9422487	-0.000799762651649
2699.25640796	-0.000797463387852
2699.57056723	-0.000798389826638
2699.8847265	-0.000801124948384
2700.19888576	-0.000803627180631
2700.51304503	-0.000804369037546
2700.82720429	-0.000800572032056
2701.14136356	-0.000788347394297
2701.45552282	-0.000767770832834
2701.76968209	-0.00074168111133
2702.08384135	-0.000712841092623
2702.39800062	-0.000682437085634
2702.71215988	-0.000649770311681
2703.02631915	-0.00061402394076
2703.34047841	-0.000574817791147
2703.65463768	-0.0005322105629
2703.96879694	-0.000484200183263
2704.28295621	-0.000430905572753
2704.59711548	-0.000375270045117
2704.91127474	-0.000321910211144
2705.22543401	-0.00027321798951
2705.53959327	-0.000231086150041
2705.85375254	-0.000194903191238
2706.1679118	-0.000160779226309
2706.48207107	-0.000128708210533
2706.79623033	-0.000101791339019
2707.1103896	-8.35365454545e-05
2707.42454886	-7.42144173337e-05
2707.73870813	-7.01869229918e-05
2708.05286739	-6.65933914726e-05
2708.36702666	-5.96621648832e-05
2708.68118593	-4.7143136592e-05
2708.99534519	-2.87008386099e-05
2709.30950446	-4.51117940665e-06
2709.62366372	2.3876096553e-05
2709.93782299	5.46011707447e-05
2710.25198225	8.51081766285e-05
2710.56614152	0.000112852493185
2710.88030078	0.000135371014646
2711.19446005	0.000151282163097
2711.50861931	0.000161614167935
2711.82277858	0.000169924452827
2712.13693784	0.000180215189861
2712.45109711	0.000191764141137
2712.76525637	0.000202876903984
2713.07941564	0.00021360202554
2713.39357491	0.000224847394628
2713.70773417	0.000236953920495
2714.02189344	0.000252115012665
2714.3360527	0.000272010924644
2714.65021197	0.000296574555573
2714.96437123	0.000323685977946
2715.2785305	0.000350628239113
2715.59268976	0.000376107662814
2715.90684903	0.000400158163519
2716.22100829	0.000422782620977
2716.53516756	0.000442938773461
2716.84932682	0.000459850594318
2717.16348609	0.000473673204331
2717.47764536	0.000485733400662
2717.79180462	0.000497902656736
2718.10596389	0.000511223302155
2718.42012315	0.000525437564855
2718.73428242	0.000539045179113
2719.04844168	0.000550855642081
2719.36260095	0.000560556666748
2719.67676021	0.000569189148475
2719.99091948	0.000578411012728
2720.30507874	0.0005888284835
2720.61923801	0.000601473873557
2720.93339727	0.000615950129091
2721.24755654	0.000631030460812
2721.56171581	0.00064542063807
2721.87587507	0.000659087662288
2722.19003434	0.000672674500328
2722.5041936	0.000685079245183
2722.81835287	0.00069393616442
2723.13251213	0.000697535148188
2723.4466714	0.000696482485303
2723.76083066	0.000692958335984
2724.07498993	0.000687892039034
2724.38914919	0.00068047352966
2724.70330846	0.000669253380443
2725.01746772	0.000653231551635
2725.33162699	0.000633109080551
2725.64578625	0.000609015234661
2725.95994552	0.000580774129584
2726.27410479	0.000546454046336
2726.58826405	0.000503699635432
2726.90242332	0.000449945489075
2727.21658258	0.000386277136251
2727.53074185	0.000318874213279
2727.84490111	0.000252314389562
2728.15906038	0.000186446290292
2728.47321964	0.000119741339786
2728.78737891	5.26468315077e-05
2729.10153817	-1.3139238229e-05
2729.41569744	-7.59075703039e-05
2729.7298567	-0.000134554870213
2730.04401597	-0.000189288103786
2730.35817524	-0.000241171997412
2730.6723345	-0.00029145085987
2730.98649377	-0.000340871219623
2731.30065303	-0.000389388339114
2731.6148123	-0.000436909301469
2731.92897156	-0.000482311008491
2732.24313083	-0.000524808406605
2732.55729009	-0.000564084628726
2732.87144936	-0.000600067995327
2733.18560862	-0.000632350964591
2733.49976789	-0.000660612777138
2733.81392715	-0.000684988932367
2734.12808642	-0.000706149925742
2734.44224568	-0.000725014404794
2734.75640495	-0.000742604583757
2735.07056422	-0.000758565727384
2735.38472348	-0.000771403505181
2735.69888275	-0.000779642592847
2736.01304201	-0.000783121198047
2736.32720128	-0.000783324776615
2736.64136054	-0.000782139847657
2736.95551981	-0.000780625142093
2737.26967907	-0.000779629403142
2737.58383834	-0.000780224552215
2737.8979976	-0.000781692990552
2738.21215687	-0.000781015018224
2738.52631613	-0.000776218703981
2738.8404754	-0.000767832612529
2739.15463467	-0.000757150309953
2739.46879393	-0.000743570641205
2739.7829532	-0.000724925765943
2740.09711246	-0.000699864672273
2740.41127173	-0.000669139554922
2740.72543099	-0.000634579783623
2741.03959026	-0.000596632005696
2741.35374952	-0.000555514453896
2741.66790879	-0.000512992874739
2741.98206805	-0.00047122252104
2742.29622732	-0.000432668163787
2742.61038658	-0.000399222942847
2742.92454585	-0.000371792290094
2743.23870511	-0.000348553691194
2743.55286438	-0.000326250848774
2743.86702365	-0.000303003376368
2744.18118291	-0.00027803481769
2744.49534218	-0.00025085181894
2744.80950144	-0.000221346381671
2745.12366071	-0.000189488518796
2745.43781997	-0.000156693916138
2745.75197924	-0.000125221259243
2746.0661385	-9.68028300034e-05
2746.38029777	-7.37047785024e-05
2746.69445703	-5.70137206533e-05
2747.0086163	-4.61041497743e-05
2747.32277556	-3.71303465284e-05
2747.63693483	-2.69385711063e-05
2747.9510941	-1.50891708592e-05
2748.26525336	-2.68313144897e-06
2748.57941263	1.0125953314e-05
2748.89357189	2.46962763778e-05
2749.20773116	4.18019985238e-05
2749.52189042	6.04217605113e-05
2749.83604969	7.94832928623e-05
2750.15020895	9.84688163976e-05
2750.46436822	0.000116271980707
2750.77852748	0.000132078229632
2751.09268675	0.000145817034772
2751.40684601	0.000158522527783
2751.72100528	0.000170024037925
2752.03516454	0.00017956794912
2752.34932381	0.000187383577236
2752.66348308	0.000193809177003
2752.97764234	0.000200432623764
2753.29180161	0.000207803655903
2753.60596087	0.000214071625705
2753.92012014	0.000220706820974
2754.2342794	0.000232162854025
2754.54843867	0.00024729735579
2754.86259793	0.000261515867223
2755.1767572	0.000273730274765
2755.49091646	0.00028537897285
2755.80507573	0.00029828016843
2756.11923499	0.000314170483268
2756.43339426	0.00033475169265
2756.74755353	0.000360950526354
2757.06171279	0.000393071991664
2757.37587206	0.000430660530528
2757.69003132	0.000472366943682
2758.00419059	0.000515463343507
2758.31834985	0.000555268108227
2758.63250912	0.000588216583336
2758.94666838	0.000615092750033
2759.26082765	0.000638839570419
2759.57498691	0.000661013927008
2759.88914618	0.000681621056414
2760.20330544	0.000700331168432
2760.51746471	0.000717213180251
2760.83162397	0.00073259435932
2761.14578324	0.000746803824031
2761.45994251	0.000759685440749
2761.77410177	0.000770018105377
2762.08826104	0.000775409354703
2762.4024203	0.000773393710551
2762.71657957	0.000763460712847
2763.03073883	0.000747414335977
2763.3448981	0.000727278567857
2763.65905736	0.00070252998929
2763.97321663	0.000671275490363
2764.28737589	0.000632584592999
2764.60153516	0.000589549463128
2764.91569442	0.000547541550504
2765.22985369	0.000505748017338
2765.54401296	0.000459595552058
2765.85817222	0.00040547392855
2766.17233149	0.000342867679862
2766.48649075	0.000273815611082
2766.80065002	0.000202488451387
2767.11480928	0.000133275887051
2767.42896855	6.76526347778e-05
2767.74312781	4.57159972983e-06
2768.05728708	-5.66528517477e-05
2768.37144634	-0.000116096705522
2768.68560561	-0.000174200820783
2768.99976487	-0.000231456368547
2769.31392414	-0.00028871384008
2769.6280834	-0.000346569696238
2769.94224267	-0.000406053283292
2770.25640194	-0.000468226299081
2770.5705612	-0.00053146739631
2770.88472047	-0.000592274556104
2771.19887973	-0.000646834451806
2771.513039	-0.000693279457416
2771.82719826	-0.000731334690757
2772.14135753	-0.000761724150427
2772.45551679	-0.000786062101579
2772.76967606	-0.000805732671857
2773.08383532	-0.00082236986215
2773.39799459	-0.000836780421821
2773.71215385	-0.000850620107776
2774.02631312	-0.000865030949207
2774.34047239	-0.000880324249431
2774.65463165	-0.000894524686223
2774.96879092	-0.000904258659509
2775.28295018	-0.000907443403692
2775.59710945	-0.000902902374437
2775.91126871	-0.000891456875126
2776.22542798	-0.00087488663041
2776.53958724	-0.000855846701129
2776.85374651	-0.000835292998282
2777.16790577	-0.000814335515784
2777.48206504	-0.000793794894728
2777.7962243	-0.000776021004496
2778.11038357	-0.000762567556899
2778.42454284	-0.000752856070244
2778.7387021	-0.000744621550993
2779.05286137	-0.000732829574795
2779.36702063	-0.000713161516818
2779.6811799	-0.000686116681177
2779.99533916	-0.00065446946957
2780.30949843	-0.000621285664856
2780.62365769	-0.000589269451421
2780.93781696	-0.000560447532119
2781.25197622	-0.000535513898746
2781.56613549	-0.000512485395231
2781.88029475	-0.000485640878086
2782.19445402	-0.000452437341851
2782.50861328	-0.000415020331392
2782.82277255	-0.000377978686638
2783.13693182	-0.000343254596633
2783.45109108	-0.000310118504152
2783.76525035	-0.000277312502563
2784.07940961	-0.000243828164768
2784.39356888	-0.000209763360345
2784.70772814	-0.000175041357097
2785.02188741	-0.000139156001581
2785.33604667	-0.00010331757808
2785.65020594	-7.04397317791e-05
2785.9643652	-4.16005552279e-05
2786.27852447	-1.56173291479e-05
2786.59268373	9.76396819517e-06
2786.906843	3.64746405061e-05
2787.22100227	6.43393010584e-05
2787.53516153	9.25244938811e-05
2787.8493208	0.000119981584032
2788.16348006	0.000146042575729
2788.47763933	0.000171012183149
2788.79179859	0.000194625543725
2789.10595786	0.000216974834759
2789.42011712	0.000237097564275
2789.73427639	0.000254225605999
2790.04843565	0.000267030240673
2790.36259492	0.000276324387538
2790.67675418	0.000283198870938
2790.99091345	0.000287380223308
2791.30507271	0.000289085410272
2791.61923198	0.000291887407595
2791.93339125	0.000298471144815
2792.24755051	0.000306474110158
2792.56170978	0.000312591473297
2792.87586904	0.000314919421759
2793.19002831	0.000316509026947
2793.50418757	0.000321507109937
2793.81834684	0.000332954976897
2794.1325061	0.000351225014182
2794.44666537	0.00037593713775
2794.76082463	0.0004064573192
2795.0749839	0.000441717889669
2795.38914316	0.000479732793971
2795.70330243	0.000518298381912
2796.0174617	0.000555787975173
2796.33162096	0.000590615507931
2796.64578023	0.00062201352305
2796.95993949	0.000648658060262
2797.27409876	0.000670157808493
2797.58825802	0.000685338437388
2797.90241729	0.000694599569679
2798.21657655	0.000699750151573
2798.53073582	0.000704010691759
2798.84489508	0.000710119196677
2799.15905435	0.000719104534506
2799.47321361	0.000730075756493
2799.78737288	0.000740740862723
2800.10153214	0.000748355797486
2800.41569141	0.000750673815325
2800.72985068	0.000745882106738
2801.04400994	0.00073386408035
2801.35816921	0.000715317254157
2801.67232847	0.000691243463021
2801.98648774	0.0006632276639
2802.300647	0.000633387962903
2802.61480627	0.000603907884756
2802.92896553	0.000575134652355
2803.2431248	0.000544881419189
2803.55728406	0.000510050995062
2803.87144333	0.000469274546941
2804.18560259	0.000422665657009
2804.49976186	0.000370557868401
2804.81392113	0.000312793240897
2805.12808039	0.000248961763208
2805.44223966	0.000178873753798
2805.75639892	0.000104002693501
2806.07055819	2.82098954926e-05
2806.38471745	-4.57323318738e-05
2806.69887672	-0.000117538963673
2807.01303598	-0.000189846230671
2807.32719525	-0.000266590931695
2807.64135451	-0.00034856935225
2807.95551378	-0.000429884996118
2808.26967304	-0.000503512517042
2808.58383231	-0.000569129034187
2808.89799157	-0.000631631721105
2809.21215084	-0.000694407068675
2809.52631011	-0.000757065594019
2809.84046937	-0.000817005052325
2810.15462864	-0.00087054259405
2810.4687879	-0.000913633800208
2810.78294717	-0.000944626996143
2811.09710643	-0.000963554156493
2811.4112657	-0.000971379598856
2811.72542496	-0.00096885086786
2812.03958423	-0.000957646568497
2812.35374349	-0.000940521737811
2812.66790276	-0.00092053623264
2812.98206202	-0.000899452698204
2813.29622129	-0.000879089005355
2813.61038056	-0.000861374003812
2813.92453982	-0.000846612491583
2814.23869909	-0.000833334344857
2814.55285835	-0.000819799384126
2814.86701762	-0.000805147397304
2815.18117688	-0.000789632184894
2815.49533615	-0.000772905764006
2815.80949541	-0.000754575414228
2816.12365468	-0.000734599190456
2816.43781394	-0.000712959378882
2816.75197321	-0.000690023425306
2817.06613247	-0.000667426997249
2817.38029174	-0.000646856422756
2817.694451	-0.000629781332179
2818.00861027	-0.000615247388577
2818.32276954	-0.000601472763893
2818.6369288	-0.000586589113523
2818.95108807	-0.000569237267623
2819.26524733	-0.000548044074972
2819.5794066	-0.000522114468032
2819.89356586	-0.000493139057677
2820.20772513	-0.000464453487103
2820.52188439	-0.000437028425051
2820.83604366	-0.000409050128246
2821.15020292	-0.000379659662723
2821.46436219	-0.000349636592655
2821.77852145	-0.00031841855982
2822.09268072	-0.000284291822615
2822.40683999	-0.000246321797871
2822.72099925	-0.000205614589845
2823.03515852	-0.000164627150738
2823.34931778	-0.000125535847275
2823.66347705	-8.94305874339e-05
2823.97763631	-5.65078004307e-05
2824.29179558	-2.66369771077e-05
2824.60595484	3.73031108397e-07
2824.92011411	2.4602305639e-05
2825.23427337	4.5640571382e-05
2825.54843264	6.31120468251e-05
2825.8625919	7.76798321396e-05
2826.17675117	9.13321915297e-05
2826.49091043	0.000105580536804
2826.8050697	0.000120402655734
2827.11922897	0.000134567982135
2827.43338823	0.000146936558561
2827.7475475	0.000157641880952
2828.06170676	0.000167602677527
2828.37586603	0.000178917392838
2828.69002529	0.000191738892643
2829.00418456	0.000205072646479
2829.31834382	0.000217098475205
2829.63250309	0.000227871567437
2829.94666235	0.000238794406948
2830.26082162	0.000251590073697
2830.57498088	0.000265938827896
2830.88914015	0.00028172174883
2831.20329942	0.000299016096428
2831.51745868	0.000317409812156
2831.83161795	0.000336544146297
2832.14577721	0.000355747570681
2832.45993648	0.000374791955472
2832.77409574	0.000393109900798
2833.08825501	0.000411423008861
2833.40241427	0.000430680512802
2833.71657354	0.000450276454071
2834.0307328	0.000468397606677
2834.34489207	0.000482086666529
2834.65905133	0.000488637222595
2834.9732106	0.000491098213035
2835.28736987	0.000497142606196
2835.60152913	0.000509752928405
2835.9156884	0.000525671509586
2836.22984766	0.000541334705509
2836.54400693	0.000556074180563
2836.85816619	0.000571105627477
2837.17232546	0.000587368824139
2837.48648472	0.000605141138847
2837.80064399	0.000624725340229
2838.11480325	0.000645925206764
2838.42896252	0.000667662644958
2838.74312178	0.000688945126807
2839.05728105	0.000708017210214
2839.37144031	0.000723424783978
2839.68559958	0.000734548389028
2839.99975885	0.000741823299958
2840.31391811	0.00074550196956
2840.62807738	0.000744560310078
2840.94223664	0.000737000381565
2841.25639591	0.000720979807939
2841.57055517	0.000696032285057
2841.88471444	0.00066364454236
2842.1988737	0.000626006456456
2842.51303297	0.000584076632259
2842.82719223	0.000537682889595
2843.1413515	0.000486430877908
2843.45551076	0.000430443722998
2843.76967003	0.0003699793003
2844.0838293	0.000304823875758
2844.39798856	0.000234078531266
2844.71214783	0.000157271017721
2845.02630709	7.53417784197e-05
2845.34046636	-9.48186180297e-06
2845.65462562	-9.41204078775e-05
2845.96878489	-0.000175640995108
2846.28294415	-0.000253864535651
2846.59710342	-0.000330049409066
2846.91126268	-0.000404707769383
2847.22542195	-0.000476167163151
2847.53958121	-0.000541553788969
2847.85374048	-0.000598417487749
2848.16789974	-0.000646497077219
2848.48205901	-0.000687258717343
2848.79621828	-0.000722473925491
2849.11037754	-0.000753938930441
2849.42453681	-0.000782458893198
2849.73869607	-0.000807623920986
2850.05285534	-0.000827975516251
2850.3670146	-0.000843415593422
2850.68117387	-0.000854883307898
2850.99533313	-0.000863029004038
2851.3094924	-0.000868396568192
2851.62365166	-0.000870786961816
2851.93781093	-0.000869931638964
2852.25197019	-0.000865351663377
2852.56612946	-0.000857403393346
2852.88028873	-0.000847351502982
2853.19444799	-0.000836579392161
2853.50860726	-0.000825397388372
2853.82276652	-0.000812620294308
2854.13692579	-0.000797893360034
2854.45108505	-0.000781897235534
2854.76524432	-0.000765714949925
2855.07940358	-0.000748896259494
2855.39356285	-0.000729960895397
2855.70772211	-0.000708212351374
2856.02188138	-0.000683738835121
2856.33604064	-0.000656918105023
2856.65019991	-0.000628977047088
2856.96435917	-0.000601648036019
2857.27851844	-0.000576289905242
2857.59267771	-0.000552442763292
2857.90683697	-0.000527610939956
2858.22099624	-0.000501039912396
2858.5351555	-0.000473396697416
2858.84931477	-0.000445911960975
2859.16347403	-0.000419186115451
2859.4776333	-0.000393048042025
2859.79179256	-0.000367128889005
2860.10595183	-0.000341139082608
2860.42011109	-0.000314067147639
2860.73427036	-0.000286730477132
2861.04842962	-0.000261428996452
2861.36258889	-0.000240992291398
2861.67674816	-0.000225708676522
2861.99090742	-0.000212669227467
2862.30506669	-0.000195895180504
2862.61922595	-0.000172383790883
2862.93338522	-0.000145790489807
2863.24754448	-0.000121228394091
2863.56170375	-0.000100862813418
2863.87586301	-8.49303067082e-05
2864.19002228	-7.18983657187e-05
2864.50418154	-5.95349112458e-05
2864.81834081	-4.62619947343e-05
2865.13250007	-3.06822614326e-05
2865.44665934	-1.03196533607e-05
2865.7608186	1.77829530618e-05
2866.07497787	5.35908079827e-05
2866.38913714	9.37336879279e-05
2866.7032964	0.000135187150494
2867.01745567	0.000176468953507
2867.33161493	0.000216573510045
2867.6457742	0.000254923468314
2867.95993346	0.000291551425899
2868.27409273	0.000325862569924
2868.58825199	0.000356011844749
2868.90241126	0.00038049147834
2869.21657052	0.000399875141531
2869.53072979	0.000417089023323
2869.84488905	0.000435194414046
2870.15904832	0.000455119786449
2870.47320759	0.000476127382333
2870.78736685	0.000497477936669
2871.10152612	0.000518183396821
2871.41568538	0.000536819731464
2871.72984465	0.000552273022948
2872.04400391	0.000564303962364
2872.35816318	0.000575158504109
2872.67232244	0.000587013068621
2872.98648171	0.000599112854847
2873.30064097	0.000609663773889
2873.61480024	0.000617957572615
2873.9289595	0.0006248373145
2874.24311877	0.00063204632813
2874.55727803	0.000641501189372
2874.8714373	0.000655262288998
2875.18559657	0.000674224742849
2875.49975583	0.000697636554191
2875.8139151	0.000724782783961
2876.12807436	0.000754207541063
2876.44223363	0.000783569505878
2876.75639289	0.000809753299501
2877.07055216	0.00082997243542
2877.38471142	0.000843052513247
2877.69887069	0.000848637155756
2878.01302995	0.000846967260511
2878.32718922	0.000838059161865
2878.64134848	0.000822572424738
2878.95550775	0.000801667690639
2879.26966702	0.000776909905979
2879.58382628	0.000749848418968
2879.89798555	0.000721424020149
2880.21214481	0.000691669404404
2880.52630408	0.000658844324244
2880.84046334	0.000620672184137
2881.15462261	0.000576552261469
2881.46878187	0.000526641834909
2881.78294114	0.000470666921366
2882.0971004	0.00040903478425
2882.41125967	0.000342772289071
2882.72541893	0.000273635235166
2883.0395782	0.000203459898429
2883.35373746	0.000133321465979
2883.66789673	6.46902778735e-05
2883.982056	-2.60942523746e-06
2884.29621526	-7.09818779241e-05
2884.61037453	-0.000141983599411
2884.92453379	-0.000214709408747
2885.23869306	-0.000286365435761
2885.55285232	-0.000354690876339
2885.86701159	-0.000418461972613
2886.18117085	-0.000478070860576
2886.49533012	-0.000533930642126
2886.80948938	-0.000585330510544
2887.12364865	-0.000630979067635
2887.43780791	-0.000669250279168
2887.75196718	-0.000700058342819
2888.06612645	-0.000726208029914
2888.38028571	-0.000752310766321
2888.69444498	-0.000782507346874
2889.00860424	-0.000816400591437
2889.32276351	-0.000847485504832
2889.63692277	-0.000869135423321
2889.95108204	-0.000881372428676
2890.2652413	-0.000887995549224
2890.57940057	-0.000892569147777
2890.89355983	-0.00089537319226
2891.2077191	-0.00089422415424
2891.52187836	-0.00088661340324
2891.83603763	-0.000871415060328
2892.15019689	-0.000848925273666
2892.46435616	-0.000821222732172
2892.77851543	-0.000789292333923
2893.09267469	-0.00075388068812
2893.40683396	-0.000715824243898
2893.72099322	-0.000676807956107
2894.03515249	-0.000638026643704
2894.34931175	-0.000600943762581
2894.66347102	-0.000565828920617
2894.97763028	-0.00053295553142
2895.29178955	-0.000502205453884
2895.60594881	-0.000473392389676
2895.92010808	-0.000446948407619
2896.23426734	-0.000423684037579
2896.54842661	-0.00040359472198
2896.86258588	-0.000385823661293
2897.17674514	-0.000367064853979
2897.49090441	-0.00034579846049
2897.80506367	-0.000321895131981
2898.11922294	-0.000296714298586
2898.4333822	-0.000270901820095
2898.74754147	-0.0002442399533
2899.06170073	-0.000217334054247
2899.37586	-0.000191392520706
2899.69001926	-0.000167758570492
2900.00417853	-0.000146798142277
2900.31833779	-0.000130168664276
2900.63249706	-0.000118859814285
2900.94665633	-0.000110754239541
2901.26081559	-0.000101462255787
2901.57497486	-8.6967511618e-05
2901.88913412	-6.64445338431e-05
2902.20329339	-4.12655412195e-05
2902.51745265	-1.32880455348e-05
2902.83161192	1.70881008185e-05
2903.14577118	4.90923910671e-05
2903.45993045	8.14287627874e-05
2903.77408971	0.000111974971306
2904.08824898	0.000137130772907
2904.40240824	0.000154175899336
2904.71656751	0.000163728962148
2905.03072677	0.000169354028456
2905.34488604	0.000174974715421
2905.65904531	0.000183496011945
2905.97320457	0.000195775871993
2906.28736384	0.00021174542989
2906.6015231	0.000231477694826
2906.91568237	0.000254650795699
2907.22984163	0.000280213273629
2907.5440009	0.000306487811038
2907.85816016	0.000331118728847
2908.17231943	0.000352035767029
2908.48647869	0.000367591387695
2908.80063796	0.000378422367778
2909.11479722	0.000387053904213
2909.42895649	0.000396225989002
2909.74311576	0.000407720624004
2910.05727502	0.000422340760708
2910.37143429	0.000440036427756
2910.68559355	0.000460571035842
2910.99975282	0.000483642052597
2911.31391208	0.000507647950385
2911.62807135	0.000531963081867
2911.94223061	0.00055620098437
2912.25638988	0.000578863817079
2912.57054914	0.000598568481797
2912.88470841	0.000615282818678
2913.19886767	0.000630645770138
2913.51302694	0.000645596644201
2913.8271862	0.000662791613397
2914.14134547	0.000683194900792
2914.45550474	0.00070538885454
2914.769664	0.000727287820774
2915.08382327	0.000747590455992
2915.39798253	0.000764092418937
2915.7121418	0.000772907083932
2916.02630106	0.00077060187218
2916.34046033	0.000758932166803
2916.65461959	0.000742737414934
2916.96877886	0.000724103821825
2917.28293812	0.000702595621662
2917.59709739	0.000677831041908
2917.91125665	0.000650789506567
2918.22541592	0.000622873235419
2918.53957519	0.000595449433978
2918.85373445	0.000568983500377
2919.16789372	0.000543692594028
2919.48205298	0.000519115655272
2919.79621225	0.000493177986787
2920.11037151	0.000461730932135
2920.42453078	0.000422526758858
2920.73869004	0.000376846715388
2921.05284931	0.00032701693591
2921.36700857	0.000273320582513
2921.68116784	0.000215720067056
2921.9953271	0.000154087660764
2922.30948637	8.89166955762e-05
2922.62364563	2.13966090006e-05
2922.9378049	-4.69098893243e-05
2923.25196417	-0.00011542465172
2923.56612343	-0.000182785625013
2923.8802827	-0.00024852426858
2924.19444196	-0.000312649119681
2924.50860123	-0.000373909685422
2924.82276049	-0.000429610245933
2925.13691976	-0.000478335916283
2925.45107902	-0.000521449320527
2925.76523829	-0.000561925445825
2926.07939755	-0.000602526309517
2926.39355682	-0.000644084411156
2926.70771608	-0.000685507772555
2927.02187535	-0.000724605865899
2927.33603462	-0.000759301372748
2927.65019388	-0.000788276585359
2927.96435315	-0.000812120322563
2928.27851241	-0.000831248228195
2928.59267168	-0.000843456989518
2928.90683094	-0.000846492325475
2929.22099021	-0.000841849681994
2929.53514947	-0.000832145894152
2929.84930874	-0.000818876332985
2930.163468	-0.000802657449926
2930.47762727	-0.000784435968795
2930.79178653	-0.000765087848316
2931.1059458	-0.000745137014004
2931.42010506	-0.000725817549291
2931.73426433	-0.000709028178038
2932.0484236	-0.000695551209525
2932.36258286	-0.000684351080676
2932.67674213	-0.000672863858512
2932.99090139	-0.000658247528369
2933.30506066	-0.0006396166865
2933.61921992	-0.000616981696356
2933.93337919	-0.000590298393492
2934.24753845	-0.000561150972581
2934.56169772	-0.000531010472691
2934.87585698	-0.000501130225423
2935.19001625	-0.000472845522242
2935.50417551	-0.000446751469753
2935.81833478	-0.000422187118874
2936.13249405	-0.000398727946758
2936.44665331	-0.000374319302071
2936.76081258	-0.000347750300228
2937.07497184	-0.000318274529761
2937.38913111	-0.000286107475728
2937.70329037	-0.000251336732753
2938.01744964	-0.000214799184546
2938.3316089	-0.000178468484196
2938.64576817	-0.000143034119016
2938.95992743	-0.000109124885676
2939.2740867	-7.82558744066e-05
2939.58824596	-5.23603062209e-05
2939.90240523	-3.31578360678e-05
2940.21656449	-1.97185340425e-05
2940.53072376	-8.37963686916e-06
2940.84488303	3.35393309762e-06
2941.15904229	1.71314616479e-05
2941.47320156	3.42961541134e-05
2941.78736082	5.50657854827e-05
2942.10152009	7.85621881804e-05
2942.41567935	0.00010330319381
2942.72983862	0.000127850965933
2943.04399788	0.000149531677323
2943.35815715	0.000164139487068
2943.67231641	0.000169432392906
2943.98647568	0.000168700340364
2944.30063494	0.000167196371663
2944.61479421	0.000168378985133
2944.92895348	0.00017198762851
2945.24311274	0.000179026023534
2945.55727201	0.000190909880375
2945.87143127	0.000209161575798
2946.18559054	0.000234677395494
2946.4997498	0.000267744125446
2946.81390907	0.000307166173733
2947.12806833	0.000348764628542
2947.4422276	0.000387439856387
2947.75638686	0.000420418463386
2948.07054613	0.000448569753745
2948.38470539	0.000474021060541
2948.69886466	0.000497670329931
2949.01302392	0.000519169893973
2949.32718319	0.000538382878552
2949.64134246	0.000556027069892
2949.95550172	0.000573164854303
2950.26966099	0.000590883548449
2950.58382025	0.000609580727331
2950.89797952	0.000628212731467
2951.21213878	0.000643752663306
2951.52629805	0.000653169982453
2951.84045731	0.000656359323736
2952.15461658	0.000656770003771
2952.46877584	0.000658058173008
2952.78293511	0.000661143673841
2953.09709437	0.000665250005164
2953.41125364	0.00066894884117
2953.72541291	0.000670222412931
2954.03957217	0.000669613242147
2954.35373144	0.000668912184654
2954.6678907	0.000669438015706
2954.98204997	0.000670792435865
2955.29620923	0.000671163044788
2955.6103685	0.000669470112898
2955.92452776	0.00066585152485
2956.23868703	0.000660967670634
2956.55284629	0.000654219045907
2956.86700556	0.000644078014307
2957.18116482	0.000629047393464
2957.49532409	0.000607462037916
2957.80948336	0.000578170813355
2958.12364262	0.000540501312069
2958.43780189	0.000494082976163
2958.75196115	0.000439388407971
2959.06612042	0.000376629412277
2959.38027968	0.000306906748138
2959.69443895	0.000233148598458
2960.00859821	0.000159269107265
2960.32275748	8.82782135367e-05
2960.63691674	2.05055754386e-05
2960.95107601	-4.47453277592e-05
2961.26523527	-0.000108154612383
2961.57939454	-0.000170062772958
2961.8935538	-0.00023089799432
2962.20771307	-0.000291025396468
2962.52187234	-0.000350400055411
2962.8360316	-0.00040866871905
2963.15019087	-0.000466140424161
2963.46435013	-0.000522634703821
2963.7785094	-0.000575940722752
2964.09266866	-0.000623868538713
2964.40682793	-0.000664707814359
2964.72098719	-0.000699130875233
2965.03514646	-0.000728430471833
2965.34930572	-0.000753658820307
2965.66346499	-0.000774121157794
2965.97762425	-0.000789394079396
2966.29178352	-0.000799869391776
2966.60594279	-0.000807354881416
2966.92010205	-0.000814180705394
2967.23426132	-0.000822153559816
2967.54842058	-0.000830204149321
2967.86257985	-0.000834700478543
2968.17673911	-0.000832158638387
2968.49089838	-0.000821796010115
2968.80505764	-0.000804810990237
2969.11921691	-0.00078297175437
2969.43337617	-0.000758313690263
2969.74753544	-0.000732958600583
2970.0616947	-0.000709383880309
2970.37585397	-0.000690029137764
2970.69001323	-0.000676890808192
2971.0041725	-0.000669480960646
2971.31833177	-0.000664011380963
2971.63249103	-0.000655629461568
2971.9466503	-0.000640537008016
2972.26080956	-0.000618795252032
2972.57496883	-0.000592026625454
2972.88912809	-0.000560678752037
2973.20328736	-0.000524401631904
2973.51744662	-0.000483179068201
2973.83160589	-0.000437890387208
2974.14576515	-0.000391220688641
2974.45992442	-0.000345992545062
2974.77408368	-0.000304063559537
2975.08824295	-0.000267137276123
2975.40240222	-0.000235345737099
2975.71656148	-0.000206907782417
2976.03072075	-0.000180183761809
2976.34488001	-0.000154112418023
2976.65903928	-0.000128677180784
2976.97319854	-0.000103316898002
2977.28735781	-7.82694596258e-05
2977.60151707	-5.35766406928e-05
2977.91567634	-2.94255664809e-05
2978.2298356	-6.04501284902e-06
2978.54399487	1.56950555973e-05
2978.85815413	3.42893237944e-05
2979.1723134	4.76588662068e-05
2979.48647266	5.65502818989e-05
2979.80063193	6.33427477411e-05
2980.1147912	7.13636066468e-05
2980.42895046	8.20718611656e-05
2980.74310973	9.51331187189e-05
2981.05726899	0.000110107197232
2981.37142826	0.000126852075998
2981.68558752	0.000145737197189
2981.99974679	0.000167440856229
2982.31390605	0.000190992410614
2982.62806532	0.000214466225807
2982.94222458	0.00023576351869
2983.25638385	0.000254196172118
2983.57054311	0.000272096255131
2983.88470238	0.00029095981033
2984.19886165	0.000310429194166
2984.51302091	0.000329393379576
2984.82718018	0.000347858647158
2985.14133944	0.000366268777701
2985.45549871	0.000384592323485
2985.76965797	0.000402726131961
2986.08381724	0.000420184613137
2986.3979765	0.00043626560891
2986.71213577	0.00045006156911
2987.02629503	0.000461012679846
2987.3404543	0.000470945917167
2987.65461356	0.000482493321259
2987.96877283	0.000496187958684
2988.28293209	0.000510780074696
2988.59709136	0.000524649007504
2988.91125063	0.000537006336675
2989.22540989	0.00054817733268
2989.53956916	0.00055859832432
2989.85372842	0.000568350315585
2990.16788769	0.000577261520623
2990.48204695	0.000585736482677
2990.79620622	0.000594086453442
2991.11036548	0.000602743962778
2991.42452475	0.000613210467885
2991.73868401	0.000626232697971
2992.05284328	0.000639769745854
2992.36700254	0.000651174452884
2992.68116181	0.000659644398805
2992.99532108	0.000665501365874
2993.30948034	0.000668657763284
2993.62363961	0.000668359067372
2993.93779887	0.000664112672738
2994.25195814	0.000656434576076
2994.5661174	0.000644356848209
2994.88027667	0.000626527120107
2995.19443593	0.000602969029276
2995.5085952	0.000574873948968
2995.82275446	0.000543478068916
2996.13691373	0.000509393364857
2996.45107299	0.000472612682691
2996.76523226	0.000433190250913
2997.07939152	0.000390785813641
2997.39355079	0.000345110053578
2997.70771006	0.000296333241542
2998.02186932	0.000243836799614
2998.33602859	0.000186450987143
2998.65018785	0.000123188114629
2998.96434712	5.44665331579e-05
2999.27850638	-1.72071505137e-05
2999.59266565	-8.88600399918e-05
2999.90682491	-0.000158651681676
3000.22098418	-0.000225670390692
3000.53514344	-0.000289771152526
3000.84930271	-0.000351659724768
3001.16346197	-0.00041223988588
3001.47762124	-0.000471418527336
3001.79178051	-0.000527686745223
3002.10593977	-0.000579719155561
3002.42009904	-0.000627152563566
3002.7342583	-0.00067018540929
3003.04841757	-0.000708996312527
3003.36257683	-0.000742623288466
3003.6767361	-0.000770620336482
3003.99089536	-0.000793431316724
3004.30505463	-0.000811372698889
3004.61921389	-0.000824520758081
3004.93337316	-0.000833131789545
3005.24753242	-0.000837955032567
3005.56169169	-0.000839882501521
3005.87585095	-0.000839461798399
3006.19001022	-0.000837360059364
3006.50416949	-0.000834797162375
3006.81832875	-0.000831645287622
3007.13248802	-0.000826541562706
3007.44664728	-0.000817594074795
3007.76080655	-0.000804895868171
3008.07496581	-0.000789155322597
3008.38912508	-0.000770633790492
3008.70328434	-0.000749392940845
3009.01744361	-0.000724726518176
3009.33160287	-0.000696244261382
3009.64576214	-0.000664745668229
3009.9599214	-0.000633103642403
3010.27408067	-0.000604650114859
3010.58823994	-0.000580045706471
3010.9023992	-0.000556993321183
3011.21655847	-0.000532257761351
3011.53071773	-0.000504072124729
3011.844877	-0.000472837713743
3012.15903626	-0.000440038897869
3012.47319553	-0.000406881234593
3012.78735479	-0.000374436121798
3013.10151406	-0.000343523619727
3013.41567332	-0.00031391929596
3013.72983259	-0.000285332003464
3014.04399185	-0.000258600540451
3014.35815112	-0.000235063520109
3014.67231038	-0.000214346842005
3014.98646965	-0.000194045841555
3015.30062892	-0.000172277762378
3015.61478818	-0.000149427815556
3015.92894745	-0.000127216417275
3016.24310671	-0.000106167715121
3016.55726598	-8.56913741752e-05
3016.87142524	-6.36982442325e-05
3017.18558451	-4.04838455727e-05
3017.49974377	-1.75941218628e-05
3017.81390304	3.73241895601e-06
3018.1280623	2.26273859808e-05
3018.44222157	3.98936945222e-05
3018.75638083	5.706373159e-05
3019.0705401	7.56239113496e-05
3019.38469937	9.60387157716e-05
3019.69885863	0.000118271885355
3020.0130179	0.000141523473293
3020.32717716	0.000164675549398
3020.64133643	0.00018754470903
3020.95549569	0.000210999982011
3021.26965496	0.00023622799888
3021.58381422	0.000261610788008
3021.89797349	0.00028382078242
3022.21213275	0.00030027564438
3022.52629202	0.000311258648521
3022.84045128	0.000320235314858
3023.15461055	0.000331037860977
3023.46876982	0.000345391420872
3023.78292908	0.000363712903133
3024.09708835	0.000385352940105
3024.41124761	0.000409837419556
3024.72540688	0.000436441951759
3025.03956614	0.000464032452349
3025.35372541	0.000491298929914
3025.66788467	0.00051661835228
3025.98204394	0.000537457084369
3026.2962032	0.000551963691919
3026.61036247	0.000561349928008
3026.92452173	0.000569302567985
3027.238681	0.000579403629191
3027.55284026	0.000592824244304
3027.86699953	0.000608627575038
3028.1811588	0.000625341586182
3028.49531806	0.000643092061881
3028.80947733	0.000661985303671
3029.12363659	0.000681850726436
3029.43779586	0.000701211260761
3029.75195512	0.000717672422339
3030.06611439	0.000729177460729
3030.38027365	0.000735562611185
3030.69443292	0.000738785570875
3031.00859218	0.000740248887393
3031.32275145	0.000739090676067
3031.63691071	0.000733541289035
3031.95106998	0.000723409670031
3032.26522925	0.000710888912184
3032.57938851	0.000697178574838
3032.89354778	0.000681285061438
3033.20770704	0.000660731136396
3033.52186631	0.000632413256257
3033.83602557	0.000595002320714
3034.15018484	0.000550367665029
3034.4643441	0.000502376308187
3034.77850337	0.000453619470144
3035.09266263	0.000404046786145
3035.4068219	0.000352286714705
3035.72098116	0.00029803857487
3036.03514043	0.000242279653609
3036.34929969	0.000186432227366
3036.66345896	0.000130995963414
3036.97761823	7.47281415844e-05
3037.29177749	1.58674647559e-05
3037.60593676	-4.67731624809e-05
3037.92009602	-0.00011386078825
3038.23425529	-0.00018418367605
3038.54841455	-0.000254792292449
3038.86257382	-0.000323312268024
3039.17673308	-0.000389581184031
3039.49089235	-0.000453903214034
3039.80505161	-0.000516478098751
3040.11921088	-0.000576819253267
3040.43337014	-0.000633426170457
3040.74752941	-0.000684499810013
3041.06168868	-0.000729367117228
3041.37584794	-0.000769082629509
3041.69000721	-0.00080583400018
3042.00416647	-0.000840650009636
3042.31832574	-0.000871931015049
3042.632485	-0.000897528734276
3042.94664427	-0.000917189568384
3043.26080353	-0.000931448292548
3043.5749628	-0.000940754835566
3043.88912206	-0.000944572515763
3044.20328133	-0.000942922046621
3044.51744059	-0.000936335217099
3044.83159986	-0.000925569194646
3045.14575912	-0.000911686115345
3045.45991839	-0.000896057100375
3045.77407766	-0.000880180043398
3046.08823692	-0.000864193276353
3046.40239619	-0.000846019891642
3046.71655545	-0.000823581135347
3047.03071472	-0.000797529226359
3047.34487398	-0.000769227527786
3047.65903325	-0.000739869780922
3047.97319251	-0.000709854932547
3048.28735178	-0.000678402990653
3048.60151104	-0.00064434179924
3048.91567031	-0.000608302292212
3049.22982957	-0.000573640233984
3049.54398884	-0.000543782005508
3049.85814811	-0.000520209764981
3050.17230737	-0.000500366150993
3050.48646664	-0.000480102651586
3050.8006259	-0.000457387677682
3051.11478517	-0.000432036865891
3051.42894443	-0.000403947490498
3051.7431037	-0.000373018434545
3052.05726296	-0.000338970800224
3052.37142223	-0.000302338763154
3052.68558149	-0.000264212103982
3052.99974076	-0.000226309678086
3053.31390002	-0.000191069786532
3053.62805929	-0.000159913924568
3053.94221855	-0.000131360761063
3054.25637782	-0.000102041896273
3054.57053709	-6.98984501522e-05
3054.88469635	-3.65866988337e-05
3055.19885562	-4.42595521453e-06
3055.51301488	2.57135757824e-05
3055.82717415	5.36635199565e-05
3056.14133341	7.93474163239e-05
3056.45549268	0.000103092245799
3056.76965194	0.000125272468604
3057.08381121	0.000145671145398
3057.39797047	0.000162325985774
3057.71212974	0.00017479969668
3058.026289	0.000185396288713
3058.34044827	0.000196056646464
3058.65460754	0.000206611190087
3058.9687668	0.000216473424748
3059.28292607	0.000226296965075
3059.59708533	0.000237126437523
3059.9112446	0.000249858532725
3060.22540386	0.000264159626786
3060.53956313	0.000278736611692
3060.85372239	0.000292733594215
3061.16788166	0.000305596958976
3061.48204092	0.000318089583256
3061.79620019	0.000331379971899
3062.11035945	0.000346065765784
3062.42451872	0.000362174860129
3062.73867798	0.000379917042316
3063.05283725	0.000399361442907
3063.36699652	0.000421069611231
3063.68115578	0.000445263525115
3063.99531505	0.000471251044209
3064.30947431	0.000498405334176
3064.62363358	0.0005266258972
3064.93779284	0.000554894877734
3065.25195211	0.000581271599257
3065.56611137	0.000604299113979
3065.88027064	0.000624271608338
3066.1944299	0.000642648409647
3066.50858917	0.000659881609937
3066.82274843	0.000675916168447
3067.1369077	0.000690352676242
3067.45106697	0.000702765545188
3067.76522623	0.000713195454574
3068.0793855	0.000721640352102
3068.39354476	0.000729224753919
3068.70770403	0.000736266509475
3069.02186329	0.000741733537992
3069.33602256	0.000743187210672
3069.65018182	0.000739664107474
3069.96434109	0.000731804131654
3070.27850035	0.000720261659851
3070.59265962	0.000705493022163
3070.90681888	0.000687404118612
3071.22097815	0.000666755517364
3071.53513741	0.000644663475209
3071.84929668	0.000621537075413
3072.16345595	0.000597346195073
3072.47761521	0.000570905028586
3072.79177448	0.000539300288546
3073.10593374	0.000499250812171
3073.42009301	0.000449938336835
3073.73425227	0.000393716066918
3074.04841154	0.000334283702943
3074.3625708	0.00027486165972
3074.67673007	0.000216664989207
3074.99088933	0.000158217116932
3075.3050486	9.73848565095e-05
3075.61920786	3.31847501623e-05
3075.93336713	-3.37439509021e-05
3076.2475264	-0.000101937446525
3076.56168566	-0.00017045706993
3076.87584493	-0.000239311110188
3077.19000419	-0.000308516084526
3077.50416346	-0.000376994379535
3077.81832272	-0.000442362570094
3078.13248199	-0.000502611440853
3078.44664125	-0.000557242716293
3078.76080052	-0.000606532906597
3079.07495978	-0.000650841047695
3079.38911905	-0.00069036443238
3079.70327831	-0.000724978341961
3080.01743758	-0.000754647051122
3080.33159685	-0.000779577870916
3080.64575611	-0.000800546650651
3080.95991538	-0.000818146842169
3081.27407464	-0.000833001069501
3081.58823391	-0.000844169259642
3081.90239317	-0.000851605614866
3082.21655244	-0.000855374277479
3082.5307117	-0.000854907821065
3082.84487097	-0.000849213409172
3083.15903023	-0.000838591824269
3083.4731895	-0.000824770432571
3083.78734876	-0.000809240713826
3084.10150803	-0.000793367244302
3084.41566729	-0.000778277722381
3084.72982656	-0.000764864749409
3085.04398583	-0.000753524713727
3085.35814509	-0.000742495793457
3085.67230436	-0.000728636662292
3085.98646362	-0.000709721623987
3086.30062289	-0.00068565131531
3086.61478215	-0.000658132113707
3086.92894142	-0.000628797932077
3087.24310068	-0.000599104132994
3087.55725995	-0.000569472396336
3087.87141921	-0.000540624522723
3088.18557848	-0.000512671899683
3088.49973774	-0.000486038769208
3088.81389701	-0.000460465320073
3089.12805628	-0.00043479254708
3089.44221554	-0.000408094089092
3089.75637481	-0.000379464473892
3090.07053407	-0.000348878870605
3090.38469334	-0.000316469759727
3090.6988526	-0.000283519876824
3091.01301187	-0.000251265231265
3091.32717113	-0.000219474248762
3091.6413304	-0.000187280696808
3091.95548966	-0.000154726783363
3092.26964893	-0.00012250083345
3092.58380819	-9.21888099425e-05
3092.89796746	-6.51608464966e-05
3093.21212672	-4.15021910075e-05
3093.52628599	-2.0053870692e-05
3093.84044526	1.81194603244e-07
3094.15460452	1.9489706738e-05
3094.46876379	3.73813591493e-05
3094.78292305	5.40280396216e-05
3095.09708232	7.05222064135e-05
3095.41124158	8.79277660337e-05
3095.72540085	0.000105937285358
3096.03956011	0.000123105604268
3096.35371938	0.000137016623629
3096.66787864	0.000144760420399
3096.98203791	0.000145604567178
3097.29619717	0.000143575835487
3097.61035644	0.00014373368316
3097.92451571	0.000149589024445
3098.23867497	0.00016142406067
3098.55283424	0.000178555536013
3098.8669935	0.000200875149326
3099.18115277	0.000228648383878
3099.49531203	0.000261044640622
3099.8094713	0.000295208972354
3100.12363056	0.000327927271005
3100.43778983	0.000357078070903
3100.75194909	0.000382529454279
3101.06610836	0.000406505316649
3101.38026762	0.00043016284476
3101.69442689	0.000452736748057
3102.00858615	0.000472658477696
3102.32274542	0.000489353950472
3102.63690469	0.000503471855755
3102.95106395	0.000517253862451
3103.26522322	0.000532846816211
3103.57938248	0.000552068838142
3103.89354175	0.000575248197174
3104.20770101	0.000601279074723
3104.52186028	0.000627761046413
3104.83601954	0.000652847551512
3105.15017881	0.00067647925457
3105.46433807	0.000699351870191
3105.77849734	0.000721531350872
3106.0926566	0.000741901047531
3106.40681587	0.000759269713286
3106.72097514	0.000773021266655
3107.0351344	0.000782749314043
3107.34929367	0.000788373393462
3107.66345293	0.000789957287246
3107.9776122	0.000788996216965
3108.29177146	0.000785800838806
3108.60593073	0.000777985344604
3108.92008999	0.000763139206501
3109.23424926	0.000742415783142
3109.54840852	0.000718570011596
3109.86256779	0.000693232091743
3110.17672705	0.000666997723587
3110.49088632	0.000639528038685
3110.80504558	0.000610416106274
3111.11920485	0.000578507660735
3111.43336412	0.000542896532933
3111.74752338	0.000502538486776
3112.06168265	0.00045696457277
3112.37584191	0.000405385012887
3112.69000118	0.000346737662611
3113.00416044	0.000282251944258
3113.31831971	0.000214610689347
3113.63247897	0.000145859439169
3113.94663824	7.69622798966e-05
3114.2607975	8.28524850456e-06
3114.57495677	-5.99030525429e-05
3114.88911603	-0.00012744898667
3115.2032753	-0.000194150548034
3115.51743457	-0.000259331551533
3115.83159383	-0.000321840176717
3116.1457531	-0.000381447082121
3116.45991236	-0.00043942407257
3116.77407163	-0.000496611925735
3117.08823089	-0.000551008797469
3117.40239016	-0.00059984120091
3117.71654942	-0.00064241449643
3118.03070869	-0.000679709859897
3118.34486795	-0.000711808166905
3118.65902722	-0.000738267597622
3118.97318648	-0.000759215312447
3119.28734575	-0.000775424573001
3119.60150501	-0.000787870169924
3119.91566428	-0.00079811449044
3120.22982355	-0.000808543324811
3120.54398281	-0.000820332049978
3120.85814208	-0.000831580590521
3121.17230134	-0.000840003781284
3121.48646061	-0.000844015325358
3121.80061987	-0.00084267674027
3122.11477914	-0.00083639620897
3122.4289384	-0.000825601591391
3122.74309767	-0.00081095544473
3123.05725693	-0.000793753387759
3123.3714162	-0.00077475057657
3123.68557546	-0.000755057653298
3123.99973473	-0.000735026545893
3124.313894	-0.000714290505363
3124.62805326	-0.000691486770071
3124.94221253	-0.000665426256708
3125.25637179	-0.000634792031894
3125.57053106	-0.000600497469073
3125.88469032	-0.00056374685424
3126.19884959	-0.000525752011017
3126.51300885	-0.000487817736072
3126.82716812	-0.000451091287672
3127.14132738	-0.000415778809411
3127.45548665	-0.000380943214918
3127.76964591	-0.000346654748495
3128.08380518	-0.000314944643307
3128.39796444	-0.000287894448742
3128.71212371	-0.000265196182387
3129.02628298	-0.00024459276354
3129.34044224	-0.000224177941866
3129.65460151	-0.000202503568444
3129.96876077	-0.000178861065682
3130.28292004	-0.000152702515638
3130.5970793	-0.000124262523974
3130.91123857	-9.39430154413e-05
3131.22539783	-6.2975814432e-05
3131.5395571	-3.27206972091e-05
3131.85371636	-5.50544015777e-06
3132.16787563	1.66682679514e-05
3132.48203489	3.33081945742e-05
3132.79619416	4.55166981318e-05
3133.11035343	5.5648109247e-05
3133.42451269	6.56525839814e-05
3133.73867196	7.89386400556e-05
3134.05283122	9.74591308956e-05
3134.36699049	0.00011953625727
3134.68114975	0.000141722895927
3134.99530902	0.000161830002786
3135.30946828	0.000179670258806
3135.62362755	0.000195756189065
3135.93778681	0.000209937513131
3136.25194608	0.000222973948145
3136.56610534	0.00023745469966
3136.88026461	0.000256101048886
3137.19442387	0.000279591137192
3137.50858314	0.000306755160951
3137.82274241	0.000335451599135
3138.13690167	0.000364093615664
3138.45106094	0.0003912527426
3138.7652202	0.000416316036829
3139.07937947	0.000439105353544
3139.39353873	0.00045938715767
3139.707698	0.000476778014702
3140.02185726	0.000490811408466
3140.33601653	0.000501942555525
3140.65017579	0.000512228297586
3140.96433506	0.00052408548684
3141.27849432	0.000538444084768
3141.59265359	0.000554343611257
3141.90681286	0.000570252918576
3142.22097212	0.000585945454139
3142.53513139	0.000602746331512
3142.84929065	0.00062098815587
3143.16344992	0.000639319881275
3143.47760918	0.000654944286055
3143.79176845	0.000665798698065
3144.10592771	0.000672107290845
3144.42008698	0.000676395212074
3144.73424624	0.000681199877712
3145.04840551	0.000687485031762
3145.36256477	0.000695137316923
3145.67672404	0.000703902967919
3145.99088331	0.000712948009654
3146.30504257	0.000720902912376
3146.61920184	0.000725442886642
3146.9333611	0.000724893250563
3147.24752037	0.000717397478898
3147.56167963	0.000701811218594
3147.8758389	0.000677220283604
3148.18999816	0.000644235337751
3148.50415743	0.000605595350139
3148.81831669	0.000564155190872
3149.13247596	0.00052109066567
3149.44663522	0.000475704473309
3149.76079449	0.00042845688111
3150.07495375	0.00038255359091
3150.38911302	0.000338387553683
3150.70327229	0.00029308468319
3151.01743155	0.000243752840579
3151.33159082	0.000189757017209
3151.64575008	0.000130984709553
3151.95990935	6.78586218525e-05
3152.27406861	2.12263617744e-06
3152.58822788	-6.30215271475e-05
3152.90238714	-0.000124242011137
3153.21654641	-0.000180466399626
3153.53070567	-0.000232513628565
3153.84486494	-0.000282514664841
3154.1590242	-0.000331148269801
3154.47318347	-0.000378232974842
3154.78734274	-0.000423342552164
3155.101502	-0.000466514821943
3155.41566127	-0.000508333811231
3155.72982053	-0.000549100500081
3156.0439798	-0.000588966741455
3156.35813906	-0.000626500846941
3156.67229833	-0.000659521296128
3156.98645759	-0.000686158632207
3157.30061686	-0.000707074170137
3157.61477612	-0.000723241540295
3157.92893539	-0.000735516325221
3158.24309465	-0.00074488341193
3158.55725392	-0.000752652029367
3158.87141318	-0.00076031494918
3159.18557245	-0.000768774004884
3159.49973172	-0.000777928484128
3159.81389098	-0.000784022801702
3160.12805025	-0.000784118685071
3160.44220951	-0.000778683810414
3160.75636878	-0.000769533844519
3161.07052804	-0.000757866735809
3161.38468731	-0.000744597070599
3161.69884657	-0.000729219443718
3162.01300584	-0.00071010009255
3162.3271651	-0.000685768909378
3162.64132437	-0.000656384283722
3162.95548363	-0.00062412113281
3163.2696429	-0.000590487588587
3163.58380217	-0.000556489660787
3163.89796143	-0.000524122952386
3164.2121207	-0.000493611696002
3164.52627996	-0.000464240438836
3164.84043923	-0.000434949035926
3165.15459849	-0.000404913570193
3165.46875776	-0.000374423313036
3165.78291702	-0.000343453500942
3166.09707629	-0.000312529712643
3166.41123555	-0.00028148938333
3166.72539482	-0.000250895628716
3167.03955408	-0.000221215437929
3167.35371335	-0.000193861021477
3167.66787261	-0.000169531559344
3167.98203188	-0.000148163277134
3168.29619115	-0.000128628056131
3168.61035041	-0.000110892008987
3168.92450968	-9.46981854843e-05
3169.23866894	-7.96472555776e-05
3169.55282821	-6.43963242931e-05
3169.86698747	-4.82437888173e-05
3170.18114674	-3.11556698012e-05
3170.495306	-1.30965726629e-05
3170.80946527	6.39466361284e-06
3171.12362453	2.75474713463e-05
3171.4377838	4.97295336238e-05
3171.75194306	7.16418609878e-05
3172.06610233	9.28871724171e-05
3172.3802616	0.000114617497465
3172.69442086	0.0001371945635
3173.00858013	0.000158586696776
3173.32273939	0.000176921498862
3173.63689866	0.000191684364058
3173.95105792	0.000203789560624
3174.26521719	0.000213826828437
3174.57937645	0.000223148106412
3174.89353572	0.000232959371739
3175.20769498	0.000244274179752
3175.52185425	0.000256321989809
3175.83601351	0.000268347169848
3176.15017278	0.000280034686065
3176.46433204	0.000291618297883
3176.77849131	0.000303560095012
3177.09265058	0.000317019107016
3177.40680984	0.000333728756203
3177.72096911	0.000353327327843
3178.03512837	0.000373123128819
3178.34928764	0.000391617998868
3178.6634469	0.000408521654601
3178.97760617	0.000424629067821
3179.29176543	0.000440656633816
3179.6059247	0.000457154424976
3179.92008396	0.000475485315824
3180.23424323	0.000497888485329
3180.54840249	0.000525100214503
3180.86256176	0.000555250209154
3181.17672103	0.000586163934431
3181.49088029	0.000616369264343
3181.80503956	0.000644744880796
3182.11919882	0.000670742869116
3182.43335809	0.000694206033857
3182.74751735	0.000714749496686
3183.06167662	0.00073188532506
3183.37583588	0.000744186097876
3183.68999515	0.000750755474637
3184.00415441	0.000751575789444
3184.31831368	0.00074747675268
3184.63247294	0.000739694830866
3184.94663221	0.000729537512237
3185.26079147	0.000717573194725
3185.57495074	0.000702785710675
3185.88911001	0.000683065793446
3186.20326927	0.000656802835721
3186.51742854	0.000623560007023
3186.8315878	0.000583000009786
3187.14574707	0.000535464203267
3187.45990633	0.000481843277498
3187.7740656	0.000425239871326
3188.08822486	0.000368814238764
3188.40238413	0.000314568282361
3188.71654339	0.000262921166537
3189.03070266	0.000212903007836
3189.34486192	0.000163298931987
3189.65902119	0.000112493771368
3189.97318046	5.97515679639e-05
3190.28733972	5.73856455073e-06
3190.60149899	-4.87508972201e-05
3190.91565825	-0.000103234273122
3191.22981752	-0.000158158497515
3191.54397678	-0.000214104273191
3191.85813605	-0.000270149761017
3192.17229531	-0.000324647858714
3192.48645458	-0.00037564178165
3192.80061384	-0.000422697191427
3193.11477311	-0.000465704240113
3193.42893237	-0.000505108466136
3193.74309164	-0.000540778993194
3194.0572509	-0.000572717992708
3194.37141017	-0.000600952658526
3194.68556944	-0.000626583249423
3194.9997287	-0.000650857195371
3195.31388797	-0.00067540942018
3195.62804723	-0.000700574913042
3195.9422065	-0.00072537360853
3196.25636576	-0.000748145021535
3196.57052503	-0.000767937386946
3196.88468429	-0.000783939793074
3197.19884356	-0.000795480124419
3197.51300282	-0.000801947773076
3197.82716209	-0.000803005586277
3198.14132135	-0.000798664191819
3198.45548062	-0.000789304729226
3198.76963989	-0.000777043993467
3199.08379915	-0.000763827686623
3199.39795842	-0.000750809763634
3199.71211768	-0.000738221338434
3200.02627695	-0.000724914133092
3200.34043621	-0.000709692436375
3200.65459548	-0.000692301210272
3200.96875474	-0.000673507157718
3201.28291401	-0.000654142139776
3201.59707327	-0.000634133488194
3201.91123254	-0.000613376077963
3202.2253918	-0.000591066677688
3202.53955107	-0.00056677916543
3202.85371034	-0.000540576017753
3203.1678696	-0.000514025118184
3203.48202887	-0.000489374893557
3203.79618813	-0.000467024612898
3204.1103474	-0.000445081262813
3204.42450666	-0.000420201605892
3204.73866593	-0.000390618399776
3205.05282519	-0.000356937447977
3205.36698446	-0.000320983550946
3205.68114372	-0.000284065251135
3205.99530299	-0.000246860700239
3206.30946225	-0.000209129841196
3206.62362152	-0.00017055908361
3206.93778078	-0.000131173898183
3207.25194005	-9.20372098354e-05
3207.56609932	-5.4604195689e-05
3207.88025858	-1.96997761273e-05
3208.19441785	1.34583660673e-05
3208.50857711	4.4975250204e-05
3208.82273638	7.43021404668e-05
3209.13689564	0.000100539980106
3209.45105491	0.000123919128386
3209.76521417	0.000144875680916
3210.07937344	0.00016374061072
3210.3935327	0.000181108579417
3210.70769197	0.000196757351774
3211.02185123	0.000210691673597
3211.3360105	0.000223172627182
3211.65016977	0.000235380419287
3211.96432903	0.000249376548842
3212.2784883	0.000265987364999
3212.59264756	0.000284237670261
3212.90680683	0.000301911580131
3213.22096609	0.000317925811192
3213.53512536	0.000332219764342
3213.84928462	0.000345162352024
3214.16344389	0.000357191859244
3214.47760315	0.000367899733384
3214.79176242	0.000377631232206
3215.10592168	0.000386509939326
3215.42008095	0.000397154475677
3215.73424021	0.000411705249154
3216.04839948	0.000430263896204
3216.36255875	0.000451272088007
3216.67671801	0.000472000370158
3216.99087728	0.000491581597121
3217.30503654	0.000510677978513
3217.61919581	0.000530618661186
3217.93335507	0.000551879218842
3218.24751434	0.000574068887429
3218.5616736	0.000595837591114
3218.87583287	0.00061459199869
3219.18999213	0.000628018303861
3219.5041514	0.000636515351973
3219.81831066	0.000642458198082
3220.13246993	0.000647490268776
3220.4466292	0.000651951648639
3220.76078846	0.000656314824201
3221.07494773	0.000661394379376
3221.38910699	0.000667341638588
3221.70326626	0.000673121918759
3222.01742552	0.000677115493576
3222.33158479	0.0006777997112
3222.64574405	0.000673455980525
3222.95990332	0.000662366756251
3223.27406258	0.000644185760103
3223.58822185	0.000620420332137
3223.90238111	0.000593694957137
3224.21654038	0.000565401700812
3224.53069964	0.000534944753919
3224.84485891	0.0005017879864
3225.15901818	0.000466001840298
3225.47317744	0.000427388135481
3225.78733671	0.000385341894126
3226.10149597	0.000339561380429
3226.41565524	0.000290475191416
3226.7298145	0.000237972116868
3227.04397377	0.000181136976922
3227.35813303	0.000120217816218
3227.6722923	5.71263460432e-05
3227.98645156	-6.58597506916e-06
3228.30061083	-7.05371840381e-05
3228.61477009	-0.000135615910967
3228.92892936	-0.000201933027257
3229.24308863	-0.000269530271776
3229.55724789	-0.000338211905334
3229.87140716	-0.000407687285981
3230.18556642	-0.000475251024513
3230.49972569	-0.000536876961248
3230.81388495	-0.000592762534222
3231.12804422	-0.000645515948178
3231.44220348	-0.000695727095478
3231.75636275	-0.000741802842209
3232.07052201	-0.00078177552435
3232.38468128	-0.000814406261628
3232.69884054	-0.000839305955784
3233.01299981	-0.000856552707321
3233.32715907	-0.000866268805964
3233.64131834	-0.000868684361016
3233.95547761	-0.000864302493717
3234.26963687	-0.000854685086041
3234.58379614	-0.00084334647105
3234.8979554	-0.000833255288457
3235.21211467	-0.000824469888716
3235.52627393	-0.000814979322451
3235.8404332	-0.000803276575321
3236.15459246	-0.000789406946283
3236.46875173	-0.000773617759031
3236.78291099	-0.000756266566485
3237.09707026	-0.000737459653643
3237.41122952	-0.000717147653869
3237.72538879	-0.000695226109522
3238.03954806	-0.000672137998503
3238.35370732	-0.000648729166283
3238.66786659	-0.000626421911092
3238.98202585	-0.000606082462166
3239.29618512	-0.000586759799677
3239.61034438	-0.000566799390652
3239.92450365	-0.000545797515597
3240.23866291	-0.000524690450686
3240.55282218	-0.00050464935642
3240.86698144	-0.000486314310892
3241.18114071	-0.000469474614989
3241.49529997	-0.000453367521197
3241.80945924	-0.000437565511555
3242.1236185	-0.00041821685443
3242.43777777	-0.000393414056064
3242.75193704	-0.00036576765359
3243.0660963	-0.000338100938292
3243.38025557	-0.000310629478895
3243.69441483	-0.000282839903792
3244.0085741	-0.000254358504327
3244.32273336	-0.000224373003922
3244.63689263	-0.000192524759901
3244.95105189	-0.000159027190157
3245.26521116	-0.000124352150037
3245.57937042	-8.91090745642e-05
3245.89352969	-5.40285018747e-05
3246.20768895	-2.0333916077e-05
3246.52184822	1.01864573133e-05
3246.83600749	3.63890862122e-05
3247.15016675	5.9269289499e-05
3247.46432602	8.08016858852e-05
3247.77848528	0.000102026605305
3248.09264455	0.000122812036185
3248.40680381	0.00014244985959
3248.72096308	0.0001603332619
3249.03512234	0.00017663721907
3249.34928161	0.000191749739033
3249.66344087	0.00020662799354
3249.97760014	0.000221946036559
3250.2917594	0.000238016077823
3250.60591867	0.000253584858674
3250.92007793	0.000267268045389
3251.2342372	0.000278577359254
3251.54839647	0.00028936626067
3251.86255573	0.000301779616636
3252.176715	0.000316631089863
3252.49087426	0.000333186151581
3252.80503353	0.000350605648606
3253.11919279	0.000368953290217
3253.43335206	0.000388796911499
3253.74751132	0.000409844624629
3254.06167059	0.00043073699409
3254.37582985	0.000449949034598
3254.68998912	0.00046608284657
3255.00414838	0.000479564118056
3255.31830765	0.000491789086422
3255.63246692	0.000503636174207
3255.94662618	0.000514686826135
3256.26078545	0.000523428285563
3256.57494471	0.000528632920071
3256.88910398	0.000531262570481
3257.20326324	0.000536424047331
3257.51742251	0.000546010583243
3257.83158177	0.000556127612054
3258.14574104	0.000563274790796
3258.4599003	0.000566972144608
3258.77405957	0.000569164202561
3259.08821883	0.000572000712891
3259.4023781	0.000577776384229
3259.71653737	0.000587500488062
3260.03069663	0.00060059143376
3260.3448559	0.000615661159363
3260.65901516	0.000630817241261
3260.97317443	0.000644356947456
3261.28733369	0.000654355334691
3261.60149296	0.000658146862127
3261.91565222	0.000653881037876
3262.22981149	0.000640857888109
3262.54397075	0.000619181148697
3262.85813002	0.00059021163422
3263.17228928	0.000556467645916
3263.48644855	0.000520136657074
3263.80060781	0.000482212483735
3264.11476708	0.000442504019218
3264.42892635	0.000400494490065
3264.74308561	0.000355683579433
3265.05724488	0.000307635791838
3265.37140414	0.000256136205251
3265.68556341	0.000201056170103
3265.99972267	0.000141939159102
3266.31388194	7.80281199799e-05
3266.6280412	9.27548628818e-06
3266.94220047	-6.26972356704e-05
3267.25635973	-0.000135755815372
3267.570519	-0.00020899522708
3267.88467826	-0.000282827122788
3268.19883753	-0.000357235948422
3268.5129968	-0.000429958134985
3268.82715606	-0.000496713961298
3269.14131533	-0.000556363936741
3269.45547459	-0.0006106280264
3269.76963386	-0.00066145688438
3270.08379312	-0.000709032984818
3270.39795239	-0.00075344120753
3270.71211165	-0.000794144756435
3271.02627092	-0.000828705006505
3271.34043018	-0.000854473905544
3271.65458945	-0.000870618860708
3271.96874871	-0.000878019338506
3272.28290798	-0.000878102535482
3272.59706724	-0.000872322367449
3272.91122651	-0.000862170894184
3273.22538578	-0.000848931497777
3273.53954504	-0.000833886154425
3273.85370431	-0.000818467310891
3274.16786357	-0.000803666829109
3274.48202284	-0.000790700590743
3274.7961821	-0.000778903475974
3275.11034137	-0.000766497343861
3275.42450063	-0.000751792866372
3275.7386599	-0.000734514565187
3276.05281916	-0.000715512802595
3276.36697843	-0.000695145383801
3276.68113769	-0.000674067174141
3276.99529696	-0.000652555588251
3277.30945623	-0.000631103758395
3277.62361549	-0.00061002959861
3277.93777476	-0.000589414616822
3278.25193402	-0.000569655648246
3278.56609329	-0.00055028062372
3278.88025255	-0.0005300494144
3279.19441182	-0.000507588977476
3279.50857108	-0.000483315498348
3279.82273035	-0.000458710249287
3280.13688961	-0.000434232051043
3280.45104888	-0.000410039207819
3280.76520814	-0.000385878319216
3281.07936741	-0.00036176449951
3281.39352667	-0.000337970410881
3281.70768594	-0.000314835777988
3282.02184521	-0.000293745888305
3282.33600447	-0.00027564231004
3282.65016374	-0.000260440416014
3282.964323	-0.000247386239119
3283.27848227	-0.000235872637519
3283.59264153	-0.000224083919819
3283.9068008	-0.000206750265224
3284.22096006	-0.000181708055769
3284.53511933	-0.000152686542339
3284.84927859	-0.000123646629987
3285.16343786	-9.52771201826e-05
3285.47759712	-6.74821729631e-05
3285.79175639	-4.03311416718e-05
3286.10591566	-1.4086606489e-05
3286.42007492	1.13765555263e-05
3286.73423419	3.77616231405e-05
3287.04839345	6.70656128839e-05
3287.36255272	0.000100113255356
3287.67671198	0.000136222300608
3287.99087125	0.000174017854364
3288.30503051	0.000211656526463
3288.61918978	0.000247433770901
3288.93334904	0.000280622744747
3289.24750831	0.000311047293034
3289.56166757	0.000338568143202
3289.87582684	0.000362245298085
3290.1899861	0.000381673320601
3290.50414537	0.000397532263742
3290.81830464	0.000412270269984
3291.1324639	0.000428478757317
3291.44662317	0.000447761328634
3291.76078243	0.000470380922941
3292.0749417	0.000495737412746
3292.38910096	0.000523359324081
3292.70326023	0.000552363704961
3293.01741949	0.000581876340947
3293.33157876	0.000611032707206
3293.64573802	0.000638515072354
3293.95989729	0.00066323119908
3294.27405655	0.00068379657584
3294.58821582	0.00070031050159
3294.90237509	0.000713295018368
3295.21653435	0.000722904818488
3295.53069362	0.000728817938355
3295.84485288	0.000731373496733
3296.15901215	0.000733722838645
3296.47317141	0.000738635205248
3296.78733068	0.00074582024303
3297.10148994	0.000752875512403
3297.41564921	0.000757568414174
3297.72980847	0.000758468509603
3298.04396774	0.000755307549381
3298.358127	0.000749264250402
3298.67228627	0.000742397098969
3298.98644553	0.000735924246301
3299.3006048	0.000729790763851
3299.61476407	0.000722529631629
3299.92892333	0.000712409533063
3300.2430826	0.000698263088075
3300.55724186	0.00067907869495
3300.87140113	0.000654857246165
3301.18556039	0.000625615107558
3301.49971966	0.000591023088609
3301.81387892	0.000550671068151
3302.12803819	0.000504152990179
3302.44219745	0.00045237610965
3302.75635672	0.000397089689653
3303.07051598	0.000339589260757
3303.38467525	0.000279921321034
3303.69883452	0.000217681111153
3304.01299378	0.00015266806349
3304.32715305	8.503706815e-05
3304.64131231	1.52808312455e-05
3304.95547158	-5.56464023932e-05
3305.26963084	-0.000126775345614
3305.58379011	-0.000197499703938
3305.89794937	-0.000267016370903
3306.21210864	-0.000334988471456
3306.5262679	-0.000401045343372
3306.84042717	-0.000463825612339
3307.15458643	-0.00052202814075
3307.4687457	-0.000575565972276
3307.78290496	-0.00062508644351
3308.09706423	-0.000670934649516
3308.4112235	-0.000712994624755
3308.72538276	-0.000751264879549
3309.03954203	-0.000785972825062
3309.35370129	-0.000818196240036
3309.66786056	-0.000849631244264
3309.98201982	-0.00088194111551
3310.29617909	-0.000914487570155
3310.61033835	-0.000943493207096
3310.92449762	-0.000962539406137
3311.23865688	-0.000968673331105
3311.55281615	-0.000964262022159
3311.86697541	-0.000953647970472
3312.18113468	-0.000939425475453
3312.49529395	-0.000921929695303
3312.80945321	-0.00090085336659
3313.12361248	-0.000875884215671
3313.43777174	-0.000847585393519
3313.75193101	-0.000817265415641
3314.06609027	-0.000786557930948
3314.38024954	-0.000755550408143
3314.6944088	-0.000722902034707
3315.00856807	-0.000687350471161
3315.32272733	-0.000650076697974
3315.6368866	-0.000613144774781
3315.95104586	-0.000577599733056
3316.26520513	-0.00054321347976
3316.57936439	-0.000509626119357
3316.89352366	-0.000476452436873
3317.20768293	-0.000443932518054
3317.52184219	-0.000412851690672
3317.83600146	-0.000383777447295
3318.15016072	-0.000356698046741
3318.46431999	-0.000329577269273
3318.77847925	-0.000300755719611
3319.09263852	-0.000269805087228
3319.40679778	-0.000237852191118
3319.72095705	-0.000205920155218
3320.03511631	-0.000175025316175
3320.34927558	-0.00014527012567
3320.66343484	-0.000117068602696
3320.97759411	-9.08461741887e-05
3321.29175338	-6.76495242118e-05
3321.60591264	-4.86760124205e-05
3321.92007191	-3.47729791121e-05
3322.23423117	-2.57312040528e-05
3322.54839044	-1.93377620499e-05
3322.8625497	-1.23925766535e-05
3323.17670897	-9.87389502316e-07
3323.49086823	1.60154853623e-05
3323.8050275	3.70895056311e-05
3324.11918676	5.91194744921e-05
3324.43334603	7.92514664262e-05
3324.74750529	9.66916270192e-05
3325.06166456	0.000112238242073
3325.37582383	0.000126307191276
3325.68998309	0.000138953890133
3326.00414236	0.000151675935531
3326.31830162	0.000166898385906
3326.63246089	0.000186926459145
3326.94662015	0.000211712529484
3327.26077942	0.00024004990053
3327.57493868	0.00027070424984
3327.88909795	0.000302352128737
3328.20325721	0.000333900783982
3328.51741648	0.000364246645273
3328.83157574	0.000392886007931
3329.14573501	0.000419356965204
3329.45989427	0.00044290514838
3329.77405354	0.00046266761119
3330.08821281	0.000478987298189
3330.40237207	0.000494048564374
3330.71653134	0.000509721191448
3331.0306906	0.00052676149869
3331.34484987	0.000545447802309
3331.65900913	0.000565250539301
3331.9731684	0.00058535230495
3332.28732766	0.000604957428602
3332.60148693	0.000623886754533
3332.91564619	0.000642454406239
3333.22980546	0.000660101828613
3333.54396472	0.000674794761876
3333.85812399	0.000685041918674
3334.17228326	0.000691153079243
3334.48644252	0.000695146010344
3334.80060179	0.000698335541901
3335.11476105	0.000700619733045
3335.42892032	0.000701361456045
3335.74307958	0.000699599155131
3336.05723885	0.00069518257651
3336.37139811	0.000687284116672
3336.68555738	0.000674681308881
3336.99971664	0.00065577268248
3337.31387591	0.00063091334369
3337.62803517	0.00060507790929
3337.94219444	0.000582081110855
3338.2563537	0.000559677870945
3338.57051297	0.000534574975633
3338.88467224	0.000505495925195
3339.1988315	0.000472629110815
3339.51299077	0.000436957348638
3339.82715003	0.000399723272164
3340.1413093	0.000362718091781
3340.45546856	0.000326772299377
3340.76962783	0.00029157884098
3341.08378709	0.000255617891648
3341.39794636	0.000216810432389
3341.71210562	0.000173351464593
3342.02626489	0.000125260614211
3342.34042415	7.35618451084e-05
3342.65458342	1.94100733765e-05
3342.96874269	-3.59819002773e-05
3343.28290195	-9.13570593231e-05
3343.59706122	-0.000145728128899
3343.91122048	-0.000198396340967
3344.22537975	-0.000248914337751
3344.53953901	-0.000297400459203
3344.85369828	-0.000344051526284
3345.16785754	-0.000389551335457
3345.48201681	-0.000434860580043
3345.79617607	-0.000480188410952
3346.11033534	-0.000523978050227
3346.4244946	-0.000564072308605
3346.73865387	-0.000599362933589
3347.05281313	-0.000630068979419
3347.3669724	-0.000656632792009
3347.68113167	-0.000679354742394
3347.99529093	-0.000698434121892
3348.3094502	-0.000714081083593
3348.62360946	-0.000726688561209
3348.93776873	-0.000737037042023
3349.25192799	-0.00074635751903
3349.56608726	-0.000756406669417
3349.88024652	-0.000767809320786
3350.19440579	-0.000778865133695
3350.50856505	-0.000784923112624
3350.82272432	-0.000781079930565
3351.13688358	-0.000767100443018
3351.45104285	-0.000747893907605
3351.76520212	-0.000728218871385
3352.07936138	-0.000709689058456
3352.39352065	-0.000692371617017
3352.70767991	-0.000674683535506
3353.02183918	-0.00065572764488
3353.33599844	-0.000635210706017
3353.65015771	-0.000613314126051
3353.96431697	-0.000589724905
3354.27847624	-0.000562411274477
3354.5926355	-0.000531108713821
3354.90679477	-0.000496749423375
3355.22095403	-0.000460865696196
3355.5351133	-0.000425157955559
3355.84927256	-0.000390341182102
3356.16343183	-0.000357209880311
3356.4775911	-0.000326105022711
3356.79175036	-0.000297935124884
3357.10590963	-0.000272772835575
3357.42006889	-0.000251389180558
3357.73422816	-0.000233325251142
3358.04838742	-0.000217042535589
3358.36254669	-0.000200413884461
3358.67670595	-0.000181875307256
3358.99086522	-0.000161141169341
3359.30502448	-0.000138360388838
3359.61918375	-0.00011386677392
3359.93334301	-8.84095464815e-05
3360.24750228	-6.32517781785e-05
3360.56166155	-3.96299793453e-05
3360.87582081	-1.83248626751e-05
3361.18998008	-4.23738803546e-08
3361.50413934	1.48270354744e-05
3361.81829861	2.63066093846e-05
3362.13245787	3.5807379487e-05
3362.44661714	4.46009946013e-05
3362.7607764	5.32737636643e-05
3363.07493567	6.19880765432e-05
3363.38909493	7.00155747623e-05
3363.7032542	7.77920412949e-05
3364.01741346	8.57778195362e-05
3364.33157273	9.32173487675e-05
3364.64573199	9.95683905879e-05
3364.95989126	0.000107780668758
3365.27405053	0.000121913431776
3365.58820979	0.000140632146558
3365.90236906	0.000161232165023
3366.21652832	0.000183190158907
3366.53068759	0.000207272557308
3366.84484685	0.00023455538161
3367.15900612	0.000265193931028
3367.47316538	0.000298784103926
3367.78732465	0.000334356942633
3368.10148391	0.000370675391355
3368.41564318	0.000406394439936
3368.72980244	0.000440358530612
3369.04396171	0.000471128420331
3369.35812098	0.000496696110299
3369.67228024	0.000516681408548
3369.98643951	0.000533550069758
3370.30059877	0.000550605556017
3370.61475804	0.000569634049171
3370.9289173	0.00059073330975
3371.24307657	0.000613310146593
3371.55723583	0.000636677404579
3371.8713951	0.000660113678739
3372.18555436	0.00068264553711
3372.49971363	0.000703088609228
3372.81387289	0.000719384156707
3373.12803216	0.0007300218206
3373.44219142	0.000735164487954
3373.75635069	0.000735909549413
3374.07050996	0.000734001501663
3374.38466922	0.000730864391104
3374.69882849	0.000726391435457
3375.01298775	0.000719334018442
3375.32714702	0.000708591702858
3375.64130628	0.000692829770059
3375.95546555	0.000671677165077
3376.26962481	0.000644765321844
3376.58378408	0.000612756578705
3376.89794334	0.000577104961128
3377.21210261	0.000539488818194
3377.52626187	0.000499065946605
3377.84042114	0.000455421201731
3378.15458041	0.000409332756337
3378.46873967	0.000360904189254
3378.78289894	0.000310352698852
3379.0970582	0.000258470664665
3379.41121747	0.000206055777299
3379.72537673	0.000153852817635
3380.039536	0.000102329560437
3380.35369526	5.12411890454e-05
3380.66785453	1.72547852344e-07
3380.98201379	-5.22636421621e-05
3381.29617306	-0.000106636273466
3381.61033232	-0.000162564521446
3381.92449159	-0.000218171753397
3382.23865085	-0.000271756619926
3382.55281012	-0.000322675156909
3382.86696939	-0.000370643496794
3383.18112865	-0.000415627884978
3383.49528792	-0.000457369016602
3383.80944718	-0.000495618971339
3384.12360645	-0.000530429793569
3384.43776571	-0.000562071911431
3384.75192498	-0.000591614767069
3385.06608424	-0.000620036435855
3385.38024351	-0.000648087691649
3385.69440277	-0.000674849872615
3386.00856204	-0.00069886770579
3386.3227213	-0.000718342852942
3386.63688057	-0.00073262754555
3386.95103984	-0.000742265474046
3387.2651991	-0.000748660790627
3387.57935837	-0.000753530484994
3387.89351763	-0.000757080677391
3388.2076769	-0.000759344801128
3388.52183616	-0.000760754265367
3388.83599543	-0.00076172863759
3389.15015469	-0.000762699348892
3389.46431396	-0.000763381522411
3389.77847322	-0.000762724412074
3390.09263249	-0.000760221146678
3390.40679175	-0.000756910239378
3390.72095102	-0.000754607002038
3391.03511029	-0.000753935172417
3391.34926955	-0.000751177404263
3391.66342882	-0.000737798810492
3391.97758808	-0.000712344249834
3392.29174735	-0.000682335552984
3392.60590661	-0.00065528286043
3392.92006588	-0.000632814334996
3393.23422514	-0.000612457437245
3393.54838441	-0.00059140438619
3393.86254367	-0.000566031184398
3394.17670294	-0.000534102056734
3394.4908622	-0.000495455810625
3394.80502147	-0.000451828185134
3395.11918073	-0.00040592358011
3395.43334	-0.00036019153677
3395.74749927	-0.000316317323055
3396.06165853	-0.000275037413881
3396.3758178	-0.000236990199307
3396.68997706	-0.000202398800926
3397.00413633	-0.000170315010754
3397.31829559	-0.000139642295484
3397.63245486	-0.000108698227737
3397.94661412	-7.61787889296e-05
3398.26077339	-4.19874734628e-05
3398.57493265	-6.86616218752e-06
3398.88909192	2.77327264083e-05
3399.20325118	6.10465130015e-05
3399.51741045	9.22435461232e-05
3399.83156972	0.000121290293808
3400.14572898	0.00014788492135
3400.45988825	0.000172185752669
3400.77404751	0.000193761049398
3401.08820678	0.000212349297939
3401.40236604	0.000228772730206
3401.71652531	0.000244207457655
3402.03068457	0.000259082269374
3402.34484384	0.000270823030528
3402.6590031	0.0002772266399
3402.97316237	0.000279536060348
3403.28732163	0.00028097610402
3403.6014809	0.000284621116685
3403.91564016	0.000291909692931
3404.22979943	0.000302264793401
3404.5439587	0.000315554101853
3404.85811796	0.000331747548448
3405.17227723	0.000350078701955
3405.48643649	0.000370375273284
3405.80059576	0.000393327120495
3406.11475502	0.000419287817995
3406.42891429	0.000447437060623
3406.74307355	0.000475906950887
3407.05723282	0.000503002637088
3407.37139208	0.00052765131856
3407.68555135	0.000548965074472
3407.99971061	0.000566688672545
3408.31386988	0.000580964920002
3408.62802915	0.000591738164652
3408.94218841	0.000599024277935
3409.25634768	0.000603587051013
3409.57050694	0.000607205512473
3409.88466621	0.000611409010274
3410.19882547	0.00061658218168
3410.51298474	0.000621999898729
3410.827144	0.000626098441952
3411.14130327	0.000627500160501
3411.45546253	0.000625290561497
3411.7696218	0.000619662284147
3412.08378106	0.000611255525274
3412.39794033	0.000601053523138
3412.71209959	0.000589025290982
3413.02625886	0.000574330152416
3413.34041813	0.000557068777275
3413.65457739	0.000538422792022
3413.96873666	0.000519470602191
3414.28289592	0.00049942123805
3414.59705519	0.000476578318048
3414.91121445	0.000450258013202
3415.22537372	0.000420779898833
3415.53953298	0.000388472829993
3415.85369225	0.000353185522635
3416.16785151	0.000315281734522
3416.48201078	0.000274609999664
3416.79617004	0.000231542438405
3417.11032931	0.0001882625973
3417.42448858	0.000145367045241
3417.73864784	0.000101949222468
3418.05280711	5.59212209049e-05
3418.36696637	4.72657352931e-06
3418.68112564	-5.40567118193e-05
3418.9952849	-0.000118392891586
3419.30944417	-0.000183646392297
3419.62360343	-0.000247094788571
3419.9377627	-0.000308541410756
3420.25192196	-0.000368731402432
3420.56608123	-0.000427478629681
3420.88024049	-0.000484144889261
3421.19439976	-0.000537441155291
3421.50855902	-0.000585709874486
3421.82271829	-0.000627083433971
3422.13687756	-0.000660574227989
3422.45103682	-0.000685936073652
3422.76519609	-0.000704098185022
3423.07935535	-0.000716487185509
3423.39351462	-0.00072505066533
3423.70767388	-0.000730733381911
3424.02183315	-0.000733874682236
3424.33599241	-0.000735308292454
3424.65015168	-0.000736084928616
3424.96431094	-0.000737440687223
3425.27847021	-0.000739452471048
3425.59262947	-0.000740979633853
3425.90678874	-0.000740618798599
3426.22094801	-0.000737499141801
3426.53510727	-0.000731440432417
3426.84926654	-0.000723005594626
3427.1634258	-0.000712632795896
3427.47758507	-0.000700829388624
3427.79174433	-0.000688162888757
3428.1059036	-0.000675533965416
3428.42006286	-0.000664562608091
3428.73422213	-0.00065672836381
3429.04838139	-0.000651925824581
3429.36254066	-0.000647724158361
3429.67669992	-0.000639859579856
3429.99085919	-0.000626686226048
3430.30501845	-0.000608781734954
3430.61917772	-0.000588105798051
3430.93333699	-0.000566143684057
3431.24749625	-0.000543077265423
3431.56165552	-0.000516886301713
3431.87581478	-0.00048566510913
3432.18997405	-0.000449985406189
3432.50413331	-0.000412180461542
3432.81829258	-0.000374343417967
3433.13245184	-0.000337669382224
3433.44661111	-0.000302006784608
3433.76077037	-0.000266723386827
3434.07492964	-0.000231993412286
3434.3890889	-0.000198409718415
3434.70324817	-0.000166298081674
3435.01740744	-0.000135902115629
3435.3315667	-0.000107294655696
3435.64572597	-7.99697745916e-05
3435.95988523	-5.33276678033e-05
3436.2740445	-2.72807066289e-05
3436.58820376	-2.66855209337e-06
3436.90236303	1.92157330196e-05
3437.21652229	3.78113641419e-05
3437.53068156	5.42710037065e-05
3437.84484082	6.98548342149e-05
3438.15900009	8.44961115661e-05
3438.47315935	9.84191278355e-05
3438.78731862	0.000112269791321
3439.10147788	0.000127063029853
3439.41563715	0.000143001060047
3439.72979642	0.000159940817728
3440.04395568	0.000178286465449
3440.35811495	0.000198144308761
3440.67227421	0.000218858580656
3440.98643348	0.000238474001872
3441.30059274	0.000255887709618
3441.61475201	0.000272446936677
3441.92891127	0.000289700230551
3442.24307054	0.00030809067748
3442.5572298	0.000327441612162
3442.87138907	0.000347140838192
3443.18554833	0.000368670255922
3443.4997076	0.000393685536824
3443.81386687	0.000421468993169
3444.12802613	0.000448775222806
3444.4421854	0.000472196053992
3444.75634466	0.000489855473963
3445.07050393	0.000502315179291
3445.38466319	0.000512536644204
3445.69882246	0.000523739033927
3446.01298172	0.00053714284091
3446.32714099	0.000552307775579
3446.64130025	0.000568379573678
3446.95545952	0.000584769948021
3447.26961878	0.000600844756594
3447.58377805	0.000616069960063
3447.89793732	0.000629625917137
3448.21209658	0.000641199587378
3448.52625585	0.000649754719722
3448.84041511	0.00065438326165
3449.15457438	0.00065635323015
3449.46873364	0.000658408577577
3449.78289291	0.000662296725573
3450.09705217	0.000666421648485
3450.41121144	0.000667785745507
3450.7253707	0.00066509397667
3451.03952997	0.000658081163641
3451.35368923	0.0006465251619
3451.6678485	0.000630336207387
3451.98200776	0.000609180593245
3452.29616703	0.000582189112366
3452.6103263	0.000548758325482
3452.92448556	0.000509423658109
3453.23864483	0.000466219611502
3453.55280409	0.000421524696791
3453.86696336	0.000376848230227
3454.18112262	0.000332099143337
3454.49528189	0.000286269388881
3454.80944115	0.000238198242598
3455.12360042	0.000187138919139
3455.43775968	0.000132615704043
3455.75191895	7.45770152814e-05
3456.06607821	1.38270959274e-05
3456.38023748	-4.83804956578e-05
3456.69439675	-0.000111925630984
3457.00855601	-0.000176359963863
3457.32271528	-0.000239880314524
3457.63687454	-0.0003006619092
3457.95103381	-0.000357575388998
3458.26519307	-0.000409946297024
3458.57935234	-0.000457019512707
3458.8935116	-0.000498368367225
3459.20767087	-0.000535020662292
3459.52183013	-0.000568163046704
3459.8359894	-0.000598589038297
3460.15014866	-0.000626944931097
3460.46430793	-0.000654997272185
3460.77846719	-0.000683355903623
3461.09262646	-0.000710630196207
3461.40678573	-0.000734780162628
3461.72094499	-0.000755074767508
3462.03510426	-0.000772020906696
3462.34926352	-0.000785776788983
3462.66342279	-0.000796214759516
3462.97758205	-0.000802943736848
3463.29174132	-0.000806125977237
3463.60590058	-0.000806282886682
3463.92005985	-0.000804329410187
3464.23421911	-0.000802105361456
3464.54837838	-0.000800721647629
3464.86253764	-0.000799146873336
3465.17669691	-0.000794897755294
3465.49085618	-0.000786681205425
3465.80501544	-0.000774624681365
3466.11917471	-0.000758652923579
3466.43333397	-0.00073851441822
3466.74749324	-0.000713734717008
3467.0616525	-0.000684613256667
3467.37581177	-0.000651983372505
3467.68997103	-0.000617395532727
3468.0041303	-0.000584077336601
3468.31828956	-0.000555161800838
3468.63244883	-0.000531322872661
3468.94660809	-0.000509331148972
3469.26076736	-0.000484833769001
3469.57492662	-0.000456948809041
3469.88908589	-0.00042832733284
3470.20324516	-0.000401818235877
3470.51740442	-0.00037815977018
3470.83156369	-0.000356372980153
3471.14572295	-0.000334772130833
3471.45988222	-0.000311949236165
3471.77404148	-0.000286893958811
3472.08820075	-0.000260056866786
3472.40236001	-0.00023241781938
3472.71651928	-0.000204081769988
3473.03067854	-0.000174279426139
3473.34483781	-0.000142914041745
3473.65899707	-0.000111084092182
3473.97315634	-8.02457314327e-05
3474.28731561	-5.13627259343e-05
3474.60147487	-2.46628847466e-05
3474.91563414	7.47570534198e-08
3475.2297934	2.28079681994e-05
3475.54395267	4.35239198452e-05
3475.85811193	6.16374861824e-05
3476.1722712	7.73326436482e-05
3476.48643046	9.42757105216e-05
3476.80058973	0.000115320249117
3477.11474899	0.000139787554273
3477.42890826	0.000164885311738
3477.74306752	0.000188476735894
3478.05722679	0.000210086899876
3478.37138605	0.000229997945586
3478.68554532	0.000249208808007
3478.99970459	0.000268943950867
3479.31386385	0.000290201582239
3479.62802312	0.000312627338401
3479.94218238	0.000334551523776
3480.25634165	0.000353844665199
3480.57050091	0.000370165354726
3480.88466018	0.000385345003022
3481.19881944	0.000401516491311
3481.51297871	0.00041971860174
3481.82713797	0.000440395780171
3482.14129724	0.000463168201502
3482.4554565	0.000487409655989
3482.76961577	0.000512314885306
3483.08377504	0.000537071032838
3483.3979343	0.000560495878376
3483.71209357	0.000581708379839
3484.02625283	0.000600126905102
3484.3404121	0.000615975291369
3484.65457136	0.000629482975478
3484.96873063	0.000641272353066
3485.28288989	0.000652050125247
3485.59704916	0.000662259132693
3485.91120842	0.000671829492539
3486.22536769	0.000680410202335
3486.53952695	0.00068816731244
3486.85368622	0.000695578181398
3487.16784548	0.000702761015443
3487.48200475	0.000708710632342
3487.79616402	0.000711796016576
3488.11032328	0.000710369331516
3488.42448255	0.000703851847654
3488.73864181	0.000693314861873
3489.05280108	0.000680225674083
3489.36696034	0.000664804505876
3489.68111961	0.00064663930877
3489.99527887	0.000624663211383
3490.30943814	0.000598148234076
3490.6235974	0.000566457462152
3490.93775667	0.000530518419166
3491.25191593	0.000493364450117
3491.5660752	0.000457977832502
3491.88023447	0.000421994735975
3492.19439373	0.000380769177946
3492.508553	0.000332435643865
3492.82271226	0.000278498664571
3493.13687153	0.000221334357169
3493.45103079	0.000162653119552
3493.76519006	0.000103417526174
3494.07934932	4.40525668169e-05
3494.39350859	-1.48177888962e-05
3494.70766785	-7.26135486527e-05
3495.02182712	-0.000129814505731
3495.33598638	-0.000187506630185
3495.65014565	-0.000246209793913
3495.96430491	-0.000305936313596
3496.27846418	-0.000366070134664
3496.59262345	-0.000424724765886
3496.90678271	-0.000479687958936
3497.22094198	-0.000529687263121
3497.53510124	-0.000574346998732
3497.84926051	-0.000613939803151
3498.16341977	-0.000648960869161
3498.47757904	-0.00067974746055
3498.7917383	-0.000706163548201
3499.10589757	-0.000728277829909
3499.42005683	-0.000746654361206
3499.7342161	-0.000762388533719
3500.04837536	-0.000776906792202
3500.36253463	-0.000791068862552
3500.6766939	-0.000804348651591
3500.99085316	-0.000815765994016
3501.30501243	-0.000824676175912
3501.61917169	-0.000828302011447
3501.93333096	-0.000824697106808
3502.24749022	-0.000814726112789
3502.56164949	-0.000800688651795
3502.87580875	-0.000784747263422
3503.18996802	-0.00076703525195
3503.50412728	-0.000747030304278
3503.81828655	-0.000724747377578
3504.13244581	-0.000700935276785
3504.44660508	-0.000675864345024
3504.76076434	-0.000648433765172
3505.07492361	-0.000617930037647
3505.38908288	-0.000585384142142
3505.70324214	-0.000552097509841
3506.01740141	-0.000519771166086
3506.33156067	-0.000489002917786
3506.64571994	-0.000460338462174
3506.9598792	-0.000433663533493
3507.27403847	-0.000408690950687
3507.58819773	-0.000386223861585
3507.902357	-0.000366764668256
3508.21651626	-0.000350029452944
3508.53067553	-0.000334185515436
3508.84483479	-0.000317013147084
3509.15899406	-0.000297561218748
3509.47315333	-0.000275651110807
3509.78731259	-0.000251750133066
3510.10147186	-0.000226430689955
3510.41563112	-0.000200529611235
3510.72979039	-0.000174863300574
3511.04394965	-0.000149715179279
3511.35810892	-0.000125567377434
3511.67226818	-0.000102710832856
3511.98642745	-8.17351688879e-05
3512.30058671	-6.23167769546e-05
3512.61474598	-4.30135980084e-05
3512.92890524	-2.28544430881e-05
3513.24306451	-1.91427041042e-06
3513.55722378	1.96576228626e-05
3513.87138304	4.23414454002e-05
3514.18554231	6.63362198644e-05
3514.49970157	9.12836650919e-05
3514.81386084	0.000116586746017
3515.1280201	0.000141651311297
3515.44217937	0.000165351087448
3515.75633863	0.000186559449152
3516.0704979	0.000204816299541
3516.38465716	0.000221154796355
3516.69881643	0.000237542031359
3517.01297569	0.000254270085287
3517.32713496	0.000269522969881
3517.64129422	0.000284218082606
3517.95545349	0.000301702573321
3518.26961276	0.000321283355224
3518.58377202	0.000339876872989
3518.89793129	0.000356014232373
3519.21209055	0.000370332587727
3519.52624982	0.000384116192186
3519.84040908	0.000397798691238
3520.15456835	0.000412785791085
3520.46872761	0.000431041226601
3520.78288688	0.000453797407637
3521.09704614	0.000481284572875
3521.41120541	0.00051262511493
3521.72536467	0.000546390939166
3522.03952394	0.000580093431196
3522.35368321	0.000611572800028
3522.66784247	0.000639891922041
3522.98200174	0.000664842988858
3523.296161	0.00068611282571
3523.61032027	0.00070309667586
3523.92447953	0.000715488104975
3524.2386388	0.000723912495337
3524.55279806	0.000729755312702
3524.86695733	0.000734373029454
3525.18111659	0.000738112695085
3525.49527586	0.00074065701339
3525.80943512	0.000741313754305
3526.12359439	0.000739521195052
3526.43775365	0.00073469481374
3526.75191292	0.000725680416156
3527.06607219	0.000711640892918
3527.38023145	0.000692908462765
3527.69439072	0.000672563744417
3528.00854998	0.000650668635608
3528.32270925	0.00062466707004
3528.63686851	0.000593485181417
3528.95102778	0.000557578674887
3529.26518704	0.000518104808677
3529.57934631	0.000476372461685
3529.89350557	0.000433765400931
3530.20766484	0.00039145746837
3530.5218241	0.000350034532047
3530.83598337	0.000308916139159
3531.15014264	0.000265975642658
3531.4643019	0.00021952357297
3531.77846117	0.000168894604484
3532.09262043	0.000114653390177
3532.4067797	5.81507635689e-05
3532.72093896	4.15326599939e-07
3533.03509823	-5.76035918371e-05
3533.34925749	-0.000115613971497
3533.66341676	-0.000173163675224
3533.97757602	-0.0002295917745
3534.29173529	-0.000284291953784
3534.60589455	-0.000336584027625
3534.92005382	-0.000386180643319
3535.23421308	-0.000433807055924
3535.54837235	-0.000480601307749
3535.86253162	-0.000526950124751
3536.17669088	-0.000572154980194
3536.49085015	-0.000615036887866
3536.80500941	-0.00065488417488
3537.11916868	-0.000691612873952
3537.43332794	-0.000724880565478
3537.74748721	-0.000754146265334
3538.06164647	-0.000778906913428
3538.37580574	-0.000798478952289
3538.689965	-0.000812354370877
3539.00412427	-0.000820341898638
3539.31828353	-0.000822972217447
3539.6324428	-0.00082118044138
3539.94660207	-0.000815810628699
3540.26076133	-0.000806981675703
3540.5749206	-0.000794074469132
3540.88907986	-0.000777125729066
3541.20323913	-0.000756815467851
3541.51739839	-0.000733928764311
3541.83155766	-0.000709361295515
3542.14571692	-0.000683318777851
3542.45987619	-0.000656548389135
3542.77403545	-0.000628537165135
3543.08819472	-0.000598688561644
3543.40235398	-0.000568524151933
3543.71651325	-0.000539472992668
3544.03067251	-0.000512281293313
3544.34483178	-0.000485917554373
3544.65899105	-0.000459664144025
3544.97315031	-0.000433336046533
3545.28730958	-0.000407200019935
3545.60146884	-0.000380900846638
3545.91562811	-0.000354148038836
3546.22978737	-0.000327001339911
3546.54394664	-0.000300125858318
3546.8581059	-0.000273920962657
3547.17226517	-0.000249317890468
3547.48642443	-0.000226914026829
3547.8005837	-0.00020662988118
3548.11474296	-0.000187146084575
3548.42890223	-0.000166062088837
3548.7430615	-0.000142797350564
3549.05722076	-0.000118881581568
3549.37138003	-9.53177244934e-05
3549.68553929	-7.18389673959e-05
3549.99969856	-4.82680513254e-05
3550.31385782	-2.47541349136e-05
3550.62801709	-2.24109719142e-06
3550.94217635	1.85734247455e-05
3551.25633562	3.69467684814e-05
3551.57049488	5.22141348771e-05
3551.88465415	6.52266813538e-05
3552.19881341	7.78878934489e-05
3552.51297268	9.17027668578e-05
3552.82713194	0.000106615035905
3553.14129121	0.000121625322133
3553.45545048	0.000135988971023
3553.76960974	0.000149655119386
3554.08376901	0.000164482902818
3554.39792827	0.000182330450238
3554.71208754	0.00020179454294
3555.0262468	0.00021890116546
3555.34040607	0.000231937839934
3555.65456533	0.000242378242613
3555.9687246	0.000254010526223
3556.28288386	0.000269971107878
3556.59704313	0.000292202543428
3556.91120239	0.000320876366836
3557.22536166	0.000354910544418
3557.53952093	0.000392553944212
3557.85368019	0.000431234405739
3558.16783946	0.000468017778622
3558.48199872	0.000501096840993
3558.79615799	0.000529827929982
3559.11031725	0.00055376805496
3559.42447652	0.000572625304992
3559.73863578	0.000587118420025
3560.05279505	0.000599383201817
3560.36695431	0.000611570605478
3560.68111358	0.000624656686383
3560.99527284	0.000638383160212
3561.30943211	0.0006520753378
3561.62359137	0.000665313036317
3561.93775064	0.000677827469864
3562.25190991	0.000689009188293
3562.56606917	0.000697329990818
3562.88022844	0.000700519854568
3563.1943877	0.000696154469882
3563.50854697	0.000683330094534
3563.82270623	0.000664964494624
3564.1368655	0.000645642893407
3564.45102476	0.000627701445832
3564.76518403	0.000610498184533
3565.07934329	0.000592991008777
3565.39350256	0.000574923818551
3565.70766182	0.000556708510779
3566.02182109	0.000538535664858
3566.33598036	0.000520406797597
3566.65013962	0.000501684306722
3566.96429889	0.000479755973101
3567.27845815	0.000452177010534
3567.59261742	0.000418570741516
3567.90677668	0.000381456034802
3568.22093595	0.000342438000422
3568.53509521	0.000300804600789
3568.84925448	0.000255116810223
3569.16341374	0.000205076120984
3569.47757301	0.000151721484032
3569.79173227	9.692695165e-05
3570.10589154	4.25489311327e-05
3570.42005081	-1.02427369275e-05
3570.73421007	-6.11450945791e-05
3571.04836934	-0.000110931529299
3571.3625286	-0.00016070674578
3571.67668787	-0.000210329185746
3571.99084713	-0.000258687751495
3572.3050064	-0.000304772997197
3572.61916566	-0.000348992664183
3572.93332493	-0.000392044321273
3573.24748419	-0.000434406012645
3573.56164346	-0.000475789898707
3573.87580272	-0.000515534729344
3574.18996199	-0.000553302360734
3574.50412125	-0.000589113803663
3574.81828052	-0.000622713716047
3575.13243979	-0.000653299992851
3575.44659905	-0.000680335992364
3575.76075832	-0.000702619141973
3576.07491758	-0.000720175134922
3576.38907685	-0.000733488218409
3576.70323611	-0.000743409419459
3577.01739538	-0.000750894604816
3577.33155464	-0.000756651973985
3577.64571391	-0.00076045405135
3577.95987317	-0.000761788157841
3578.27403244	-0.000760394852528
3578.5881917	-0.000756263113165
3578.90235097	-0.000749688316054
3579.21651024	-0.000741825224123
3579.5306695	-0.000732394392431
3579.84482877	-0.000719728342127
3580.15898803	-0.00070307592953
3580.4731473	-0.000683472812637
3580.78730656	-0.000662608855189
3581.10146583	-0.000641559013498
3581.41562509	-0.000618934122193
3581.72978436	-0.000592788488095
3582.04394362	-0.000563973346969
3582.35810289	-0.000534774836077
3582.67226215	-0.000506572216586
3582.98642142	-0.000480156259715
3583.30058068	-0.000455659714761
3583.61473995	-0.000430901330492
3583.92889922	-0.00040341275655
3584.24305848	-0.000371312957174
3584.55721775	-0.000335051500384
3584.87137701	-0.000296615585678
3585.18553628	-0.000258551661719
3585.49969554	-0.000222340505591
3585.81385481	-0.000188223071277
3586.12801407	-0.000156761247813
3586.44217334	-0.000128332083343
3586.7563326	-0.000103612259643
3587.07049187	-8.30937472589e-05
3587.38465113	-6.5886063277e-05
3587.6988104	-5.00015206131e-05
3588.01296967	-3.30467043739e-05
3588.32712893	-1.42587396451e-05
3588.6412882	5.80459515967e-06
3588.95544746	2.63324936352e-05
3589.26960673	4.62737150004e-05
3589.58376599	6.47724261799e-05
3589.89792526	8.1466474296e-05
3590.21208452	9.81536370633e-05
3590.52624379	0.000117545218923
3590.84040305	0.000139224808337
3591.15456232	0.000159467128161
3591.46872158	0.000174625486353
3591.78288085	0.000184414349115
3592.09704011	0.000190500897135
3592.41119938	0.000195917644437
3592.72535865	0.00020400565429
3593.03951791	0.000217853344861
3593.35367718	0.000238986602301
3593.66783644	0.000267053195741
3593.98199571	0.000299733183963
3594.29615497	0.000334401772395
3594.61031424	0.000368480325994
3594.9244735	0.000399749475361
3595.23863277	0.000427062935171
3595.55279203	0.000450581307412
3595.8669513	0.000471569801807
3596.18111056	0.000490588474174
3596.49526983	0.000507542555872
3596.8094291	0.000522761898046
3597.12358836	0.000536724033341
3597.43774763	0.000550000890635
3597.75190689	0.000563302921699
3598.06606616	0.000576818596514
3598.38022542	0.000589864163647
3598.69438469	0.000600948941365
3599.00854395	0.000608439994148
3599.32270322	0.00061175126464
3599.63686248	0.000611648121251
3599.95102175	0.000609304737006
3600.26518101	0.00060504806238
3600.57934028	0.000598511954162
3600.89349954	0.000589977784937
3601.20765881	0.000579717398863
3601.52181808	0.000568102292909
3601.83597734	0.000555657764146
3602.15013661	0.000543797421544
3602.46429587	0.000533423849791
3602.77845514	0.000523282584591
3603.0926144	0.000511188721398
3603.40677367	0.000496780267252
3603.72093293	0.000481020000499
3604.0350922	0.000463974300404
3604.34925146	0.000444424231083
3604.66341073	0.000421116285127
3604.97756999	0.000393733075955
3605.29172926	0.000362575363589
3605.60588853	0.000329542398052
3605.92004779	0.00029553693739
3606.23420706	0.000259552710768
3606.54836632	0.000219894017809
3606.86252559	0.000175696484043
3607.17668485	0.000127593660699
3607.49084412	7.77881264156e-05
3607.80500338	2.82232659564e-05
3608.11916265	-2.04208623874e-05
3608.43332191	-6.85312199206e-05
3608.74748118	-0.000116517287744
3609.06164044	-0.000164829562369
3609.37579971	-0.000213551287838
3609.68995897	-0.000262476729345
3610.00411824	-0.000311101259936
3610.31827751	-0.000359307622701
3610.63243677	-0.000407258412331
3610.94659604	-0.000454857026329
3611.2607553	-0.000500547104119
3611.57491457	-0.000541953489843
3611.88907383	-0.000578119213425
3612.2032331	-0.000609509472483
3612.51739236	-0.000636244210523
3612.83155163	-0.000657985558915
3613.14571089	-0.000674915461253
3613.45987016	-0.000687424491496
3613.77402942	-0.000696197205761
3614.08818869	-0.000701790127373
3614.40234796	-0.000705332278684
3614.71650722	-0.000708326164443
3615.03066649	-0.000711368748464
3615.34482575	-0.000713454733917
3615.65898502	-0.000712734503691
3615.97314428	-0.000707909715545
3616.28730355	-0.000699305097883
3616.60146281	-0.000688451174281
3616.91562208	-0.000677234255496
3617.22978134	-0.00066695998078
3617.54394061	-0.000657880724411
3617.85809987	-0.000649443015403
3618.17225914	-0.000640648945759
3618.4864184	-0.000630966502035
3618.80057767	-0.000620983483682
3619.11473694	-0.000610047385559
3619.4288962	-0.000596815639941
3619.74305547	-0.00057967427235
3620.05721473	-0.000557729411989
3620.371374	-0.000530742798566
3620.68553326	-0.000499671868265
3620.99969253	-0.000466639523713
3621.31385179	-0.000433173981916
3621.62801106	-0.000399988449886
3621.94217032	-0.000367756209358
3622.25632959	-0.000337512520546
3622.57048885	-0.00031113117826
3622.88464812	-0.000288542250062
3623.19880739	-0.000267751806646
3623.51296665	-0.000246287766475
3623.82712592	-0.000223096841265
3624.14128518	-0.000197988080933
3624.45544445	-0.000171342139406
3624.76960371	-0.000143438465816
3625.08376298	-0.000114475860957
3625.39792224	-8.50465863393e-05
3625.71208151	-5.60068184411e-05
3626.02624077	-2.81819317188e-05
3626.34040004	-2.62256201741e-06
3626.6545593	1.96809490767e-05
3626.96871857	3.94161804454e-05
3627.28287783	5.88178926883e-05
3627.5970371	7.89283032286e-05
3627.91119637	9.96634162771e-05
3628.22535563	0.000120025511979
3628.5395149	0.000140023768225
3628.85367416	0.000160521212788
3629.16783343	0.000182657597543
3629.48199269	0.000207088641424
3629.79615196	0.000232321737796
3630.11031122	0.00025530081322
3630.42447049	0.000273564102085
3630.73862975	0.000286821113351
3631.05278902	0.000297257972149
3631.36694828	0.000308746149496
3631.68110755	0.000324206165962
3631.99526682	0.000343116755864
3632.30942608	0.000363135786912
3632.62358535	0.000382163926285
3632.93774461	0.00039931815918
3633.25190388	0.000415182660869
3633.56606314	0.00043081647064
3633.88022241	0.00044653853258
3634.19438167	0.000461611590697
3634.50854094	0.000474849092333
3634.8227002	0.000486276813339
3635.13685947	0.0004972674272
3635.45101873	0.000508924601079
3635.765178	0.000521198259175
3636.07933727	0.000533298251995
3636.39349653	0.000544634444143
3636.7076558	0.000555182893742
3637.02181506	0.000565098255332
3637.33597433	0.000574341019607
3637.65013359	0.00058257089729
3637.96429286	0.000589231046147
3638.27845212	0.000593552985089
3638.59261139	0.000594839449143
3638.90677065	0.000593072587133
3639.22092992	0.000589304955984
3639.53508918	0.000584582187056
3639.84924845	0.000578793368779
3640.16340771	0.000572057507296
3640.47756698	0.000563886370939
3640.79172625	0.000553672269827
3641.10588551	0.00054207990814
3641.42004478	0.000528092588324
3641.73420404	0.000509687332137
3642.04836331	0.000484625839005
3642.36252257	0.000451519858256
3642.67668184	0.000411235351824
3642.9908411	0.000366972242666
3643.30500037	0.000321955252645
3643.61915963	0.000277634123637
3643.9333189	0.000234134227068
3644.24747816	0.000191017435441
3644.56163743	0.000147929645209
3644.8757967	0.000104700192392
3645.18995596	6.0812650679e-05
3645.50411523	1.58042347237e-05
3645.81827449	-3.09479990293e-05
3646.13243376	-8.0469454153e-05
3646.44659302	-0.000133625976648
3646.76075229	-0.000189167327144
3647.07491155	-0.000244221960848
3647.38907082	-0.000296757018956
3647.70323008	-0.000345910851351
3648.01738935	-0.000392248116056
3648.33154861	-0.000436311947568
3648.64570788	-0.000478037330597
3648.95986714	-0.000517120924794
3649.27402641	-0.00055316754178
3649.58818568	-0.000586453820246
3649.90234494	-0.000617555058729
3650.21650421	-0.00064745721452
3650.53066347	-0.00067605795649
3650.84482274	-0.000701716596976
3651.158982	-0.000722586134385
3651.47314127	-0.000737974296303
3651.78730053	-0.000748481159069
3652.1014598	-0.000754997331973
3652.41561906	-0.000758539202671
3652.72977833	-0.000759468375469
3653.04393759	-0.000758324449107
3653.35809686	-0.000755312500333
3653.67225613	-0.000750869360438
3653.98641539	-0.000745534846648
3654.30057466	-0.000739631695625
3654.61473392	-0.000732235401444
3654.92889319	-0.000721012709305
3655.24305245	-0.00070494904057
3655.55721172	-0.000684411034791
3655.87137098	-0.000660863258904
3656.18553025	-0.000635879245814
3656.49968951	-0.000610670010779
3656.81384878	-0.000586914730191
3657.12800804	-0.000565063092181
3657.44216731	-0.000544234076178
3657.75632657	-0.000524178766646
3658.07048584	-0.000505742641243
3658.38464511	-0.000489362075582
3658.69880437	-0.000473466813241
3659.01296364	-0.000456361550529
3659.3271229	-0.000437246743826
3659.64128217	-0.00041588853678
3659.95544143	-0.000392317750467
3660.2696007	-0.000366581830276
3660.58375996	-0.000338709031979
3660.89791923	-0.000309398878257
3661.21207849	-0.000279113485902
3661.52623776	-0.000249026142032
3661.84039702	-0.000221013039059
3662.15455629	-0.000196296357966
3662.46871556	-0.000174211368802
3662.78287482	-0.000153058545276
3663.09703409	-0.000131858660269
3663.41119335	-0.000110703904292
3663.72535262	-8.89840418217e-05
3664.03951188	-6.37823108936e-05
3664.35367115	-3.38626405608e-05
3664.66783041	-9.9518522861e-07
3664.98198968	3.23980748467e-05
3665.29614894	6.42907984207e-05
3665.61030821	9.25185716564e-05
3665.92446747	0.00011536125197
3666.23862674	0.000134084638829
3666.552786	0.000152265925146
3666.86694527	0.000171618690914
3667.18110454	0.000191770835252
3667.4952638	0.000212011370122
3667.80942307	0.000232047477406
3668.12358233	0.000253091038547
3668.4377416	0.000276052807193
3668.75190086	0.000300978313801
3669.06606013	0.000327388885719
3669.38021939	0.0003536379353
3669.69437866	0.000377989195177
3670.00853792	0.000399537664571
3670.32269719	0.000418754595822
3670.63685645	0.000437265388321
3670.95101572	0.000456275859867
3671.26517499	0.000475475882307
3671.57933425	0.00049389917186
3671.89349352	0.000510938424465
3672.20765278	0.00052634481101
3672.52181205	0.000540392924317
3672.83597131	0.000553672339109
3673.15013058	0.000566824351166
3673.46428984	0.00057930281521
3673.77844911	0.000589662637519
3674.09260837	0.000597469673997
3674.40676764	0.000604213380668
3674.7209269	0.000611181366015
3675.03508617	0.000617762733986
3675.34924543	0.00062358195071
3675.6634047	0.00062852383805
3675.97756397	0.000632804836157
3676.29172323	0.000636533926229
3676.6058825	0.000639336975683
3676.92004176	0.000640461140216
3677.23420103	0.000639160136774
3677.54836029	0.000634312219506
3677.86251956	0.000624868541501
3678.17667882	0.000611451790363
3678.49083809	0.000595189844439
3678.80499735	0.00057679601239
3679.11915662	0.000555719316254
3679.43331588	0.000531453937864
3679.74747515	0.000505680766201
3680.06163442	0.000481372760361
3680.37579368	0.000456949297567
3680.68995295	0.000427538591785
3681.00411221	0.000390150833976
3681.31827148	0.000344897336309
3681.63243074	0.000293014497694
3681.94659001	0.000236808749364
3682.26074927	0.000179398946432
3682.57490854	0.000123789430509
3682.8890678	7.16341316562e-05
3683.20322707	2.28607055567e-05
3683.51738633	-2.39048595588e-05
3683.8315456	-7.08084043961e-05
3684.14570486	-0.000119137780237
3684.45986413	-0.000168772562932
3684.7740234	-0.000219275206906
3685.08818266	-0.000270356670989
3685.40234193	-0.000322130238207
3685.71650119	-0.000374782382831
3686.03066046	-0.000427247089585
3686.34481972	-0.00047743935991
3686.65897899	-0.000523508335239
3686.97313825	-0.00056492642132
3687.28729752	-0.000601887776617
3687.60145678	-0.000635033548013
3687.91561605	-0.000665110326233
3688.22977531	-0.000693105288017
3688.54393458	-0.000719720468774
3688.85809385	-0.000744237561246
3689.17225311	-0.000763938218604
3689.48641238	-0.000776711375849
3689.80057164	-0.000783952282979
3690.11473091	-0.00078824789761
3690.42889017	-0.000790577426265
3690.74304944	-0.000789931132943
3691.0572087	-0.000785558048952
3691.37136797	-0.000776700820056
3691.68552723	-0.000762789946751
3691.9996865	-0.00074396710514
3692.31384576	-0.000720431230551
3692.62800503	-0.000693557835836
3692.9421643	-0.000665253676919
3693.25632356	-0.00063748957539
3693.57048283	-0.000611167523722
3693.88464209	-0.000586665740094
3694.19880136	-0.000563675232557
3694.51296062	-0.000541536304772
3694.82711989	-0.000520181109431
3695.14127915	-0.000499626869569
3695.45543842	-0.00047970770173
3695.76959768	-0.000460053513975
3696.08375695	-0.000439701958806
3696.39791621	-0.000418055506031
3696.71207548	-0.000395039335727
3697.02623474	-0.000371337485388
3697.34039401	-0.000348325571469
3697.65455328	-0.000327262225249
3697.96871254	-0.000308264159694
3698.28287181	-0.000290583886532
3698.59703107	-0.000273200464085
3698.91119034	-0.000256029659846
3699.2253496	-0.000238669694042
3699.53950887	-0.000221141408022
3699.85366813	-0.000203152361761
3700.1678274	-0.000184613902235
3700.48198666	-0.000165665762603
3700.79614593	-0.000146291785179
3701.11030519	-0.000126243696102
3701.42446446	-0.000105454431211
3701.73862373	-8.42518383609e-05
3702.05278299	-6.20884845584e-05
3702.36694226	-3.75929293106e-05
3702.68110152	-1.04431416006e-05
3702.99526079	1.82396820444e-05
3703.30942005	4.70503231752e-05
3703.62357932	7.50410725489e-05
3703.93773858	0.000102170984571
3704.25189785	0.000129080273689
3704.56605711	0.000156576164074
3704.88021638	0.000184358274554
3705.19437564	0.000210573795331
3705.50853491	0.000233685797254
3705.82269417	0.000253872987482
3706.13685344	0.00027311024165
3706.45101271	0.000293343133894
3706.76517197	0.000315037564861
3707.07933124	0.000337558704939
3707.3934905	0.000359776732859
3707.70764977	0.000380987917473
3708.02180903	0.000400657732534
3708.3359683	0.000419267087586
3708.65012756	0.000437164204067
3708.96428683	0.00045461293478
3709.27844609	0.000471436036005
3709.59260536	0.000487608392659
3709.90676462	0.000504303250145
3710.22092389	0.000522955645792
3710.53508316	0.000544160411964
3710.84924242	0.000566311261236
3711.16340169	0.000587769536251
3711.47756095	0.000607918665885
3711.79172022	0.000626665011585
3712.10587948	0.000644139064966
3712.42003875	0.000660507004812
3712.73419801	0.000675565533755
3713.04835728	0.000688483137188
3713.36251654	0.000697736903869
3713.67667581	0.000702695621405
3713.99083507	0.000703847561025
3714.30499434	0.000702624299588
3714.6191536	0.000700377344213
3714.93331287	0.000697210229532
3715.24747214	0.000691548418422
3715.5616314	0.000682535574061
3715.87579067	0.000671648042251
3716.18994993	0.000660006403105
3716.5041092	0.000646106498636
3716.81826846	0.000627625491974
3717.13242773	0.000603189294697
3717.44658699	0.000572980243441
3717.76074626	0.00053867870718
3718.07490552	0.000502466348328
3718.38906479	0.000466306952125
3718.70322405	0.000431140953943
3719.01738332	0.000397050102926
3719.33154259	0.000363106394745
3719.64570185	0.000327765311703
3719.95986112	0.00028931898596
3720.27402038	0.000247411706348
3720.58817965	0.0002018790759
3720.90233891	0.000152570046038
3721.21649818	9.91222928971e-05
3721.53065744	4.19154486945e-05
3721.84481671	-1.74392914131e-05
3722.15897597	-7.69858064314e-05
3722.47313524	-0.000135218137358
3722.7872945	-0.000191456968266
3723.10145377	-0.000245384322637
3723.41561303	-0.000296741205325
3723.7297723	-0.000345657803866
3724.04393157	-0.00039258679678
3724.35809083	-0.000438049198453
3724.6722501	-0.000482415212323
3724.98640936	-0.000526261893628
3725.30056863	-0.000570039115193
3725.61472789	-0.000613179063657
3725.92888716	-0.000653969258133
3726.24304642	-0.000690917135167
3726.55720569	-0.000723157452215
3726.87136495	-0.000750058552591
3727.18552422	-0.000770869204294
3727.49968348	-0.000785284173776
3727.81384275	-0.000793455443592
3728.12800202	-0.000795646937322
3728.44216128	-0.000792549940867
3728.75632055	-0.000786319132137
3729.07047981	-0.000778949631755
3729.38463908	-0.000771105522111
3729.69879834	-0.000762728223008
3730.01295761	-0.000752798792408
3730.32711687	-0.000739542625858
3730.64127614	-0.000722222021125
3730.9554354	-0.000701099569585
3731.26959467	-0.000677843109946
3731.58375393	-0.000653102115495
3731.8979132	-0.000627598896551
3732.21207246	-0.000601629443626
3732.52623173	-0.000575701587716
3732.840391	-0.000550157205559
3733.15455026	-0.000525214432781
3733.46870953	-0.000500654720978
3733.78286879	-0.00047520501471
3734.09702806	-0.000447857915521
3734.41118732	-0.00041805988854
3734.72534659	-0.000386745834835
3735.03950585	-0.000354940483609
3735.35366512	-0.000323947046235
3735.66782438	-0.000294443501913
3735.98198365	-0.000267245325425
3736.29614291	-0.000242687958646
3736.61030218	-0.00022106711352
3736.92446145	-0.000202119964889
3737.23862071	-0.000185024426304
3737.55277998	-0.000168457237035
3737.86693924	-0.000151410429794
3738.18109851	-0.000133295565615
3738.49525777	-0.000113958283268
3738.80941704	-9.3861722741e-05
3739.1235763	-7.33855431398e-05
3739.43773557	-5.25871346397e-05
3739.75189483	-3.15841556021e-05
3740.0660541	-1.0554217438e-05
3740.38021336	1.0264102423e-05
3740.69437263	3.06115929841e-05
3741.00853189	5.02249183825e-05
3741.32269116	6.97385060423e-05
3741.63685043	9.00914320671e-05
3741.95100969	0.000111669976182
3742.26516896	0.000133599393097
3742.57932822	0.000154536131582
3742.89348749	0.000173063864702
3743.20764675	0.000188539475731
3743.52180602	0.000201587526596
3743.83596528	0.000214522494584
3744.15012455	0.00023017399261
3744.46428381	0.000249286374372
3744.77844308	0.000270365554385
3745.09260234	0.000291623913546
3745.40676161	0.000312464172145
3745.72092088	0.000334244120921
3746.03508014	0.000359021561825
3746.34923941	0.000387261512577
3746.66339867	0.000417278553877
3746.97755794	0.000447020833388
3747.2917172	0.000475538777727
3747.60587647	0.000502437489914
3747.92003573	0.000527382580956
3748.234195	0.000549983957867
3748.54835426	0.00056948148372
3748.86251353	0.000584898440466
3749.17667279	0.000595816248416
3749.49083206	0.000603779615186
3749.80499133	0.000611336403918
3750.11915059	0.000619763084432
3750.43330986	0.000628763073928
3750.74746912	0.000637558991962
3751.06162839	0.000645536892643
3751.37578765	0.000652704672118
3751.68994692	0.0006597958042
3752.00410618	0.000666723442698
3752.31826545	0.000671548677339
3752.63242471	0.000670767157087
3752.94658398	0.000662698475957
3753.26074324	0.000648158781175
3753.57490251	0.000630160049161
3753.88906177	0.000611326943449
3754.20322104	0.000593038840127
3754.51738031	0.000575795657586
3754.83153957	0.000559281342519
3755.14569884	0.000542887438557
3755.4598581	0.00052559155352
3755.77401737	0.000505246976376
3756.08817663	0.000480517382428
3756.4023359	0.000450895911975
3756.71649516	0.000416208802351
3757.03065443	0.000376329463425
3757.34481369	0.000331973426819
3757.65897296	0.000285148512659
3757.97313222	0.000237301822678
3758.28729149	0.000189046849499
3758.60145076	0.000140443076252
3758.91561002	9.15849938441e-05
3759.22976929	4.28220825682e-05
3759.54392855	-5.80999628007e-06
3759.85808782	-5.40696893641e-05
3760.17224708	-0.000102781249402
3760.48640635	-0.000152697166542
3760.80056561	-0.000204799904266
3761.11472488	-0.000258701787844
3761.42888414	-0.000312726315908
3761.74304341	-0.000365153009342
3762.05720267	-0.000415982017736
3762.37136194	-0.000465210358194
3762.6855212	-0.000512893097694
3762.99968047	-0.00055818788165
3763.31383974	-0.000599933044603
3763.627999	-0.000636360578164
3763.94215827	-0.000666440128366
3764.25631753	-0.000690212595863
3764.5704768	-0.000709939743668
3764.88463606	-0.000727845237641
3765.19879533	-0.000743793283197
3765.51295459	-0.000756332007258
3765.82711386	-0.000764368345485
3766.14127312	-0.000767993381994
3766.45543239	-0.000767948239844
3766.76959165	-0.000764877567219
3767.08375092	-0.000757848723355
3767.39791019	-0.000746172615387
3767.71206945	-0.000730006645839
3768.02622872	-0.000710264677915
3768.34038798	-0.000688741171835
3768.65454725	-0.000667574895778
3768.96870651	-0.000648046914565
3769.28286578	-0.000629737063953
3769.59702504	-0.000611147230337
3769.91118431	-0.000591462459241
3770.22534357	-0.000570770805593
3770.53950284	-0.000548846884535
3770.8536621	-0.000526276624138
3771.16782137	-0.000502580302765
3771.48198063	-0.000477571751694
3771.7961399	-0.000451435531361
3772.11029917	-0.000424397382571
3772.42445843	-0.000397160320335
3772.7386177	-0.000370432894579
3773.05277696	-0.000343842899787
3773.36693623	-0.000316520796439
3773.68109549	-0.00028790997638
3773.99525476	-0.000259052786564
3774.30941402	-0.000230407689811
3774.62357329	-0.000202428596405
3774.93773255	-0.000175144650797
3775.25189182	-0.000148803757518
3775.56605108	-0.000123094601283
3775.88021035	-9.82315128582e-05
3776.19436962	-7.43389118017e-05
3776.50852888	-5.25883853481e-05
3776.82268815	-3.33860801914e-05
3777.13684741	-1.60163620667e-05
3777.45100668	1.48125466922e-06
3777.76516594	2.071108564e-05
3778.07932521	4.08456309747e-05
3778.39348447	6.00823868388e-05
3778.70764374	7.71582368897e-05
3779.021803	9.35764278927e-05
3779.33596227	0.000110665509581
3779.65012153	0.000127759836755
3779.9642808	0.000143616895377
3780.27844006	0.000157616072921
3780.59259933	0.000169132120258
3780.9067586	0.000179536247106
3781.22091786	0.000191356623048
3781.53507713	0.000206718031664
3781.84923639	0.000226904354084
3782.16339566	0.000251793175522
3782.47755492	0.00028003338713
3782.79171419	0.000309500486332
3783.10587345	0.000339216856987
3783.42003272	0.000368488630263
3783.73419198	0.000396542144992
3784.04835125	0.000422311718222
3784.36251051	0.000444520143049
3784.67666978	0.000462388358898
3784.99082905	0.000476377201833
3785.30498831	0.000488641990274
3785.61914758	0.000500968280406
3785.93330684	0.000513701644758
3786.24746611	0.000526468121842
3786.56162537	0.00053889647753
3786.87578464	0.000551159307313
3787.1899439	0.000563570773956
3787.50410317	0.000575941603947
3787.81826243	0.000586677673801
3788.1324217	0.00059350096946
3788.44658096	0.000594636037155
3788.76074023	0.00058998595712
3789.07489949	0.000581857621663
3789.38905876	0.000573588127311
3789.70321803	0.00056672996363
3790.01737729	0.000560604769285
3790.33153656	0.000554442145343
3790.64569582	0.000548185456655
3790.95985509	0.000542196875521
3791.27401435	0.000536322989128
3791.58817362	0.000529039423037
3791.90233288	0.000518287091224
3792.21649215	0.000502526747899
3792.53065141	0.0004818028406
3792.84481068	0.000458482075794
3793.15896994	0.000434724835469
3793.47312921	0.000410096521649
3793.78728848	0.000382369540241
3794.10144774	0.000350313208567
3794.41560701	0.000314093709507
3794.72976627	0.000274976060995
3795.04392554	0.000234062372061
3795.3580848	0.00019260127761
3795.67224407	0.000151162574949
3795.98640333	0.000109425919344
3796.3005626	6.62037002182e-05
3796.61472186	2.03145728913e-05
3796.92888113	-2.78257847057e-05
3797.24304039	-7.66373354496e-05
3797.55719966	-0.000125138886738
3797.87135892	-0.000173223850133
3798.18551819	-0.000220804687033
3798.49967746	-0.000267647108055
3798.81383672	-0.000313228059377
3799.12799599	-0.000357010812368
3799.44215525	-0.000398554211478
3799.75631452	-0.000437444080853
3800.07047378	-0.000473989567717
3800.38463305	-0.000509290055629
3800.69879231	-0.000543943414513
3801.01295158	-0.000576439975343
3801.32711084	-0.000604570814981
3801.64127011	-0.000627523666389
3801.95542937	-0.000645225260781
3802.26958864	-0.000658254184979
3802.58374791	-0.000667816941373
3802.89790717	-0.000674812050848
3803.21206644	-0.000679296613813
3803.5262257	-0.000682007948099
3803.84038497	-0.000684324490073
3804.15454423	-0.000687966353842
3804.4687035	-0.000693552791138
3804.78286276	-0.000699635727764
3805.09702203	-0.000703336913313
3805.41118129	-0.000702907895416
3805.72534056	-0.000698362771376
3806.03949982	-0.000690291086487
3806.35365909	-0.000679197316013
3806.66781835	-0.000665502756331
3806.98197762	-0.000649582707756
3807.29613689	-0.000631683057696
3807.61029615	-0.000612641564075
3807.92445542	-0.000593257803552
3808.23861468	-0.000574819780684
3808.55277395	-0.000557647219303
3808.86693321	-0.000539889296781
3809.18109248	-0.000519646435357
3809.49525174	-0.000497122047743
3809.80941101	-0.000473047729374
3810.12357027	-0.000447331797942
3810.43772954	-0.000420125777076
3810.7518888	-0.000392328127638
3811.06604807	-0.00036498069978
3811.38020734	-0.000338878133825
3811.6943666	-0.000314289928085
3812.00852587	-0.000291969733189
3812.32268513	-0.000271575688387
3812.6368444	-0.000251117740186
3812.95100366	-0.00022814140175
3813.26516293	-0.000201677334838
3813.57932219	-0.000172507670377
3813.89348146	-0.000142029152769
3814.20764072	-0.000111389618928
3814.52179999	-8.11497816425e-05
3814.83595925	-5.15340915943e-05
3815.15011852	-2.27058953259e-05
3815.46427779	5.0585385866e-06
3815.77843705	3.14477387962e-05
3816.09259632	5.60943033544e-05
3816.40675558	7.91607500755e-05
3816.72091485	0.000101720253744
3817.03507411	0.000124707304749
3817.34923338	0.000148034890407
3817.66339264	0.00017129780461
3817.97755191	0.000194343319164
3818.29171117	0.000217395198891
3818.60587044	0.000240176149243
3818.9200297	0.000261284298263
3819.23418897	0.000279957681053
3819.54834823	0.000296206021238
3819.8625075	0.000309954754826
3820.17666677	0.000321421190251
3820.49082603	0.000332490143575
3820.8049853	0.000345595686799
3821.11914456	0.000362214374895
3821.43330383	0.000382390653504
3821.74746309	0.000405176603133
3822.06162236	0.000429626177636
3822.37578162	0.000454449428994
3822.68994089	0.000478561850061
3823.00410015	0.000500943967864
3823.31825942	0.000520719903845
3823.63241868	0.000536780408498
3823.94657795	0.00054805344588
3824.26073722	0.000554778657951
3824.57489648	0.000558638149809
3824.88905575	0.000561619579761
3825.20321501	0.000564509247947
3825.51737428	0.000567568547702
3825.83153354	0.000571174541393
3826.14569281	0.00057661651544
3826.45985207	0.000584547028495
3826.77401134	0.000593639906518
3827.0881706	0.000601642506641
3827.40232987	0.000605351109266
3827.71648913	0.000601931313199
3828.0306484	0.000591245185042
3828.34480766	0.000575874102339
3828.65896693	0.0005592661596
3828.9731262	0.000542922453643
3829.28728546	0.000526715614039
3829.60144473	0.000510111023492
3829.91560399	0.000492856984993
3830.22976326	0.00047498384005
3830.54392252	0.000456464605763
3830.85808179	0.000437201712568
3831.17224105	0.000416551191642
3831.48640032	0.000393223621808
3831.80055958	0.000365749338887
3832.11471885	0.000333289159037
3832.42887811	0.000296331527612
3832.74303738	0.000255996412574
3833.05719665	0.000212668729231
3833.37135591	0.000166142015562
3833.68551518	0.000116645318633
3833.99967444	6.51278588839e-05
3834.31383371	1.32145690935e-05
3834.62799297	-3.76952684885e-05
3834.94215224	-8.80533485608e-05
3835.2563115	-0.000138731305684
3835.57047077	-0.000190298488149
3835.88463003	-0.000242654746029
3836.1987893	-0.000294617647861
3836.51294856	-0.000344596673436
3836.82710783	-0.000391487597228
3837.14126709	-0.000434920703444
3837.45542636	-0.000474818518658
3837.76958563	-0.000511566621904
3838.08374489	-0.000545421889831
3838.39790416	-0.000576479868681
3838.71206342	-0.000604650256641
3839.02622269	-0.000630019514064
3839.34038195	-0.000653034386569
3839.65454122	-0.000674359508238
3839.96870048	-0.000694349444893
3840.28285975	-0.000712491995201
3840.59701901	-0.000728409609634
3840.91117828	-0.000741535565599
3841.22533754	-0.000750000803683
3841.53949681	-0.000751692022804
3841.85365608	-0.00074828705502
3842.16781534	-0.000743345291251
3842.48197461	-0.000739071249121
3842.79613387	-0.00073551694005
3843.11029314	-0.000731663570874
3843.4244524	-0.000726687656893
3843.73861167	-0.000719865129192
3844.05277093	-0.000710688271858
3844.3669302	-0.00069790988512
3844.68108946	-0.000680423876572
3844.99524873	-0.000658452958502
3845.30940799	-0.00063362874142
3845.62356726	-0.000607966978872
3845.93772652	-0.000582548082701
3846.25188579	-0.000557409103319
3846.56604506	-0.000532655458266
3846.88020432	-0.000508555359827
3847.19436359	-0.000485784406302
3847.50852285	-0.000465106726294
3847.82268212	-0.000446751374546
3848.13684138	-0.000429954647861
3848.45100065	-0.00041270221162
3848.76515991	-0.000393985158895
3849.07931918	-0.000373922293586
3849.39347844	-0.000352979338093
3849.70763771	-0.000331688598671
3850.02179697	-0.00031063715961
3850.33595624	-0.000290376345776
3850.65011551	-0.0002712729465
3850.96427477	-0.000250297841913
3851.27843404	-0.000223431354314
3851.5925933	-0.000191950634718
3851.90675257	-0.000160349114666
3852.22091183	-0.000130814691014
3852.5350711	-0.000102102342276
3852.84923036	-7.27563127068e-05
3853.16338963	-4.15260800329e-05
3853.47754889	-7.71094667046e-06
3853.79170816	2.88870277517e-05
3854.10586742	6.80803191584e-05
3854.42002669	0.000108535482044
3854.73418595	0.000148100119699
3855.04834522	0.000185116225496
3855.36250449	0.000218221070079
3855.67666375	0.000246501657471
3855.99082302	0.000269992976073
3856.30498228	0.00028977653583
3856.61914155	0.000307653124213
3856.93330081	0.00032468974031
3857.24746008	0.000341649508216
3857.56161934	0.000358813462212
3857.87577861	0.000375969411577
3858.18993787	0.000392689280946
3858.50409714	0.000408488603715
3858.8182564	0.000423358509588
3859.13241567	0.000436868565704
3859.44657494	0.0004483551087
3859.7607342	0.000457392725152
3860.07489347	0.000465288372536
3860.38905273	0.000473795736933
3860.703212	0.000483837058779
3861.01737126	0.000494930371175
3861.33153053	0.000506767940446
3861.64568979	0.000518816981007
3861.95984906	0.000530370471836
3862.27400832	0.000541336700684
3862.58816759	0.000552080707832
3862.90232685	0.000562952920113
3863.21648612	0.000573450835053
3863.53064538	0.000582295965126
3863.84480465	0.00058902320366
3864.15896392	0.000594803575058
3864.47312318	0.000600498561618
3864.78728245	0.000605885411828
3865.10144171	0.000610026609104
3865.41560098	0.000611904184279
3865.72976024	0.000611150211088
3866.04391951	0.000608101105875
3866.35807877	0.000603757000554
3866.67223804	0.000599182348116
3866.9863973	0.000593611643494
3867.30055657	0.000584804113174
3867.61471583	0.000571126133107
3867.9288751	0.000552418651979
3868.24303437	0.000529815951428
3868.55719363	0.00050420075015
3868.8713529	0.000475455917928
3869.18551216	0.000442972918472
3869.49967143	0.000406478167276
3869.81383069	0.000366349508078
3870.12798996	0.000323565868537
3870.44214922	0.000278767555925
3870.75630849	0.000232101232855
3871.07046775	0.000183531243238
3871.38462702	0.000133029835969
3871.69878628	8.12512376657e-05
3872.01294555	2.98401491829e-05
3872.32710481	-2.00462350719e-05
3872.64126408	-6.86276532739e-05
3872.95542335	-0.000116351227373
3873.26958261	-0.000163431884364
3873.58374188	-0.000210022640226
3873.89790114	-0.000256230105513
3874.21206041	-0.00030206869252
3874.52621967	-0.000347339898491
3874.84037894	-0.00039176444475
3875.1545382	-0.000435281006035
3875.46869747	-0.000477950078971
3875.78285673	-0.000519057647455
3876.097016	-0.000556816771385
3876.41117526	-0.000589787534577
3876.72533453	-0.000618675729438
3877.0394938	-0.000645264088949
3877.35365306	-0.000669267706607
3877.66781233	-0.000688997528189
3877.98197159	-0.000704689350361
3878.29613086	-0.000717709971629
3878.61029012	-0.000728941442999
3878.92444939	-0.000738308444819
3879.23860865	-0.000745013449809
3879.55276792	-0.000748763279173
3879.86692718	-0.000748361870034
3880.18108645	-0.000742591012903
3880.49524571	-0.000730746209436
3880.80940498	-0.00071332981483
3881.12356425	-0.00069153675808
3881.43772351	-0.000667508411138
3881.75188278	-0.000642750768393
3882.06604204	-0.000617988514582
3882.38020131	-0.000593501883494
3882.69436057	-0.000569746510803
3883.00851984	-0.000547812031794
3883.3226791	-0.000528539208905
3883.63683837	-0.000512193166556
3883.95099763	-0.000497820067305
3884.2651569	-0.000483567432455
3884.57931616	-0.000468406721011
3884.89347543	-0.000451964631657
3885.20763469	-0.00043420581396
3885.52179396	-0.000415468802396
3885.83595323	-0.00039574767999
3886.15011249	-0.000375361282652
3886.46427176	-0.000354456466343
3886.77843102	-0.000333784073199
3887.09259029	-0.000313989241553
3887.40674955	-0.000295699059172
3887.72090882	-0.000278354070116
3888.03506808	-0.000260941889062
3888.34922735	-0.000242628149292
3888.66338661	-0.000223109650789
3888.97754588	-0.000202246950963
3889.29170514	-0.00018034464514
3889.60586441	-0.000157277366297
3889.92002368	-0.00013287903814
3890.23418294	-0.000107296067487
3890.54834221	-8.14634205436e-05
3890.86250147	-5.61087688119e-05
3891.17666074	-3.16632227535e-05
3891.49082	-8.58959506145e-06
3891.80497927	1.35142782063e-05
3892.11913853	3.60624022204e-05
3892.4332978	6.09763516374e-05
3892.74745706	8.9500854827e-05
3893.06161633	0.00012029276366
3893.37577559	0.000150922417512
3893.68993486	0.000179537213046
3894.00409412	0.000205372523517
3894.31825339	0.000229048285108
3894.63241266	0.000251251419699
3894.94657192	0.000272320834892
3895.26073119	0.00029226529174
3895.57489045	0.000311117296015
3895.88904972	0.000329579635428
3896.20320898	0.000348188716061
3896.51736825	0.000366524924816
3896.83152751	0.000383947063686
3897.14568678	0.000400849201502
3897.45984604	0.00041790464919
3897.77400531	0.000435791869316
3898.08816457	0.00045487740086
3898.40232384	0.000475343693631
3898.71648311	0.000496803832719
3899.03064237	0.000518146205223
3899.34480164	0.000537726511101
3899.6589609	0.000554274237926
3899.97312017	0.000568954428811
3900.28727943	0.000583014775566
3900.6014387	0.000597025629391
3900.91559796	0.00061049990223
3901.22975723	0.000622694683191
3901.54391649	0.000632804561144
3901.85807576	0.000641331597387
3902.17223502	0.000649419537177
3902.48639429	0.000657066177925
3902.80055355	0.000662674363592
3903.11471282	0.000664361605269
3903.42887209	0.000661853636091
3903.74303135	0.000656194115303
3904.05719062	0.000648518976721
3904.37134988	0.000638623379969
3904.68550915	0.000625453958384
3904.99966841	0.000608983009163
3905.31382768	0.000590002068276
3905.62798694	0.000569179215077
3905.94214621	0.000546499374284
3906.25630547	0.00052122265107
3906.57046474	0.000492779602787
3906.884624	0.000460901543362
3907.19878327	0.000425500209157
3907.51294254	0.000387581071546
3907.8271018	0.000348944529703
3908.14126107	0.000310932856307
3908.45542033	0.000272782515976
3908.7695796	0.00023350110349
3909.08373886	0.000192646752856
3909.39789813	0.000150013412848
3909.71205739	0.000105592501355
3910.02621666	5.926671555e-05
3910.34037592	1.11861625278e-05
3910.65453519	-3.89367706291e-05
3910.96869445	-9.16093013653e-05
3911.28285372	-0.00014666341117
3911.59701298	-0.00020235065233
3911.91117225	-0.000256128878296
3912.22533152	-0.000306880346294
3912.53949078	-0.000354700393413
3912.85365005	-0.000399625252149
3913.16780931	-0.00044147089502
3913.48196858	-0.000480432552222
3913.79612784	-0.000517086307219
3914.11028711	-0.000552097967899
3914.42444637	-0.000586126224172
3914.73860564	-0.000619326982634
3915.0527649	-0.000651180019199
3915.36692417	-0.000680063370791
3915.68108343	-0.000703517717087
3915.9952427	-0.000719624952108
3916.30940197	-0.000728124957639
3916.62356123	-0.00072992020651
3916.9377205	-0.00072613203979
3917.25187976	-0.00071867450459
3917.56603903	-0.000709362683146
3917.88019829	-0.00069903206968
3918.19435756	-0.000688251246809
3918.50851682	-0.000676874358553
3918.82267609	-0.000664348756211
3919.13683535	-0.000650910760997
3919.45099462	-0.000636314795439
3919.76515388	-0.000620592051415
3920.07931315	-0.000603378083232
3920.39347241	-0.000584822581351
3920.70763168	-0.000565407395577
3921.02179095	-0.000544774878749
3921.33595021	-0.000522525245173
3921.65010948	-0.000498223460704
3921.96426874	-0.000472150834536
3922.27842801	-0.000444915670501
3922.59258727	-0.000417702614394
3922.90674654	-0.000392639165144
3923.2209058	-0.000370749653662
3923.53506507	-0.000351479856105
3923.84922433	-0.000333747197517
3924.1633836	-0.000317160212936
3924.47754286	-0.000301015088651
3924.79170213	-0.000284493397901
3925.1058614	-0.000266572518251
3925.42002066	-0.000247010298166
3925.73417993	-0.000226011409099
3926.04833919	-0.000204166062682
3926.36249846	-0.000182563789302
3926.67665772	-0.000162581105196
3926.99081699	-0.000144558176022
3927.30497625	-0.000127247300379
3927.61913552	-0.000108728405682
3927.93329478	-8.85582100942e-05
3928.24745405	-6.72059380901e-05
3928.56161331	-4.56418971221e-05
3928.87577258	-2.41723866862e-05
3929.18993184	-2.5409099979e-06
3929.50409111	2.01655765485e-05
3929.81825038	4.50269809197e-05
3930.13240964	7.16164971749e-05
3930.44656891	9.84037763801e-05
3930.76072817	0.000123472726805
3931.07488744	0.000146219370497
3931.3890467	0.000167739428598
3931.70320597	0.000189338341411
3932.01736523	0.000211219321379
3932.3315245	0.000232681729599
3932.64568376	0.000252750753703
3932.95984303	0.000271585988682
3933.27400229	0.000290081309376
3933.58816156	0.00030939323248
3933.90232083	0.000329950527785
3934.21648009	0.00035128239064
3934.53063936	0.000372455043328
3934.84479862	0.00039265412332
3935.15895789	0.000411967766345
3935.47311715	0.000431554924216
3935.78727642	0.000452263131202
3936.10143568	0.000474168624733
3936.41559495	0.000496727685944
3936.72975421	0.000518977026981
3937.04391348	0.000540091893664
3937.35807274	0.000559545002624
3937.67223201	0.000577024826249
3937.98639127	0.000592427744141
3938.30055054	0.00060525236034
3938.61470981	0.000614729130929
3938.92886907	0.000620465507387
3939.24302834	0.000623331876103
3939.5571876	0.000624792709057
3939.87134687	0.000626291395626
3940.18550613	0.000629800894806
3940.4996654	0.000633804829215
3940.81382466	0.000634613939952
3941.12798393	0.000630065186688
3941.44214319	0.000620719021629
3941.75630246	0.00060814164946
3942.07046172	0.00059360605465
3942.38462099	0.000577861597275
3942.69878026	0.000560475851998
3943.01293952	0.000541195380731
3943.32709879	0.000521516910399
3943.64125805	0.000502531431564
3943.95541732	0.000483781801699
3944.26957658	0.000463429031284
3944.58373585	0.000439434888906
3944.89789511	0.000411389419105
3945.21205438	0.000379496034327
3945.52621364	0.000344306367312
3945.84037291	0.000305981491787
3946.15453217	0.00026424784636
3946.46869144	0.000218724670741
3946.78285071	0.000169462031844
3947.09700997	0.000118251459646
3947.41116924	6.75650414982e-05
3947.7253285	1.86693484395e-05
3948.03948777	-2.82992607361e-05
3948.35364703	-7.39527023184e-05
3948.6678063	-0.000118477881596
3948.98196556	-0.000162097304892
3949.29612483	-0.000204883264738
3949.61028409	-0.000247609388166
3949.92444336	-0.000290778319853
3950.23860262	-0.000335324996326
3950.55276189	-0.000382456026198
3950.86692115	-0.000431335195154
3951.18108042	-0.000479282667712
3951.49523969	-0.000523831923333
3951.80939895	-0.00056331308784
3952.12355822	-0.000597183907381
3952.43771748	-0.000625393204279
3952.75187675	-0.000648072993782
3953.06603601	-0.000665686274353
3953.38019528	-0.00067964871015
3953.69435454	-0.000690679965918
3954.00851381	-0.000699220019526
3954.32267307	-0.000706085269284
3954.63683234	-0.000711899335828
3954.9509916	-0.000716053282655
3955.26515087	-0.00071690818353
3955.57931014	-0.000713875471162
3955.8934694	-0.000707181654425
3956.20762867	-0.000696667967303
3956.52178793	-0.000682040554218
3956.8359472	-0.000663778671704
3957.15010646	-0.000642924955251
3957.46426573	-0.000620435652769
3957.77842499	-0.000597484861466
3958.09258426	-0.000575619859556
3958.40674352	-0.000556443407865
3958.72090279	-0.000540144292347
3959.03506205	-0.000524768619623
3959.34922132	-0.000508073664882
3959.66338058	-0.000489174315185
3959.97753985	-0.000468293705684
3960.29169912	-0.000445682639369
3960.60585838	-0.000421497586417
3960.92001765	-0.000395895034823
3961.23417691	-0.000369043406306
3961.54833618	-0.000340808293315
3961.86249544	-0.000311640595521
3962.17665471	-0.000283249611111
3962.49081397	-0.00025731377409
3962.80497324	-0.000233639496087
3963.1191325	-0.000209994968891
3963.43329177	-0.000185492040497
3963.74745103	-0.000160463742816
3964.0616103	-0.000136090273556
3964.37576957	-0.000112762254027
3964.68992883	-9.08656828615e-05
3965.0040881	-6.98343831184e-05
3965.31824736	-4.88499333312e-05
3965.63240663	-2.75967894868e-05
3965.94656589	-6.93341084125e-06
3966.26072516	1.15068183182e-05
3966.57488442	2.73588024115e-05
3966.88904369	4.17299068395e-05
3967.20320295	5.67025690716e-05
3967.51736222	7.33403045014e-05
3967.83152148	9.17021443721e-05
3968.14568075	0.000111633569072
3968.45984001	0.000132584638937
3968.77399928	0.000154308384603
3969.08815855	0.000176237398258
3969.40231781	0.000197904745233
3969.71647708	0.000218470788687
3970.03063634	0.000237174899103
3970.34479561	0.00025435707202
3970.65895487	0.000271407641314
3970.97311414	0.000290490418371
3971.2872734	0.000311969117992
3971.60143267	0.000334538916623
3971.91559193	0.000357222499613
3972.2297512	0.000379313882105
3972.54391046	0.000400957166437
3972.85806973	0.000421941960555
3973.172229	0.000442480216786
3973.48638826	0.000462356742892
3973.80054753	0.000481021535382
3974.11470679	0.000497351145529
3974.42886606	0.000510912944506
3974.74302532	0.000522833027024
3975.05718459	0.000534460638068
3975.37134385	0.000546211383332
3975.68550312	0.000557885830342
3975.99966238	0.000569270240451
3976.31382165	0.00057977661793
3976.62798091	0.00058853232714
3976.94214018	0.00059483511323
3977.25629944	0.000598094550999
3977.57045871	0.000597846109086
3977.88461798	0.000593694062593
3978.19877724	0.000586401230937
3978.51293651	0.000577089510303
3978.82709577	0.000566670365711
3979.14125504	0.000555770564006
3979.4554143	0.000544620354317
3979.76957357	0.000533122028964
3980.08373283	0.000520384751087
3980.3978921	0.000505031439573
3980.71205136	0.000486566618723
3981.02621063	0.000465387007527
3981.34036989	0.000441951504371
3981.65452916	0.000416754201084
3981.96868843	0.000389071406327
3982.28284769	0.000357746403543
3982.59700696	0.000322811497004
3982.91116622	0.000285933423448
3983.22532549	0.000248245666293
3983.53948475	0.000210009015582
3983.85364402	0.000170872771376
3984.16780328	0.000130888451448
3984.48196255	9.03733198985e-05
3984.79612181	4.96469371922e-05
3985.11028108	8.80254602312e-06
3985.42444034	-3.24614387054e-05
3985.73859961	-7.441929931e-05
3986.05275887	-0.00011771628367
3986.36691814	-0.000162316307901
3986.68107741	-0.000207146014594
3986.99523667	-0.000250733814664
3987.30939594	-0.000292628849711
3987.6235552	-0.000332861093326
3987.93771447	-0.000371456204347
3988.25187373	-0.000408246348302
3988.566033	-0.000442587841943
3988.88019226	-0.000474114296787
3989.19435153	-0.000503415898893
3989.50851079	-0.000531467875362
3989.82267006	-0.000558922882788
3990.13682932	-0.000585667461226
3990.45098859	-0.00061018026435
3990.76514786	-0.000630430695452
3991.07930712	-0.000645391126709
3991.39346639	-0.000655554350851
3991.70762565	-0.000662316895757
3992.02178492	-0.000666592019529
3992.33594418	-0.000669047171341
3992.65010345	-0.000669694296533
3992.96426271	-0.000668729806892
3993.27842198	-0.000666387203891
3993.59258124	-0.000663687062853
3993.90674051	-0.000661414796578
3994.22089977	-0.000659375967901
3994.53505904	-0.000656001177693
3994.8492183	-0.000649815924
3995.16337757	-0.000640974911175
3995.47753684	-0.000630318423908
3995.7916961	-0.0006182382345
3996.10585537	-0.000604689287429
3996.42001463	-0.000589166840143
3996.7341739	-0.000570802791406
3997.04833316	-0.000549653546781
3997.36249243	-0.000526411454187
3997.67665169	-0.000502091569728
3997.99081096	-0.000477830886294
3998.30497022	-0.000454031086463
3998.61912949	-0.000429735898692
3998.93328875	-0.000404176413133
3999.24744802	-0.000377740671749
3999.56160729	-0.000351047110646
3999.87576655	-0.000324518721756
4000.18992582	-0.000297911615119
4000.50408508	-0.000271384348282
4000.81824435	-0.000244967116378
4001.13240361	-0.000218913860605
4001.44656288	-0.000193354096084
4001.76072214	-0.000168975054735
4002.07488141	-0.000146022653654
4002.38904067	-0.000123672169522
4002.70319994	-0.000101016983851
4003.0173592	-7.81783841709e-05
4003.33151847	-5.58446278798e-05
4003.64567774	-3.45667359558e-05
4003.959837	-1.43546742608e-05
4004.27399627	5.48518682222e-06
4004.58815553	2.56970148777e-05
4004.9023148	4.65541326417e-05
4005.21647406	6.77462098965e-05
4005.53063333	8.81312202867e-05
4005.84479259	0.000107014342529
4006.15895186	0.000124755074203
4006.47311112	0.000143396156028
4006.78727039	0.000164361632997
4007.10142965	0.000187122504739
4007.41558892	0.000210241424242
4007.72974818	0.000232761400089
4008.04390745	0.000254362807314
4008.35806672	0.000275062309289
4008.67222598	0.000294814664751
4008.98638525	0.000314199585496
4009.30054451	0.000333937452214
4009.61470378	0.000353085588547
4009.92886304	0.000370420492245
4010.24302231	0.000386499579193
4010.55718157	0.000402600626428
4010.87134084	0.000419730777503
4011.1855001	0.000438225650935
4011.49965937	0.000457773512198
4011.81381863	0.000477923396281
4012.1279779	0.000498161997279
4012.44213717	0.000517999746875
4012.75629643	0.000536762904987
4013.0704557	0.000553438902784
4013.38461496	0.000566799699341
4013.69877423	0.000576103693953
4014.01293349	0.000581828102476
4014.32709276	0.000585533478929
4014.64125202	0.000588712237682
4014.95541129	0.000591849677216
4015.26957055	0.000595071023059
4015.58372982	0.000598441855398
4015.89788908	0.000601555740143
4016.21204835	0.00060310701333
4016.52620761	0.000602058573475
4016.84036688	0.000597940068096
4017.15452615	0.000590115895078
4017.46868541	0.000577624298489
4017.78284468	0.000560035757591
4018.09700394	0.000538354180071
4018.41116321	0.000514094865425
4018.72532247	0.000488453672481
4019.03948174	0.000461970402789
4019.353641	0.000433988031724
4019.66780027	0.000403916460402
4019.98195953	0.000372020560624
4020.2961188	0.000338707528758
4020.61027806	0.000303896732695
4020.92443733	0.000266592912878
4021.2385966	0.000225407755113
4021.55275586	0.000179398883835
4021.86691513	0.000129586457278
4022.18107439	7.8717826464e-05
4022.49523366	2.92673708918e-05
4022.80939292	-1.81825385686e-05
4023.12355219	-6.41631544065e-05
4023.43771145	-0.000109440308381
4023.75187072	-0.00015433611627
4024.06602998	-0.000198264859613
4024.38018925	-0.0002404677036
4024.69434851	-0.000280245565469
4025.00850778	-0.000318036354041
4025.32266704	-0.000355458676643
4025.63682631	-0.000393053481929
4025.95098558	-0.000429645304865
4026.26514484	-0.000463545925859
4026.57930411	-0.000494492911368
4026.89346337	-0.000522862826464
4027.20762264	-0.000549182592078
4027.5217819	-0.000573506473684
4027.83594117	-0.000595680162912
4028.15010043	-0.000615419552252
4028.4642597	-0.000632619459459
4028.77841896	-0.000647443450709
4029.09257823	-0.000660112761685
4029.40673749	-0.000671051537081
4029.72089676	-0.000679967061288
4030.03505603	-0.000686110834606
4030.34921529	-0.000689034923102
4030.66337456	-0.000689280430474
4030.97753382	-0.000687639753742
4031.29169309	-0.000684511022272
4031.60585235	-0.00068000827434
4031.92001162	-0.000673736756001
4032.23417088	-0.000665328075516
4032.54833015	-0.000654733769725
4032.86248941	-0.000642645419087
4033.17664868	-0.000630178382524
4033.49080794	-0.000617618547262
4033.80496721	-0.000604077996123
4034.11912647	-0.000588855542113
4034.43328574	-0.000572003604056
4034.74744501	-0.000553888460793
4035.06160427	-0.000534499297254
4035.37576354	-0.000514101515044
4035.6899228	-0.000492561011055
4036.00408207	-0.000469644872255
4036.31824133	-0.000444948383275
4036.6324006	-0.000419625497194
4036.94655986	-0.000395481479436
4037.26071913	-0.000374131693888
4037.57487839	-0.000355330440272
4037.88903766	-0.000337319272309
4038.20319692	-0.000318555153161
4038.51735619	-0.000298302610531
4038.83151546	-0.000276282073596
4039.14567472	-0.000252369033814
4039.45983399	-0.000226490410012
4039.77399325	-0.000198702646781
4040.08815252	-0.000169279862864
4040.40231178	-0.000138722229434
4040.71647105	-0.000108042028597
4041.03063031	-7.8088529203e-05
4041.34478958	-4.98181039758e-05
4041.65894884	-2.27596842713e-05
4041.97310811	4.72104999286e-06
4042.28726737	3.35570288228e-05
4042.60142664	6.3559946629e-05
4042.9155859	9.35229008096e-05
4043.22974517	0.000122024727112
4043.54390444	0.00014828212112
4043.8580637	0.000173083995746
4044.17222297	0.000198017558524
4044.48638223	0.00022276733171
4044.8005415	0.000245478110996
4045.11470076	0.000264675229382
4045.42886003	0.00028009339444
4045.74301929	0.000293538208287
4046.05717856	0.000307921479482
4046.37133782	0.000324242592942
4046.68549709	0.000341782380018
4046.99965635	0.000359264410771
4047.31381562	0.000376551630105
4047.62797489	0.000393845289243
4047.94213415	0.000411530676303
4048.25629342	0.000429528059271
4048.57045268	0.000447231042146
4048.88461195	0.000463934466044
4049.19877121	0.000478898293387
4049.51293048	0.000492285266454
4049.82708974	0.000505255932017
4050.14124901	0.000518860296687
4050.45540827	0.000533212139821
4050.76956754	0.000547513419488
4051.0837268	0.000560992322077
4051.39788607	0.000573342971533
4051.71204533	0.000584560697771
4052.0262046	0.000594403015199
4052.34036387	0.000602285991447
4052.65452313	0.000607754003301
4052.9686824	0.000610451005644
4053.28284166	0.000610408841755
4053.59700093	0.000608279077192
4053.91116019	0.000605082078868
4054.22531946	0.000600988600362
4054.53947872	0.00059557804768
4054.85363799	0.000588259810285
4055.16779725	0.00057849115228
4055.48195652	0.000565978267282
4055.79611578	0.000550586966057
4056.11027505	0.00053212459056
4056.42443432	0.000510281921858
4056.73859358	0.000484597533664
4057.05275285	0.000455003371735
4057.36691211	0.000421770034563
4057.68107138	0.00038559304511
4057.99523064	0.000346949949618
4058.30938991	0.000305736830486
4058.62354917	0.0002622460566
4058.93770844	0.000217531373407
4059.2518677	0.000172438429827
4059.56602697	0.000127283913904
4059.88018623	8.21966537011e-05
4060.1943455	3.73993233187e-05
4060.50850477	-7.06565832945e-06
4060.82266403	-5.18939419108e-05
4061.1368233	-9.84054245729e-05
4061.45098256	-0.000146740588525
4061.76514183	-0.000195296427884
4062.07930109	-0.000241781789269
4062.39346036	-0.000284529802181
4062.70761962	-0.000323583765062
4063.02177889	-0.000360645498328
4063.33593815	-0.000397211510744
4063.65009742	-0.000433514631222
4063.96425668	-0.000468884363058
4064.27841595	-0.000502077622588
4064.59257521	-0.00053226739736
4064.90673448	-0.0005590467776
4065.22089375	-0.000582031547708
4065.53505301	-0.000600504188252
4065.84921228	-0.000613893264292
4066.16337154	-0.000622573077765
4066.47753081	-0.000627775131492
4066.79169007	-0.000630755134705
4067.10584934	-0.0006324461369
4067.4200086	-0.000633201504053
4067.73416787	-0.000632978858327
4068.04832713	-0.000632061280926
4068.3624864	-0.000630466737758
4068.67664566	-0.000628856650017
4068.99080493	-0.000627364215694
4069.3049642	-0.000625432718888
4069.61912346	-0.000621944725103
4069.93328273	-0.000615906653143
4070.24744199	-0.000607221354954
4070.56160126	-0.000596082857433
4070.87576052	-0.000582760170038
4071.18991979	-0.000567926072891
4071.50407905	-0.000552283079908
4071.81823832	-0.000535969122788
4072.13239758	-0.000519840097047
4072.44655685	-0.000504185055159
4072.76071611	-0.000489535488079
4073.07487538	-0.000475911730072
4073.38903464	-0.000461878459154
4073.70319391	-0.000445744543225
4074.01735318	-0.000426676483792
4074.33151244	-0.000405314747624
4074.64567171	-0.00038274757553
4074.95983097	-0.000359996582419
4075.27399024	-0.000337436024733
4075.5881495	-0.000315055195525
4075.90230877	-0.000292678025995
4076.21646803	-0.000270571014361
4076.5306273	-0.000249079178022
4076.84478656	-0.000228570052115
4077.15894583	-0.000208906950926
4077.47310509	-0.000189484746345
4077.78726436	-0.000169010223316
4078.10142363	-0.000146795785963
4078.41558289	-0.000122349696857
4078.72974216	-9.64119715537e-05
4079.04390142	-7.03537307681e-05
4079.35806069	-4.54818929256e-05
4079.67221995	-2.17857306198e-05
4079.98637922	1.04892683496e-06
4080.30053848	2.32063950912e-05
4080.61469775	4.47395181355e-05
4080.92885701	6.54706221407e-05
4081.24301628	8.58794264827e-05
4081.55717554	0.000106528286266
4081.87133481	0.000127942834359
4082.18549407	0.000149802301698
4082.49965334	0.000171677883165
4082.81381261	0.000193741436076
4083.12797187	0.000216483128265
4083.44213114	0.000239798821705
4083.7562904	0.000262842985104
4084.07044967	0.00028450303758
4084.38460893	0.000303905444383
4084.6987682	0.000321299124328
4085.01292746	0.000338244266951
4085.32708673	0.00035608481977
4085.64124599	0.000375359128365
4085.95540526	0.000395668955977
4086.26956452	0.000417090710533
4086.58372379	0.00043913644864
4086.89788306	0.000461209712144
4087.21204232	0.000483052488598
4087.52620159	0.000504873361656
4087.84036085	0.000527043968779
4088.15452012	0.000548416379256
4088.46867938	0.000567095339586
4088.78283865	0.000581596869468
4089.09699791	0.000591966714434
4089.41115718	0.000599303882033
4089.72531644	0.000605199190421
4090.03947571	0.000610642187463
4090.35363497	0.000615922541604
4090.66779424	0.000620816484355
4090.9819535	0.000625002504627
4091.29611277	0.000628187456272
4091.61027204	0.000630020441595
4091.9244313	0.000629911745835
4092.23859057	0.000627230571738
4092.55274983	0.000620928085342
4092.8669091	0.000610521559339
4093.18106836	0.00059613975386
4093.49522763	0.000578735800035
4093.80938689	0.000558730776453
4094.12354616	0.000536107606529
4094.43770542	0.000510627458469
4094.75186469	0.000482023956944
4095.06602395	0.000450637021931
4095.38018322	0.0004170819533
4095.69434249	0.000382361294438
4096.00850175	0.00034759203055
4096.32266102	0.00031230612539
4096.63682028	0.000275181250076
4096.95097955	0.000234874890719
4097.26513881	0.000191354486018
4097.57929808	0.000145886698555
4097.89345734	9.9676227528e-05
4098.20761661	5.34214605678e-05
4098.52177587	7.44498902726e-06
4098.83593514	-3.79540512896e-05
4099.1500944	-8.29651481952e-05
4099.46425367	-0.000126926330712
4099.77841293	-0.000170141920093
4100.0925722	-0.000213058719912
4100.40673147	-0.000255968236178
4100.72089073	-0.000298874686326
4101.03505	-0.000341143249031
4101.34920926	-0.000381387491985
4101.66336853	-0.000418526147717
4101.97752779	-0.000452327079525
4102.29168706	-0.00048319141939
4102.60584632	-0.000511475561398
4102.92000559	-0.000537215906989
4103.23416485	-0.000560474078546
4103.54832412	-0.000581206322103
4103.86248338	-0.000599316617159
4104.17664265	-0.000614524285985
4104.49080192	-0.000627141215086
4104.80496118	-0.000637714601919
4105.11912045	-0.000646135125152
4105.43327971	-0.000651424245162
4105.74743898	-0.000652965964262
4106.06159824	-0.000651384565967
4106.37575751	-0.000647536746642
4106.68991677	-0.00064152782877
4107.00407604	-0.000633460072977
4107.3182353	-0.000623587163199
4107.63239457	-0.000612555634042
4107.94655383	-0.000600739834688
4108.2607131	-0.000588860524956
4108.57487236	-0.000577648046664
4108.88903163	-0.000567138108414
4109.2031909	-0.000556388661263
4109.51735016	-0.000544405090162
4109.83150943	-0.000530811817384
4110.14566869	-0.00051610046219
4110.45982796	-0.000499926444598
4110.77398722	-0.000480170000465
4111.08814649	-0.000456364831996
4111.40230575	-0.000431951413846
4111.71646502	-0.000409629525116
4112.03062428	-0.000390250365749
4112.34478355	-0.000373490112748
4112.65894281	-0.000358304443374
4112.97310208	-0.000342943791028
4113.28726135	-0.000325703868359
4113.60142061	-0.000305460224237
4113.91557988	-0.000282026546448
4114.22973914	-0.000255954177826
4114.54389841	-0.000228092299366
4114.85805767	-0.000199485354113
4115.17221694	-0.000171416381591
4115.4863762	-0.00014450199372
4115.80053547	-0.000118681504488
4116.11469473	-9.41051333797e-05
4116.428854	-7.10848521546e-05
4116.74301326	-4.97397825037e-05
4117.05717253	-2.92123113066e-05
4117.3713318	-8.28289461208e-06
4117.68549106	1.36411152347e-05
4117.99965033	3.67129257886e-05
4118.31380959	6.04814401055e-05
4118.62796886	8.46168218654e-05
4118.94212812	0.000108688403546
4119.25628739	0.000132405909032
4119.57044665	0.00015540247135
4119.88460592	0.000176812309814
4120.19876518	0.000195741169848
4120.51292445	0.000211289670131
4120.82708371	0.000223418772581
4121.14124298	0.000234626258266
4121.45540224	0.000249135301641
4121.76956151	0.000267717805755
4122.08372078	0.000287820725345
4122.39788004	0.000306339687242
4122.71203931	0.000323376884833
4123.02619857	0.000340530372781
4123.34035784	0.000359826418319
4123.6545171	0.00038223677822
4123.96867637	0.000407129534143
4124.28283563	0.000433122547349
4124.5969949	0.000459227883133
4124.91115416	0.000484965833441
4125.22531343	0.000510047603496
4125.53947269	0.000533971201686
4125.85363196	0.000555775428282
4126.16779123	0.000574511132995
4126.48195049	0.00058975343778
4126.79610976	0.000601543231063
4127.11026902	0.000610305609311
4127.42442829	0.000616458361346
4127.73858755	0.000620397384317
4128.05274682	0.000622093901555
4128.36690608	0.000621186312249
4128.68106535	0.000617665572707
4128.99522461	0.000612037553022
4129.30938388	0.000604576650287
4129.62354314	0.000594892784906
4129.93770241	0.000582143213251
4130.25186167	0.000565745456977
4130.56602094	0.000546431981719
4130.88018021	0.000524860594585
4131.19433947	0.000501546630829
4131.50849874	0.000476494663615
4131.822658	0.000450082931467
4132.13681727	0.00042214018394
4132.45097653	0.000392556889881
4132.7651358	0.000361181116062
4133.07929506	0.000328373915272
4133.39345433	0.000294745606194
4133.70761359	0.000260894760814
4134.02177286	0.000227019254434
4134.33593212	0.000192737210317
4134.65009139	0.000157827083768
4134.96425066	0.000121989344495
4135.27840992	8.5852879539e-05
4135.59256919	4.93594261103e-05
4135.90672845	1.2844695907e-05
4136.22088772	-2.40472174016e-05
4136.53504698	-6.26918168429e-05
4136.84920625	-0.000103577915561
4137.16336551	-0.000145920789296
4137.47752478	-0.00018843866563
4137.79168404	-0.000230188265292
4138.10584331	-0.000270889807197
4138.42000257	-0.000310156611555
4138.73416184	-0.000347715229223
4139.0483211	-0.00038320960434
4139.36248037	-0.00041671510597
4139.67663964	-0.000447901193141
4139.9907989	-0.00047695171272
4140.30495817	-0.000504394868923
4140.61911743	-0.000530570690391
4140.9332767	-0.000554471501545
4141.24743596	-0.000574506405241
4141.56159523	-0.000589697769672
4141.87575449	-0.000600808869026
4142.18991376	-0.000609119313725
4142.50407302	-0.000615015525721
4142.81823229	-0.000618510698869
4143.13239155	-0.000619695159627
4143.44655082	-0.000618862982616
4143.76071009	-0.000616957298586
4144.07486935	-0.000614532837589
4144.38902862	-0.000612458956422
4144.70318788	-0.000610318903527
4145.01734715	-0.000606448368099
4145.33150641	-0.000598897822647
4145.64566568	-0.000587630102575
4145.95982494	-0.000573697876313
4146.27398421	-0.000558160520036
4146.58814347	-0.000541438862373
4146.90230274	-0.000523506574939
4147.216462	-0.000504382666985
4147.53062127	-0.000484037307506
4147.84478053	-0.000462734999081
4148.1589398	-0.000441327381766
4148.47309907	-0.000420528205277
4148.78725833	-0.0004006646056
4149.1014176	-0.000381440628792
4149.41557686	-0.000362050889171
4149.72973613	-0.000342060439275
4150.04389539	-0.000321347366092
4150.35805466	-0.00029892260302
4150.67221392	-0.00027462126223
4150.98637319	-0.000249383258647
4151.30053245	-0.0002247723353
4151.61469172	-0.000201142310132
4151.92885098	-0.000178567040693
4152.24301025	-0.000157074324857
4152.55716952	-0.000136802014727
4152.87132878	-0.000117135659179
4153.18548805	-9.70539791971e-05
4153.49964731	-7.57229749926e-05
4153.81380658	-5.3495080356e-05
4154.12796584	-3.09665564816e-05
4154.44212511	-8.8949153473e-06
4154.75628437	1.23969012161e-05
4155.07044364	3.27121365833e-05
4155.3846029	5.21858471529e-05
4155.69876217	7.06379338161e-05
4156.01292143	8.80894175955e-05
4156.3270807	0.000104162211864
4156.64123996	0.000119011689982
4156.95539923	0.000133612241648
4157.2695585	0.000148708803798
4157.58371776	0.000164716855089
4157.89787703	0.000181454981773
4158.21203629	0.000199194648202
4158.52619556	0.000218165767149
4158.84035482	0.000238270145919
4159.15451409	0.000259536577685
4159.46867335	0.000281919141664
4159.78283262	0.000304553941582
4160.09699188	0.000326025558108
4160.41115115	0.000345257989417
4160.72531041	0.000362605195724
4161.03946968	0.000379631520283
4161.35362895	0.000398092995247
4161.66778821	0.000418484788983
4161.98194748	0.000439625642388
4162.29610674	0.000459690865471
4162.61026601	0.000477519760898
4162.92442527	0.000492872198817
4163.23858454	0.000506405310151
4163.5527438	0.00051881816936
4163.86690307	0.000530178952699
4164.18106233	0.000540161880211
4164.4952216	0.000548338852654
4164.80938086	0.000554988854642
4165.12354013	0.000560770386708
4165.43769939	0.000565869701414
4165.75185866	0.000569895489493
4166.06601793	0.000572253243051
4166.38017719	0.000572330957609
4166.69433646	0.000569875938076
4167.00849572	0.000564670934952
4167.32265499	0.000556642130716
4167.63681425	0.000545606714633
4167.95097352	0.000531372566622
4168.26513278	0.000514136428934
4168.57929205	0.000495019590189
4168.89345131	0.000474671850498
4169.20761058	0.000452672624736
4169.52176984	0.000428021887613
4169.83592911	0.000400549659715
4170.15008838	0.000371134382303
4170.46424764	0.000340555737625
4170.77840691	0.000308516710323
4171.09256617	0.000274763352563
4171.40672544	0.000238906718457
4171.7208847	0.00020113002096
4172.03504397	0.000161490792909
4172.34920323	0.000119840006915
4172.6633625	7.67690531391e-05
4172.97752176	3.38974981663e-05
4173.29168103	-7.55193977911e-06
4173.60584029	-4.73662767646e-05
4173.91999956	-8.60846550063e-05
4174.23415883	-0.000124448577694
4174.54831809	-0.000162595302039
4174.86247736	-0.000200535348878
4175.17663662	-0.000238058826187
4175.49079589	-0.000275120133435
4175.80495515	-0.000311770287049
4176.11911442	-0.000348586546148
4176.43327368	-0.000385758727025
4176.74743295	-0.000422408587531
4177.06159221	-0.000456843675453
4177.37575148	-0.000487744967624
4177.68991074	-0.000514939514597
4178.00407001	-0.000538977203612
4178.31822927	-0.000560045552377
4178.63238854	-0.000577887188164
4178.94654781	-0.000592583046761
4179.26070707	-0.000604560296826
4179.57486634	-0.000614419720942
4179.8890256	-0.000623123225426
4180.20318487	-0.000631476486565
4180.51734413	-0.00063938941811
4180.8315034	-0.000645588327984
4181.14566266	-0.000648723980521
4181.45982193	-0.000648596171243
4181.77398119	-0.000645797753739
4182.08814046	-0.000640995036243
4182.40229972	-0.000634773018363
4182.71645899	-0.000627293670674
4183.03061826	-0.000618880556278
4183.34477752	-0.000609615840971
4183.65893679	-0.000599435721032
4183.97309605	-0.000588752894489
4184.28725532	-0.000577679071684
4184.60141458	-0.000565232184081
4184.91557385	-0.000549902328528
4185.22973311	-0.000530807065368
4185.54389238	-0.000508609147205
4185.85805164	-0.00048431168066
4186.17221091	-0.000458456683805
4186.48637017	-0.000431533224939
4186.80052944	-0.000404361374305
4187.1146887	-0.000377943374708
4187.42884797	-0.000352829661194
4187.74300724	-0.000329553996606
4188.0571665	-0.000308797885162
4188.37132577	-0.000290311351726
4188.68548503	-0.000272217685859
4188.9996443	-0.000253028253991
4189.31380356	-0.000232292592629
4189.62796283	-0.000210605677758
4189.94212209	-0.000188390933322
4190.25628136	-0.000165553729876
4190.57044062	-0.000141824240318
4190.88459989	-0.000117320642623
4191.19875915	-9.19429834296e-05
4191.51291842	-6.62991162136e-05
4191.82707769	-4.1564784131e-05
4192.14123695	-1.90730622868e-05
4192.45539622	1.01267072157e-06
4192.76955548	1.99852034201e-05
4193.08371475	3.91811563338e-05
4193.39787401	5.91319835411e-05
4193.71203328	8.04990371341e-05
4194.02619254	0.000103814390192
4194.34035181	0.000128502896546
4194.65451107	0.000153456862565
4194.96867034	0.000177657105079
4195.2828296	0.000200437804718
4195.59698887	0.000221373980486
4195.91114813	0.000240129722604
4196.2253074	0.000257141140207
4196.53946667	0.000274222569796
4196.85362593	0.000292779423875
4197.1677852	0.000312525786393
4197.48194446	0.000332873139236
4197.79610373	0.000352866218915
4198.11026299	0.000372485438449
4198.42442226	0.000392102549792
4198.73858152	0.000411962929779
4199.05274079	0.000432433412418
4199.36690005	0.000453155134477
4199.68105932	0.000473407405913
4199.99521858	0.000492082565809
4200.30937785	0.000508828731499
4200.62353712	0.000524132211007
4200.93769638	0.000538819454229
4201.25185565	0.00055252822957
4201.56601491	0.000564628144602
4201.88017418	0.000574435663461
4202.19433344	0.000581957693119
4202.50849271	0.000587080908942
4202.82265197	0.000589835117705
4203.13681124	0.000589928039188
4203.4509705	0.00058746912744
4203.76512977	0.000582780459551
4204.07928903	0.000576247450379
4204.3934483	0.000568142437409
4204.70760756	0.000558796631015
4205.02176683	0.00054782130074
4205.3359261	0.000534912588345
4205.65008536	0.000519818696321
4205.96424463	0.000502749816903
4206.27840389	0.000484026689648
4206.59256316	0.000463917577589
4206.90672242	0.00044226153406
4207.22088169	0.000418515957141
4207.53504095	0.000392035384849
4207.84920022	0.000362085373105
4208.16335948	0.00032844211084
4208.47751875	0.000291525882231
4208.79167801	0.000251852041438
4209.10583728	0.000210450106146
4209.41999655	0.000170338499367
4209.73415581	0.000132565078259
4210.04831508	9.43873906667e-05
4210.36247434	5.34208307831e-05
4210.67663361	9.65278936474e-06
4210.99079287	-3.57702038408e-05
4211.30495214	-8.15859974485e-05
4211.6191114	-0.000126924422069
4211.93327067	-0.000171796445587
4212.24742993	-0.000215653667987
4212.5615892	-0.00025693406401
4212.87574846	-0.000294733434895
4213.18990773	-0.000329074086291
4213.50406699	-0.000360696378634
4213.81822626	-0.000390915175135
4214.13238553	-0.000420536639079
4214.44654479	-0.000449479467504
4214.76070406	-0.000477114027205
4215.07486332	-0.000503158640154
4215.38902259	-0.000527828007116
4215.70318185	-0.000551743000074
4216.01734112	-0.000575062101476
4216.33150038	-0.000597152183766
4216.64565965	-0.00061648766374
4216.95981891	-0.000632224127544
4217.27397818	-0.000644231839036
4217.58813744	-0.000653264770453
4217.90229671	-0.000659822585056
4218.21645598	-0.000664756665461
4218.53061524	-0.000668571101075
4218.84477451	-0.000671116663182
4219.15893377	-0.000670463155749
4219.47309304	-0.000664805136303
4219.7872523	-0.00065574662927
4220.10141157	-0.000646348763043
4220.41557083	-0.000637760647908
4220.7297301	-0.000629155917725
4221.04388936	-0.00061954573888
4221.35804863	-0.00060816916926
4221.67220789	-0.000594288153853
4221.98636716	-0.000577410790069
4222.30052642	-0.000557258159514
4222.61468569	-0.000534351648849
4222.92884496	-0.000509971049973
4223.24300422	-0.000485374598233
4223.55716349	-0.000461493111195
4223.87132275	-0.00043903859957
4224.18548202	-0.000418074478763
4224.49964128	-0.000397782389058
4224.81380055	-0.00037750349525
4225.12795981	-0.0003570099804
4225.44211908	-0.000336624461375
4225.75627834	-0.000316247926269
4226.07043761	-0.000295791165014
4226.38459687	-0.000274946215775
4226.69875614	-0.000253499643449
4227.01291541	-0.000231730403076
4227.32707467	-0.000210549669649
4227.64123394	-0.000190793447453
4227.9553932	-0.000172765100215
4228.26955247	-0.000155846263279
4228.58371173	-0.000139123574363
4228.897871	-0.000122141986762
4229.21203026	-0.000104222248233
4229.52618953	-8.43169884579e-05
4229.84034879	-6.21894123134e-05
4230.15450806	-3.87321053868e-05
4230.46866732	-1.51083415363e-05
4230.78282659	8.17086889198e-06
4231.09698585	3.1895820491e-05
4231.41114512	5.67548594745e-05
4231.72530439	8.2218318667e-05
4232.03946365	0.000107485121611
4232.35362292	0.000133000253799
4232.66778218	0.000159516306391
4232.98194145	0.000186929256975
4233.29610071	0.00021452476022
4233.61025998	0.000241935928547
4233.92441924	0.00026901054865
4234.23857851	0.000295114122898
4234.55273777	0.000319438032501
4234.86689704	0.000341507598392
4235.1810563	0.000361376411516
4235.49521557	0.000379325637405
4235.80937484	0.000395106649886
4236.1235341	0.000408839235541
4236.43769337	0.000421432976444
4236.75185263	0.000434341341753
4237.0660119	0.000448123667286
4237.38017116	0.000462729011137
4237.69433043	0.000477684697295
4238.00848969	0.000492636723734
4238.32264896	0.00050746904066
4238.63680822	0.000522289840319
4238.95096749	0.000536643456777
4239.26512675	0.000549979429471
4239.57928602	0.000561447253173
4239.89344529	0.000570483888461
4240.20760455	0.000577648927976
4240.52176382	0.000583756300273
4240.83592308	0.000588581886886
4241.15008235	0.000591525926599
4241.46424161	0.000592173897488
4241.77840088	0.000590620720772
4242.09256014	0.000587115794403
4242.40671941	0.000581900431052
4242.72087867	0.000575163346855
4243.03503794	0.000566707824855
4243.3491972	0.000555685027901
4243.66335647	0.000541315942341
4243.97751573	0.000523279942437
4244.291675	0.000502276567489
4244.60583427	0.000478657580959
4244.91999353	0.000452133100518
4245.2341528	0.000422956729618
4245.54831206	0.000393325915045
4245.86247133	0.00036451461925
4246.17663059	0.000334665226379
4246.49078986	0.000301145959748
4246.80494912	0.000263224155993
4247.11910839	0.000221720128162
4247.43326765	0.000177505134101
4247.74742692	0.00013148163822
4248.06158618	8.48537040404e-05
4248.37574545	3.91241189379e-05
4248.68990472	-4.46482683566e-06
4249.00406398	-4.55035597206e-05
4249.31822325	-8.42620965125e-05
4249.63238251	-0.000121817005836
4249.94654178	-0.000159421049103
4250.26070104	-0.000197311380786
4250.57486031	-0.000234998773819
4250.88901957	-0.000272184187145
4251.20317884	-0.000308970024308
4251.5173381	-0.000345598892717
4251.83149737	-0.000382068763473
4252.14565663	-0.0004175521252
4252.4598159	-0.000450714417993
4252.77397516	-0.00048069699905
4253.08813443	-0.000507347608248
4253.4022937	-0.000530845109031
4253.71645296	-0.000551463331114
4254.03061223	-0.000569428669697
4254.34477149	-0.000584909972789
4254.65893076	-0.000598335307734
4254.97309002	-0.000610488975745
4255.28724929	-0.000621817125584
4255.60140855	-0.000632573031416
4255.91556782	-0.000642453534734
4256.22972708	-0.000649533913585
4256.54388635	-0.000652006960312
4256.85804561	-0.000649502779765
4257.17220488	-0.000643166372935
4257.48636415	-0.000633804566923
4257.80052341	-0.00062211697581
4258.11468268	-0.000608044123053
4258.42884194	-0.000591695426848
4258.74300121	-0.000573871985749
4259.05716047	-0.000555678445331
4259.37131974	-0.00053802690754
4259.685479	-0.000520806316116
4259.99963827	-0.000503429842739
4260.31379753	-0.000485320946443
4260.6279568	-0.000466649061913
4260.94211606	-0.00044820176673
4261.25627533	-0.000430442113349
4261.57043459	-0.000413435223509
4261.88459386	-0.000396940169761
4262.19875313	-0.000380349426894
4262.51291239	-0.000363210785077
4262.82707166	-0.000345110180678
4263.14123092	-0.000326191039151
4263.45539019	-0.000306985753035
4263.76954945	-0.000287962910242
4264.08370872	-0.000268813163065
4264.39786798	-0.000248974653577
4264.71202725	-0.000228353255983
4265.02618651	-0.000207640883515
4265.34034578	-0.000187270050296
4265.65450504	-0.000167722012541
4265.96866431	-0.000148912283879
4266.28282358	-0.000130627217664
4266.59698284	-0.000111956611128
4266.91114211	-9.19643714028e-05
4267.22530137	-7.10842921154e-05
4267.53946064	-5.09307281353e-05
4267.8536199	-3.26762934647e-05
4268.16777917	-1.5606380855e-05
4268.48193843	1.88082796302e-06
4268.7960977	2.05974319619e-05
4269.11025696	4.06163109775e-05
4269.42441623	6.15482825455e-05
4269.73857549	8.32565653139e-05
4270.05273476	0.000105699695308
4270.36689402	0.000128381495409
4270.68105329	0.000151882765268
4270.99521256	0.000177049240389
4271.30937182	0.000203485726095
4271.62353109	0.000228964798062
4271.93769035	0.000250954333375
4272.25184962	0.000268660148563
4272.56600888	0.000284414762621
4272.88016815	0.000301062288307
4273.19432741	0.000318278899573
4273.50848668	0.000333890096528
4273.82264594	0.000347081307464
4274.13680521	0.000358878645675
4274.45096447	0.000371283630302
4274.76512374	0.000385810914751
4275.07928301	0.000402681435569
4275.39344227	0.000421333152141
4275.70760154	0.000441218468895
4276.0217608	0.000462343395767
4276.33592007	0.00048496859131
4276.65007933	0.000508085294443
4276.9642386	0.000529819157687
4277.27839786	0.000548795437792
4277.59255713	0.00056449573027
4277.90671639	0.000576960244947
4278.22087566	0.000586361871977
4278.53503492	0.000592988887024
4278.84919419	0.000596852118005
4279.16335345	0.000597689870948
4279.47751272	0.000594928862531
4279.79167199	0.000588943620724
4280.10583125	0.000580702920164
4280.41999052	0.000571446861746
4280.73414978	0.000561369730529
4281.04830905	0.000549940681066
4281.36246831	0.000536079371081
4281.67662758	0.000518858812466
4281.99078684	0.000499245288966
4282.30494611	0.000479462490832
4282.61910537	0.000459130382255
4282.93326464	0.000435803780176
4283.2474239	0.000407882154165
4283.56158317	0.000375234569177
4283.87574244	0.000339082250981
4284.1899017	0.000301270960038
4284.50406097	0.000263510660991
4284.81822023	0.000226722750863
4285.1323795	0.000191253427285
4285.44653876	0.000156552178056
4285.76069803	0.00012165640477
4286.07485729	8.58747330431e-05
4286.38901656	4.91598207725e-05
4286.70317582	1.14102730727e-05
4287.01733509	-2.75672409645e-05
4287.33149435	-6.82395089037e-05
4287.64565362	-0.000110332787944
4287.95981288	-0.000152843847944
4288.27397215	-0.000194302705793
4288.58813142	-0.000233816206273
4288.90229068	-0.00027126170058
4289.21644995	-0.000306613602533
4289.53060921	-0.000339952395346
4289.84476848	-0.000371345404564
4290.15892774	-0.00040108497429
4290.47308701	-0.000429474431054
4290.78724627	-0.000456754745216
4291.10140554	-0.000483698562451
4291.4155648	-0.000510960369018
4291.72972407	-0.000538142828973
4292.04388333	-0.00056381437094
4292.3580426	-0.000586780137406
4292.67220187	-0.000606089149072
4292.98636113	-0.000621200086116
4293.3005204	-0.000632028547536
4293.61467966	-0.000638671889706
4293.92883893	-0.000641053541806
4294.24299819	-0.000639288124194
4294.55715746	-0.000634068502197
4294.87131672	-0.000626278656709
4295.18547599	-0.000617063284929
4295.49963525	-0.000607197665422
4295.81379452	-0.00059629744619
4296.12795378	-0.000583583038071
4296.44211305	-0.000568557723061
4296.75627232	-0.000551099134394
4297.07043158	-0.000531605405408
4297.38459085	-0.000509589039643
4297.69875011	-0.000484976789373
4298.01290938	-0.000458931368631
4298.32706864	-0.000432574012929
4298.64122791	-0.000406860299757
4298.95538717	-0.000382890217659
4299.26954644	-0.000361286348899
4299.5837057	-0.00034249064876
4299.89786497	-0.000325834403191
4300.21202423	-0.000309960109069
4300.5261835	-0.000294226648647
4300.84034276	-0.000278575878966
4301.15450203	-0.000262899198142
4301.4686613	-0.000246772130064
4301.78282056	-0.000230054720341
4302.09697983	-0.000213120557019
4302.41113909	-0.000196049405939
4302.72529836	-0.000178441936942
4303.03945762	-0.000160830919832
4303.35361689	-0.000143428726348
4303.66777615	-0.000126437607171
4303.98193542	-0.000109271815312
4304.29609468	-9.07358042618e-05
4304.61025395	-7.03125147988e-05
4304.92441321	-4.85531223024e-05
4305.23857248	-2.58549788462e-05
4305.55273175	-2.69029232328e-06
4305.86689101	2.03214744419e-05
4306.18105028	4.31491221354e-05
4306.49520954	6.52884817174e-05
4306.80936881	8.64214273344e-05
4307.12352807	0.00010590367062
4307.43768734	0.000123493592444
4307.7518466	0.000139603322292
4308.06600587	0.000156062316792
4308.38016513	0.000174185039056
4308.6943244	0.000193441785409
4309.00848366	0.000211789944697
4309.32264293	0.000228414127653
4309.63680219	0.000244151123759
4309.95096146	0.000259939325442
4310.26512073	0.000276255711209
4310.57927999	0.000292877026773
4310.89343926	0.000309818161218
4311.20759852	0.00032659895381
4311.52175779	0.000343287012632
4311.83591705	0.00036099905381
4312.15007632	0.000381231280659
4312.46423558	0.000403940480601
4312.77839485	0.000427308701432
4313.09255411	0.000449554218343
4313.40671338	0.000469920414101
4313.72087264	0.000488174191534
4314.03503191	0.000504188268731
4314.34919118	0.000517981540947
4314.66335044	0.000529654214293
4314.97750971	0.000538761135643
4315.29166897	0.000544357233011
4315.60582824	0.000546449972384
4315.9199875	0.000546608397843
4316.23414677	0.000546317145411
4316.54830603	0.000545880178546
4316.8624653	0.000544807045911
4317.17662456	0.000542394855944
4317.49078383	0.000537984101335
4317.80494309	0.000531011431491
4318.11910236	0.00052127304981
4318.43326162	0.000508843397928
4318.74742089	0.000494021932684
4319.06158016	0.000476840266701
4319.37573942	0.000456972918893
4319.68989869	0.000434224506125
4320.00405795	0.000409757152298
4320.31821722	0.000384374348185
4320.63237648	0.000358332524935
4320.94653575	0.000331659973237
4321.26069501	0.000304589441178
4321.57485428	0.000276714461432
4321.88901354	0.000247414500134
4322.20317281	0.000216271272723
4322.51733207	0.00018325813143
4322.83149134	0.000148423177811
4323.14565061	0.000111417487505
4323.45980987	7.34893808438e-05
4323.77396914	3.56339028006e-05
4324.0881284	-1.9016791732e-06
4324.40228767	-3.97815081186e-05
4324.71644693	-7.85035540905e-05
4325.0306062	-0.00011786944087
4325.34476546	-0.000156958152701
4325.65892473	-0.000194917784749
4325.97308399	-0.000231126045653
4326.28724326	-0.000265422384337
4326.60140252	-0.000298174486804
4326.91556179	-0.000330495728534
4327.22972105	-0.00036324544668
4327.54388032	-0.000395809908979
4327.85803959	-0.000426497955204
4328.17219885	-0.000454294507199
4328.48635812	-0.00047906296908
4328.80051738	-0.000501080466465
4329.11467665	-0.000520478721365
4329.42883591	-0.000537250720733
4329.74299518	-0.00055094313857
4330.05715444	-0.000561213420372
4330.37131371	-0.000568367764551
4330.68547297	-0.000574378141589
4330.99963224	-0.000581000914979
4331.3137915	-0.000588412021944
4331.62795077	-0.000595157242165
4331.94211004	-0.000599477106526
4332.2562693	-0.000600966129797
4332.57042857	-0.000599465587244
4332.88458783	-0.000594589309828
4333.1987471	-0.000586906809372
4333.51290636	-0.000577211608193
4333.82706563	-0.000566126196974
4334.14122489	-0.000554211974591
4334.45538416	-0.00054196400337
4334.76954342	-0.000529722568404
4335.08370269	-0.000517560294851
4335.39786195	-0.000504449306612
4335.71202122	-0.000488600351715
4336.02618048	-0.00046932651417
4336.34033975	-0.000447428199091
4336.65449902	-0.00042392636722
4336.96865828	-0.000399763658979
4337.28281755	-0.000375398338283
4337.59697681	-0.000351322176452
4337.91113608	-0.000327812303025
4338.22529534	-0.000305074617648
4338.53945461	-0.000283685594926
4338.85361387	-0.000263720803738
4339.16777314	-0.000244441604925
4339.4819324	-0.00022502905098
4339.79609167	-0.000205008816468
4340.11025093	-0.000184801298148
4340.4244102	-0.000164575611209
4340.73856947	-0.000144569715267
4341.05272873	-0.000124592868742
4341.366888	-0.00010467053678
4341.68104726	-8.4750999358e-05
4341.99520653	-6.51351251201e-05
4342.30936579	-4.59585150292e-05
4342.62352506	-2.80865190168e-05
4342.93768432	-1.20695840996e-05
4343.25184359	2.97002619804e-06
4343.56600285	1.88600080883e-05
4343.88016212	3.65567843713e-05
4344.19432138	5.56382245425e-05
4344.50848065	7.55870542015e-05
4344.82263991	9.5861812499e-05
4345.13679918	0.000116511356024
4345.45095845	0.000137496524353
4345.76511771	0.00015884744375
4346.07927698	0.00017988211116
4346.39343624	0.000200342902651
4346.70759551	0.000219944139679
4347.02175477	0.00023828320508
4347.33591404	0.000256199928411
4347.6500733	0.000274880409199
4347.96423257	0.000294421973825
4348.27839183	0.000314451172982
4348.5925511	0.000334104032553
4348.90671036	0.000353185157647
4349.22086963	0.000372290591154
4349.5350289	0.000391522873707
4349.84918816	0.000410408239774
4350.16334743	0.000427926590104
4350.47750669	0.000443120591225
4350.79166596	0.000455346511782
4351.10582522	0.00046535093505
4351.41998449	0.000474933694274
4351.73414375	0.000485221118287
4352.04830302	0.00049606669705
4352.36246228	0.000506632060646
4352.67662155	0.000516291683423
4352.99078081	0.000524604158087
4353.30494008	0.000531107471995
4353.61909934	0.000535213628752
4353.93325861	0.000536305311516
4354.24741788	0.00053371930122
4354.56157714	0.00052662341307
4354.87573641	0.000515186778962
4355.18989567	0.000502206805139
4355.50405494	0.000490741126244
4355.8182142	0.000481088409504
4356.13237347	0.000470868031308
4356.44653273	0.000458079807118
4356.760692	0.000442153059035
4357.07485126	0.000423664835163
4357.38901053	0.000403208469716
4357.70316979	0.000381109214887
4358.01732906	0.000357725442917
4358.33148833	0.000333028598354
4358.64564759	0.000306253873533
4358.95980686	0.00027700419348
4359.27396612	0.000246123279378
4359.58812539	0.000214517152114
4359.90228465	0.000182407428786
4360.21644392	0.000149661908051
4360.53060318	0.000116105957643
4360.84476245	8.18261410654e-05
4361.15892171	4.6895537162e-05
4361.47308098	1.14969802232e-05
4361.78724024	-2.42725527683e-05
4362.10139951	-6.07902824666e-05
4362.41555878	-9.88289765594e-05
4362.72971804	-0.000138715636731
4363.04387731	-0.000179756574884
4363.35803657	-0.000220339583741
4363.67219584	-0.000259490620032
4363.9863551	-0.000296846179074
4364.30051437	-0.00033229123977
4364.61467363	-0.000365358069006
4364.9288329	-0.000395621175464
4365.24299216	-0.000423319997308
4365.55715143	-0.000448967595669
4365.87131069	-0.000472876423728
4366.18546996	-0.000495499183708
4366.49962922	-0.000517625913628
4366.81378849	-0.000539382869825
4367.12794776	-0.000559395933423
4367.44210702	-0.00057602165393
4367.75626629	-0.000588784354223
4368.07042555	-0.000598159702322
4368.38458482	-0.000604698985073
4368.69874408	-0.000608745734998
4369.01290335	-0.000610401103096
4369.32706261	-0.000609767931737
4369.64122188	-0.000607209701636
4369.95538114	-0.000603263289857
4370.26954041	-0.000598894462512
4370.58369967	-0.000594708884384
4370.89785894	-0.000590943901014
4371.21201821	-0.000586770212841
4371.52617747	-0.000581170556758
4371.84033674	-0.000572901290565
4372.154496	-0.000561369578353
4372.46865527	-0.000547809803627
4372.78281453	-0.000534084843381
4373.0969738	-0.000521234909526
4373.41113306	-0.000508939805967
4373.72529233	-0.000496147505817
4374.03945159	-0.000482108015291
4374.35361086	-0.00046643264785
4374.66777012	-0.000448781727052
4374.98192939	-0.000428220826505
4375.29608865	-0.000404309316693
4375.61024792	-0.000377843958455
4375.92440719	-0.000350299204311
4376.23856645	-0.000322730677419
4376.55272572	-0.000295725269988
4376.86688498	-0.000269669639627
4377.18104425	-0.000244814320429
4377.49520351	-0.000220988712664
4377.80936278	-0.000198241386603
4378.12352204	-0.000176712875227
4378.43768131	-0.000156659171591
4378.75184057	-0.000137913630213
4379.06599984	-0.00011911565773
4379.3801591	-9.91770801945e-05
4379.69431837	-7.84491884654e-05
4380.00847764	-5.79843460934e-05
4380.3226369	-3.74476970225e-05
4380.63679617	-1.43642267141e-05
4380.95095543	1.11847671657e-05
4381.2651147	3.66349897824e-05
4381.57927396	5.97882832296e-05
4381.89343323	7.96740967421e-05
4382.20759249	9.68623033844e-05
4382.52175176	0.000112306514942
4382.83591102	0.000127691826127
4383.15007029	0.000144708953986
4383.46422955	0.000164984398478
4383.77838882	0.000189043997794
4384.09254808	0.00021643625055
4384.40670735	0.000245674689643
4384.72086662	0.000275279273613
4385.03502588	0.000304010104979
4385.34918515	0.000331018485929
4385.66334441	0.000355468881294
4385.97750368	0.000376860861548
4386.29166294	0.000394759162363
4386.60582221	0.000409223107617
4386.91998147	0.000421329347696
4387.23414074	0.000432686150744
4387.5483	0.00044436517839
4387.86245927	0.000456709583367
4388.17661853	0.000469476867113
4388.4907778	0.000482508312091
4388.80493707	0.000495170126328
4389.11909633	0.000506984649454
4389.4332556	0.000517301713718
4389.74741486	0.000525818826173
4390.06157413	0.000532084663461
4390.37573339	0.000535660656468
4390.68989266	0.000536356582246
4391.00405192	0.000534633836583
4391.31821119	0.000530861196712
4391.63237045	0.000525057642899
4391.94652972	0.000517583169068
4392.26068898	0.000509299750166
4392.57484825	0.000501333504027
4392.88900751	0.000494147957111
4393.20316678	0.000487513882672
4393.51732605	0.000480190569665
4393.83148531	0.00047114695985
4394.14564458	0.000459621170449
4394.45980384	0.000445186204577
4394.77396311	0.000428064913717
4395.08812237	0.000408904769705
4395.40228164	0.000388281274631
4395.7164409	0.000366413551283
4396.03060017	0.000343320293085
4396.34475943	0.000318505499782
4396.6589187	0.000291285588192
4396.97307796	0.000261370798298
4397.28723723	0.00022904461773
4397.6013965	0.000194606255803
4397.91555576	0.000158160082138
4398.22971503	0.000119762121743
4398.54387429	7.97056080006e-05
4398.85803356	3.89061266453e-05
4399.17219282	-1.44718725581e-06
4399.48635209	-4.08813076363e-05
4399.80051135	-7.9813401853e-05
4400.11467062	-0.000118572541043
4400.42882988	-0.000157268514998
4400.74298915	-0.000195817140618
4401.05714841	-0.000233939392579
4401.37130768	-0.000271084105025
4401.68546694	-0.000306989845509
4401.99962621	-0.00034172272079
4402.31378548	-0.000375722738319
4402.62794474	-0.000409293916092
4402.94210401	-0.000441146214222
4403.25626327	-0.000469545800111
4403.57042254	-0.000493677953499
4403.8845818	-0.000514240232994
4404.19874107	-0.000532057263654
4404.51290033	-0.000547835733845
4404.8270596	-0.000561813572548
4405.14121886	-0.000573761543756
4405.45537813	-0.000582804258196
4405.76953739	-0.000588823916379
4406.08369666	-0.000593032030946
4406.39785593	-0.000596513031775
4406.71201519	-0.000599180956864
4407.02617446	-0.000599942935822
4407.34033372	-0.000598299165563
4407.65449299	-0.00059434005549
4407.96865225	-0.000588450204177
4408.28281152	-0.000580754136397
4408.59697078	-0.000571353892148
4408.91113005	-0.000560477539094
4409.22528931	-0.000548118162825
4409.53944858	-0.000534766183569
4409.85360784	-0.000520949875259
4410.16776711	-0.000507494012424
4410.48192637	-0.000494441958624
4410.79608564	-0.000480718818456
4411.11024491	-0.000465300163132
4411.42440417	-0.000448404998469
4411.73856344	-0.000431121324931
4412.0527227	-0.000413932351931
4412.36688197	-0.000396762056685
4412.68104123	-0.000379617506821
4412.9952005	-0.000362235832234
4413.30935976	-0.000344484134376
4413.62351903	-0.000326286261421
4413.93767829	-0.000308516674605
4414.25183756	-0.000291841357102
4414.56599682	-0.000275968458016
4414.88015609	-0.000259751328535
4415.19431536	-0.000242430998486
4415.50847462	-0.000223920000453
4415.82263389	-0.00020423158864
4416.13679315	-0.000183334392263
4416.45095242	-0.000161408659924
4416.76511168	-0.000138941331197
4417.07927095	-0.000116484163551
4417.39343021	-9.44914659769e-05
4417.70758948	-7.35979591987e-05
4418.02174874	-5.41523649417e-05
4418.33590801	-3.56694850041e-05
4418.65006727	-1.66978194275e-05
4418.96422654	4.63746508289e-06
4419.27838581	2.8776151911e-05
4419.59254507	5.49974573704e-05
4419.90670434	8.23285433577e-05
4420.2208636	0.000109658542738
4420.53502287	0.000135643707719
4420.84918213	0.000159892656592
4421.1633414	0.000183547046355
4421.47750066	0.000207046314729
4421.79165993	0.000229373828288
4422.10581919	0.000248907175536
4422.41997846	0.000265170509649
4422.73413772	0.000279969140168
4423.04829699	0.000294739437094
4423.36245625	0.000310637520589
4423.67661552	0.000328150220023
4423.99077479	0.000347449426895
4424.30493405	0.000368499867433
4424.61909332	0.000390919791471
4424.93325258	0.000413714240518
4425.24741185	0.000435883351134
4425.56157111	0.000456239515459
4425.87573038	0.000473318891946
4426.18988964	0.000486251059923
4426.50404891	0.000495867617159
4426.81820817	0.000503328619045
4427.13236744	0.000509419536583
4427.4465267	0.000514297385499
4427.76068597	0.000518258473242
4428.07484524	0.00052236099847
4428.3890045	0.000527194955353
4428.70316377	0.000532491700754
4429.01732303	0.000537735388104
4429.3314823	0.000541901605369
4429.64564156	0.000543254479118
4429.95980083	0.000540694768325
4430.27396009	0.000534708530717
4430.58811936	0.000526785733875
4430.90227862	0.000518188651658
4431.21643789	0.000509500621579
4431.53059715	0.000500970107084
4431.84475642	0.000492157762937
4432.15891568	0.000481924924117
4432.47307495	0.000469400499052
4432.78723422	0.000454061753282
4433.10139348	0.00043575893842
4433.41555275	0.000414213068814
4433.72971201	0.000389051493564
4434.04387128	0.000360316205297
4434.35803054	0.000329139050135
4434.67218981	0.000296902018788
4434.98634907	0.000264206428627
4435.30050834	0.0002307401429
4435.6146676	0.000195928304373
4435.92882687	0.000159644746751
4436.24298613	0.000122098603405
4436.5571454	8.35925762168e-05
4436.87130467	4.42051122127e-05
4437.18546393	3.96647879666e-06
4437.4996232	-3.73540213454e-05
4437.81378246	-8.00573587819e-05
4438.12794173	-0.000123853019872
4438.44210099	-0.000167815551562
4438.75626026	-0.000210829894055
4439.07041952	-0.000252176179177
4439.38457879	-0.000291393507732
4439.69873805	-0.000328202181482
4440.01289732	-0.000362558578825
4440.32705658	-0.000394628419395
4440.64121585	-0.000424567703398
4440.95537511	-0.000452598964168
4441.26953438	-0.000478608298505
4441.58369365	-0.000503054025318
4441.89785291	-0.00052650680981
4442.21201218	-0.000548727146752
4442.52617144	-0.000568452847942
4442.84033071	-0.000584659368872
4443.15448997	-0.000596436166111
4443.46864924	-0.000602956096257
4443.7828085	-0.000604994540407
4444.09696777	-0.000604775849398
4444.41112703	-0.000604144823316
4444.7252863	-0.000603514711309
4445.03944556	-0.000602524468917
4445.35360483	-0.000600153166135
4445.6677641	-0.000596588968258
4445.98192336	-0.000591125555457
4446.29608263	-0.000582686999337
4446.61024189	-0.000570037936525
4446.92440116	-0.000553040780893
4447.23856042	-0.000532714817373
4447.55271969	-0.00051119856319
4447.86687895	-0.000489632779652
4448.18103822	-0.000468419115943
4448.49519748	-0.000447553827226
4448.80935675	-0.000427331655075
4449.12351601	-0.000408434286045
4449.43767528	-0.000391506725827
4449.75183454	-0.00037701267449
4450.06599381	-0.000364203501065
4450.38015308	-0.000351431011375
4450.69431234	-0.000337453394601
4451.00847161	-0.000321833978907
4451.32263087	-0.000304876504928
4451.63679014	-0.000286878005381
4451.9509494	-0.000267902737507
4452.26510867	-0.000248019429582
4452.57926793	-0.000227539254937
4452.8934272	-0.000207203873074
4453.20758646	-0.000187742543813
4453.52174573	-0.000169965338762
4453.83590499	-0.000154087857079
4454.15006426	-0.000139416430531
4454.46422353	-0.000124687907762
4454.77838279	-0.000109217591398
4455.09254206	-9.2625062673e-05
4455.40670132	-7.4793411101e-05
4455.72086059	-5.52757606018e-05
4456.03501985	-3.41031800751e-05
4456.34917912	-1.18575566009e-05
4456.66333838	1.05121545234e-05
4456.97749765	3.26752044102e-05
4457.29165691	5.41418298306e-05
4457.60581618	7.42453244418e-05
4457.91997544	9.30016711265e-05
4458.23413471	0.000111446945289
4458.54829397	0.000131268010443
4458.86245324	0.000152932700641
4459.17661251	0.000175628983846
4459.49077177	0.000197968727807
4459.80493104	0.000219191138352
4460.1190903	0.000238816873396
4460.43324957	0.000257289474692
4460.74740883	0.000275284621278
4461.0615681	0.000293204013363
4461.37572736	0.000310795142216
4461.68988663	0.000327477072667
4462.00404589	0.000343677741977
4462.31820516	0.000360540277376
4462.63236442	0.000378281850369
4462.94652369	0.000396585561934
4463.26068296	0.000414877620327
4463.57484222	0.000432625075163
4463.88900149	0.000449397817868
4464.20316075	0.000465016579417
4464.51732002	0.000479579766667
4464.83147928	0.000493194125711
4465.14563855	0.000505636295748
4465.45979781	0.000516385606646
4465.77395708	0.000524817048152
4466.08811634	0.000531406557743
4466.40227561	0.000536868068462
4466.71643487	0.000541359722039
4467.03059414	0.000544326216702
4467.3447534	0.000545722411127
4467.65891267	0.000546087389447
4467.97307194	0.000545615473646
4468.2872312	0.00054371145218
4468.60139047	0.000539526259247
4468.91554973	0.00053256327531
4469.229709	0.000522390933678
4469.54386826	0.000508797646145
4469.85802753	0.00049212323273
4470.17218679	0.000473541739753
4470.48634606	0.000453893553055
4470.80050532	0.000433342371079
4471.11466459	0.000411479365038
4471.42882385	0.0003879812292
4471.74298312	0.000362520743843
4472.05714239	0.000335253844543
4472.37130165	0.000306089010227
4472.68546092	0.000275040981929
4472.99962018	0.00024189778202
4473.31377945	0.000206373416607
4473.62793871	0.000168658152831
4473.94209798	0.000129611444975
4474.25625724	9.02909562546e-05
4474.57041651	5.1344336767e-05
4474.88457577	1.25753271598e-05
4475.19873504	-2.58196782432e-05
4475.5128943	-6.38516118836e-05
4475.82705357	-0.0001011155277
4476.14121283	-0.000137543669708
4476.4553721	-0.000173278839859
4476.76953137	-0.000208855065944
4477.08369063	-0.000244855072883
4477.3978499	-0.000281787193903
4477.71200916	-0.000319341957363
4478.02616843	-0.000355956506062
4478.34032769	-0.000390279436744
4478.65448696	-0.000421583822292
4478.96864622	-0.000449826080962
4479.28280549	-0.0004751152028
4479.59696475	-0.000497711808167
4479.91112402	-0.000517860257029
4480.22528328	-0.000535785693423
4480.53944255	-0.000551806549448
4480.85360182	-0.000566384300334
4481.16776108	-0.00057976585339
4481.48192035	-0.000591802256221
4481.79607961	-0.000601510439663
4482.11023888	-0.00060717581258
4482.42439814	-0.000607475881865
4482.73855741	-0.000602352875862
4483.05271667	-0.000592982749187
4483.36687594	-0.000581298249439
4483.6810352	-0.000568884751212
4483.99519447	-0.000556393653587
4484.30935373	-0.000543823300144
4484.623513	-0.000530137035943
4484.93767227	-0.000514937797773
4485.25183153	-0.000499080682154
4485.5659908	-0.000483461331024
4485.88015006	-0.000468579510116
4486.19430933	-0.000453154677548
4486.50846859	-0.000436357780273
4486.82262786	-0.000417737926794
4487.13678712	-0.000397281616482
4487.45094639	-0.000375089342043
4487.76510565	-0.000351399490607
4488.07926492	-0.000326870256134
4488.39342418	-0.000302511061055
4488.70758345	-0.000279337633721
4489.02174271	-0.000258166552654
4489.33590198	-0.000239760579903
4489.65006125	-0.000224280384224
4489.96422051	-0.000210541521265
4490.27837978	-0.000197285311118
4490.59253904	-0.000183539194409
4490.90669831	-0.000168364813068
4491.22085757	-0.000151138015112
4491.53501684	-0.000132177058504
4491.8491761	-0.000112102384762
4492.16333537	-9.1612140209e-05
4492.47749463	-7.15631642946e-05
4492.7916539	-5.25422080563e-05
4493.10581316	-3.48296965218e-05
4493.41997243	-1.84495728816e-05
4493.7341317	-2.84405240319e-06
4494.04829096	1.28736075239e-05
4494.36245023	2.97596006706e-05
4494.67660949	4.81831008787e-05
4494.99076876	6.76413643498e-05
4495.30492802	8.71519501654e-05
4495.61908729	0.00010571463027
4495.93324655	0.000123262407307
4496.24740582	0.000140169733912
4496.56156508	0.000156947580027
4496.87572435	0.000173567230524
4497.18988361	0.000189883808577
4497.50404288	0.000206123328471
4497.81820214	0.000223357575555
4498.13236141	0.000242346513353
4498.44652068	0.000262804479094
4498.76067994	0.000283882623019
4499.07483921	0.000304814439999
4499.38899847	0.000325211911398
4499.70315774	0.000344816134744
4500.017317	0.000363591443115
4500.33147627	0.000381544836163
4500.64563553	0.000398458543247
4500.9597948	0.000413710506917
4501.27395406	0.000426285325172
4501.58811333	0.000436243645767
4501.90227259	0.00044555242481
4502.21643186	0.000455912243855
4502.53059113	0.000467005197667
4502.84475039	0.000477697468706
4503.15890966	0.000486844107803
4503.47306892	0.000494014779255
4503.78722819	0.000499191953697
4504.10138745	0.000502939347572
4504.41554672	0.000505729156885
4504.72970598	0.000507331604769
4505.04386525	0.000506711711327
4505.35802451	0.000503069988863
4505.67218378	0.000496648724719
4505.98634304	0.000488048189402
4506.30050231	0.000478150709831
4506.61466157	0.000467963721626
4506.92882084	0.000458105695362
4507.24298011	0.000447636403853
4507.55713937	0.000435008088542
4507.87129864	0.000419484195244
4508.1854579	0.000401035382241
4508.49961717	0.000379696466036
4508.81377643	0.000355279956778
4509.1279357	0.00032773892081
4509.44209496	0.000297720889712
4509.75625423	0.000266834717392
4510.07041349	0.000236269168853
4510.38457276	0.000205517285937
4510.69873202	0.000173585214706
4511.01289129	0.000140176096188
4511.32705056	0.000105422041286
4511.64120982	6.9834396384e-05
4511.95536909	3.37879519031e-05
4512.26952835	-2.44476207039e-06
4512.58368762	-3.88587438045e-05
4512.89784688	-7.58199726551e-05
4513.21200615	-0.000113239482542
4513.52616541	-0.000150142321521
4513.84032468	-0.000185243273849
4514.15448394	-0.000218048923449
4514.46864321	-0.000248945218221
4514.78280247	-0.000278356536495
4515.09696174	-0.000306811760543
4515.411121	-0.000334446142248
4515.72528027	-0.000361435536073
4516.03943954	-0.000387746586967
4516.3535988	-0.000413792368596
4516.66775807	-0.000439863177363
4516.98191733	-0.000466178254362
4517.2960766	-0.000491657045254
4517.61023586	-0.000514582848697
4517.92439513	-0.000533454888836
4518.23855439	-0.000547873610991
4518.55271366	-0.000558404451152
4518.86687292	-0.000565699324631
4519.18103219	-0.000570617076364
4519.49519145	-0.000573792590196
4519.80935072	-0.000575279037215
4520.12350999	-0.000575031539664
4520.43766925	-0.000573246757181
4520.75182852	-0.00057064534149
4521.06598778	-0.000567631937826
4521.38014705	-0.000564069799014
4521.69430631	-0.000558529879462
4522.00846558	-0.000549804601558
4522.32262484	-0.000538049684091
4522.63678411	-0.00052420050108
4522.95094337	-0.000509086957932
4523.26510264	-0.000492964373729
4523.5792619	-0.000475868260612
4523.89342117	-0.000457721093365
4524.20758043	-0.000438551230219
4524.5217397	-0.000418685920838
4524.83589897	-0.000398844038547
4525.15005823	-0.000379281866902
4525.4642175	-0.000359894211594
4525.77837676	-0.000340050033236
4526.09253603	-0.000319736409252
4526.40669529	-0.000299444927095
4526.72085456	-0.000279488021041
4527.03501382	-0.000259947804569
4527.34917309	-0.000240489989325
4527.66333235	-0.000219783390798
4527.97749162	-0.000197479959689
4528.29165088	-0.000174492664793
4528.60581015	-0.000152554653624
4528.91996942	-0.000132357618527
4529.23412868	-0.000113550236953
4529.54828795	-9.48753146872e-05
4529.86244721	-7.54620337815e-05
4530.17660648	-5.51506975978e-05
4530.49076574	-3.45238730308e-05
4530.80492501	-1.42158414222e-05
4531.11908427	5.54702188218e-06
4531.43324354	2.48039772979e-05
4531.7474028	4.41999661976e-05
4532.06156207	6.4269705005e-05
4532.37572133	8.46679091242e-05
4532.6898806	0.000104291568265
4533.00403986	0.00012198023494
4533.31819913	0.00013787092155
4533.6323584	0.000152901152783
4533.94651766	0.000167902797854
4534.26067693	0.000183146701421
4534.57483619	0.000198681741039
4534.88899546	0.000214789657929
4535.20315472	0.00023191852177
4535.51731399	0.000250113420253
4535.83147325	0.000269290128241
4536.14563252	0.000288841956677
4536.45979178	0.000308359734097
4536.77395105	0.000326763791921
4537.08811031	0.000343478215957
4537.40226958	0.000358754456817
4537.71642885	0.000373502187246
4538.03058811	0.000388422524164
4538.34474738	0.000403344146308
4538.65890664	0.000418168310377
4538.97306591	0.000432450110848
4539.28722517	0.00044595452799
4539.60138444	0.000458354291231
4539.9155437	0.00046947152858
4540.22970297	0.000478884335745
4540.54386223	0.000485965650434
4540.8580215	0.000490056871002
4541.17218076	0.000491134640533
4541.48634003	0.000490248086908
4541.8004993	0.000488544700932
4542.11465856	0.000486445487946
4542.42881783	0.000483632908584
4542.74297709	0.000479258839296
4543.05713636	0.000472446172407
4543.37129562	0.000463051217551
4543.68545489	0.000451872966466
4543.99961415	0.000439841054215
4544.31377342	0.000426729442527
4544.62793268	0.000411865810283
4544.94209195	0.000394580468367
4545.25625121	0.000375124606754
4545.57041048	0.000354812707159
4545.88456974	0.000334538403368
4546.19872901	0.000314392938982
4546.51288828	0.000293777751852
4546.82704754	0.000272096863737
4547.14120681	0.00024861268964
4547.45536607	0.000222817427491
4547.76952534	0.000194625005597
4548.0836846	0.000164147415662
4548.39784387	0.000131439536519
4548.71200313	9.67282504458e-05
4549.0261624	6.05841400556e-05
4549.34032166	2.44565316698e-05
4549.65448093	-1.04123404892e-05
4549.96864019	-4.38024523653e-05
4550.28279946	-7.6294448615e-05
4550.59695873	-0.000108470333136
4550.91111799	-0.000140813962118
4551.22527726	-0.000173384458534
4551.53943652	-0.00020603092261
4551.85359579	-0.00023885396247
4552.16775505	-0.000272028394112
4552.48191432	-0.000305630575661
4552.79607358	-0.000339840337506
4553.11023285	-0.00037404658991
4553.42439211	-0.000406892378975
4553.73855138	-0.000436647286361
4554.05271064	-0.000462334825748
4554.36686991	-0.000483973915688
4554.68102917	-0.000502069681726
4554.99518844	-0.000517449786233
4555.30934771	-0.000531098275941
4555.62350697	-0.000543463680917
4555.93766624	-0.000554533847218
4556.2518255	-0.000564350676632
4556.56598477	-0.000573194206152
4556.88014403	-0.000580893135003
4557.1943033	-0.000586281199574
4557.50846256	-0.000587667868387
4557.82262183	-0.000584877786608
4558.13678109	-0.000578998292248
4558.45094036	-0.000571460016834
4558.76509962	-0.000563233975442
4559.07925889	-0.000554626428096
4559.39341816	-0.000545538971145
4559.70757742	-0.000535692603034
4560.02173669	-0.000524997162203
4560.33589595	-0.000514000272638
4560.65005522	-0.000502993555573
4560.96421448	-0.000491671030384
4561.27837375	-0.000479139365311
4561.59253301	-0.000464661317293
4561.90669228	-0.000448391487424
4562.22085154	-0.000430925966077
4562.53501081	-0.000412672161089
4562.84917007	-0.000393938962174
4563.16332934	-0.000374588760798
4563.4774886	-0.000354291458236
4563.79164787	-0.000333086789309
4564.10580714	-0.000311739986439
4564.4199664	-0.000291649466899
4564.73412567	-0.000273273770683
4565.04828493	-0.000255901162222
4565.3624442	-0.000238072985425
4565.67660346	-0.000218760493599
4565.99076273	-0.00019814421297
4566.30492199	-0.000176944613821
4566.61908126	-0.000156074113522
4566.93324052	-0.000135799817022
4567.24739979	-0.000115921782127
4567.56155905	-9.58980915359e-05
4567.87571832	-7.56044235035e-05
4568.18987759	-5.54216687543e-05
4568.50403685	-3.59684107448e-05
4568.81819612	-1.70404283005e-05
4569.13235538	3.08132865519e-06
4569.44651465	2.62031974662e-05
4569.76067391	5.15877086907e-05
4570.07483318	7.72263841521e-05
4570.38899244	0.000101708299439
4570.70315171	0.00012456727424
4571.01731097	0.000146424297627
4571.33147024	0.000167789668971
4571.6456295	0.000188854883445
4571.95978877	0.000209795089315
4572.27394803	0.000230422810019
4572.5881073	0.000250309745684
4572.90226657	0.00026985127416
4573.21642583	0.000289576180248
4573.5305851	0.000309431795327
4573.84474436	0.000329109470209
4574.15890363	0.000348166713637
4574.47306289	0.000366314942159
4574.78722216	0.000383451514472
4575.10138142	0.00039977772458
4575.41554069	0.00041534833809
4575.72969995	0.000430132149975
4576.04385922	0.000443781260205
4576.35801848	0.000455561445017
4576.67217775	0.00046540573459
4576.98633702	0.000473920453211
4577.30049628	0.00048212915181
4577.61465555	0.000490168335915
4577.92881481	0.000497601144928
4578.24297408	0.000503669443247
4578.55713334	0.000507939756267
4578.87129261	0.000510127763856
4579.18545187	0.000510336737108
4579.49961114	0.000508554114571
4579.8137704	0.000504551479709
4580.12792967	0.000497928304973
4580.44208893	0.000488091526747
4580.7562482	0.000475802949917
4581.07040746	0.000462602390836
4581.38456673	0.000449888517704
4581.698726	0.000438017802189
4582.01288526	0.000426149886283
4582.32704453	0.000413110878429
4582.64120379	0.00039833368991
4582.95536306	0.000381884915005
4583.26952232	0.000364187137921
4583.58368159	0.0003456773352
4583.89784085	0.000326201112685
4584.21200012	0.000304721969554
4584.52615938	0.000280102183007
4584.84031865	0.000252137915617
4585.15447791	0.000221976823582
4585.46863718	0.000190678342927
4585.78279645	0.00015872880087
4586.09695571	0.000126526886526
4586.41111498	9.43590371721e-05
4586.72527424	6.2368462534e-05
4587.03943351	3.04851176104e-05
4587.35359277	-1.60187746547e-06
4587.66775204	-3.44872865454e-05
4587.9819113	-6.86588393628e-05
4588.29607057	-0.000104564395491
4588.61022983	-0.000142100141555
4588.9243891	-0.000180177470966
4589.23854836	-0.00021748983825
4589.55270763	-0.000253352857605
4589.86686689	-0.000287592745391
4590.18102616	-0.000320101103767
4590.49518543	-0.00035064883902
4590.80934469	-0.000379013259771
4591.12350396	-0.000405346634635
4591.43766322	-0.000429464419002
4591.75182249	-0.000451363644566
4592.06598175	-0.000471346661295
4592.38014102	-0.000490146191554
4592.69430028	-0.000507945301872
4593.00845955	-0.000523902657005
4593.32261881	-0.000537100139228
4593.63677808	-0.000547503921825
4593.95093734	-0.000555096443042
4594.26509661	-0.000559828947337
4594.57925588	-0.000561428885156
4594.89341514	-0.000559996696187
4595.20757441	-0.000555827109462
4595.52173367	-0.00054993641345
4595.83589294	-0.000543545198006
4596.1500522	-0.000538017541304
4596.46421147	-0.000533688600977
4596.77837073	-0.000529898160673
4597.09253	-0.000525448502319
4597.40668926	-0.000519475097269
4597.72084853	-0.00051160522638
4598.03500779	-0.000501823338879
4598.34916706	-0.000490626115756
4598.66332633	-0.000478338727359
4598.97748559	-0.00046508992037
4599.29164486	-0.000450885916602
4599.60580412	-0.000435724157491
4599.91996339	-0.000420180009235
4600.23412265	-0.000405314973081
4600.54828192	-0.000391052002513
4600.86244118	-0.000376149853297
4601.17660045	-0.000359509779148
4601.49075971	-0.000341074066544
4601.80491898	-0.000321418380376
4602.11907824	-0.000301142036105
4602.43323751	-0.000280543062236
4602.74739677	-0.000259949885022
4603.06155604	-0.000239558286885
4603.37571531	-0.000219581669926
4603.68987457	-0.000200242781093
4604.00403384	-0.000182102217231
4604.3181931	-0.000165568387302
4604.63235237	-0.000149874633521
4604.94651163	-0.000133278489399
4605.2606709	-0.000114760211973
4605.57483016	-9.47710067773e-05
4605.88898943	-7.43499609254e-05
4606.20314869	-5.42332326018e-05
4606.51730796	-3.4533909666e-05
4606.83146722	-1.49598455222e-05
4607.14562649	5.22407821278e-06
4607.45978576	2.65894730975e-05
4607.77394502	4.88155037167e-05
4608.08810429	7.10428991597e-05
4608.40226355	9.27066341304e-05
4608.71642282	0.000114333815423
4609.03058208	0.000136416635908
4609.34474135	0.000159562828028
4609.65890061	0.000183873565751
4609.97305988	0.000208649976018
4610.28721914	0.00023259496507
4610.60137841	0.000254682529238
4610.91553767	0.000274724543952
4611.22969694	0.000293141495541
4611.5438562	0.000310748215025
4611.85801547	0.000327603755393
4612.17217474	0.000343667182129
4612.486334	0.000359262321837
4612.80049327	0.000375317440079
4613.11465253	0.000392480038778
4613.4288118	0.000410468209185
4613.74297106	0.000428357146392
4614.05713033	0.000445179318852
4614.37128959	0.00046033907072
4614.68544886	0.00047341933376
4614.99960812	0.000484155352208
4615.31376739	0.000492457751462
4615.62792665	0.000498085287768
4615.94208592	0.00050061746361
4616.25624519	0.000500152179613
4616.57040445	0.000498061965542
4616.88456372	0.000496377196474
4617.19872298	0.000495740741667
4617.51288225	0.000495609901703
4617.82704151	0.000494984957133
4618.14120078	0.000492926491134
4618.45536004	0.00048889070336
4618.76951931	0.000483013827429
4619.08367857	0.000475561507756
4619.39783784	0.000466425560029
4619.7119971	0.000454994474799
4620.02615637	0.000441150782003
4620.34031563	0.00042540694798
4620.6544749	0.000408731159716
4620.96863417	0.000391433881267
4621.28279343	0.000372862196808
4621.5969527	0.000352296536422
4621.91111196	0.000329425427699
4622.22527123	0.00030449757709
4622.53943049	0.000277962140806
4622.85358976	0.00025025673819
4623.16774902	0.000221460074405
4623.48190829	0.000191405269601
4623.79606755	0.000159800050762
4624.11022682	0.000126054221465
4624.42438608	9.02949815791e-05
4624.73854535	5.36328800243e-05
4625.05270462	1.70329847395e-05
4625.36686388	-1.93448851008e-05
4625.68102315	-5.55506079044e-05
4625.99518241	-9.15719240756e-05
4626.30934168	-0.000127218005047
4626.62350094	-0.00016202357626
4626.93766021	-0.000196120770477
4627.25181947	-0.000230077705034
4627.56597874	-0.000264314046431
4627.880138	-0.000298895547941
4628.19429727	-0.000333290585885
4628.50845653	-0.000366135384323
4628.8226158	-0.000396220868243
4629.13677506	-0.000423367290918
4629.45093433	-0.000448004218989
4629.7650936	-0.00047053134796
4630.07925286	-0.000490910474097
4630.39341213	-0.000508856804497
4630.70757139	-0.000524213593323
4631.02173066	-0.000536960357243
4631.33588992	-0.000547372733241
4631.65004919	-0.000556024760609
4631.96420845	-0.000562982332301
4632.27836772	-0.000567011445397
4632.59252698	-0.000567265209833
4632.90668625	-0.000564267288192
4633.22084551	-0.000559133432648
4633.53500478	-0.000552591323659
4633.84916405	-0.000544938500283
4634.16332331	-0.000535819201554
4634.47748258	-0.000525292481376
4634.79164184	-0.00051310879524
4635.10580111	-0.000499374384412
4635.41996037	-0.000483951718396
4635.73411964	-0.000467951226348
4636.0482789	-0.000452400995723
4636.36243817	-0.000437482005872
4636.67659743	-0.000422226898183
4636.9907567	-0.000405989951693
4637.30491596	-0.000389032175565
4637.61907523	-0.000371746057142
4637.93323449	-0.000354504022844
4638.24739376	-0.000337385555446
4638.56155303	-0.000320444034584
4638.87571229	-0.000303822685155
4639.18987156	-0.000287634127151
4639.50403082	-0.000272213550597
4639.81819009	-0.000257818497304
4640.13234935	-0.000244158974594
4640.44650862	-0.000230215594241
4640.76066788	-0.000214962805932
4641.07482715	-0.000198488827187
4641.38898641	-0.000181196040362
4641.70314568	-0.000163617506319
4642.01730494	-0.000145831202565
4642.33146421	-0.000127892635027
4642.64562348	-0.000109503513696
4642.95978274	-9.09434754425e-05
4643.27394201	-7.29044164536e-05
4643.58810127	-5.63308032037e-05
4643.90226054	-4.14192987716e-05
4644.2164198	-2.68676634295e-05
4644.53057907	-1.0842219641e-05
4644.84473833	7.51168232957e-06
4645.1588976	2.7219799355e-05
4645.47305686	4.72722572218e-05
4645.78721613	6.72488487522e-05
4646.10137539	8.70671343927e-05
4646.41553466	0.000106884089869
4646.72969392	0.000127293896864
4647.04385319	0.000148771916866
4647.35801246	0.000170493461278
4647.67217172	0.000190469344324
4647.98633099	0.000207886276234
4648.30049025	0.000223780766033
4648.61464952	0.000239626883972
4648.92880878	0.000256221721451
4649.24296805	0.000273832609673
4649.55712731	0.00029242252589
4649.87128658	0.000311852438351
4650.18544584	0.000331866209362
4650.49960511	0.000351990438241
4650.81376437	0.000371562698003
4651.12792364	0.000389797706196
4651.44208291	0.000405763341533
4651.75624217	0.00041888640664
4652.07040144	0.000429334237904
4652.3845607	0.000438133448387
4652.69871997	0.000446195206384
4653.01287923	0.000453811970449
4653.3270385	0.000461426193728
4653.64119776	0.000469897459723
4653.95535703	0.000478811502033
4654.26951629	0.000486736181596
4654.58367556	0.00049291224044
4654.89783482	0.000496977935251
4655.21199409	0.000498803163661
4655.52615336	0.000497994295466
4655.84031262	0.000494331223203
4656.15447189	0.000488583048368
4656.46863115	0.000481861705549
4656.78279042	0.000474841543037
4657.09694968	0.000467660259438
4657.41110895	0.000459954754182
4657.72526821	0.000451111070983
4658.03942748	0.000440517085208
4658.35358674	0.000427776458635
4658.66774601	0.000412496082306
4658.98190527	0.000394101469476
4659.29606454	0.000371832562218
4659.6102238	0.000345216643129
4659.92438307	0.000314759170401
4660.23854234	0.000282268084517
4660.5527016	0.000249254654598
4660.86686087	0.000216212916092
4661.18102013	0.000183093890888
4661.4951794	0.000149743155646
4661.80933866	0.000116242466014
4662.12349793	8.2890356147e-05
4662.43765719	5.01855318168e-05
4662.75181646	1.82723089478e-05
4663.06597572	-1.39164164091e-05
4663.38013499	-4.72911175574e-05
4663.69429425	-8.21284640363e-05
4664.00845352	-0.000117389274083
4664.32261279	-0.000151895061827
4664.63677205	-0.00018508997969
4664.95093132	-0.000217230992091
4665.26509058	-0.000248688629164
4665.57924985	-0.000279110681982
4665.89340911	-0.00030843288251
4666.20756838	-0.000336499461637
4666.52172764	-0.000363013372161
4666.83588691	-0.000388116552464
4667.15004617	-0.000412229319894
4667.46420544	-0.000435707043012
4667.7783647	-0.00045813950707
4668.09252397	-0.000478481425901
4668.40668323	-0.00049614639696
4668.7208425	-0.000511593372007
4669.03500177	-0.000525423294611
4669.34916103	-0.00053784405616
4669.6633203	-0.000548341112749
4669.97747956	-0.000556093928455
4670.29163883	-0.000560284903437
4670.60579809	-0.000560320158413
4670.91995736	-0.000556393060944
4671.23411662	-0.000549418977194
4671.54827589	-0.000540528450267
4671.86243515	-0.000530308316588
4672.17659442	-0.000518717412883
4672.49075368	-0.000505829019352
4672.80491295	-0.00049177805679
4673.11907222	-0.000476061083524
4673.43323148	-0.000458510080893
4673.74739075	-0.000439480084182
4674.06155001	-0.000419876474253
4674.37570928	-0.000400618439818
4674.68986854	-0.000382036286232
4675.00402781	-0.000364135043305
4675.31818707	-0.000347252170058
4675.63234634	-0.000331150751379
4675.9465056	-0.000314827358763
4676.26066487	-0.000297188254944
4676.57482413	-0.000278049509464
4676.8889834	-0.000258139791631
4677.20314266	-0.000238534105093
4677.51730193	-0.000219948749689
4677.8314612	-0.000202807023675
4678.14562046	-0.000187087416784
4678.45977973	-0.000172608899703
4678.77393899	-0.00015897967212
4679.08809826	-0.00014565436712
4679.40225752	-0.000132248286606
4679.71641679	-0.000118932524508
4680.03057605	-0.000105085012905
4680.34473532	-8.98628001845e-05
4680.65889458	-7.30545606346e-05
4680.97305385	-5.53033416688e-05
4681.28721311	-3.729516821e-05
4681.60137238	-1.89393255351e-05
4681.91553165	-1.13549333877e-07
4682.22969091	1.90470353778e-05
4682.54385018	3.8183731291e-05
4682.85800944	5.6640837437e-05
4683.17216871	7.35749498675e-05
4683.48632797	8.86876964045e-05
4683.80048724	0.000103054227104
4684.1146465	0.000118313004748
4684.42880577	0.000134671379787
4684.74296503	0.000151451500224
4685.0571243	0.000168092352058
4685.37128356	0.000184625780746
4685.68544283	0.000201243290853
4685.99960209	0.000218224006777
4686.31376136	0.000235737064211
4686.62792063	0.000253813049524
4686.94207989	0.000271723675195
4687.25623916	0.000288826982839
4687.57039842	0.000304916156389
4687.88455769	0.000320498801739
4688.19871695	0.000336376823138
4688.51287622	0.000352593676141
4688.82703548	0.000368746045613
4689.14119475	0.000384517138572
4689.45535401	0.000399875588251
4689.76951328	0.000414535342049
4690.08367254	0.000427666068109
4690.39783181	0.000438786939001
4690.71199108	0.000447827983622
4691.02615034	0.000454419806063
4691.34030961	0.000458567594719
4691.65446887	0.000461130583151
4691.96862814	0.000463179503195
4692.2827874	0.00046465519925
4692.59694667	0.000465021345239
4692.91110593	0.000463691214943
4693.2252652	0.000460794166515
4693.53942446	0.000456695502023
4693.85358373	0.000451015780309
4694.16774299	0.000443182738776
4694.48190226	0.00043259547151
4694.79606152	0.000419749276783
4695.11022079	0.000405433378607
4695.42438006	0.000389941090113
4695.73853932	0.000373389477917
4696.05269859	0.000355719598151
4696.36685785	0.000336878090637
4696.68101712	0.000316720116563
4696.99517638	0.000295275695946
4697.30933565	0.00027251368585
4697.62349491	0.000248774877418
4697.93765418	0.000224178938179
4698.25181344	0.000198852026688
4698.56597271	0.000172442400222
4698.88013197	0.000143714148864
4699.19429124	0.000111455535956
4699.50845051	7.62889038328e-05
4699.82260977	3.9903902833e-05
4700.13676904	3.64763484457e-06
4700.4509283	-3.19962416967e-05
4700.76508757	-6.68865470391e-05
4701.07924683	-0.000100806467978
4701.3934061	-0.000133491877202
4701.70756536	-0.000164911530353
4702.02172463	-0.00019500749612
4702.33588389	-0.000223739556935
4702.65004316	-0.000251564086281
4702.96420242	-0.000279022636309
4703.27836169	-0.000306474890564
4703.59252095	-0.000333276738293
4703.90668022	-0.000358638516599
4704.22083949	-0.000382157922237
4704.53499875	-0.000404099740596
4704.84915802	-0.000424752776808
4705.16331728	-0.000444316385322
4705.47747655	-0.000462653975006
4705.79163581	-0.000479005615908
4706.10579508	-0.000493527721571
4706.41995434	-0.000506516553064
4706.73411361	-0.000518318614607
4707.04827287	-0.000528985484702
4707.36243214	-0.000537968539992
4707.6765914	-0.000544017223335
4707.99075067	-0.000546867266182
4708.30490994	-0.000546822662084
4708.6190692	-0.000544312020419
4708.93322847	-0.000539478852641
4709.24738773	-0.000532659654385
4709.561547	-0.00052404035254
4709.87570626	-0.00051394842305
4710.18986553	-0.000502532682167
4710.50402479	-0.000489938598332
4710.81818406	-0.000476996330245
4711.13234332	-0.00046435237229
4711.44650259	-0.000451659218906
4711.76066185	-0.0004379092113
4712.07482112	-0.000422605751458
4712.38898039	-0.000405791141167
4712.70313965	-0.000387715606311
4713.01729892	-0.000368481084335
4713.33145818	-0.000348381918593
4713.64561745	-0.000327636158432
4713.95977671	-0.000306420163168
4714.27393598	-0.000285431781936
4714.58809524	-0.000265348365663
4714.90225451	-0.000247016375137
4715.21641377	-0.000230542201426
4715.53057304	-0.000215023829105
4715.8447323	-0.000199356924037
4716.15889157	-0.00018270938074
4716.47305083	-0.000164849989881
4716.7872101	-0.000145598565364
4717.10136937	-0.000125267242391
4717.41552863	-0.000104541081321
4717.7296879	-8.36773210963e-05
4718.04384716	-6.31219033386e-05
4718.35800643	-4.3221329859e-05
4718.67216569	-2.46168539626e-05
4718.98632496	-7.62647221982e-06
4719.30048422	7.91290808394e-06
4719.61464349	2.31663541667e-05
4719.92880275	3.90791097545e-05
4720.24296202	5.60958724025e-05
4720.55712128	7.40782283038e-05
4720.87128055	9.27634442345e-05
4721.18543982	0.000111663386746
4721.49959908	0.00013029957034
4721.81375835	0.000148379838054
4722.12791761	0.000165546826798
4722.44207688	0.000182071720583
4722.75623614	0.000197812768276
4723.07039541	0.000213018114315
4723.38455467	0.000228331033397
4723.69871394	0.000244774448842
4724.0128732	0.000262325938339
4724.32703247	0.00028060640485
4724.64119173	0.000298969517199
4724.955351	0.000316949510889
4725.26951026	0.000334481257828
4725.58366953	0.000351384151562
4725.8978288	0.000367139621406
4726.21198806	0.000381060414738
4726.52614733	0.000392749667109
4726.84030659	0.000402287577556
4727.15446586	0.00041035682539
4727.46862512	0.000418198881316
4727.78278439	0.000426558340889
4728.09694365	0.000435301222836
4728.41110292	0.000443941467327
4728.72526218	0.000451893972231
4729.03942145	0.000458604724722
4729.35358071	0.000463820966955
4729.66773998	0.000467176290449
4729.98189925	0.000468148766446
4730.29605851	0.000466247081703
4730.61021778	0.000461160292788
4730.92437704	0.000452944336447
4731.23853631	0.000442281668826
4731.55269557	0.000429796838453
4731.86685484	0.000415600154038
4732.1810141	0.000399856969359
4732.49517337	0.00038350596317
4732.80933263	0.000367410096074
4733.1234919	0.000351556298196
4733.43765116	0.000335676653685
4733.75181043	0.000319141652699
4734.06596969	0.000301341794433
4734.38012896	0.000281598678457
4734.69428823	0.00025911349727
4735.00844749	0.000233893209454
4735.32260676	0.000207462199585
4735.63676602	0.000180957413412
4735.95092529	0.000154118643632
4736.26508455	0.000125829669829
4736.57924382	9.57065339979e-05
4736.89340308	6.40205811329e-05
4737.20756235	3.16383394332e-05
4737.52172161	-7.62182484451e-07
4737.83588088	-3.26854361172e-05
4738.15004014	-6.40283952046e-05
4738.46419941	-9.52849639799e-05
4738.77835868	-0.000127052282636
4739.09251794	-0.00015910322918
4739.40667721	-0.000190535375353
4739.72083647	-0.000220779824275
4740.03499574	-0.000249817069615
4740.349155	-0.00027814941071
4740.66331427	-0.000306049408592
4740.97747353	-0.000333535979752
4741.2916328	-0.000360233983923
4741.60579206	-0.000385955610267
4741.91995133	-0.000410566327455
4742.23411059	-0.000434195701026
4742.54826986	-0.000456635066756
4742.86242912	-0.000477116967782
4743.17658839	-0.000494478432363
4743.49074766	-0.00050809898495
4743.80490692	-0.000518449976235
4744.11906619	-0.000526799998361
4744.43322545	-0.000533822080913
4744.74738472	-0.000539475957392
4745.06154398	-0.000543488554364
4745.37570325	-0.000545501838364
4745.68986251	-0.000544998078635
4746.00402178	-0.000541656231848
4746.31818104	-0.00053602403327
4746.63234031	-0.000529210871602
4746.94649957	-0.000521998914517
4747.26065884	-0.00051416178518
4747.57481811	-0.000505388909931
4747.88897737	-0.000495615689334
4748.20313664	-0.000484977169767
4748.5172959	-0.000473496210789
4748.83145517	-0.000461066944987
4749.14561443	-0.000447702805387
4749.4597737	-0.000433214126054
4749.77393296	-0.000417834894475
4750.08809223	-0.000402149823611
4750.40225149	-0.000386886021558
4750.71641076	-0.000372368236393
4751.03057002	-0.000358068639671
4751.34472929	-0.000343257360603
4751.65888855	-0.000327260563286
4751.97304782	-0.000309836020345
4752.28720709	-0.000291235678985
4752.60136635	-0.00027187920287
4752.91552562	-0.000252531234517
4753.22968488	-0.000233788570363
4753.54384415	-0.000215138205645
4753.85800341	-0.00019580471364
4754.17216268	-0.000176206556906
4754.48632194	-0.000157592520153
4754.80048121	-0.000140529453277
4755.11464047	-0.000124738495628
4755.42879974	-0.000109000455296
4755.742959	-9.25477488829e-05
4756.05711827	-7.49644432682e-05
4756.37127754	-5.62235525995e-05
4756.6854368	-3.66450414686e-05
4756.99959607	-1.64702603555e-05
4757.31375533	4.47762095113e-06
4757.6279146	2.75092251299e-05
4757.94207386	5.23892643868e-05
4758.25623313	7.65487821398e-05
4758.57039239	9.78800304051e-05
4758.88455166	0.000116227548596
4759.19871092	0.000132786056913
4759.51287019	0.000149227964705
4759.82702945	0.000166611274393
4760.14118872	0.000184744903073
4760.45534798	0.000204001585256
4760.76950725	0.000224314425736
4761.08366652	0.000245595830713
4761.39782578	0.000267559576858
4761.71198505	0.000289613762699
4762.02614431	0.000310525014484
4762.34030358	0.0003294121856
4762.65446284	0.000346079500174
4762.96862211	0.000361055643642
4763.28278137	0.000375227365915
4763.59694064	0.000388967936488
4763.9110999	0.000402265246844
4764.22525917	0.000414963355935
4764.53941843	0.000426901787196
4764.8535777	0.000438124082256
4765.16773697	0.00044838390112
4765.48189623	0.000457615092669
4765.7960555	0.000465434319916
4766.11021476	0.000471263635343
4766.42437403	0.000474502493833
4766.73853329	0.000475073022061
4767.05269256	0.00047371488295
4767.36685182	0.000471333807587
4767.68101109	0.000468401009621
4767.99517035	0.000464641838891
4768.30932962	0.000459516697805
4768.62348888	0.000452541809657
4768.93764815	0.000443720355278
4769.25180741	0.000433270150393
4769.56596668	0.000421700585151
4769.88012595	0.000409265420867
4770.19428521	0.000395746276215
4770.50844448	0.000380857598803
4770.82260374	0.000364249165234
4771.13676301	0.000346172045565
4771.45092227	0.000326953880467
4771.76508154	0.000306704543445
4772.0792408	0.000285524998491
4772.39340007	0.000263764018048
4772.70755933	0.000241303655467
4773.0217186	0.000217396916835
4773.33587786	0.000191215369498
4773.65003713	0.000162396321329
4773.9641964	0.000131243943733
4774.27835566	9.81794681504e-05
4774.59251493	6.39666789484e-05
4774.90667419	2.98000341502e-05
4775.22083346	-3.17203904122e-06
4775.53499272	-3.45471668723e-05
4775.84915199	-6.46958607399e-05
4776.16331125	-9.42721815829e-05
4776.47747052	-0.000123906174443
4776.79162978	-0.000153956462148
4777.10578905	-0.000184438041712
4777.41994831	-0.000215299745733
4777.73410758	-0.000246465755893
4778.04826685	-0.000278095382474
4778.36242611	-0.000310156135037
4778.67658538	-0.00034213073835
4778.99074464	-0.000372064483976
4779.30490391	-0.000397544200547
4779.61906317	-0.000418424277878
4779.93322244	-0.000436052875524
4780.2473817	-0.000451895021359
4780.56154097	-0.000466423756137
4780.87570023	-0.000479437157562
4781.1898595	-0.000490811581031
4781.50401876	-0.00050038280121
4781.81817803	-0.000508278650655
4782.13233729	-0.000514831497693
4782.44649656	-0.000519918836262
4782.76065583	-0.000522731655263
4783.07481509	-0.000522756063486
4783.38897436	-0.000519961277522
4783.70313362	-0.000515079717405
4784.01729289	-0.000508695852335
4784.33145215	-0.000501320175946
4784.64561142	-0.000493142247619
4784.95977068	-0.000484340156727
4785.27392995	-0.000474768138871
4785.58808921	-0.000464501896239
4785.90224848	-0.000453959184677
4786.21640774	-0.000443578026122
4786.53056701	-0.000433491693046
4786.84472628	-0.000423297556581
4787.15888554	-0.000412397935922
4787.47304481	-0.000400431612686
4787.78720407	-0.000387446784189
4788.10136334	-0.000373615914599
4788.4155226	-0.000359014907975
4788.72968187	-0.000343945917727
4789.04384113	-0.000328768773679
4789.3580004	-0.000313377784996
4789.67215966	-0.00029760889168
4789.98631893	-0.000281743713513
4790.30047819	-0.000266068851955
4790.61463746	-0.000250580196516
4790.92879672	-0.000234609946101
4791.24295599	-0.00021771024468
4791.55711526	-0.000199867352402
4791.87127452	-0.000181675858221
4792.18543379	-0.000163581358477
4792.49959305	-0.000145837754492
4792.81375232	-0.000128365162842
4793.12791158	-0.000110635932207
4793.44207085	-9.2170887125e-05
4793.75623011	-7.34314760394e-05
4794.07038938	-5.5493862501e-05
4794.38454864	-3.90007860472e-05
4794.69870791	-2.34200297404e-05
4795.01286717	-7.31299756795e-06
4795.32702644	1.10237591797e-05
4795.64118571	3.18018492385e-05
4795.95534497	5.40274217653e-05
4796.26950424	7.7021257874e-05
4796.5836635	0.000100349051515
4796.89782277	0.000123890914275
4797.21198203	0.000147701477127
4797.5261413	0.000171449181017
4797.84030056	0.000194146341848
4798.15445983	0.000214993631127
4798.46861909	0.000234221496473
4798.78277836	0.000252565835542
4799.09693762	0.000270457133638
4799.41109689	0.000287761998191
4799.72525615	0.000304045595294
4800.03941542	0.00031913483385
4800.35357469	0.000333393885404
4800.66773395	0.000347201643231
4800.98189322	0.000361088763491
4801.29605248	0.000375246325513
4801.61021175	0.000389413566958
4801.92437101	0.000402885240481
4802.23853028	0.000414941012323
4802.55268954	0.000425194376269
4802.86684881	0.000433826155085
4803.18100807	0.000441244250039
4803.49516734	0.000447301597642
4803.8093266	0.000451826252568
4804.12348587	0.000454844364052
4804.43764514	0.000457095734965
4804.7518044	0.000458918342091
4805.06596367	0.000460111874695
4805.38012293	0.000460040430612
4805.6942822	0.000458085680035
4806.00844146	0.000454109931137
4806.32260073	0.0004484074558
4806.63675999	0.000441498689557
4806.95091926	0.000433787991236
4807.26507852	0.000425415109204
4807.57923779	0.0004161359714
4807.89339705	0.000405777137053
4808.20755632	0.000394316550793
4808.52171558	0.000382037439451
4808.83587485	0.000368781757916
4809.15003412	0.000353722913708
4809.46419338	0.000336018739177
4809.77835265	0.00031507162161
4810.09251191	0.000290653843427
4810.40667118	0.000263300157626
4810.72083044	0.000234285742641
4811.03498971	0.000204978317944
4811.34914897	0.000175990841912
4811.66330824	0.00014731416605
4811.9774675	0.00011856998501
4812.29162677	8.94642847559e-05
4812.60578603	5.98585555526e-05
4812.9199453	2.96717183815e-05
4813.23410457	-1.19748933716e-06
4813.54826383	-3.2883798062e-05
4813.8624231	-6.57494807179e-05
4814.17658236	-9.9965236289e-05
4814.49074163	-0.000135158456741
4814.80490089	-0.000170213902896
4815.11906016	-0.000203698984181
4815.43321942	-0.000235208643353
4815.74737869	-0.000265331772502
4816.06153795	-0.000294082405106
4816.37569722	-0.000321007688419
4816.68985648	-0.000346007044761
4817.00401575	-0.000369241171121
4817.31817501	-0.000391089229636
4817.63233428	-0.000411839066839
4817.94649355	-0.000432000627864
4818.26065281	-0.000451496247041
4818.57481208	-0.000469644108023
4818.88897134	-0.000485550822913
4819.20313061	-0.00049899526363
4819.51728987	-0.000510438265875
4819.83144914	-0.000519958945239
4820.1456084	-0.00052653159122
4820.45976767	-0.000528096080816
4820.77392693	-0.000524767535964
4821.0880862	-0.00051900354357
4821.40224546	-0.000513076561714
4821.71640473	-0.00050819240679
4822.030564	-0.000504337340575
4822.34472326	-0.000500811096838
4822.65888253	-0.000495964786561
4822.97304179	-0.000488753249503
4823.28720106	-0.000478333333626
4823.60136032	-0.000464545971751
4823.91551959	-0.000447856629746
4824.22967885	-0.000429002309489
4824.54383812	-0.000408893956033
4824.85799738	-0.00038864294885
4825.17215665	-0.000369065199831
4825.48631591	-0.000350500676867
4825.80047518	-0.000333241657225
4826.11463444	-0.000317685449427
4826.42879371	-0.00030374530039
4826.74295298	-0.000290717281212
4827.05711224	-0.000277718349934
4827.37127151	-0.000264166786221
4827.68543077	-0.000249980785894
4827.99959004	-0.000235056972842
4828.3137493	-0.00021944953941
4828.62790857	-0.000203230987019
4828.94206783	-0.000186423074099
4829.2562271	-0.000169285693813
4829.57038636	-0.000152088565924
4829.88454563	-0.000135494957892
4830.19870489	-0.000119882207088
4830.51286416	-0.000105269563218
4830.82702343	-9.10427379445e-05
4831.14118269	-7.68275901621e-05
4831.45534196	-6.24561090099e-05
4831.76950122	-4.77926892122e-05
4832.08366049	-3.26159891977e-05
4832.39781975	-1.631390615e-05
4832.71197902	1.34369894824e-06
4833.02613828	2.05271785558e-05
4833.34029755	4.07898987621e-05
4833.65445681	6.10493713742e-05
4833.96861608	7.98838650888e-05
4834.28277534	9.68106624165e-05
4834.59693461	0.000112063283349
4834.91109388	0.000126557395807
4835.22525314	0.000141382343362
4835.53941241	0.000157330442958
4835.85357167	0.000174326162567
4836.16773094	0.0001917389192
4836.4818902	0.000209020698578
4836.79604947	0.000226043482688
4837.11020873	0.000242978623542
4837.424368	0.00026020842879
4837.73852726	0.000277616114691
4838.05268653	0.000294846692886
4838.36684579	0.000311654127724
4838.68100506	0.000328160423667
4838.99516432	0.000344425459065
4839.30932359	0.00036004021354
4839.62348286	0.000374267058167
4839.93764212	0.000386599680184
4840.25180139	0.00039675166634
4840.56596065	0.00040491417276
4840.88011992	0.000411456668768
4841.19427918	0.00041732031423
4841.50843845	0.000423424583498
4841.82259771	0.000429092865139
4842.13675698	0.000433532772658
4842.45091624	0.000436443328681
4842.76507551	0.000437993184699
4843.07923477	0.000438452317031
4843.39339404	0.000437741484621
4843.70755331	0.000435616465088
4844.02171257	0.000431945008432
4844.33587184	0.000426541166131
4844.6500311	0.000419556155797
4844.96419037	0.000411416518332
4845.27834963	0.000402812813238
4845.5925089	0.000393422908213
4845.90666816	0.000382323379384
4846.22082743	0.000368583426209
4846.53498669	0.000352379717533
4846.84914596	0.000334498565667
4847.16330522	0.000315681396103
4847.47746449	0.000295974484315
4847.79162375	0.000275168350446
4848.10578302	0.000253136057621
4848.41994229	0.000229942827516
4848.73410155	0.00020539906717
4849.04826082	0.000179388175386
4849.36242008	0.000151855241851
4849.67657935	0.000122699420987
4849.99073861	9.16423116393e-05
4850.30489788	5.88611860526e-05
4850.61905714	2.5375025232e-05
4850.93321641	-7.50139664514e-06
4851.24737567	-3.90663377757e-05
4851.56153494	-6.93708653881e-05
4851.8756942	-9.90099712578e-05
4852.18985347	-0.000128124445711
4852.50401274	-0.000156529481154
4852.818172	-0.000184219946498
4853.13233127	-0.000211274744363
4853.44649053	-0.000238082900404
4853.7606498	-0.000264982353156
4854.07480906	-0.000292194188847
4854.38896833	-0.000319295808684
4854.70312759	-0.000345415600038
4855.01728686	-0.000369630531734
4855.33144612	-0.000391794693976
4855.64560539	-0.00041200962707
4855.95976465	-0.000430218902042
4856.27392392	-0.000446275851756
4856.58808318	-0.000460101574507
4856.90224245	-0.000471961155486
4857.21640172	-0.000482230062174
4857.53056098	-0.000491232399396
4857.84472025	-0.000499209719461
4858.15887951	-0.000505768165178
4858.47303878	-0.00051011595139
4858.78719804	-0.000511004948339
4859.10135731	-0.000507998642567
4859.41551657	-0.00050141430456
4859.72967584	-0.000491868437654
4860.0438351	-0.000479951634111
4860.35799437	-0.000466342246339
4860.67215363	-0.000451752432157
4860.9863129	-0.000436739031425
4861.30047217	-0.000421283184296
4861.61463143	-0.000405397707314
4861.9287907	-0.000389348228479
4862.24294996	-0.000373441033383
4862.55710923	-0.000357578492175
4862.87126849	-0.000341571837437
4863.18542776	-0.000325276411441
4863.49958702	-0.000308799454623
4863.81374629	-0.000292254509851
4864.12790555	-0.000275641732841
4864.44206482	-0.000258708755299
4864.75622408	-0.000241454098887
4865.07038335	-0.000224057865107
4865.38454261	-0.000206891257007
4865.69870188	-0.000190695256471
4866.01286115	-0.000176282771755
4866.32702041	-0.000163566784284
4866.64117968	-0.000151793686039
4866.95533894	-0.000139535209289
4867.26949821	-0.000126203030835
4867.58365747	-0.000111813221194
4867.89781674	-9.69165586675e-05
4868.211976	-8.19833626203e-05
4868.52613527	-6.71425755807e-05
4868.84029453	-5.22780443488e-05
4869.1544538	-3.70785974412e-05
4869.46861306	-2.15895161206e-05
4869.78277233	-6.2635289777e-06
4870.0969316	8.47036699912e-06
4870.41109086	2.30903914116e-05
4870.72525013	3.83498067265e-05
4871.03940939	5.43033362319e-05
4871.35356866	7.07444533799e-05
4871.66772792	8.74123321062e-05
4871.98188719	0.000104663112949
4872.29604645	0.000122599939256
4872.61020572	0.000140503769413
4872.92436498	0.000157773719655
4873.23852425	0.000174062179774
4873.55268351	0.000189222848002
4873.86684278	0.000203161455756
4874.18100204	0.000216149292812
4874.49516131	0.000229061898513
4874.80932058	0.000242901808772
4875.12347984	0.000257924421631
4875.43763911	0.000273786156642
4875.75179837	0.000289716472818
4876.06595764	0.000305203235643
4876.3801169	0.000320084238077
4876.69427617	0.000334254279111
4877.00843543	0.000347605637145
4877.3225947	0.000359921415125
4877.63675396	0.000370879440957
4877.95091323	0.000380338702724
4878.26507249	0.00038857160047
4878.57923176	0.000396034408068
4878.89339103	0.000402899872849
4879.20755029	0.000409104071884
4879.52170956	0.00041446263817
4879.83586882	0.000418582196975
4880.15002809	0.000421294554814
4880.46418735	0.000422687780302
4880.77834662	0.000423131893857
4881.09250588	0.000422527887418
4881.40666515	0.000420351233302
4881.72082441	0.000415570585065
4882.03498368	0.000407584701203
4882.34914294	0.00039687263279
4882.66330221	0.000383799706387
4882.97746147	0.000368447397324
4883.29162074	0.000351980651491
4883.60578001	0.00033531945964
4883.91993927	0.000317793540974
4884.23409854	0.000298637742918
4884.5482578	0.000277919096261
4884.86241707	0.000255999216756
4885.17657633	0.000233200313905
4885.4907356	0.000209846791672
4885.80489486	0.000185674967345
4886.11905413	0.000160453988507
4886.43321339	0.000134722396658
4886.74737266	0.00010913941812
4887.06153192	8.3891459817e-05
4887.37569119	5.85803882293e-05
4887.68985046	3.22360807788e-05
4888.00400972	4.32248701324e-06
4888.31816899	-2.49555219221e-05
4888.63232825	-5.50086814086e-05
4888.94648752	-8.53873124119e-05
4889.26064678	-0.000115955590905
4889.57480605	-0.000146727492466
4889.88896531	-0.000177904112303
4890.20312458	-0.000209039540275
4890.51728384	-0.000239060442526
4890.83144311	-0.000266935455274
4891.14560237	-0.000292271347563
4891.45976164	-0.000315419852515
4891.7739209	-0.000336658014106
4892.08808017	-0.000356354091839
4892.40223944	-0.000374707199593
4892.7163987	-0.000391896705457
4893.03055797	-0.000408186838106
4893.34471723	-0.00042373862997
4893.6588765	-0.000438897780769
4893.97303576	-0.00045381291051
4894.28719503	-0.000468016342552
4894.60135429	-0.000480531225333
4894.91551356	-0.000490505036463
4895.22967282	-0.000497591310283
4895.54383209	-0.000501898163882
4895.85799135	-0.000503606192976
4896.17215062	-0.000502729206529
4896.48630989	-0.000499729953164
4896.80046915	-0.000495208149006
4897.11462842	-0.00048952310409
4897.42878768	-0.000483048800148
4897.74294695	-0.000476260603299
4898.05710621	-0.000469606058617
4898.37126548	-0.000462342376372
4898.68542474	-0.000453251749562
4898.99958401	-0.000441368566367
4899.31374327	-0.000427061259439
4899.62790254	-0.000411435070022
4899.9420618	-0.00039554058876
4900.25622107	-0.000379774830699
4900.57038034	-0.000364409612117
4900.8845396	-0.00034917956284
4901.19869887	-0.000333964738552
4901.51285813	-0.000319001223279
4901.8270174	-0.000304568120019
4902.14117666	-0.00029050294506
4902.45533593	-0.000275830287889
4902.76949519	-0.000259849118475
4903.08365446	-0.000242426921603
4903.39781372	-0.000223919697865
4903.71197299	-0.000204761663784
4904.02613225	-0.000185346136535
4904.34029152	-0.000165820730027
4904.65445078	-0.000146053181953
4904.96861005	-0.000125985890779
4905.28276932	-0.000105954583305
4905.59692858	-8.68528988429e-05
4905.91108785	-6.96293370696e-05
4906.22524711	-5.35487042547e-05
4906.53940638	-3.70325685995e-05
4906.85356564	-1.96078499318e-05
4907.16772491	-1.70452531922e-06
4907.48188417	1.58949329979e-05
4907.79604344	3.30347989556e-05
4908.1102027	4.99272205692e-05
4908.42436197	6.70379108422e-05
4908.73852123	8.42642021953e-05
4909.0526805	0.0001012263499
4909.36683977	0.000117467162429
4909.68099903	0.000132539065446
4909.9951583	0.000146662622759
4910.30931756	0.000160711544954
4910.62347683	0.00017589556392
4910.93763609	0.000192561532908
4911.25179536	0.000210475722541
4911.56595462	0.00022906243019
4911.88011389	0.000248060029547
4912.19427315	0.000267030868679
4912.50843242	0.000285888901575
4912.82259168	0.000304167308492
4913.13675095	0.000321487765708
4913.45091021	0.000337261312586
4913.76506948	0.000351028404603
4914.07922875	0.000362939556402
4914.39338801	0.000373635642342
4914.70754728	0.000383651382854
4915.02170654	0.00039314268223
4915.33586581	0.000401928819968
4915.65002507	0.000409941166297
4915.96418434	0.000417050901432
4916.2783436	0.000423172319146
4916.59250287	0.0004282510212
4916.90666213	0.000432120427683
4917.2208214	0.000434706885198
4917.53498066	0.000435213920166
4917.84913993	0.000432964178209
4918.1632992	0.00042811669945
4918.47745846	0.000421562085953
4918.79161773	0.000413966277426
4919.10577699	0.000405270194753
4919.41993626	0.000395280168817
4919.73409552	0.000384055076675
4920.04825479	0.000371582253557
4920.36241405	0.000357843837595
4920.67657332	0.000343006707635
4920.99073258	0.000327413549305
4921.30489185	0.00031124129843
4921.61905111	0.000293642792289
4921.93321038	0.000273937590077
4922.24736964	0.000252753087794
4922.56152891	0.000231246143199
4922.87568818	0.000210087594924
4923.18984744	0.000189304151475
4923.50400671	0.000168059236244
4923.81816597	0.00014557076611
4924.13232524	0.000122126177139
4924.4464845	9.79821261955e-05
4924.76064377	7.26503291662e-05
4925.07480303	4.53247927581e-05
4925.3889623	1.5432068886e-05
4925.70312156	-1.6959256048e-05
4926.01728083	-5.09471468656e-05
4926.33144009	-8.47976591851e-05
4926.64559936	-0.000116771891202
4926.95975863	-0.000146384232773
4927.27391789	-0.000173955384117
4927.58807716	-0.000199867440531
4927.90223642	-0.000224481523783
4928.21639569	-0.000248180243898
4928.53055495	-0.000271273828912
4928.84471422	-0.000294114425751
4929.15887348	-0.000317062826574
4929.47303275	-0.000340469057519
4929.78719201	-0.000364717927453
4930.10135128	-0.000389224443511
4930.41551054	-0.000412786544234
4930.72966981	-0.000433959013876
4931.04382907	-0.000451541227517
4931.35798834	-0.000465344921137
4931.67214761	-0.00047585455114
4931.98630687	-0.000483573135103
4932.30046614	-0.000489118242429
4932.6146254	-0.000493167742454
4932.92878467	-0.000496226759384
4933.24294393	-0.000498415535825
4933.5571032	-0.00049986101584
4933.87126246	-0.000500342239843
4934.18542173	-0.000498759710586
4934.49958099	-0.000493931632071
4934.81374026	-0.000486151711693
4935.12789952	-0.00047668184186
4935.44205879	-0.000466717510918
4935.75621806	-0.000456949317871
4936.07037732	-0.000447171050163
4936.38453659	-0.000437097508867
4936.69869585	-0.00042626593686
4937.01285512	-0.000414657336198
4937.32701438	-0.000402654572745
4937.64117365	-0.0003908256875
4937.95533291	-0.000378921009042
4938.26949218	-0.000365991254162
4938.58365144	-0.00035168755766
4938.89781071	-0.000336181547129
4939.21196997	-0.000320057908551
4939.52612924	-0.000303661837113
4939.8402885	-0.00028716220223
4940.15444777	-0.000270747159045
4940.46860704	-0.000254210681713
4940.7827663	-0.000237451576004
4941.09692557	-0.000220800124851
4941.41108483	-0.000205378662054
4941.7252441	-0.000191442569361
4942.03940336	-0.00017730987858
4942.35356263	-0.000161295137054
4942.66772189	-0.000143568140406
4942.98188116	-0.000125262866633
4943.29604042	-0.00010751046701
4943.61019969	-9.03931154677e-05
4943.92435895	-7.35813223816e-05
4944.23851822	-5.67917699806e-05
4944.55267749	-3.94929314384e-05
4944.86683675	-2.16811814114e-05
4945.18099602	-4.13561420762e-06
4945.49515528	1.23081677857e-05
4945.80931455	2.79704719919e-05
4946.12347381	4.55125348645e-05
4946.43763308	6.62162368661e-05
4946.75179234	8.81099493231e-05
4947.06595161	0.00010891335702
4947.38011087	0.000128004297105
4947.69427014	0.000145755308979
4948.0084294	0.00016314430266
4948.32258867	0.000180739376923
4948.63674793	0.000198841136464
4948.9509072	0.000217510924837
4949.26506647	0.000236461427152
4949.57922573	0.000254877388883
4949.893385	0.000272836424673
4950.20754426	0.000290698699032
4950.52170353	0.000308560658074
4950.83586279	0.000325660343261
4951.15002206	0.000341500148314
4951.46418132	0.000355963721774
4951.77834059	0.000369019774367
4952.09249985	0.000380860006295
4952.40665912	0.000391641108496
4952.72081838	0.000401420058393
4953.03497765	0.000410041953404
4953.34913692	0.000416949098784
4953.66329618	0.000422001554203
4953.97745545	0.000425781784829
4954.29161471	0.000429159141768
4954.60577398	0.000432355467405
4954.91993324	0.000434859757003
4955.23409251	0.000436078606514
4955.54825177	0.000435496972482
4955.86241104	0.000433109032433
4956.1765703	0.000429074258502
4956.49072957	0.000423536721888
4956.80488883	0.000416054569814
4957.1190481	0.000406405331641
4957.43320737	0.000394672318019
4957.74736663	0.000381127117315
4958.0615259	0.000366480355322
4958.37568516	0.000351372583629
4958.68984443	0.000336322526519
4959.00400369	0.000321439860307
4959.31816296	0.00030624354899
4959.63232222	0.000289900711499
4959.94648149	0.00027196120626
4960.26064075	0.000252337519936
4960.57480002	0.000231111582649
4960.88895928	0.000208362343226
4961.20311855	0.000184133008119
4961.51727781	0.000158029521785
4961.83143708	0.00012989958196
4962.14559635	0.000100246911556
4962.45975561	6.98497948046e-05
4962.77391488	3.92785890885e-05
4963.08807414	8.94445563797e-06
4963.40223341	-2.07089150111e-05
4963.71639267	-4.94568678285e-05
4964.03055194	-7.72322101113e-05
4964.3447112	-0.000104201239146
4964.65887047	-0.000130788087307
4964.97302973	-0.000157627270764
4965.287189	-0.00018552859649
4965.60134826	-0.000214780531994
4965.91550753	-0.000244800260735
4966.2296668	-0.000274492893614
4966.54382606	-0.000303178644071
4966.85798533	-0.000330685498655
4967.17214459	-0.000355965135652
4967.48630386	-0.000377840542555
4967.80046312	-0.000395842786224
4968.11462239	-0.000410583949986
4968.42878165	-0.000423109857259
4968.74294092	-0.000434376000757
4969.05710018	-0.000444973821693
4969.37125945	-0.000455070059455
4969.68541871	-0.000464426021466
4969.99957798	-0.000472189850537
4970.31373724	-0.000477566565522
4970.62789651	-0.000480493992636
4970.94205578	-0.00048092283962
4971.25621504	-0.000479076360973
4971.57037431	-0.000475281616219
4971.88453357	-0.00047012558757
4972.19869284	-0.00046387689411
4972.5128521	-0.000456981615944
4972.82701137	-0.00044977900702
4973.14117063	-0.000442765175441
4973.4553299	-0.000436219516723
4973.76948916	-0.000429609335787
4974.08364843	-0.000421870278082
4974.39780769	-0.000412469265259
4974.71196696	-0.000401546350969
4975.02612623	-0.000389463810734
4975.34028549	-0.000376624293249
4975.65444476	-0.000363152831192
4975.96860402	-0.00034905954778
4976.28276329	-0.000333939016969
4976.59692255	-0.000318025878041
4976.91108182	-0.00030192577912
4977.22524108	-0.00028676751137
4977.53940035	-0.000272987542792
4977.85355961	-0.000259923488347
4978.16771888	-0.000246350153313
4978.48187814	-0.000231726217689
4978.79603741	-0.000216267513219
4979.11019667	-0.000200307793239
4979.42435594	-0.000184137530871
4979.73851521	-0.000167822783147
4980.05267447	-0.000151550982584
4980.36683374	-0.000135499547342
4980.680993	-0.000119970122576
4980.99515227	-0.000104973630739
4981.30931153	-9.05495965332e-05
4981.6234708	-7.63713986231e-05
4981.93763006	-6.1767601819e-05
4982.25178933	-4.63383773422e-05
4982.56594859	-3.03470724789e-05
4982.88010786	-1.43304705369e-05
4983.19426712	1.62665363973e-06
4983.50842639	1.8292704889e-05
4983.82258566	3.6800095623e-05
4984.13674492	5.75921827759e-05
4984.45090419	7.93210084105e-05
4984.76506345	0.000100890734771
4985.07922272	0.00012137116921
4985.39338198	0.000140370368536
4985.70754125	0.00015837815518
4986.02170051	0.000176421702071
4986.33585978	0.000194923349935
4986.65001904	0.000213174531085
4986.96417831	0.000230664659219
4987.27833757	0.000247577608194
4987.59249684	0.000264019730142
4987.9066561	0.000279789836508
4988.22081537	0.000294614949644
4988.53497464	0.000308447692099
4988.8491339	0.000321145067601
4989.16329317	0.000332459145301
4989.47745243	0.00034236321459
4989.7916117	0.000351757868918
4990.10577096	0.000361497803771
4990.41993023	0.000371731857309
4990.73408949	0.000381953892564
4991.04824876	0.000391402190882
4991.36240802	0.000399382852456
4991.67656729	0.000405574837178
4991.99072655	0.000409961811288
4992.30488582	0.00041284837081
4992.61904509	0.000414884996142
4992.93320435	0.000416454603874
4993.24736362	0.000416887344618
4993.56152288	0.000415732163697
4993.87568215	0.000413069570721
4994.18984141	0.000409547033019
4994.50400068	0.000405466996393
4994.81815994	0.000400875627962
4995.13231921	0.000395589897326
4995.44647847	0.000389052945698
4995.76063774	0.000380755047149
4996.074797	0.000370867809679
4996.38895627	0.000359559619982
4996.70311553	0.000346425737848
4997.0172748	0.0003307504475
4997.33143407	0.000311955402106
4997.64559333	0.000290462255286
4997.9597526	0.000267395054314
4998.27391186	0.000243672866772
4998.58807113	0.000219765693168
4998.90223039	0.000195611415451
4999.21638966	0.000171211352125
4999.53054892	0.000146484389313
4999.84470819	0.000121310473237
5000.15886745	9.55085389721e-05
5000.47302672	6.88056371841e-05
5000.78718598	4.08048410983e-05
5001.10134525	1.0777203003e-05
5001.41550452	-2.15085629186e-05
5001.72966378	-5.51550796534e-05
5002.04382305	-8.9112491228e-05
5002.35798231	-0.000122599891958
5002.67214158	-0.000154971596198
5002.98630084	-0.000185602570668
5003.30046011	-0.000214354981986
5003.61461937	-0.000241252478125
5003.92877864	-0.000266500441087
5004.2429379	-0.000290446146487
5004.55709717	-0.000313609428349
5004.87125643	-0.000336276666209
5005.1854157	-0.000358471439722
5005.49957496	-0.000379626776193
5005.81373423	-0.000398751101554
5006.1278935	-0.000415027703251
5006.44205276	-0.000428346693627
5006.75621203	-0.000439012002647
5007.07037129	-0.000447271971644
5007.38453056	-0.000453547901837
5007.69868982	-0.000458072331202
5008.01284909	-0.000461347470177
5008.32700835	-0.000463860923263
5008.64116762	-0.000466159233172
5008.95532688	-0.000468754857838
5009.26948615	-0.000470719378709
5009.58364541	-0.000469985849378
5009.89780468	-0.00046605903286
5010.21196395	-0.000460087820645
5010.52612321	-0.000453219186838
5010.84028248	-0.000445928678732
5011.15444174	-0.000437808032612
5011.46860101	-0.000428287886632
5011.78276027	-0.000416033943822
5012.09691954	-0.000400150100988
5012.4110788	-0.000381712257078
5012.72523807	-0.000362397139636
5013.03939733	-0.000343392216305
5013.3535566	-0.000325950141387
5013.66771586	-0.000310196152247
5013.98187513	-0.000295537608697
5014.29603439	-0.000281523640903
5014.61019366	-0.000268196175088
5014.92435293	-0.00025576485859
5015.23851219	-0.000244066053626
5015.55267146	-0.000232568235597
5015.86683072	-0.000220591490297
5016.18098999	-0.000207426462461
5016.49514925	-0.000192748185253
5016.80930852	-0.000176887888722
5017.12346778	-0.00016031487493
5017.43762705	-0.000143516261709
5017.75178631	-0.000126393582775
5018.06594558	-0.000109049972233
5018.38010484	-9.19843493756e-05
5018.69426411	-7.6129739103e-05
5019.00842338	-6.16532505286e-05
5019.32258264	-4.76341744106e-05
5019.63674191	-3.29427828174e-05
5019.95090117	-1.77886715947e-05
5020.26506044	-3.18714183887e-06
5020.5792197	1.02236442582e-05
5020.89337897	2.2526981645e-05
5021.20753823	3.41678976735e-05
5021.5216975	4.62477792074e-05
5021.83585676	5.99730249549e-05
5022.15001603	7.58806093011e-05
5022.46417529	9.31402556613e-05
5022.77833456	0.00011078402447
5023.09249383	0.000128254215198
5023.40665309	0.000145375861026
5023.72081236	0.000162199161449
5024.03497162	0.000178642182701
5024.34913089	0.000194627929322
5024.66329015	0.000209830253153
5024.97744942	0.000223586171475
5025.29160868	0.000235833307642
5025.60576795	0.000247336901734
5025.91992721	0.000258948741555
5026.23408648	0.000270892226591
5026.54824574	0.000282900979726
5026.86240501	0.000294765411289
5027.17656427	0.000306589407832
5027.49072354	0.000318308594724
5027.80488281	0.000329246121632
5028.11904207	0.000338498735994
5028.43320134	0.000345770108398
5028.7473606	0.000351279904941
5029.06151987	0.000355448846991
5029.37567913	0.000358644224655
5029.6898384	0.000361408583067
5030.00399766	0.000364367596633
5030.31815693	0.000367882916212
5030.63231619	0.000372021468757
5030.94647546	0.000376632451705
5031.26063472	0.000381085362711
5031.57479399	0.000384439392142
5031.88895326	0.000386034644616
5032.20311252	0.000385535088497
5032.51727179	0.00038249962333
5032.83143105	0.000376596337042
5033.14559032	0.000367968471653
5033.45974958	0.000357243809231
5033.77390885	0.000344791410654
5034.08806811	0.00033083299063
5034.40222738	0.000315240587491
5034.71638664	0.000297806161888
5035.03054591	0.000278734208536
5035.34470517	0.000258443970168
5035.65886444	0.0002374420716
5035.9730237	0.000215972228819
5036.28718297	0.000193963254665
5036.60134224	0.000171046666391
5036.9155015	0.000146661966275
5037.22966077	0.00012054535
5037.54382003	9.31061170297e-05
5037.8579793	6.51182554275e-05
5038.17213856	3.72739074959e-05
5038.48629783	9.55917180735e-06
5038.80045709	-1.80159068519e-05
5039.11461636	-4.54629795676e-05
5039.42877562	-7.24910820689e-05
5039.74293489	-9.86200807786e-05
5040.05709415	-0.000123615914843
5040.37125342	-0.000147875634159
5040.68541269	-0.000172119047455
5040.99957195	-0.000196940174895
5041.31373122	-0.000222142582831
5041.62789048	-0.00024699045095
5041.94204975	-0.000270805352428
5042.25620901	-0.000293476471315
5042.57036828	-0.000315463560137
5042.88452754	-0.000336664286085
5043.19868681	-0.000356398369347
5043.51284607	-0.000374360372634
5043.82700534	-0.00039040324312
5044.1411646	-0.000404618228148
5044.45532387	-0.000417243309471
5044.76948313	-0.000428843731507
5045.0836424	-0.000439565633212
5045.39780167	-0.000448745140974
5045.71196093	-0.00045539119871
5046.0261202	-0.000459130834371
5046.34027946	-0.000460280699262
5046.65443873	-0.000459387775121
5046.96859799	-0.00045693782938
5047.28275726	-0.000453175110433
5047.59691652	-0.000448046016376
5047.91107579	-0.000441523672889
5048.22523505	-0.000434056178564
5048.53939432	-0.0004253927904
5048.85355358	-0.0004153287257
5049.16771285	-0.000404118900336
5049.48187212	-0.000392004671376
5049.79603138	-0.000378672035908
5050.11019065	-0.000364153869354
5050.42434991	-0.000349091114016
5050.73850918	-0.000333665447441
5051.05266844	-0.000317992366811
5051.36682771	-0.000301875988505
5051.68098697	-0.000285427301472
5051.99514624	-0.000268545103839
5052.3093055	-0.000251436299877
5052.62346477	-0.000234660272197
5052.93762403	-0.000218843100389
5053.2517833	-0.000204044664757
5053.56594256	-0.000189600145348
5053.88010183	-0.000174823071166
5054.1942611	-0.000159629151761
5054.50842036	-0.000144444627949
5054.82257963	-0.000129457516599
5055.13673889	-0.000114551455685
5055.45089816	-9.94570149017e-05
5055.76505742	-8.39115874603e-05
5056.07921669	-6.76893335102e-05
5056.39337595	-5.09007795277e-05
5056.70753522	-3.42800759813e-05
5057.02169448	-1.88547544364e-05
5057.33585375	-4.41268562345e-06
5057.65001301	9.89465529472e-06
5057.96417228	2.46121865707e-05
5058.27833155	3.92701770964e-05
5058.59249081	5.32118470791e-05
5058.90665008	6.62422781825e-05
5059.22080934	7.89702299749e-05
5059.53496861	9.23010661814e-05
5059.84912787	0.000106418523149
5060.16328714	0.000120796981107
5060.4774464	0.000134679623502
5060.79160567	0.000147335707113
5061.10576493	0.000158757823261
5061.4199242	0.000170006071891
5061.73408346	0.000182227674911
5062.04824273	0.000195850129345
5062.36240199	0.000210612496336
5062.67656126	0.000226069695262
5062.99072053	0.000241805915953
5063.30487979	0.000257337035796
5063.61903906	0.000272305069601
5063.93319832	0.000286195151975
5064.24735759	0.000298333446278
5064.56151685	0.000308552315147
5064.87567612	0.000316610251212
5065.18983538	0.000323223988365
5065.50399465	0.000330235477766
5065.81815391	0.000338599001484
5066.13231318	0.000347836189971
5066.44647244	0.000357112121546
5066.76063171	0.000365886598632
5067.07479098	0.00037368575488
5067.38895024	0.000379967269505
5067.70310951	0.00038457792746
5068.01726877	0.000387666905446
5068.33142804	0.000389101148416
5068.6455873	0.000388386261729
5068.95974657	0.000385213980637
5069.27390583	0.000380009029496
5069.5880651	0.000373980232045
5069.90222436	0.00036764575645
5070.21638363	0.00036122828795
5070.53054289	0.000353872586861
5070.84470216	0.000345114854571
5071.15886142	0.000334879313523
5071.47302069	0.000322907116375
5071.78717996	0.000309050072177
5072.10133922	0.000293027196491
5072.41549849	0.000274308326719
5072.72965775	0.000252418000223
5073.04381702	0.000227766474923
5073.35797628	0.000202098464214
5073.67213555	0.000176640437689
5073.98629481	0.000151276661412
5074.30045408	0.00012527874337
5074.61461334	9.8386128327e-05
5074.92877261	7.08321680645e-05
5075.24293187	4.31415501889e-05
5075.55709114	1.59363049587e-05
5075.87125041	-1.03669008075e-05
5076.18540967	-3.60264974013e-05
5076.49956894	-6.19006826541e-05
5076.8137282	-8.86400288616e-05
5077.12788747	-0.000115938252831
5077.44204673	-0.000142842866922
5077.756206	-0.000168726527124
5078.07036526	-0.000193581098647
5078.38452453	-0.000217664361694
5078.69868379	-0.000240899726992
5079.01284306	-0.000263268577233
5079.32700232	-0.000284661777243
5079.64116159	-0.000304880150475
5079.95532086	-0.000323878013329
5080.26948012	-0.000341953185928
5080.58363939	-0.000359590058743
5080.89779865	-0.000377021982617
5081.21195792	-0.000393783346376
5081.52611718	-0.000408678583813
5081.84027645	-0.000420685310917
5082.15443571	-0.000429585715294
5082.46859498	-0.000436218210452
5082.78275424	-0.000441569693544
5083.09691351	-0.000446081406204
5083.41107277	-0.000449686028079
5083.72523204	-0.000451952719773
5084.0393913	-0.000452178497244
5084.35355057	-0.000450647677119
5084.66770984	-0.000448479305655
5084.9818691	-0.00044570824184
5085.29602837	-0.000441861501838
5085.61018763	-0.000436261187192
5085.9243469	-0.000428832392218
5086.23850616	-0.000419800554599
5086.55266543	-0.000409664078881
5086.86682469	-0.000398651526836
5087.18098396	-0.000386818365438
5087.49514322	-0.000374179542332
5087.80930249	-0.000360738618759
5088.12346175	-0.000346789780541
5088.43762102	-0.000332812871424
5088.75178029	-0.000319149319954
5089.06593955	-0.000305736985727
5089.38009882	-0.000292107308312
5089.69425808	-0.000278153635201
5090.00841735	-0.000264455234856
5090.32257661	-0.000251642536284
5090.63673588	-0.000239559432099
5090.95089514	-0.000225687660143
5091.26505441	-0.00020909771221
5091.57921367	-0.000191452361826
5091.89337294	-0.00017503457163
5092.2075322	-0.000160415162762
5092.52169147	-0.000147127398509
5092.83585073	-0.000134227707264
5093.15001	-0.000120495612346
5093.46416927	-0.000104242708688
5093.77832853	-8.4595824019e-05
5094.0924878	-6.21120579612e-05
5094.40664706	-3.83080410667e-05
5094.72080633	-1.44391684415e-05
5095.03496559	8.85569605359e-06
5095.34912486	3.10534905811e-05
5095.66328412	5.16424150461e-05
5095.97744339	7.02456527555e-05
5096.29160265	8.63817338249e-05
5096.60576192	9.9991332879e-05
5096.91992118	0.000111596889283
5097.23408045	0.00012244287496
5097.54823972	0.000133729117865
5097.86239898	0.000146003074031
5098.17655825	0.000159155022717
5098.49071751	0.000173095409074
5098.80487678	0.000187675100691
5099.11903604	0.00020301509717
5099.43319531	0.000218935789081
5099.74735457	0.000234975539054
5100.06151384	0.000250266406173
5100.3756731	0.000263886892009
5100.68983237	0.000275275798347
5101.00399163	0.00028468668181
5101.3181509	0.000293188387045
5101.63231016	0.000301871476469
5101.94646943	0.000311289455292
5102.2606287	0.000321426433327
5102.57478796	0.000332031199236
5102.88894723	0.000342762105561
5103.20310649	0.000353247718515
5103.51726576	0.000362950651135
5103.83142502	0.000371661033118
5104.14558429	0.000379284036678
5104.45974355	0.000385367916416
5104.77390282	0.000389574888073
5105.08806208	0.000391831646953
5105.40222135	0.000392715980478
5105.71638061	0.000392526327284
5106.03053988	0.00039123421215
5106.34469915	0.000388338135544
5106.65885841	0.000383656682806
5106.97301768	0.000377003627047
5107.28717694	0.000368532064549
5107.60133621	0.000358600433169
5107.91549547	0.000347204960472
5108.22965474	0.00033389266263
5108.543814	0.000318581680005
5108.85797327	0.000301754157627
5109.17213253	0.000283628279562
5109.4862918	0.000264049272792
5109.80045106	0.000242808381217
5110.11461033	0.000220126130114
5110.42876959	0.000196622038382
5110.74292886	0.00017305531355
5111.05708813	0.000150046392354
5111.37124739	0.000128110752007
5111.68540666	0.000107517616809
5111.99956592	8.79054858611e-05
5112.31372519	6.81457338437e-05
5112.62788445	4.70574977244e-05
5112.94204372	2.44940348088e-05
5113.25620298	1.11119016655e-06
5113.57036225	-2.25282400724e-05
5113.88452151	-4.63546662422e-05
5114.19868078	-7.05988313743e-05
5114.51284004	-9.5418542172e-05
5114.82699931	-0.000120881996309
5115.14115858	-0.000146957363614
5115.45531784	-0.00017302781785
5115.76947711	-0.000197898338341
5116.08363637	-0.000220830034559
5116.39779564	-0.000242442442778
5116.7119549	-0.000263808019222
5117.02611417	-0.000285154806893
5117.34027343	-0.000305823426684
5117.6544327	-0.000325081408231
5117.96859196	-0.000342589897478
5118.28275123	-0.000358331344397
5118.59691049	-0.000372265383965
5118.91106976	-0.000384550547882
5119.22522902	-0.000395138075934
5119.53938829	-0.000404145831764
5119.85354756	-0.000411258405727
5120.16770682	-0.000416922916149
5120.48186609	-0.000421888224187
5120.79602535	-0.000426677724194
5121.11018462	-0.000430853728254
5121.42434388	-0.000433665078057
5121.73850315	-0.000434811601999
5122.05266241	-0.000434438177149
5122.36682168	-0.000432715847042
5122.68098094	-0.000429603951603
5122.99514021	-0.0004250785439
5123.30929947	-0.000419116046375
5123.62345874	-0.000411721777922
5123.93761801	-0.000403028860404
5124.25177727	-0.000393332882875
5124.56593654	-0.000383283638164
5124.8800958	-0.000373173685655
5125.19425507	-0.000362798317978
5125.50841433	-0.000351630072528
5125.8225736	-0.000339727713919
5126.13673286	-0.000327333895536
5126.45089213	-0.00031486057458
5126.76505139	-0.000302328078055
5127.07921066	-0.000289553434357
5127.39336992	-0.000276401603804
5127.70752919	-0.000262870387145
5128.02168845	-0.00024928841845
5128.33584772	-0.000236147892052
5128.65000699	-0.0002238934612
5128.96416625	-0.000212172691988
5129.27832552	-0.000199837183845
5129.59248478	-0.00018581502323
5129.90664405	-0.000169975602335
5130.22080331	-0.000153283016205
5130.53496258	-0.000136589178768
5130.84912184	-0.000120068953293
5131.16328111	-0.00010365446149
5131.47744037	-8.70201486947e-05
5131.79159964	-7.0127256445e-05
5132.1057589	-5.33847096429e-05
5132.41991817	-3.74193996963e-05
5132.73407744	-2.28515540744e-05
5133.0482367	-9.17778922194e-06
5133.36239597	4.83689582282e-06
5133.67655523	2.02178384712e-05
5133.9907145	3.68687600988e-05
5134.30487376	5.40287801447e-05
5134.61903303	7.09866773261e-05
5134.93319229	8.75365428193e-05
5135.24735156	0.000104104392059
5135.56151082	0.00012116544573
5135.87567009	0.000138862173146
5136.18982935	0.000156268640519
5136.50398862	0.000172498531434
5136.81814789	0.000187197395895
5137.13230715	0.000201112202681
5137.44646642	0.000215323046552
5137.76062568	0.000230721526538
5138.07478495	0.000247689143278
5138.38894421	0.000266336623078
5138.70310348	0.000286253302307
5139.01726274	0.000306521653949
5139.33142201	0.000325758882653
5139.64558127	0.000342915954241
5139.95974054	0.000357416618133
5140.2738998	0.000368969684758
5140.58805907	0.000377265966613
5140.90221833	0.000382745386849
5141.2163776	0.00038647423396
5141.53053687	0.00038933174074
5141.84469613	0.000391670677527
5142.1588554	0.000393591993432
5142.47301466	0.000394888103421
5142.78717393	0.000395681638392
5143.10133319	0.000396006006099
5143.41549246	0.000396032793175
5143.72965172	0.000395641818745
5144.04381099	0.000394390880793
5144.35797025	0.000391654772353
5144.67212952	0.000386885166537
5144.98628878	0.000380192808736
5145.30044805	0.000372079983485
5145.61460732	0.000362554231975
5145.92876658	0.000351469986959
5146.24292585	0.000338490587962
5146.55708511	0.000323638614055
5146.87124438	0.000307423388276
5147.18540364	0.000290881397716
5147.49956291	0.000274354004366
5147.81372217	0.000257232500711
5148.12788144	0.000238298873084
5148.4420407	0.000216609672491
5148.75619997	0.000192496008582
5149.07035923	0.000167222509913
5149.3845185	0.000141991776823
5149.69867776	0.000117113035718
5150.01283703	9.2446080844e-05
5150.3269963	6.76524195838e-05
5150.64115556	4.25012441087e-05
5150.95531483	1.68659986763e-05
5151.26947409	-9.14599921996e-06
5151.58363336	-3.54764166508e-05
5151.89779262	-6.22167723822e-05
5152.21195189	-8.96467770853e-05
5152.52611115	-0.000117846924206
5152.84027042	-0.000146266971997
5153.15442968	-0.000173851564868
5153.46858895	-0.00019986791684
5153.78274821	-0.000224264305639
5154.09690748	-0.000247327113192
5154.41106675	-0.000269277095673
5154.72522601	-0.000290127520091
5155.03938528	-0.000309783323372
5155.35354454	-0.000327798712522
5155.66770381	-0.000343865322645
5155.98186307	-0.000358130778216
5156.29602234	-0.000371180469297
5156.6101816	-0.000383546128581
5156.92434087	-0.000395016395279
5157.23850013	-0.000404872157576
5157.5526594	-0.000412898823863
5157.86681866	-0.000418945893859
5158.18097793	-0.000422944212834
5158.49513719	-0.000425086910703
5158.80929646	-0.000425551375826
5159.12345573	-0.000424538578702
5159.43761499	-0.000422226033765
5159.75177426	-0.000418839424404
5160.06593352	-0.000414906896234
5160.38009279	-0.000410939068738
5160.69425205	-0.000407258411613
5161.00841132	-0.000403374089825
5161.32257058	-0.000398743494938
5161.63672985	-0.000393203927661
5161.95088911	-0.000387213693718
5162.26504838	-0.000380814916534
5162.57920764	-0.000373491985301
5162.89336691	-0.00036433205893
5163.20752618	-0.000353405058299
5163.52168544	-0.000341547216904
5163.83584471	-0.000329273804755
5164.15000397	-0.000316928591084
5164.46416324	-0.000304751379879
5164.7783225	-0.000292463155838
5165.09248177	-0.000278855147448
5165.40664103	-0.000263282015321
5165.7208003	-0.000245759604463
5166.03495956	-0.000227111355986
5166.34911883	-0.000208392806172
5166.66327809	-0.000190087093139
5166.97743736	-0.000172318083966
5167.29159662	-0.000155013842284
5167.60575589	-0.00013828859871
5167.91991516	-0.000122392782879
5168.23407442	-0.000107563245894
5168.54823369	-9.39346661052e-05
5168.86239295	-8.09105111863e-05
5169.17655222	-6.74435494179e-05
5169.49071148	-5.28926170515e-05
5169.80487075	-3.72155623579e-05
5170.11903001	-2.08937184477e-05
5170.43318928	-4.29586184733e-06
5170.74734854	1.23416480867e-05
5171.06150781	2.87815889096e-05
5171.37566707	4.47120822168e-05
5171.68982634	5.9727630197e-05
5172.00398561	7.31892892067e-05
5172.31814487	8.47131029086e-05
5172.63230414	9.47682006322e-05
5172.9464634	0.000104918122082
5173.26062267	0.000116675509895
5173.57478193	0.000129850740693
5173.8889412	0.000143235994855
5174.20310046	0.000156289854091
5174.51725973	0.000169571221515
5174.83141899	0.000183927660284
5175.14557826	0.000199494148944
5175.45973752	0.000216019704848
5175.77389679	0.000233310271617
5176.08805605	0.000250877196685
5176.40221532	0.000267899376548
5176.71637459	0.000283745368632
5177.03053385	0.000298388200576
5177.34469312	0.000312026345722
5177.65885238	0.00032486210381
5177.97301165	0.000336474218705
5178.28717091	0.000346414434379
5178.60133018	0.000354651496977
5178.91548944	0.000361601645334
5179.22964871	0.00036757269693
5179.54380797	0.000372838530717
5179.85796724	0.000377326643091
5180.1721265	0.000380557309119
5180.48628577	0.000382106900645
5180.80044504	0.00038194902505
5181.1146043	0.000380651729302
5181.42876357	0.000378461537017
5181.74292283	0.000375539086385
5182.0570821	0.000371816093983
5182.37124136	0.000367406183373
5182.68540063	0.000362206355334
5182.99955989	0.000356109087678
5183.31371916	0.000349022107209
5183.62787842	0.000340844483251
5183.94203769	0.000331272780424
5184.25619695	0.000319581462689
5184.57035622	0.000305476099734
5184.88451548	0.000289506397848
5185.19867475	0.000272391863053
5185.51283402	0.000254438402358
5185.82699328	0.000235560831138
5186.14115255	0.000215358995704
5186.45531181	0.00019394474866
5186.76947108	0.000171253786212
5187.08363034	0.00014745954625
5187.39778961	0.000122629356983
5187.71194887	9.66500191651e-05
5188.02610814	6.93576127459e-05
5188.3402674	4.02976274282e-05
5188.65442667	9.81783256989e-06
5188.96858593	-2.0684870808e-05
5189.2827452	-4.94437586495e-05
5189.59690447	-7.61805819552e-05
5189.91106373	-0.000101751836716
5190.225223	-0.000127198647551
5190.53938226	-0.000152636575669
5190.85354153	-0.000177449536237
5191.16770079	-0.000200564014726
5191.48186006	-0.00022153151355
5191.79601932	-0.000240827588591
5192.11017859	-0.000259438254535
5192.42433785	-0.00027814956141
5192.73849712	-0.000296683703862
5193.05265638	-0.000314209608544
5193.36681565	-0.000330176847489
5193.68097491	-0.000344276867938
5193.99513418	-0.000356363719041
5194.30929345	-0.000366582130238
5194.62345271	-0.000375108027503
5194.93761198	-0.000381954995318
5195.25177124	-0.000387135017315
5195.56593051	-0.000390780648238
5195.88008977	-0.000393244480127
5196.19424904	-0.000394809122467
5196.5084083	-0.000395696877005
5196.82256757	-0.000395657210564
5197.13672683	-0.000394051364953
5197.4508861	-0.00039055011941
5197.76504536	-0.00038529969506
5198.07920463	-0.000378747333495
5198.3933639	-0.000371428334852
5198.70752316	-0.000363858688596
5199.02168243	-0.000356433227869
5199.33584169	-0.000349255047443
5199.65000096	-0.000342426065196
5199.96416022	-0.000335755051918
5200.27831949	-0.000327943768417
5200.59247875	-0.000318746197528
5200.90663802	-0.00030866868623
5201.22079728	-0.000297528492515
5201.53495655	-0.000285791775504
5201.84911581	-0.000273733987673
5202.16327508	-0.000261513161706
5202.47743435	-0.000248942195633
5202.79159361	-0.000235409011786
5203.10575288	-0.000220509452215
5203.41991214	-0.000204258756656
5203.73407141	-0.000187058803843
5204.04823067	-0.000169846370265
5204.36238994	-0.000153414956029
5204.6765492	-0.000138172319409
5204.99070847	-0.000123683125202
5205.30486773	-0.000109607213301
5205.619027	-9.55596480774e-05
5205.93318626	-8.15504664183e-05
5206.24734553	-6.76934635748e-05
5206.56150479	-5.37302761024e-05
5206.87566406	-3.96095344704e-05
5207.18982333	-2.53253554356e-05
5207.50398259	-1.11403155637e-05
5207.81814186	2.64069768983e-06
5208.13230112	1.54052065943e-05
5208.44646039	2.68611101646e-05
5208.76061965	3.72637630407e-05
5209.07477892	4.73541438584e-05
5209.38893818	5.79300237543e-05
5209.70309745	6.91940653072e-05
5210.01725671	8.10533443783e-05
5210.33141598	9.32486759766e-05
5210.64557524	0.000105548405891
5210.95973451	0.000117827409147
5211.27389378	0.000129838386061
5211.58805304	0.00014171712668
5211.90221231	0.000153441458202
5212.21637157	0.000164900298821
5212.53053084	0.00017590789981
5212.8446901	0.000186604753857
5213.15884937	0.000197655674954
5213.47300863	0.000209155862544
5213.7871679	0.000220822516829
5214.10132716	0.000232224341476
5214.41548643	0.000242948443952
5214.72964569	0.000252573868714
5215.04380496	0.000260954787811
5215.35796422	0.000268209311184
5215.67212349	0.000274540461232
5215.98628276	0.000280632884607
5216.30044202	0.000286318903535
5216.61460129	0.000291012517063
5216.92876055	0.000294904597622
5217.24291982	0.000298516108374
5217.55707908	0.000302595189648
5217.87123835	0.000307506855908
5218.18539761	0.00031316444238
5218.49955688	0.000319298705455
5218.81371614	0.000325509808924
5219.12787541	0.000331365015658
5219.44203467	0.000336495117843
5219.75619394	0.000340204161425
5220.07035321	0.000341415997586
5220.38451247	0.000339093344582
5220.69867174	0.000333130894999
5221.012831	0.000324439630277
5221.32699027	0.000314111366259
5221.64114953	0.000302605167516
5221.9553088	0.000289794651874
5222.26946806	0.000275185602388
5222.58362733	0.000259000922566
5222.89778659	0.000241711533745
5223.21194586	0.000223722737785
5223.52610512	0.000205554847072
5223.84026439	0.000187348501721
5224.15442365	0.00016862868977
5224.46858292	0.00014894709877
5224.78274219	0.00012812046196
5225.09690145	0.000106392266692
5225.41106072	8.39288111895e-05
5225.72521998	6.05004208904e-05
5226.03937925	3.59106456174e-05
5226.35353851	1.01186114936e-05
5226.66769778	-1.66926066488e-05
5226.98185704	-4.41553737146e-05
5227.29601631	-7.19020501354e-05
5227.61017557	-9.9545343516e-05
5227.92433484	-0.000126646884053
5228.2384941	-0.000152554165327
5228.55265337	-0.000176820490103
5228.86681264	-0.000199461708831
5229.1809719	-0.000220818492824
5229.49513117	-0.000241060710411
5229.80929043	-0.000260356637732
5230.1234497	-0.000278741102982
5230.43760896	-0.000296019006793
5230.75176823	-0.000311889494058
5231.06592749	-0.000326177434843
5231.38008676	-0.000338975272082
5231.69424602	-0.000350287949689
5232.00840529	-0.000360602457307
5232.32256455	-0.0003702310033
5232.63672382	-0.000379402739056
5232.95088308	-0.000387750943684
5233.26504235	-0.000394729039084
5233.57920162	-0.000400132835445
5233.89336088	-0.000404006852776
5234.20752015	-0.000406418224271
5234.52167941	-0.000407430026675
5234.83583868	-0.000406949393188
5235.14999794	-0.000404829185165
5235.46415721	-0.000401151504563
5235.77831647	-0.000396291644578
5236.09247574	-0.000390696464833
5236.406635	-0.000384761136245
5236.72079427	-0.000378599038352
5237.03495353	-0.000371658558547
5237.3491128	-0.000363123032373
5237.66327207	-0.000352805003409
5237.97743133	-0.000340982820998
5238.2915906	-0.000328049348595
5238.60574986	-0.000314315919384
5238.91990913	-0.000299966992657
5239.23406839	-0.000285135896441
5239.54822766	-0.000270241053132
5239.86238692	-0.000255616173444
5240.17654619	-0.000241693632365
5240.49070545	-0.000228642763196
5240.80486472	-0.000216008684797
5241.11902398	-0.000203192061933
5241.43318325	-0.000189919785282
5241.74734251	-0.000176381921205
5242.06150178	-0.000163037510661
5242.37566105	-0.000150135560906
5242.68982031	-0.000137667557889
5243.00397958	-0.000125660017728
5243.31813884	-0.000113733789607
5243.63229811	-0.000100837958909
5243.94645737	-8.6613769042e-05
5244.26061664	-7.1806836308e-05
5244.5747759	-5.72858660734e-05
5244.88893517	-4.33231834671e-05
5245.20309443	-2.93542535424e-05
5245.5172537	-1.41200391683e-05
5245.83141296	2.7556599751e-06
5246.14557223	2.07553539368e-05
5246.4597315	3.96909179514e-05
5246.77389076	5.91169075906e-05
5247.08805003	7.81225269246e-05
5247.40220929	9.60662404746e-05
5247.71636856	0.000112759712653
5248.03052782	0.000128118125235
5248.34468709	0.000142011813816
5248.65884635	0.000154443804251
5248.97300562	0.000165966584423
5249.28716488	0.000177393365781
5249.60132415	0.000189427426037
5249.91548341	0.000201780230538
5250.22964268	0.000214284811905
5250.54380194	0.000226788295844
5250.85796121	0.00023918697853
5251.17212048	0.000251438041439
5251.48627974	0.000263448201676
5251.80043901	0.000274930843706
5252.11459827	0.000285353325193
5252.42875754	0.000294378855638
5252.7429168	0.000301870562458
5253.05707607	0.000308403662182
5253.37123533	0.000314314443033
5253.6853946	0.000319626388288
5253.99955386	0.000324177625757
5254.31371313	0.000327703979086
5254.62787239	0.000330195952902
5254.94203166	0.000332003849641
5255.25619093	0.000334369378298
5255.57035019	0.000337515036296
5255.88450946	0.000340372365035
5256.19866872	0.000341223435743
5256.51282799	0.00033911193975
5256.82698725	0.000334458758865
5257.14114652	0.000328304549141
5257.45530578	0.000321500429959
5257.76946505	0.00031407146382
5258.08362431	0.000305991012573
5258.39778358	0.000297210103715
5258.71194284	0.000287920714215
5259.02610211	0.000277977438809
5259.34026138	0.00026724947054
5259.65442064	0.000255452704192
5259.96857991	0.000241987988463
5260.28273917	0.000226218432406
5260.59689844	0.000207926233686
5260.9110577	0.00018760729471
5261.22521697	0.000166156817776
5261.53937623	0.000144156921003
5261.8535355	0.000121627739129
5262.16769476	9.83705534281e-05
5262.48185403	7.44637248585e-05
5262.79601329	5.03079571977e-05
5263.11017256	2.61863681793e-05
5263.42433182	2.32849915701e-06
5263.73849109	-2.12888581975e-05
5264.05265036	-4.51020935134e-05
5264.36680962	-6.94500915669e-05
5264.68096889	-9.43232504853e-05
5264.99512815	-0.000119214468123
5265.30928742	-0.000143565692881
5265.62344668	-0.000166983690962
5265.93760595	-0.000189418590537
5266.25176521	-0.000211269262231
5266.56592448	-0.000232421104048
5266.88008374	-0.000252872909542
5267.19424301	-0.000272443984715
5267.50840227	-0.000290914650709
5267.82256154	-0.000308606880113
5268.13672081	-0.00032588882287
5268.45088007	-0.000343317029898
5268.76503934	-0.000360837274852
5269.0791986	-0.000377553588983
5269.39335787	-0.000392304301153
5269.70751713	-0.000403746310817
5270.0216764	-0.000411335180246
5270.33583566	-0.000416105211907
5270.64999493	-0.000419380716125
5270.96415419	-0.000421838067904
5271.27831346	-0.000423444782389
5271.59247272	-0.000423950356985
5271.90663199	-0.000422992645389
5272.22079125	-0.000420130301931
5272.53495052	-0.000415843972215
5272.84910979	-0.000410467099906
5273.16326905	-0.000403067822575
5273.47742832	-0.000393199998166
5273.79158758	-0.000381855764851
5274.10574685	-0.000370089474229
5274.41990611	-0.000358456308675
5274.73406538	-0.000346970696321
5275.04822464	-0.000335481763558
5275.36238391	-0.00032387054061
5275.67654317	-0.000312195413046
5275.99070244	-0.000300719921117
5276.3048617	-0.000289630111952
5276.61902097	-0.000278857163627
5276.93318024	-0.000267686581848
5277.2473395	-0.000255149079349
5277.56149877	-0.000240729882369
5277.87565803	-0.000225453785458
5278.1898173	-0.000209911976824
5278.50397656	-0.000194421878197
5278.81813583	-0.000179063844208
5279.13229509	-0.000163947834037
5279.44645436	-0.000149378847073
5279.76061362	-0.000135721666057
5280.07477289	-0.000123558527632
5280.38893215	-0.00011334051307
5280.70309142	-0.000104661135484
5281.01725068	-9.6534660832e-05
5281.33140995	-8.65422943559e-05
5281.64556922	-7.35351231917e-05
5281.95972848	-5.8335897575e-05
5282.27388775	-4.21824391775e-05
5282.58804701	-2.58114599042e-05
5282.90220628	-9.54196070696e-06
5283.21636554	6.75661557296e-06
5283.53052481	2.33368987209e-05
5283.84468407	4.01349945511e-05
5284.15884334	5.6873642764e-05
5284.4730026	7.31358328063e-05
5284.78716187	8.8753433797e-05
5285.10132113	0.000104050281046
5285.4154804	0.00011926557048
5285.72963967	0.000134370777766
5286.04379893	0.000149249093839
5286.3579582	0.000163695087561
5286.67211746	0.000177853226305
5286.98627673	0.000191752831299
5287.30043599	0.00020559571876
5287.61459526	0.000219180895057
5287.92875452	0.00023228702801
5288.24291379	0.000244263772534
5288.55707305	0.000254859518256
5288.87123232	0.000264302001465
5289.18539158	0.000273167520891
5289.49955085	0.000281819549858
5289.81371011	0.00029029726845
5290.12786938	0.000298606194375
5290.44202865	0.000306800736796
5290.75618791	0.000314871587794
5291.07034718	0.000322799200055
5291.38450644	0.000330512853854
5291.69866571	0.000337586928076
5292.01282497	0.000343304584389
5292.32698424	0.00034704853325
5292.6411435	0.000348758906171
5292.95530277	0.000349091987412
5293.26946203	0.000348513256755
5293.5836213	0.000347106559217
5293.89778056	0.000344398070416
5294.21193983	0.000340112217616
5294.5260991	0.000334050499891
5294.84025836	0.000325990845883
5295.15441763	0.000316052771309
5295.46857689	0.000304292702234
5295.78273616	0.000290801229119
5296.09689542	0.00027573409712
5296.41105469	0.00025960193436
5296.72521395	0.000243513397606
5297.03937322	0.000227631586293
5297.35353248	0.000211314930157
5297.66769175	0.000194029117883
5297.98185101	0.000175739835096
5298.29601028	0.000156479909085
5298.61016954	0.000136779746138
5298.92432881	0.000117096125795
5299.23848808	9.78651156463e-05
5299.55264734	7.99696031078e-05
5299.86680661	6.27963751084e-05
5300.18096587	4.48375715637e-05
5300.49512514	2.51061433355e-05
5300.8092844	3.55742735468e-06
5301.12344367	-1.91123111216e-05
5301.43760293	-4.20074346878e-05
5301.7517622	-6.47171678974e-05
5302.06592146	-8.68468115943e-05
5302.38008073	-0.000108199367624
5302.69423999	-0.000128680346338
5303.00839926	-0.000148263034343
5303.32255853	-0.000167046945388
5303.63671779	-0.000185114483116
5303.95087706	-0.000202678796765
5304.26503632	-0.000220110075737
5304.57919559	-0.000237551504072
5304.89335485	-0.00025456740406
5305.20751412	-0.000270428956754
5305.52167338	-0.000284798183708
5305.83583265	-0.000297699093411
5306.14999191	-0.000309470625351
5306.46415118	-0.000320439191929
5306.77831044	-0.0003306429177
5307.09246971	-0.000340304080107
5307.40662897	-0.000349514087284
5307.72078824	-0.000358691216699
5308.03494751	-0.00036749026373
5308.34910677	-0.000375437936694
5308.66326604	-0.00038196417387
5308.9774253	-0.000387084040123
5309.29158457	-0.000390090139094
5309.60574383	-0.000391360584182
5309.9199031	-0.000391737544134
5310.23406236	-0.000391668764979
5310.54822163	-0.000391005146685
5310.86238089	-0.000389256077888
5311.17654016	-0.000386068144002
5311.49069942	-0.00038127281815
5311.80485869	-0.000374879356389
5312.11901796	-0.00036727427797
5312.43317722	-0.000358769924667
5312.74733649	-0.000349464481309
5313.06149575	-0.000339055288491
5313.37565502	-0.00032733985797
5313.68981428	-0.000314539718634
5314.00397355	-0.000301021744513
5314.31813281	-0.00028724891293
5314.63229208	-0.000273365823616
5314.94645134	-0.000259477405814
5315.26061061	-0.000245684753172
5315.57476987	-0.000232059623965
5315.88892914	-0.000218796786117
5316.20308841	-0.000206109084085
5316.51724767	-0.00019430331679
5316.83140694	-0.000183270441048
5317.1455662	-0.000172384679595
5317.45972547	-0.000161209864948
5317.77388473	-0.00014943408499
5318.088044	-0.000137080565448
5318.40220326	-0.00012392174941
5318.71636253	-0.000110117957586
5319.03052179	-9.60526794905e-05
5319.34468106	-8.19282215233e-05
5319.65884032	-6.79340406478e-05
5319.97299959	-5.4333156161e-05
5320.28715885	-4.14401778109e-05
5320.60131812	-2.95639002497e-05
5320.91547739	-1.84941713024e-05
5321.22963665	-7.35763154147e-06
5321.54379592	4.04190153654e-06
5321.85795518	1.5789618851e-05
5322.17211445	2.75562104253e-05
5322.48627371	3.92379817249e-05
5322.80043298	5.11346919462e-05
5323.11459224	6.44871256782e-05
5323.42875151	8.02053365763e-05
5323.74291077	9.71881079077e-05
5324.05707004	0.000113671688795
5324.3712293	0.000128847480546
5324.68538857	0.000142983227805
5324.99954784	0.000156721919977
5325.3137071	0.000170642603053
5325.62786637	0.000185182712478
5325.94202563	0.000200519630745
5326.2561849	0.000216612379445
5326.57034416	0.000233206099633
5326.88450343	0.000250001361469
5327.19866269	0.000266646769888
5327.51282196	0.00028273087131
5327.82698122	0.000297549044245
5328.14114049	0.000310357539548
5328.45529975	0.000320742791914
5328.76945902	0.000329078042688
5329.08361828	0.000335963669591
5329.39777755	0.000342066987715
5329.71193682	0.000347578556505
5330.02609608	0.000352520047684
5330.34025535	0.000356675822536
5330.65441461	0.00035986842292
5330.96857388	0.000362105581963
5331.28273314	0.000363306371832
5331.59689241	0.000363466554343
5331.91105167	0.000362250126445
5332.22521094	0.000359337503296
5332.5393702	0.000354406478869
5332.85352947	0.000347609331784
5333.16768873	0.000339323584934
5333.481848	0.00032998619612
5333.79600727	0.000319635333175
5334.11016653	0.000308146826434
5334.4243258	0.000295338272321
5334.73848506	0.000281056184919
5335.05264433	0.000265337558824
5335.36680359	0.000248215414672
5335.68096286	0.00022984939802
5335.99512212	0.000210522679157
5336.30928139	0.000190678308687
5336.62344065	0.000170008149498
5336.93759992	0.000147922579957
5337.25175918	0.000124427487244
5337.56591845	9.98661039119e-05
5337.88007771	7.46702294849e-05
5338.19423698	4.91854890386e-05
5338.50839625	2.37904635701e-05
5338.82255551	-1.15394582813e-06
5339.13671478	-2.5480460789e-05
5339.45087404	-4.91293383965e-05
5339.76503331	-7.22175107982e-05
5340.07919257	-9.50224129114e-05
5340.39335184	-0.000117937504281
5340.7075111	-0.000141061220455
5341.02167037	-0.000164046777849
5341.33582963	-0.000186198543647
5341.6499889	-0.000207060178358
5341.96414816	-0.000226588312571
5342.27830743	-0.000244975498604
5342.5924667	-0.000262389098346
5342.90662596	-0.000278904433093
5343.22078523	-0.000294528887112
5343.53494449	-0.000309220838597
5343.84910376	-0.000322971459516
5344.16326302	-0.000335803656808
5344.47742229	-0.000347896339455
5344.79158155	-0.000359162146614
5345.10574082	-0.000368927053496
5345.41990008	-0.000376624644462
5345.73405935	-0.000382182333178
5346.04821861	-0.000386019671735
5346.36237788	-0.000388502244849
5346.67653714	-0.000389692518234
5346.99069641	-0.000389758194649
5347.30485568	-0.000388908487
5347.61901494	-0.000387328801912
5347.93317421	-0.000385400290713
5348.24733347	-0.000383434553656
5348.56149274	-0.000381854102762
5348.875652	-0.000380710379239
5349.18981127	-0.000379762380277
5349.50397053	-0.000378400209135
5349.8181298	-0.000375756873496
5350.13228906	-0.000370342244297
5350.44644833	-0.000361387351871
5350.76060759	-0.00035009079237
5351.07476686	-0.000338270516394
5351.38892613	-0.000326734366979
5351.70308539	-0.000315349898011
5352.01724466	-0.000303695399693
5352.33140392	-0.000292000416943
5352.64556319	-0.000280258306898
5352.95972245	-0.000268464528786
5353.27388172	-0.000255805054458
5353.58804098	-0.00024101445737
5353.90220025	-0.000224145376532
5354.21635951	-0.000205863673569
5354.53051878	-0.000186826531054
5354.84467804	-0.00016778411082
5355.15883731	-0.000149302651914
5355.47299657	-0.000131505816733
5355.78715584	-0.000114427040205
5356.10131511	-9.8276838366e-05
5356.41547437	-8.32273072885e-05
5356.72963364	-6.93726591574e-05
5357.0437929	-5.62450904789e-05
5357.35795217	-4.32306340688e-05
5357.67211143	-2.96276244289e-05
5357.9862707	-1.53810819648e-05
5358.30042996	-4.53862337537e-07
5358.61458923	1.48580144299e-05
5358.92874849	3.01854863265e-05
5359.24290776	4.53970643387e-05
5359.55706702	6.02525070356e-05
5359.87122629	7.44997620446e-05
5360.18538556	8.78555215309e-05
5360.49954482	0.000100015758712
5360.81370409	0.000110730498743
5361.12786335	0.000120069417148
5361.44202262	0.000128357015441
5361.75618188	0.000135940431961
5362.07034115	0.000143497003262
5362.38450041	0.000152514207639
5362.69865968	0.000163418246079
5363.01281894	0.000175273089602
5363.32697821	0.000187188284804
5363.64113747	0.000198694280359
5363.95529674	0.000209601723065
5364.269456	0.00022003479705
5364.58361527	0.000230193058259
5364.89777454	0.000240435091442
5365.2119338	0.000251165371078
5365.52609307	0.000262715863549
5365.84025233	0.000274650635008
5366.1544116	0.000286320643521
5366.46857086	0.000297113342012
5366.78273013	0.000306620104522
5367.09688939	0.000314765065882
5367.41104866	0.000321651260732
5367.72520792	0.000327334135919
5368.03936719	0.000331777949784
5368.35352645	0.000334722557443
5368.66768572	0.000335761046106
5368.98184499	0.000334827156112
5369.29600425	0.000332387580161
5369.61016352	0.000328838761922
5369.92432278	0.000324630189709
5370.23848205	0.000319626328601
5370.55264131	0.000313889718186
5370.86680058	0.000307282561004
5371.18095984	0.000299947888543
5371.49511911	0.000291846980138
5371.80927837	0.000283388863034
5372.12343764	0.000274370735352
5372.4375969	0.000263078133896
5372.75175617	0.000248939786384
5373.06591544	0.000231966810799
5373.3800747	0.000212990234369
5373.69423397	0.000192888167679
5374.00839323	0.000171805070368
5374.3225525	0.000149886853077
5374.63671176	0.000127192330028
5374.95087103	0.000103912687177
5375.26503029	8.0544699635e-05
5375.57918956	5.73391083018e-05
5375.89334882	3.45395737671e-05
5376.20750809	1.24636943224e-05
5376.52166735	-9.23333867391e-06
5376.83582662	-3.14428283125e-05
5377.14998588	-5.47348256688e-05
5377.46414515	-7.86359207758e-05
5377.77830442	-0.000101845580602
5378.09246368	-0.00012349434148
5378.40662295	-0.000144054920164
5378.72078221	-0.000164774995174
5379.03494148	-0.000186329897534
5379.34910074	-0.000208499684616
5379.66326001	-0.00023033082054
5379.97741927	-0.000250780819799
5380.29157854	-0.000268790975432
5380.6057378	-0.000284661822172
5380.91989707	-0.000299150930319
5381.23405633	-0.000312262698178
5381.5482156	-0.000323848605192
5381.86237487	-0.000333667515091
5382.17653413	-0.000341728447673
5382.4906934	-0.000348069415375
5382.80485266	-0.000352937874182
5383.11901193	-0.000356554262601
5383.43317119	-0.000358975756073
5383.74733046	-0.000360342640611
5384.06148972	-0.000360946826466
5384.37564899	-0.000361116712916
5384.68980825	-0.00036111974899
5385.00396752	-0.000360848067796
5385.31812678	-0.000359797785287
5385.63228605	-0.000357421106796
5385.94644531	-0.000353422340397
5386.26060458	-0.000347975936259
5386.57476385	-0.000341442559053
5386.88892311	-0.000334241871116
5387.20308238	-0.000326724822131
5387.51724164	-0.000319188549942
5387.83140091	-0.000311791870203
5388.14556017	-0.000304080321316
5388.45971944	-0.00029482215936
5388.7738787	-0.000283820889036
5389.08803797	-0.000272157466732
5389.40219723	-0.000260176154754
5389.7163565	-0.000248118349008
5390.03051576	-0.000235884845332
5390.34467503	-0.000223056949314
5390.6588343	-0.000209499982178
5390.97299356	-0.000195155689677
5391.28715283	-0.000179877162243
5391.60131209	-0.000163582747641
5391.91547136	-0.00014668611758
5392.22963062	-0.000129971503275
5392.54378989	-0.000114228255754
5392.85794915	-0.000100106952947
5393.17210842	-8.75231738217e-05
5393.48626768	-7.60817093058e-05
5393.80042695	-6.49055089743e-05
5394.11458621	-5.35855281874e-05
5394.42874548	-4.2030967222e-05
5394.74290474	-3.00746112033e-05
5395.05706401	-1.77207704047e-05
5395.37122328	-4.90331978008e-06
5395.68538254	8.141877702e-06
5395.99954181	2.11290267943e-05
5396.31370107	3.36810235345e-05
5396.62786034	4.53076024459e-05
5396.9420196	5.57109362193e-05
5397.25617887	6.50799251332e-05
5397.57033813	7.3949675587e-05
5397.8844974	8.26981027553e-05
5398.19865666	9.15305518142e-05
5398.51281593	0.000100552858423
5398.82697519	0.000109827266366
5399.14113446	0.000119667910668
5399.45529373	0.00013004121815
5399.76945299	0.000140624101459
5400.08361226	0.000150894744909
5400.39777152	0.000160708979925
5400.71193079	0.00016981978543
5401.02609005	0.000178317241831
5401.34024932	0.000186415385154
5401.65440858	0.000194652267021
5401.96856785	0.000203411576438
5402.28272711	0.000212692234008
5402.59688638	0.000222304326276
5402.91104564	0.000232416978364
5403.22520491	0.000242933287037
5403.53936417	0.000252823451514
5403.85352344	0.000260438120017
5404.16768271	0.000265007995773
5404.48184197	0.000268090068631
5404.79600124	0.000271047704396
5405.1101605	0.000272095340834
5405.42431977	0.000269213082641
5405.73847903	0.000263048609164
5406.0526383	0.000255380616684
5406.36679756	0.000248589683501
5406.68095683	0.000244162371055
5406.99511609	0.000242664014602
5407.30927536	0.000243889297501
5407.62343462	0.000246957811859
5407.93759389	0.000250765870475
5408.25175316	0.000254433210351
5408.56591242	0.000256928076953
5408.88007169	0.000257051996276
5409.19423095	0.000254383980089
5409.50839022	0.000249095848698
5409.82254948	0.000241732483629
5410.13670875	0.000232370949307
5410.45086801	0.000220828884606
5410.76502728	0.000207146753384
5411.07918654	0.000191518717121
5411.39334581	0.00017445261545
5411.70750507	0.000156366088458
5412.02166434	0.000137615068787
5412.3358236	0.000118205004006
5412.64998287	9.81584922587e-05
5412.96414214	7.72532938529e-05
5413.2783014	5.53820477773e-05
5413.59246067	3.27046687543e-05
5413.90661993	9.46328547984e-06
5414.2207792	-1.42818030956e-05
5414.53493846	-3.85644160224e-05
5414.84909773	-6.28877296851e-05
5415.16325699	-8.6486155396e-05
5415.47741626	-0.000109238454299
5415.79157552	-0.00013162608242
5416.10573479	-0.000154099080746
5416.41989405	-0.00017664614561
5416.73405332	-0.00019895190793
5417.04821259	-0.000220284013905
5417.36237185	-0.000239886091506
5417.67653112	-0.000257196627274
5417.99069038	-0.000271941361791
5418.30484965	-0.000284256865821
5418.61900891	-0.000294596361136
5418.93316818	-0.000303688802783
5419.24732744	-0.000311973602065
5419.56148671	-0.000319704008587
5419.87564597	-0.000327077748137
5420.18980524	-0.000334358508385
5420.5039645	-0.000341540380597
5420.81812377	-0.000348534382451
5421.13228303	-0.000355218522968
5421.4464423	-0.000361085117571
5421.76060157	-0.000365438611836
5422.07476083	-0.00036788401384
5422.3889201	-0.000368240169201
5422.70307936	-0.000366726859725
5423.01723863	-0.000363899422595
5423.33139789	-0.000360124647314
5423.64555716	-0.000355727157717
5423.95971642	-0.000351020236833
5424.27387569	-0.000345890149972
5424.58803495	-0.000340453712875
5424.90219422	-0.000334823319828
5425.21635348	-0.000328931174469
5425.53051275	-0.000322229322637
5425.84467202	-0.000313791230939
5426.15883128	-0.000303091956343
5426.47299055	-0.000290603243364
5426.78714981	-0.00027724750223
5427.10130908	-0.000263633852764
5427.41546834	-0.00024994382137
5427.72962761	-0.000236218845847
5428.04378687	-0.00022212202105
5428.35794614	-0.000207638110008
5428.6721054	-0.000192923976774
5428.98626467	-0.000178279459125
5429.30042393	-0.000162999377532
5429.6145832	-0.000146567837969
5429.92874246	-0.000129069467467
5430.24290173	-0.000111106703088
5430.557061	-9.33706843902e-05
5430.87122026	-7.62844058115e-05
5431.18537953	-5.99248048987e-05
5431.49953879	-4.43041571443e-05
5431.81369806	-2.95980756249e-05
5432.12785732	-1.57115997209e-05
5432.44201659	-2.65188392497e-06
5432.75617585	9.39666015733e-06
5433.07033512	2.03497063603e-05
5433.38449438	3.02889339043e-05
5433.69865365	3.99975765917e-05
5434.01281291	5.02776988826e-05
5434.32697218	6.14268496746e-05
5434.64113145	7.334230091e-05
5434.95529071	8.56697083707e-05
5435.26944998	9.83923340879e-05
5435.58360924	0.00011123976251
5435.89776851	0.000123735926434
5436.21192777	0.000135815029763
5436.52608704	0.000147690139036
5436.8402463	0.000159267748112
5437.15440557	0.00017032018159
5437.46856483	0.000180741119374
5437.7827241	0.000190860046253
5438.09688336	0.000201199517465
5438.41104263	0.000211626778379
5438.7252019	0.000221934899741
5439.03936116	0.000231775922658
5439.35352043	0.000241031346909
5439.66767969	0.000249647284137
5439.98183896	0.000257597030791
5440.29599822	0.000264959531033
5440.61015749	0.000271664339956
5440.92431675	0.00027735547863
5441.23847602	0.000281645860441
5441.55263528	0.000284626384081
5441.86679455	0.000286814762676
5442.18095381	0.000288589182224
5442.49511308	0.000289981249499
5442.80927234	0.00029103595044
5443.12343161	0.000291995566042
5443.43759088	0.000293051884463
5443.75175014	0.00029410335914
5444.06590941	0.000294721033634
5444.38006867	0.000294397020313
5444.69422794	0.000292116109377
5445.0083872	0.00028727491678
5445.32254647	0.000280171753611
5445.63670573	0.000271674607228
5445.950865	0.000262653985245
5446.26502426	0.000253405871022
5446.57918353	0.000243708275586
5446.89334279	0.000233198791974
5447.20750206	0.000221590018518
5447.52166133	0.000208876905755
5447.83582059	0.000195278134557
5448.14997986	0.000180936062748
5448.46413912	0.000165734472869
5448.77829839	0.000149122875553
5449.09245765	0.00013046336355
5449.40661692	0.000109698754686
5449.72077618	8.75875744989e-05
5450.03493545	6.50551930037e-05
5450.34909471	4.24870259737e-05
5450.66325398	1.99377758724e-05
5450.97741324	-2.37263942983e-06
5451.29157251	-2.41470939018e-05
5451.60573177	-4.52687609297e-05
5451.91989104	-6.5792800662e-05
5452.23405031	-8.5465299085e-05
5452.54820957	-0.000103686207751
5452.86236884	-0.000121114402155
5453.1765281	-0.000139448829971
5453.49068737	-0.000158953968839
5453.80484663	-0.000178888726168
5454.1190059	-0.000198284940425
5454.43316516	-0.00021679008097
5454.74732443	-0.00023429807654
5455.06148369	-0.000250864514727
5455.37564296	-0.000266146997258
5455.68980222	-0.00027972173754
5456.00396149	-0.000291786539309
5456.31812076	-0.000302723148788
5456.63228002	-0.000312861253278
5456.94643929	-0.000322762241477
5457.26059855	-0.000332641739234
5457.57475782	-0.00034196794106
5457.88891708	-0.000349804630746
5458.20307635	-0.00035562305588
5458.51723561	-0.000359522399911
5458.83139488	-0.000361727696995
5459.14555414	-0.000362513732535
5459.45971341	-0.000361870832949
5459.77387267	-0.000359777572255
5460.08803194	-0.000356432276302
5460.4021912	-0.000351992566542
5460.71635047	-0.000346454319127
5461.03050974	-0.000340615559784
5461.344669	-0.000335519478287
5461.65882827	-0.000330531368857
5461.97298753	-0.000324528190689
5462.2871468	-0.000317114026739
5462.60130606	-0.000308842191472
5462.91546533	-0.000300175248335
5463.22962459	-0.000291194030162
5463.54378386	-0.000281646880469
5463.85794312	-0.000271606755658
5464.17210239	-0.00026118089603
5464.48626165	-0.000250882251002
5464.80042092	-0.000241109485051
5465.11458019	-0.000232076386246
5465.42873945	-0.000223572958664
5465.74289872	-0.000214725200048
5466.05705798	-0.000204351933453
5466.37121725	-0.000192803821031
5466.68537651	-0.000180784049504
5466.99953578	-0.000168263694714
5467.31369504	-0.000155306982533
5467.62785431	-0.000142114911886
5467.94201357	-0.000128842725415
5468.25617284	-0.00011568477151
5468.5703321	-0.000103153557764
5468.88449137	-9.16445136013e-05
5469.19865063	-8.14057556453e-05
5469.5128099	-7.16262613849e-05
5469.82696917	-6.11814967187e-05
5470.14112843	-4.94434978237e-05
5470.4552877	-3.64001412357e-05
5470.76944696	-2.23017787521e-05
5471.08360623	-7.13725744854e-06
5471.39776549	8.98824603772e-06
5471.71192476	2.55014149284e-05
5472.02608402	4.2039612428e-05
5472.34024329	5.83667630197e-05
5472.65440255	7.4076280751e-05
5472.96856182	8.86670387513e-05
5473.28272108	0.000101695605484
5473.59688035	0.000113672649384
5473.91103962	0.000125476667432
5474.22519888	0.000137386556153
5474.53935815	0.0001494324434
5474.85351741	0.000161404337511
5475.16767668	0.000173448958523
5475.48183594	0.000185714503339
5475.79599521	0.000198137707174
5476.11015447	0.000210492071168
5476.42431374	0.000222461143635
5476.738473	0.000233412824647
5477.05263227	0.000242797645084
5477.36679153	0.000250769812744
5477.6809508	0.000258173457563
5477.99511006	0.000265543766313
5478.30926933	0.000273028016112
5478.6234286	0.000280673497689
5478.93758786	0.000288535103115
5479.25174713	0.000296585073691
5479.56590639	0.000304607515859
5479.88006566	0.000312253056663
5480.19422492	0.000319180679043
5480.50838419	0.000324493247547
5480.82254345	0.000327043518349
5481.13670272	0.000326522635035
5481.45086198	0.000323613467801
5481.76502125	0.000319529743695
5482.07918051	0.00031513931631
5482.39333978	0.000310223960444
5482.70749905	0.000304170990624
5483.02165831	0.000296530717909
5483.33581758	0.000287421285539
5483.64997684	0.000277142561548
5483.96413611	0.000266000224813
5484.27829537	0.000254166127632
5484.59245464	0.000241636378121
5484.9066139	0.00022804864862
5485.22077317	0.000213225195879
5485.53493243	0.000197511814491
5485.8490917	0.000181349178391
5486.16325096	0.000164626161944
5486.47741023	0.000146839366421
5486.79156949	0.000127626731066
5487.10572876	0.000106954242542
5487.41988803	8.50172788111e-05
5487.73404729	6.20645076553e-05
5488.04820656	3.9153057871e-05
5488.36236582	1.72698824291e-05
5488.67652509	-3.34800543166e-06
5488.99068435	-2.4063427231e-05
5489.30484362	-4.54665536949e-05
5489.61900288	-6.71584276005e-05
5489.93316215	-8.84919292278e-05
5490.24732141	-0.00010903601959
5490.56148068	-0.000128600985977
5490.87563994	-0.000147275827373
5491.18979921	-0.000165161138808
5491.50395848	-0.000182422308102
5491.81811774	-0.000199275678537
5492.13227701	-0.000215864002615
5492.44643627	-0.000231934785281
5492.76059554	-0.000247305321802
5493.0747548	-0.000261857795801
5493.38891407	-0.00027527549673
5493.70307333	-0.000287164873863
5494.0172326	-0.000297326464982
5494.33139186	-0.000305891713801
5494.64555113	-0.000313255175023
5494.95971039	-0.000319695575884
5495.27386966	-0.000325113505169
5495.58802893	-0.000329468506976
5495.90218819	-0.000332801056981
5496.21634746	-0.000335356731843
5496.53050672	-0.000337473597243
5496.84466599	-0.000339428306966
5497.15882525	-0.000341237765984
5497.47298452	-0.000342403383308
5497.78714378	-0.000342056659999
5498.10130305	-0.000339846812141
5498.41546231	-0.000336048204166
5498.72962158	-0.000331285230497
5499.04378084	-0.000325841064102
5499.35794011	-0.000319572277571
5499.67209937	-0.000312361295648
5499.98625864	-0.000304401685529
5500.30041791	-0.000295971206731
5500.61457717	-0.000287540672762
5500.92873644	-0.000279592258035
5501.2428957	-0.000272193046477
5501.55705497	-0.000264943191335
5501.87121423	-0.000256812094171
5502.1853735	-0.000247780979939
5502.49953276	-0.000238470093832
5502.81369203	-0.00023002273296
5503.12785129	-0.000222308275557
5503.44201056	-0.00021500041132
5503.75616982	-0.000207619595728
5504.07032909	-0.000199247707662
5504.38448836	-0.000189083538272
5504.69864762	-0.000177504602358
5505.01280689	-0.000165446639854
5505.32696615	-0.000153647797043
5505.64112542	-0.000142336432801
5505.95528468	-0.000130880959587
5506.26944395	-0.000118688303729
5506.58360321	-0.000105368386945
5506.89776248	-9.06695200499e-05
5507.21192174	-7.47510834292e-05
5507.52608101	-5.81718523679e-05
5507.84024027	-4.15632715772e-05
5508.15439954	-2.52310143598e-05
5508.4685588	-9.36580118066e-06
5508.78271807	5.64245052888e-06
5509.09687734	1.93296399954e-05
5509.4110366	3.16736738488e-05
5509.72519587	4.34312929445e-05
5510.03935513	5.55556505057e-05
5510.3535144	6.86696525644e-05
5510.66767366	8.27771504778e-05
5510.98183293	9.76883402075e-05
5511.29599219	0.000113139515673
5511.61015146	0.00012882229875
5511.92431072	0.000144313833914
5512.23846999	0.000159333842883
5512.55262925	0.000173349853724
5512.86678852	0.000185626280528
5513.18094779	0.000195648868251
5513.49510705	0.000203547970793
5513.80926632	0.000209894596261
5514.12342558	0.000215957476867
5514.43758485	0.00022296841619
5514.75174411	0.000230721831506
5515.06590338	0.000238682108911
5515.38006264	0.00024645249838
5515.69422191	0.000254256031329
5516.00838117	0.000262234277509
5516.32254044	0.000270501778052
5516.6366997	0.0002788234625
5516.95085897	0.000286826425054
5517.26501823	0.000294057107756
5517.5791775	0.000300650753304
5517.89333677	0.000306592614967
5518.20749603	0.000311808050874
5518.5216553	0.000315708909792
5518.83581456	0.000318052169163
5519.14997383	0.000318466429735
5519.46413309	0.000316996203764
5519.77829236	0.000313788283835
5520.09245162	0.000309186882012
5520.40661089	0.00030334593267
5520.72077015	0.000296111228061
5521.03492942	0.000287470853042
5521.34908868	0.000277529150025
5521.66324795	0.00026682241483
5521.97740722	0.000255811977817
5522.29156648	0.000244608018364
5522.60572575	0.000232845908042
5522.91988501	0.0002202306552
5523.23404428	0.000206601805115
5523.54820354	0.000191693644617
5523.86236281	0.000175515995816
5524.17652207	0.000158379246499
5524.49068134	0.000140621426717
5524.8048406	0.00012114733557
5525.11899987	9.93931451015e-05
5525.43315913	7.60123580053e-05
5525.7473184	5.18908145134e-05
5526.06147766	2.79878158248e-05
5526.37563693	4.72491861909e-06
5526.6897962	-1.78023927259e-05
5527.00395546	-3.97369039777e-05
5527.31811473	-6.09579380197e-05
5527.63227399	-8.13865023925e-05
5527.94643326	-0.000101058796259
5528.26059252	-0.000119975542353
5528.57475179	-0.000138500342504
5528.88891105	-0.000157038108673
5529.20307032	-0.000175792956659
5529.51722958	-0.000194362273562
5529.83138885	-0.000212400300803
5530.14554811	-0.000230124001789
5530.45970738	-0.00024757886184
5530.77386665	-0.000263897546218
5531.08802591	-0.000278424594375
5531.40218518	-0.000291356395066
5531.71634444	-0.000303252278584
5532.03050371	-0.000313995797918
5532.34466297	-0.000323650882919
5532.65882224	-0.000331774571002
5532.9729815	-0.000337986713734
5533.28714077	-0.000342449550999
5533.60130003	-0.000344657679626
5533.9154593	-0.000343734943564
5534.22961856	-0.000340470885968
5534.54377783	-0.000336039275507
5534.85793709	-0.000331331257639
5535.17209636	-0.000326673590407
5535.48625563	-0.000321966088147
5535.80041489	-0.000317198867096
5536.11457416	-0.000312223926481
5536.42873342	-0.000307010537604
5536.74289269	-0.000301679951417
5537.05705195	-0.000296334297025
5537.37121122	-0.000290857762362
5537.68537048	-0.000284519760014
5537.99952975	-0.000276996206061
5538.31368901	-0.000268186237282
5538.62784828	-0.000258582211958
5538.94200754	-0.00024860595842
5539.25616681	-0.000238687528336
5539.57032608	-0.000228949195051
5539.88448534	-0.000219339338033
5540.19864461	-0.000209798832936
5540.51280387	-0.000200720243401
5540.82696314	-0.000192538879507
5541.1411224	-0.000185327168452
5541.45528167	-0.000178386796141
5541.76944093	-0.000171023484937
5542.0836002	-0.0001625582575
5542.39775946	-0.000152721135911
5542.71191873	-0.000141499354226
5543.02607799	-0.000128894783395
5543.34023726	-0.000115281419682
5543.65439652	-0.000101266254192
5543.96855579	-8.71418730992e-05
5544.28271506	-7.30148755527e-05
5544.59687432	-5.90489272246e-05
5544.91103359	-4.56214853914e-05
5545.22519285	-3.2866652161e-05
5545.53935212	-2.0707313158e-05
5545.85351138	-8.50527566168e-06
5546.16767065	4.12462691408e-06
5546.48182991	1.78849209333e-05
5546.79598918	3.15381414478e-05
5547.11014844	4.44397985517e-05
5547.42430771	5.63672295605e-05
5547.73846697	6.7404229179e-05
5548.05262624	7.78530019811e-05
5548.36678551	8.78131313042e-05
5548.68094477	9.71760937943e-05
5548.99510404	0.000105844009398
5549.3092633	0.000113771289742
5549.62342257	0.000121163657005
5549.93758183	0.000128553349882
5550.2517411	0.000136078272051
5550.56590036	0.000143508531601
5550.88005963	0.000150676855431
5551.19421889	0.000157803300301
5551.50837816	0.000165347519276
5551.82253742	0.000173691413286
5552.13669669	0.000182691163207
5552.45085596	0.000191551011632
5552.76501522	0.000199462839393
5553.07917449	0.000206285826465
5553.39333375	0.000212251522161
5553.70749302	0.0002179986972
5554.02165228	0.000223962957042
5554.33581155	0.000230274705463
5554.64997081	0.000236756845165
5554.96413008	0.00024364757684
5555.27828934	0.000251358246442
5555.59244861	0.000259531849768
5555.90660787	0.000267315816134
5556.22076714	0.000273721720274
5556.5349264	0.000277996975359
5556.84908567	0.000279361111774
5557.16324494	0.000277336719178
5557.4774042	0.000272604526314
5557.79156347	0.000266784541355
5558.10572273	0.000260574517062
5558.419882	0.000253491427985
5558.73404126	0.000245004959303
5559.04820053	0.00023502376123
5559.36235979	0.000224165481893
5559.67651906	0.00021320094644
5559.99067832	0.000202681354016
5560.30483759	0.000193383664521
5560.61899685	0.000184892349627
5560.93315612	0.000176372637402
5561.24731539	0.00016653889811
5561.56147465	0.000154230643133
5561.87563392	0.000139694191583
5562.18979318	0.000123389243988
5562.50395245	0.000105753263813
5562.81811171	8.68102522256e-05
5563.13227098	6.66483767932e-05
5563.44643024	4.55842841494e-05
5563.76058951	2.41048876694e-05
5564.07474877	2.53392300091e-06
5564.38890804	-1.88376266408e-05
5564.7030673	-3.9859509671e-05
5565.01722657	-6.08151507262e-05
5565.33138583	-8.1710619381e-05
5565.6455451	-0.000102340979927
5565.95970437	-0.000122373180882
5566.27386363	-0.000142055779449
5566.5880229	-0.000161661615295
5566.90218216	-0.000180595955236
5567.21634143	-0.000197247537793
5567.53050069	-0.00021157507769
5567.84465996	-0.00022512132127
5568.15881922	-0.000239211849336
5568.47297849	-0.000253955138849
5568.78713775	-0.000268719036012
5569.10129702	-0.000282921561496
5569.41545628	-0.000295588494428
5569.72961555	-0.000305490112763
5570.04377482	-0.000311899358224
5570.35793408	-0.00031525371401
5570.67209335	-0.000316673243148
5570.98625261	-0.000317018324689
5571.30041188	-0.000316817625725
5571.61457114	-0.000316485486366
5571.92873041	-0.00031618045919
5572.24288967	-0.000315757433801
5572.55704894	-0.000315323297834
5572.8712082	-0.000315132326956
5573.18536747	-0.000315054691619
5573.49952673	-0.000314441368394
5573.813686	-0.000312357685143
5574.12784526	-0.000308257289585
5574.44200453	-0.000302153883601
5574.7561638	-0.000294557052106
5575.07032306	-0.000285903149323
5575.38448233	-0.000276651211284
5575.69864159	-0.000267132691533
5576.01280086	-0.000257573246199
5576.32696012	-0.000248155669132
5576.64111939	-0.000239126021041
5576.95527865	-0.000230815170774
5577.26943792	-0.000223142472287
5577.58359718	-0.000215407340557
5577.89775645	-0.000206794325013
5578.21191571	-0.000196726924435
5578.52607498	-0.000185471399171
5578.84023425	-0.000173246098553
5579.15439351	-0.000160371979688
5579.46855278	-0.000147290321199
5579.78271204	-0.000134425729079
5580.09687131	-0.00012171017589
5580.41103057	-0.000109176447699
5580.72518984	-9.68718550968e-05
5581.0393491	-8.53381137379e-05
5581.35350837	-7.46823355902e-05
5581.66766763	-6.44271257068e-05
5581.9818269	-5.37915318814e-05
5582.29598616	-4.21177512796e-05
5582.61014543	-2.93603858516e-05
5582.92430469	-1.56232105783e-05
5583.23846396	-1.38883255931e-06
5583.55262323	1.29867488099e-05
5583.86678249	2.71686407181e-05
5584.18094176	4.07462330075e-05
5584.49510102	5.34245965938e-05
5584.80926029	6.48208703212e-05
5585.12341955	7.45973144197e-05
5585.43757882	8.26989664398e-05
5585.75173808	8.97747235696e-05
5586.06589735	9.65885738268e-05
5586.38005661	0.000103458150965
5586.69421588	0.000110548791411
5587.00837514	0.000117980758412
5587.32253441	0.000125916665431
5587.63669368	0.000134392365403
5587.95085294	0.000143406610083
5588.26501221	0.000152672047473
5588.57917147	0.000161520001948
5588.89333074	0.000169525125315
5589.20749	0.000176577306744
5589.52164927	0.000183170345082
5589.83580853	0.000190100522683
5590.1499678	0.000197502685313
5590.46412706	0.000205098611858
5590.77828633	0.000212277325667
5591.09244559	0.000218659085439
5591.40660486	0.000224175238589
5591.72076412	0.000228971588722
5592.03492339	0.000233708449594
5592.34908266	0.000239179571979
5592.66324192	0.000244742881672
5592.97740119	0.00024883539939
5593.29156045	0.000250185243572
5593.60571972	0.000248705892492
5593.91987898	0.000245587920503
5594.23403825	0.000242366995239
5594.54819751	0.000239997465167
5594.86235678	0.000238488826406
5595.17651604	0.000237071923446
5595.49067531	0.000234973167043
5595.80483457	0.000231574349349
5596.11899384	0.000227088465007
5596.43315311	0.000221605450269
5596.74731237	0.000215614917699
5597.06147164	0.000208918784588
5597.3756309	0.000200229785007
5597.68979017	0.000189673171476
5598.00394943	0.000178064193725
5598.3181087	0.000165495982558
5598.63226796	0.000151914767888
5598.94642723	0.000137206437285
5599.26058649	0.000121526317846
5599.57474576	0.000105152895838
5599.88890502	8.83800149459e-05
5600.20306429	7.13660826648e-05
5600.51722355	5.40572872423e-05
5600.83138282	3.62234534416e-05
5601.14554209	1.7429900084e-05
5601.45970135	-2.07338461101e-06
5601.77386062	-2.15609938974e-05
5602.08801988	-4.03251035821e-05
5602.40217915	-5.84530045086e-05
5602.71633841	-7.63493761708e-05
5603.03049768	-9.44815750826e-05
5603.34465694	-0.000112983001804
5603.65881621	-0.000131744826714
5603.97297547	-0.000150485548017
5604.28713474	-0.000168829341145
5604.601294	-0.000186561441741
5604.91545327	-0.000203765597738
5605.22961254	-0.000220583323666
5605.5437718	-0.000236519178429
5605.85793107	-0.000250531646183
5606.17209033	-0.000261871389578
5606.4862496	-0.000271631885473
5606.80040886	-0.000280626432135
5607.11456813	-0.000288941572553
5607.42872739	-0.000296324704904
5607.74288666	-0.000302673814159
5608.05704592	-0.000307819781604
5608.37120519	-0.000311838596635
5608.68536445	-0.000315291015246
5608.99952372	-0.000318526922084
5609.31368298	-0.000321381020971
5609.62784225	-0.000322849105105
5609.94200152	-0.000322543955303
5610.25616078	-0.000320653469501
5610.57032005	-0.000317845419353
5610.88447931	-0.000314628459777
5611.19863858	-0.000311130750095
5611.51279784	-0.000307439923782
5611.82695711	-0.000303439472609
5612.14111637	-0.000298895856607
5612.45527564	-0.000293800470365
5612.7694349	-0.000288535922386
5613.08359417	-0.000283271884026
5613.39775343	-0.000277652555712
5613.7119127	-0.000270925799966
5614.02607197	-0.000262513167486
5614.34023123	-0.000252201983833
5614.6543905	-0.000240203530433
5614.96854976	-0.000226811139446
5615.28270903	-0.000212536252849
5615.59686829	-0.000198036946741
5615.91102756	-0.000183677421286
5616.22518682	-0.000169569118955
5616.53934609	-0.000155973786562
5616.85350535	-0.000143351802911
5617.16766462	-0.000132287168365
5617.48182388	-0.000121765813807
5617.79598315	-0.000110126993488
5618.11014242	-9.71903517199e-05
5618.42430168	-8.40004240753e-05
5618.73846095	-7.14854311051e-05
5619.05262021	-5.99713522919e-05
5619.36677948	-4.91370986505e-05
5619.68093874	-3.82599222768e-05
5619.99509801	-2.70832269977e-05
5620.30925727	-1.54513686093e-05
5620.62341654	-3.41911961018e-06
5620.9375758	8.6083192928e-06
5621.25173507	2.03766567045e-05
5621.56589433	3.22866295149e-05
5621.8800536	4.47319160771e-05
5622.19421286	5.76272938595e-05
5622.50837213	7.04563103559e-05
5622.8225314	8.28594023748e-05
5623.13669066	9.45313228252e-05
5623.45084993	0.000105476455868
5623.76500919	0.000115800664668
5624.07916846	0.000125511663545
5624.39332772	0.000134294505038
5624.70748699	0.000141988965843
5625.02164625	0.00014892375631
5625.33580552	0.000155878777127
5625.64996478	0.000163622479148
5625.96412405	0.000172316370598
5626.27828331	0.000181661827399
5626.59244258	0.000191042780986
5626.90660185	0.000200114579339
5627.22076111	0.000208676637981
5627.53492038	0.000216576989371
5627.84907964	0.000223793485213
5628.16323891	0.000230209310056
5628.47739817	0.00023569056762
5628.79155744	0.000239865338942
5629.1057167	0.000242795337553
5629.41987597	0.000245034441114
5629.73403523	0.000247408702764
5630.0481945	0.000250026556912
5630.36235376	0.000252628742531
5630.67651303	0.000254661072734
5630.99067229	0.000256036411668
5631.30483156	0.000256557262181
5631.61899083	0.000256286703442
5631.93315009	0.000255176198649
5632.24730936	0.000253096734305
5632.56146862	0.000250224438902
5632.87562789	0.000246373837172
5633.18978715	0.000240554458235
5633.50394642	0.000232536095886
5633.81810568	0.000222803797627
5634.13226495	0.000211723577785
5634.44642421	0.0001994430666
5634.76058348	0.000186328580194
5635.07474274	0.000173192938152
5635.38890201	0.000160079349962
5635.70306128	0.000146523058052
5636.01722054	0.00013157174053
5636.33137981	0.000115118982576
5636.64553907	9.71142553565e-05
5636.95969834	7.78628758387e-05
5637.2738576	5.80936678799e-05
5637.58801687	3.91211943467e-05
5637.90217613	2.15902611336e-05
5638.2163354	5.4077829983e-06
5638.53049466	-1.00123524571e-05
5638.84465393	-2.50408481746e-05
5639.15881319	-3.99185140946e-05
5639.47297246	-5.47461347342e-05
5639.78713172	-6.9636248381e-05
5640.10129099	-8.47042334659e-05
5640.41545026	-9.98472832399e-05
5640.72960952	-0.000115410835991
5641.04376879	-0.000132182090055
5641.35792805	-0.000149427782859
5641.67208732	-0.000165837612313
5641.98624658	-0.000181248546918
5642.30040585	-0.000196051440342
5642.61456511	-0.000210525999249
5642.92872438	-0.000224177540217
5643.24288364	-0.000236463443392
5643.55704291	-0.000247675364749
5643.87120217	-0.000258386159653
5644.18536144	-0.00026909303431
5644.49952071	-0.000279962294144
5644.81367997	-0.000290966798101
5645.12783924	-0.000301385098442
5645.4419985	-0.000309947420628
5645.75615777	-0.000315607847533
5646.07031703	-0.000317796169199
5646.3844763	-0.000317309653782
5646.69863556	-0.000315239467113
5647.01279483	-0.000312241050554
5647.32695409	-0.0003086306849
5647.64111336	-0.000304745629833
5647.95527262	-0.000300933284771
5648.26943189	-0.000297499609267
5648.58359115	-0.000294767887674
5648.89775042	-0.000292908036898
5649.21190969	-0.00029157239322
5649.52606895	-0.000289786080498
5649.84022822	-0.000286926757248
5650.15438748	-0.000282776693946
5650.46854675	-0.000276959976958
5650.78270601	-0.00026935371376
5651.09686528	-0.000260351880987
5651.41102454	-0.000250720242513
5651.72518381	-0.000241008365361
5652.03934307	-0.000231379706765
5652.35350234	-0.00022207198165
5652.6676616	-0.000213427012977
5652.98182087	-0.000205481286641
5653.29598014	-0.000197599165623
5653.6101394	-0.000189081592331
5653.92429867	-0.000179646258738
5654.23845793	-0.00016957850702
5654.5526172	-0.000159319714636
5654.86677646	-0.000149032168472
5655.18093573	-0.000138517687791
5655.49509499	-0.000127723510187
5655.80925426	-0.000116609732884
5656.12341352	-0.00010540687218
5656.43757279	-9.47233452275e-05
5656.75173205	-8.50473861729e-05
5657.06589132	-7.60115399113e-05
5657.38005058	-6.66934865672e-05
5657.69420985	-5.63353089054e-05
5658.00836912	-4.45645420766e-05
5658.32252838	-3.15198086195e-05
5658.63668765	-1.752009481e-05
5658.95084691	-3.14874412895e-06
5659.26500618	1.1104129224e-05
5659.57916544	2.49262091924e-05
5659.89332471	3.83188906248e-05
5660.20748397	5.1254908433e-05
5660.52164324	6.33986530061e-05
5660.8358025	7.45771693588e-05
5661.14996177	8.50961990692e-05
5661.46412103	9.55894461581e-05
5661.7782803	0.000106407909307
5662.09243957	0.000117546302569
5662.40659883	0.000129000006618
5662.7207581	0.000140678932295
5663.03491736	0.000152685702553
5663.34907663	0.000165016311703
5663.66323589	0.000177559613122
5663.97739516	0.000190044374936
5664.29155442	0.000201848728968
5664.60571369	0.000212387571431
5664.91987295	0.000221396288943
5665.23403222	0.000229199811752
5665.54819148	0.000236371088642
5665.86235075	0.000243167601794
5666.17651001	0.000249647158531
5666.49066928	0.0002565129236
5666.80482855	0.000263584132946
5667.11898781	0.00027000253277
5667.43314708	0.000275185366761
5667.74730634	0.000278789228663
5668.06146561	0.000280693900205
5668.37562487	0.000281202533682
5668.68978414	0.000280426056855
5669.0039434	0.0002785445333
5669.31810267	0.000275956135625
5669.63226193	0.000272912160199
5669.9464212	0.000269307267189
5670.26058046	0.000265024664755
5670.57473973	0.000259752760807
5670.888899	0.000253349161476
5671.20305826	0.000245731931745
5671.51721753	0.000237025187078
5671.83137679	0.000227255787036
5672.14553606	0.000216359233691
5672.45969532	0.000204166473736
5672.77385459	0.000190664348632
5673.08801385	0.000176213475567
5673.40217312	0.000161570484033
5673.71633238	0.000147088926856
5674.03049165	0.000132498904655
5674.34465091	0.000117322424728
5674.65881018	0.000101214765923
5674.97296945	8.38993055098e-05
5675.28712871	6.51683171576e-05
5675.60128798	4.53542113745e-05
5675.91544724	2.51287242793e-05
5676.22960651	5.08907704382e-06
5676.54376577	-1.4801779945e-05
5676.85792504	-3.56025423661e-05
5677.1720843	-5.71934549115e-05
5677.48624357	-7.84171755454e-05
5677.80040283	-9.82143612932e-05
5678.1145621	-0.000116368704567
5678.42872136	-0.000133196544998
5678.74288063	-0.000148899249608
5679.05703989	-0.00016349674591
5679.37119916	-0.000177170939458
5679.68535843	-0.000190162939357
5679.99951769	-0.000202862405217
5680.31367696	-0.000215713134421
5680.62783622	-0.000228886661062
5680.94199549	-0.000242259128118
5681.25615475	-0.000255076224297
5681.57031402	-0.000266226272179
5681.88447328	-0.000275087945826
5682.19863255	-0.000282620722939
5682.51279181	-0.00028953464153
5682.82695108	-0.000295849920418
5683.14111034	-0.000300585751381
5683.45526961	-0.000303149891802
5683.76942888	-0.00030429958525
5684.08358814	-0.000305332116016
5684.39774741	-0.000307062961327
5684.71190667	-0.000309555655048
5685.02606594	-0.00031209690766
5685.3402252	-0.000313583824761
5685.65438447	-0.000312432634919
5685.96854373	-0.000307871213301
5686.282703	-0.000300699104888
5686.59686226	-0.000292122514611
5686.91102153	-0.000282857433251
5687.22518079	-0.000273511194219
5687.53934006	-0.000264560614038
5687.85349932	-0.00025621779221
5688.16765859	-0.000248463299761
5688.48181786	-0.000241369671209
5688.79597712	-0.000235065425408
5689.11013639	-0.000229102936403
5689.42429565	-0.000222681351423
5689.73845492	-0.00021539626888
5690.05261418	-0.000207207067926
5690.36677345	-0.00019836761332
5690.68093271	-0.000189233705437
5690.99509198	-0.000179931965314
5691.30925124	-0.000170702691783
5691.62341051	-0.000161582104114
5691.93756977	-0.000152646406615
5692.25172904	-0.000143642747789
5692.56588831	-0.000134605673886
5692.88004757	-0.000125775389979
5693.19420684	-0.000117144719593
5693.5083661	-0.000108557735452
5693.82252537	-9.98082159984e-05
5694.13668463	-9.06705152237e-05
5694.4508439	-8.12232084341e-05
5694.76500316	-7.11352916319e-05
5695.07916243	-6.01384487446e-05
5695.39332169	-4.79330850617e-05
5695.70748096	-3.43596393782e-05
5696.02164022	-1.98652363067e-05
5696.33579949	-5.51345958055e-06
5696.64995875	7.87793921322e-06
5696.96411802	2.02026288207e-05
5697.27827729	3.18736550858e-05
5697.59243655	4.3295942098e-05
5697.90659582	5.45608863041e-05
5698.22075508	6.54903026339e-05
5698.53491435	7.60781714111e-05
5698.84907361	8.63885255783e-05
5699.16323288	9.64186266941e-05
5699.47739214	0.000106190278292
5699.79155141	0.000115794996622
5700.10571067	0.000125274327324
5700.41986994	0.000134582560958
5700.7340292	0.000143641798535
5701.04818847	0.000152483251965
5701.36234774	0.000161181302921
5701.676507	0.00016966059584
5701.99066627	0.00017762502769
5702.30482553	0.000184881387522
5702.6189848	0.000191758436334
5702.93314406	0.000198576964199
5703.24730333	0.00020548781352
5703.56146259	0.000212512903735
5703.87562186	0.000219508018594
5704.18978112	0.000226253563236
5704.50394039	0.000232385395489
5704.81809965	0.000237678430674
5705.13225892	0.000242184572033
5705.44641818	0.000245995727587
5705.76057745	0.000249304187588
5706.07473672	0.000252156808634
5706.38889598	0.000254448251359
5706.70305525	0.000255822078432
5707.01721451	0.000256101450011
5707.33137378	0.000255156194145
5707.64553304	0.000253076256353
5707.95969231	0.000249842972656
5708.27385157	0.000245379923643
5708.58801084	0.000239511841376
5708.9021701	0.000232137508863
5709.21632937	0.000223802172406
5709.53048863	0.00021498747551
5709.8446479	0.000205935287108
5710.15880717	0.000196383172418
5710.47296643	0.000186022972124
5710.7871257	0.000174704303074
5711.10128496	0.000162532026374
5711.41544423	0.000149400890686
5711.72960349	0.000135350558204
5712.04376276	0.000120779666508
5712.35792202	0.00010549012599
5712.67208129	8.83544368198e-05
5712.98624055	6.96083191263e-05
5713.30039982	5.05410138046e-05
5713.61455908	3.23766092321e-05
5713.92871835	1.4686794269e-05
5714.24287761	-2.95840848095e-06
5714.55703688	-2.08522962722e-05
5714.87119615	-3.87958984446e-05
5715.18535541	-5.65859254007e-05
5715.49951468	-7.41847329996e-05
5715.81367394	-9.17133909291e-05
5716.12783321	-0.000109283749737
5716.44199247	-0.00012692148638
5716.75615174	-0.000144317901986
5717.070311	-0.00016103266746
5717.38447027	-0.000176672248258
5717.69862953	-0.000190930388251
5718.0127888	-0.000203829503028
5718.32694806	-0.000216084843503
5718.64110733	-0.000228073119667
5718.9552666	-0.000239280815271
5719.26942586	-0.000249151271363
5719.58358513	-0.000257569620032
5719.89774439	-0.000264694346553
5720.21190366	-0.000271087319087
5720.52606292	-0.000277411483898
5720.84022219	-0.000283841522985
5721.15438145	-0.000289865681839
5721.46854072	-0.000294695533728
5721.78269998	-0.000297967319425
5722.09685925	-0.000299526347001
5722.41101851	-0.000299258629158
5722.72517778	-0.00029645562777
5723.03933704	-0.000291127373802
5723.35349631	-0.000284434166556
5723.66765558	-0.000277382520264
5723.98181484	-0.000270459328273
5724.29597411	-0.000263988579951
5724.61013337	-0.000258116327762
5724.92429264	-0.000252571866227
5725.2384519	-0.000246717944991
5725.55261117	-0.000239818042034
5725.86677043	-0.000231782145887
5726.1809297	-0.000222859278009
5726.49508896	-0.000213246358073
5726.80924823	-0.000203221241046
5727.12340749	-0.000192847350683
5727.43756676	-0.000182432977326
5727.75172603	-0.00017221049885
5728.06588529	-0.000162630634109
5728.38004456	-0.00015407817919
5728.69420382	-0.000146731096135
5729.00836309	-0.000140028104635
5729.32252235	-0.0001332680371
5729.63668162	-0.000125879835827
5729.95084088	-0.000117854102868
5730.26500015	-0.000109334598907
5730.57915941	-0.000100412538398
5730.89331868	-9.1189048604e-05
5731.20747794	-8.16449573953e-05
5731.52163721	-7.17336657067e-05
5731.83579647	-6.12307145772e-05
5732.14995574	-5.07677569265e-05
5732.46411501	-4.18090864566e-05
5732.77827427	-3.44600445912e-05
5733.09243354	-2.77900283675e-05
5733.4065928	-2.07640212881e-05
5733.72075207	-1.30700932234e-05
5734.03491133	-4.60258094057e-06
5734.3490706	4.62978800747e-06
5734.66322986	1.4509089314e-05
5734.97738913	2.48834123178e-05
5735.29154839	3.5394640999e-05
5735.60570766	4.59248303898e-05
5735.91986692	5.59701732624e-05
5736.23402619	6.50748519389e-05
5736.54818546	7.30707499271e-05
5736.86234472	8.02431430165e-05
5737.17650399	8.74430279793e-05
5737.49066325	9.53198071543e-05
5737.80482252	0.000103901076599
5738.11898178	0.000113104333358
5738.43314105	0.000122463076161
5738.74730031	0.000131928015259
5739.06145958	0.000141370895514
5739.37561884	0.000150511565074
5739.68977811	0.000159310411891
5740.00393737	0.000167583507978
5740.31809664	0.00017486169873
5740.63225591	0.000180816091208
5740.94641517	0.000186215303094
5741.26057444	0.000191456120402
5741.5747337	0.000196366560528
5741.88889297	0.000200799872591
5742.20305223	0.000205015286108
5742.5172115	0.000208999277228
5742.83137076	0.000212549089832
5743.14553003	0.000215322273084
5743.45968929	0.000217472853966
5743.77384856	0.000219078244666
5744.08800782	0.000220397786099
5744.40216709	0.000221411679455
5744.71632635	0.000222058248636
5745.03048562	0.000222566380798
5745.34464489	0.000223248169468
5745.65880415	0.000223876972623
5745.97296342	0.000223766607909
5746.28712268	0.000222268207379
5746.60128195	0.000218971774509
5746.91544121	0.000213755460211
5747.22960048	0.000206745665361
5747.54375974	0.000198181652931
5747.85791901	0.000188280222225
5748.17207827	0.000176777858332
5748.48623754	0.000163351814707
5748.8003968	0.000148222888335
5749.11455607	0.000132531039104
5749.42871534	0.000117124520565
5749.7428746	0.000102364384991
5750.05703387	8.76824678405e-05
5750.37119313	7.23250840166e-05
5750.6853524	5.61437434095e-05
5750.99951166	3.93388811932e-05
5751.31367093	2.21612945737e-05
5751.62783019	4.79261005929e-06
5751.94198946	-1.27537187138e-05
5752.25614872	-3.06886451409e-05
5752.57030799	-4.91137950526e-05
5752.88446725	-6.76088327263e-05
5753.19862652	-8.52830474257e-05
5753.51278578	-0.0001014374765
5753.82694505	-0.000116340848805
5754.14110432	-0.000130724220987
5754.45526358	-0.000144882104034
5754.76942285	-0.00015873810094
5755.08358211	-0.000172227254803
5755.39774138	-0.000185385366528
5755.71190064	-0.000198319967877
5756.02605991	-0.000211008597413
5756.34021917	-0.000223737665417
5756.65437844	-0.00023653730108
5756.9685377	-0.000248922210411
5757.28269697	-0.000260204546472
5757.59685623	-0.000269843223533
5757.9110155	-0.000277711739505
5758.22517477	-0.000283708829291
5758.53933403	-0.000287920068869
5758.8534933	-0.000290503366584
5759.16765256	-0.000291929017058
5759.48181183	-0.000292538591778
5759.79597109	-0.000292416464028
5760.11013036	-0.00029190766607
5760.42428962	-0.000291589632684
5760.73844889	-0.00029143317661
5761.05260815	-0.000291183046218
5761.36676742	-0.000289916705223
5761.68092668	-0.000287000078177
5761.99508595	-0.000282326998803
5762.30924521	-0.000276366240849
5762.62340448	-0.000269530960126
5762.93756375	-0.000261930851843
5763.25172301	-0.000253624361946
5763.56588228	-0.000244470371934
5763.88004154	-0.000234514733105
5764.19420081	-0.000224153823209
5764.50836007	-0.0002137784292
5764.82251934	-0.000203201535149
5765.1366786	-0.000191899370226
5765.45083787	-0.000179761136991
5765.76499713	-0.000166930015657
5766.0791564	-0.000153777594541
5766.39331566	-0.000140681368289
5766.70747493	-0.000127898863202
5767.0216342	-0.000115353700163
5767.33579346	-0.000102745005912
5767.64995273	-8.98910344177e-05
5767.96411199	-7.74992044805e-05
5768.27827126	-6.65659765958e-05
5768.59243052	-5.74883318279e-05
5768.90658979	-4.94498108483e-05
5769.22074905	-4.12031360788e-05
5769.53490832	-3.21242195058e-05
5769.84906758	-2.215983447e-05
5770.16322685	-1.18380128928e-05
5770.47738611	-1.4220287425e-06
5770.79154538	8.97411872715e-06
5771.10570464	1.94195974253e-05
5771.41986391	2.97590251468e-05
5771.73402318	4.00575862323e-05
5772.04818244	5.00345107386e-05
5772.36234171	5.93038869715e-05
5772.67650097	6.77302537562e-05
5772.99066024	7.56623138303e-05
5773.3048195	8.36668574131e-05
5773.61897877	9.18070890149e-05
5773.93313803	9.98809180938e-05
5774.2472973	0.000107548245221
5774.56145656	0.00011480296896
5774.87561583	0.00012159628223
5775.18977509	0.000128057473801
5775.50393436	0.000134224952274
5775.81809363	0.000139831757182
5776.13225289	0.000145669719247
5776.44641216	0.000152120686889
5776.76057142	0.000158136511781
5777.07473069	0.000163319832993
5777.38888995	0.000167852900177
5777.70304922	0.000171967874766
5778.01720848	0.000175688295185
5778.33136775	0.000179094919158
5778.64552701	0.000182297044077
5778.95968628	0.000185484421925
5779.27384554	0.000188563023459
5779.58800481	0.000191558771183
5779.90216407	0.000194232943495
5780.21632334	0.00019631311023
5780.53048261	0.000197764965029
5780.84464187	0.000198936749179
5781.15880114	0.000200148952881
5781.4729604	0.000201535267176
5781.78711967	0.000202744661741
5782.10127893	0.000203202981114
5782.4154382	0.000202503322789
5782.72959746	0.000200582156121
5783.04375673	0.000197555887035
5783.35791599	0.000193451776757
5783.67207526	0.000188653868412
5783.98623452	0.000183100570595
5784.30039379	0.000176227725354
5784.61455306	0.000167440116039
5784.92871232	0.000157067733504
5785.24287159	0.000146008977912
5785.55703085	0.000134958324379
5785.87119012	0.000123885497237
5786.18534938	0.000112293761273
5786.49950865	9.97717238719e-05
5786.81366791	8.63614099503e-05
5787.12782718	7.22274238719e-05
5787.44198644	5.73567434239e-05
5787.75614571	4.17471934647e-05
5788.07030497	2.56843752432e-05
5788.38446424	9.39178530335e-06
5788.6986235	-6.83619003261e-06
5789.01278277	-2.27799543881e-05
5789.32694204	-3.78309082091e-05
5789.6411013	-5.15962693514e-05
5789.95526057	-6.37921592373e-05
5790.26941983	-7.54649992199e-05
5790.5835791	-8.71903581999e-05
5790.89773836	-9.91147387717e-05
5791.21189763	-0.00011143786792
5791.52605689	-0.000124463787173
5791.84021616	-0.000138639492179
5792.15437542	-0.000154208382975
5792.46853469	-0.000171074833076
5792.78269395	-0.000188462532765
5793.09685322	-0.000205060587176
5793.41101249	-0.00021954100341
5793.72517175	-0.000231410493252
5794.03933102	-0.000241640788626
5794.35349028	-0.000250840226609
5794.66764955	-0.000258790623089
5794.98180881	-0.000265440401438
5795.29596808	-0.000270929008502
5795.61012734	-0.000275192885685
5795.92428661	-0.000278244678822
5796.23844587	-0.000280399866462
5796.55260514	-0.00028196078323
5796.8667644	-0.000282988357395
5797.18092367	-0.000283247932279
5797.49508293	-0.000282612092376
5797.8092422	-0.000281259425325
5798.12340147	-0.000279394246374
5798.43756073	-0.000277163886543
5798.75172	-0.000274659140478
5799.06587926	-0.000271742286255
5799.38003853	-0.00026840432503
5799.69419779	-0.000264638767181
5800.00835706	-0.00026071860406
5800.32251632	-0.000257121787257
5800.63667559	-0.000253941352012
5800.95083485	-0.000250570489039
5801.26499412	-0.000246172367467
5801.57915338	-0.000240119787038
5801.89331265	-0.000232244816518
5802.20747192	-0.00022277938309
5802.52163118	-0.000212164399119
5802.83579045	-0.000200796794122
5803.14994971	-0.000188871928198
5803.46410898	-0.000176032535814
5803.77826824	-0.000161957070536
5804.09242751	-0.000147445071066
5804.40658677	-0.000133408121412
5804.72074604	-0.000120039088116
5805.0349053	-0.00010701385709
5805.34906457	-9.40381242664e-05
5805.66322383	-8.12900563837e-05
5805.9773831	-6.92214036626e-05
5806.29154237	-5.80240599079e-05
5806.60570163	-4.7725275411e-05
5806.9198609	-3.81729875091e-05
5807.23402016	-2.91070792737e-05
5807.54817943	-2.02482452507e-05
5807.86233869	-1.16014000436e-05
5808.17649796	-3.40355839504e-06
5808.49065722	4.18994720017e-06
5808.80481649	1.13967676866e-05
5809.11897575	1.87142216633e-05
5809.43313502	2.65511124402e-05
5809.74729428	3.48235792385e-05
5810.06145355	4.31338464755e-05
5810.37561281	5.13649397996e-05
5810.68977208	5.95984398709e-05
5811.00393135	6.80098415798e-05
5811.31809061	7.64517807173e-05
5811.63224988	8.47771497724e-05
5811.94640914	9.3292035563e-05
5812.26056841	0.000101214062606
5812.57472767	0.0001084339963
5812.88888694	0.000115227374774
5813.2030462	0.000122074828697
5813.51720547	0.000129374988662
5813.83136473	0.000137173966101
5814.145524	0.000145271934378
5814.45968326	0.000153417699634
5814.77384253	0.00016145248858
5815.0880018	0.000169651537193
5815.40216106	0.000178491329225
5815.71632033	0.000187937656792
5816.03047959	0.000197071817529
5816.34463886	0.00020488243724
5816.65879812	0.000211053016836
5816.97295739	0.000216079917367
5817.28711665	0.000220677561989
5817.60127592	0.000225142401116
5817.91543518	0.000229328296363
5818.22959445	0.000232868883701
5818.54375371	0.000235530806617
5818.85791298	0.000237264298062
5819.17207224	0.000237857543401
5819.48623151	0.000237318713505
5819.80039078	0.000235740529346
5820.11455004	0.000232114080423
5820.42870931	0.000225892618181
5820.74286857	0.000217435258847
5821.05702784	0.000207980048185
5821.3711871	0.00019875649233
5821.68534637	0.00019001672116
5821.99950563	0.00018132309636
5822.3136649	0.000172204771696
5822.62782416	0.000162585384901
5822.94198343	0.000152371155555
5823.25614269	0.000141403860804
5823.57030196	0.000129525261167
5823.88446123	0.000116471474054
5824.19862049	0.00010184864039
5824.51277976	8.53697526616e-05
5824.82693902	6.75373652147e-05
5825.14109829	4.93181126938e-05
5825.45525755	3.1355998426e-05
5825.76941682	1.43357209232e-05
5826.08357608	-1.09316988644e-06
5826.39773535	-1.54476771795e-05
5826.71189461	-2.9298341363e-05
5827.02605388	-4.34103467209e-05
5827.34021314	-5.83886435669e-05
5827.65437241	-7.42825423326e-05
5827.96853167	-9.0812852753e-05
5828.28269094	-0.000107546620438
5828.59685021	-0.000124232025955
5828.91100947	-0.000140629614642
5829.22516874	-0.000156034217062
5829.539328	-0.000170160815984
5829.85348727	-0.000182906989721
5830.16764653	-0.000194260814864
5830.4818058	-0.000204239437295
5830.79596506	-0.00021291405268
5831.11012433	-0.000220756133954
5831.42428359	-0.00022801033506
5831.73844286	-0.000234794416541
5832.05260212	-0.000241208076059
5832.36676139	-0.000247595200989
5832.68092066	-0.000253990011825
5832.99507992	-0.000259945275516
5833.30923919	-0.000264923232517
5833.62339845	-0.000268646881117
5833.93755772	-0.000271307526679
5834.25171698	-0.000272893486912
5834.56587625	-0.000273446129169
5834.88003551	-0.000272863246838
5835.19419478	-0.000271228192872
5835.50835404	-0.000268644961841
5835.82251331	-0.000265464592125
5836.13667257	-0.000262227999898
5836.45083184	-0.00025938709847
5836.7649911	-0.000256826609301
5837.07915037	-0.000254104063801
5837.39330964	-0.000250953844257
5837.7074689	-0.000247356320792
5838.02162817	-0.000243470516942
5838.33578743	-0.000239254048386
5838.6499467	-0.0002344585241
5838.96410596	-0.000228891832073
5839.27826523	-0.0002221998152
5839.59242449	-0.000214125630094
5839.90658376	-0.000205317884097
5840.22074302	-0.000197413743014
5840.53490229	-0.00019083571266
5840.84906155	-0.000184728614798
5841.16322082	-0.000178241638515
5841.47738009	-0.000171040615494
5841.79153935	-0.000162788239532
5842.10569862	-0.000153185040235
5842.41985788	-0.0001426681214
5842.73401715	-0.000131800131308
5843.04817641	-0.000121199962036
5843.36233568	-0.000111185604949
5843.67649494	-0.00010178991719
5843.99065421	-9.29996414284e-05
5844.30481347	-8.48032829901e-05
5844.61897274	-7.67624639052e-05
5844.933132	-6.79658919586e-05
5845.24729127	-5.77681195937e-05
5845.56145053	-4.63146140647e-05
5845.8756098	-3.39505860944e-05
5846.18976907	-2.08961152373e-05
5846.50392833	-7.73018003965e-06
5846.8180876	5.427166257e-06
5847.13224686	1.86678737184e-05
5847.44640613	3.25108956892e-05
5847.76056539	4.64734619635e-05
5848.07472466	5.96641479653e-05
5848.38888392	7.15454847866e-05
5848.70304319	8.17950548874e-05
5849.01720245	9.05459546403e-05
5849.33136172	9.837780912e-05
5849.64552098	0.000105755672662
5849.95968025	0.00011292495892
5850.27383952	0.000120487499437
5850.58799878	0.000128700716102
5850.90215805	0.000137766896984
5851.21631731	0.000147090405881
5851.53047658	0.000156503937711
5851.84463584	0.000165663247967
5852.15879511	0.000174253602409
5852.47295437	0.000182051226811
5852.78711364	0.000189261323689
5853.1012729	0.000196514438668
5853.41543217	0.000204056095157
5853.72959143	0.000211814671299
5854.0437507	0.000219405883952
5854.35790997	0.00022655337407
5854.67206923	0.000233114512377
5854.9862285	0.00023888696347
5855.30038776	0.000243563816966
5855.61454703	0.000246907590262
5855.92870629	0.000248510826026
5856.24286556	0.000248070868824
5856.55702482	0.000245597372969
5856.87118409	0.00024181010001
5857.18534335	0.000237516292136
5857.49950262	0.000232984648914
5857.81366188	0.000227875426763
5858.12782115	0.000221810841213
5858.44198041	0.000214823467311
5858.75613968	0.000207253298988
5859.07029895	0.0001993653546
5859.38445821	0.000191130383772
5859.69861748	0.000182279427446
5860.01277674	0.000172458282224
5860.32693601	0.000161277548561
5860.64109527	0.000148799265506
5860.95525454	0.000135563104699
5861.2694138	0.000122205139267
5861.58357307	0.000108674375604
5861.89773233	9.44536598352e-05
5862.2118916	7.9567113775e-05
5862.52605086	6.41503479888e-05
5862.84021013	4.84794668312e-05
5863.1543694	3.27252074912e-05
5863.46852866	1.66189639343e-05
5863.78268793	-1.47959555342e-07
5864.09684719	-1.78619640596e-05
5864.41100646	-3.66447965157e-05
5864.72516572	-5.60375193776e-05
5865.03932499	-7.49822441632e-05
5865.35348425	-9.26514627615e-05
5865.66764352	-0.000108862516599
5865.98180278	-0.000123662404666
5866.29596205	-0.000137215220523
5866.61012131	-0.000149779756473
5866.92428058	-0.000161814545041
5867.23843984	-0.00017365647014
5867.55259911	-0.00018534576163
5867.86675838	-0.000196850612102
5868.18091764	-0.000208033120677
5868.49507691	-0.000218476692092
5868.80923617	-0.000227866607415
5869.12339544	-0.000235760869325
5869.4375547	-0.00024225592834
5869.75171397	-0.000247063483934
5870.06587323	-0.000250696625828
5870.3800325	-0.00025379804297
5870.69419176	-0.000256163673228
5871.00835103	-0.000257444003649
5871.32251029	-0.000257292214412
5871.63666956	-0.000255883557557
5871.95082883	-0.000253903808614
5872.26498809	-0.000252202386085
5872.57914736	-0.000250793708208
5872.89330662	-0.000249186860556
5873.20746589	-0.000247039997446
5873.52162515	-0.000244049529303
5873.83578442	-0.000240390561232
5874.14994368	-0.000236084687655
5874.46410295	-0.000231271223174
5874.77826221	-0.000225949815772
5875.09242148	-0.000219728256872
5875.40658074	-0.000212338907909
5875.72074001	-0.000204459691332
5876.03489927	-0.000197780402267
5876.34905854	-0.00019272743933
5876.66321781	-0.000188717465391
5876.97737707	-0.000184714862922
5877.29153634	-0.000180046288482
5877.6056956	-0.000174780554969
5877.91985487	-0.000169276215572
5878.23401413	-0.000163757592062
5878.5481734	-0.000158272995367
5878.86233266	-0.000152749257128
5879.17649193	-0.00014696686747
5879.49065119	-0.000140742233696
5879.80481046	-0.000134178553088
5880.11896972	-0.000127372428518
5880.43312899	-0.000120405671583
5880.74728826	-0.00011286644239
5881.06144752	-0.000104497128467
5881.37560679	-9.53649832315e-05
5881.68976605	-8.59574959411e-05
5882.00392532	-7.65837418922e-05
5882.31808458	-6.74394583015e-05
5882.63224385	-5.85014048851e-05
5882.94640311	-4.94579366734e-05
5883.26056238	-4.0262655336e-05
5883.57472164	-3.06615626868e-05
5883.88888091	-2.07826405996e-05
5884.20304017	-1.10286460268e-05
5884.51719944	-1.77859176864e-06
5884.8313587	7.15841709172e-06
5885.14551797	1.6131728033e-05
5885.45967724	2.54032031623e-05
5885.7738365	3.50973032763e-05
5886.08799577	4.51543316487e-05
5886.40215503	5.54125849447e-05
5886.7163143	6.57772460038e-05
5887.03047356	7.61826231627e-05
5887.34463283	8.64220948026e-05
5887.65879209	9.62925794017e-05
5887.97295136	0.000105341329041
5888.28711062	0.000113342125777
5888.60126989	0.000120535231825
5888.91542915	0.000127661849641
5889.22958842	0.000135183470418
5889.54374769	0.00014290921167
5889.85790695	0.000150347003885
5890.17206622	0.00015696518713
5890.48622548	0.000162559175729
5890.80038475	0.000167518907925
5891.11454401	0.000172687975217
5891.42870328	0.000178187856432
5891.74286254	0.00018379036505
5892.05702181	0.000188862513696
5892.37118107	0.000192925154227
5892.68534034	0.000196172341806
5892.9994996	0.000199908707283
5893.31365887	0.000204463269982
5893.62781813	0.000209297159754
5893.9419774	0.000213341231806
5894.25613667	0.000215710848993
5894.57029593	0.000216151433118
5894.8844552	0.000215289927135
5895.19861446	0.000213771159786
5895.51277373	0.000211584963761
5895.82693299	0.000207818730374
5896.14109226	0.000201894679413
5896.45525152	0.000193688229607
5896.76941079	0.000184297178543
5897.08357005	0.000174842233458
5897.39772932	0.000166285646041
5897.71188858	0.000159139038842
5898.02604785	0.000152564484033
5898.34020712	0.000145677947202
5898.65436638	0.000138143872589
5898.96852565	0.000129644368163
5899.28268491	0.000119980990487
5899.59684418	0.000108724587078
5899.91100344	9.58300620333e-05
5900.22516271	8.08897783087e-05
5900.53932197	6.41073837502e-05
5900.85348124	4.63781571805e-05
5901.1676405	2.84830470826e-05
5901.48179977	1.08751246491e-05
5901.79595903	-6.41986116579e-06
5902.1101183	-2.32043964241e-05
5902.42427756	-3.9050446015e-05
5902.73843683	-5.39048967484e-05
5903.0525961	-6.82835328861e-05
5903.36675536	-8.24088518108e-05
5903.68091463	-9.65893968486e-05
5903.99507389	-0.000111082935616
5904.30923316	-0.000126334244049
5904.62339242	-0.000141857559042
5904.93755169	-0.000156827208488
5905.25171095	-0.000170661786966
5905.56587022	-0.000183020934576
5905.88002948	-0.000194502440357
5906.19418875	-0.000205340427382
5906.50834801	-0.000215601188951
5906.82250728	-0.00022500794894
5907.13666655	-0.000233240427426
5907.45082581	-0.000240186949922
5907.76498508	-0.000246038484174
5908.07914434	-0.000251335584979
5908.39330361	-0.000256435257557
5908.70746287	-0.000261174737777
5909.02162214	-0.000265115838859
5909.3357814	-0.000268026825725
5909.64994067	-0.000270134393263
5909.96409993	-0.000271102436218
5910.2782592	-0.000270344870245
5910.59241846	-0.00026764864435
5910.90657773	-0.000263168117434
5911.22073699	-0.000257173482237
5911.53489626	-0.000250015403234
5911.84905553	-0.000242433644892
5912.16321479	-0.000235208390787
5912.47737406	-0.000228307743547
5912.79153332	-0.000221234729008
5913.10569259	-0.000213607998949
5913.41985185	-0.000205426166701
5913.73401112	-0.000196968802244
5914.04817038	-0.000188562937961
5914.36232965	-0.000180253284385
5914.67648891	-0.000172136883119
5914.99064818	-0.000164106741827
5915.30480744	-0.000156180646255
5915.61896671	-0.000148601077253
5915.93312598	-0.000141536007618
5916.24728524	-0.000135295034695
5916.56144451	-0.00012968417134
5916.87560377	-0.000124371828467
5917.18976304	-0.000118689209225
5917.5039223	-0.000111972765819
5917.81808157	-0.000103809808801
5918.13224083	-9.44702261616e-05
5918.4464001	-8.47911640823e-05
5918.76055936	-7.51553577036e-05
5919.07471863	-6.58286083591e-05
5919.38887789	-5.69354070433e-05
5919.70303716	-4.79606983495e-05
5920.01719643	-3.86360763483e-05
5920.33135569	-2.96815766797e-05
5920.64551496	-2.10049176057e-05
5920.95967422	-1.23506501399e-05
5921.27383349	-3.55614394577e-06
5921.58799275	5.41388283495e-06
5921.90215202	1.43934491679e-05
5922.21631128	2.33123642712e-05
5922.53047055	3.20634174553e-05
5922.84462981	4.06676937675e-05
5923.15878908	4.92280980528e-05
5923.47294834	5.76148187498e-05
5923.78710761	6.56645492782e-05
5924.10126687	7.30354990625e-05
5924.41542614	7.98121315763e-05
5924.72958541	8.64003134107e-05
5925.04374467	9.32550839049e-05
5925.35790394	0.000100526984498
5925.6720632	0.000107988758657
5925.98622247	0.000115322904876
5926.30038173	0.000122398962539
5926.614541	0.000129009235147
5926.92870026	0.000134915405559
5927.24285953	0.000139885342452
5927.55701879	0.000143913215253
5927.87117806	0.00014697642778
5928.18533732	0.000149601645458
5928.49949659	0.000152327895874
5928.81365586	0.00015574332864
5929.12781512	0.000160088738625
5929.44197439	0.000165176910508
5929.75613365	0.000170264496693
5930.07029292	0.000174929380941
5930.38445218	0.000179176980485
5930.69861145	0.000183196646417
5931.01277071	0.000187139801973
5931.32692998	0.000190804184436
5931.64108924	0.000193746764442
5931.95524851	0.000195338174977
5932.26940777	0.000195076377323
5932.58356704	0.000193053975356
5932.8977263	0.000189939018431
5933.21188557	0.000186353738696
5933.52604484	0.000183168911319
5933.8402041	0.00017983212839
5934.15436337	0.000175297193828
5934.46852263	0.000169488661239
5934.7826819	0.000162378869723
5935.09684116	0.000153991010773
5935.41100043	0.000144275687737
5935.72515969	0.000133165692371
5936.03931896	0.000120621672065
5936.35347822	0.000106756170902
5936.66763749	9.22426891172e-05
5936.98179675	7.81463952207e-05
5937.29595602	6.46891326889e-05
5937.61011529	5.15145855387e-05
5937.92427455	3.83044438526e-05
5938.23843382	2.50933208668e-05
5938.55259308	1.18441923118e-05
5938.86675235	-1.56423902184e-06
5939.18091161	-1.52057260093e-05
5939.49507088	-2.89816985082e-05
5939.80923014	-4.28082961041e-05
5940.12338941	-5.6869939978e-05
5940.43754867	-7.11496697585e-05
5940.75170794	-8.52142769582e-05
5941.0658672	-9.85046980193e-05
5941.38002647	-0.000110722379726
5941.69418573	-0.000122041448026
5942.008345	-0.000132655324085
5942.32250427	-0.00014274506605
5942.63666353	-0.000152543253817
5942.9508228	-0.000162000080237
5943.26498206	-0.000171203023255
5943.57914133	-0.000180434102521
5943.89330059	-0.000190359115189
5944.20745986	-0.000201139981145
5944.52161912	-0.000212210016283
5944.83577839	-0.000222496435648
5945.14993765	-0.000231526423552
5945.46409692	-0.000239374883697
5945.77825618	-0.000246128078468
5946.09241545	-0.000251686769351
5946.40657472	-0.000255819506063
5946.72073398	-0.000258159073847
5947.03489325	-0.000258382792027
5947.34905251	-0.000256349699628
5947.66321178	-0.000252974915877
5947.97737104	-0.00024960032742
5948.29153031	-0.000246672093822
5948.60568957	-0.000243834851887
5948.91984884	-0.000240656769541
5949.2340081	-0.000236870815669
5949.54816737	-0.000232556264169
5949.86232663	-0.000227774022392
5950.1764859	-0.000222548024074
5950.49064516	-0.000216815839372
5950.80480443	-0.000210426424699
5951.1189637	-0.000203197118413
5951.43312296	-0.000195189094768
5951.74728223	-0.000186767364234
5952.06144149	-0.000178512946444
5952.37560076	-0.000170855626162
5952.68976002	-0.000163706675803
5953.00391929	-0.000156665104246
5953.31807855	-0.000149489062311
5953.63223782	-0.000142048272379
5953.94639708	-0.000133727499907
5954.26055635	-0.000124151343144
5954.57471561	-0.000113541495211
5954.88887488	-0.000102690006514
5955.20303415	-9.19221506473e-05
5955.51719341	-8.1301016779e-05
5955.83135268	-7.09539746473e-05
5956.14551194	-6.07288347057e-05
5956.45967121	-4.96835972118e-05
5956.77383047	-3.81403615917e-05
5957.08798974	-2.67376223248e-05
5957.402149	-1.56953865209e-05
5957.71630827	-5.07189969808e-06
5958.03046753	4.74091679865e-06
5958.3446268	1.37532575115e-05
5958.65878606	2.20068389369e-05
5958.97294533	2.97105170737e-05
5959.28710459	3.7168540465e-05
5959.60126386	4.4436661039e-05
5959.91542313	5.1490327314e-05
5960.22958239	5.81864049434e-05
5960.54374166	6.47082479279e-05
5960.85790092	7.14777902754e-05
5961.17206019	7.88193420511e-05
5961.48621945	8.65679721275e-05
5961.80037872	9.42391963642e-05
5962.11453798	0.00010148774441
5962.42869725	0.000108015594292
5962.74285651	0.000113909458092
5963.05701578	0.000119238616511
5963.37117504	0.000124042461194
5963.68533431	0.000128217374738
5963.99949358	0.000131516353989
5964.31365284	0.000133898321989
5964.62781211	0.000135824787776
5964.94197137	0.000138186249233
5965.25613064	0.000141602111459
5965.5702899	0.000145796612076
5965.88444917	0.000150138607389
5966.19860843	0.000154178969964
5966.5127677	0.000157929030903
5966.82692696	0.000161416414069
5967.14108623	0.000164678204375
5967.45524549	0.000167580797948
5967.76940476	0.000169886793179
5968.08356402	0.000171192830962
5968.39772329	0.000171582906388
5968.71188256	0.000171904036168
5969.02604182	0.00017304749246
5969.34020109	0.000175126504527
5969.65436035	0.000177628326143
5969.96851962	0.000179859319206
5970.28267888	0.000180921254998
5970.59683815	0.000180265746425
5970.91099741	0.000177527156579
5971.22515668	0.00017249350967
5971.53931594	0.000165371920502
5971.85347521	0.000156456031015
5972.16763447	0.000146273279192
5972.48179374	0.000135003984719
5972.79595301	0.000122937286433
5973.11011227	0.000110476448477
5973.42427154	9.81611922831e-05
5973.7384308	8.62004407008e-05
5974.05259007	7.47871678499e-05
5974.36674933	6.39822594677e-05
5974.6809086	5.33950212195e-05
5974.99506786	4.25216168282e-05
5975.30922713	3.12121022915e-05
5975.62338639	1.94607691097e-05
5975.93754566	6.99758758509e-06
5976.25170492	-6.45979121353e-06
5976.56586419	-2.07239098614e-05
5976.88002345	-3.51857201827e-05
5977.19418272	-4.92495974607e-05
5977.50834199	-6.2632160106e-05
5977.82250125	-7.54536873399e-05
5978.13666052	-8.7768809659e-05
5978.45081978	-9.97295815828e-05
5978.76497905	-0.000111398792238
5979.07913831	-0.000122691362714
5979.39329758	-0.000133400563352
5979.70745684	-0.00014370612794
5980.02161611	-0.000154333357451
5980.33577537	-0.000165753725761
5980.64993464	-0.000177715713189
5980.9640939	-0.000189290238425
5981.27825317	-0.000199664827615
5981.59241244	-0.000208531319535
5981.9065717	-0.000215981376392
5982.22073097	-0.000222184387887
5982.53489023	-0.000227315688762
5982.8490495	-0.000231431785013
5983.16320876	-0.000234519203435
5983.47736803	-0.000236760409054
5983.79152729	-0.000238674209272
5984.10568656	-0.000240690766629
5984.41984582	-0.000242776265239
5984.73400509	-0.000244356062528
5985.04816435	-0.000245063424773
5985.36232362	-0.000244651916297
5985.67648289	-0.000243238172701
5985.99064215	-0.000241052203881
5986.30480142	-0.000238123740076
5986.61896068	-0.000234606662198
5986.93311995	-0.000230500501626
5987.24727921	-0.000225955945287
5987.56143848	-0.000221111376478
5987.87559774	-0.000216401758514
5988.18975701	-0.000212255410153
5988.50391627	-0.000208579823041
5988.81807554	-0.000204826492345
5989.1322348	-0.000200418998337
5989.44639407	-0.000195088806889
5989.76055333	-0.000189074066348
5990.0747126	-0.000182599983148
5990.38887187	-0.00017591121442
5990.70303113	-0.000168984166805
5991.0171904	-0.000161754513487
5991.33134966	-0.000154054546653
5991.64550893	-0.000145798134431
5991.95966819	-0.000136691996335
5992.27382746	-0.000127497342546
5992.58798672	-0.000118368433687
5992.90214599	-0.000109280861426
5993.21630525	-9.99398471025e-05
5993.53046452	-9.02270370488e-05
5993.84462378	-8.02499162165e-05
5994.15878305	-7.02426348727e-05
5994.47294232	-6.02640185143e-05
5994.78710158	-5.02742640906e-05
5995.10126085	-4.00160722093e-05
5995.41542011	-2.94326832341e-05
5995.72957938	-1.8695832222e-05
5996.04373864	-8.28466209867e-06
5996.35789791	1.37507887899e-06
5996.67205717	1.04980144136e-05
5996.98621644	1.97213606981e-05
5997.3003757	2.92399073842e-05
5997.61453497	3.87843566971e-05
5997.92869423	4.79880838085e-05
5998.2428535	5.64442082019e-05
5998.55701276	6.42214060802e-05
5998.87117203	7.15489822222e-05
5999.1853313	7.8780718834e-05
5999.49949056	8.69970956726e-05
5999.81364983	9.62685599811e-05
6000.12780909	0.00010561988603
6000.44196836	0.000114226777387
6000.75612762	0.000122100350856
6001.07028689	0.00013037684147
6001.38444615	0.000138916429338
6001.69860542	0.000147010926428
6002.01276468	0.000154414286284
6002.32692395	0.000161113504663
6002.64108321	0.000167179107082
6002.95524248	0.000172661350525
6003.26940175	0.000177449912199
6003.58356101	0.000181303304287
6003.89772028	0.000183955826148
6004.21187954	0.000185320642203
6004.52603881	0.000185675659671
6004.84019807	0.000185821539214
6005.15435734	0.000186375432867
6005.4685166	0.000187836064796
6005.78267587	0.000190050998353
6006.09683513	0.000192178742597
6006.4109944	0.000193851150583
6006.72515366	0.000194828344858
6007.03931293	0.000194763645623
6007.35347219	0.000193217373106
6007.66763146	0.000189840600597
6007.98179073	0.000184393110335
6008.29594999	0.000177012752262
6008.61010926	0.000168138107563
6008.92426852	0.000158707150797
6009.23842779	0.000149443074865
6009.55258705	0.000140911235621
6009.86674632	0.000133144230196
6010.18090558	0.000125806386855
6010.49506485	0.000118201351099
6010.80922411	0.000109672056575
6011.12338338	9.99807473906e-05
6011.43754264	8.92322118513e-05
6011.75170191	7.73680407819e-05
6012.06586118	6.4223800222e-05
6012.38002044	4.98175843337e-05
6012.69417971	3.46296833166e-05
6013.00833897	1.93797819005e-05
6013.32249824	4.5986326609e-06
6013.6366575	-9.70719296965e-06
6013.95081677	-2.35735690449e-05
6014.26497603	-3.71367016199e-05
6014.5791353	-5.04439699719e-05
6014.89329456	-6.3411156546e-05
6015.20745383	-7.60045500895e-05
6015.52161309	-8.84257603476e-05
6015.83577236	-0.00010114681029
6016.14993162	-0.000114798672167
6016.46409089	-0.000129472801062
6016.77825016	-0.000144289557012
6017.09240942	-0.000158275656327
6017.40656869	-0.000170984879954
6017.72072795	-0.000182478539646
6018.03488722	-0.000192956180059
6018.34904648	-0.000202439908637
6018.66320575	-0.000210697140633
6018.97736501	-0.000217529265791
6019.29152428	-0.000222699583629
6019.60568354	-0.000226481770298
6019.91984281	-0.000229021332203
6020.23400207	-0.000231251087171
6020.54816134	-0.000233865625039
6020.86232061	-0.00023636277616
6021.17647987	-0.000238316782716
6021.49063914	-0.000239628653819
6021.8047984	-0.000240373018268
6022.11895767	-0.000240601653064
6022.43311693	-0.000239877659434
6022.7472762	-0.000237758519379
6023.06143546	-0.000234256263517
6023.37559473	-0.000229755897457
6023.68975399	-0.000224950721174
6024.00391326	-0.000220374095974
6024.31807252	-0.000216418828698
6024.63223179	-0.00021281318772
6024.94639105	-0.000208999153629
6025.26055032	-0.000204759757976
6025.57470959	-0.000200452225075
6025.88886885	-0.000196216176354
6026.20302812	-0.000191794626434
6026.51718738	-0.000187110593812
6026.83134665	-0.000181958281294
6027.14550591	-0.00017644296873
6027.45966518	-0.000170849824364
6027.77382444	-0.00016491698438
6028.08798371	-0.000158443270276
6028.40214297	-0.00015183587095
6028.71630224	-0.000145338253358
6029.0304615	-0.000138272240522
6029.34462077	-0.00013039322208
6029.65878004	-0.000121751042178
6029.9729393	-0.000112631990845
6030.28709857	-0.000103304992627
6030.60125783	-9.41220647011e-05
6030.9154171	-8.51703542379e-05
6031.22957636	-7.65669298143e-05
6031.54373563	-6.84539843583e-05
6031.85789489	-6.11085903997e-05
6032.17205416	-5.49338370293e-05
6032.48621342	-4.96400692119e-05
6032.80037269	-4.43309412793e-05
6033.11453195	-3.83667058157e-05
6033.42869122	-3.1675730235e-05
6033.74285048	-2.43201127344e-05
6034.05700975	-1.65195878603e-05
6034.37116902	-8.70984132457e-06
6034.68532828	-1.23627594117e-06
6034.99948755	5.97509319566e-06
6035.31364681	1.31485249116e-05
6035.62780608	2.07419369932e-05
6035.94196534	2.86601546598e-05
6036.25612461	3.64076946555e-05
6036.57028387	4.45501154329e-05
6036.88444314	5.37890546697e-05
6037.1986024	6.4621777366e-05
6037.51276167	7.67562237481e-05
6037.82692093	8.92820591017e-05
6038.1410802	0.000101694791769
6038.45523947	0.000113732685861
6038.76939873	0.000125167167823
6039.083558	0.000135859830962
6039.39771726	0.000145510228432
6039.71187653	0.000153798046433
6040.02603579	0.000160509034518
6040.34019506	0.000165549677366
6040.65435432	0.00016982837208
6040.96851359	0.000174537384205
6041.28267285	0.000180773539087
6041.59683212	0.00018740284613
6041.91099138	0.000193237456962
6042.22515065	0.000197917939044
6042.53930992	0.000201212616394
6042.85346918	0.000203129057311
6043.16762845	0.000203514533829
6043.48178771	0.000202465908858
6043.79594698	0.000199916655146
6044.11010624	0.000195912113944
6044.42426551	0.00019082062806
6044.73842477	0.000185370897799
6045.05258404	0.000180333636704
6045.3667433	0.000176003049258
6045.68090257	0.000172288779561
6045.99506183	0.000168829854487
6046.3092211	0.000165186117769
6046.62338036	0.000160694224271
6046.93753963	0.000155043842288
6047.2516989	0.000148288503729
6047.56585816	0.000140516918411
6047.88001743	0.000131655159738
6048.19417669	0.000121383098822
6048.50833596	0.000110128367771
6048.82249522	9.87278974921e-05
6049.13665449	8.78539801919e-05
6049.45081375	7.77948451821e-05
6049.76497302	6.82315289316e-05
6050.07913228	5.86821302954e-05
6050.39329155	4.85681502459e-05
6050.70745081	3.76315637181e-05
6051.02161008	2.59386260554e-05
6051.33576935	1.34767481017e-05
6051.64992861	2.10716907318e-07
6051.96408788	-1.41056958361e-05
6052.27824714	-2.93329880603e-05
6052.59240641	-4.47772901333e-05
6052.90656567	-5.97494898631e-05
6053.22072494	-7.3965643416e-05
6053.5348842	-8.7312745782e-05
6053.84904347	-9.99645014389e-05
6054.16320273	-0.000112079994456
6054.477362	-0.000123576976157
6054.79152126	-0.00013429512817
6055.10568053	-0.000144099369232
6055.41983979	-0.000153194295854
6055.73399906	-0.000162190681942
6056.04815833	-0.000171535339252
6056.36231759	-0.000180931777224
6056.67647686	-0.000189611396812
6056.99063612	-0.000197062384589
6057.30479539	-0.000203127883114
6057.61895465	-0.000207991668718
6057.93311392	-0.000211843237809
6058.24727318	-0.00021460679624
6058.56143245	-0.00021619570848
6058.87559171	-0.000216684892701
6059.18975098	-0.000216297310494
6059.50391024	-0.000215424379057
6059.81806951	-0.000214534618664
6060.13222878	-0.000213902798649
6060.44638804	-0.000213406897102
6060.76054731	-0.000212641481068
6061.07470657	-0.000211257201344
6061.38886584	-0.000209108446829
6061.7030251	-0.000206241821327
6062.01718437	-0.000202384310354
6062.33134363	-0.000197488795039
6062.6455029	-0.00019173122622
6062.95966216	-0.000185432334879
6063.27382143	-0.000178923451918
6063.58798069	-0.000172567480376
6063.90213996	-0.000166522241944
6064.21629922	-0.000160409525155
6064.53045849	-0.000153708646856
6064.84461776	-0.000147074673733
6065.15877702	-0.000140703028671
6065.47293629	-0.000134471668363
6065.78709555	-0.000128547108026
6066.10125482	-0.00012280394331
6066.41541408	-0.000117249757863
6066.72957335	-0.000111767923923
6067.04373261	-0.000106303551965
6067.35789188	-0.000100974796654
6067.67205114	-9.59445517878e-05
6067.98621041	-9.13360942382e-05
6068.30036967	-8.68384352621e-05
6068.61452894	-8.17961627147e-05
6068.92868821	-7.56392051467e-05
6069.24284747	-6.8550237818e-05
6069.55700674	-6.09602432977e-05
6069.871166	-5.34496190169e-05
6070.18532527	-4.62285811416e-05
6070.49948453	-3.92947431357e-05
6070.8136438	-3.25122703224e-05
6071.12780306	-2.58255397791e-05
6071.44196233	-1.91889169721e-05
6071.75612159	-1.30007515978e-05
6072.07028086	-7.5994635365e-06
6072.38444012	-2.48761364077e-06
6072.69859939	3.2477644571e-06
6073.01275865	1.02696898206e-05
6073.32691792	1.82584994102e-05
6073.64107719	2.64623117018e-05
6073.95523645	3.44056334178e-05
6074.26939572	4.20559877337e-05
6074.58355498	4.95983950036e-05
6074.89771425	5.71435871085e-05
6075.21187351	6.48213884064e-05
6075.52603278	7.28941735043e-05
6075.84019204	8.08495998913e-05
6076.15435131	8.80532504008e-05
6076.46851057	9.44957372927e-05
6076.78266984	0.000100720903248
6077.0968291	0.000107000989016
6077.41098837	0.000113530681594
6077.72514764	0.000120464329548
6078.0393069	0.000127757159508
6078.35346617	0.000135328731622
6078.66762543	0.000143043242278
6078.9817847	0.000150657590231
6079.29594396	0.00015790040546
6079.61010323	0.000164203092162
6079.92426249	0.00016923737359
6080.23842176	0.000172670418386
6080.55258102	0.000174675551298
6080.86674029	0.000175885133783
6081.18089955	0.000176848329324
6081.49505882	0.000177235755697
6081.80921808	0.000176909766325
6082.12337735	0.000175998506079
6082.43753662	0.000174458928393
6082.75169588	0.000171931748454
6083.06585515	0.000168329766333
6083.38001441	0.000163735148076
6083.69417368	0.000158376044733
6084.00833294	0.000152206390746
6084.32249221	0.0001453177762
6084.63665147	0.000137872698678
6084.95081074	0.000130307552728
6085.26497	0.000122548270586
6085.57912927	0.000114520330826
6085.89328853	0.000106160165102
6086.2074478	9.75506617265e-05
6086.52160707	8.87512102794e-05
6086.83576633	7.97988901221e-05
6087.1499256	7.07255025943e-05
6087.46408486	6.12023704751e-05
6087.77824413	5.06981592244e-05
6088.09240339	3.87368566919e-05
6088.40656266	2.5502857681e-05
6088.72072192	1.15182233812e-05
6089.03488119	-2.4832744677e-06
6089.34904045	-1.62088929005e-05
6089.66319972	-2.94987108005e-05
6089.97735898	-4.22405151337e-05
6090.29151825	-5.45229886008e-05
6090.60567751	-6.63960996757e-05
6090.91983678	-7.78359189107e-05
6091.23399605	-8.89823652895e-05
6091.54815531	-9.99497429452e-05
6091.86231458	-0.000111664885201
6092.17647384	-0.000124084781069
6092.49063311	-0.000136531883075
6092.80479237	-0.000148125972384
6093.11895164	-0.000158674305668
6093.4331109	-0.000168158766377
6093.74727017	-0.000176800040593
6094.06142943	-0.000184475575548
6094.3755887	-0.000191218195726
6094.68974796	-0.00019710459448
6095.00390723	-0.000202263411128
6095.3180665	-0.000206922559535
6095.63222576	-0.000211471888224
6095.94638503	-0.000216282982598
6096.26054429	-0.000221264014526
6096.57470356	-0.000225839411795
6096.88886282	-0.000229324075351
6097.20302209	-0.000231513939611
6097.51718135	-0.000232494069212
6097.83134062	-0.000232366527949
6098.14549988	-0.000231252932533
6098.45965915	-0.000228959238206
6098.77381841	-0.000225218418898
6099.08797768	-0.000219352563257
6099.40213695	-0.00021172012091
6099.71629621	-0.000203985144284
6100.03045548	-0.000197125486891
6100.34461474	-0.0001908144557
6100.65877401	-0.000184631591585
6100.97293327	-0.000178380613772
6101.28709254	-0.000172041025638
6101.6012518	-0.000165862529638
6101.91541107	-0.000159624320845
6102.22957033	-0.000152749248677
6102.5437296	-0.000145292312132
6102.85788886	-0.000137654887318
6103.17204813	-0.000130371027158
6103.48620739	-0.000123479836251
6103.80036666	-0.000117316732401
6104.11452593	-0.000111703680173
6104.42868519	-0.000106160498895
6104.74284446	-9.98446013748e-05
6105.05700372	-9.24341502152e-05
6105.37116299	-8.40738882532e-05
6105.68532225	-7.50577170927e-05
6105.99948152	-6.58064901741e-05
6106.31364078	-5.6498732397e-05
6106.62780005	-4.72800208268e-05
6106.94195931	-3.82298152141e-05
6107.25611858	-2.87763737494e-05
6107.57027784	-1.90981593863e-05
6107.88443711	-1.06990143906e-05
6108.19859638	-3.99170233945e-06
6108.51275564	1.66514863087e-06
6108.82691491	7.15940185887e-06
6109.14107417	1.29729507e-05
6109.45523344	1.88208722034e-05
6109.7693927	2.42807714697e-05
6110.08355197	2.94023257259e-05
6110.39771123	3.44626310606e-05
6110.7118705	3.97236734001e-05
6111.02602976	4.53580473276e-05
6111.34018903	5.11652644616e-05
6111.65434829	5.64973292096e-05
6111.96850756	6.10169424613e-05
6112.28266682	6.48234031188e-05
6112.59682609	6.8630635062e-05
6112.91098536	7.35179216384e-05
6113.22514462	7.9779310564e-05
6113.53930389	8.67570488652e-05
6113.85346315	9.3489867508e-05
6114.16762242	9.95842368348e-05
6114.48178168	0.000105002333748
6114.79594095	0.000109773288903
6115.11010021	0.000113967503794
6115.42425948	0.00011735759849
6115.73841874	0.000119854979572
6116.05257801	0.000121529334662
6116.36673727	0.000122989801182
6116.68089654	0.000124921768868
6116.99505581	0.000127872210032
6117.30921507	0.000131637762807
6117.62337434	0.000135631654566
6117.9375336	0.000139419322275
6118.25169287	0.000142604457479
6118.56585213	0.000144922202143
6118.8800114	0.000146343883559
6119.19417066	0.000147001770503
6119.50832993	0.00014692844623
6119.82248919	0.000145953904809
6120.13664846	0.000143910501744
6120.45080772	0.000141104352122
6120.76496699	0.000137967956692
6121.07912625	0.000134603334094
6121.39328552	0.000130800401587
6121.70744479	0.000126260405254
6122.02160405	0.000120842924462
6122.33576332	0.000114694596068
6122.64992258	0.000108102624788
6122.96408185	0.000101084196796
6123.27824111	9.33922675491e-05
6123.59240038	8.45832418168e-05
6123.90655964	7.43767137789e-05
6124.22071891	6.33088015057e-05
6124.53487817	5.24315940739e-05
6124.84903744	4.21775935219e-05
6125.1631967	3.24200185821e-05
6125.47735597	2.24511671786e-05
6125.79151524	1.20607070044e-05
6126.1056745	1.24772952984e-06
6126.41983377	-9.92290579201e-06
6126.73399303	-2.10027365606e-05
6127.0481523	-3.13855630933e-05
6127.36231156	-4.17172646647e-05
6127.67647083	-5.30935272105e-05
6127.99063009	-6.55584401577e-05
6128.30478936	-7.8505647128e-05
6128.61894862	-9.1020560024e-05
6128.93310789	-0.000102701946242
6129.24726715	-0.000113660911992
6129.56142642	-0.000124002718042
6129.87558568	-0.000133800871977
6130.18974495	-0.000142966057776
6130.50390422	-0.000151448608144
6130.81806348	-0.000159222382193
6131.13222275	-0.00016630178006
6131.44638201	-0.000173047227788
6131.76054128	-0.000179696359155
6132.07470054	-0.000186286775674
6132.38885981	-0.000192422288874
6132.70301907	-0.000197645398871
6133.01717834	-0.000201864435679
6133.3313376	-0.000205317928013
6133.64549687	-0.000208262709469
6133.95965613	-0.000211051771149
6134.2738154	-0.000213387497559
6134.58797467	-0.000215389447728
6134.90213393	-0.000216958814556
6135.2162932	-0.00021784866054
6135.53045246	-0.000217203907196
6135.84461173	-0.000215244200551
6136.15877099	-0.000213308799811
6136.47293026	-0.000211648348781
6136.78708952	-0.000209795462326
6137.10124879	-0.000207356351589
6137.41540805	-0.000204329402826
6137.72956732	-0.000200626076775
6138.04372658	-0.00019615915459
6138.35788585	-0.000190887965663
6138.67204511	-0.000184520992484
6138.98620438	-0.000177217174976
6139.30036365	-0.000169204989937
6139.61452291	-0.000161110158869
6139.92868218	-0.000153348510427
6140.24284144	-0.000145868193973
6140.55700071	-0.000138186165685
6140.87115997	-0.000129927494278
6141.18531924	-0.000121074613383
6141.4994785	-0.000111854017428
6141.81363777	-0.000102603668549
6142.12779703	-9.33132279874e-05
6142.4419563	-8.4194252247e-05
6142.75611556	-7.52349195948e-05
6143.07027483	-6.64479934233e-05
6143.3844341	-5.79980845688e-05
6143.69859336	-5.04251074412e-05
6144.01275263	-4.38831496834e-05
6144.32691189	-3.79969952674e-05
6144.64107116	-3.19819777274e-05
6144.95523042	-2.50582627965e-05
6145.26938969	-1.72729259977e-05
6145.58354895	-9.03941529305e-06
6145.89770822	-8.55188566689e-07
6146.21186748	7.27814575552e-06
6146.52602675	1.53043527252e-05
6146.84018601	2.32962394459e-05
6147.15434528	3.10637506813e-05
6147.46850454	3.85592489468e-05
6147.78266381	4.54332108995e-05
6148.09682308	5.17952803226e-05
6148.41098234	5.80180137593e-05
6148.72514161	6.51042260941e-05
6149.03930087	7.31822556121e-05
6149.35346014	8.1503753488e-05
6149.6676194	8.91339273577e-05
6149.98177867	9.53872275176e-05
6150.29593793	9.99835520282e-05
6150.6100972	0.000103044207976
6150.92425646	0.000104885809802
6151.23841573	0.00010617924998
6151.55257499	0.000107215540681
6151.86673426	0.000107982057368
6152.18089353	0.000108533381778
6152.49505279	0.000108984776015
6152.80921206	0.000109966990848
6153.12337132	0.000111919332542
6153.43753059	0.000115185877986
6153.75168985	0.000119825109673
6154.06584912	0.000125253097393
6154.38000838	0.000130784325773
6154.69416765	0.000135951998311
6155.00832691	0.000140616816954
6155.32248618	0.000144530889011
6155.63664544	0.000147394688664
6155.95080471	0.000148815971479
6156.26496397	0.000148815530268
6156.57912324	0.000147854387381
6156.89328251	0.000146335850268
6157.20744177	0.000144513126988
6157.52160104	0.000142358521107
6157.8357603	0.000139899978217
6158.14991957	0.000137089346991
6158.46407883	0.000133813028744
6158.7782381	0.000129882998354
6159.09239736	0.000124984879664
6159.40655663	0.000118745424616
6159.72071589	0.000110749303966
6160.03487516	0.000100838216569
6160.34903442	8.95254402763e-05
6160.66319369	7.77848884728e-05
6160.97735296	6.63338614936e-05
6161.29151222	5.51288925596e-05
6161.60567149	4.37766481505e-05
6161.91983075	3.24159777027e-05
6162.23399002	2.13665627883e-05
6162.54814928	1.09410756262e-05
6162.86230855	1.44039124057e-06
6163.17646781	-7.24209783892e-06
6163.49062708	-1.57669179478e-05
6163.80478634	-2.51561817647e-05
6164.11894561	-3.56022096341e-05
6164.43310487	-4.66674224308e-05
6164.74726414	-5.76362239812e-05
6165.06142341	-6.82818298264e-05
6165.37558267	-7.88750956173e-05
6165.68974194	-8.97334492624e-05
6166.0039012	-0.000100772564396
6166.31806047	-0.000111586661929
6166.63221973	-0.000121664758876
6166.946379	-0.000130822674539
6167.26053826	-0.000138925428479
6167.57469753	-0.000146102738539
6167.88885679	-0.000152741800515
6168.20301606	-0.000158987743732
6168.51717532	-0.000164763462886
6168.83133459	-0.000169965199314
6169.14549385	-0.000174654618853
6169.45965312	-0.000179270974453
6169.77381239	-0.000183856562165
6170.08797165	-0.00018849107176
6170.40213092	-0.000193226204733
6170.71629018	-0.000197776328855
6171.03044945	-0.000201993369059
6171.34460871	-0.000205731937182
6171.65876798	-0.000208934551034
6171.97292724	-0.000211482086068
6172.28708651	-0.000213146117995
6172.60124577	-0.000213828899283
6172.91540504	-0.000213779893683
6173.2295643	-0.000212993605568
6173.54372357	-0.000211608571821
6173.85788284	-0.000209798057182
6174.1720421	-0.000207600417985
6174.48620137	-0.000204893594085
6174.80036063	-0.000201663370658
6175.1145199	-0.000197688120511
6175.42867916	-0.000192742817385
6175.74283843	-0.000187085318835
6176.05699769	-0.000181154179785
6176.37115696	-0.000175163613503
6176.68531622	-0.000169023100334
6176.99947549	-0.00016251576299
6177.31363475	-0.000155688137326
6177.62779402	-0.000148689399478
6177.94195328	-0.000141493096855
6178.25611255	-0.000134049880386
6178.57027182	-0.00012645327752
6178.88443108	-0.000118512619085
6179.19859035	-0.000110400277357
6179.51274961	-0.000102287853035
6179.82690888	-9.44908342035e-05
6180.14106814	-8.71154986653e-05
6180.45522741	-7.98775398202e-05
6180.76938667	-7.18253024257e-05
6181.08354594	-6.2944346315e-05
6181.3977052	-5.41124802395e-05
6181.71186447	-4.57957463824e-05
6182.02602373	-3.78974393844e-05
6182.340183	-3.01978039897e-05
6182.65434227	-2.26954380522e-05
6182.96850153	-1.53236830657e-05
6183.2826608	-7.98528578486e-06
6183.59682006	-9.25723053333e-07
6183.91097933	5.40471947022e-06
6184.22513859	1.08451711916e-05
6184.53929786	1.57680966529e-05
6184.85345712	2.10579009173e-05
6185.16761639	2.7542984603e-05
6185.48177565	3.53671349831e-05
6185.79593492	4.3269132999e-05
6186.11009418	5.06579039017e-05
6186.42425345	5.7359921351e-05
6186.73841271	6.33343802169e-05
6187.05257198	6.87680415468e-05
6187.36673125	7.37938584731e-05
6187.68089051	7.87072702649e-05
6187.99504978	8.36334967567e-05
6188.30920904	8.85840672001e-05
6188.62336831	9.36057760346e-05
6188.93752757	9.91501906425e-05
6189.25168684	0.000105376396729
6189.5658461	0.000112261269268
6189.88000537	0.000119635565783
6190.19416463	0.000127075169443
6190.5083239	0.000134183723189
6190.82248316	0.000140719109507
6191.13664243	0.000146624431662
6191.4508017	0.000151835757151
6191.76496096	0.000156092865764
6192.07912023	0.000159254891528
6192.39327949	0.000161455011189
6192.70743876	0.000163332630864
6193.02159802	0.000165142345721
6193.33575729	0.000166753577213
6193.64991655	0.0001682508809
6193.96407582	0.00016891305977
6194.27823508	0.000168492377411
6194.59239435	0.000167015305383
6194.90655361	0.000164652385229
6195.22071288	0.000161280449593
6195.53487214	0.000156806508512
6195.84903141	0.000150996621783
6196.16319068	0.000143717929549
6196.47734994	0.000135212527994
6196.79150921	0.000126014230826
6197.10566847	0.0001163726266
6197.41982774	0.00010628648698
6197.733987	9.57872017251e-05
6198.04814627	8.51020002064e-05
6198.36230553	7.47065007722e-05
6198.6764648	6.48787211312e-05
6198.99062406	5.55263910268e-05
6199.30478333	4.5951903104e-05
6199.61894259	3.54786824539e-05
6199.93310186	2.38840492063e-05
6200.24726113	1.13623365443e-05
6200.56142039	-1.44978182081e-06
6200.87557966	-1.38700914243e-05
6201.18973892	-2.55853671202e-05
6201.50389819	-3.62994138705e-05
6201.81805745	-4.60626897953e-05
6202.13221672	-5.50022113575e-05
6202.44637598	-6.35854254384e-05
6202.76053525	-7.2489001198e-05
6203.07469451	-8.17693870336e-05
6203.38885378	-9.12630686087e-05
6203.70301304	-0.000100982480714
6204.01717231	-0.000110928621113
6204.33133157	-0.000120892519274
6204.64549084	-0.000130276423615
6204.95965011	-0.000138574461278
6205.27380937	-0.000145911272561
6205.58796864	-0.000152559526102
6205.9021279	-0.000158777630264
6206.21628717	-0.000164726906921
6206.53044643	-0.000170004722151
6206.8446057	-0.000174299901095
6207.15876496	-0.000177888155302
6207.47292423	-0.000181001801029
6207.78708349	-0.000184063431929
6208.10124276	-0.000187357681401
6208.41540202	-0.000191153422587
6208.72956129	-0.00019501725364
6209.04372056	-0.000198101444782
6209.35787982	-0.000200071065726
6209.67203909	-0.000201154552473
6209.98619835	-0.000201527308413
6210.30035762	-0.000201048996939
6210.61451688	-0.000199663174577
6210.92867615	-0.000197235676051
6211.24283541	-0.000193836782553
6211.55699468	-0.000189754432922
6211.87115394	-0.00018564756707
6212.18531321	-0.000181958190659
6212.49947247	-0.000178784881588
6212.81363174	-0.000175621705209
6213.127791	-0.000172154280375
6213.44195027	-0.000167839720467
6213.75610954	-0.000162429544572
6214.0702688	-0.00015626665735
6214.38442807	-0.000150089791038
6214.69858733	-0.000144299860728
6215.0127466	-0.000138692712018
6215.32690586	-0.000133142357859
6215.64106513	-0.000127629679914
6215.95522439	-0.000122252996501
6216.26938366	-0.000116876689327
6216.58354292	-0.000110924495848
6216.89770219	-0.000103868025902
6217.21186145	-9.58331998626e-05
6217.52602072	-8.77026444656e-05
6217.84017999	-8.02181221808e-05
6218.15433925	-7.34786726179e-05
6218.46849852	-6.73123236005e-05
6218.78265778	-6.1452292379e-05
6219.09681705	-5.56695231564e-05
6219.41097631	-4.99064387526e-05
6219.72513558	-4.43458756546e-05
6220.03929484	-3.93782668083e-05
6220.35345411	-3.47632397704e-05
6220.66761337	-2.99406261879e-05
6220.98177264	-2.45890716631e-05
6221.2959319	-1.87615711009e-05
6221.61009117	-1.28917199515e-05
6221.92425044	-7.11859446672e-06
6222.2384097	-1.47910605362e-06
6222.55256897	4.06705383774e-06
6222.86672823	9.54076964337e-06
6223.1808875	1.50153093607e-05
6223.49504676	2.05166517678e-05
6223.80920603	2.58959311461e-05
6224.12336529	3.12298293653e-05
6224.43752456	3.66949807437e-05
6224.75168382	4.26994834762e-05
6225.06584309	4.95560747522e-05
6225.38000235	5.7577574873e-05
6225.69416162	6.655590029e-05
6226.00832088	7.61048657798e-05
6226.32248015	8.57100512734e-05
6226.63663942	9.50257435022e-05
6226.95079868	0.000103890084883
6227.26495795	0.000112443121349
6227.57911721	0.000120627878197
6227.89327648	0.000127610956187
6228.20743574	0.000132679806148
6228.52159501	0.000136176614058
6228.83575427	0.00013891784068
6229.14991354	0.000142304613669
6229.4640728	0.000146099231605
6229.77823207	0.000149787109637
6230.09239133	0.000153285368126
6230.4065506	0.000156479980313
6230.72070987	0.000159211846478
6231.03486913	0.000161256660564
6231.3490284	0.000162380200409
6231.66318766	0.000162219227647
6231.97734693	0.000160405963776
6232.29150619	0.000156997959907
6232.60566546	0.000152680912404
6232.91982472	0.00014808149398
6233.23398399	0.00014353454888
6233.54814325	0.000138648879383
6233.86230252	0.000133145859224
6234.17646178	0.000126918799536
6234.49062105	0.000119973671281
6234.80478031	0.000112435450794
6235.11893958	0.000104332807165
6235.43309885	9.55342248297e-05
6235.74725811	8.59267377728e-05
6236.06141738	7.55228889815e-05
6236.37557664	6.46166197227e-05
6236.68973591	5.37954997799e-05
6237.00389517	4.34100470137e-05
6237.31805444	3.33424930228e-05
6237.6322137	2.35089593941e-05
6237.94637297	1.37896608149e-05
6238.26053223	4.5393981525e-06
6238.5746915	-3.8678462732e-06
6238.88885076	-1.11118724291e-05
6239.20301003	-1.83487295409e-05
6239.5171693	-2.66373629772e-05
6239.83132856	-3.65620140777e-05
6240.14548783	-4.81117726813e-05
6240.45964709	-6.04265294897e-05
6240.77380636	-7.25229415833e-05
6241.08796562	-8.39265008911e-05
6241.40212489	-9.46536574753e-05
6241.71628415	-0.000104904359937
6242.03044342	-0.000114695710864
6242.34460268	-0.000123932557528
6242.65876195	-0.000132553062442
6242.97292121	-0.00014026238651
6243.28708048	-0.000147190080693
6243.60123974	-0.000153758908244
6243.91539901	-0.000160526373254
6244.22955828	-0.000167954951339
6244.54371754	-0.000175244848759
6244.85787681	-0.000181274225345
6245.17203607	-0.000185619091622
6245.48619534	-0.000188562970979
6245.8003546	-0.000190441792764
6246.11451387	-0.000191470191818
6246.42867313	-0.000191692632972
6246.7428324	-0.000191322545107
6247.05699166	-0.000190517053573
6247.37115093	-0.000189264431935
6247.68531019	-0.00018785226822
6247.99946946	-0.000186576787582
6248.31362873	-0.000185207117842
6248.62778799	-0.000183056165423
6248.94194726	-0.000179753971911
6249.25610652	-0.000175515011903
6249.57026579	-0.000170727007508
6249.88442505	-0.000165413306132
6250.19858432	-0.000159340323331
6250.51274358	-0.000152578592526
6250.82690285	-0.000145439754593
6251.14106211	-0.000138465507271
6251.45522138	-0.000132028037319
6251.76938064	-0.000126481360083
6252.08353991	-0.000121741030791
6252.39769917	-0.000117356793667
6252.71185844	-0.00011255026514
6253.02601771	-0.00010655786168
6253.34017697	-0.000100278357084
6253.65433624	-9.45257616186e-05
6253.9684955	-8.93770772488e-05
6254.28265477	-8.4618799719e-05
6254.59681403	-8.00203809625e-05
6254.9109733	-7.54622595254e-05
6255.22513256	-7.0890009151e-05
6255.53929183	-6.64558436063e-05
6255.85345109	-6.2418049401e-05
6256.16761036	-5.86672881596e-05
6256.48176962	-5.45247746856e-05
6256.79592889	-4.90623592658e-05
6257.11008816	-4.18229128525e-05
6257.42424742	-3.40405482176e-05
6257.73840669	-2.62356472953e-05
6258.05256595	-1.88623503593e-05
6258.36672522	-1.20891824265e-05
6258.68088448	-5.8813197529e-06
6258.99504375	-2.21141616946e-07
6259.30920301	4.66730747469e-06
6259.62336228	8.6158269197e-06
6259.93752154	1.14824941917e-05
6260.25168081	1.3511268453e-05
6260.56584007	1.54742464852e-05
6260.87999934	1.82029329082e-05
6261.1941586	2.2016746634e-05
6261.50831787	2.70344265454e-05
6261.82247714	3.28290230872e-05
6262.1366364	3.89187675722e-05
6262.45079567	4.48534843428e-05
6262.76495493	5.05372456937e-05
6263.0791142	5.61051313566e-05
6263.39327346	6.1470641344e-05
6263.70743273	6.65027230784e-05
6264.02159199	7.11412414807e-05
6264.33575126	7.63020997843e-05
6264.64991052	8.21667708615e-05
6264.96406979	8.88041406158e-05
6265.27822905	9.56003547999e-05
6265.59238832	0.000102490430037
6265.90654759	0.000108897654822
6266.22070685	0.000114518370474
6266.53486612	0.00011967820157
6266.84902538	0.000124425449954
6267.16318465	0.000128632853969
6267.47734391	0.000132063534809
6267.79150318	0.000134183624479
6268.10566244	0.000134886822881
6268.41982171	0.000134312859035
6268.73398097	0.000133218571313
6269.04814024	0.0001318691856
6269.3622995	0.000130330631892
6269.67645877	0.000128496717639
6269.99061803	0.000126255869465
6270.3047773	0.000123652280167
6270.61893657	0.000120827004218
6270.93309583	0.000117863591971
6271.2472551	0.000114663211756
6271.56141436	0.000110933671794
6271.87557363	0.000105967612032
6272.18973289	9.95726265848e-05
6272.50389216	9.23145870659e-05
6272.81805142	8.49056184014e-05
6273.13221069	7.76576629034e-05
6273.44636995	7.04137454011e-05
6273.76052922	6.29313217651e-05
6274.07468848	5.49967201981e-05
6274.38884775	4.6605608692e-05
6274.70300702	3.78973694456e-05
6275.01716628	2.94193736066e-05
6275.33132555	2.12913603941e-05
6275.64548481	1.2869028712e-05
6275.95964408	3.62987987815e-06
6276.27380334	-6.44885646334e-06
6276.58796261	-1.67115066893e-05
6276.90212187	-2.67168595436e-05
6277.21628114	-3.64289374775e-05
6277.5304404	-4.59475217513e-05
6277.84459967	-5.53754749748e-05
6278.15875893	-6.46836398227e-05
6278.4729182	-7.38409693426e-05
6278.78707746	-8.2823412491e-05
6279.10123673	-9.17578918185e-05
6279.415396	-0.000100820286632
6279.72955526	-0.0001101731945
6280.04371453	-0.000119958407801
6280.35787379	-0.000129980622117
6280.67203306	-0.000139463713955
6280.98619232	-0.000147967188836
6281.30035159	-0.000155282994925
6281.61451085	-0.000161592057712
6281.92867012	-0.000166966582258
6282.24282938	-0.000171518110885
6282.55698865	-0.000175268093165
6282.87114791	-0.000178291655492
6283.18530718	-0.000180847131103
