0.314159265359	0.0268000632357
0.628318530718	0.0268001307625
0.942477796077	0.0268000804725
1.25663706144	0.0267999730985
1.57079632679	0.0267999060703
1.88495559215	0.026799880081
2.19911485751	0.0267998515302
2.51327412287	0.0267998108985
2.82743338823	0.0267997749252
3.14159265359	0.026799747959
3.45575191895	0.0267997196042
3.76991118431	0.0267996824092
4.08407044967	0.0267996362178
4.39822971503	0.0267995802993
4.71238898038	0.0267995079142
5.02654824574	0.026799392596
5.3407075111	0.0267990600456
5.65486677646	0.0267983471107
5.96902604182	0.0267979708395
6.28318530718	0.0267966029503
6.59734457254	0.026794822044
6.9115038379	0.0267943172766
7.22566310326	0.0267935303611
7.53982236862	0.026791800167
7.85398163397	0.0267905897514
8.16814089933	0.0267899081622
8.48230016469	0.0267889757601
8.79645943005	0.0267878148437
9.11061869541	0.026786834492
9.42477796077	0.0267861210622
9.73893722613	0.0267854995671
10.0530964915	0.0267848868706
10.3672557568	0.0267843530099
10.6814150222	0.0267839529166
10.9955742876	0.0267836803639
11.3097335529	0.0267835811373
11.6238928183	0.0267836841203
11.9380520836	0.0267839352376
12.252211349	0.026784260616
12.5663706144	0.0267846132804
12.8805298797	0.0267849633706
13.1946891451	0.0267852943503
13.5088484104	0.0267856087551
13.8230076758	0.0267859032569
14.1371669412	0.026786137566
14.4513262065	0.0267863073961
14.7654854719	0.0267864123355
15.0796447372	0.0267863789141
15.3938040026	0.026786213643
15.707963268	0.0267859882121
16.0221225333	0.0267857669643
16.3362817987	0.0267855031808
16.650441064	0.0267851937898
16.9646003294	0.0267849527625
17.2787595947	0.0267848773018
17.5929188601	0.0267849039072
17.9070781255	0.0267849868571
18.2212373908	0.0267851639442
18.5353966562	0.0267854589702
18.8495559215	0.0267858719915
19.1637151869	0.0267863817374
19.4778744523	0.0267869631636
19.7920337176	0.0267875890373
20.106192983	0.0267882326148
20.4203522483	0.0267888536505
20.7345115137	0.0267893993932
21.0486707791	0.0267898628991
21.3628300444	0.0267902389665
21.6769893098	0.026790531637
21.9911485751	0.0267907616374
22.3053078405	0.0267909787106
22.6194671058	0.0267911476403
22.9336263712	0.026791222116
23.2477856366	0.0267913544355
23.5619449019	0.0267916045354
23.8761041673	0.0267918870442
24.1902634326	0.0267922333726
24.504422698	0.0267927872467
24.8185819634	0.0267935034334
25.1327412287	0.0267942212802
25.4469004941	0.0267949469156
25.7610597594	0.026795719079
26.0752190248	0.026796475276
26.3893782902	0.0267971498634
26.7035375555	0.0267977353588
27.0176968209	0.0267982342098
27.3318560862	0.0267986551719
27.6460153516	0.0267990139347
27.960174617	0.0267993050209
28.2743338823	0.0267995751372
28.5884931477	0.0267998398948
28.902652413	0.0268000999385
29.2168116784	0.0268004140536
29.5309709437	0.0268008081395
29.8451302091	0.0268012611536
30.1592894745	0.0268017962561
30.4734487398	0.0268024492793
30.7876080052	0.026803207081
31.1017672705	0.0268040122322
31.4159265359	0.0268047988458
31.7300858013	0.0268055178198
32.0442450666	0.0268061784494
32.358404332	0.0268068378126
32.6725635973	0.026807481076
32.9867228627	0.0268080999804
33.3008821281	0.0268087505894
33.6150413934	0.0268094612263
33.9292006588	0.0268102397796
34.2433599241	0.0268110649113
34.5575191895	0.0268118675854
34.8716784548	0.0268126035307
35.1858377202	0.0268132490003
35.4999969856	0.0268137940744
35.8141562509	0.0268142581806
36.1283155163	0.026814687514
36.4424747816	0.0268151061634
36.756634047	0.0268155226344
37.0707933124	0.0268159871836
37.3849525777	0.0268165179651
37.6991118431	0.0268171164292
38.0132711084	0.0268178096611
38.3274303738	0.026818624827
38.6415896392	0.0268195431143
38.9557489045	0.0268204927141
39.2699081699	0.0268214413956
39.5840674352	0.0268223844121
39.8982267006	0.0268232638973
40.212385966	0.0268240117478
40.5265452313	0.0268246436392
40.8407044967	0.0268252212988
41.154863762	0.0268257699168
41.4690230274	0.0268262775462
41.7831822927	0.0268267680927
42.0973415581	0.0268272982358
42.4115008235	0.0268279121486
42.7256600888	0.0268286030608
43.0398193542	0.026829385619
43.3539786195	0.026830260438
43.6681378849	0.0268311790023
43.9822971503	0.0268320961204
44.2964564156	0.026832980998
44.610615681	0.0268337953324
44.9247749463	0.0268345157114
45.2389342117	0.0268351665439
45.5530934771	0.0268357852151
45.8672527424	0.0268364035792
46.1814120078	0.0268370372327
46.4955712731	0.0268376757441
46.8097305385	0.0268383345165
47.1238898039	0.0268390336858
47.4380490692	0.0268397616589
47.7522083346	0.026840478086
48.0663675999	0.0268411704453
48.3805268653	0.0268418372196
48.6946861306	0.0268424725017
49.008845396	0.0268430679153
49.3230046614	0.0268436305736
49.6371639267	0.0268441864055
49.9513231921	0.0268447709689
50.2654824574	0.0268454088746
50.5796417228	0.0268461072461
50.8938009882	0.026846865524
51.2079602535	0.0268476520924
51.5221195189	0.0268484106258
51.8362787842	0.0268490889565
52.1504380496	0.0268496725465
52.464597315	0.0268501788666
52.7787565803	0.0268506217681
53.0929158457	0.0268510115856
53.407075111	0.0268513640718
53.7212343764	0.0268517056567
54.0353936417	0.0268520544096
54.3495529071	0.0268524093457
54.6637121725	0.0268527817478
54.9778714378	0.0268531901889
55.2920307032	0.0268536455933
55.6061899685	0.0268541368291
55.9203492339	0.0268546287859
56.2345084993	0.0268550903547
56.5486677646	0.0268554985937
56.86282703	0.0268558411202
57.1769862953	0.0268561043154
57.4911455607	0.0268563035096
57.8053048261	0.0268564643767
58.1194640914	0.0268565980529
58.4336233568	0.0268567180553
58.7477826221	0.0268568354654
59.0619418875	0.0268569492869
59.3761011529	0.0268570424145
59.6902604182	0.0268571016555
60.0044196836	0.0268571119354
60.3185789489	0.0268570559461
60.6327382143	0.0268569367977
60.9468974796	0.0268567525372
61.261056745	0.0268565118335
61.5752160104	0.0268562525906
61.8893752757	0.0268559934212
62.2035345411	0.0268557204836
62.5176938064	0.0268554290171
62.8318530718	0.0268551166263
63.1460123372	0.0268547706595
63.4601716025	0.0268543842775
63.7743308679	0.0268539565021
64.0884901332	0.0268534840749
64.4026493986	0.026852960045
64.716808664	0.026852377315
65.0309679293	0.0268517395452
65.3451271947	0.026851040851
65.65928646	0.0268502583332
65.9734457254	0.0268493842729
66.2876049907	0.026848441524
66.6017642561	0.0268474564004
66.9159235215	0.0268464307276
67.2300827868	0.0268453633579
67.5442420522	0.0268442629769
67.8584013175	0.0268431403325
68.1725605829	0.0268419850897
68.4867198483	0.0268407829514
68.8008791136	0.0268395394389
69.115038379	0.0268382684873
69.4291976443	0.0268369793891
69.7433569097	0.0268356763455
70.0575161751	0.0268343457645
70.3716754404	0.0268329654463
70.6858347058	0.0268315244434
70.9999939711	0.026830008478
71.3141532365	0.0268284067732
71.6283125019	0.0268267209128
71.9424717672	0.026824960422
72.2566310326	0.026823151946
72.5707902979	0.026821321607
72.8849495633	0.0268194543094
73.1991088286	0.0268175672786
73.513268094	0.026815694505
73.8274273594	0.0268138416762
74.1415866247	0.0268119949415
74.4557458901	0.0268101386054
74.7699051554	0.026808265937
75.0840644208	0.0268063774726
75.3982236862	0.0268044784714
75.7123829515	0.0268025695692
76.0265422169	0.0268006365378
76.3407014822	0.0267986816076
76.6548607476	0.0267967157335
76.969020013	0.0267947539159
77.2831792783	0.0267927960612
77.5973385437	0.0267908251784
77.911497809	0.0267888344425
78.2256570744	0.0267868406297
78.5398163398	0.026784860519
78.8539756051	0.0267828907759
79.1681348705	0.0267809261088
79.4822941358	0.0267789672175
79.7964534012	0.026777024239
80.1106126665	0.0267751048143
80.4247719319	0.0267732243663
80.7389311973	0.0267713993366
81.0530904626	0.026769617626
81.367249728	0.0267678697884
81.6814089933	0.0267661713237
81.9955682587	0.0267645095127
82.3097275241	0.0267628423706
82.6238867894	0.0267611562965
82.9380460548	0.02675947274
83.2522053201	0.0267578153462
83.5663645855	0.0267561794194
83.8805238509	0.0267545550881
84.1946831162	0.0267529556434
84.5088423816	0.0267513941227
84.8230016469	0.0267498730532
85.1371609123	0.0267483993669
85.4513201776	0.0267469727903
85.765479443	0.026745596775
86.0796387084	0.0267442698578
86.3937979737	0.0267429914167
86.7079572391	0.0267417580329
87.0221165044	0.0267405587962
87.3362757698	0.0267393837955
87.6504350352	0.0267382243294
87.9645943005	0.0267371193885
88.2787535659	0.0267360694831
88.5929128312	0.0267350243806
88.9070720966	0.0267340203702
89.221231362	0.0267330798761
89.5353906273	0.0267321662732
89.8495498927	0.0267312568261
90.163709158	0.0267303564942
90.4778684234	0.0267294758458
90.7920276888	0.0267286260444
91.1061869541	0.0267278002612
91.4203462195	0.02672699405
91.7345054848	0.0267262180009
92.0486647502	0.0267254915349
92.3628240155	0.0267248223069
92.6769832809	0.0267242172746
92.9911425463	0.0267237013163
93.3053018116	0.0267232528646
93.619461077	0.0267228477874
93.9336203423	0.0267225279996
94.2477796077	0.0267223040586
94.5619388731	0.0267221432746
94.8760981384	0.0267220116513
95.1902574038	0.0267218968719
95.5044166691	0.0267217973603
95.8185759345	0.0267217103176
96.1327351999	0.026721644758
96.4468944652	0.0267216101847
96.7610537306	0.0267216349364
97.0752129959	0.0267217392803
97.3893722613	0.0267218939973
97.7035315266	0.0267220972658
98.017690792	0.0267223844053
98.3318500574	0.0267227675338
98.6460093227	0.0267232382203
98.9601685881	0.0267237930514
99.2743278534	0.0267244309022
99.5884871188	0.0267251455718
99.9026463842	0.0267259341016
100.21680565	0.0267267843502
100.530964915	0.0267276883827
100.84512418	0.0267286500255
101.159283446	0.026729673068
101.473442711	0.0267307442347
101.787601976	0.0267318452516
102.101761242	0.0267329786325
102.415920507	0.0267341523627
102.730079772	0.026735353534
103.044239038	0.0267365776185
103.358398303	0.0267378617091
103.672557568	0.0267392094674
103.986716834	0.0267405950684
104.300876099	0.026742036763
104.615035365	0.0267435573049
104.92919463	0.0267451472524
105.243353895	0.026746799075
105.557513161	0.0267485155517
105.871672426	0.0267502766417
106.185831691	0.0267520690758
106.499990957	0.0267538899834
106.814150222	0.0267557007324
107.128309487	0.0267574690487
107.442468753	0.0267592192181
107.756628018	0.0267609704664
108.070787283	0.0267626882527
108.384946549	0.0267643925281
108.699105814	0.0267660685496
109.01326508	0.0267676850532
109.327424345	0.0267693184175
109.64158361	0.0267709862072
109.955742876	0.0267726534934
110.269902141	0.0267742992439
110.584061406	0.0267759281758
110.898220672	0.0267775198433
111.212379937	0.0267790482746
111.526539202	0.0267805212729
111.840698468	0.0267819337415
112.154857733	0.026783266512
112.469016999	0.0267845368396
112.783176264	0.0267857500176
113.097335529	0.0267868688826
113.411494795	0.0267878735391
113.72565406	0.0267887702622
114.039813325	0.0267895699181
114.353972591	0.0267902702235
114.668131856	0.02679085416
114.982291121	0.0267913219233
115.296450387	0.0267916826906
115.610609652	0.0267919296249
115.924768917	0.0267920533005
116.238928183	0.0267920542298
116.553087448	0.0267919429345
116.867246714	0.0267917236937
117.181405979	0.0267914060952
117.495565244	0.0267909984858
117.80972451	0.0267904952079
118.123883775	0.0267898920654
118.43804304	0.026789200802
118.752202306	0.0267884271394
119.066361571	0.0267875501281
119.380520836	0.0267865581217
119.694680102	0.0267854610347
120.008839367	0.0267842584515
120.322998632	0.0267829459833
120.637157898	0.0267815251297
120.951317163	0.0267800197383
121.265476429	0.026778460324
121.579635694	0.0267768536259
121.893794959	0.026775188684
122.207954225	0.0267734698608
122.52211349	0.0267717097394
122.836272755	0.0267699207541
123.150432021	0.0267681180362
123.464591286	0.0267663038921
123.778750551	0.0267644749183
124.092909817	0.026762672147
124.407069082	0.0267608552091
124.721228348	0.0267590111803
125.035387613	0.0267572430671
125.349546878	0.0267555384587
125.663706144	0.0267538252359
125.977865409	0.0267521014488
126.292024674	0.0267503926323
126.60618394	0.0267486895221
126.920343205	0.0267469501258
127.23450247	0.0267451911846
127.548661736	0.0267434851599
127.862821001	0.0267418213537
128.176980266	0.0267401559665
128.491139532	0.0267385200937
128.805298797	0.0267369614239
129.119458063	0.0267354820185
129.433617328	0.0267340724348
129.747776593	0.0267327322703
130.061935859	0.0267314755841
130.376095124	0.0267302984088
130.690254389	0.0267291643343
131.004413655	0.0267280364252
131.31857292	0.0267268947155
131.632732185	0.0267257357335
131.946891451	0.0267245606646
132.261050716	0.0267233696575
132.575209981	0.0267221799941
132.889369247	0.0267210241405
133.203528512	0.0267199146009
133.517687778	0.0267188211835
133.831847043	0.026717745743
134.146006308	0.0267167037402
134.460165574	0.0267156775172
134.774324839	0.02671466062
135.088484104	0.0267136739157
135.40264337	0.0267127293132
135.716802635	0.026711815657
136.0309619	0.026710927274
136.345121166	0.0267100766517
136.659280431	0.0267092347131
136.973439697	0.0267083817979
137.287598962	0.0267075106879
137.601758227	0.0267066079352
137.915917493	0.0267056717485
138.230076758	0.0267047293738
138.544236023	0.0267037974285
138.858395289	0.0267028399323
139.172554554	0.0267018631598
139.486713819	0.0267008904494
139.800873085	0.0266998821131
140.11503235	0.0266988960657
140.429191615	0.0266979765867
140.743350881	0.0266970890491
141.057510146	0.0266962193283
141.371669412	0.0266953901146
141.685828677	0.026694584496
141.999987942	0.0266937680725
142.314147208	0.0266929442585
142.628306473	0.0266921371819
142.942465738	0.0266913468325
143.256625004	0.0266905487909
143.570784269	0.0266897280298
143.884943534	0.0266888897429
144.1991028	0.0266880485986
144.513262065	0.0266872132134
144.82742133	0.0266863795311
145.141580596	0.0266855608822
145.455739861	0.0266847737773
145.769899127	0.0266840153481
146.084058392	0.0266832641319
146.398217657	0.0266825059564
146.712376923	0.0266817357892
147.026536188	0.0266809648734
147.340695453	0.026680205977
147.654854719	0.026679466678
147.969013984	0.0266787667592
148.283173249	0.0266781245424
148.597332515	0.0266775240621
148.91149178	0.0266769457101
149.225651046	0.026676378843
149.539810311	0.0266758102663
149.853969576	0.0266752314022
150.168128842	0.0266746363237
150.482288107	0.0266740260301
150.796447372	0.0266734113075
151.110606638	0.0266728035286
151.424765903	0.0266722089392
151.738925168	0.0266716275501
152.053084434	0.0266710694405
152.367243699	0.0266705361509
152.681402964	0.0266700182983
152.99556223	0.026669503566
153.309721495	0.0266689921574
153.623880761	0.0266684837888
153.938040026	0.026667978466
154.252199291	0.0266674685149
154.566358557	0.0266669429047
154.880517822	0.0266664247283
155.194677087	0.0266659312954
155.508836353	0.0266654320569
155.822995618	0.0266649694151
156.137154883	0.0266645805523
156.451314149	0.0266642236676
156.765473414	0.0266638511726
157.079632679	0.0266634677783
157.393791945	0.026663077134
157.70795121	0.02666264622
158.022110476	0.026662177155
158.336269741	0.0266617056246
158.650429006	0.026661244302
158.964588272	0.0266607763287
159.278747537	0.0266602903768
159.592906802	0.0266598132271
159.907066068	0.026659381539
160.221225333	0.0266589899448
160.535384598	0.0266586383631
160.849543864	0.0266583371245
161.163703129	0.0266580802641
161.477862395	0.0266578452555
161.79202166	0.0266576054701
162.106180925	0.0266573393033
162.420340191	0.0266570362083
162.734499456	0.0266567190187
163.048658721	0.0266563782335
163.362817987	0.0266560280788
163.676977252	0.0266557204635
163.991136517	0.0266554477156
164.305295783	0.0266551652554
164.619455048	0.0266548696824
164.933614313	0.026654575582
165.247773579	0.0266542759523
165.561932844	0.0266539596675
165.87609211	0.0266536398183
166.190251375	0.0266533501567
166.50441064	0.0266531004546
166.818569906	0.0266528691017
167.132729171	0.0266526564739
167.446888436	0.0266524716086
167.761047702	0.0266523110658
168.075206967	0.0266521686764
168.389366232	0.0266520268092
168.703525498	0.0266518707238
169.017684763	0.0266516945444
169.331844029	0.0266514985657
169.646003294	0.0266512825303
169.960162559	0.0266510467071
170.274321825	0.0266507948261
170.58848109	0.0266505267423
170.902640355	0.0266502583684
171.216799621	0.0266500139468
171.530958886	0.026649795245
171.845118151	0.0266495814613
172.159277417	0.0266493826811
172.473436682	0.0266492116706
172.787595947	0.0266490658261
173.101755213	0.026648932133
173.415914478	0.0266488056865
173.730073744	0.0266486920657
174.044233009	0.0266485848962
174.358392274	0.0266484657032
174.67255154	0.0266483178974
174.986710805	0.0266481421478
175.30087007	0.026647945896
175.615029336	0.026647741799
175.929188601	0.026647527946
176.243347866	0.0266473012695
176.557507132	0.0266470695319
176.871666397	0.0266468326941
177.185825662	0.0266465853945
177.499984928	0.0266463288502
177.814144193	0.0266460709496
178.128303459	0.0266458181511
178.442462724	0.0266455624378
178.756621989	0.0266453079344
179.070781255	0.0266450804997
179.38494052	0.026644876043
179.699099785	0.0266446795113
180.013259051	0.0266444809877
180.327418316	0.0266442876707
180.641577581	0.0266440979051
180.955736847	0.0266438843369
181.269896112	0.0266436386806
181.584055378	0.0266433758444
181.898214643	0.0266430949144
182.212373908	0.0266427736547
182.526533174	0.026642400929
182.840692439	0.0266419953539
183.154851704	0.0266415861967
183.46901097	0.0266411966572
183.783170235	0.0266408191039
184.0973295	0.0266404615074
184.411488766	0.0266401324013
184.725648031	0.0266398164785
185.039807296	0.0266394975792
185.353966562	0.026639176389
185.668125827	0.0266388491488
185.982285093	0.0266385047618
186.296444358	0.0266381403986
186.610603623	0.0266377538945
186.924762889	0.0266373446102
187.238922154	0.0266369258781
187.553081419	0.0266365076302
187.867240685	0.0266360883305
188.18139995	0.0266356552167
188.495559215	0.0266352035142
188.809718481	0.0266347385287
189.123877746	0.0266342610904
189.438037011	0.026633761011
189.752196277	0.0266332284262
190.066355542	0.0266326682988
190.380514808	0.0266321001622
190.694674073	0.0266315388004
191.008833338	0.0266309885211
191.322992604	0.0266304556318
191.637151869	0.0266299461948
191.951311134	0.026629455581
192.2654704	0.0266289712234
192.579629665	0.0266284797324
192.89378893	0.0266279676178
193.207948196	0.0266274230025
193.522107461	0.0266268391646
193.836266727	0.0266262113922
194.150425992	0.0266255566434
194.464585257	0.0266248839298
194.778744523	0.0266241883533
195.092903788	0.0266234735872
195.407063053	0.0266227469074
195.721222319	0.0266220279938
196.035381584	0.026621324632
196.349540849	0.0266206207057
196.663700115	0.0266199142383
196.97785938	0.0266192187887
197.292018645	0.0266185399144
197.606177911	0.0266178718439
197.920337176	0.0266172001384
198.234496442	0.0266165139773
198.548655707	0.026615811335
198.862814972	0.0266151007722
199.176974238	0.0266143873381
199.491133503	0.0266136660439
199.805292768	0.0266129325253
200.119452034	0.0266121809295
200.433611299	0.0266114064365
200.747770564	0.0266106121104
201.06192983	0.0266098119471
201.376089095	0.0266090077348
201.69024836	0.0266081918356
202.004407626	0.0266073855025
202.318566891	0.0266065996146
202.632726157	0.0266058024983
202.946885422	0.0266049977703
203.261044687	0.026604223052
203.575203953	0.0266034821647
203.889363218	0.0266027562598
204.203522483	0.026602028587
204.517681749	0.026601302136
204.831841014	0.0266005788393
205.146000279	0.0265998352982
205.460159545	0.026599049432
205.77431881	0.0265982258713
206.088478076	0.0265973773208
206.402637341	0.0265965215428
206.716796606	0.0265956640188
207.030955872	0.026594804243
207.345115137	0.0265939505213
207.659274402	0.026593110794
207.973433668	0.026592279984
208.287592933	0.026591451642
208.601752198	0.026590620416
208.915911464	0.0265897854148
209.230070729	0.0265889379175
209.544229994	0.0265880829006
209.85838926	0.0265872283052
210.172548525	0.0265863779929
210.486707791	0.0265855319443
210.800867056	0.0265846908303
211.115026321	0.0265838603266
211.429185587	0.026583040842
211.743344852	0.0265822130798
212.057504117	0.0265813758695
212.371663383	0.0265805402338
212.685822648	0.0265796909516
212.999981913	0.0265788032724
213.314141179	0.0265778802505
213.628300444	0.0265769489256
213.942459709	0.0265760235954
214.256618975	0.026575112332
214.57077824	0.0265742288579
214.884937506	0.0265733807453
215.199096771	0.026572565473
215.513256036	0.026571775666
215.827415302	0.0265710035039
216.141574567	0.0265702405327
216.455733832	0.026569472731
216.769893098	0.0265687004571
217.084052363	0.0265679080021
217.398211628	0.0265670852613
217.712370894	0.0265662579115
218.026530159	0.0265654523287
218.340689425	0.0265646704565
218.65484869	0.026563908446
218.969007955	0.0265631709379
219.283167221	0.0265624608384
219.597326486	0.0265617694317
219.911485751	0.0265610844188
220.225645017	0.0265603951943
220.539804282	0.0265596896861
220.853963547	0.0265589628986
221.168122813	0.0265582207784
221.482282078	0.026557473564
221.796441343	0.0265567384062
222.110600609	0.0265560324068
222.424759874	0.026555365059
222.73891914	0.0265547360844
223.053078405	0.0265541388068
223.36723767	0.0265535650884
223.681396936	0.0265529955504
223.995556201	0.026552411616
224.309715466	0.0265518052305
224.623874732	0.0265511795385
224.938033997	0.0265505421277
225.252193262	0.0265498985253
225.566352528	0.0265492496426
225.880511793	0.0265485970597
226.194671058	0.0265479493139
226.508830324	0.0265473195831
226.822989589	0.0265467157483
227.137148855	0.0265461264344
227.45130812	0.0265455400871
227.765467385	0.0265449591451
228.079626651	0.026544388771
228.393785916	0.026543825464
228.707945181	0.0265432635912
229.022104447	0.0265426949465
229.336263712	0.0265421194199
229.650422977	0.0265415523521
229.964582243	0.0265410137587
230.278741508	0.0265404971814
230.592900774	0.0265399922777
230.907060039	0.0265394943238
231.221219304	0.0265389982423
231.53537857	0.0265384965369
231.849537835	0.0265379911729
232.1636971	0.0265374846632
232.477856366	0.0265369746889
232.792015631	0.026536459482
233.106174896	0.0265359491477
233.420334162	0.0265354588862
233.734493427	0.0265349744891
234.048652692	0.0265344947492
234.362811958	0.0265340350097
234.676971223	0.0265336071819
234.991130489	0.026533200774
235.305289754	0.0265327983447
235.619449019	0.0265323971435
235.933608285	0.0265320007408
236.24776755	0.0265316067384
236.561926815	0.02653120758
236.876086081	0.0265308020305
237.190245346	0.0265303991662
237.504404611	0.0265300011192
237.818563877	0.0265296016313
238.132723142	0.0265291955152
238.446882407	0.0265287849589
238.761041673	0.0265283757197
239.075200938	0.0265279633126
239.389360204	0.0265275426163
239.703519469	0.026527130551
240.017678734	0.0265267172922
240.331838	0.0265263081748
240.645997265	0.0265259247173
240.96015653	0.0265255643022
241.274315796	0.0265252088159
241.588475061	0.0265248584331
241.902634326	0.0265245292237
242.216793592	0.0265242154922
242.530952857	0.0265238889318
242.845112123	0.0265235416073
243.159271388	0.026523189302
243.473430653	0.0265228331137
243.787589919	0.0265224499563
244.101749184	0.0265220323359
244.415908449	0.026521603319
244.730067715	0.0265211800256
245.04422698	0.026520766492
245.358386245	0.0265203677348
245.672545511	0.0265199911167
245.986704776	0.0265196386013
246.300864041	0.0265192998415
246.615023307	0.0265189675498
246.929182572	0.0265186330269
247.243341838	0.0265183020233
247.557501103	0.0265179681508
247.871660368	0.026517610657
248.185819634	0.0265172392349
248.499978899	0.0265168759509
248.814138164	0.0265165282167
249.12829743	0.0265161957967
249.442456695	0.0265158790027
249.75661596	0.0265155761377
250.070775226	0.0265152872301
250.384934491	0.0265150072346
250.699093756	0.0265147221467
251.013253022	0.0265144116578
251.327412287	0.0265140552813
251.641571553	0.0265136522765
251.955730818	0.026513224495
252.269890083	0.0265128009046
252.584049349	0.0265123920944
252.898208614	0.0265120138619
253.212367879	0.0265116808291
253.526527145	0.026511387493
253.84068641	0.0265111155437
254.154845675	0.0265108583093
254.469004941	0.0265106051508
254.783164206	0.026510336861
255.097323472	0.0265100433931
255.411482737	0.0265097187634
255.725642002	0.0265093582836
256.039801268	0.0265089632846
256.353960533	0.0265085411795
256.668119798	0.026508103066
256.982279064	0.026507667407
257.296438329	0.0265072439391
257.610597594	0.0265068301117
257.92475686	0.0265064271713
258.238916125	0.0265060373659
258.55307539	0.0265056562388
258.867234656	0.0265052701142
259.181393921	0.0265048722364
259.495553187	0.0265044616343
259.809712452	0.0265040495068
260.123871717	0.0265036369586
260.438030983	0.0265032233601
260.752190248	0.0265028148442
261.066349513	0.0265024036347
261.380508779	0.0265019841969
261.694668044	0.0265015564069
262.008827309	0.0265011128311
262.322986575	0.0265006433197
262.63714584	0.0265001424359
262.951305105	0.0264996134263
263.265464371	0.0264990651065
263.579623636	0.0264985115742
263.893782902	0.0264979674248
264.207942167	0.0264974432492
264.522101432	0.0264969380378
264.836260698	0.0264964436067
265.150419963	0.0264959480517
265.464579228	0.0264954440146
265.778738494	0.0264949361045
266.092897759	0.0264944222789
266.407057024	0.026493897189
266.72121629	0.0264933619537
267.035375555	0.0264928178539
267.349534821	0.0264922711938
267.663694086	0.0264917187556
267.977853351	0.0264911498534
268.292012617	0.0264905651414
268.606171882	0.02648996173
268.920331147	0.0264893335738
269.234490413	0.0264886815679
269.548649678	0.0264880141013
269.862808943	0.0264873336201
270.176968209	0.0264866460549
270.491127474	0.0264859650609
270.805286739	0.0264853008229
271.119446005	0.0264846463309
271.43360527	0.0264839977251
271.747764536	0.0264833659431
272.061923801	0.0264827457308
272.376083066	0.026482119278
272.690242332	0.0264814874558
273.004401597	0.0264808546591
273.318560862	0.0264802082502
273.632720128	0.0264795311363
273.946879393	0.0264788134512
274.261038658	0.0264780569431
274.575197924	0.0264772642884
274.889357189	0.0264764419231
275.203516454	0.0264756061945
275.51767572	0.0264747696684
275.831834985	0.0264739430681
276.145994251	0.0264731496751
276.460153516	0.0264723907405
276.774312781	0.0264716540031
277.088472047	0.0264709287308
277.402631312	0.0264702003167
277.716790577	0.0264694606226
278.030949843	0.0264687119244
278.345109108	0.026467945151
278.659268373	0.0264671400237
278.973427639	0.0264662990409
279.287586904	0.0264654388558
279.60174617	0.0264645692346
279.915905435	0.026463696612
280.2300647	0.0264628311153
280.544223966	0.0264619829548
280.858383231	0.0264611556001
281.172542496	0.0264603453191
281.486701762	0.026459545243
281.800861027	0.0264587452106
282.115020292	0.0264579332651
282.429179558	0.026457092682
282.743338823	0.0264562136672
283.057498088	0.0264553089488
283.371657354	0.0264544139642
283.685816619	0.0264535411118
283.999975885	0.0264526893761
284.31413515	0.0264518638598
284.628294415	0.0264510698779
284.942453681	0.0264502895385
285.256612946	0.0264495077778
285.570772211	0.0264487230483
285.884931477	0.0264479283899
286.199090742	0.0264471134033
286.513250007	0.0264462737007
286.827409273	0.0264454145993
287.141568538	0.0264445493442
287.455727803	0.0264436881143
287.769887069	0.0264428361058
288.084046334	0.0264419983678
288.3982056	0.0264411884347
288.712364865	0.0264404084361
289.02652413	0.0264396529586
289.340683396	0.0264389161621
289.654842661	0.0264381888462
289.969001926	0.0264374574018
290.283161192	0.0264367282136
290.597320457	0.0264360034658
290.911479722	0.0264352812538
291.225638988	0.0264345633793
291.539798253	0.026433842482
291.853957519	0.0264331200033
292.168116784	0.0264323962385
292.482276049	0.0264316652653
292.796435315	0.0264309336173
293.11059458	0.0264302132092
293.424753845	0.0264295073922
293.738913111	0.0264288143933
294.053072376	0.0264281380254
294.367231641	0.0264274838257
294.681390907	0.0264268498144
294.995550172	0.0264262339308
295.309709437	0.0264256372829
295.623868703	0.0264250507079
295.938027968	0.0264244647494
296.252187234	0.0264238754938
296.566346499	0.0264232852439
296.880505764	0.0264226956326
297.19466503	0.0264221090459
297.508824295	0.0264215262623
297.82298356	0.0264209594045
298.137142826	0.0264204102383
298.451302091	0.0264198750666
298.765461356	0.0264193563412
299.079620622	0.0264188547262
299.393779887	0.0264183667894
299.707939152	0.0264178880282
300.022098418	0.0264174114654
300.336257683	0.026416933374
300.650416949	0.0264164586926
300.964576214	0.0264159858169
301.278735479	0.0264155180162
301.592894745	0.0264150637145
301.90705401	0.0264146265903
302.221213275	0.0264142127993
302.535372541	0.0264138224425
302.849531806	0.0264134562774
303.163691071	0.0264131093309
303.477850337	0.026412777583
303.792009602	0.0264124567641
304.106168868	0.0264121418951
304.420328133	0.0264118318261
304.734487398	0.0264115123159
305.048646664	0.0264111748124
305.362805929	0.0264108232933
305.676965194	0.0264104657351
305.99112446	0.0264101071384
306.305283725	0.0264097563448
306.61944299	0.0264094243222
306.933602256	0.0264091145767
307.247761521	0.0264088368607
307.561920786	0.0264085915976
307.876080052	0.026408367189
308.190239317	0.0264081511327
308.504398583	0.0264079285182
308.818557848	0.0264076940856
309.132717113	0.0264074529887
309.446876379	0.0264072028186
309.761035644	0.0264069334649
310.075194909	0.026406644683
310.389354175	0.0264063511063
310.70351344	0.0264060594967
311.017672705	0.0264057707237
311.331831971	0.0264054881587
311.645991236	0.0264052242629
311.960150501	0.0264049834831
312.274309767	0.026404758151
312.588469032	0.026404541708
312.902628298	0.0264043284057
313.216787563	0.026404109271
313.530946828	0.0264038741636
313.845106094	0.0264036134505
314.159265359	0.0264033249864
314.473424624	0.0264030206826
314.78758389	0.0264027188589
315.101743155	0.0264024265427
315.41590242	0.0264021386356
315.730061686	0.0264018609768
316.044220951	0.0264015960622
316.358380217	0.0264013386453
316.672539482	0.0264010836469
316.986698747	0.026400822684
317.300858013	0.0264005477141
317.615017278	0.0264002570681
317.929176543	0.026399950631
318.243335809	0.0263996283304
318.557495074	0.0263992949028
318.871654339	0.0263989534338
319.185813605	0.0263986100799
319.49997287	0.0263982720928
319.814132135	0.0263979430908
320.128291401	0.0263976223882
320.442450666	0.0263973056664
320.756609932	0.0263969875146
321.070769197	0.026396663718
321.384928462	0.0263963283876
321.699087728	0.0263959784059
322.013246993	0.0263956175746
322.327406258	0.0263952617327
322.641565524	0.0263949002816
322.955724789	0.0263945244016
323.269884054	0.026394135063
323.58404332	0.0263937316934
323.898202585	0.0263933172744
324.21236185	0.0263928945241
324.526521116	0.0263924648556
324.840680381	0.0263920311073
325.154839647	0.0263915954432
325.468998912	0.0263911633802
325.783158177	0.0263907333212
326.097317443	0.0263902994783
326.411476708	0.0263898598452
326.725635973	0.0263894134369
327.039795239	0.0263889472055
327.353954504	0.0263884607283
327.668113769	0.0263879601377
327.982273035	0.0263874423541
328.2964323	0.0263869099779
328.610591566	0.02638636547
328.924750831	0.0263858148983
329.238910096	0.0263852625976
329.553069362	0.0263847081581
329.867228627	0.0263841505062
330.181387892	0.0263835913717
330.495547158	0.0263830303265
330.809706423	0.0263824631328
331.123865688	0.0263818866831
331.438024954	0.0263812935545
331.752184219	0.0263806823427
332.066343484	0.0263800552198
332.38050275	0.0263794062782
332.694662015	0.02637874506
333.008821281	0.0263780813707
333.322980546	0.0263774165282
333.637139811	0.0263767571959
333.951299077	0.0263761080615
334.265458342	0.026375465489
334.579617607	0.0263748233478
334.893776873	0.0263741758072
335.207936138	0.0263735197279
335.522095403	0.0263728512072
335.836254669	0.0263721644398
336.150413934	0.0263714534653
336.464573199	0.026370726091
336.778732465	0.0263699878138
337.09289173	0.0263692463815
337.407050996	0.0263685083162
337.721210261	0.0263677720632
338.035369526	0.0263670447296
338.349528792	0.0263663277768
338.663688057	0.0263656180773
338.977847322	0.0263649181369
339.292006588	0.0263642207399
339.606165853	0.026363514062
339.920325118	0.0263627942506
340.234484384	0.0263620639784
340.548643649	0.0263613357086
340.862802915	0.0263606121664
341.17696218	0.0263598717203
341.491121445	0.0263591125045
341.805280711	0.0263583471864
342.119439976	0.0263575774111
342.433599241	0.0263568053248
342.747758507	0.026356039908
343.061917772	0.0263552946619
343.376077037	0.0263545749579
343.690236303	0.026353877206
344.004395568	0.0263531951714
344.318554833	0.0263525242397
344.632714099	0.0263518562164
344.946873364	0.026351180634
345.26103263	0.0263504900549
345.575191895	0.0263497790815
345.88935116	0.0263490533351
346.203510426	0.0263483403891
346.517669691	0.0263476401232
346.831828956	0.0263469450672
347.145988222	0.0263462685318
347.460147487	0.0263456175576
347.774306752	0.0263449829519
348.088466018	0.0263443505412
348.402625283	0.0263437211971
348.716784548	0.0263430959762
349.030943814	0.0263424743261
349.345103079	0.0263418533325
349.659262345	0.0263412359115
349.97342161	0.0263406271964
350.287580875	0.026340029109
350.601740141	0.0263394475283
350.915899406	0.0263388798111
351.230058671	0.0263383223403
351.544217937	0.0263377754745
351.858377202	0.0263372349189
352.172536467	0.0263366916304
352.486695733	0.0263361524069
352.800854998	0.0263356209603
353.115014264	0.0263350931512
353.429173529	0.0263345732485
353.743332794	0.0263340634113
354.05749206	0.0263335666635
354.371651325	0.0263330722135
354.68581059	0.0263325746692
354.999969856	0.0263320829547
355.314129121	0.026331599942
355.628288386	0.026331124259
355.942447652	0.0263306520055
356.256606917	0.0263301887976
356.570766182	0.0263297371802
356.884925448	0.0263293022452
357.199084713	0.0263288779284
357.513243979	0.0263284584695
357.827403244	0.0263280372101
358.141562509	0.0263276060266
358.455721775	0.026327156434
358.76988104	0.0263266988131
359.084040305	0.0263262385543
359.398199571	0.0263257714698
359.712358836	0.0263252978708
360.026518101	0.0263248244542
360.340677367	0.0263243601139
360.654836632	0.0263239070925
360.968995897	0.0263234678639
361.283155163	0.0263230397231
361.597314428	0.026322622665
361.911473694	0.0263222167822
362.225632959	0.0263218124251
362.539792224	0.0263213985249
362.85395149	0.0263209702696
363.168110755	0.0263205233594
363.48227002	0.0263200567965
363.796429286	0.0263195779507
364.110588551	0.0263190956168
364.424747816	0.0263186135709
364.738907082	0.0263181374152
365.053066347	0.0263176719234
365.367225613	0.0263172155133
365.681384878	0.0263167630864
365.995544143	0.0263163113306
366.309703409	0.0263158590023
366.623862674	0.0263154028442
366.938021939	0.0263149393015
367.252181205	0.0263144665029
367.56634047	0.0263139886147
367.880499735	0.0263135129363
368.194659001	0.0263130469767
368.508818266	0.0263125861459
368.822977531	0.0263121278966
369.137136797	0.0263116691109
369.451296062	0.0263112081015
369.765455328	0.0263107428977
370.079614593	0.0263102745598
370.393773858	0.0263098050563
370.707933124	0.0263093283673
371.022092389	0.0263088501244
371.336251654	0.0263083734116
371.65041092	0.0263078950651
371.964570185	0.0263074221374
372.27872945	0.0263069577501
372.592888716	0.0263064910446
372.907047981	0.0263060166352
373.221207246	0.0263055397435
373.535366512	0.0263050653928
373.849525777	0.0263045967638
374.163685043	0.0263041367961
374.477844308	0.0263036909204
374.792003573	0.026303259062
375.106162839	0.0263028415385
375.420322104	0.0263024288814
375.734481369	0.0263020077149
376.048640635	0.026301572498
376.3627999	0.0263011228788
376.676959165	0.0263006578367
376.991118431	0.0263001702427
377.305277696	0.0262996840829
377.619436962	0.0262992231532
377.933596227	0.0262987732743
378.247755492	0.0262983263743
378.561914758	0.0262978972782
378.876074023	0.0262974891269
379.190233288	0.026297084772
379.504392554	0.0262966769184
379.818551819	0.0262962673062
380.132711084	0.0262958548212
380.44687035	0.0262954384176
380.761029615	0.0262950157941
381.07518888	0.0262945875602
381.389348146	0.0262941609186
381.703507411	0.0262937379987
382.017666677	0.026293315084
382.331825942	0.026292892883
382.645985207	0.0262924728476
382.960144473	0.026292050292
383.274303738	0.0262916186309
383.588463003	0.0262911855384
383.902622269	0.0262907630615
384.216781534	0.0262903466388
384.530940799	0.0262899352515
384.845100065	0.0262895330812
385.15925933	0.0262891407243
385.473418595	0.0262887515844
385.787577861	0.02628835917
386.101737126	0.0262879613213
386.415896392	0.0262875633613
386.730055657	0.0262871615997
387.044214922	0.0262867529224
387.358374188	0.0262863395181
387.672533453	0.0262859245397
387.986692718	0.0262855133598
388.300851984	0.0262851063449
388.615011249	0.0262847052883
388.929170514	0.0262843098746
389.24332978	0.0262839089674
389.557489045	0.0262834940095
389.871648311	0.0262830712538
390.185807576	0.0262826483361
390.499966841	0.0262822242732
390.814126107	0.0262817976051
391.128285372	0.0262813714947
391.442444637	0.0262809442716
391.756603903	0.0262805234482
392.070763168	0.0262801140195
392.384922433	0.0262797120638
392.699081699	0.0262793136441
393.013240964	0.0262789199948
393.327400229	0.0262785271461
393.641559495	0.0262781244802
393.95571876	0.0262777078621
394.269878026	0.0262772707199
394.584037291	0.0262768174525
394.898196556	0.0262763578922
395.212355822	0.0262758973184
395.526515087	0.0262754370324
395.840674352	0.0262749801957
396.154833618	0.0262745340051
396.468992883	0.0262740959739
396.783152148	0.0262736610545
397.097311414	0.026273229933
397.411470679	0.0262728024091
397.725629944	0.0262723676799
398.03978921	0.0262719234401
398.353948475	0.026271473034
398.668107741	0.0262710147417
398.982267006	0.0262705533037
399.296426271	0.0262700942774
399.610585537	0.0262696375621
399.924744802	0.026269180207
400.238904067	0.0262687192544
400.553063333	0.0262682497077
400.867222598	0.0262677733809
401.181381863	0.0262672947247
401.495541129	0.0262668159244
401.809700394	0.0262663308013
402.12385966	0.0262658410173
402.438018925	0.0262653569007
402.75217819	0.026264874482
403.066337456	0.0262643893918
403.380496721	0.0262639067964
403.694655986	0.0262634259984
404.008815252	0.0262629355606
404.322974517	0.0262624370791
404.637133782	0.0262619361537
404.951293048	0.0262614388619
405.265452313	0.0262609430367
405.579611578	0.0262604501861
405.893770844	0.026259964301
406.207930109	0.0262594840309
406.522089375	0.0262590036223
406.83624864	0.0262585148017
407.150407905	0.0262580158091
407.464567171	0.0262575032459
407.778726436	0.0262569782886
408.092885701	0.0262564396084
408.407044967	0.0262558916694
408.721204232	0.0262553542661
409.035363497	0.026254832733
409.349522763	0.026254314636
409.663682028	0.02625379973
409.977841293	0.0262532974736
410.292000559	0.0262528015251
410.606159824	0.0262523023101
410.92031909	0.0262518019434
411.234478355	0.0262512969099
411.54863762	0.0262507858926
411.862796886	0.0262502710694
412.176956151	0.0262497504333
412.491115416	0.0262492232384
412.805274682	0.0262486909557
413.119433947	0.0262481557899
413.433593212	0.0262476182471
413.747752478	0.0262470820579
414.061911743	0.0262465443287
414.376071009	0.0262460022951
414.690230274	0.0262454593163
415.004389539	0.0262449255874
415.318548805	0.0262444038205
415.63270807	0.0262438858374
415.946867335	0.0262433725155
416.261026601	0.0262428644048
416.575185866	0.0262423585609
416.889345131	0.0262418530355
417.203504397	0.02624134512
417.517663662	0.0262408342432
417.831822927	0.0262403227153
418.145982193	0.0262398114068
418.460141458	0.0262392993975
418.774300724	0.0262387835615
419.088459989	0.0262382644583
419.402619254	0.0262377475524
419.71677852	0.0262372307015
420.030937785	0.0262367169325
420.34509705	0.0262362040344
420.659256316	0.0262356833319
420.973415581	0.0262351580674
421.287574846	0.0262346382021
421.601734112	0.0262341259624
421.915893377	0.0262336170812
422.230052642	0.0262331124364
422.544211908	0.0262326118702
422.858371173	0.0262321148835
423.172530439	0.026231624457
423.486689704	0.0262311406382
423.800848969	0.0262306619811
424.115008235	0.0262301840415
424.4291675	0.0262297062738
424.743326765	0.0262292273693
425.057486031	0.0262287400999
425.371645296	0.0262282425238
425.685804561	0.0262277339234
425.999963827	0.0262272136491
426.314123092	0.0262266936931
426.628282358	0.0262261778478
426.942441623	0.026225662566
427.256600888	0.0262251548904
427.570760154	0.0262246655231
427.884919419	0.0262241903661
428.199078684	0.026223719157
428.51323795	0.0262232559414
428.827397215	0.026222799128
429.14155648	0.0262223394018
429.455715746	0.0262218759333
429.769875011	0.0262214069674
430.084034276	0.0262209333707
430.398193542	0.0262204565006
430.712352807	0.0262199792102
431.026512073	0.0262195020624
431.340671338	0.0262190226
431.654830603	0.0262185442772
431.968989869	0.0262180643434
432.283149134	0.026217583718
432.597308399	0.0262171081967
432.911467665	0.0262166343017
433.22562693	0.0262161583588
433.539786195	0.0262156861563
433.853945461	0.026215225936
434.168104726	0.0262147736451
434.482263991	0.0262143229068
434.796423257	0.026213876981
435.110582522	0.0262134359451
435.424741788	0.0262129960823
435.738901053	0.0262125558768
436.053060318	0.0262121178015
436.367219584	0.0262116818262
436.681378849	0.026211245981
436.995538114	0.026210811276
437.30969738	0.0262103756139
437.623856645	0.0262099386959
437.93801591	0.02620950092
438.252175176	0.0262090588053
438.566334441	0.0262086139637
438.880493707	0.0262081688527
439.194652972	0.026207723072
439.508812237	0.0262072746051
439.822971503	0.026206829451
440.137130768	0.0262064012917
440.451290033	0.0262059881286
440.765449299	0.0262055783117
441.079608564	0.0262051726488
441.393767829	0.0262047751921
441.707927095	0.026204382577
442.02208636	0.0262039906421
442.336245625	0.0262035966028
442.650404891	0.0262031980788
442.964564156	0.02620279627
443.278723422	0.0262023913381
443.592882687	0.0262019798746
443.907041952	0.0262015621146
444.221201218	0.0262011409213
444.535360483	0.0262007150192
444.849519748	0.0262002922628
445.163679014	0.0261998759438
445.477838279	0.0261994619291
445.791997544	0.0261990518261
446.10615681	0.026198650724
446.420316075	0.0261982642564
446.73447534	0.0261978883122
447.048634606	0.0261975148113
447.362793871	0.0261971431238
447.676953137	0.0261967725218
447.991112402	0.0261964013201
448.305271667	0.0261960271462
448.619430933	0.0261956491472
448.933590198	0.0261952661869
449.247749463	0.0261948821252
449.561908729	0.0261944981723
449.876067994	0.0261941106861
450.190227259	0.0261937207299
450.504386525	0.0261933283253
450.81854579	0.0261929342476
451.132705056	0.0261925426068
451.446864321	0.0261921552016
451.761023586	0.0261917677401
452.075182852	0.0261913777401
452.389342117	0.02619099357
452.703501382	0.0261906215754
453.017660648	0.0261902570655
453.331819913	0.0261898925555
453.645979178	0.0261895294433
453.960138444	0.0261891675373
454.274297709	0.026188803415
454.588456974	0.0261884380852
454.90261624	0.0261880724824
455.216775505	0.0261877042034
455.530934771	0.0261873319053
455.845094036	0.0261869565236
456.159253301	0.0261865774923
456.473412567	0.0261861933413
456.787571832	0.0261858012348
457.101731097	0.0261854020804
457.415890363	0.0261849997416
457.730049628	0.0261845990004
458.044208893	0.0261842009832
458.358368159	0.0261838046016
458.672527424	0.0261834178653
458.986686689	0.0261830496748
459.300845955	0.0261826902645
459.61500522	0.0261823288733
459.929164486	0.0261819698251
460.243323751	0.0261816121624
460.557483016	0.0261812491643
460.871642282	0.0261808779506
461.185801547	0.0261804973019
461.499960812	0.0261801079195
461.814120078	0.0261797130338
462.128279343	0.0261793148915
462.442438608	0.0261789131651
462.756597874	0.0261785097811
463.070757139	0.0261781057718
463.384916405	0.0261777023116
463.69907567	0.0261773012451
464.013234935	0.0261769022522
464.327394201	0.0261765028982
464.641553466	0.0261761032149
464.955712731	0.0261757107226
465.269871997	0.0261753310414
465.584031262	0.0261749538116
465.898190527	0.0261745720612
466.212349793	0.0261741918135
466.526509058	0.0261738123104
466.840668323	0.0261734281123
467.154827589	0.0261730389034
467.468986854	0.0261726450896
467.78314612	0.0261722452137
468.097305385	0.0261718412937
468.41146465	0.0261714339816
468.725623916	0.0261710218774
469.039783181	0.0261706070733
469.353942446	0.0261701903345
469.668101712	0.0261697723858
469.982260977	0.0261693548611
470.296420242	0.0261689384511
470.610579508	0.026168520777
470.924738773	0.0261680995553
471.238898039	0.0261676840678
471.553057304	0.0261672839549
471.867216569	0.0261668893451
472.181375835	0.0261664899606
472.4955351	0.0261660913883
472.809694365	0.0261656944237
473.123853631	0.0261652938641
473.438012896	0.0261648877085
473.752172161	0.0261644744194
474.066331427	0.0261640523194
474.380490692	0.0261636233583
474.694649957	0.0261631885695
475.008809223	0.0261627469667
475.322968488	0.0261622998504
475.637127754	0.026161850035
475.951287019	0.0261613996173
476.265446284	0.0261609518924
476.57960555	0.0261605073882
476.893764815	0.0261600635202
477.20792408	0.0261596203995
477.522083346	0.0261591874134
477.836242611	0.0261587687667
478.150401876	0.0261583515193
478.464561142	0.0261579296029
478.778720407	0.0261575079704
479.092879672	0.0261570847393
479.407038938	0.0261566556294
479.721198203	0.0261562190149
480.035357469	0.0261557736005
480.349516734	0.0261553199327
480.663675999	0.0261548613398
480.977835265	0.0261543983766
481.29199453	0.0261539307976
481.606153795	0.026153461686
481.920313061	0.0261529940068
482.234472326	0.0261525289341
482.548631591	0.026152067886
482.862790857	0.0261516115239
483.176950122	0.0261511548641
483.491109388	0.0261506961832
483.805268653	0.0261502452686
484.119427918	0.0261498067498
484.433587184	0.0261493695448
484.747746449	0.0261489276375
485.061905714	0.0261484846936
485.37606498	0.0261480401193
485.690224245	0.0261475914064
486.00438351	0.0261471390653
486.318542776	0.0261466815387
486.632702041	0.026146218229
486.946861306	0.0261457503893
487.261020572	0.0261452783054
487.575179837	0.0261448028978
487.889339103	0.0261443258676
488.203498368	0.0261438488235
488.517657633	0.0261433727246
488.831816899	0.0261428988844
489.145976164	0.0261424305493
489.460135429	0.0261419655889
489.774294695	0.0261415019372
490.08845396	0.0261410503952
490.402613225	0.0261406144753
490.716772491	0.0261401801886
491.030931756	0.0261397420186
491.345091021	0.0261393036512
491.659250287	0.0261388640298
491.973409552	0.0261384207274
492.287568818	0.0261379712021
492.601728083	0.0261375139427
492.915887348	0.0261370497307
493.230046614	0.0261365827741
493.544205879	0.0261361138955
493.858365144	0.0261356432134
494.17252441	0.0261351739936
494.486683675	0.0261347096207
494.80084294	0.0261342518576
495.115002206	0.0261338002087
495.429161471	0.0261333541071
495.743320737	0.0261329107572
496.057480002	0.0261324712028
496.371639267	0.0261320446206
496.685798533	0.0261316291605
496.999957798	0.0261312124612
497.314117063	0.0261307927575
497.628276329	0.0261303726225
497.942435594	0.0261299512259
498.256594859	0.0261295275204
498.570754125	0.0261291004837
498.88491339	0.0261286692873
499.199072655	0.0261282343829
499.513231921	0.0261277993225
499.827391186	0.0261273642563
500.141550452	0.0261269285446
500.455709717	0.0261264952008
500.769868982	0.0261260678217
501.084028248	0.0261256462625
501.398187513	0.026125229817
501.712346778	0.0261248194304
502.026506044	0.0261244115391
502.340665309	0.0261240058552
502.654824574	0.0261236125039
502.96898384	0.0261232319868
503.283143105	0.0261228518299
503.59730237	0.0261224684862
503.911461636	0.0261220843012
504.225620901	0.0261217004908
504.539780167	0.0261213156631
504.853939432	0.0261209282794
505.168098697	0.0261205360333
505.482257963	0.0261201400534
505.796417228	0.0261197438481
506.110576493	0.0261193466489
506.424735759	0.0261189477726
506.738895024	0.0261185504552
507.053054289	0.0261181573725
507.367213555	0.0261177696464
507.68137282	0.0261173876908
507.995532086	0.0261170125631
508.309691351	0.026116641034
508.623850616	0.0261162749689
508.938009882	0.0261159238707
509.252169147	0.0261155836917
509.566328412	0.0261152408043
509.880487678	0.0261148953458
510.194646943	0.0261145490285
510.508806208	0.0261142010795
510.822965474	0.0261138501104
511.137124739	0.0261134941395
511.451284004	0.0261131315762
511.76544327	0.0261127649608
512.079602535	0.0261123980062
512.393761801	0.0261120299701
512.707921066	0.0261116609569
513.022080331	0.0261112959922
513.336239597	0.0261109382205
513.650398862	0.0261105871415
513.964558127	0.0261102418736
514.278717393	0.026109903174
514.592876658	0.0261095664205
514.907035923	0.0261092330724
515.221195189	0.0261089108444
515.535354454	0.0261085958255
515.849513719	0.0261082768382
516.163672985	0.0261079524882
516.47783225	0.0261076243328
516.791991516	0.0261072927339
517.106150781	0.0261069585769
517.420310046	0.0261066209914
517.734469312	0.0261062784538
518.048628577	0.0261059330584
518.362787842	0.0261055871958
518.676947108	0.0261052398865
518.991106373	0.0261048909989
519.305265638	0.0261045440203
519.619424904	0.0261042015971
519.933584169	0.0261038620868
520.247743435	0.0261035253158
520.5619027	0.0261031944501
520.876061965	0.0261028659616
521.190221231	0.026102541381
521.504380496	0.026102228787
521.818539761	0.0261019223168
522.132699027	0.0261016102914
522.446858292	0.0261012919578
522.761017557	0.0261009689543
523.075176823	0.0261006420547
523.389336088	0.026100309981
523.703495353	0.0260999710109
524.017654619	0.0260996247427
524.331813884	0.0260992746005
524.64597315	0.0260989236878
524.960132415	0.0260985707038
525.27429168	0.0260982160691
525.588450946	0.0260978639869
525.902610211	0.026097517064
526.216769476	0.0260971736647
526.530928742	0.0260968336048
526.845088007	0.0260964976782
527.159247272	0.0260961627319
527.473406538	0.0260958324463
527.787565803	0.0260955120375
528.101725068	0.0260951931896
528.415884334	0.0260948661352
528.730043599	0.026094531715
529.044202865	0.026094191175
529.35836213	0.0260938447413
529.672521395	0.0260934920765
529.986680661	0.0260931328534
530.300839926	0.0260927677666
530.614999191	0.026092400049
530.929158457	0.0260920322745
531.243317722	0.0260916633908
531.557476987	0.0260912938848
531.871636253	0.0260909281169
532.185795518	0.0260905666997
532.499954784	0.0260902068299
532.814114049	0.0260898486689
533.128273314	0.02608949296
533.44243258	0.0260891358797
533.756591845	0.0260887814444
534.07075111	0.0260884352729
534.384910376	0.0260880902336
534.699069641	0.026087737088
535.013228906	0.0260873760585
535.327388172	0.0260870095728
535.641547437	0.0260866385846
535.955706702	0.0260862622229
536.269865968	0.0260858802192
536.584025233	0.0260854929813
536.898184499	0.0260851029411
537.212343764	0.0260847120978
537.526503029	0.026084319514
537.840662295	0.0260839263678
538.15482156	0.0260835357942
538.468980825	0.0260831483828
538.783140091	0.0260827620863
539.097299356	0.0260823775654
539.411458621	0.0260819959961
539.725617887	0.0260816144709
540.039777152	0.0260812382262
540.353936417	0.0260808713241
540.668095683	0.0260805042731
540.982254948	0.0260801293425
541.296414214	0.0260797483623
541.610573479	0.0260793630941
541.924732744	0.0260789729444
542.23889201	0.0260785766747
542.553051275	0.0260781734905
542.86721054	0.0260777643881
543.181369806	0.0260773531237
543.495529071	0.0260769419338
543.809688336	0.0260765297884
544.123847602	0.0260761195914
544.438006867	0.0260757154928
544.752166133	0.0260753179872
545.066325398	0.0260749240006
545.380484663	0.0260745327388
545.694643929	0.0260741442583
546.008803194	0.0260737561443
546.322962459	0.0260733729572
546.637121725	0.0260729967129
546.95128099	0.026072618443
547.265440255	0.0260722320594
547.579599521	0.0260718393407
547.893758786	0.0260714424509
548.207918051	0.0260710417852
548.522077317	0.0260706375642
548.836236582	0.0260702300879
549.150395848	0.0260698200781
549.464555113	0.0260694100854
549.778714378	0.026069001195
550.092873644	0.0260685928494
550.407032909	0.0260681872144
550.721192174	0.0260677870816
551.03535144	0.0260673923704
551.349510705	0.0260670000053
551.66366997	0.0260666103244
551.977829236	0.0260662242522
552.291988501	0.026065839762
552.606147766	0.0260654616919
552.920307032	0.0260650917965
553.234466297	0.0260647200136
553.548625563	0.0260643408806
553.862784828	0.0260639570617
554.176944093	0.0260635708435
554.491103359	0.026063181683
554.805262624	0.0260627886083
555.119421889	0.0260623921773
555.433581155	0.026061993374
555.74774042	0.0260615952607
556.061899685	0.0260611986736
556.376058951	0.0260608032456
556.690218216	0.0260604114479
557.004377482	0.026060025926
557.318536747	0.0260596469432
557.632696012	0.026059272111
557.946855278	0.0260589008893
558.261014543	0.0260585332694
558.575173808	0.0260581686478
558.889333074	0.026057811426
559.203492339	0.026057460424
559.517651604	0.0260571049752
559.83181087	0.0260567419277
560.145970135	0.0260563747687
560.4601294	0.0260560045163
560.774288666	0.0260556307475
561.088447931	0.0260552538837
561.402607197	0.0260548754585
561.716766462	0.0260544968362
562.030925727	0.0260541208278
562.345084993	0.0260537473301
562.659244258	0.0260533762407
562.973403523	0.0260530099824
563.287562789	0.0260526502586
563.601722054	0.0260522962038
563.915881319	0.0260519450549
564.230040585	0.0260515962706
564.54419985	0.0260512501644
564.858359115	0.0260509059604
565.172518381	0.0260505673552
565.486677646	0.0260502338695
565.800836912	0.0260498958495
566.114996177	0.0260495505722
566.429155442	0.026049201665
566.743314708	0.0260488504741
567.057473973	0.0260484969736
567.371633238	0.0260481415914
567.685792504	0.0260477861003
567.999951769	0.0260474309477
568.314111034	0.0260470774599
568.6282703	0.0260467260689
568.942429565	0.0260463761664
569.256588831	0.0260460294166
569.570748096	0.0260456871143
569.884907361	0.0260453491944
570.199066627	0.026045012706
570.513225892	0.0260446783108
570.827385157	0.0260443469331
571.141544423	0.026044018334
571.455703688	0.0260436961161
571.769862953	0.0260433786731
572.084022219	0.0260430558726
572.398181484	0.0260427265043
572.712340749	0.0260423943471
573.026500015	0.0260420595257
573.34065928	0.0260417209872
573.654818546	0.0260413789536
573.968977811	0.0260410353169
574.283137076	0.0260406912407
574.597296342	0.0260403483093
574.911455607	0.0260400066404
575.225614872	0.0260396665605
575.539774138	0.0260393305275
575.853933403	0.0260390001952
576.168092668	0.0260386750135
576.482251934	0.0260383512352
576.796411199	0.0260380286905
577.110570464	0.026037708024
577.42472973	0.0260373894383
577.738888995	0.0260370754386
578.053048261	0.0260367634223
578.367207526	0.0260364445651
578.681366791	0.0260361182367
578.995526057	0.026035788543
579.309685322	0.0260354558506
579.623844587	0.0260351192803
579.938003853	0.0260347806379
580.252163118	0.0260344423941
580.566322383	0.0260341043981
580.880481649	0.0260337673871
581.194640914	0.0260334318536
581.50880018	0.026033097874
581.822959445	0.0260327667724
582.13711871	0.0260324397408
582.451277976	0.0260321160646
582.765437241	0.0260317923612
583.079596506	0.0260314696422
583.393755772	0.026031148348
583.707915037	0.0260308288522
584.022074302	0.026030514132
584.336233568	0.0260302016176
584.650392833	0.0260298825
584.964552098	0.0260295564543
585.278711364	0.0260292277022
585.592870629	0.0260288965814
585.907029895	0.026028561553
586.22118916	0.0260282236975
586.535348425	0.0260278856959
586.849507691	0.0260275476176
587.163666956	0.0260272101711
587.477826221	0.026026873855
587.791985487	0.0260265394358
588.106144752	0.0260262084283
588.420304017	0.0260258818052
588.734463283	0.0260255590907
589.048622548	0.026025237106
589.362781813	0.0260249164712
589.676941079	0.0260245973982
589.991100344	0.0260242807902
590.30525961	0.0260239686875
590.619418875	0.0260236572863
590.93357814	0.0260233384034
591.247737406	0.0260230128167
591.561896671	0.0260226847049
591.876055936	0.0260223537993
592.190215202	0.026022018796
592.504374467	0.0260216823187
592.818533732	0.0260213468293
593.132692998	0.0260210123368
593.446852263	0.0260206795697
593.761011529	0.0260203490464
594.075170794	0.0260200216123
594.389330059	0.0260196980267
594.703489325	0.0260193792346
595.01764859	0.0260190635953
595.331807855	0.0260187477409
595.645967121	0.0260184329102
595.960126386	0.0260181185952
596.274285651	0.0260178056396
596.588444917	0.0260174965427
596.902604182	0.0260171874537
597.216763447	0.0260168708724
597.530922713	0.0260165480997
597.845081978	0.0260162235918
598.159241244	0.0260158972592
598.473400509	0.0260155682629
598.787559774	0.0260152390148
599.10171904	0.0260149115199
599.415878305	0.0260145851699
599.73003757	0.0260142601291
600.044196836	0.0260139367951
600.358356101	0.0260136157586
600.672515366	0.0260132971757
600.986674632	0.0260129820998
601.300833897	0.0260126689376
601.614993162	0.0260123550937
601.929152428	0.0260120422477
602.243311693	0.0260117298287
602.557470959	0.0260114192306
602.871630224	0.0260111129956
603.185789489	0.0260108065109
603.499948755	0.0260104923405
603.81410802	0.026010172546
604.128267285	0.0260098514432
604.442426551	0.0260095281178
604.756585816	0.0260092014287
605.070745081	0.026008873683
605.384904347	0.0260085468301
605.699063612	0.0260082205914
606.013222878	0.0260078952421
606.327382143	0.0260075712304
606.641541408	0.0260072495316
606.955700674	0.026006930671
607.269859939	0.0260066155516
607.584019204	0.0260063023495
607.89817847	0.0260059881339
608.212337735	0.0260056741592
608.526497	0.0260053596413
608.840656266	0.0260050463958
609.154815531	0.026004736678
609.468974796	0.0260044250096
609.783134062	0.0260041047961
610.097293327	0.0260037787201
610.411452593	0.026003451625
610.725611858	0.0260031223267
611.039771123	0.0260027901786
611.353930389	0.026002458232
611.668089654	0.0260021278822
611.982248919	0.0260017983737
612.296408185	0.0260014699202
612.61056745	0.026001142765
612.924726715	0.0260008173059
613.238885981	0.0260004935998
613.553045246	0.0260001725946
613.867204511	0.0259998520675
614.181363777	0.0259995300262
614.495523042	0.0259992082087
614.809682308	0.0259988854651
615.123841573	0.0259985641118
615.438000838	0.0259982470568
615.752160104	0.0259979286203
616.066319369	0.025997602022
616.380478634	0.0259972704728
616.6946379	0.0259969385713
617.008797165	0.0259966048609
617.32295643	0.0259962685396
617.637115696	0.0259959321743
617.951274961	0.0259955969784
618.265434227	0.0259952624924
618.579593492	0.0259949289587
618.893752757	0.0259945965705
619.207912023	0.0259942659781
619.522071288	0.0259939376173
619.836230553	0.0259936122808
620.150389819	0.0259932876415
620.464549084	0.0259929621612
620.778708349	0.0259926373152
621.092867615	0.0259923116568
621.40702688	0.0259919880618
621.721186145	0.0259916690376
622.035345411	0.0259913481662
622.349504676	0.0259910191213
622.663663942	0.0259906857821
622.977823207	0.0259903524629
623.291982472	0.0259900175554
623.606141738	0.0259896805033
623.920301003	0.0259893439845
624.234460268	0.0259890091642
624.548619534	0.0259886757948
624.862778799	0.025988344056
625.176938064	0.025988014046
625.49109733	0.0259876863028
625.805256595	0.0259873613052
626.11941586	0.0259870396662
626.433575126	0.0259867182741
626.747734391	0.0259863957519
627.061893657	0.0259860739582
627.376052922	0.0259857508125
627.690212187	0.0259854296214
628.004371453	0.0259851131905
628.318530718	0.0259847948102
628.632689983	0.0259844685479
628.946849249	0.0259841388716
629.261008514	0.0259838099485
629.575167779	0.0259834805257
629.889327045	0.0259831499971
630.20348631	0.0259828206667
630.517645576	0.0259824934287
630.831804841	0.0259821678147
631.145964106	0.0259818436714
631.460123372	0.0259815209876
631.774282637	0.0259812000976
632.088441902	0.0259808814416
632.402601168	0.0259805655996
632.716760433	0.0259802496411
633.030919698	0.0259799329149
633.345078964	0.0259796172122
633.659238229	0.0259793003082
633.973397494	0.0259789863275
634.28755676	0.0259786778652
634.601716025	0.0259783675478
634.915875291	0.0259780497761
635.230034556	0.0259777293372
635.544193821	0.0259774100921
635.858353087	0.0259770905471
636.172512352	0.0259767698282
636.486671617	0.0259764500308
636.800830883	0.0259761321748
637.114990148	0.0259758160158
637.429149413	0.0259755012294
637.743308679	0.0259751878174
638.057467944	0.0259748762887
638.371627209	0.0259745674144
638.685786475	0.0259742616385
638.99994574	0.0259739557906
639.314105006	0.0259736494752
639.628264271	0.0259733441218
639.942423536	0.0259730373161
640.256582802	0.0259727337505
640.570742067	0.0259724354622
640.884901332	0.0259721345117
641.199060598	0.0259718261956
641.513219863	0.0259715154417
641.827379128	0.0259712063525
642.141538394	0.0259708972764
642.455697659	0.0259705873707
642.769856925	0.0259702789663
643.08401619	0.0259699728087
643.398175455	0.0259696685106
643.712334721	0.0259693653963
644.026493986	0.0259690635381
644.340653251	0.025968763015
644.654812517	0.0259684646564
644.968971782	0.0259681688124
645.283131047	0.0259678720745
645.597290313	0.0259675748526
645.911449578	0.025967278604
646.225608843	0.0259669808409
646.539768109	0.025966686734
646.853927374	0.0259663982306
647.16808664	0.0259661071298
647.482245905	0.0259658088443
647.79640517	0.0259655084262
648.110564436	0.0259652099752
648.424723701	0.0259649114477
648.738882966	0.0259646118874
649.053042232	0.0259643136145
649.367201497	0.0259640172467
649.681360762	0.0259637224747
649.995520028	0.0259634284785
650.309679293	0.0259631354449
650.623838558	0.0259628433212
650.937997824	0.0259625533079
651.252157089	0.0259622655493
651.566316355	0.0259619767286
651.88047562	0.0259616878132
652.194634885	0.0259613996237
652.508794151	0.0259611101954
652.822953416	0.0259608249373
653.137112681	0.0259605449331
653.451271947	0.0259602616822
653.765431212	0.0259599711048
654.079590477	0.0259596786589
654.393749743	0.0259593882897
654.707909008	0.025959097518
655.022068274	0.0259588054971
655.336227539	0.025958514704
655.650386804	0.0259582258783
655.96454607	0.0259579386473
656.278705335	0.0259576519551
656.5928646	0.0259573661616
656.907023866	0.0259570811322
657.221183131	0.0259567981841
657.535342396	0.0259565172589
657.849501662	0.0259562347628
658.163660927	0.0259559521809
658.477820192	0.0259556699789
658.791979458	0.0259553862921
659.106138723	0.0259551068259
659.420297989	0.0259548322762
659.734457254	0.0259545539026
660.048616519	0.0259542680234
660.362775785	0.0259539807072
660.67693505	0.0259536956408
660.991094315	0.0259534099802
661.305253581	0.0259531232384
661.619412846	0.0259528378501
661.933572111	0.0259525543125
662.247731377	0.0259522720807
662.561890642	0.0259519899707
662.876049907	0.0259517084856
663.190209173	0.0259514271457
663.504368438	0.0259511475299
663.818527704	0.0259508692696
664.132686969	0.0259505889624
664.446846234	0.0259503087754
664.7610055	0.0259500286177
665.075164765	0.025949747196
665.38932403	0.025949470485
665.703483296	0.0259491985107
666.017642561	0.0259489221837
666.331801826	0.0259486383978
666.645961092	0.0259483537044
666.960120357	0.0259480711763
667.274279623	0.0259477876255
667.588438888	0.025947502828
667.902598153	0.0259472191207
668.216757419	0.0259469369541
668.530916684	0.0259466558072
668.845075949	0.0259463743754
669.159235215	0.0259460932469
669.47339448	0.0259458119763
669.787553745	0.0259455325214
670.101713011	0.0259452540983
670.415872276	0.0259449735146
670.730031541	0.0259446933276
671.044190807	0.025944412784
671.358350072	0.025944131101
671.672509338	0.025943854354
671.986668603	0.0259435816974
672.300827868	0.0259433038604
672.614987134	0.0259430184988
672.929146399	0.0259427328253
673.243305664	0.0259424491569
673.55746493	0.0259421640865
673.871624195	0.0259418778105
674.18578346	0.0259415926782
674.499942726	0.0259413090325
674.814101991	0.0259410261243
675.128261256	0.0259407426814
675.442420522	0.0259404593092
675.756579787	0.0259401756356
676.070739053	0.0259398936956
676.384898318	0.0259396122727
676.699057583	0.025939328324
677.013216849	0.0259390450238
677.327376114	0.0259387611863
677.641535379	0.0259384764018
677.955694645	0.0259381968254
678.26985391	0.0259379210705
678.584013175	0.0259376396473
678.898172441	0.0259373509716
679.212331706	0.0259370625802
679.526490972	0.0259367759133
679.840650237	0.025936487634
680.154809502	0.0259361983659
680.468968768	0.0259359102125
680.783128033	0.0259356234256
681.097287298	0.0259353371708
681.411446564	0.025935050351
681.725605829	0.0259347633942
682.039765094	0.0259344760528
682.35392436	0.0259341905302
682.668083625	0.0259339052372
682.98224289	0.0259336175069
683.296402156	0.0259333309129
683.610561421	0.0259330436558
683.924720687	0.0259327562037
684.238879952	0.0259324745243
684.553039217	0.0259321961072
684.867198483	0.0259319114331
685.181357748	0.0259316200764
685.495517013	0.0259313297621
685.809676279	0.0259310408705
686.123835544	0.0259307502488
686.437994809	0.0259304588077
686.752154075	0.0259301686164
687.06631334	0.0259298798144
687.380472605	0.0259295915356
687.694631871	0.025929302796
688.008791136	0.0259290139565
688.322950402	0.0259287250156
688.637109667	0.0259284382345
688.951268932	0.0259281515657
689.265428198	0.0259278626548
689.579587463	0.0259275753616
689.893746728	0.0259272873388
690.207905994	0.0259269996028
690.522065259	0.0259267180203
690.836224524	0.0259264391207
691.15038379	0.0259261534332
691.464543055	0.0259258616752
691.778702321	0.0259255716541
692.092861586	0.025925282642
692.407020851	0.0259249919448
692.721180117	0.0259247008906
693.035339382	0.0259244114255
693.349498647	0.0259241234532
693.663657913	0.0259238360462
693.977817178	0.0259235484703
694.291976443	0.0259232609056
694.606135709	0.0259229734902
694.920294974	0.0259226883534
695.234454239	0.0259224028844
695.548613505	0.0259221153792
695.86277277	0.0259218298709
696.176932036	0.0259215435451
696.491091301	0.0259212582735
696.805250566	0.0259209796743
697.119409832	0.0259207031857
697.433569097	0.0259204196123
697.747728362	0.0259201309962
698.061887628	0.0259198448237
698.376046893	0.025919559342
698.690206158	0.0259192722982
699.004365424	0.0259189853076
699.318524689	0.0259186999761
699.632683954	0.0259184160878
699.94684322	0.0259181327419
700.261002485	0.0259178494214
700.575161751	0.0259175661031
700.889321016	0.0259172833174
701.203480281	0.0259170030961
701.517639547	0.0259167224123
701.831798812	0.0259164402361
702.145958077	0.0259161604415
702.460117343	0.0259158798152
702.774276608	0.0259156010378
703.088435873	0.0259153292626
703.402595139	0.0259150586702
703.716754404	0.0259147806791
704.03091367	0.0259144986607
704.345072935	0.025914219593
704.6592322	0.0259139407679
704.973391466	0.0259136604445
705.287550731	0.0259133806194
705.601709996	0.025913102552
705.915869262	0.025912825922
706.230028527	0.025912549858
706.544187792	0.0259122740144
706.858347058	0.0259119982617
707.172506323	0.025911723557
707.486665588	0.0259114515777
707.800824854	0.0259111787526
708.114984119	0.0259109048236
708.429143385	0.0259106335296
708.74330265	0.0259103613062
709.057461915	0.0259100915095
709.371621181	0.0259098287919
709.685780446	0.0259095663011
709.999939711	0.0259092962623
710.314098977	0.0259090232276
710.628258242	0.0259087531796
710.942417507	0.0259084830393
711.256576773	0.0259082116329
711.570736038	0.0259079411797
711.884895303	0.0259076725302
712.199054569	0.0259074051839
712.513213834	0.0259071382306
712.8273731	0.0259068717303
713.141532365	0.0259066050776
713.45569163	0.0259063396437
713.769850896	0.0259060768676
714.084010161	0.0259058128932
714.398169426	0.0259055481737
714.712328692	0.0259052860238
715.026487957	0.0259050230195
715.340647222	0.0259047632883
715.654806488	0.0259045104202
715.968965753	0.0259042565839
716.283125019	0.0259039952377
716.597284284	0.0259037318152
716.911443549	0.0259034712899
717.225602815	0.0259032101503
717.53976208	0.0259029477899
717.853921345	0.0259026864834
718.168080611	0.0259024267888
718.482239876	0.0259021681127
718.796399141	0.0259019096382
719.110558407	0.0259016514583
719.424717672	0.0259013928772
719.738876937	0.025901136085
720.053036203	0.025900881632
720.367195468	0.0259006255377
720.681354734	0.0259003693433
720.995513999	0.0259001154456
721.309673264	0.0258998603536
721.62383253	0.0258996090112
721.937991795	0.0258993640243
722.25215106	0.0258991167313
722.566310326	0.0258988617289
722.880469591	0.0258986053773
723.194628856	0.0258983514421
723.508788122	0.025898096324
723.822947387	0.0258978400155
724.137106652	0.0258975850175
724.451265918	0.0258973313922
724.765425183	0.0258970785311
725.079584449	0.0258968258001
725.393743714	0.0258965730462
725.707902979	0.0258963199297
726.022062245	0.0258960687004
726.33622151	0.0258958191131
726.650380775	0.0258955671088
726.964540041	0.0258953155031
727.278699306	0.0258950657329
727.592858571	0.0258948145142
727.907017837	0.025894567512
728.221177102	0.0258943262578
728.535336368	0.0258940814824
728.849495633	0.0258938290209
729.163654898	0.0258935761316
729.477814164	0.0258933250989
729.791973429	0.0258930724713
730.106132694	0.0258928188021
730.42029196	0.0258925664741
730.734451225	0.0258923150702
731.04861049	0.0258920642285
731.362769756	0.0258918130387
731.676929021	0.0258915616365
731.991088286	0.0258913098293
732.305247552	0.025891059932
732.619406817	0.0258908110183
732.933566083	0.0258905595343
733.247725348	0.025890308936
733.561884613	0.0258900596904
733.876043879	0.0258898091097
734.190203144	0.0258895633279
734.504362409	0.0258893224141
734.818521675	0.0258890766963
735.13268094	0.0258888236149
735.446840205	0.0258885708454
735.760999471	0.0258883191922
736.075158736	0.0258880655759
736.389318001	0.0258878112253
736.703477267	0.0258875579234
737.017636532	0.0258873055809
737.331795798	0.025887053635
737.645955063	0.0258868011181
737.960114328	0.0258865484097
738.274273594	0.0258862955341
738.588432859	0.0258860447383
738.902592124	0.0258857941986
739.21675139	0.02588554101
739.530910655	0.0258852891211
739.84506992	0.0258850380423
740.159229186	0.0258847858017
740.473388451	0.0258845389028
740.787547717	0.0258842957875
741.101706982	0.0258840469022
741.415866247	0.025883791304
741.730025513	0.0258835366604
742.044184778	0.0258832824517
742.358344043	0.0258830264464
742.672503309	0.0258827699052
742.986662574	0.0258825146508
743.300821839	0.0258822604261
743.614981105	0.0258820063168
743.92914037	0.0258817518989
744.243299635	0.0258814971502
744.557458901	0.0258812423069
744.871618166	0.0258809896362
745.185777432	0.0258807365448
745.499936697	0.0258804810055
745.814095962	0.0258802272013
746.128255228	0.0258799736721
746.442414493	0.025879719803
746.756573758	0.0258794717622
747.070733024	0.0258792264685
747.384892289	0.0258789748386
747.699051554	0.025878717482
748.01321082	0.0258784616299
748.327370085	0.0258782058454
748.64152935	0.0258779482623
748.955688616	0.0258776904199
749.269847881	0.0258774339073
749.584007147	0.0258771785176
749.898166412	0.0258769231252
750.212325677	0.0258766676254
750.526484943	0.0258764118496
750.840644208	0.0258761563718
751.154803473	0.0258759032224
751.468962739	0.0258756491768
751.783122004	0.025875393251
752.097281269	0.0258751394664
752.411440535	0.0258748854856
752.7255998	0.0258746320758
753.039759066	0.0258743847346
753.353918331	0.025874138957
753.668077596	0.025873886391
753.982236862	0.0258736291917
754.296396127	0.0258733737664
754.610555392	0.0258731181384
754.924714658	0.0258728607498
755.238873923	0.0258726037732
755.553033188	0.0258723483548
755.867192454	0.0258720941144
756.181351719	0.0258718399163
756.495510984	0.0258715859376
756.80967025	0.0258713317345
757.123829515	0.0258710782963
757.437988781	0.025870827123
757.752148046	0.0258705745515
758.066307311	0.0258703205989
758.380466577	0.0258700689114
758.694625842	0.0258698167679
759.008785107	0.0258695660506
759.322944373	0.0258693215449
759.637103638	0.0258690775876
759.951262903	0.0258688266308
760.265422169	0.0258685722871
760.579581434	0.025868320082
760.893740699	0.0258680672383
761.207899965	0.0258678130374
761.52205923	0.0258675597998
761.836218496	0.0258673081209
762.150377761	0.0258670575237
762.464537026	0.0258668069968
762.778696292	0.0258665568504
763.092855557	0.0258663063942
763.407014822	0.0258660571398
763.721174088	0.0258658099957
764.035333353	0.0258655612435
764.349492618	0.0258653116323
764.663651884	0.0258650645007
764.977811149	0.0258648166838
765.291970415	0.0258645713169
765.60612968	0.025864332113
765.920288945	0.0258640922413
766.234448211	0.0258638452305
766.548607476	0.0258635961336
766.862766741	0.0258633489952
767.176926007	0.025863100874
767.491085272	0.025862851693
767.805244537	0.025862603811
768.119403803	0.0258623575275
768.433563068	0.025862112231
768.747722333	0.0258618671141
769.061881599	0.0258616224709
769.376040864	0.02586137757
769.69020013	0.0258611344016
770.004359395	0.0258608929718
770.31851866	0.0258606495897
770.632677926	0.0258604057968
770.946837191	0.0258601643781
771.260996456	0.0258599221223
771.575155722	0.0258596830261
771.889314987	0.0258594497388
772.203474252	0.0258592145914
772.517633518	0.0258589722452
772.831792783	0.0258587291042
773.145952048	0.0258584874295
773.460111314	0.0258582447044
773.774270579	0.0258580012413
774.088429845	0.025857759331
774.40258911	0.0258575190569
774.716748375	0.0258572795525
775.030907641	0.0258570401943
775.345066906	0.0258568012267
775.659226171	0.0258565619748
775.973385437	0.0258563247827
776.287544702	0.0258560886363
776.601703967	0.0258558501995
776.915863233	0.0258556119565
777.230022498	0.0258553756642
777.544181764	0.0258551386887
777.858341029	0.025854905562
778.172500294	0.0258546776042
778.48665956	0.0258544467255
778.800818825	0.0258542091278
779.11497809	0.0258539713615
779.429137356	0.0258537347839
779.743296621	0.0258534970538
780.057455886	0.0258532585973
780.371615152	0.0258530217625
780.685774417	0.025852786548
780.999933682	0.0258525517898
781.314092948	0.0258523170448
781.628252213	0.0258520825331
781.942411479	0.0258518479715
782.256570744	0.0258516157249
782.570730009	0.025851383819
782.884889275	0.0258511495971
783.19904854	0.0258509160814
783.513207805	0.0258506840541
783.827367071	0.0258504514902
784.141526336	0.0258502232991
784.455685601	0.0258499993088
784.769844867	0.0258497713376
785.084004132	0.0258495371953
785.398163397	0.0258493036212
785.712322663	0.0258490706875
786.026481928	0.0258488363247
786.340641194	0.0258486015627
786.654800459	0.0258483686991
786.968959724	0.0258481373209
787.28311899	0.0258479060675
787.597278255	0.0258476749136
787.91143752	0.0258474438349
788.225596786	0.0258472129615
788.539756051	0.0258469844475
788.853915316	0.0258467554633
789.168074582	0.0258465241645
789.482233847	0.025846293961
789.796393113	0.0258460647557
790.110552378	0.0258458352977
790.424711643	0.0258456105421
790.738870909	0.0258453891254
791.053030174	0.0258451628203
791.367189439	0.0258449312967
791.681348705	0.0258447007983
791.99550797	0.0258444706488
792.309667235	0.0258442389055
792.623826501	0.0258440069521
792.937985766	0.0258437770258
793.252145031	0.0258435483953
793.566304297	0.0258433195914
793.880463562	0.0258430909214
794.194622828	0.0258428621141
794.508782093	0.0258426338573
794.822941358	0.0258424079461
795.137100624	0.0258421808644
795.451259889	0.0258419517682
795.765419154	0.0258417241692
796.07957842	0.0258414971486
796.393737685	0.0258412703552
796.70789695	0.0258410484922
797.022056216	0.0258408289895
797.336215481	0.0258406038537
797.650374747	0.0258403745608
797.964534012	0.0258401464136
798.278693277	0.0258399183264
798.592852543	0.0258396884816
798.907011808	0.0258394587497
799.221171073	0.0258392312235
799.535330339	0.0258390047884
799.849489604	0.0258387780416
800.163648869	0.0258385515117
800.477808135	0.0258383247483
800.7919674	0.0258380990179
801.106126665	0.0258378754707
801.420285931	0.0258376500858
801.734445196	0.0258374230528
802.048604462	0.0258371977598
802.362763727	0.02583697261
802.676922992	0.0258367481672
802.991082258	0.0258365287037
803.305241523	0.0258363105482
803.619400788	0.0258360863231
803.933560054	0.025835859032
804.247719319	0.0258356328594
804.561878584	0.0258354065921
804.87603785	0.0258351785358
805.190197115	0.0258349510037
805.50435638	0.0258347258234
805.818515646	0.0258345014948
806.132674911	0.0258342767676
806.446834177	0.0258340521944
806.760993442	0.0258338273104
807.075152707	0.025833603837
807.389311973	0.0258333821455
807.703471238	0.0258331580264
808.017630503	0.0258329328283
808.331789769	0.0258327094903
808.645949034	0.025832485944
808.960108299	0.0258322637049
809.274267565	0.0258320464593
809.58842683	0.0258318294506
809.902586096	0.0258316062609
810.216745361	0.0258313809807
810.530904626	0.0258311567319
810.845063892	0.0258309322012
811.159223157	0.0258307058063
811.473382422	0.0258304802924
811.787541688	0.0258302571462
812.101700953	0.0258300345487
812.415860218	0.0258298115362
812.730019484	0.0258295885523
813.044178749	0.0258293653374
813.358338014	0.0258291439027
813.67249728	0.0258289237637
813.986656545	0.0258287008368
814.300815811	0.0258284775022
814.614975076	0.0258282559591
814.929134341	0.025828033934
815.243293607	0.0258278137778
815.557452872	0.0258275983974
815.871612137	0.0258273820879
816.185771403	0.0258271597651
816.499930668	0.02582693609
816.814089933	0.0258267133101
817.128249199	0.0258264900665
817.442408464	0.0258262650012
817.756567729	0.0258260412611
818.070726995	0.0258258198994
818.38488626	0.0258255988079
818.699045526	0.025825377294
819.013204791	0.0258251556268
819.327364056	0.0258249338778
819.641523322	0.0258247141535
819.955682587	0.0258244950182
820.269841852	0.0258242728834
820.584001118	0.0258240509782
820.898160383	0.025823830631
821.212319648	0.0258236096278
821.526478914	0.025823391086
821.840638179	0.0258231769687
822.154797445	0.0258229608791
822.46895671	0.0258227392618
822.783115975	0.0258225168563
823.097275241	0.0258222952826
823.411434506	0.0258220730321
823.725593771	0.0258218490239
824.039753037	0.0258216267344
824.353912302	0.0258214067238
824.668071567	0.0258211866814
824.982230833	0.0258209661818
825.296390098	0.0258207453654
825.610549363	0.0258205247199
825.924708629	0.0258203062655
826.238867894	0.0258200876284
826.55302716	0.0258198661546
826.867186425	0.025819645542
827.18134569	0.0258194261818
827.495504956	0.0258192061775
827.809664221	0.0258189892338
828.123823486	0.0258187762464
828.437982752	0.0258185602758
828.752142017	0.0258183395093
829.066301282	0.0258181183303
829.380460548	0.0258178979409
829.694619813	0.0258176765909
830.008779078	0.0258174537051
830.322938344	0.025817232928
830.637097609	0.0258170143229
830.951256875	0.0258167955017
831.26541614	0.0258165762748
831.579575405	0.0258163566958
831.893734671	0.0258161376809
832.207893936	0.0258159209051
832.522053201	0.0258157032288
832.836212467	0.0258154830961
833.150371732	0.0258152642853
833.464530997	0.0258150463596
833.778690263	0.0258148279957
834.092849528	0.025814613168
834.407008794	0.0258144016509
834.721168059	0.0258141865151
835.035327324	0.0258139673817
835.34948659	0.0258137481082
835.663645855	0.0258135297228
835.97780512	0.0258133101741
836.291964386	0.0258130894316
836.606123651	0.025812871173
836.920282916	0.0258126549388
837.234442182	0.0258124383682
837.548601447	0.0258122214214
837.862760712	0.0258120041637
838.176919978	0.0258117878342
838.491079243	0.0258115736083
838.805238509	0.0258113578833
839.119397774	0.0258111402817
839.433557039	0.0258109243172
839.747716305	0.0258107088918
840.06187557	0.0258104934732
840.376034835	0.0258102819397
840.690194101	0.0258100729789
841.004353366	0.0258098601418
841.318512631	0.0258096440565
841.632671897	0.0258094280328
841.946831162	0.0258092128966
842.260990427	0.0258089963205
842.575149693	0.025808778979
842.889308958	0.0258085643704
843.203468224	0.0258083515834
843.517627489	0.0258081384428
843.831786754	0.0258079249298
844.14594602	0.0258077112502
844.460105285	0.0258074988552
844.77426455	0.025807288327
845.088423816	0.0258070757988
845.402583081	0.0258068620467
845.716742346	0.0258066500496
846.030901612	0.0258064382811
846.345060877	0.0258062269666
846.659220143	0.0258060196672
846.973379408	0.0258058140555
847.287538673	0.0258056046544
847.601697939	0.0258053925371
847.915857204	0.0258051805949
848.230016469	0.0258049694509
848.544175735	0.0258047566516
848.858335	0.025804543538
849.172494265	0.0258043332934
849.486653531	0.0258041246932
849.800812796	0.0258039157345
850.114972061	0.0258037062995
850.429131327	0.025803496842
850.743290592	0.0258032889146
851.057449858	0.0258030824412
851.371609123	0.0258028735252
851.685768388	0.0258026639696
851.999927654	0.025802456111
852.314086919	0.0258022481885
852.628246184	0.0258020411436
852.94240545	0.0258018380687
853.256564715	0.0258016359024
853.57072398	0.0258014302015
853.884883246	0.0258012221555
854.199042511	0.0258010144031
854.513201776	0.0258008072113
854.827361042	0.0258005981472
855.141520307	0.0258003891687
855.455679573	0.0258001830375
855.769838838	0.0257999783272
856.083998103	0.0257997731663
856.398157369	0.0257995673879
856.712316634	0.0257993617803
857.026475899	0.0257991578974
857.340635165	0.0257989549419
857.65479443	0.0257987492682
857.968953695	0.025798543534
858.283112961	0.0257983393027
858.597272226	0.025798134802
858.911431492	0.0257979315506
859.225590757	0.0257977320728
859.539750022	0.0257975328132
859.853909288	0.0257973302863
860.168068553	0.0257971256797
860.482227818	0.0257969215043
860.796387084	0.0257967174594
861.110546349	0.0257965114167
861.424705614	0.0257963058951
861.73886488	0.0257961031684
862.053024145	0.0257959016272
862.36718341	0.025795699535
862.681342676	0.0257954967445
862.995501941	0.0257952943387
863.309661207	0.0257950937865
863.623820472	0.025794893555
863.937979737	0.0257946905035
864.252139003	0.0257944878936
864.566298268	0.0257942864833
864.880457533	0.0257940846274
865.194616799	0.025793884424
865.508776064	0.0257936876264
865.822935329	0.0257934905513
866.137094595	0.0257932904852
866.45125386	0.0257930885903
866.765413125	0.0257928871739
867.079572391	0.0257926854144
867.393731656	0.0257924816957
867.707890922	0.0257922789353
868.022050187	0.0257920788749
868.336209452	0.0257918797337
868.650368718	0.0257916798813
868.964527983	0.0257914793202
869.278687248	0.0257912793282
869.592846514	0.0257910812341
869.907005779	0.0257908828734
870.221165044	0.0257906817571
870.53532431	0.0257904814726
870.849483575	0.025790282015
871.163642841	0.0257900821079
871.477802106	0.0257898841881
871.791961371	0.0257896893191
872.106120637	0.0257894937927
872.420279902	0.0257892955054
872.734439167	0.0257890956812
873.048598433	0.0257888962187
873.362757698	0.0257886959285
873.676916963	0.0257884938313
873.991076229	0.0257882930514
874.305235494	0.0257880948481
874.619394759	0.0257878973302
874.933554025	0.0257876989484
875.24771329	0.0257874999135
875.561872556	0.0257873016944
875.876031821	0.0257871053806
876.190191086	0.0257869082335
876.504350352	0.0257867084999
876.818509617	0.0257865098702
877.132668882	0.025786311719
877.446828148	0.0257861131902
877.760987413	0.0257859169118
878.075146678	0.0257857232215
878.389305944	0.0257855286639
878.703465209	0.0257853315194
879.017624474	0.0257851330974
879.33178374	0.0257849348399
879.645943005	0.0257847354221
879.960102271	0.0257845344062
880.274261536	0.025784335017
880.588420801	0.0257841381529
880.902580067	0.0257839418124
881.216739332	0.0257837444219
881.530898597	0.025783546411
881.845057863	0.0257833495205
882.159217128	0.0257831543961
882.473376393	0.0257829578895
882.787535659	0.0257827590657
883.101694924	0.025782561561
883.41585419	0.0257823642352
883.730013455	0.0257821667019
884.04417272	0.0257819715962
884.358331986	0.0257817786623
884.672491251	0.0257815848017
884.986650516	0.0257813884004
885.300809782	0.025781191027
885.614969047	0.0257809936072
885.929128312	0.0257807947294
886.243287578	0.025780594482
886.557446843	0.0257803961882
886.871606108	0.0257802004016
887.185765374	0.0257800049342
887.499924639	0.0257798082308
887.814083905	0.0257796110355
888.12824317	0.02577941529
888.442402435	0.0257792210692
888.756561701	0.0257790250651
889.070720966	0.0257788270956
889.384880231	0.0257786305473
889.699039497	0.0257784339688
890.013198762	0.025778237412
890.327358027	0.0257780433825
890.641517293	0.0257778511985
890.955676558	0.0257776580127
891.269835823	0.0257774623337
891.583995089	0.0257772660544
891.898154354	0.0257770694276
892.21231362	0.0257768710795
892.526472885	0.0257766717278
892.84063215	0.0257764746877
893.154791416	0.0257762801113
893.468950681	0.0257760855984
893.783109946	0.0257758897324
894.097269212	0.0257756936734
894.411428477	0.025775499348
894.725587742	0.0257753062211
895.039747008	0.0257751110572
895.353906273	0.0257749142672
895.668065539	0.0257747189025
895.982224804	0.0257745233822
896.296384069	0.0257743281451
896.610543335	0.0257741355108
896.9247026	0.0257739444501
897.238861865	0.0257737522878
897.553021131	0.0257735578105
897.867180396	0.0257733629773
898.181339661	0.0257731674802
898.495498927	0.0257729701868
898.809658192	0.0257727723393
899.123817457	0.0257725771056
899.437976723	0.0257723842274
899.752135988	0.0257721911567
900.066295254	0.0257719966851
900.380454519	0.0257718023822
900.694613784	0.0257716099979
901.00877305	0.0257714184448
901.322932315	0.0257712247209
901.63709158	0.0257710296986
901.951250846	0.0257708360888
902.265410111	0.0257706422627
902.579569376	0.0257704490583
902.893728642	0.0257702584696
903.207887907	0.0257700692357
903.522047172	0.0257698787723
903.836206438	0.0257696862996
904.150365703	0.0257694934601
904.464524969	0.0257692996199
904.778684234	0.0257691041638
905.092843499	0.0257689086534
905.407002765	0.025768715942
905.72116203	0.0257685254111
906.035321295	0.0257683344449
906.349480561	0.025768142153
906.663639826	0.0257679503979
906.977799091	0.0257677606353
907.291958357	0.0257675713369
907.606117622	0.0257673798393
907.920276888	0.0257671873536
908.234436153	0.0257669962461
908.548595418	0.0257668049217
908.862754684	0.025766614496
909.176913949	0.0257664266285
909.491073214	0.0257662399366
909.80523248	0.0257660518158
910.119391745	0.0257658620715
910.43355101	0.0257656717984
910.747710276	0.025765480327
911.061869541	0.0257652875114
911.376028806	0.0257650950806
911.690188072	0.0257649055556
912.004347337	0.025764718008
912.318506603	0.0257645297787
912.632665868	0.0257643403519
912.946825133	0.0257641517783
913.260984399	0.0257639651642
913.575143664	0.0257637786369
913.889302929	0.0257635899497
914.203462195	0.0257634005606
914.51762146	0.0257632125119
914.831780725	0.0257630242622
915.145939991	0.0257628371324
915.460099256	0.0257626524815
915.774258521	0.0257624687954
916.088417787	0.025762283432
916.402577052	0.0257620968467
916.716736318	0.0257619095089
917.030895583	0.0257617208432
917.345054848	0.0257615310598
917.659214114	0.0257613420451
917.973373379	0.0257611560222
918.287532644	0.0257609717059
918.60169191	0.0257607864725
918.915851175	0.0257606001919
919.23001044	0.025760415018
919.544169706	0.0257602317064
919.858328971	0.0257600481124
920.172488237	0.025759862425
920.486647502	0.0257596763016
920.800806767	0.0257594914601
921.114966033	0.0257593064746
921.429125298	0.0257591227278
921.743284563	0.0257589413859
922.057443829	0.0257587606364
922.371603094	0.025758578037
922.685762359	0.0257583946308
922.999921625	0.0257582101272
923.31408089	0.0257580242064
923.628240155	0.0257578374053
923.942399421	0.0257576517216
924.256558686	0.0257574690769
924.570717952	0.0257572878089
924.884877217	0.0257571054233
925.199036482	0.0257569221447
925.513195748	0.0257567401658
925.827355013	0.025756559932
926.141514278	0.0257563790529
926.455673544	0.0257561961462
926.769832809	0.025756013028
927.083992074	0.0257558311161
927.39815134	0.0257556491553
927.712310605	0.0257554684864
928.02646987	0.0257552900891
928.340629136	0.0257551117768
928.654788401	0.0257549316708
928.968947667	0.0257547509823
929.283106932	0.0257545688262
929.597266197	0.0257543852957
929.911425463	0.0257542010596
930.225584728	0.0257540182106
930.539743993	0.0257538384303
930.853903259	0.0257536597184
931.168062524	0.0257534797302
931.482221789	0.0257532989841
931.796381055	0.0257531196647
932.11054032	0.0257529419453
932.424699586	0.0257527631889
932.738858851	0.0257525824936
933.053018116	0.0257524018137
933.367177382	0.0257522222727
933.681336647	0.0257520427946
933.995495912	0.0257518646121
934.309655178	0.0257516884738
934.623814443	0.0257515118753
934.937973708	0.0257513338077
935.252132974	0.0257511550581
935.566292239	0.0257509745954
935.880451504	0.0257507928672
936.19461077	0.0257506105341
936.508770035	0.0257504298775
936.822929301	0.0257502522696
937.137088566	0.0257500754183
937.451247831	0.02574989716
937.765407097	0.0257497183193
938.079566362	0.0257495410058
938.393725627	0.0257493651019
938.707884893	0.0257491877842
939.022044158	0.0257490086822
939.336203423	0.0257488298346
939.650362689	0.0257486520134
939.964521954	0.0257484743548
940.278681219	0.0257482979653
940.592840485	0.0257481232203
940.90699975	0.025747947702
941.221159016	0.0257477711173
941.535318281	0.0257475935143
941.849477546	0.0257474140967
942.163636812	0.0257472335661
942.477796077	0.0257470525979
942.791955342	0.0257468736088
943.106114608	0.0257466975365
943.420273873	0.0257465219123
943.734433138	0.02574634475
944.048592404	0.025746167249
944.362751669	0.0257459913638
944.676910935	0.0257458166064
944.9910702	0.0257456401505
945.305229465	0.0257454622073
945.619388731	0.0257452847575
945.933547996	0.0257451081529
946.247707261	0.0257449318077
946.561866527	0.025744756702
946.876025792	0.0257445827304
947.190185057	0.0257444079455
947.504344323	0.0257442323659
947.818503588	0.0257440553411
948.132662853	0.0257438766113
948.446822119	0.0257436969381
948.760981384	0.0257435170383
949.07514065	0.0257433394136
949.389299915	0.0257431645246
949.70345918	0.0257429897344
950.017618446	0.0257428133051
950.331777711	0.0257426368896
950.645936976	0.025742462194
950.960096242	0.0257422882694
951.274255507	0.0257421124814
951.588414772	0.0257419355897
951.902574038	0.0257417593671
952.216733303	0.0257415838513
952.530892568	0.0257414086102
952.845051834	0.0257412346089
953.159211099	0.0257410612761
953.473370365	0.0257408872193
953.78752963	0.0257407124127
954.101688895	0.0257405358395
954.415848161	0.0257403578327
954.730007426	0.0257401790681
955.044166691	0.0257400003574
955.358325957	0.0257398241852
955.672485222	0.0257396505044
955.986644487	0.0257394765374
956.300803753	0.0257393009687
956.614963018	0.0257391258413
956.929122284	0.0257389524529
957.243281549	0.0257387794246
957.557440814	0.0257386045129
957.87160008	0.0257384289329
958.185759345	0.0257382541251
958.49991861	0.0257380798631
958.814077876	0.0257379060021
959.128237141	0.0257377332366
959.442396406	0.0257375607921
959.756555672	0.0257373878193
960.070714937	0.0257372139179
960.384874202	0.025737038085
960.699033468	0.0257368612051
961.013192733	0.0257366837418
961.327351999	0.0257365066348
961.641511264	0.0257363322812
961.955670529	0.0257361601084
962.269829795	0.0257359872622
962.58398906	0.0257358130267
962.898148325	0.0257356396405
963.212307591	0.0257354679049
963.526466856	0.0257352961133
963.840626121	0.0257351225729
964.154785387	0.0257349487646
964.468944652	0.0257347757611
964.783103917	0.0257346031579
965.097263183	0.0257344311157
965.411422448	0.0257342599553
965.725581714	0.0257340889066
966.039740979	0.0257339174642
966.353900244	0.0257337447215
966.66805951	0.0257335701483
966.982218775	0.0257333949289
967.29637804	0.0257332192182
967.610537306	0.0257330442342
967.924696571	0.0257328721647
968.238855836	0.0257327018621
968.553015102	0.025732530541
968.867174367	0.025732358207
969.181333633	0.0257321870387
969.495492898	0.0257320173056
969.809652163	0.025731847156
970.123811429	0.0257316755238
970.437970694	0.0257315039202
970.752129959	0.0257313330821
971.066289225	0.0257311625732
971.38044849	0.025730992647
971.694607755	0.0257308235132
972.008767021	0.0257306543661
972.322926286	0.0257304847193
972.637085551	0.0257303134037
972.951244817	0.0257301406066
973.265404082	0.0257299674383
973.579563348	0.025729793848
973.893722613	0.0257296214715
974.207881878	0.0257294520001
974.522041144	0.0257292837662
974.836200409	0.0257291143167
975.150359674	0.0257289443708
975.46451894	0.0257287757022
975.778678205	0.0257286081248
976.09283747	0.0257284399131
976.406996736	0.0257282705621
976.721156001	0.0257281014091
977.035315266	0.0257279329364
977.349474532	0.0257277647616
977.663633797	0.0257275971965
977.977793063	0.0257274302772
978.291952328	0.0257272632801
978.606111593	0.0257270955099
978.920270859	0.0257269258504
979.234430124	0.0257267550845
979.548589389	0.0257265841017
979.862748655	0.0257264128799
980.17690792	0.025726243328
980.491067185	0.0257260764549
980.805226451	0.0257259102894
981.119385716	0.0257257429459
981.433544982	0.025725575566
981.747704247	0.0257254093846
982.061863512	0.0257252439574
982.376022778	0.0257250778264
982.690182043	0.0257249109025
983.004341308	0.0257247442343
983.318500574	0.025724578145
983.632659839	0.025724412305
983.946819104	0.025724247156
984.26097837	0.0257240823615
984.575137635	0.0257239174488
984.8892969	0.0257237514893
985.203456166	0.0257235835439
985.517615431	0.0257234148368
985.831774697	0.0257232459987
986.145933962	0.0257230772078
986.460093227	0.0257229104183
986.774252493	0.0257227459195
987.088411758	0.0257225816787
987.402571023	0.0257224164919
987.716730289	0.0257222515824
988.030889554	0.0257220876857
988.345048819	0.0257219243001
988.659208085	0.0257217602482
988.97336735	0.0257215956629
989.287526615	0.0257214313131
989.601685881	0.02572126738
989.915845146	0.0257211038267
990.230004412	0.0257209408453
990.544163677	0.0257207779835
990.858322942	0.025720615002
991.172482208	0.0257204506616
991.486641473	0.0257202843839
991.800800738	0.0257201176505
992.114960004	0.0257199507863
992.429119269	0.0257197842913
992.743278534	0.0257196199968
993.0574378	0.0257194575553
993.371597065	0.0257192950095
993.685756331	0.025719131872
993.999915596	0.0257189692005
994.314074861	0.0257188073731
994.628234127	0.0257186458787
994.942393392	0.0257184837638
995.256552657	0.0257183212687
995.570711923	0.0257181589771
995.884871188	0.0257179969993
996.199030453	0.0257178355157
996.513189719	0.0257176743696
996.827348984	0.0257175133044
997.141508249	0.0257173519587
997.455667515	0.025717188954
997.76982678	0.0257170242553
998.083986046	0.0257168592668
998.398145311	0.0257166941315
998.712304576	0.0257165297952
999.026463842	0.0257163677391
999.340623107	0.0257162070172
999.654782372	0.0257160459819
999.968941638	0.0257158847918
1000.2831009	0.0257157241288
1000.59726017	0.0257155641593
1000.91141943	0.0257154044047
1001.2255787	0.0257152440456
1001.53973796	0.0257150833763
1001.85389723	0.0257149228533
1002.1680565	0.0257147626554
1002.48221576	0.025714602988
1002.79637503	0.0257144434466
1003.11053429	0.0257142839972
1003.42469356	0.0257141239678
1003.73885282	0.0257139621427
1004.05301209	0.0257137989204
1004.36717135	0.0257136354349
1004.68133062	0.0257134719311
1004.99548988	0.0257133096681
1005.30964915	0.0257131495732
1005.62380841	0.0257129903123
1005.93796768	0.0257128307264
1006.25212694	0.0257126713614
1006.56628621	0.0257125125053
1006.88044548	0.0257123542025
1007.19460474	0.0257121960016
1007.50876401	0.0257120372281
1007.82292327	0.025711878189
1008.13708254	0.0257117192725
1008.4512418	0.0257115607945
1008.76540107	0.0257114027315
1009.07956033	0.0257112447288
1009.3937196	0.0257110867382
1009.70787886	0.0257109277952
1010.02203813	0.0257107670628
1010.33619739	0.0257106051996
1010.65035666	0.0257104430825
1010.96451593	0.0257102811973
1011.27867519	0.0257101208832
1011.59283446	0.0257099624809
1011.90699372	0.025709804548
1012.22115299	0.0257096464589
1012.53531225	0.0257094888293
1012.84947152	0.0257093316293
1013.16363078	0.0257091748722
1013.47779005	0.0257090181164
1013.79194931	0.0257088608094
1014.10610858	0.0257087032317
1014.42026784	0.0257085458522
1014.73442711	0.0257083889828
1015.04858637	0.0257082323962
1015.36274564	0.0257080759185
1015.67690491	0.0257079192112
1015.99106417	0.0257077612235
1016.30522344	0.0257076015576
1016.6193827	0.0257074409885
1016.93354197	0.0257072802173
1017.24770123	0.0257071199468
1017.5618605	0.0257069614084
1017.87601976	0.0257068045043
1018.19017903	0.0257066478824
1018.50433829	0.025706491342
1018.81849756	0.025706335303
1019.13265682	0.0257061796426
1019.44681609	0.0257060243461
1019.76097536	0.0257058689485
1020.07513462	0.0257057130209
1020.38929389	0.025705556857
1020.70345315	0.0257054009769
1021.01761242	0.0257052455989
1021.33177168	0.0257050904299
1021.64593095	0.0257049353588
1021.96009021	0.025704779747
1022.27424948	0.025704622675
1022.58840874	0.0257044640704
1022.90256801	0.0257043047452
1023.21672727	0.0257041453426
1023.53088654	0.0257039866693
1023.8450458	0.0257038297409
1024.15920507	0.025703674194
1024.47336434	0.0257035188983
1024.7875236	0.0257033638821
1025.10168287	0.0257032093206
1025.41584213	0.0257030551257
1025.7300014	0.0257029011907
1026.04416066	0.0257027470759
1026.35831993	0.025702592489
1026.67247919	0.0257024377169
1026.98663846	0.0257022833194
1027.30079772	0.0257021293736
1027.61495699	0.0257019755465
1027.92911625	0.025701821752
1028.24327552	0.0257016671137
1028.55743479	0.0257015109302
1028.87159405	0.0257013533671
1029.18575332	0.0257011952808
1029.49991258	0.0257010372851
1029.81407185	0.0257008801681
1030.12823111	0.0257007247322
1030.44239038	0.0257005704985
1030.75654964	0.0257004165666
1031.07070891	0.025700263029
1031.38486817	0.0257001098909
1031.69902744	0.0256999571096
1032.0131867	0.0256998044825
1032.32734597	0.02569965164
1032.64150524	0.0256994983997
1032.9556645	0.0256993450512
1033.26982377	0.0256991921463
1033.58398303	0.025699039578
1033.8981423	0.0256988870971
1034.21230156	0.0256987344643
1034.52646083	0.0256985807693
1034.84062009	0.0256984255325
1035.15477936	0.0256982690468
1035.46893862	0.025698112244
1035.78309789	0.0256979557233
1036.09725715	0.0256978001902
1036.41141642	0.0256976462458
1036.72557568	0.0256974933773
1037.03973495	0.0256973409174
1037.35389422	0.0256971889029
1037.66805348	0.0256970372382
1037.98221275	0.0256968859005
1038.29637201	0.0256967346024
1038.61053128	0.0256965830757
1038.92469054	0.0256964312437
1039.23884981	0.0256962794211
1039.55300907	0.0256961280669
1039.86716834	0.0256959769507
1040.1813276	0.0256958258884
1040.49548687	0.0256956744074
1040.80964613	0.0256955217418
1041.1238054	0.0256953675888
1041.43796467	0.0256952123375
1041.75212393	0.0256950569598
1042.0662832	0.0256949020345
1042.38044246	0.0256947482098
1042.69460173	0.025694595889
1043.00876099	0.0256944445535
1043.32292026	0.0256942937023
1043.63707952	0.0256941433058
1043.95123879	0.0256939932336
1044.26539805	0.025693843438
1044.57955732	0.0256936935981
1044.89371658	0.0256935435619
1045.20787585	0.0256933933292
1045.52203511	0.0256932432187
1045.83619438	0.0256930935522
1046.15035365	0.0256929440667
1046.46451291	0.0256927944804
1046.77867218	0.0256926442146
1047.09283144	0.0256924927459
1047.40699071	0.0256923398402
1047.72114997	0.0256921860387
1048.03530924	0.0256920323128
1048.3494685	0.0256918792153
1048.66362777	0.0256917273103
1048.97778703	0.0256915767966
1049.2919463	0.0256914272052
1049.60610556	0.0256912781399
1049.92026483	0.0256911295148
1050.2344241	0.0256909811873
1050.54858336	0.025690833066
1050.86274263	0.0256906848594
1051.17690189	0.0256905365053
1051.49106116	0.0256903880645
1051.80522042	0.025690239846
1052.11937969	0.025690092028
1052.43353895	0.0256899443188
1052.74769822	0.025689796287
1053.06185748	0.0256896473803
1053.37601675	0.0256894973097
1053.69017601	0.0256893458638
1054.00433528	0.0256891937232
1054.31849454	0.0256890418621
1054.63265381	0.0256888907834
1054.94681308	0.0256887409447
1055.26097234	0.0256885924028
1055.57513161	0.0256884447258
1055.88929087	0.0256882975939
1056.20345014	0.0256881508621
1056.5176094	0.0256880044006
1056.83176867	0.0256878580659
1057.14592793	0.0256877116215
1057.4600872	0.0256875650809
1057.77424646	0.0256874185761
1058.08840573	0.0256872723219
1058.40256499	0.0256871264087
1058.71672426	0.0256869804824
1059.03088353	0.0256868340091
1059.34504279	0.0256866865858
1059.65920206	0.0256865380091
1059.97336132	0.0256863881828
1060.28752059	0.0256862378935
1060.60167985	0.0256860880007
1060.91583912	0.0256859390157
1061.22999838	0.0256857912881
1061.54415765	0.0256856447464
1061.85831691	0.0256854990248
1062.17247618	0.0256853538346
1062.48663544	0.0256852090078
1062.80079471	0.0256850644308
1063.11495397	0.0256849198761
1063.42911324	0.0256847752376
1063.74327251	0.0256846305458
1064.05743177	0.0256844859255
1064.37159104	0.025684341591
1064.6857503	0.0256841974938
1064.99990957	0.0256840532052
1065.31406883	0.0256839082208
1065.6282281	0.0256837622624
1065.94238736	0.0256836151374
1066.25654663	0.0256834669008
1066.57070589	0.0256833184341
1066.88486516	0.0256831704958
1067.19902442	0.0256830235403
1067.51318369	0.0256828777898
1067.82734296	0.0256827331254
1068.14150222	0.0256825892491
1068.45566149	0.0256824458891
1068.76982075	0.0256823028526
1069.08398002	0.0256821600047
1069.39813928	0.0256820171095
1069.71229855	0.025681874146
1070.02645781	0.0256817311474
1070.34061708	0.025681588263
1070.65477634	0.0256814456835
1070.96893561	0.0256813031874
1071.28309487	0.0256811603153
1071.59725414	0.0256810166379
1071.9114134	0.0256808719868
1072.22557267	0.0256807261299
1072.53973194	0.0256805793553
1072.8538912	0.0256804325851
1073.16805047	0.02568028644
1073.48220973	0.0256801413024
1073.796369	0.0256799972714
1074.11052826	0.0256798542482
1074.42468753	0.0256797119857
1074.73884679	0.0256795702041
1075.05300606	0.0256794287113
1075.36716532	0.0256792873446
1075.68132459	0.0256791459041
1075.99548385	0.0256790044166
1076.30964312	0.0256788629107
1076.62380239	0.0256787215592
1076.93796165	0.0256785804624
1077.25212092	0.0256784393037
1077.56628018	0.0256782975954
1077.88043945	0.0256781550168
1078.19459871	0.0256780114408
1078.50875798	0.0256778666728
1078.82291724	0.0256777212454
1079.13707651	0.025677576003
1079.45123577	0.0256774314322
1079.76539504	0.0256772878662
1080.0795543	0.0256771453211
1080.39371357	0.0256770037077
1080.70787283	0.0256768628151
1081.0220321	0.0256767223773
1081.33619137	0.0256765822137
1081.65035063	0.025676442118
1081.9645099	0.0256763019427
1082.27866916	0.0256761617433
1082.59282843	0.0256760215453
1082.90698769	0.0256758815233
1083.22114696	0.025675741669
1083.53530622	0.0256756015985
1083.84946549	0.025675460854
1084.16362475	0.0256753192227
1084.47778402	0.0256751765451
1084.79194328	0.0256750327867
1085.10610255	0.025674888639
1085.42026182	0.0256747447532
1085.73442108	0.0256746015959
1086.04858035	0.0256744594199
1086.36273961	0.0256743181799
1086.67689888	0.0256741778195
1086.99105814	0.0256740381449
1087.30521741	0.0256738989107
1087.61937667	0.0256737599376
1087.93353594	0.0256736209861
1088.2476952	0.0256734819853
1088.56185447	0.0256733429795
1088.87601373	0.02567320399
1089.190173	0.0256730651739
1089.50433227	0.0256729264255
1089.81849153	0.0256727873072
1090.1326508	0.0256726474434
1090.44681006	0.0256725066955
1090.76096933	0.0256723648576
1091.07512859	0.025672222137
1091.38928786	0.0256720792238
1091.70344712	0.0256719366293
1092.01760639	0.0256717948125
1092.33176565	0.0256716539366
1092.64592492	0.0256715139287
1092.96008418	0.0256713747553
1093.27424345	0.02567123624
1093.58840271	0.0256710981692
1093.90256198	0.0256709603301
1094.21672125	0.0256708224869
1094.53088051	0.0256706846451
1094.84503978	0.0256705468176
1095.15919904	0.0256704090154
1095.47335831	0.02567027136
1095.78751757	0.025670133653
1096.10167684	0.0256699954586
1096.4158361	0.0256698564964
1096.72999537	0.0256697166322
1097.04415463	0.0256695757033
1097.3583139	0.0256694340956
1097.67247316	0.025669292404
1097.98663243	0.0256691511121
1098.3007917	0.0256690106428
1098.61495096	0.0256688710346
1098.92911023	0.0256687322664
1099.24326949	0.0256685943178
1099.55742876	0.0256684570155
1099.87158802	0.0256683201433
1100.18574729	0.0256681834555
1100.49990655	0.025668046776
1100.81406582	0.0256679101363
1101.12822508	0.0256677735151
1101.44238435	0.0256676369269
1101.75654361	0.0256675004581
1102.07070288	0.0256673638156
1102.38486214	0.025667226618
1102.69902141	0.0256670886428
1103.01318068	0.0256669497304
1103.32733994	0.025666809834
1103.64149921	0.0256666694358
1103.95565847	0.025666529029
1104.26981774	0.0256663891222
1104.583977	0.0256662500285
1104.89813627	0.0256661117352
1105.21229553	0.025665974283
1105.5264548	0.0256658376451
1105.84061406	0.0256657016489
1106.15477333	0.0256655660521
1106.46893259	0.0256654306044
1106.78309186	0.0256652951901
1107.09725113	0.0256651598406
1107.41141039	0.0256650245184
1107.72556966	0.0256648892397
1108.03972892	0.0256647540125
1108.35388819	0.0256646185213
1108.66804745	0.0256644824431
1108.98220672	0.0256643455617
1109.29636598	0.0256642077041
1109.61052525	0.0256640690054
1109.92468451	0.0256639299434
1110.23884378	0.0256637909586
1110.55300304	0.0256636525479
1110.86716231	0.0256635149014
1111.18132157	0.0256633780375
1111.49548084	0.0256632420392
1111.80964011	0.025663106831
1112.12379937	0.0256629722451
1112.43795864	0.025662838042
1112.7521179	0.0256627039661
1113.06627717	0.0256625699588
1113.38043643	0.0256624360239
1113.6945957	0.0256623021049
1114.00875496	0.0256621682338
1114.32291423	0.0256620343302
1114.63707349	0.0256619001138
1114.95123276	0.0256617652707
1115.26539202	0.0256616295819
1115.57955129	0.0256614929354
1115.89371056	0.0256613556085
1116.20786982	0.0256612180045
1116.52202909	0.0256610805517
1116.83618835	0.0256609437511
1117.15034762	0.0256608076449
1117.46450688	0.0256606723073
1117.77866615	0.0256605378812
1118.09282541	0.0256604042313
1118.40698468	0.0256602711606
1118.72114394	0.0256601384328
1119.03530321	0.0256600058545
1119.34946247	0.0256598733531
1119.66362174	0.0256597409107
1119.977781	0.0256596084979
1120.29194027	0.0256594761217
1120.60609954	0.0256593436437
1120.9202588	0.0256592107919
1121.23441807	0.0256590772774
1121.54857733	0.0256589428748
1121.8627366	0.0256588075721
1122.17689586	0.025658671699
1122.49105513	0.0256585356374
1122.80521439	0.0256583998293
1123.11937366	0.0256582646344
1123.43353292	0.0256581301306
1123.74769219	0.0256579964334
1124.06185145	0.0256578636244
1124.37601072	0.025657731559
1124.69016999	0.0256576000535
1125.00432925	0.0256574688907
1125.31848852	0.0256573378225
1125.63264778	0.0256572068523
1125.94680705	0.0256570759466
1126.26096631	0.0256569450596
1126.57512558	0.0256568141555
1126.88928484	0.0256566831186
1127.20344411	0.025656551652
1127.51760337	0.0256564194759
1127.83176264	0.0256562863613
1128.1459219	0.0256561524665
1128.46008117	0.0256560180556
1128.77424043	0.0256558835561
1129.0883997	0.0256557493703
1129.40255897	0.0256556157644
1129.71671823	0.0256554828624
1130.0308775	0.0256553508147
1130.34503676	0.0256552196235
1130.65919603	0.0256550891205
1130.97335529	0.0256549591649
1131.28751456	0.0256548294868
1131.60167382	0.0256546998978
1131.91583309	0.0256545704125
1132.22999235	0.0256544409762
1132.54415162	0.0256543115325
1132.85831088	0.0256541820543
1133.17247015	0.0256540524037
1133.48662942	0.0256539222858
1133.80078868	0.0256537913872
1134.11494795	0.0256536595135
1134.42910721	0.025653526977
1134.74326648	0.0256533939795
1135.05742574	0.0256532609066
1135.37158501	0.0256531282811
1135.68574427	0.025652996218
1135.99990354	0.0256528648055
1136.3140628	0.025652734302
1136.62822207	0.0256526046526
1136.94238133	0.0256524756158
1137.2565406	0.0256523470584
1137.57069986	0.0256522187487
1137.88485913	0.0256520904964
1138.1990184	0.0256519623579
1138.51317766	0.0256518342783
1138.82733693	0.0256517061682
1139.14149619	0.0256515779922
1139.45565546	0.025651449592
1139.76981472	0.0256513206575
1140.08397399	0.0256511908745
1140.39813325	0.0256510601865
1140.71229252	0.0256509288535
1141.02645178	0.0256507971259
1141.34061105	0.0256506654478
1141.65477031	0.0256505342086
1141.96892958	0.025650403491
1142.28308885	0.0256502735062
1142.59724811	0.025650144462
1142.91140738	0.0256500161685
1143.22556664	0.0256498884319
1143.53972591	0.0256497611557
1143.85388517	0.0256496340597
1144.16804444	0.0256495070051
1144.4822037	0.0256493800723
1144.79636297	0.0256492531824
1145.11052223	0.0256491262574
1145.4246815	0.0256489992533
1145.73884076	0.0256488719791
1146.05300003	0.0256487441015
1146.36715929	0.0256486152984
1146.68131856	0.0256484856575
1146.99547783	0.0256483554127
1147.30963709	0.025648224842
1147.62379636	0.0256480944235
1147.93795562	0.0256479644151
1148.25211489	0.025647834909
1148.56627415	0.0256477061986
1148.88043342	0.0256475784213
1149.19459268	0.0256474513157
1149.50875195	0.0256473247546
1149.82291121	0.0256471986285
1150.13707048	0.0256470726158
1150.45122974	0.0256469466494
1150.76538901	0.0256468208108
1151.07954828	0.0256466949959
1151.39370754	0.0256465691319
1151.70786681	0.0256464431702
1152.02202607	0.0256463168965
1152.33618534	0.0256461899307
1152.6503446	0.0256460620195
1152.96450387	0.0256459333396
1153.27866313	0.0256458040851
1153.5928224	0.0256456745982
1153.90698166	0.0256455453268
1154.22114093	0.0256454164342
1154.53530019	0.0256452880812
1154.84945946	0.025645160589
1155.16361873	0.0256450339859
1155.47777799	0.0256449080021
1155.79193726	0.0256447825534
1156.10609652	0.0256446574833
1156.42025579	0.0256445324797
1156.73441505	0.0256444075431
1157.04857432	0.0256442827284
1157.36273358	0.0256441579148
1157.67689285	0.0256440330445
1157.99105211	0.0256439080656
1158.30521138	0.0256437827227
1158.61937064	0.0256436566
1158.93352991	0.0256435295529
1159.24768917	0.025643401779
1159.56184844	0.0256432734792
1159.87600771	0.0256431450648
1160.19016697	0.0256430168935
1160.50432624	0.0256428890837
1160.8184855	0.0256427618853
1161.13264477	0.0256426355971
1161.44680403	0.0256425101328
1161.7609633	0.0256423852464
1162.07512256	0.0256422608901
1162.38928183	0.0256421368439
1162.70344109	0.0256420128307
1163.01760036	0.0256418889127
1163.33175962	0.0256417651124
1163.64591889	0.0256416412987
1163.96007816	0.0256415174379
1164.27423742	0.0256413934621
1164.58839669	0.0256412690568
1164.90255595	0.0256411437949
1165.21671522	0.025641017658
1165.53087448	0.0256408908267
1165.84503375	0.0256407635344
1166.15919301	0.025640636228
1166.47335228	0.0256405091712
1166.78751154	0.025640382489
1167.10167081	0.025640256502
1167.41583007	0.0256401314384
1167.72998934	0.025640007124
1168.0441486	0.0256398833735
1168.35830787	0.0256397601228
1168.67246714	0.0256396371085
1168.9866264	0.0256395141263
1169.30078567	0.0256393912726
1169.61494493	0.0256392685204
1169.9291042	0.0256391457451
1170.24326346	0.0256390229474
1170.55742273	0.0256389000262
1170.87158199	0.0256387765872
1171.18574126	0.0256386522535
1171.49990052	0.0256385271005
1171.81405979	0.0256384012754
1172.12821905	0.0256382750815
1172.44237832	0.0256381489426
1172.75653759	0.0256380230447
1173.07069685	0.0256378975679
1173.38485612	0.025637772866
1173.69901538	0.0256376490765
1174.01317465	0.0256375259782
1174.32733391	0.0256374034335
1174.64149318	0.0256372813539
1174.95565244	0.0256371594453
1175.26981171	0.0256370375769
1175.58397097	0.0256369158602
1175.89813024	0.0256367942172
1176.2122895	0.0256366725529
1176.52644877	0.0256365508939
1176.84060803	0.0256364290811
1177.1547673	0.0256363066517
1177.46892657	0.025636183327
1177.78308583	0.0256360592243
1178.0972451	0.0256359344777
1178.41140436	0.0256358094667
1178.72556363	0.0256356845578
1179.03972289	0.0256355598815
1179.35388216	0.0256354356925
1179.66804142	0.0256353123337
1179.98220069	0.0256351898624
1180.29635995	0.0256350680306
1180.61051922	0.0256349467367
1180.92467848	0.0256348258682
1181.23883775	0.0256347051186
1181.55299702	0.025634584428
1181.86715628	0.0256344638962
1182.18131555	0.0256343434095
1182.49547481	0.0256342229204
1182.80963408	0.0256341024578
1183.12379334	0.0256339817853
1183.43795261	0.0256338604088
1183.75211187	0.0256337381611
1184.06627114	0.0256336151565
1184.3804304	0.0256334915561
1184.69458967	0.0256333677917
1185.00874893	0.0256332441403
1185.3229082	0.0256331207341
1185.63706746	0.0256329978939
1185.95122673	0.0256328759018
1186.265386	0.0256327547646
1186.57954526	0.0256326342151
1186.89370453	0.0256325141926
1187.20786379	0.0256323945486
1187.52202306	0.0256322749824
1187.83618232	0.0256321554984
1188.15034159	0.0256320361597
1188.46450085	0.0256319168417
1188.77866012	0.0256317975511
1189.09281938	0.025631678295
1189.40697865	0.0256315587422
1189.72113791	0.0256314384177
1190.03529718	0.0256313172576
1190.34945645	0.0256311953467
1190.66361571	0.0256310729236
1190.97777498	0.0256309504211
1191.29193424	0.0256308280285
1191.60609351	0.0256307059199
1191.92025277	0.0256305844345
1192.23441204	0.0256304638099
1192.5485713	0.0256303439962
1192.86273057	0.0256302247081
1193.17688983	0.0256301059307
1193.4910491	0.0256299874825
1193.80520836	0.0256298690816
1194.11936763	0.0256297507827
1194.43352689	0.0256296326091
1194.74768616	0.025629514448
1195.06184543	0.0256293963483
1195.37600469	0.0256292782708
1195.69016396	0.0256291597934
1196.00432322	0.0256290405016
1196.31848249	0.0256289204032
1196.63264175	0.0256287995656
1196.94680102	0.0256286783088
1197.26096028	0.0256285570344
1197.57511955	0.025628435876
1197.88927881	0.0256283150476
1198.20343808	0.0256281948816
1198.51759734	0.0256280755914
1198.83175661	0.0256279570398
1199.14591588	0.0256278389581
1199.46007514	0.0256277213725
1199.77423441	0.0256276040657
1200.08839367	0.0256274867862
1200.40255294	0.0256273696194
1200.7167122	0.0256272525648
1201.03087147	0.0256271355338
1201.34503073	0.0256270185956
1201.65919	0.0256269016413
1201.97334926	0.0256267841812
1202.28750853	0.025626665884
1202.60166779	0.0256265467916
1202.91582706	0.0256264269902
1203.22998632	0.0256263068712
1203.54414559	0.0256261867641
1203.85830486	0.0256260667976
1204.17246412	0.0256259472129
1204.48662339	0.0256258283241
1204.80078265	0.0256257103219
1205.11494192	0.0256255929626
1205.42910118	0.025625476032
1205.74326045	0.0256253595851
1206.05741971	0.025625243357
1206.37157898	0.0256251271371
1206.68573824	0.0256250110386
1206.99989751	0.0256248950429
1207.31405677	0.0256247791017
1207.62821604	0.0256246632766
1207.94237531	0.0256245473747
1208.25653457	0.0256244308701
1208.57069384	0.0256243135262
1208.8848531	0.0256241953835
1209.19901237	0.0256240765813
1209.51317163	0.0256239575535
1209.8273309	0.0256238385646
1210.14149016	0.0256237197535
1210.45564943	0.0256236013619
1210.76980869	0.0256234837161
1211.08396796	0.0256233669434
1211.39812722	0.0256232507064
1211.71228649	0.0256231348715
1212.02644576	0.0256230195016
1212.34060502	0.0256229042923
1212.65476429	0.0256227890773
1212.96892355	0.0256226739847
1213.28308282	0.0256225589986
1213.59724208	0.0256224441131
1213.91140135	0.0256223293537
1214.22556061	0.0256222144359
1214.53971988	0.0256220988388
1214.85387914	0.0256219824115
1215.16803841	0.0256218651771
1215.48219767	0.0256217473432
1215.79635694	0.0256216293591
1216.1105162	0.0256215114537
1216.42467547	0.0256213937529
1216.73883474	0.0256212765088
1217.052994	0.0256211600718
1217.36715327	0.025621044461
1217.68131253	0.0256209292858
1217.9954718	0.0256208145038
1218.30963106	0.0256207001592
1218.62379033	0.025620585921
1218.93794959	0.025620471665
1219.25210886	0.0256203575266
1219.56626812	0.0256202435133
1219.88042739	0.0256201296467
1220.19458665	0.0256200159045
1220.50874592	0.0256199019142
1220.82290519	0.0256197871867
1221.13706445	0.0256196716368
1221.45122372	0.0256195552727
1221.76538298	0.0256194383904
1222.07954225	0.0256193214213
1222.39370151	0.0256192045692
1222.70786078	0.0256190879368
1223.02202004	0.0256189718101
1223.33617931	0.0256188565593
1223.65033857	0.0256187420447
1223.96449784	0.0256186278718
1224.2786571	0.0256185141189
1224.59281637	0.025618400771
1224.90697563	0.0256182874545
1225.2211349	0.0256181741067
1225.53529417	0.0256180608892
1225.84945343	0.0256179478295
1226.1636127	0.0256178349503
1226.47777196	0.0256177221792
1226.79193123	0.0256176090712
1227.10609049	0.0256174951878
1227.42024976	0.0256173804841
1227.73440902	0.025617264979
1228.04856829	0.0256171490338
1228.36272755	0.0256170330663
1228.67688682	0.0256169172437
1228.99104608	0.0256168016381
1229.30520535	0.0256166866179
1229.61936462	0.0256165725041
1229.93352388	0.0256164590182
1230.24768315	0.0256163458241
1230.56184241	0.0256162330831
1230.87600168	0.0256161206878
1231.19016094	0.0256160082623
1231.50432021	0.0256158958045
1231.81847947	0.0256157834965
1232.13263874	0.0256156713817
1232.446798	0.0256155594717
1232.76095727	0.0256154476356
1233.07511653	0.0256153353707
1233.3892758	0.02561522231
1233.70343506	0.0256151084261
1234.01759433	0.0256149937776
1234.3317536	0.0256148787647
1234.64591286	0.0256147637977
1234.96007213	0.025614648978
1235.27423139	0.0256145343832
1235.58839066	0.0256144204732
1235.90254992	0.0256143074643
1236.21670919	0.0256141949632
1236.53086845	0.0256140827394
1236.84502772	0.0256139709967
1237.15918698	0.0256138595241
1237.47334625	0.0256137479705
1237.78750551	0.0256136364018
1238.10166478	0.0256135250053
1238.41582405	0.0256134138314
1238.72998331	0.0256133028812
1239.04414258	0.0256131919527
1239.35830184	0.0256130805007
1239.67246111	0.0256129682553
1239.98662037	0.0256128551821
1240.30077964	0.0256127413908
1240.6149389	0.0256126273319
1240.92909817	0.0256125133779
1241.24325743	0.0256123995526
1241.5574167	0.0256122859874
1241.87157596	0.0256121732041
1242.18573523	0.0256120612667
1242.49989449	0.0256119497258
1242.81405376	0.0256118384909
1243.12821303	0.0256117277349
1243.44237229	0.0256116171601
1243.75653156	0.0256115064804
1244.07069082	0.0256113958208
1244.38485009	0.0256112853538
1244.69900935	0.0256111751364
1245.01316862	0.0256110651549
1245.32732788	0.0256109551229
1245.64148715	0.0256108444779
1245.95564641	0.0256107330516
1246.26980568	0.0256106208012
1246.58396494	0.0256105078865
1246.89812421	0.0256103948138
1247.21228348	0.0256102818922
1247.52644274	0.0256101690687
1247.84060201	0.0256100565654
1248.15476127	0.0256099449266
1248.46892054	0.0256098340456
1248.7830798	0.0256097234702
1249.09723907	0.0256096132526
1249.41139833	0.0256095034745
1249.7255576	0.0256093937918
1250.03971686	0.0256092840096
1250.35387613	0.0256091742893
1250.66803539	0.025609064782
1250.98219466	0.0256089555505
1251.29635392	0.0256088465536
1251.61051319	0.0256087374166
1251.92467246	0.0256086275954
1252.23883172	0.0256085170056
1252.55299099	0.0256084055998
1252.86715025	0.0256082936002
1253.18130952	0.0256081815626
1253.49546878	0.0256080696934
1253.80962805	0.0256079578975
1254.12378731	0.0256078465096
1254.43794658	0.0256077360312
1254.75210584	0.0256076262001
1255.06626511	0.025607516613
1255.38042437	0.0256074074359
1255.69458364	0.0256072986347
1256.00874291	0.0256071898497
1256.32290217	0.0256070809963
1256.63706144	0.0256069722486
1256.9512207	0.0256068637364
1257.26537997	0.0256067555232
1257.57953923	0.0256066475258
1257.8936985	0.0256065392876
1258.20785776	0.0256064303209
1258.52201703	0.0256063205906
1258.83617629	0.0256062100559
1259.15033556	0.0256060990197
1259.46449482	0.025605988056
1259.77865409	0.0256058772517
1260.09281335	0.0256057665124
1260.40697262	0.0256056562955
1260.72113189	0.0256055469797
1261.03529115	0.025605438188
1261.34945042	0.0256053296275
1261.66360968	0.0256052215054
1261.97776895	0.0256051136683
1262.29192821	0.0256050057927
1262.60608748	0.0256048978972
1262.92024674	0.0256047901485
1263.23440601	0.0256046826554
1263.54856527	0.0256045754793
1263.86272454	0.0256044684891
1264.1768838	0.0256043611481
1264.49104307	0.0256042530521
1264.80520234	0.0256041441941
1265.1193616	0.0256040345452
1265.43352087	0.0256039245122
1265.74768013	0.0256038146393
1266.0618394	0.0256037048924
1266.37599866	0.0256035952329
1266.69015793	0.0256034862103
1267.00431719	0.0256033780371
1267.31847646	0.0256032702756
1267.63263572	0.025603162757
1267.94679499	0.0256030556738
1268.26095425	0.0256029487737
1268.57511352	0.0256028418179
1268.88927279	0.0256027348926
1269.20343205	0.0256026281348
1269.51759132	0.0256025216583
1269.83175058	0.0256024155157
1270.14590985	0.0256023095138
1270.46006911	0.0256022030466
1270.77422838	0.0256020958179
1271.08838764	0.0256019878239
1271.40254691	0.0256018790583
1271.71670617	0.025601770043
1272.03086544	0.0256016612468
1272.3450247	0.0256015525313
1272.65918397	0.0256014439548
1272.97334323	0.0256013361065
1273.2875025	0.0256012290286
1273.60166177	0.0256011222657
1273.91582103	0.0256010157759
1274.2299803	0.025600909691
1274.54413956	0.0256008036823
1274.85829883	0.0256006976246
1275.17245809	0.0256005916531
1275.48661736	0.0256004858589
1275.80077662	0.0256003803729
1276.11493589	0.0256002752344
1276.42909515	0.0256001701696
1276.74325442	0.0256000645348
1277.05741368	0.0255999581464
1277.37157295	0.0255998509762
1277.68573222	0.025599743075
1277.99989148	0.0255996350675
1278.31405075	0.0255995273002
1278.62821001	0.0255994195587
1278.94236928	0.0255993120552
1279.25652854	0.0255992053232
1279.57068781	0.0255990992699
1279.88484707	0.0255989934684
1280.19900634	0.0255988879737
1280.5131656	0.0255987828102
1280.82732487	0.0255986776388
1281.14148413	0.0255985724504
1281.4556434	0.0255984673827
1281.76980266	0.0255983625018
1282.08396193	0.0255982579597
1282.3981212	0.0255981537729
1282.71228046	0.0255980495724
1283.02643973	0.0255979447138
1283.34059899	0.0255978391225
1283.65475826	0.0255977327289
1283.96891752	0.0255976256712
1284.28307679	0.025597518638
1284.59723605	0.0255974118299
1284.91139532	0.0255973050098
1285.22555458	0.0255971985434
1285.53971385	0.0255970928586
1285.85387311	0.0255969877613
1286.16803238	0.0255968828663
1286.48219165	0.0255967783043
1286.79635091	0.025596673987
1287.11051018	0.0255965696088
1287.42466944	0.0255964652447
1287.73882871	0.0255963610219
1288.05298797	0.0255962570049
1288.36714724	0.0255961533603
1288.6813065	0.0255960500656
1288.99546577	0.0255959466513
1289.30962503	0.0255958425264
1289.6237843	0.025595737689
1289.93794356	0.0255956320231
1290.25210283	0.0255955257941
1290.56626209	0.0255954196969
1290.88042136	0.0255953137803
1291.19458063	0.0255952078451
1291.50873989	0.0255951023755
1291.82289916	0.0255949976681
1292.13705842	0.0255948934659
1292.45121769	0.0255947894309
1292.76537695	0.0255946857436
1293.07953622	0.0255945822171
1293.39369548	0.0255944785981
1293.70785475	0.0255943750244
1294.02201401	0.0255942716
1294.33617328	0.0255941684155
1294.65033254	0.0255940656346
1294.96449181	0.025593963179
1295.27865108	0.0255938604911
1295.59281034	0.0255937570757
1295.90696961	0.0255936529565
1296.22112887	0.0255935479871
1296.53528814	0.0255934425866
1296.8494474	0.025593337404
1297.16360667	0.0255932323244
1297.47776593	0.0255931272643
1297.7919252	0.0255930227656
1298.10608446	0.0255929189807
1298.42024373	0.0255928156373
1298.73440299	0.0255927124352
1299.04856226	0.0255926095779
1299.36272152	0.0255925068149
1299.67688079	0.0255924039403
1299.99104006	0.0255923011346
1300.30519932	0.0255921984929
1300.61935859	0.0255920961335
1300.93351785	0.0255919941979
1301.24767712	0.0255918925512
1301.56183638	0.0255917905593
1301.87599565	0.0255916878502
1302.19015491	0.0255915844291
1302.50431418	0.0255914801569
1302.81847344	0.0255913756084
1303.13263271	0.0255912713242
1303.44679197	0.0255911670553
1303.76095124	0.0255910628915
1304.07511051	0.0255909593452
1304.38926977	0.025590856457
1304.70342904	0.0255907539544
1305.0175883	0.0255906515797
1305.33174757	0.0255905495333
1305.64590683	0.0255904475222
1305.9600661	0.0255903454022
1306.27422536	0.025590243369
1306.58838463	0.0255901415196
1306.90254389	0.0255900399973
1307.21670316	0.0255899389139
1307.53086242	0.0255898380602
1307.84502169	0.0255897367587
1308.15918095	0.0255896347697
1308.47334022	0.0255895320423
1308.78749949	0.0255894284955
1309.10165875	0.0255893248334
1309.41581802	0.0255892214354
1309.72997728	0.025589117987
1310.04413655	0.0255890147483
1310.35829581	0.0255889121526
1310.67245508	0.0255888101583
1310.98661434	0.025588708492
1311.30077361	0.0255886069505
1311.61493287	0.0255885057175
1311.92909214	0.025588404465
1312.2432514	0.0255883031215
1312.55741067	0.0255882018825
1312.87156994	0.0255881008478
1313.1857292	0.0255880001853
1313.49988847	0.0255878999665
1313.81404773	0.0255877998989
1314.128207	0.0255876993033
1314.44236626	0.025587598051
1314.75652553	0.0255874960242
1315.07068479	0.0255873932462
1315.38484406	0.0255872905051
1315.69900332	0.0255871879858
1316.01316259	0.0255870853855
1316.32732185	0.0255869831087
1316.64148112	0.025586881461
1316.95564038	0.025586780367
1317.26979965	0.0255866795432
1317.58395892	0.0255865788494
1317.89811818	0.0255864784279
1318.21227745	0.0255863779509
1318.52643671	0.0255862774081
1318.84059598	0.0255861769798
1319.15475524	0.0255860767898
1319.46891451	0.0255859770135
1319.78307377	0.0255858776737
1320.09723304	0.0255857783894
1320.4113923	0.0255856785214
1320.72555157	0.0255855780219
1321.03971083	0.0255854767038
1321.3538701	0.0255853747429
1321.66802937	0.0255852729448
1321.98218863	0.0255851712935
1322.2963479	0.0255850695759
1322.61050716	0.0255849682816
1322.92466643	0.0255848675776
1323.23882569	0.0255847673935
1323.55298496	0.0255846674159
1323.86714422	0.0255845675774
1324.18130349	0.0255844679695
1324.49546275	0.0255843682898
1324.80962202	0.0255842685585
1325.12378128	0.0255841689534
1325.43794055	0.0255840696351
1325.75209981	0.0255839707643
1326.06625908	0.0255838723081
1326.38041835	0.0255837738003
1326.69457761	0.0255836746805
1327.00873688	0.0255835749371
1327.32289614	0.025583474336
1327.63705541	0.0255833732328
1327.95121467	0.0255832723759
1328.26537394	0.025583171582
1328.5795332	0.0255830707806
1328.89369247	0.0255829704659
1329.20785173	0.0255828706974
1329.522011	0.025582771429
1329.83617026	0.0255826722942
1330.15032953	0.0255825733053
1330.4644888	0.0255824745148
1330.77864806	0.0255823756425
1331.09280733	0.0255822767188
1331.40696659	0.0255821779409
1331.72112586	0.0255820795056
1332.03528512	0.0255819815425
1332.34944439	0.0255818839582
1332.66360365	0.0255817862123
1332.97776292	0.0255816878519
1333.29192218	0.0255815888546
1333.60608145	0.0255814889798
1333.92024071	0.0255813887576
1334.23439998	0.0255812888225
1334.54855925	0.0255811888708
1334.86271851	0.0255810889994
1335.17687778	0.0255809896477
1335.49103704	0.0255808908064
1335.80519631	0.025580792434
1336.11935557	0.0255806941172
1336.43351484	0.0255805959664
1336.7476741	0.0255804979853
1337.06183337	0.0255803999067
1337.37599263	0.0255803017744
1337.6901519	0.0255802038198
1338.00431116	0.0255801062685
1338.31847043	0.0255800092005
1338.63262969	0.0255799124603
1338.94678896	0.0255798154552
1339.26094823	0.0255797178485
1339.57510749	0.0255796195709
1339.88926676	0.0255795204205
1340.20342602	0.0255794210832
1340.51758529	0.0255793220292
1340.83174455	0.0255792229017
1341.14590382	0.0255791239551
1341.46006308	0.0255790255318
1341.77422235	0.0255789275962
1342.08838161	0.0255788300846
1342.40254088	0.0255787325526
1342.71670014	0.025578635217
1343.03085941	0.0255785380264
1343.34501868	0.0255784407112
1343.65917794	0.0255783433412
1343.97333721	0.0255782461952
1344.28749647	0.0255781495125
1344.60165574	0.0255780533104
1344.915815	0.0255779573678
1345.22997427	0.025577861076
1345.54413353	0.0255777642034
1345.8582928	0.0255776666073
1346.17245206	0.0255775681759
1346.48661133	0.025577469708
1346.80077059	0.0255773714785
1347.11492986	0.0255772731604
1347.42908912	0.0255771751147
1347.74324839	0.0255770775772
1348.05740766	0.0255769805088
1348.37156692	0.0255768838076
1348.68572619	0.0255767870328
1348.99988545	0.0255766904824
1349.31404472	0.0255765940414
1349.62820398	0.0255764974495
1349.94236325	0.0255764008125
1350.25652251	0.0255763044541
1350.57068178	0.0255762086116
1350.88484104	0.0255761132398
1351.19900031	0.0255760180419
1351.51315957	0.0255759224341
1351.82731884	0.0255758262659
1352.14147811	0.0255757293091
1352.45563737	0.0255756315952
1352.76979664	0.0255755339672
1353.0839559	0.0255754365058
1353.39811517	0.0255753389782
1353.71227443	0.0255752417975
1354.0264337	0.0255751451047
1354.34059296	0.0255750488669
1354.65475223	0.0255749529187
1354.96891149	0.0255748568736
1355.28307076	0.0255747610796
1355.59723002	0.0255746653507
1355.91138929	0.0255745694432
1356.22554855	0.0255744735154
1356.53970782	0.0255743779276
1356.85386709	0.0255742828967
1357.16802635	0.0255741883138
1357.48218562	0.0255740938131
1357.79634488	0.0255739988647
1358.11050415	0.0255739033668
1358.42466341	0.0255738070212
1358.73882268	0.0255737100243
1359.05298194	0.0255736131986
1359.36714121	0.0255735164644
1359.68130047	0.0255734197194
1359.99545974	0.0255733233648
1360.309619	0.0255732274805
1360.62377827	0.0255731320429
1360.93793754	0.0255730368036
1361.2520968	0.0255729414694
1361.56625607	0.0255728464049
1361.88041533	0.0255727513601
1362.1945746	0.0255726561118
1362.50873386	0.0255725608776
1362.82289313	0.0255724660515
1363.13705239	0.0255723718105
1363.45121166	0.0255722779815
1363.76537092	0.0255721841435
1364.07953019	0.0255720898424
1364.39368945	0.0255719949879
1364.70784872	0.0255718992421
1365.02200798	0.0255718029725
1365.33616725	0.0255717069168
1365.65032652	0.0255716108897
1365.96448578	0.0255715149228
1366.27864505	0.0255714193755
1366.59280431	0.0255713242788
1366.90696358	0.02557122961
1367.22112284	0.0255711350477
1367.53528211	0.0255710404238
1367.84944137	0.0255709460712
1368.16360064	0.0255708516912
1368.4777599	0.0255707570932
1368.79191917	0.0255706625497
1369.10607843	0.025570568488
1369.4202377	0.0255704750257
1369.73439697	0.0255703819305
1370.04855623	0.025570288736
1370.3627155	0.0255701950833
1370.67687476	0.0255701008582
1370.99103403	0.0255700057159
1371.30519329	0.0255699101848
1371.61935256	0.0255698148769
1371.93351182	0.0255697195561
1372.24767109	0.0255696243694
1372.56183035	0.0255695296222
1372.87598962	0.0255694353045
1373.19014888	0.0255693413854
1373.50430815	0.0255692474836
1373.81846741	0.0255691535797
1374.13262668	0.0255690599345
1374.44678595	0.0255689662098
1374.76094521	0.0255688722615
1375.07510448	0.0255687784256
1375.38926374	0.0255686851418
1375.70342301	0.0255685924512
1376.01758227	0.0255685000743
1376.33174154	0.0255684075205
1376.6459008	0.025568314528
1376.96006007	0.0255682209226
1377.27421933	0.025568126398
1377.5883786	0.0255680316192
1377.90253786	0.0255679370473
1378.21669713	0.0255678424482
1378.5308564	0.0255677480508
1378.84501566	0.025567654099
1379.15917493	0.0255675605597
1379.47333419	0.0255674673756
1379.78749346	0.0255673741346
1380.10165272	0.0255672809648
1380.41581199	0.0255671880227
1380.72997125	0.0255670949548
1381.04413052	0.0255670016672
1381.35828978	0.0255669085588
1381.67244905	0.0255668160657
1381.98660831	0.0255667241477
1382.30076758	0.0255666324792
1382.61492684	0.025566540575
1382.92908611	0.0255664482531
1383.24324538	0.0255663552587
1383.55740464	0.0255662613762
1383.87156391	0.0255661673628
1384.18572317	0.025566073522
1384.49988244	0.0255659796622
1384.8140417	0.0255658860625
1385.12820097	0.0255657929078
1385.44236023	0.0255657001414
1385.7565195	0.0255656076778
1386.07067876	0.0255655151088
1386.38483803	0.0255654226817
1386.69899729	0.025565330437
1387.01315656	0.0255652380294
1387.32731583	0.0255651454182
1387.64147509	0.0255650530598
1387.95563436	0.0255649613659
1388.26979362	0.0255648702209
1388.58395289	0.0255647792534
1388.89811215	0.0255646880093
1389.21227142	0.0255645963599
1389.52643068	0.0255645039645
1389.84058995	0.0255644107485
1390.15474921	0.0255643175043
1390.46890848	0.025564224388
1390.78306774	0.0255641312806
1391.09722701	0.0255640384847
1391.41138628	0.0255639461227
1391.72554554	0.0255638541226
1392.03970481	0.0255637623709
1392.35386407	0.0255636704837
1392.66802334	0.0255635787962
1392.9821826	0.0255634872455
1393.29634187	0.0255633954973
1393.61050113	0.0255633035727
1393.9246604	0.0255632119783
1394.23881966	0.0255631210835
1394.55297893	0.0255630307034
1394.86713819	0.0255629404258
1395.18129746	0.0255628498481
1395.49545672	0.0255627588627
1395.80961599	0.0255626670592
1396.12377526	0.0255625745282
1396.43793452	0.0255624820447
1396.75209379	0.0255623896464
1397.06625305	0.0255622972992
1397.38041232	0.0255622053038
1397.69457158	0.0255621137212
1398.00873085	0.0255620224762
1398.32289011	0.0255619314234
1398.63704938	0.0255618402223
1398.95120864	0.0255617492627
1399.26536791	0.0255616583949
1399.57952717	0.0255615673024
1399.89368644	0.0255614760697
1400.20784571	0.0255613852451
1400.52200497	0.0255612951431
1400.83616424	0.025561205512
1401.1503235	0.0255611159097
1401.46448277	0.0255610259963
1401.77864203	0.0255609356565
1402.0928013	0.0255608444371
1402.40696056	0.0255607526004
1402.72111983	0.0255606608594
1403.03527909	0.0255605691689
1403.34943836	0.025560477578
1403.66359762	0.0255603863732
1403.97775689	0.0255602955542
1404.29191615	0.0255602050439
1404.60607542	0.0255601146664
1404.92023469	0.0255600241557
1405.23439395	0.0255599339092
1405.54855322	0.0255598437095
1405.86271248	0.0255597532612
1406.17687175	0.0255596627193
1406.49103101	0.0255595726639
1406.80519028	0.02555948334
1407.11934954	0.0255593944333
1407.43350881	0.0255593054896
1407.74766807	0.0255592162341
1408.06182734	0.0255591265113
1408.3759866	0.0255590358662
1408.69014587	0.025558944724
1409.00430514	0.0255588537037
1409.3184644	0.02555876271
1409.63262367	0.0255586718686
1409.94678293	0.025558581438
1410.2609422	0.0255584913606
1410.57510146	0.0255584015644
1410.88926073	0.0255583118399
1411.20341999	0.0255582220153
1411.51757926	0.0255581324605
1411.83173852	0.0255580429095
1412.14589779	0.0255579530906
1412.46005705	0.0255578632321
1412.77421632	0.0255577739396
1413.08837558	0.0255576853711
1413.40253485	0.0255575971658
1413.71669412	0.0255575088617
1414.03085338	0.0255574202504
1414.34501265	0.0255573311158
1414.65917191	0.0255572410402
1414.97333118	0.0255571505867
1415.28749044	0.0255570602635
1415.60164971	0.0255569699566
1415.91580897	0.0255568798525
1416.22996824	0.025556790175
1416.5441275	0.0255567008115
1416.85828677	0.025556611704
1417.17244603	0.0255565226117
1417.4866053	0.0255564334674
1417.80076457	0.025556344582
1418.11492383	0.0255562556582
1418.4290831	0.0255561664547
1418.74324236	0.0255560772786
1419.05740163	0.0255559887395
1419.37156089	0.0255559009031
1419.68572016	0.0255558133728
1419.99987942	0.0255557256921
1420.31403869	0.0255556377078
1420.62819795	0.0255555491284
1420.94235722	0.0255554596204
1421.25651648	0.0255553698494
1421.57067575	0.025555280198
1421.88483501	0.0255551905685
1422.19899428	0.0255551011919
1422.51315355	0.0255550122421
1422.82731281	0.025554923568
1423.14147208	0.0255548351277
1423.45563134	0.025554746649
1423.76979061	0.0255546581768
1424.08394987	0.0255545699382
1424.39810914	0.0255544816215
1424.7122684	0.0255543930212
1425.02642767	0.0255543045293
1425.34058693	0.0255542167315
1425.6547462	0.0255541296046
1425.96890546	0.0255540427242
1426.28306473	0.0255539556538
1426.597224	0.0255538682763
1426.91138326	0.0255537802208
1427.22554253	0.0255536912821
1427.53970179	0.0255536021855
1427.85386106	0.0255535131856
1428.16802032	0.025553424226
1428.48217959	0.0255533355656
1428.79633885	0.0255532473213
1429.11049812	0.0255531593183
1429.42465738	0.0255530715212
1429.73881665	0.0255529836402
1430.05297591	0.0255528958317
1430.36713518	0.0255528082185
1430.68129444	0.0255527204886
1430.99545371	0.0255526324854
1431.30961298	0.0255525446772
1431.62377224	0.0255524576102
1431.93793151	0.0255523711757
1432.25209077	0.0255522849242
1432.56625004	0.0255521984521
1432.8804093	0.0255521116608
1433.19456857	0.0255520241067
1433.50872783	0.0255519357427
1433.8228871	0.0255518473057
1434.13704636	0.0255517589378
1434.45120563	0.0255516706433
1434.76536489	0.0255515826851
1435.07952416	0.0255514951254
1435.39368343	0.0255514077791
1435.70784269	0.0255513206069
1436.02200196	0.0255512333175
1436.33616122	0.0255511461616
1436.65032049	0.0255510591581
1436.96447975	0.025550972
1437.27863902	0.0255508845918
1437.59279828	0.0255507974699
1437.90695755	0.0255507111246
1438.22111681	0.025550625365
1438.53527608	0.0255505397213
1438.84943534	0.0255504538388
1439.16359461	0.025550367611
1439.47775387	0.0255502805456
1439.79191314	0.0255501927647
1440.10607241	0.0255501049727
1440.42023167	0.0255500172265
1440.73439094	0.0255499295926
1441.0485502	0.0255498423279
1441.36270947	0.0255497554358
1441.67686873	0.02554966873
1441.991028	0.0255495821668
1442.30518726	0.0255494954706
1442.61934653	0.0255494089572
1442.93350579	0.0255493225515
1443.24766506	0.025549235953
1443.56182432	0.0255491491445
1443.87598359	0.0255490627144
1444.19014286	0.0255489770807
1444.50430212	0.0255488919796
1444.81846139	0.025548806928
1445.13262065	0.0255487216273
1445.44677992	0.0255486359416
1445.76093918	0.0255485493612
1446.07509845	0.025548462173
1446.38925771	0.0255483750145
1446.70341698	0.0255482878865
1447.01757624	0.0255482009128
1447.33173551	0.0255481143345
1447.64589477	0.0255480280996
1447.96005404	0.0255479420246
1448.2742133	0.0255478560553
1448.58837257	0.0255477699576
1448.90253184	0.0255476840776
1449.2166911	0.0255475982623
1449.53085037	0.0255475122188
1449.84500963	0.0255474260183
1450.1591689	0.0255473402876
1450.47332816	0.0255472553559
1450.78748743	0.0255471708979
1451.10164669	0.0255470864302
1451.41580596	0.025547001709
1451.72996522	0.0255469165437
1452.04412449	0.0255468304503
1452.35828375	0.025546743866
1452.67244302	0.0255466573343
1452.98660229	0.0255465708239
1453.30076155	0.0255464845137
1453.61492082	0.025546398619
1453.92908008	0.0255463130301
1454.24323935	0.025546227578
1454.55739861	0.0255461421966
1454.87155788	0.0255460567098
1455.18571714	0.0255459714545
1455.49987641	0.0255458862206
1455.81403567	0.0255458007363
1456.12819494	0.0255457151577
1456.4423542	0.0255456301304
1456.75651347	0.0255455458903
1457.07067274	0.0255454620677
1457.384832	0.0255453781778
1457.69899127	0.0255452940322
1458.01315053	0.0255452093732
1458.3273098	0.0255451237787
1458.64146906	0.025545037808
1458.95562833	0.0255449518958
1459.26978759	0.0255448660098
1459.58394686	0.025544780369
1459.89810612	0.0255446951515
1460.21226539	0.0255446102003
1460.52642465	0.02554452537
1460.84058392	0.0255444405723
1461.15474318	0.0255443557051
1461.46890245	0.0255442710695
1461.78306172	0.0255441864133
1462.09722098	0.0255441014935
1462.41138025	0.0255440165486
1462.72553951	0.0255439322291
1463.03969878	0.0255438486748
1463.35385804	0.0255437654775
1463.66801731	0.025543682163
1463.98217657	0.0255435985872
1464.29633584	0.0255435144194
1464.6104951	0.025543429339
1464.92465437	0.0255433439885
1465.23881363	0.0255432586906
1465.5529729	0.0255431734356
1465.86713217	0.0255430884703
1466.18129143	0.025543003925
1466.4954507	0.0255429196044
1466.80960996	0.0255428353922
1467.12376923	0.0255427511752
1467.43792849	0.0255426669339
1467.75208776	0.0255425829116
1468.06624702	0.0255424988294
1468.38040629	0.0255424144764
1468.69456555	0.0255423301784
1469.00872482	0.0255422465701
1469.32288408	0.0255421636931
1469.63704335	0.0255420811067
1469.95120261	0.0255419983653
1470.26536188	0.0255419153492
1470.57952115	0.0255418316581
1470.89368041	0.0255417471068
1471.20783968	0.0255416623769
1471.52199894	0.0255415776879
1471.83615821	0.0255414930683
1472.15031747	0.0255414087772
1472.46447674	0.0255413248966
1472.778636	0.025541241198
1473.09279527	0.0255411576011
1473.40695453	0.0255410739575
1473.7211138	0.0255409903437
1474.03527306	0.0255409069274
1474.34943233	0.025540823412
1474.6635916	0.0255407396258
1474.97775086	0.0255406559849
1475.29191013	0.0255405730856
1475.60606939	0.0255404908705
1475.92022866	0.0255404088783
1476.23438792	0.0255403267034
1476.54854719	0.0255402442323
1476.86270645	0.0255401610036
1477.17686572	0.0255400769917
1477.49102498	0.0255399928785
1477.80518425	0.0255399087913
1478.11934351	0.0255398248056
1478.43350278	0.0255397411828
1478.74766204	0.0255396579511
1479.06182131	0.025539574863
1479.37598058	0.0255394918702
1479.69013984	0.0255394087946
1480.00429911	0.0255393258039
1480.31845837	0.0255392429769
1480.63261764	0.0255391600153
1480.9467769	0.0255390767979
1481.26093617	0.0255389938158
1481.57509543	0.0255389116139
1481.8892547	0.025538830043
1482.20341396	0.0255387486244
1482.51757323	0.0255386670043
1482.83173249	0.0255385850532
1483.14589176	0.0255385022762
1483.46005103	0.0255384188121
1483.77421029	0.0255383353023
1484.08836956	0.0255382518066
1484.40252882	0.0255381684491
1484.71668809	0.0255380854849
1485.03084735	0.0255380028838
1485.34500662	0.0255379203891
1485.65916588	0.0255378379818
1485.97332515	0.025537755468
1486.28748441	0.0255376730894
1486.60164368	0.0255375908328
1486.91580294	0.0255375084116
1487.22996221	0.0255374257578
1487.54412147	0.0255373434336
1487.85828074	0.0255372619101
1488.17244001	0.0255371809588
1488.48659927	0.0255371000915
1488.80075854	0.025537019009
1489.1149178	0.0255369375488
1489.42907707	0.0255368552133
1489.74323633	0.0255367722975
1490.0573956	0.0255366893745
1490.37155486	0.0255366064571
1490.68571413	0.025536523721
1490.99987339	0.0255364414039
1491.31403266	0.02553635941
1491.62819192	0.0255362774915
1491.94235119	0.02553619565
1492.25651046	0.0255361136888
1492.57066972	0.0255360319055
1492.88482899	0.0255359502024
1493.19898825	0.0255358683019
1493.51314752	0.0255357862093
1493.82730678	0.0255357045372
1494.14146605	0.0255356236692
1494.45562531	0.0255355433128
1494.76978458	0.0255354629751
1495.08394384	0.0255353824113
1495.39810311	0.0255353014169
1495.71226237	0.0255352195178
1496.02642164	0.0255351371471
1496.3405809	0.0255350547914
1496.65474017	0.0255349724447
1496.96889944	0.0255348903214
1497.2830587	0.0255348086316
1497.59721797	0.0255347272211
1497.91137723	0.0255346458643
1498.2255365	0.0255345645693
1498.53969576	0.0255344831536
1498.85385503	0.025534401947
1499.16801429	0.0255343207806
1499.48217356	0.0255342393876
1499.79633282	0.0255341578558
1500.11049209	0.0255340768285
1500.42465135	0.0255339965924
1500.73881062	0.0255339168052
1501.05296989	0.0255338369799
1501.36712915	0.0255337569223
1501.68128842	0.0255336763642
1501.99544768	0.0255335949032
1502.30960695	0.0255335130758
1502.62376621	0.0255334312751
1502.93792548	0.0255333494894
1503.25208474	0.0255332679763
1503.56624401	0.025533186896
1503.88040327	0.0255331060472
1504.19456254	0.0255330252419
1504.5087218	0.0255329444771
1504.82288107	0.0255328636054
1505.13704033	0.0255327829588
1505.4511996	0.0255327023147
1505.76535887	0.025532621423
1506.07951813	0.0255325404551
1506.3936774	0.0255324600658
1506.70783666	0.0255323804444
1507.02199593	0.0255323012073
1507.33615519	0.0255322218838
1507.65031446	0.0255321423176
1507.96447372	0.0255320621757
1508.27863299	0.0255319811583
1508.59279225	0.0255318998784
1508.90695152	0.0255318186194
1509.22111078	0.0255317373948
1509.53527005	0.0255316564878
1509.84942932	0.025531576008
1510.16358858	0.0255314957067
1510.47774785	0.0255314154444
1510.79190711	0.025531335195
1511.10606638	0.0255312548701
1511.42022564	0.0255311747739
1511.73438491	0.0255310946423
1512.04854417	0.0255310142495
1512.36270344	0.0255309338522
1512.6768627	0.0255308540997
1512.99102197	0.0255307750837
1513.30518123	0.0255306963828
1513.6193405	0.0255306175529
1513.93349977	0.0255305384696
1514.24765903	0.0255304587299
1514.5618183	0.0255303781727
1514.87597756	0.025530297437
1515.19013683	0.025530216713
1515.50429609	0.0255301360563
1515.81845536	0.0255300557568
1516.13261462	0.0255299758631
1516.44677389	0.025529896103
1516.76093315	0.0255298163846
1517.07509242	0.0255297366434
1517.38925168	0.0255296568708
1517.70341095	0.0255295773186
1518.01757021	0.0255294976944
1518.33172948	0.0255294178023
1518.64588875	0.0255293379854
1518.96004801	0.0255292588675
1519.27420728	0.0255291804496
1519.58836654	0.0255291022669
1519.90252581	0.0255290239297
1520.21668507	0.0255289453189
1520.53084434	0.0255288659786
1520.8450036	0.0255287858934
1521.15916287	0.0255287057027
1521.47332213	0.0255286255151
1521.7874814	0.0255285454341
1522.10164066	0.0255284657412
1522.41579993	0.0255283864225
1522.7299592	0.0255283071992
1523.04411846	0.0255282280266
1523.35827773	0.0255281487909
1523.67243699	0.0255280695749
1523.98659626	0.0255279905612
1524.30075552	0.0255279114407
1524.61491479	0.0255278320535
1524.92907405	0.0255277528286
1525.24323332	0.0255276743475
1525.55739258	0.0255275965094
1525.87155185	0.0255275188369
1526.18571111	0.02552744099
1526.49987038	0.0255273628424
1526.81402964	0.0255272839012
1527.12818891	0.0255272043031
1527.44234818	0.0255271246559
1527.75650744	0.0255270450074
1528.07066671	0.0255269655096
1528.38482597	0.025526886419
1528.69898524	0.0255268076677
1529.0131445	0.0255267289781
1529.32730377	0.0255266503474
1529.64146303	0.0255265716149
1529.9556223	0.0255264929602
1530.26978156	0.0255264144801
1530.58394083	0.0255263358585
1530.89810009	0.0255262569852
1531.21225936	0.0255261783629
1531.52641863	0.0255261005098
1531.84057789	0.0255260232384
1532.15473716	0.0255259460691
1532.46889642	0.0255258687147
1532.78305569	0.0255257910136
1533.09721495	0.025525712465
1533.41137422	0.0255256333716
1533.72553348	0.0255255542733
1534.03969275	0.0255254751613
1534.35385201	0.0255253962435
1534.66801128	0.0255253177561
1534.98217054	0.0255252395666
1535.29632981	0.0255251614069
1535.61048907	0.0255250833045
1535.92464834	0.0255250050784
1536.23880761	0.0255249269883
1536.55296687	0.0255248490331
1536.86712614	0.0255247709023
1537.1812854	0.0255246925471
1537.49544467	0.025524614535
1537.80960393	0.0255245372949
1538.1237632	0.0255244605879
1538.43792246	0.0255243839009
1538.75208173	0.0255243070345
1539.06624099	0.0255242297584
1539.38040026	0.0255241516217
1539.69455952	0.0255240730397
1540.00871879	0.0255239944738
1540.32287806	0.0255239158998
1540.63703732	0.0255238375717
1540.95119659	0.0255237596766
1541.26535585	0.0255236820279
1541.57951512	0.0255236043945
1541.89367438	0.0255235268174
1542.20783365	0.0255234490989
1542.52199291	0.0255233715616
1542.83615218	0.0255232941216
1543.15031144	0.0255232164764
1543.46447071	0.0255231386466
1543.77862997	0.0255230612345
1544.09278924	0.025522984606
1544.4069485	0.0255229084325
1544.72110777	0.0255228322247
1545.03526704	0.0255227558307
1545.3494263	0.025522678966
1545.66358557	0.0255226012403
1545.97774483	0.0255225231758
1546.2919041	0.025522445134
1546.60606336	0.0255223670941
1546.92022263	0.0255222893545
1547.23438189	0.025522212039
1547.54854116	0.025522134916
1547.86270042	0.0255220578055
1548.17685969	0.0255219807388
1548.49101895	0.0255219035276
1548.80517822	0.0255218265329
1549.11933749	0.0255217495967
1549.43349675	0.0255216724271
1549.74765602	0.0255215951227
1550.06181528	0.0255215183121
1550.37597455	0.0255214422716
1550.69013381	0.02552136661
1551.00429308	0.0255212908666
1551.31845234	0.0255212149378
1551.63261161	0.0255211384617
1551.94677087	0.0255210611541
1552.26093014	0.025520983607
1552.5750894	0.0255209060746
1552.88924867	0.0255208285701
1553.20340793	0.025520751413
1553.5175672	0.0255206746609
1553.83172647	0.0255205980477
1554.14588573	0.025520521453
1554.460045	0.02552044488
1554.77420426	0.0255203681764
1555.08836353	0.025520291712
1555.40252279	0.0255202152652
1555.71668206	0.0255201385596
1556.03084132	0.0255200617786
1556.34500059	0.0255199855705
1556.65915985	0.0255199100932
1556.97331912	0.0255198349222
1557.28747838	0.0255197596344
1557.60163765	0.0255196841582
1557.91579692	0.0255196080495
1558.22995618	0.0255195311659
1558.54411545	0.0255194541298
1558.85827471	0.0255193770943
1559.17243398	0.0255193001258
1559.48659324	0.0255192235392
1559.80075251	0.0255191473271
1560.11491177	0.0255190712161
1560.42907104	0.0255189951303
1560.7432303	0.02551891903
1561.05738957	0.025518842833
1561.37154883	0.0255187668899
1561.6857081	0.025518690918
1561.99986736	0.0255186146643
1562.31402663	0.0255185384176
1562.6281859	0.0255184627939
1562.94234516	0.0255183878641
1563.25650443	0.0255183131571
1563.57066369	0.0255182383245
1563.88482296	0.0255181632767
1564.19898222	0.0255180875224
1564.51314149	0.0255180110705
1564.82730075	0.0255179345375
1565.14146002	0.025517857989
1565.45561928	0.0255177815528
1565.76977855	0.0255177055278
1566.08393781	0.02551762984
1566.39809708	0.0255175542165
1566.71225635	0.0255174786347
1567.02641561	0.0255174029917
1567.34057488	0.025517327302
1567.65473414	0.0255172518619
1567.96889341	0.0255171763541
1568.28305267	0.0255171005554
1568.59721194	0.0255170248341
1568.9113712	0.0255169497862
1569.22553047	0.0255168753843
1569.53968973	0.0255168011308
1569.853849	0.0255167267387
1570.16800826	0.0255166520987
1570.48216753	0.0255165766948
1570.7963268	0.0255165006868
1571.11048606	0.0255164246465
1571.42464533	0.025516348578
1571.73880459	0.0255162726761
1572.05296386	0.0255161972017
1572.36712312	0.0255161220228
1572.68128239	0.0255160468801
1572.99544165	0.0255159717878
1573.30960092	0.0255158965951
1573.62376018	0.025515821412
1573.93791945	0.0255157464634
1574.25207871	0.0255156714067
1574.56623798	0.0255155960641
1574.88039724	0.0255155208737
1575.19455651	0.025515446389
1575.50871578	0.0255153724973
1575.82287504	0.0255152986819
1576.13703431	0.0255152247273
1576.45119357	0.0255151504731
1576.76535284	0.0255150754206
1577.0795121	0.0255149998656
1577.39367137	0.0255149243115
1577.70783063	0.0255148487212
1578.0219899	0.0255147733549
1578.33614916	0.0255146984226
1578.65030843	0.0255146237399
1578.96446769	0.0255145490741
1579.27862696	0.0255144744656
1579.59278623	0.025514399715
1579.90694549	0.0255143250411
1580.22110476	0.02551425058
1580.53526402	0.0255141759655
1580.84942329	0.0255141010762
1581.16358255	0.0255140264213
1581.47774182	0.0255139524967
1581.79190108	0.0255138790982
1582.10606035	0.0255138057085
1582.42021961	0.0255137321868
1582.73437888	0.0255136583044
1583.04853814	0.0255135836094
1583.36269741	0.0255135085174
1583.67685667	0.0255134334398
1583.99101594	0.0255133583318
1584.30517521	0.0255132835058
1584.61933447	0.0255132091061
1584.93349374	0.0255131349072
1585.247653	0.0255130607185
1585.56181227	0.025512986582
1585.87597153	0.0255129122785
1586.1901308	0.0255128381157
1586.50429006	0.0255127641291
1586.81844933	0.0255126899483
1587.13260859	0.0255126155195
1587.44676786	0.0255125414087
1587.76092712	0.0255124680317
1588.07508639	0.02551239511
1588.38924566	0.0255123221439
1588.70340492	0.0255122490511
1589.01756419	0.0255121755234
1589.33172345	0.0255121011972
1589.64588272	0.0255120265777
1589.96004198	0.02551195197
1590.27420125	0.025511877349
1590.58836051	0.025511803064
1590.90251978	0.025511729187
1591.21667904	0.0255116554618
1591.53083831	0.0255115817513
1591.84499757	0.0255115080791
1592.15915684	0.0255114342248
1592.4733161	0.0255113605724
1592.78747537	0.0255112870537
1593.10163464	0.0255112132998
1593.4157939	0.0255111393383
1593.72995317	0.0255110657746
1594.04411243	0.0255109929342
1594.3582717	0.0255109204726
1594.67243096	0.0255108479314
1594.98659023	0.0255107752591
1595.30074949	0.0255107020743
1595.61490876	0.0255106281312
1595.92906802	0.0255105539885
1596.24322729	0.025510479843
1596.55738655	0.0255104057149
1596.87154582	0.0255103319708
1597.18570509	0.0255102586063
1597.49986435	0.0255101853472
1597.81402362	0.0255101121148
1598.12818288	0.0255100388968
1598.44234215	0.0255099654985
1598.75650141	0.0255098923517
1599.07066068	0.0255098192903
1599.38481994	0.0255097459592
1599.69897921	0.0255096724734
1600.01313847	0.0255095994554
1600.32729774	0.0255095271396
1600.641457	0.0255094551234
1600.95561627	0.0255093830077
1601.26977553	0.0255093107421
1601.5839348	0.025509237894
1601.89809407	0.0255091643484
1602.21225333	0.0255090906818
1602.5264126	0.0255090169926
1602.84057186	0.0255089433634
1603.15473113	0.0255088701555
1603.46889039	0.0255087972913
1603.78304966	0.0255087244942
1604.09720892	0.0255086517379
1604.41136819	0.0255085789612
1604.72552745	0.0255085060266
1605.03968672	0.025508433378
1605.35384598	0.0255083607628
1605.66800525	0.0255082878504
1605.98216452	0.0255082148483
1606.29632378	0.0255081423724
1606.61048305	0.0255080705668
1606.92464231	0.0255079989819
1607.23880158	0.0255079272907
1607.55296084	0.0255078554159
1607.86712011	0.0255077829
1608.18127937	0.0255077097658
1608.49543864	0.0255076365697
1608.8095979	0.02550756333
1609.12375717	0.0255074902052
1609.43791643	0.0255074175258
1609.7520757	0.025507345148
1610.06623496	0.0255072728089
1610.38039423	0.0255072005258
1610.6945535	0.0255071281782
1611.00871276	0.0255070557143
1611.32287203	0.0255069835556
1611.63703129	0.0255069113743
1611.95119056	0.0255068388771
1612.26534982	0.0255067663644
1612.57950909	0.0255066944224
1612.89366835	0.0255066231104
1613.20782762	0.0255065519428
1613.52198688	0.0255064806724
1613.83614615	0.0255064091709
1614.15030541	0.0255063369862
1614.46446468	0.0255062642747
1614.77862395	0.02550619154
1615.09278321	0.0255061187466
1615.40694248	0.0255060461312
1615.72110174	0.0255059739699
1616.03526101	0.025505902063
1616.34942027	0.0255058301801
1616.66357954	0.0255057583628
1616.9777388	0.0255056864315
1617.29189807	0.0255056144458
1617.60605733	0.0255055427635
1617.9202166	0.0255054710006
1618.23437586	0.0255053989186
1618.54853513	0.0255053268996
1618.86269439	0.0255052554823
1619.17685366	0.0255051846431
1619.49101293	0.0255051138844
1619.80517219	0.0255050430275
1620.11933146	0.0255049718804
1620.43349072	0.0255049000299
1620.74764999	0.0255048277492
1621.06180925	0.0255047554645
1621.37596852	0.0255046831162
1621.69012778	0.0255046110094
1622.00428705	0.0255045393531
1622.31844631	0.0255044679037
1622.63260558	0.0255043964745
1622.94676484	0.025504325112
1623.26092411	0.0255042535896
1623.57508338	0.0255041820874
1623.88924264	0.0255041108669
1624.20340191	0.0255040395081
1624.51756117	0.025503967842
1624.83172044	0.0255038963179
1625.1458797	0.0255038254152
1625.46003897	0.0255037550266
1625.77419823	0.0255036846708
1626.0883575	0.0255036142165
1626.40251676	0.0255035434057
1626.71667603	0.0255034718958
1627.03083529	0.0255034000504
1627.34499456	0.0255033282032
1627.65915382	0.0255032563009
1627.97331309	0.0255031847019
1628.28747236	0.0255031135351
1628.60163162	0.0255030425317
1628.91579089	0.0255029715553
1629.22995015	0.025502900634
1629.54410942	0.0255028295163
1629.85826868	0.0255027584979
1630.17242795	0.0255026877233
1630.48658721	0.0255026167559
1630.80074648	0.0255025455078
1631.11490574	0.025502474478
1631.42906501	0.0255024040773
1631.74322427	0.025502334119
1632.05738354	0.0255022641639
1632.37154281	0.0255021940985
1632.68570207	0.0255021236091
1632.99986134	0.0255020524491
1633.3140206	0.0255019810404
1633.62817987	0.025501909619
1633.94233913	0.0255018381641
1634.2564984	0.0255017670689
1634.57065766	0.0255016963773
1634.88481693	0.0255016258096
1635.19897619	0.0255015552839
1635.51313546	0.0255014847886
1635.82729472	0.0255014140763
1636.14145399	0.0255013435409
1636.45561326	0.0255012731974
1636.76977252	0.0255012026091
1637.08393179	0.0255011317831
1637.39809105	0.0255010612463
1637.71225032	0.0255009913315
1638.02640958	0.025500921787
1638.34056885	0.025500852231
1638.65472811	0.0255007825372
1638.96888738	0.0255007123594
1639.28304664	0.0255006415595
1639.59720591	0.0255005705856
1639.91136517	0.0255004995792
1640.22552444	0.0255004285755
1640.5396837	0.0255003579785
1640.85384297	0.0255002877484
1641.16800224	0.0255002176085
1641.4821615	0.0255001475294
1641.79632077	0.0255000774467
1642.11048003	0.0255000071456
1642.4246393	0.025499937088
1642.73879856	0.0254998671617
1643.05295783	0.0254997969447
1643.36711709	0.0254997265444
1643.68127636	0.025499656497
1643.99543562	0.0254995870521
1644.30959489	0.0254995179078
1644.62375415	0.0254994487474
1644.93791342	0.0254993794061
1645.25207269	0.0254993095366
1645.56623195	0.0254992391106
1645.88039122	0.0254991685679
1646.19455048	0.025499097969
1646.50870975	0.0254990274202
1646.82286901	0.0254989573137
1647.13702828	0.0254988875325
1647.45118754	0.0254988178166
1647.76534681	0.0254987481778
1648.07950607	0.0254986784942
1648.39366534	0.0254986086145
1648.7078246	0.0254985390264
1649.02198387	0.0254984695013
1649.33614313	0.0254983996511
1649.6503024	0.0254983296817
1649.96446167	0.0254982601204
1650.27862093	0.0254981911297
1650.5927802	0.0254981223758
1650.90693946	0.0254980536042
1651.22109873	0.0254979845995
1651.53525799	0.0254979150414
1651.84941726	0.0254978450013
1652.16357652	0.0254977748828
1652.47773579	0.0254977046876
1652.79189505	0.0254976345988
1653.10605432	0.0254975649735
1653.42021358	0.0254974956298
1653.73437285	0.0254974263373
1654.04853212	0.0254973571321
1654.36269138	0.0254972878363
1654.67685065	0.0254972183898
1654.99100991	0.025497149261
1655.30516918	0.0254970801224
1655.61932844	0.025497010638
1655.93348771	0.0254969411059
1656.24764697	0.0254968720263
1656.56180624	0.0254968034736
1656.8759655	0.0254967351048
1657.19012477	0.0254966667105
1657.50428403	0.0254965980289
1657.8184433	0.0254965287904
1658.13260256	0.0254964591457
1658.44676183	0.0254963894434
1658.7609211	0.0254963196531
1659.07508036	0.0254962500307
1659.38923963	0.0254961808772
1659.70339889	0.0254961119603
1660.01755816	0.0254960430912
1660.33171742	0.025495974311
1660.64587669	0.025495905396
1660.96003595	0.0254958363922
1661.27419522	0.0254957677101
1661.58835448	0.0254956989447
1661.90251375	0.0254956298288
1662.21667301	0.0254955607407
1662.53083228	0.0254954921366
1662.84499155	0.0254954240075
1663.15915081	0.025495356021
1663.47331008	0.0254952879922
1663.78746934	0.0254952196254
1664.10162861	0.0254951507168
1664.41578787	0.0254950814726
1664.72994714	0.0254950121789
1665.0441064	0.0254949427969
1665.35826567	0.025494873646
1665.67242493	0.0254948049534
1665.9865842	0.0254947364539
1666.30074346	0.0254946680109
1666.61490273	0.0254945996447
1666.92906199	0.0254945311064
1667.24322126	0.0254944625539
1667.55738053	0.0254943943042
1667.87153979	0.0254943259015
1668.18569906	0.0254942571606
1668.49985832	0.0254941885218
1668.81401759	0.0254941203851
1669.12817685	0.0254940526665
1669.44233612	0.0254939850599
1669.75649538	0.0254939173846
1670.07065465	0.025493849329
1670.38481391	0.0254937807567
1670.69897318	0.025493711912
1671.01313244	0.0254936430227
1671.32729171	0.0254935740556
1671.64145098	0.0254935053776
1671.95561024	0.0254934371354
1672.26976951	0.0254933690487
1672.58392877	0.025493301032
1672.89808804	0.0254932330706
1673.2122473	0.0254931649073
1673.52640657	0.0254930968101
1673.84056583	0.0254930289781
1674.1547251	0.025492960929
1674.46888436	0.0254928925697
1674.78304363	0.0254928243826
1675.09720289	0.0254927567035
1675.41136216	0.025492689385
1675.72552142	0.025492622155
1676.03968069	0.0254925548215
1676.35383996	0.025492487079
1676.66799922	0.0254924188468
1676.98215849	0.0254923503966
1677.29631775	0.0254922819089
1677.61047702	0.0254922133662
1677.92463628	0.0254921451579
1678.23879555	0.0254920773532
1678.55295481	0.0254920096758
1678.86711408	0.0254919420837
1679.18127334	0.0254918745167
1679.49543261	0.0254918067303
1679.80959187	0.025491739088
1680.12375114	0.0254916716578
1680.43791041	0.0254916039557
1680.75206967	0.0254915359861
1681.06622894	0.0254914682504
1681.3803882	0.025491401016
1681.69454747	0.0254913340874
1682.00870673	0.0254912672291
1682.322866	0.0254912002264
1682.63702526	0.0254911327963
1682.95118453	0.0254910649086
1683.26534379	0.0254909968521
1683.57950306	0.0254909287611
1683.89366232	0.0254908606462
1684.20782159	0.0254907929017
1684.52198085	0.0254907255236
1684.83614012	0.0254906582534
1685.15029939	0.0254905910807
1685.46445865	0.025490523897
1685.77861792	0.0254904564928
1686.09277718	0.0254903893014
1686.40693645	0.0254903222567
1686.72109571	0.0254902548971
1687.03525498	0.0254901873222
1687.34941424	0.0254901200337
1687.66357351	0.0254900532299
1687.97773277	0.025489986681
1688.29189204	0.0254899201864
1688.6060513	0.0254898535044
1688.92021057	0.0254897863849
1689.23436984	0.0254897188444
1689.5485291	0.0254896511817
1689.86268837	0.0254895834845
1690.17684763	0.0254895157975
1690.4910069	0.0254894485085
1690.80516616	0.0254893815486
1691.11932543	0.0254893146831
1691.43348469	0.0254892479209
1691.74764396	0.0254891811095
1692.06180322	0.025489114095
1692.37596249	0.0254890473449
1692.69012175	0.0254889806678
1693.00428102	0.0254889136477
1693.31844029	0.0254888464696
1693.63259955	0.0254887796225
1693.94675882	0.0254887132356
1694.26091808	0.0254886470562
1694.57507735	0.0254885809157
1694.88923661	0.0254885145463
1695.20339588	0.0254884477349
1695.51755514	0.0254883805444
1695.83171441	0.0254883132755
1696.14587367	0.0254882459695
1696.46003294	0.0254881787079
1696.7741922	0.0254881118636
1697.08835147	0.025488045315
1697.40251073	0.02548797885
1697.71667	0.025487912487
1698.03082927	0.0254878460383
1698.34498853	0.0254877794205
1698.6591478	0.025487713098
1698.97330706	0.0254876467725
1699.28746633	0.0254875800908
1699.60162559	0.0254875133105
1699.91578486	0.0254874468979
1700.22994412	0.0254873809132
1700.54410339	0.0254873150957
1700.85826265	0.0254872492977
1701.17242192	0.0254871832323
1701.48658118	0.0254871167292
1701.80074045	0.0254870498919
1702.11489972	0.0254869830128
1702.42905898	0.0254869160936
1702.74321825	0.0254868492568
1703.05737751	0.0254867828482
1703.37153678	0.0254867167021
1703.68569604	0.0254866506336
1703.99985531	0.0254865846601
1704.31401457	0.0254865185659
1704.62817384	0.0254864523506
1704.9423331	0.025486386439
1705.25649237	0.0254863204504
1705.57065163	0.0254862541074
1705.8848109	0.0254861877255
1706.19897016	0.0254861217395
1706.51312943	0.0254860561424
1706.8272887	0.0254859906808
1707.14144796	0.0254859252135
1707.45560723	0.0254858594467
1707.76976649	0.0254857932525
1708.08392576	0.0254857267717
1708.39808502	0.0254856602785
1708.71224429	0.0254855937428
1709.02640355	0.0254855273306
1709.34056282	0.0254854613481
1709.65472208	0.0254853955952
1709.96888135	0.0254853299184
1710.28304061	0.025485264324
1710.59719988	0.0254851985786
1710.91135915	0.025485132771
1711.22551841	0.0254850672527
1711.53967768	0.0254850015898
1711.85383694	0.0254849355876
1712.16799621	0.0254848696059
1712.48215547	0.0254848040391
1712.79631474	0.025484738817
1713.110474	0.0254846737054
1713.42463327	0.0254846085571
1713.73879253	0.0254845430853
1714.0529518	0.0254844772015
1714.36711106	0.0254844110788
1714.68127033	0.0254843449676
1714.99542959	0.0254842788146
1715.30958886	0.0254842128265
1715.62374813	0.0254841472618
1715.93790739	0.0254840818953
1716.25206666	0.0254840166058
1716.56622592	0.0254839513822
1716.88038519	0.0254838859826
1717.19454445	0.0254838205855
1717.50870372	0.0254837554424
1717.82286298	0.0254836900975
1718.13702225	0.0254836244401
1718.45118151	0.0254835588593
1718.76534078	0.0254834937029
1719.07950004	0.0254834288455
1719.39365931	0.0254833640781
1719.70781858	0.0254832992389
1720.02197784	0.0254832340618
1720.33613711	0.0254831684909
1720.65029637	0.0254831027285
1720.96445564	0.0254830369956
1721.2786149	0.0254829712254
1721.59277417	0.0254829056613
1721.90693343	0.0254828405073
1722.2210927	0.0254827755219
1722.53525196	0.0254827106158
1722.84941123	0.0254826457556
1723.16357049	0.0254825807012
1723.47772976	0.0254825157142
1723.79188902	0.0254824509303
1724.10604829	0.0254823858992
1724.42020756	0.0254823205916
1724.73436682	0.0254822554124
1725.04852609	0.0254821906573
1725.36268535	0.025482126156
1725.67684462	0.0254820617266
1725.99100388	0.0254819971904
1726.30516315	0.0254819323087
1726.61932241	0.0254818670537
1726.93348168	0.0254818016534
1727.24764094	0.025481736296
1727.56180021	0.025481670909
1727.87595947	0.0254816057669
1728.19011874	0.0254815410167
1728.50427801	0.0254814764086
1728.81843727	0.0254814118808
1729.13259654	0.0254813473769
1729.4467558	0.0254812826712
1729.76091507	0.0254812180916
1730.07507433	0.0254811536535
1730.3892336	0.025481088934
1730.70339286	0.0254810239811
1731.01755213	0.0254809592038
1731.33171139	0.0254808948395
1731.64587066	0.0254808306879
1731.96002992	0.0254807665901
1732.27418919	0.025480702352
1732.58834845	0.0254806377657
1732.90250772	0.0254805728301
1733.21666699	0.0254805077941
1733.53082625	0.0254804428097
1733.84498552	0.0254803778065
1734.15914478	0.0254803130829
1734.47330405	0.0254802487307
1734.78746331	0.0254801844983
1735.10162258	0.0254801203437
1735.41578184	0.0254800561891
1735.72994111	0.025479991838
1736.04410037	0.0254799276589
1736.35825964	0.0254798635536
1736.6724189	0.0254797991448
1736.98657817	0.0254797345507
1737.30073744	0.0254796701724
1737.6148967	0.025479606188
1737.92905597	0.0254795423804
1738.24321523	0.025479478607
1738.5573745	0.0254794146633
1738.87153376	0.0254793503741
1739.18569303	0.0254792857624
1739.49985229	0.025479221092
1739.81401156	0.0254791564773
1740.12817082	0.0254790918596
1740.44233009	0.025479027551
1740.75648935	0.025478963589
1741.07064862	0.0254788997284
1741.38480788	0.0254788359426
1741.69896715	0.0254787721299
1742.01312642	0.0254787081392
1742.32728568	0.0254786443501
1742.64144495	0.0254785805664
1742.95560421	0.0254785164702
1743.26976348	0.025478452238
1743.58392274	0.0254783882539
1743.89808201	0.0254783246384
1744.21224127	0.02547826117
1744.52640054	0.0254781977135
1744.8405598	0.0254781340602
1745.15471907	0.0254780700692
1745.46887833	0.0254780057849
1745.7830376	0.0254779414809
1746.09719687	0.0254778772327
1746.41135613	0.0254778129998
1746.7255154	0.0254777491023
1747.03967466	0.0254776855243
1747.35383393	0.0254776220305
1747.66799319	0.0254775586067
1747.98215246	0.0254774951283
1748.29631172	0.0254774315037
1748.61047099	0.0254773680926
1748.92463025	0.0254773046207
1749.23878952	0.0254772408384
1749.55294878	0.0254771769678
1749.86710805	0.025477113374
1750.18126731	0.0254770501196
1750.49542658	0.0254769869803
1750.80958585	0.0254769238334
1751.12374511	0.0254768604651
1751.43790438	0.0254767967654
1751.75206364	0.0254767328159
1752.06622291	0.0254766688857
1752.38038217	0.0254766050022
1752.69454144	0.0254765411601
1753.0087007	0.0254764776719
1753.32285997	0.0254764144679
1753.63701923	0.0254763513308
1753.9511785	0.0254762882575
1754.26533776	0.0254762251052
1754.57949703	0.0254761618503
1754.8936563	0.0254760988021
1755.20781556	0.0254760356332
1755.52197483	0.0254759721655
1755.83613409	0.02547590866
1756.15029336	0.0254758454468
1756.46445262	0.0254757825354
1756.77861189	0.0254757197253
1757.09277115	0.025475656878
1757.40693042	0.0254755937975
1757.72108968	0.0254755304042
1758.03524895	0.0254754667929
1758.34940821	0.0254754032253
1758.66356748	0.0254753397085
1758.97772675	0.0254752762525
1759.29188601	0.0254752131684
1759.60604528	0.0254751503348
1759.92020454	0.0254750875496
1760.23436381	0.0254750248219
1760.54852307	0.0254749619903
1760.86268234	0.0254748991046
1761.1768416	0.0254748364005
1761.49100087	0.0254747735218
1761.80516013	0.0254747103713
1762.1193194	0.0254746472333
1762.43347866	0.0254745843827
1762.74763793	0.025474521814
1763.06179719	0.025474459326
1763.37595646	0.0254743967666
1763.69011573	0.0254743339729
1764.00427499	0.0254742708878
1764.31843426	0.0254742076228
1764.63259352	0.0254741444207
1764.94675279	0.0254740812544
1765.26091205	0.0254740181894
1765.57507132	0.0254739554983
1765.88923058	0.0254738930277
1766.20338985	0.0254738305944
1766.51754911	0.0254737682038
1766.83170838	0.025473705689
1767.14586764	0.0254736431723
1767.46002691	0.0254735807903
1767.77418618	0.0254735181944
1768.08834544	0.0254734553747
1768.40250471	0.0254733925852
1768.71666397	0.0254733301008
1769.03082324	0.025473267865
1769.3449825	0.025473205685
1769.65914177	0.0254731434149
1769.97330103	0.0254730809084
1770.2874603	0.0254730181291
1770.60161956	0.0254729552124
1770.91577883	0.0254728923742
1771.22993809	0.025472829561
1771.54409736	0.0254727668737
1771.85825662	0.0254727045734
1772.17241589	0.0254726424557
1772.48657516	0.0254725803674
1772.80073442	0.0254725183118
1773.11489369	0.0254724561167
1773.42905295	0.025472393959
1773.74321222	0.0254723318815
1774.05737148	0.0254722695787
1774.37153075	0.0254722070742
1774.68569001	0.0254721446372
1774.99984928	0.0254720825062
1775.31400854	0.0254720205953
1775.62816781	0.025471958725
1775.94232707	0.0254718967351
1776.25648634	0.025471834518
1776.57064561	0.0254717720442
1776.88480487	0.0254717094718
1777.19896414	0.0254716469941
1777.5131234	0.0254715845354
1777.82728267	0.0254715222333
1778.14144193	0.0254714603037
1778.4556012	0.0254713985378
1778.76976046	0.0254713367846
1779.08391973	0.0254712750551
1779.39807899	0.0254712131865
1779.71223826	0.0254711513782
1780.02639752	0.0254710896014
1780.34055679	0.0254710275861
1780.65471605	0.0254709653971
1780.96887532	0.0254709033118
1781.28303459	0.025470841522
1781.59719385	0.0254707799332
1781.91135312	0.0254707183639
1782.22551238	0.0254706566522
1782.53967165	0.0254705947209
1782.85383091	0.0254705325537
1783.16799018	0.0254704703244
1783.48214944	0.0254704081997
1783.79630871	0.0254703460945
1784.11046797	0.0254702841784
1784.42462724	0.0254702226241
1784.7387865	0.0254701611915
1785.05294577	0.0254700997747
1785.36710504	0.0254700383643
1785.6812643	0.0254699768165
1785.99542357	0.0254699153546
1786.30958283	0.0254698538779
1786.6237421	0.0254697921425
1786.93790136	0.0254697302791
1787.25206063	0.0254696685353
1787.56621989	0.0254696070788
1787.88037916	0.0254695458085
1788.19453842	0.0254694845317
1788.50869769	0.0254694230948
1788.82285695	0.0254693614522
1789.13701622	0.0254692995878
1789.45117548	0.0254692377036
1789.76533475	0.0254691759274
1790.07949402	0.0254691141729
1790.39365328	0.0254690526414
1790.70781255	0.0254689914526
1791.02197181	0.0254689303561
1791.33613108	0.0254688692679
1791.65029034	0.0254688081606
1791.96444961	0.0254687469422
1792.27860887	0.0254686858234
1792.59276814	0.0254686246245
1792.9069274	0.0254685631778
1793.22108667	0.0254685016401
1793.53524593	0.0254684402432
1793.8494052	0.0254683791248
1794.16356447	0.0254683181619
1794.47772373	0.0254682571677
1794.791883	0.0254681960082
1795.10604226	0.0254681346477
1795.42020153	0.025468073087
1795.73436079	0.0254680115483
1796.04852006	0.0254679501178
1796.36267932	0.0254678887137
1796.67683859	0.0254678275638
1796.99099785	0.0254677667276
1797.30515712	0.0254677059542
1797.61931638	0.0254676451951
1797.93347565	0.0254675843916
1798.24763491	0.0254675235051
1798.56179418	0.0254674627099
1798.87595345	0.0254674017961
1799.19011271	0.0254673406516
1799.50427198	0.0254672794335
1799.81843124	0.0254672183754
1800.13259051	0.0254671575912
1800.44674977	0.0254670969314
1800.76090904	0.0254670362127
1801.0750683	0.0254669753243
1801.38922757	0.0254669142473
1801.70338683	0.0254668529958
1802.0175461	0.0254667918034
1802.33170536	0.0254667307143
1802.64586463	0.0254666696594
1802.9600239	0.0254666088815
1803.27418316	0.0254665483885
1803.58834243	0.0254664879341
1803.90250169	0.0254664274973
1804.21666096	0.0254663669926
1804.53082022	0.0254663064384
1804.84497949	0.0254662459634
1805.15913875	0.0254661853318
1805.47329802	0.0254661244877
1805.78745728	0.0254660635955
1806.10161655	0.0254660028738
1806.41577581	0.0254659424126
1806.72993508	0.0254658820498
1807.04409434	0.0254658216018
1807.35825361	0.0254657609866
1807.67241288	0.0254657001899
1807.98657214	0.0254656392538
1808.30073141	0.0254655784071
1808.61489067	0.0254655176531
1808.92904994	0.0254654569487
1809.2432092	0.0254653965324
1809.55736847	0.0254653363727
1809.87152773	0.025465276237
1810.185687	0.025465216118
1810.49984626	0.0254651559092
1810.81400553	0.0254650956893
1811.12816479	0.0254650355211
1811.44232406	0.0254649751691
1811.75648333	0.0254649146231
1812.07064259	0.0254648540524
1812.38480186	0.0254647936684
1812.69896112	0.0254647335218
1813.01312039	0.0254646734431
1813.32727965	0.025464613264
1813.64143892	0.0254645529258
1813.95559818	0.0254644924101
1814.26975745	0.0254644317895
1814.58391671	0.0254643712882
1814.89807598	0.0254643108698
1815.21223524	0.0254642505072
1815.52639451	0.025464190447
1815.84055378	0.0254641306159
1816.15471304	0.0254640707975
1816.46887231	0.0254640109822
1816.78303157	0.0254639510725
1817.09719084	0.0254638911861
1817.4113501	0.0254638313158
1817.72550937	0.0254637712368
1818.03966863	0.0254637109901
1818.3538279	0.0254636507383
1818.66798716	0.0254635906847
1818.98214643	0.0254635308517
1819.29630569	0.0254634710519
1819.61046496	0.0254634111302
1819.92462422	0.0254633510707
1820.23878349	0.025463290839
1820.55294276	0.0254632305394
1820.86710202	0.0254631703805
1821.18126129	0.0254631102841
1821.49542055	0.0254630502662
1821.80957982	0.0254629905568
1822.12373908	0.0254629310439
1822.43789835	0.0254628715371
1822.75205761	0.0254628120224
1823.06621688	0.0254627524157
1823.38037614	0.025462692856
1823.69453541	0.0254626332696
1824.00869467	0.0254625734638
1824.32285394	0.0254625135136
1824.63701321	0.0254624535765
1824.95117247	0.0254623938501
1825.26533174	0.0254623343208
1825.579491	0.0254622747922
1825.89365027	0.0254622151407
1826.20780953	0.0254621553563
1826.5219688	0.0254620954029
1826.83612806	0.0254620354265
1827.15028733	0.0254619756037
1827.46444659	0.0254619158281
1827.77860586	0.0254618561526
1828.09276512	0.0254617967826
1828.40692439	0.0254617375815
1828.72108365	0.0254616783878
1829.03524292	0.0254616191662
1829.34940219	0.0254615598646
1829.66356145	0.0254615006223
1829.97772072	0.0254614413093
1830.29187998	0.0254613817751
1830.60603925	0.0254613221199
1830.92019851	0.0254612624965
1831.23435778	0.0254612030887
1831.54851704	0.0254611438504
1831.86267631	0.025461084591
1832.17683557	0.025461025209
1832.49099484	0.0254609657001
1832.8051541	0.0254609060273
1833.11931337	0.0254608463772
1833.43347264	0.0254607868826
1833.7476319	0.025460727419
1834.06179117	0.0254606680821
1834.37595043	0.0254606090424
1834.6901097	0.0254605501528
1835.00426896	0.0254604912724
1835.31842823	0.0254604323372
1835.63258749	0.0254603733445
1835.94674676	0.0254603144082
1836.26090602	0.0254602553597
1836.57506529	0.0254601961002
1836.88922455	0.0254601367382
1837.20338382	0.025460077424
1837.51754308	0.0254600183274
1837.83170235	0.025459959374
1838.14586162	0.0254599003781
1838.46002088	0.0254598412634
1838.77418015	0.0254597820248
1839.08833941	0.0254597226383
1839.40249868	0.0254596633155
1839.71665794	0.0254596041436
1840.03081721	0.0254595449886
1840.34497647	0.025459485988
1840.65913574	0.0254594272784
1840.973295	0.0254593686911
1841.28745427	0.0254593101085
1841.60161353	0.0254592514613
1841.9157728	0.0254591927764
1842.22993207	0.0254591341329
1842.54409133	0.0254590753404
1842.8582506	0.0254590163513
1843.17240986	0.0254589572803
1843.48656913	0.0254588982752
1843.80072839	0.0254588394867
1844.11488766	0.0254587808085
1844.42904692	0.0254587220753
1844.74320619	0.0254586632304
1845.05736545	0.0254586042605
1845.37152472	0.0254585451628
1845.68568398	0.0254584861691
1845.99984325	0.0254584273056
1846.31400251	0.0254583684612
1846.62816178	0.0254583097964
1846.94232105	0.0254582514038
1847.25648031	0.0254581931158
1847.57063958	0.0254581348304
1847.88479884	0.0254580764636
1848.19895811	0.025458018086
1848.51311737	0.0254579597214
1848.82727664	0.0254579011879
1849.1414359	0.0254578424735
1849.45559517	0.0254577836847
1849.76975443	0.0254577249839
1850.0839137	0.0254576664988
1850.39807296	0.0254576080902
1850.71223223	0.0254575496141
1851.0263915	0.0254574910403
1851.34055076	0.0254574323362
1851.65471003	0.0254573735325
1851.96886929	0.0254573148565
1852.28302856	0.0254572563006
1852.59718782	0.0254571977632
1852.91134709	0.0254571394232
1853.22550635	0.0254570813431
1853.53966562	0.0254570233558
1853.85382488	0.0254569653589
1854.16798415	0.0254569072733
1854.48214341	0.0254568492002
1854.79630268	0.0254567911082
1855.11046194	0.0254567328243
1855.42462121	0.0254566743812
1855.73878048	0.0254566158836
1856.05293974	0.0254565574824
1856.36709901	0.0254564992857
1856.68125827	0.0254564411418
1856.99541754	0.0254563829318
1857.3095768	0.0254563246257
1857.62373607	0.0254562661852
1857.93789533	0.0254562076755
1858.2520546	0.025456149322
1858.56621386	0.025456091064
1858.88037313	0.0254560328277
1859.19453239	0.0254559748099
1859.50869166	0.0254559170407
1859.82285093	0.0254558593464
1860.13701019	0.02545580163
1860.45116946	0.0254557438292
1860.76532872	0.0254556860541
1861.07948799	0.0254556282196
1861.39364725	0.0254555701851
1861.70780652	0.0254555120174
1862.02196578	0.0254554538007
1862.33612505	0.0254553957033
1862.65028431	0.0254553377906
1862.96444358	0.0254552799026
1863.27860284	0.0254552219548
1863.59276211	0.0254551639189
1863.90692137	0.0254551057413
1864.22108064	0.0254550475311
1864.53523991	0.0254549894906
1864.84939917	0.0254549315257
1865.16355844	0.0254548735937
1865.4777177	0.0254548158957
1865.79187697	0.0254547584293
1866.10603623	0.0254547010252
1866.4201955	0.0254546435854
1866.73435476	0.0254545860706
1867.04851403	0.0254545285849
1867.36267329	0.0254544709996
1867.67683256	0.0254544132169
1867.99099182	0.0254543553201
1868.30515109	0.0254542973858
1868.61931036	0.0254542395875
1868.93346962	0.0254541819507
1869.24762889	0.0254541243237
1869.56178815	0.0254540666379
1869.87594742	0.0254540088598
1870.19010668	0.0254539509473
1870.50426595	0.0254538930462
1870.81842521	0.0254538353097
1871.13258448	0.025453777626
1871.44674374	0.0254537200005
1871.76090301	0.0254536626224
1872.07506227	0.025453605452
1872.38922154	0.0254535483309
1872.7033808	0.0254534911634
1873.01754007	0.0254534339357
1873.33169934	0.0254533767267
1873.6458586	0.0254533193846
1873.96001787	0.0254532618568
1874.27417713	0.0254532042281
1874.5883364	0.0254531465718
1874.90249566	0.0254530890737
1875.21665493	0.0254530317048
1875.53081419	0.0254529743347
1875.84497346	0.0254529169121
1876.15913272	0.0254528593976
1876.47329199	0.0254528017477
1876.78745125	0.0254527441471
1877.10161052	0.0254526867124
1877.41576979	0.0254526293146
1877.72992905	0.0254525719916
1878.04408832	0.0254525149229
1878.35824758	0.0254524580475
1878.67240685	0.0254524012074
1878.98656611	0.0254523443085
1879.30072538	0.0254522873659
1879.61488464	0.0254522304236
1879.92904391	0.0254521733216
1880.24320317	0.0254521160527
1880.55736244	0.0254520586881
1880.8715217	0.0254520013103
1881.18568097	0.0254519441049
1881.49984024	0.0254518869974
1881.8139995	0.025451829885
1882.12815877	0.0254517727244
1882.44231803	0.0254517154654
1882.7564773	0.0254516580845
1883.07063656	0.0254516007874
1883.38479583	0.0254515436443
1883.69895509	0.0254514865285
1884.01311436	0.0254514295078
1884.32727362	0.0254513727509
1884.64143289	0.0254513161686
1884.95559215	0.0254512595992
1885.26975142	0.025451202963
1885.58391068	0.0254511463096
1885.89806995	0.0254510896218
1886.21222922	0.0254510327548
1886.52638848	0.0254509757453
1886.84054775	0.0254509186434
1887.15470701	0.0254508615441
1887.46886628	0.0254508046211
1887.78302554	0.025450747775
1888.09718481	0.0254506909196
1888.41134407	0.0254506340137
1888.72550334	0.0254505770073
1889.0396626	0.0254505199004
1889.35382187	0.0254504629057
1889.66798113	0.0254504060506
1889.9821404	0.0254503492102
1890.29629967	0.0254502924983
1890.61045893	0.0254502360473
1890.9246182	0.0254501797452
1891.23877746	0.0254501234395
1891.55293673	0.0254500670691
1891.86709599	0.0254500106906
1892.18125526	0.02544995425
1892.49541452	0.0254498976222
1892.80957379	0.0254498408658
1893.12373305	0.0254497840217
1893.43789232	0.0254497272061
1893.75205158	0.0254496705615
1894.06621085	0.025449613971
1894.38037011	0.0254495573708
1894.69452938	0.0254495007201
1895.00868865	0.0254494439653
1895.32284791	0.0254493871335
1895.63700718	0.0254493304391
1895.95116644	0.0254492738606
1896.26532571	0.0254492173033
1896.57948497	0.0254491608944
1896.89364424	0.0254491047418
1897.2078035	0.0254490487139
1897.52196277	0.0254489926667
1897.83612203	0.0254489365601
1898.1502813	0.0254488804578
1898.46444056	0.0254488242546
1898.77859983	0.0254487678678
1899.0927591	0.0254487113689
1899.40691836	0.0254486547753
1899.72107763	0.0254485982359
1900.03523689	0.0254485418661
1900.34939616	0.0254484855325
1900.66355542	0.025448429182
1900.97771469	0.0254483727805
1901.29187395	0.0254483162766
1901.60603322	0.0254482597243
1901.92019248	0.0254482033177
1902.23435175	0.0254481470186
1902.54851101	0.0254480907397
1902.86267028	0.0254480346279
1903.17682954	0.0254479787717
1903.49098881	0.0254479230133
1903.80514808	0.025447867218
1904.11930734	0.0254478113721
1904.43346661	0.0254477555393
1904.74762587	0.0254476995692
1905.06178514	0.0254476434238
1905.3759444	0.0254475871705
1905.69010367	0.0254475308341
1906.00426293	0.0254474745749
1906.3184222	0.0254474184657
1906.63258146	0.0254473623852
1906.94674073	0.0254473062868
1907.26089999	0.0254472501337
1907.57505926	0.0254471938801
1907.88921853	0.0254471376033
1908.20337779	0.0254470814874
1908.51753706	0.0254470254584
1908.83169632	0.0254469694551
1909.14585559	0.0254469136418
1909.46001485	0.025446858075
1909.77417412	0.0254468025749
1910.08833338	0.0254467470288
1910.40249265	0.025446691446
1910.71665191	0.0254466358685
1911.03081118	0.0254465801248
1911.34497044	0.0254465242196
1911.65912971	0.0254464682146
1911.97328897	0.02544641213
1912.28744824	0.0254463561506
1912.60160751	0.025446300305
1912.91576677	0.0254462444701
1913.22992604	0.0254461886145
1913.5440853	0.0254461327131
1913.85824457	0.0254460767075
1914.17240383	0.0254460207109
1914.4865631	0.0254459648737
1914.80072236	0.0254459091088
1915.11488163	0.0254458533826
1915.42904089	0.0254457978682
1915.74320016	0.025445742582
1916.05735942	0.0254456873315
1916.37151869	0.0254456320327
1916.68567796	0.0254455767137
1916.99983722	0.0254455213832
1917.31399649	0.025445465862
1917.62815575	0.0254454101952
1917.94231502	0.0254453544345
1918.25647428	0.0254452986058
1918.57063355	0.0254452429034
1918.88479281	0.0254451873094
1919.19895208	0.0254451317236
1919.51311134	0.0254450761157
1919.82727061	0.0254450204546
1920.14142987	0.0254449646991
1920.45558914	0.0254449089794
1920.7697484	0.0254448534153
1921.08390767	0.0254447979117
1921.39806694	0.0254447424638
1921.7122262	0.0254446872447
1922.02638547	0.025444632231
1922.34054473	0.0254445772263
1922.654704	0.0254445221721
1922.96886326	0.0254444671147
1923.28302253	0.0254444120202
1923.59718179	0.0254443567228
1923.91134106	0.0254443012949
1924.22550032	0.025444245774
1924.53965959	0.0254441902023
1924.85381885	0.0254441347707
1925.16797812	0.0254440794284
1925.48213739	0.0254440240889
1925.79629665	0.0254439687256
1926.11045592	0.0254439133052
1926.42461518	0.0254438577956
1926.73877445	0.0254438023491
1927.05293371	0.0254437470516
1927.36709298	0.0254436918081
1927.68125224	0.025443636641
1927.99541151	0.0254435817133
1928.30957077	0.0254435269636
1928.62373004	0.0254434722009
1928.9378893	0.0254434173896
1929.25204857	0.025443362594
1929.56620783	0.0254433077279
1929.8803671	0.0254432526527
1930.19452637	0.0254431974626
1930.50868563	0.0254431421794
1930.8228449	0.0254430868672
1931.13700416	0.0254430317011
1931.45116343	0.0254429766081
1931.76532269	0.0254429215126
1932.07948196	0.0254428663899
1932.39364122	0.0254428112074
1932.70780049	0.0254427559477
1933.02195975	0.0254427007731
1933.33611902	0.0254426457376
1933.65027828	0.0254425907553
1933.96443755	0.0254425358667
1934.27859682	0.025442481226
1934.59275608	0.0254424267335
1934.90691535	0.0254423722085
1935.22107461	0.0254423176389
1935.53523388	0.0254422631022
1935.84939314	0.0254422084543
1936.16355241	0.0254421536017
1936.47771167	0.0254420986484
1936.79187094	0.0254420435994
1937.1060302	0.0254419885477
1937.42018947	0.0254419336426
1937.73434873	0.0254418787954
1938.048508	0.02544182394
1938.36266727	0.0254417690558
1938.67682653	0.0254417141111
1938.9909858	0.0254416591014
1939.30514506	0.0254416041945
1939.61930433	0.0254415494205
1939.93346359	0.0254414946927
1940.24762286	0.0254414400905
1940.56178212	0.0254413857282
1940.87594139	0.0254413314797
1941.19010065	0.0254412771912
1941.50425992	0.0254412228687
1941.81841918	0.0254411685771
1942.13257845	0.0254411141403
1942.44673771	0.0254410595193
1942.76089698	0.0254410047969
1943.07505625	0.025440949979
1943.38921551	0.0254408951931
1943.70337478	0.0254408405454
1944.01753404	0.0254407859393
1944.33169331	0.0254407313217
1944.64585257	0.0254406766754
1944.96001184	0.0254406219648
1945.2741711	0.0254405672056
1945.58833037	0.0254405125652
1945.90248963	0.0254404580437
1946.2166489	0.0254404035778
1946.53080816	0.0254403492572
1946.84496743	0.0254402951636
1947.1591267	0.025440241156
1947.47328596	0.0254401871032
1947.78744523	0.0254401330262
1948.10160449	0.0254400789755
1948.41576376	0.0254400247505
1948.72992302	0.0254399703523
1949.04408229	0.0254399158637
1949.35824155	0.025439861278
1949.67240082	0.0254398067505
1949.98656008	0.0254397523564
1950.30071935	0.0254396979913
1950.61487861	0.0254396436078
1950.92903788	0.025439589194
1951.24319714	0.0254395347168
1951.55735641	0.025439480212
1951.87151568	0.0254394258291
1952.18567494	0.0254393715643
1952.49983421	0.0254393173577
1952.81399347	0.0254392633139
1953.12815274	0.0254392094845
1953.442312	0.0254391557155
1953.75647127	0.0254391018951
1954.07063053	0.0254390480614
1954.3847898	0.0254389942424
1954.69894906	0.0254389402245
1955.01310833	0.0254388860565
1955.32726759	0.0254388317942
1955.64142686	0.0254387774431
1955.95558613	0.0254387231783
1956.26974539	0.025438669028
1956.58390466	0.0254386148965
1956.89806392	0.0254385607473
1957.21222319	0.0254385065669
1957.52638245	0.0254384523203
1957.84054172	0.0254383980629
1958.15470098	0.025438343943
1958.46886025	0.025438289928
1958.78301951	0.0254382359795
1959.09717878	0.0254381822112
1959.41133804	0.0254381286391
1959.72549731	0.0254380751033
1960.03965657	0.0254380215093
1960.35381584	0.0254379679194
1960.66797511	0.0254379143241
1960.98213437	0.0254378605124
1961.29629364	0.0254378065712
1961.6104529	0.0254377525346
1961.92461217	0.0254376984241
1962.23877143	0.0254376444135
1962.5529307	0.0254375905058
1962.86708996	0.0254375366085
1963.18124923	0.0254374826865
1963.49540849	0.0254374287324
1963.80956776	0.0254373747195
1964.12372702	0.0254373207166
1964.43788629	0.0254372668461
1964.75204556	0.0254372130779
1965.06620482	0.0254371593948
1965.38036409	0.0254371058978
1965.69452335	0.025437052573
1966.00868262	0.0254369992647
1966.32284188	0.0254369458954
1966.63700115	0.025436892548
1966.95116041	0.025436839166
1967.26531968	0.0254367855603
1967.57947894	0.0254367318457
1967.89363821	0.0254366780322
1968.20779747	0.0254366241625
1968.52195674	0.0254365704043
1968.836116	0.0254365167374
1969.15027527	0.025436463066
1969.46443454	0.0254364093693
1969.7785938	0.0254363556434
1970.09275307	0.0254363018573
1970.40691233	0.0254362481026
1970.7210716	0.0254361944856
1971.03523086	0.0254361409652
1971.34939013	0.0254360875414
1971.66354939	0.0254360343109
1971.97770866	0.0254359812291
1972.29186792	0.0254359281436
1972.60602719	0.0254358749973
1972.92018645	0.0254358218895
1973.23434572	0.0254357687115
1973.54850499	0.0254357153163
1973.86266425	0.0254356618281
1974.17682352	0.0254356082352
1974.49098278	0.0254355546064
1974.80514205	0.0254355010956
1975.11930131	0.0254354476644
1975.43346058	0.0254353942175
1975.74761984	0.025435340744
1976.06177911	0.0254352872405
1976.37593837	0.0254352336836
1976.69009764	0.0254351801772
1977.0042569	0.0254351268086
1977.31841617	0.0254350735358
1977.63257543	0.0254350203731
1977.9467347	0.0254349674006
1978.26089397	0.0254349145539
1978.57505323	0.0254348616851
1978.8892125	0.0254348087631
1979.20337176	0.0254347558902
1979.51753103	0.025434702909
1979.83169029	0.0254346497272
1980.14584956	0.0254345964625
1980.46000882	0.0254345430898
1980.77416809	0.0254344897019
1981.08832735	0.0254344364341
1981.40248662	0.0254343832325
1981.71664588	0.0254343300068
1982.03080515	0.025434276754
1982.34496442	0.0254342234719
1982.65912368	0.0254341701467
1982.97328295	0.0254341168881
1983.28744221	0.0254340637645
1983.60160148	0.02543401074
1983.91576074	0.0254339578365
1984.22992001	0.0254339051174
1984.54407927	0.0254338525005
1984.85823854	0.0254337998412
1985.1723978	0.0254337471454
1985.48655707	0.0254336944973
1985.80071633	0.02543364171
1986.1148756	0.0254335887442
1986.42903486	0.0254335356996
1986.74319413	0.0254334825454
1987.0573534	0.025433429398
1987.37151266	0.025433376369
1987.68567193	0.0254333233918
1987.99983119	0.0254332703829
1988.31399046	0.0254332173493
1988.62814972	0.025433164287
1988.94230899	0.0254331111933
1989.25646825	0.0254330581814
1989.57062752	0.0254330053003
1989.88478678	0.0254329525226
1990.19894605	0.0254328998795
1990.51310531	0.025432847402
1990.82726458	0.0254327950051
1991.14142385	0.0254327425549
1991.45558311	0.0254326900867
1991.76974238	0.0254326376539
1992.08390164	0.0254325850547
1992.39806091	0.0254325323149
1992.71222017	0.0254324794842
1993.02637944	0.0254324265457
1993.3405387	0.0254323736398
1993.65469797	0.0254323208496
1993.96885723	0.0254322680906
1994.2830165	0.0254322152966
1994.59717576	0.0254321624798
1994.91133503	0.0254321096368
1995.22549429	0.0254320567767
1995.53965356	0.0254320040065
1995.85381283	0.025431951371
1996.16797209	0.0254318988368
1996.48213136	0.0254318464443
1996.79629062	0.0254317942062
1997.11044989	0.0254317420233
1997.42460915	0.0254316897804
1997.73876842	0.0254316375412
1998.05292768	0.0254315853162
1998.36708695	0.0254315329121
1998.68124621	0.0254314803909
1998.99540548	0.0254314277726
1999.30956474	0.0254313750552
1999.62372401	0.0254313223848
1999.93788328	0.0254312698263
2000.25204254	0.0254312172844
2000.56620181	0.0254311647012
2000.88036107	0.025431112099
2001.19452034	0.025431059477
2001.5086796	0.0254310068467
2001.82283887	0.0254309543223
2002.13699813	0.025430901925
2002.4511574	0.0254308496318
2002.76531666	0.025430797488
2003.07947593	0.0254307454852
2003.39363519	0.0254306935092
2003.70779446	0.0254306414746
2004.02195373	0.0254305894609
2004.33611299	0.0254305374371
2004.65027226	0.0254304852311
2004.96443152	0.0254304329291
2005.27859079	0.0254303805201
2005.59275005	0.0254303280214
2005.90690932	0.0254302755869
2006.22106858	0.0254302232562
2006.53522785	0.025430170921
2006.84938711	0.0254301185476
2007.16354638	0.0254300661651
2007.47770564	0.0254300137575
2007.79186491	0.0254299613608
2008.10602417	0.0254299090764
2008.42018344	0.0254298569155
2008.73434271	0.0254298048659
2009.04850197	0.0254297529659
2009.36266124	0.0254297011886
2009.6768205	0.0254296494166
2009.99097977	0.0254295975922
2010.30513903	0.0254295457986
2010.6192983	0.0254294939704
2010.93345756	0.0254294419666
2011.24761683	0.0254293898785
2011.56177609	0.025429337675
2011.87593536	0.0254292853986
2012.19009462	0.0254292332017
2012.50425389	0.0254291810886
2012.81841316	0.0254291289611
2013.13257242	0.0254290767982
2013.44673169	0.025429024628
2013.76089095	0.0254289724398
2014.07505022	0.0254289202717
2014.38920948	0.0254288682242
2014.70336875	0.0254288163017
2015.01752801	0.0254287644949
2015.33168728	0.0254287128303
2015.64584654	0.0254286612713
2015.96000581	0.0254286097008
2016.27416507	0.0254285580851
2016.58832434	0.0254285065065
2016.9024836	0.02542845487
2017.21664287	0.025428403073
2017.53080214	0.0254283511954
2017.8449614	0.0254282991937
2018.15912067	0.0254282471411
2018.47327993	0.0254281951801
2018.7874392	0.0254281432827
2019.10159846	0.0254280913572
2019.41575773	0.0254280394013
2019.72991699	0.0254279874424
2020.04407626	0.0254279354677
2020.35823552	0.0254278835281
2020.67239479	0.0254278317178
2020.98655405	0.0254277800324
2021.30071332	0.0254277284666
2021.61487259	0.025427677033
2021.92903185	0.0254276256874
2022.24319112	0.0254275743184
2022.55735038	0.0254275229104
2022.87150965	0.0254274715416
2023.18566891	0.0254274200939
2023.49982818	0.0254273685039
2023.81398744	0.0254273168299
2024.12814671	0.0254272650306
2024.44230597	0.0254272132046
2024.75646524	0.0254271614774
2025.0706245	0.0254271097893
2025.38478377	0.0254270580643
2025.69894303	0.0254270063166
2026.0131023	0.0254269545683
2026.32726157	0.0254269028065
2026.64142083	0.0254268510967
2026.9555801	0.0254267995198
2027.26973936	0.0254267480664
2027.58389863	0.0254266967382
2027.89805789	0.0254266455324
2028.21221716	0.025426594393
2028.52637642	0.0254265432246
2028.84053569	0.0254264920233
2029.15469495	0.0254264408556
2029.46885422	0.025426389596
2029.78301348	0.0254263382139
2030.09717275	0.0254262867382
2030.41133202	0.0254262351416
2030.72549128	0.0254261835447
2031.03965055	0.0254261320462
2031.35380981	0.0254260805625
2031.66796908	0.0254260290361
2031.98212834	0.0254259774968
2032.29628761	0.0254259259562
2032.61044687	0.0254258744062
2032.92460614	0.0254258229249
2033.2387654	0.0254257715795
2033.55292467	0.025425720357
2033.86708393	0.0254256692647
2034.1812432	0.025425618281
2034.49540246	0.0254255673466
2034.80956173	0.0254255163723
2035.123721	0.0254254653815
2035.43788026	0.0254254144106
2035.75203953	0.0254253633384
2036.06619879	0.0254253121569
2036.38035806	0.0254252608755
2036.69451732	0.0254252094835
2037.00867659	0.0254251581162
2037.32283585	0.0254251068361
2037.63699512	0.0254250555551
2037.95115438	0.0254250042299
2038.26531365	0.0254249528962
2038.57947291	0.0254249015594
2038.89363218	0.025424850222
2039.20779145	0.0254247989707
2039.52195071	0.0254247478509
2039.83610998	0.0254246968585
2040.15026924	0.0254246459927
2040.46442851	0.0254245952235
2040.77858777	0.0254245444906
2041.09274704	0.0254244937122
2041.4069063	0.0254244429274
2041.72106557	0.0254243921477
2042.03522483	0.0254243412634
2042.3493841	0.0254242902821
2042.66354336	0.0254242391943
2042.97770263	0.0254241880062
2043.29186189	0.0254241368675
2043.60602116	0.0254240858045
2043.92018043	0.0254240347231
2044.23433969	0.0254239835966
2044.54849896	0.0254239324663
2044.86265822	0.0254238813338
2045.17681749	0.0254238302106
2045.49097675	0.0254237791822
2045.80513602	0.0254237282882
2046.11929528	0.025423677521
2046.43345455	0.0254236268771
2046.74761381	0.0254235763201
2047.06177308	0.0254235257869
2047.37593234	0.0254234752019
2047.69009161	0.0254234246218
2048.00425088	0.0254233740285
2048.31841014	0.0254233233365
2048.63256941	0.0254232725511
2048.94672867	0.0254232216484
2049.26088794	0.0254231706691
2049.5750472	0.0254231197595
2049.88920647	0.025423068904
2050.20336573	0.0254230180184
2050.517525	0.0254229670912
2050.83168426	0.0254229161618
2051.14584353	0.0254228652325
2051.46000279	0.0254228143206
2051.77416206	0.0254227635174
2052.08832132	0.025422712842
2052.40248059	0.0254226622966
2052.71663986	0.0254226118729
2053.03079912	0.0254225615261
2053.34495839	0.0254225111869
2053.65911765	0.0254224607962
2053.97327692	0.025422410417
2054.28743618	0.0254223600076
2054.60159545	0.0254223095077
2054.91575471	0.0254222589122
2055.22991398	0.0254222081968
2055.54407324	0.0254221574304
2055.85823251	0.0254221067416
2056.17239177	0.0254220560927
2056.48655104	0.0254220054042
2056.80071031	0.0254219546756
2057.11486957	0.0254219039443
2057.42902884	0.0254218532155
2057.7431881	0.025421802517
2058.05734737	0.025421751928
2058.37150663	0.0254217014693
2058.6856659	0.0254216511469
2058.99982516	0.0254216009357
2059.31398443	0.0254215507936
2059.62814369	0.0254215006428
2059.94230296	0.0254214504482
2060.25646222	0.0254214002675
2060.57062149	0.0254213500414
2060.88478076	0.0254212997314
2061.19894002	0.0254212493226
2061.51309929	0.0254211987953
2061.82725855	0.0254211482452
2062.14141782	0.025421097775
2062.45557708	0.0254210473257
2062.76973635	0.0254209968293
2063.08389561	0.0254209462965
2063.39805488	0.0254208957599
2063.71221414	0.0254208452308
2064.02637341	0.025420794744
2064.34053267	0.0254207443701
2064.65469194	0.0254206941286
2064.9688512	0.025420644024
2065.28301047	0.0254205940218
2065.59716974	0.0254205440811
2065.911329	0.0254204941162
2066.22548827	0.0254204441194
2066.53964753	0.0254203941319
2066.8538068	0.0254203440898
2067.16796606	0.0254202939666
2067.48212533	0.0254202437381
2067.79628459	0.0254201934022
2068.11044386	0.0254201430712
2068.42460312	0.0254200928134
2068.73876239	0.0254200425606
2069.05292165	0.025419992256
2069.36708092	0.025419941917
2069.68124019	0.0254198915737
2069.99539945	0.0254198412435
2070.30955872	0.0254197909686
2070.62371798	0.0254197408081
2070.93787725	0.0254196907811
2071.25203651	0.0254196408882
2071.56619578	0.0254195910916
2071.88035504	0.025419541348
2072.19451431	0.0254194915684
2072.50867357	0.0254194417671
2072.82283284	0.025419391969
2073.1369921	0.0254193421105
2073.45115137	0.0254192921692
2073.76531063	0.0254192421203
2074.0794699	0.0254191919812
2074.39362917	0.0254191418651
2074.70778843	0.0254190918153
2075.0219477	0.0254190417562
2075.33610696	0.0254189916405
2075.65026623	0.0254189414927
2075.96442549	0.0254188913423
2076.27858476	0.0254188412117
2076.59274402	0.0254187911462
2076.90690329	0.0254187411987
2077.22106255	0.025418691383
2077.53522182	0.0254186416977
2077.84938108	0.025418592107
2078.16354035	0.0254185425561
2078.47769962	0.0254184929603
2078.79185888	0.025418443352
2079.10601815	0.0254183937394
2079.42017741	0.0254183440646
2079.73433668	0.0254182943035
2080.04849594	0.0254182444335
2080.36265521	0.0254181944924
2080.67681447	0.0254181445894
2080.99097374	0.0254180947401
2081.305133	0.025418044869
2081.61929227	0.0254179949405
2081.93345153	0.0254179449819
2082.2476108	0.0254178950248
2082.56177006	0.0254178450925
2082.87592933	0.0254177952366
2083.1900886	0.0254177455013
2083.50424786	0.0254176958949
2083.81840713	0.0254176464166
2084.13256639	0.0254175970286
2084.44672566	0.0254175476605
2084.76088492	0.0254174982482
2085.07504419	0.0254174488324
2085.38920345	0.0254173994051
2085.70336272	0.0254173499099
2086.01752198	0.0254173003227
2086.33168125	0.0254172506349
2086.64584051	0.0254172008963
2086.95999978	0.0254171512013
2087.27415905	0.0254171015483
2087.58831831	0.0254170518648
2087.90247758	0.0254170021223
2088.21663684	0.0254169523488
2088.53079611	0.025416902584
2088.84495537	0.0254168528519
2089.15911464	0.0254168032048
2089.4732739	0.0254167536784
2089.78743317	0.0254167042775
2090.10159243	0.0254166549964
2090.4157517	0.0254166058073
2090.72991096	0.0254165566234
2091.04407023	0.0254165073967
2091.35822949	0.0254164581677
2091.67238876	0.0254164089218
2091.98654803	0.0254163596024
2092.30070729	0.0254163101923
2092.61486656	0.0254162606888
2092.92902582	0.0254162111499
2093.24318509	0.0254161616611
2093.55734435	0.0254161122021
2093.87150362	0.025416062702
2094.18566288	0.0254160131416
2094.49982215	0.0254159635542
2094.81398141	0.0254159139826
2095.12814068	0.0254158644495
2095.44229994	0.0254158150098
2095.75645921	0.025415765684
2096.07061848	0.0254157164844
2096.38477774	0.0254156674064
2096.69893701	0.0254156184127
2097.01309627	0.025415569406
2097.32725554	0.0254155203641
2097.6414148	0.0254154713224
2097.95557407	0.0254154222559
2098.26973333	0.0254153731096
2098.5838926	0.0254153238718
2098.89805186	0.0254152745522
2099.21221113	0.0254152252181
2099.52637039	0.0254151759301
2099.84052966	0.0254151266576
2100.15468892	0.0254150773411
2100.46884819	0.025415027961
2100.78300746	0.0254149785575
2101.09716672	0.0254149291807
2101.41132599	0.0254148798474
2101.72548525	0.0254148306065
2102.03964452	0.0254147814817
2102.35380378	0.0254147324848
2102.66796305	0.0254146836056
2102.98212231	0.0254146347995
2103.29628158	0.0254145859686
2103.61044084	0.025414537111
2103.92460011	0.0254144882547
2104.23875937	0.0254144393633
2104.55291864	0.0254143903866
2104.86707791	0.0254143413246
2105.18123717	0.0254142921934
2105.49539644	0.025414243057
2105.8095557	0.0254141939639
2106.12371497	0.0254141448775
2106.43787423	0.02541409574
2106.7520335	0.0254140465402
2107.06619276	0.0254139973217
2107.38035203	0.0254139481318
2107.69451129	0.025413898997
2108.00867056	0.0254138499592
2108.32282982	0.0254138010319
2108.63698909	0.0254137522309
2108.95114835	0.0254137035496
2109.26530762	0.0254136549264
2109.57946689	0.025413606269
2109.89362615	0.0254135575942
2110.20778542	0.0254135089229
2110.52194468	0.0254134602042
2110.83610395	0.0254134113956
2111.15026321	0.0254133625107
2111.46442248	0.025413313569
2111.77858174	0.02541326463
2112.09274101	0.0254132157291
2112.40690027	0.0254131668247
2112.72105954	0.0254131178627
2113.0352188	0.0254130688376
2113.34937807	0.0254130198022
2113.66353734	0.0254129708039
2113.9776966	0.0254129218677
2114.29185587	0.0254128730263
2114.60601513	0.0254128242922
2114.9201744	0.025412775688
2115.23433366	0.025412727203
2115.54849293	0.0254126787554
2115.86265219	0.0254126302717
2116.17681146	0.0254125817799
2116.49097072	0.0254125332905
2116.80512999	0.0254124847377
2117.11928925	0.025412436098
2117.43344852	0.0254123873924
2117.74760779	0.0254123386392
2118.06176705	0.0254122898949
2118.37592632	0.0254122411824
2118.69008558	0.0254121924575
2119.00424485	0.0254121436678
2119.31840411	0.0254120948186
2119.63256338	0.0254120459685
2119.94672264	0.0254119971599
2120.26088191	0.0254119484173
2120.57504117	0.0254118997693
2120.88920044	0.0254118512274
2121.2033597	0.0254118028174
2121.51751897	0.0254117545239
2121.83167823	0.0254117062461
2122.1458375	0.0254116579376
2122.45999677	0.0254116096301
2122.77415603	0.025411561316
2123.0883153	0.0254115129264
2123.40247456	0.0254114644586
2123.71663383	0.0254114159322
2124.03079309	0.0254113673648
2124.34495236	0.0254113188117
2124.65911162	0.0254112702851
2124.97327089	0.0254112217358
2125.28743015	0.0254111731154
2125.60158942	0.0254111244416
2125.91574868	0.0254110757767
2126.22990795	0.0254110271574
2126.54406722	0.0254109786068
2126.85822648	0.0254109301485
2127.17238575	0.0254108817979
2127.48654501	0.0254108335825
2127.80070428	0.0254107854744
2128.11486354	0.0254107373653
2128.42902281	0.025410689234
2128.74318207	0.0254106411056
2129.05734134	0.0254105929597
2129.3715006	0.0254105447349
2129.68565987	0.0254104964408
2129.99981913	0.0254104480908
2130.3139784	0.0254103997084
2130.62813766	0.0254103513444
2130.94229693	0.0254103029996
2131.2564562	0.0254102546216
2131.57061546	0.0254102061693
2131.88477473	0.0254101576717
2132.19893399	0.0254101091903
2132.51309326	0.0254100607584
2132.82725252	0.0254100123965
2133.14141179	0.0254099641264
2133.45557105	0.025409915967
2133.76973032	0.025409867945
2134.08388958	0.0254098200133
2134.39804885	0.0254097720708
2134.71220811	0.0254097241161
2135.02636738	0.0254096761663
2135.34052665	0.0254096281866
2135.65468591	0.0254095801255
2135.96884518	0.0254095320033
2136.28300444	0.0254094838307
2136.59716371	0.0254094356328
2136.91132297	0.0254093874547
2137.22548224	0.0254093392886
2137.5396415	0.0254092910784
2137.85380077	0.0254092427933
2138.16796003	0.0254091944716
2138.4821193	0.0254091461729
2138.79627856	0.025409097926
2139.11043783	0.0254090497505
2139.42459709	0.0254090016639
2139.73875636	0.0254089536906
2140.05291563	0.0254089058602
2140.36707489	0.0254088581036
2140.68123416	0.0254088103319
2140.99539342	0.0254087625527
2141.30955269	0.0254087147761
2141.62371195	0.025408666956
2141.93787122	0.0254086190611
2142.25203048	0.025408571114
2142.56618975	0.0254085231173
2142.88034901	0.0254084751
2143.19450828	0.0254084271032
2143.50866754	0.0254083791123
2143.82282681	0.0254083310688
2144.13698608	0.0254082829517
2144.45114534	0.0254082348052
2144.76530461	0.0254081866879
2145.07946387	0.0254081386262
2145.39362314	0.025408090631
2145.7077824	0.0254080427241
2146.02194167	0.0254079949433
2146.33610093	0.0254079473025
2146.6502602	0.025407899712
2146.96441946	0.0254078521107
2147.27857873	0.025407804506
2147.59273799	0.0254077568993
2147.90689726	0.0254077092375
2148.22105652	0.0254076615087
2148.53521579	0.0254076137333
2148.84937506	0.025407565909
2149.16353432	0.0254075180736
2149.47769359	0.0254074702597
2149.79185285	0.0254074224393
2150.10601212	0.0254073745579
2150.42017138	0.0254073266084
2150.73433065	0.0254072786386
2151.04848991	0.0254072307002
2151.36264918	0.0254071828154
2151.67680844	0.0254071349996
2151.99096771	0.0254070872771
2152.30512697	0.0254070396864
2152.61928624	0.0254069922256
2152.93344551	0.0254069448014
2153.24760477	0.0254068973736
2153.56176404	0.0254068499405
2153.8759233	0.0254068024968
2154.19008257	0.025406754995
2154.50424183	0.025406707436
2154.8184011	0.0254066598299
2155.13256036	0.0254066121776
2155.44671963	0.0254065645219
2155.76087889	0.0254065168845
2156.07503816	0.0254064692299
2156.38919742	0.0254064215084
2156.70335669	0.0254063737255
2157.01751595	0.0254063259294
2157.33167522	0.0254062781692
2157.64583449	0.0254062304628
2157.95999375	0.0254061828254
2158.27415302	0.0254061352852
2158.58831228	0.0254060878835
2158.90247155	0.0254060405989
2159.21663081	0.0254059933416
2159.53079008	0.0254059460851
2159.84494934	0.025405898821
2160.15910861	0.0254058515373
2160.47326787	0.0254058041958
2160.78742714	0.0254057568054
2161.1015864	0.0254057093663
2161.41574567	0.0254056618859
2161.72990494	0.0254056144088
2162.0440642	0.0254055669449
2162.35822347	0.0254055194536
2162.67238273	0.0254054718912
2162.986542	0.0254054242746
2163.30070126	0.0254053766523
2163.61486053	0.0254053290681
2163.92901979	0.0254052815353
2164.24317906	0.0254052340746
2164.55733832	0.0254051867177
2164.87149759	0.0254051395022
2165.18565685	0.0254050923884
2165.49981612	0.0254050452983
2165.81397538	0.0254049982104
2166.12813465	0.0254049511125
2166.44229392	0.025404903987
2166.75645318	0.0254048568062
2167.07061245	0.0254048095822
2167.38477171	0.0254047623079
2167.69893098	0.0254047149994
2168.01309024	0.0254046676983
2168.32724951	0.025404620404
2168.64140877	0.0254045730718
2168.95556804	0.0254045256682
2169.2697273	0.0254044782178
2169.58388657	0.025404430767
2169.89804583	0.0254043833559
2170.2122051	0.0254043359959
2170.52636437	0.025404288711
2170.84052363	0.0254042415359
2171.1546829	0.0254041945059
2171.46884216	0.0254041475548
2171.78300143	0.0254041006311
2172.09716069	0.0254040537104
2172.41131996	0.0254040067786
2172.72547922	0.0254039598049
2173.03963849	0.0254039127893
2173.35379775	0.0254038657317
2173.66795702	0.0254038186179
2173.98211628	0.0254037714791
2174.29627555	0.0254037243528
2174.61043481	0.0254036772243
2174.92459408	0.0254036300474
2175.23875335	0.0254035828018
2175.55291261	0.0254035355174
2175.86707188	0.0254034882394
2176.18123114	0.0254034409996
2176.49539041	0.025403393808
2176.80954967	0.0254033467034
2177.12370894	0.0254032997115
2177.4378682	0.025403252856
2177.75202747	0.0254032060772
2178.06618673	0.0254031593197
2178.380346	0.0254031125567
2178.69450526	0.0254030657813
2179.00866453	0.0254030189672
2179.3228238	0.0254029721147
2179.63698306	0.0254029252156
2179.95114233	0.0254028782698
2180.26530159	0.0254028313032
2180.57946086	0.0254027843425
2180.89362012	0.0254027373735
2181.20777939	0.0254026903514
2181.52193865	0.0254026432637
2181.83609792	0.0254025961412
2182.15025718	0.0254025490299
2182.46441645	0.0254025019618
2182.77857571	0.025402454941
2183.09273498	0.0254024080096
2183.40689425	0.0254023612053
2183.72105351	0.0254023145219
2184.03521278	0.0254022679018
2184.34937204	0.0254022213099
2184.66353131	0.0254021747118
2184.97769057	0.0254021280963
2185.29184984	0.0254020814388
2185.6060091	0.025402034742
2185.92016837	0.0254019880011
2186.23432763	0.0254019412129
2186.5484869	0.0254018944136
2186.86264616	0.025401847622
2187.17680543	0.0254018008121
2187.49096469	0.0254017539407
2187.80512396	0.0254017070097
2188.11928323	0.0254016600511
2188.43344249	0.025401613112
2188.74760176	0.0254015662094
2189.06176102	0.0254015193581
2189.37592029	0.0254014726018
2189.69007955	0.0254014259762
2190.00423882	0.0254013794641
2190.31839808	0.0254013330111
2190.63255735	0.0254012865824
2190.94671661	0.0254012401417
2191.26087588	0.0254011936792
2191.57503514	0.0254011471774
2191.88919441	0.0254011006432
2192.20335368	0.0254010540602
2192.51751294	0.0254010074306
2192.83167221	0.0254009607959
2193.14583147	0.0254009141678
2193.45999074	0.0254008675129
2193.77415	0.0254008207932
2194.08830927	0.0254007740192
2194.40246853	0.0254007272253
2194.7166278	0.0254006804513
2195.03078706	0.0254006337121
2195.34494633	0.0254005870322
2195.65910559	0.025400540456
2195.97326486	0.0254004940057
2196.28742412	0.0254004476575
2196.60158339	0.0254004013671
2196.91574266	0.0254003550938
2197.22990192	0.0254003088075
2197.54406119	0.0254002624967
2197.85822045	0.0254002161509
2198.17237972	0.0254001697737
2198.48653898	0.025400123344
2198.80069825	0.0254000768758
2199.11485751	0.0254000304073
2199.42901678	0.0253999839392
2199.74317604	0.0253999374347
2200.05733531	0.0253998908643
2200.37149457	0.025399844246
2200.68565384	0.0253997976141
2200.99981311	0.0253997510046
2201.31397237	0.0253997044282
2201.62813164	0.0253996579167
2201.9422909	0.0253996115149
2202.25645017	0.0253995652375
2202.57060943	0.0253995190542
2202.8847687	0.0253994729258
2203.19892796	0.0253994268076
2203.51308723	0.025399380678
2203.82724649	0.0253993345193
2204.14140576	0.0253992883304
2204.45556502	0.0253992421089
2204.76972429	0.0253991958325
2205.08388355	0.0253991495248
2205.39804282	0.025399103219
2205.71220209	0.0253990569068
2206.02636135	0.0253990105507
2206.34052062	0.0253989641297
2206.65467988	0.0253989176661
2206.96883915	0.0253988711946
2207.28299841	0.0253988247458
2207.59715768	0.0253987783301
2207.91131694	0.0253987319883
2208.22547621	0.0253986857602
2208.53963547	0.0253986396535
2208.85379474	0.0253985936331
2209.167954	0.0253985476638
2209.48211327	0.0253985016978
2209.79627254	0.0253984557206
2210.1104318	0.0253984097123
2210.42459107	0.0253983636789
2210.73875033	0.0253983176083
2211.0529096	0.0253982714829
2211.36706886	0.0253982253351
2211.68122813	0.0253981791896
2211.99538739	0.0253981330306
2212.30954666	0.0253980868214
2212.62370592	0.0253980405506
2212.93786519	0.0253979942424
2213.25202445	0.0253979479314
2213.56618372	0.0253979016423
2213.88034298	0.0253978553887
2214.19450225	0.0253978092177
2214.50866152	0.0253977631621
2214.82282078	0.0253977172234
2215.13698005	0.0253976713649
2215.45113931	0.0253976255504
2215.76529858	0.0253975797351
2216.07945784	0.0253975339068
2216.39361711	0.0253974880492
2216.70777637	0.0253974421688
2217.02193564	0.0253973962451
2217.3360949	0.0253973502704
2217.65025417	0.0253973042815
2217.96441343	0.0253972582935
2218.2785727	0.0253972122845
2218.59273197	0.0253971662197
2218.90689123	0.0253971200978
2219.2210505	0.0253970739445
2219.53520976	0.0253970277919
2219.84936903	0.0253969816591
2220.16352829	0.0253969355682
2220.47768756	0.025396889567
2220.79184682	0.0253968436824
2221.10600609	0.0253967979087
2221.42016535	0.0253967522108
2221.73432462	0.0253967065482
2222.04848388	0.0253966608831
2222.36264315	0.0253966152023
2222.67680241	0.0253965694955
2222.99096168	0.0253965237659
2223.30512095	0.0253964779874
2223.61928021	0.0253964321641
2223.93343948	0.0253963863333
2224.24759874	0.0253963405013
2224.56175801	0.0253962946403
2224.87591727	0.0253962487191
2225.19007654	0.0253962027459
2225.5042358	0.0253961567466
2225.81839507	0.0253961107495
2226.13255433	0.0253960647709
2226.4467136	0.0253960188434
2226.76087286	0.0253959730089
2227.07503213	0.0253959272942
2227.3891914	0.0253958816832
2227.70335066	0.025395836142
2228.01750993	0.0253957906267
2228.33166919	0.0253957451125
2228.64582846	0.025395699576
2228.95998772	0.025395654017
2229.27414699	0.025395608436
2229.58830625	0.0253955628015
2229.90246552	0.0253955171295
2230.21662478	0.0253954714556
2230.53078405	0.0253954257768
2230.84494331	0.0253953800608
2231.15910258	0.0253953342836
2231.47326184	0.025395288459
2231.78742111	0.0253952426133
2232.10158038	0.025395196769
2232.41573964	0.0253951509465
2232.72989891	0.0253951051809
2233.04405817	0.0253950595108
2233.35821744	0.0253950139634
2233.6723767	0.0253949685047
2233.98653597	0.0253949231189
2234.30069523	0.0253948777517
2234.6148545	0.0253948323822
2234.92901376	0.0253947869939
2235.24317303	0.025394741589
2235.55733229	0.0253946961501
2235.87149156	0.0253946506541
2236.18565083	0.0253946051355
2236.49981009	0.0253945596194
2236.81396936	0.0253945140883
2237.12812862	0.0253944685124
2237.44228789	0.0253944228808
2237.75644715	0.025394377205
2238.07060642	0.0253943315111
2238.38476568	0.0253942858207
2238.69892495	0.0253942401485
2239.01308421	0.0253941945427
2239.32724348	0.0253941490433
2239.64140274	0.0253941036542
2239.95556201	0.0253940583601
2240.26972128	0.0253940131247
2240.58388054	0.0253939678996
2240.89803981	0.0253939226716
2241.21219907	0.0253938774236
2241.52635834	0.0253938321661
2241.8405176	0.0253937868714
2242.15467687	0.0253937415256
2242.46883613	0.0253936961642
2242.7829954	0.0253936507956
2243.09715466	0.0253936054071
2243.41131393	0.0253935599746
2243.72547319	0.0253935144861
2244.03963246	0.0253934689529
2244.35379172	0.0253934234038
2244.66795099	0.025393377863
2244.98211026	0.0253933323463
2245.29626952	0.0253932869045
2245.61042879	0.0253932415719
2245.92458805	0.0253931963468
2246.23874732	0.0253931512056
2246.55290658	0.0253931061163
2246.86706585	0.0253930610409
2247.18122511	0.0253930159584
2247.49538438	0.0253929708549
2247.80954364	0.0253929257367
2248.12370291	0.0253928805765
2248.43786217	0.02539283537
2248.75202144	0.0253927901554
2249.06618071	0.025392744941
2249.38033997	0.0253926997015
2249.69449924	0.0253926544069
2250.0086585	0.0253926090574
2250.32281777	0.0253925636731
2250.63697703	0.0253925182729
2250.9511363	0.0253924728777
2251.26529556	0.0253924275152
2251.57945483	0.0253923822318
2251.89361409	0.0253923370596
2252.20777336	0.0253922919959
2252.52193262	0.0253922470154
2252.83609189	0.0253922020761
2253.15025115	0.025392157147
2253.46441042	0.0253921122043
2253.77856969	0.025392067244
2254.09272895	0.0253920222671
2254.40688822	0.0253919772423
2254.72104748	0.0253919321778
2255.03520675	0.0253918871117
2255.34936601	0.0253918420429
2255.66352528	0.025391796943
2255.97768454	0.025391751787
2256.29184381	0.0253917065809
2256.60600307	0.0253916613426
2256.92016234	0.0253916160902
2257.2343216	0.0253915708439
2257.54848087	0.0253915256378
2257.86264014	0.0253914805169
2258.1767994	0.0253914355043
2258.49095867	0.0253913905956
2258.80511793	0.0253913457636
2259.1192772	0.0253913009641
2259.43343646	0.0253912561748
2259.74759573	0.0253912113681
2260.06175499	0.0253911665498
2260.37591426	0.025391121712
2260.69007352	0.0253910768224
2261.00423279	0.0253910319033
2261.31839205	0.0253909869875
2261.63255132	0.0253909420643
2261.94671058	0.025390897102
2262.26086985	0.0253908520825
2262.57502912	0.0253908070165
2262.88918838	0.0253907619198
2263.20334765	0.0253907168105
2263.51750691	0.02539067171
2263.83166618	0.0253906266567
2264.14582544	0.0253905816939
2264.45998471	0.0253905368388
2264.77414397	0.0253904920846
2265.08830324	0.0253904474017
2265.4024625	0.025390402746
2265.71662177	0.0253903580974
2266.03078103	0.0253903134304
2266.3449403	0.0253902687552
2266.65909957	0.0253902240538
2266.97325883	0.0253901793009
2267.2874181	0.0253901345277
2267.60157736	0.0253900897591
2267.91573663	0.0253900449773
2268.22989589	0.0253900001501
2268.54405516	0.025389955266
2268.85821442	0.0253899103386
2269.17237369	0.025389865381
2269.48653295	0.0253898204122
2269.80069222	0.0253897754566
2270.11485148	0.0253897305565
2270.42901075	0.0253896857509
2270.74317001	0.0253896410529
2271.05732928	0.0253895964519
2271.37148855	0.0253895519138
2271.68564781	0.0253895073996
2271.99980708	0.0253894628857
2272.31396634	0.0253894183563
2272.62812561	0.0253893738197
2272.94228487	0.0253893292487
2273.25644414	0.0253892846307
2273.5706034	0.0253892400027
2273.88476267	0.0253891953792
2274.19892193	0.025389150736
2274.5130812	0.0253891060433
2274.82724046	0.0253890612959
2275.14139973	0.025389016508
2275.455559	0.0253889716905
2275.76971826	0.0253889268651
2276.08387753	0.0253888820581
2276.39803679	0.0253888373108
2276.71219606	0.0253887926667
2277.02635532	0.0253887481171
2277.34051459	0.0253887036611
2277.65467385	0.0253886592677
2277.96883312	0.0253886148946
2278.28299238	0.025388570508
2278.59715165	0.0253885261123
2278.91131091	0.0253884817144
2279.22547018	0.0253884372765
2279.53962944	0.0253883927913
2279.85378871	0.0253883483044
2280.16794798	0.0253883038256
2280.48210724	0.0253882593203
2280.79626651	0.0253882147593
2281.11042577	0.0253881701477
2281.42458504	0.0253881255024
2281.7387443	0.025388080821
2282.05290357	0.025388036143
2282.36706283	0.0253879914854
2282.6812221	0.0253879468865
2282.99538136	0.0253879023921
2283.30954063	0.0253878580088
2283.62369989	0.0253878136973
2283.93785916	0.0253877694295
2284.25201843	0.0253877251967
2284.56617769	0.0253876809415
2284.88033696	0.0253876366861
2285.19449622	0.0253875924243
2285.50865549	0.0253875481116
2285.82281475	0.0253875037633
2286.13697402	0.0253874594343
2286.45113328	0.0253874150917
2286.76529255	0.0253873707188
2287.07945181	0.025387326284
2287.39361108	0.0253872818067
2287.70777034	0.0253872372959
2288.02192961	0.0253871927487
2288.33608887	0.0253871482037
2288.65024814	0.025387103699
2288.96440741	0.0253870592571
2289.27856667	0.0253870149091
2289.59272594	0.0253869706758
2289.9068852	0.025386926516
2290.22104447	0.0253868823917
2290.53520373	0.0253868382828
2290.849363	0.0253867941663
2291.16352226	0.0253867500497
2291.47768153	0.025386705907
2291.79184079	0.0253866617214
2292.10600006	0.0253866175236
2292.42015932	0.0253865733301
2292.73431859	0.0253865291242
2293.04847786	0.0253864848826
2293.36263712	0.0253864405876
2293.67679639	0.0253863962514
2293.99095565	0.0253863518649
2294.30511492	0.0253863074597
2294.61927418	0.0253862630528
2294.93343345	0.0253862186907
2295.24759271	0.0253861744018
2295.56175198	0.0253861302099
2295.87591124	0.0253860861245
2296.19007051	0.0253860421103
2296.50422977	0.0253859981264
2296.81838904	0.0253859541479
2297.13254831	0.0253859101569
2297.44670757	0.0253858661694
2297.76086684	0.0253858221516
2298.0750261	0.0253857780937
2298.38918537	0.0253857340305
2298.70334463	0.0253856899743
2299.0175039	0.0253856459039
2299.33166316	0.025385601792
2299.64582243	0.0253855576284
2299.95998169	0.025385513418
2300.27414096	0.0253854691724
2300.58830022	0.0253854249019
2300.90245949	0.0253853806368
2301.21661875	0.0253853364186
2301.53077802	0.0253852922873
2301.84493729	0.0253852482434
2302.15909655	0.0253852043006
2302.47325582	0.0253851604265
2302.78741508	0.0253851165754
2303.10157435	0.0253850727299
2303.41573361	0.0253850288731
2303.72989288	0.0253849850188
2304.04405214	0.0253849411286
2304.35821141	0.0253848971988
2304.67237067	0.0253848532729
2304.98652994	0.0253848093568
2305.3006892	0.025384765419
2305.61484847	0.0253847214332
2305.92900774	0.0253846773972
2306.243167	0.0253846333219
2306.55732627	0.0253845892029
2306.87148553	0.025384545071
2307.1856448	0.0253845009418
2307.49980406	0.0253844568689
2307.81396333	0.0253844128782
2308.12812259	0.0253843689846
2308.44228186	0.0253843251856
2308.75644112	0.0253842814429
2309.07060039	0.025384237726
2309.38475965	0.0253841939998
2309.69891892	0.025384150277
2310.01307818	0.0253841065516
2310.32723745	0.0253840627895
2310.64139672	0.0253840190016
2310.95555598	0.0253839752117
2311.26971525	0.0253839314322
2311.58387451	0.025383887627
2311.89803378	0.0253838437639
2312.21219304	0.0253837998585
2312.52635231	0.0253837559063
2312.84051157	0.0253837119197
2313.15467084	0.0253836679162
2313.4688301	0.0253836239286
2313.78298937	0.0253835800014
2314.09714863	0.0253835361543
2314.4113079	0.025383492413
2314.72546717	0.0253834487513
2315.03962643	0.0253834051403
2315.3537857	0.0253833615607
2315.66794496	0.0253833179605
2315.98210423	0.0253832743685
2316.29626349	0.0253832307704
2316.61042276	0.0253831871266
2316.92458202	0.0253831434628
2317.23874129	0.025383099815
2317.55290055	0.0253830561678
2317.86705982	0.0253830124857
2318.18121908	0.0253829687517
2318.49537835	0.0253829249716
2318.80953761	0.0253828811498
2319.12369688	0.0253828372892
2319.43785615	0.0253827934123
2319.75201541	0.0253827495701
2320.06617468	0.025382705782
2320.38033394	0.0253826620837
2320.69449321	0.0253826184887
2321.00865247	0.0253825749707
2321.32281174	0.0253825314966
2321.636971	0.0253824880383
2321.95113027	0.0253824445643
2322.26528953	0.0253824011049
2322.5794488	0.0253823576274
2322.89360806	0.025382314111
2323.20776733	0.0253822705834
2323.5219266	0.0253822270679
2323.83608586	0.0253821835473
2324.15024513	0.0253821399889
2324.46440439	0.0253820963792
2324.77856366	0.0253820527217
2325.09272292	0.0253820090307
2325.40688219	0.0253819652961
2325.72104145	0.0253819215593
2326.03520072	0.0253818778556
2326.34935998	0.0253818342158
2326.66351925	0.0253817906623
2326.97767851	0.0253817472074
2327.29183778	0.0253817038241
2327.60599704	0.0253816604783
2327.92015631	0.0253816171376
2328.23431558	0.0253815737916
2328.54847484	0.0253815304556
2328.86263411	0.0253814870983
2329.17679337	0.0253814437008
2329.49095264	0.025381400309
2329.8051119	0.0253813569336
2330.11927117	0.0253813135378
2330.43343043	0.0253812700985
2330.7475897	0.0253812266104
2331.06174896	0.0253811830852
2331.37590823	0.0253811395106
2331.69006749	0.0253810959034
2332.00422676	0.0253810523
2332.31838603	0.0253810087367
2332.63254529	0.0253809652365
2332.94670456	0.0253809218281
2333.26086382	0.025380878516
2333.57502309	0.0253808352655
2333.88918235	0.0253807920539
2334.20334162	0.0253807488363
2334.51750088	0.0253807056186
2334.83166015	0.0253806624096
2335.14581941	0.0253806191671
2335.45997868	0.0253805758913
2335.77413794	0.0253805326305
2336.08829721	0.0253804893846
2336.40245647	0.0253804461159
2336.71661574	0.0253804028007
2337.03077501	0.0253803594406
2337.34493427	0.0253803160369
2337.65909354	0.0253802725852
2337.9732528	0.0253802291043
2338.28741207	0.0253801856331
2338.60157133	0.0253801422042
2338.9157306	0.0253800988441
2339.22988986	0.0253800555732
2339.54404913	0.0253800124062
2339.85820839	0.0253799692826
2340.17236766	0.0253799261841
2340.48652692	0.0253798830859
2340.80068619	0.025379840002
2341.11484546	0.025379796909
2341.42900472	0.0253797537813
2341.74316399	0.0253797106431
2342.05732325	0.0253796675193
2342.37148252	0.025379624396
2342.68564178	0.0253795812465
2342.99980105	0.0253795380562
2343.31396031	0.0253794948169
2343.62811958	0.0253794515359
2343.94227884	0.0253794082086
2344.25643811	0.0253793648577
2344.57059737	0.0253793215158
2344.88475664	0.0253792782323
2345.1989159	0.0253792350068
2345.51307517	0.0253791918752
2345.82723444	0.0253791488326
2346.1413937	0.0253791058437
2346.45555297	0.0253790628681
2346.76971223	0.0253790198832
2347.0838715	0.0253789769226
2347.39803076	0.0253789339529
2347.71219003	0.0253788909446
2348.02634929	0.0253788479348
2348.34050856	0.0253788049407
2348.65466782	0.0253787619419
2348.96882709	0.0253787189131
2349.28298635	0.0253786758414
2349.59714562	0.0253786327242
2349.91130489	0.0253785895561
2350.22546415	0.025378546355
2350.53962342	0.0253785031257
2350.85378268	0.0253784599169
2351.16794195	0.0253784167638
2351.48210121	0.0253783736857
2351.79626048	0.0253783306983
2352.11041974	0.0253782877872
2352.42457901	0.0253782449236
2352.73873827	0.0253782020707
2353.05289754	0.0253781592119
2353.3670568	0.0253781163704
2353.68121607	0.0253780735154
2353.99537534	0.0253780306272
2354.3095346	0.0253779877435
2354.62369387	0.0253779448776
2354.93785313	0.0253779020042
2355.2520124	0.0253778590969
2355.56617166	0.0253778161415
2355.88033093	0.0253777731426
2356.19449019	0.025377730098
2356.50864946	0.0253776870082
2356.82280872	0.0253776439097
2357.13696799	0.0253776008355
2357.45112725	0.0253775578141
2357.76528652	0.0253775148687
2358.07944578	0.025377472017
2358.39360505	0.0253774292426
2358.70776432	0.0253773865079
2359.02192358	0.025377343771
2359.33608285	0.0253773010318
2359.65024211	0.0253772583098
2359.96440138	0.0253772155703
2360.27856064	0.0253771727963
2360.59271991	0.0253771300338
2360.90687917	0.0253770872961
2361.22103844	0.0253770445473
2361.5351977	0.0253770017577
2361.84935697	0.0253769589219
2362.16351623	0.0253769160459
2362.4776755	0.0253768731211
2362.79183477	0.0253768301556
2363.10599403	0.025376787183
2363.4201533	0.0253767442357
2363.73431256	0.0253767013545
2364.04847183	0.0253766585474
2364.36263109	0.0253766158296
2364.67679036	0.0253765731744
2364.99094962	0.0253765305574
2365.30510889	0.0253764879358
2365.61926815	0.0253764453126
2365.93342742	0.0253764027166
2366.24758668	0.0253763600893
2366.56174595	0.0253763174344
2366.87590521	0.0253762748063
2367.19006448	0.0253762321946
2367.50422375	0.0253761895603
2367.81838301	0.0253761468834
2368.13254228	0.0253761041652
2368.44670154	0.0253760614056
2368.76086081	0.0253760185935
2369.07502007	0.0253759757438
2369.38917934	0.0253759329033
2369.7033386	0.0253758900889
2370.01749787	0.0253758473257
2370.33165713	0.0253758046565
2370.6458164	0.0253757620722
2370.95997566	0.0253757195435
2371.27413493	0.0253756770442
2371.5882942	0.025375634531
2371.90245346	0.0253755920429
2372.21661273	0.0253755495588
2372.53077199	0.0253755070471
2372.84493126	0.0253754645194
2373.15909052	0.0253754220201
2373.47324979	0.0253753795281
2373.78740905	0.0253753370092
2374.10156832	0.0253752944476
2374.41572758	0.0253752518477
2374.72988685	0.0253752091986
2375.04404611	0.0253751664991
2375.35820538	0.0253751237688
2375.67236464	0.0253750810519
2375.98652391	0.0253750383593
2376.30068318	0.0253749957398
2376.61484244	0.0253749531903
2376.92900171	0.0253749107343
2377.24316097	0.0253748683363
2377.55732024	0.0253748259472
2377.8714795	0.0253747835533
2378.18563877	0.0253747411791
2378.49979803	0.0253746988139
2378.8139573	0.0253746564172
2379.12811656	0.0253746140044
2379.44227583	0.0253745716221
2379.75643509	0.0253745292593
2380.07059436	0.0253744868604
2380.38475363	0.0253744444128
2380.69891289	0.0253744019245
2381.01307216	0.0253743593998
2381.32723142	0.0253743168157
2381.64139069	0.0253742742062
2381.95554995	0.0253742316099
2382.26970922	0.0253741890528
2382.58386848	0.0253741465676
2382.89802775	0.0253741041666
2383.21218701	0.0253740618357
2383.52634628	0.0253740195523
2383.84050554	0.0253739772785
2384.15466481	0.0253739350025
2384.46882407	0.0253738927444
2384.78298334	0.0253738504801
2385.09714261	0.0253738081892
2385.41130187	0.0253737659071
2385.72546114	0.0253737236589
2386.0396204	0.0253736814022
2386.35377967	0.0253736391051
2386.66793893	0.0253735967715
2386.9820982	0.025373554395
2387.29625746	0.0253735119762
2387.61041673	0.0253734695033
2387.92457599	0.0253734270185
2388.23873526	0.025373384554
2388.55289452	0.0253733421284
2388.86705379	0.0253732997696
2389.18121306	0.0253732575015
2389.49537232	0.0253732153062
2389.80953159	0.0253731731488
2390.12369085	0.0253731309854
2390.43785012	0.0253730888257
2390.75200938	0.0253730466846
2391.06616865	0.0253730045227
2391.38032791	0.0253729623364
2391.69448718	0.0253729201731
2392.00864644	0.0253728780383
2392.32280571	0.0253728358962
2392.63696497	0.0253727937231
2392.95112424	0.0253727515102
2393.2652835	0.0253727092508
2393.57944277	0.0253726669406
2393.89360204	0.0253726245819
2394.2077613	0.0253725822114
2394.52192057	0.0253725398657
2394.83607983	0.0253724975694
2395.1502391	0.0253724553452
2395.46439836	0.0253724132059
2395.77855763	0.0253723711309
2396.09271689	0.0253723290865
2396.40687616	0.0253722870301
2396.72103542	0.0253722449852
2397.03519469	0.0253722029568
2397.34935395	0.0253721609038
2397.66351322	0.0253721188353
2397.97767249	0.0253720767962
2398.29183175	0.0253720347798
2398.60599102	0.0253719927484
2398.92015028	0.0253719506834
2399.23430955	0.0253719085791
2399.54846881	0.0253718664323
2399.86262808	0.0253718242354
2400.17678734	0.0253717819936
2400.49094661	0.0253717397446
2400.80510587	0.0253716975184
2401.11926514	0.0253716553484
2401.4334244	0.0253716132404
2401.74758367	0.0253715712225
2402.06174293	0.0253715292631
2402.3759022	0.0253714873303
2402.69006147	0.0253714453865
2403.00422073	0.0253714034615
2403.31838	0.0253713615513
2403.63253926	0.0253713196082
2403.94669853	0.0253712776568
2404.26085779	0.0253712357409
2404.57501706	0.0253711938405
2404.88917632	0.0253711519173
2405.20333559	0.02537110996
2405.51749485	0.0253710679643
2405.83165412	0.0253710259262
2406.14581338	0.0253709838317
2406.45997265	0.0253709416999
2406.77413192	0.0253708995673
2407.08829118	0.0253708574601
2407.40245045	0.0253708154116
2407.71660971	0.0253707734408
2408.03076898	0.0253707315467
2408.34492824	0.0253706897069
2408.65908751	0.0253706478813
2408.97324677	0.0253706060506
2409.28740604	0.0253705642453
2409.6015653	0.0253705224357
2409.91572457	0.0253704806101
2410.22988383	0.0253704387794
2410.5440431	0.0253703969831
2410.85820236	0.025370355194
2411.17236163	0.0253703133744
2411.4865209	0.0253702715284
2411.80068016	0.0253702296359
2412.11483943	0.0253701876972
2412.42899869	0.0253701457176
2412.74315796	0.0253701036964
2413.05731722	0.0253700616802
2413.37147649	0.025370019703
2413.68563575	0.0253699777818
2413.99979502	0.0253699359352
2414.31395428	0.0253698941663
2414.62811355	0.0253698524487
2414.94227281	0.0253698107322
2415.25643208	0.0253697690109
2415.57059135	0.0253697273118
2415.88475061	0.0253696856062
2416.19890988	0.025369643875
2416.51306914	0.0253696021583
2416.82722841	0.0253695604766
2417.14138767	0.0253695187975
2417.45554694	0.0253694770916
2417.7697062	0.0253694353518
2418.08386547	0.0253693935709
2418.39802473	0.0253693517446
2418.712184	0.0253693098667
2419.02634326	0.0253692679626
2419.34050253	0.0253692260672
2419.6546618	0.0253691842157
2419.96882106	0.0253691424168
2420.28298033	0.0253691006984
2420.59713959	0.0253690590551
2420.91129886	0.0253690174493
2421.22545812	0.0253689758321
2421.53961739	0.0253689342233
2421.85377665	0.0253688926314
2422.16793592	0.0253688510306
2422.48209518	0.0253688094061
2422.79625445	0.0253687678028
2423.11041371	0.0253687262351
2423.42457298	0.0253686846651
2423.73873224	0.0253686430664
2424.05289151	0.0253686014347
2424.36705078	0.0253685597641
2424.68121004	0.0253685180444
2424.99536931	0.0253684762799
2425.30952857	0.025368434487
2425.62368784	0.025368392712
2425.9378471	0.0253683509799
2426.25200637	0.0253683093051
2426.56616563	0.0253682677047
2426.8803249	0.0253682261728
2427.19448416	0.0253681846737
2427.50864343	0.0253681431612
2427.82280269	0.0253681016608
2428.13696196	0.0253680601796
2428.45112123	0.0253680186797
2428.76528049	0.0253679771699
2429.07943976	0.0253679356852
2429.39359902	0.025367894236
2429.70775829	0.0253678527747
2430.02191755	0.0253678112762
2430.33607682	0.0253677697537
2430.65023608	0.0253677281852
2430.96439535	0.0253676865696
2431.27855461	0.0253676449067
2431.59271388	0.025367603227
2431.90687314	0.0253675615665
2432.22103241	0.0253675199481
2432.53519167	0.0253674783947
2432.84935094	0.0253674369184
2433.16351021	0.025367395505
2433.47766947	0.0253673541143
2433.79182874	0.0253673127098
2434.105988	0.0253672713218
2434.42014727	0.0253672299469
2434.73430653	0.0253671885477
2435.0484658	0.0253671471429
2435.36262506	0.0253671057767
2435.67678433	0.0253670644349
2435.99094359	0.0253670230782
2436.30510286	0.025366981693
2436.61926212	0.025366940275
2436.93342139	0.0253668988108
2437.24758066	0.0253668572958
2437.56173992	0.0253668157349
2437.87589919	0.0253667741664
2438.19005845	0.0253667326222
2438.50421772	0.0253666911238
2438.81837698	0.0253666496926
2439.13253625	0.0253666083373
2439.44669551	0.0253665670392
2439.76085478	0.0253665257501
2440.07501404	0.0253664844504
2440.38917331	0.0253664431721
2440.70333257	0.0253664018981
2441.01749184	0.0253663605989
2441.3316511	0.0253663193056
2441.64581037	0.0253662780524
2441.95996964	0.0253662368156
2442.2741289	0.025366195561
2442.58828817	0.0253661542795
2442.90244743	0.0253661129651
2443.2166067	0.0253660716063
2443.53076596	0.025366030196
2443.84492523	0.025365988744
2444.15908449	0.0253659472902
2444.47324376	0.0253659058622
2444.78740302	0.0253658644811
2445.10156229	0.0253658231685
2445.41572155	0.0253657819299
2445.72988082	0.0253657407426
2446.04404009	0.0253656995541
2446.35819935	0.0253656583602
2446.67235862	0.0253656171896
2446.98651788	0.0253655760154
2447.30067715	0.025365534818
2447.61483641	0.0253654936359
2447.92899568	0.0253654524944
2448.24315494	0.0253654113633
2448.55731421	0.0253653702111
2448.87147347	0.0253653290322
2449.18563274	0.0253652878193
2449.499792	0.0253652465619
2449.81395127	0.0253652052516
2450.12811053	0.0253651639053
2450.4422698	0.0253651225631
2450.75642907	0.0253650812492
2451.07058833	0.0253650399855
2451.3847476	0.0253649987915
2451.69890686	0.0253649576689
2452.01306613	0.0253649165893
2452.32722539	0.0253648755002
2452.64138466	0.0253648344127
2452.95554392	0.0253647933482
2453.26970319	0.025364752273
2453.58386245	0.0253647111783
2453.89802172	0.0253646701089
2454.21218098	0.0253646290794
2454.52634025	0.0253645880535
2454.84049952	0.0253645470044
2455.15465878	0.025364505929
2455.46881805	0.0253644648177
2455.78297731	0.0253644236605
2456.09713658	0.0253643824495
2456.41129584	0.0253643412082
2456.72545511	0.0253642999756
2457.03961437	0.025364258774
2457.35377364	0.025364217626
2457.6679329	0.025364176549
2457.98209217	0.0253641355405
2458.29625143	0.0253640945658
2458.6104107	0.0253640535756
2458.92456996	0.0253640125943
2459.23872923	0.0253639716328
2459.5528885	0.0253639306545
2459.86704776	0.025363889663
2460.18120703	0.0253638487047
2460.49536629	0.0253638077833
2460.80952556	0.0253637668593
2461.12368482	0.0253637259113
2461.43784409	0.025363684938
2461.75200335	0.0253636439272
2462.06616262	0.0253636028695
2462.38032188	0.0253635617583
2462.69448115	0.0253635206236
2463.00864041	0.0253634795022
2463.32279968	0.0253634384138
2463.63695895	0.0253633973815
2463.95111821	0.0253633564212
2464.26527748	0.0253633155258
2464.57943674	0.0253632746529
2464.89359601	0.0253632337635
2465.20775527	0.0253631928885
2465.52191454	0.0253631520272
2465.8360738	0.0253631111452
2466.15023307	0.0253630702578
2466.46439233	0.025363029409
2466.7785516	0.0253629885919
2467.09271086	0.025362947767
2467.40687013	0.0253629069185
2467.72102939	0.0253628660447
2468.03518866	0.0253628251317
2468.34934793	0.0253627841714
2468.66350719	0.02536274316
2468.97766646	0.0253627021319
2469.29182572	0.0253626611219
2469.60598499	0.0253626201472
2469.92014425	0.0253625792307
2470.23430352	0.0253625383872
2470.54846278	0.0253624976017
2470.86262205	0.0253624568263
2471.17678131	0.0253624160384
2471.49094058	0.0253623752673
2471.80509984	0.0253623345019
2472.11925911	0.0253622937149
2472.43341838	0.0253622529323
2472.74757764	0.0253622121918
2473.06173691	0.0253621714777
2473.37589617	0.0253621307525
2473.69005544	0.0253620900046
2474.0042147	0.0253620492317
2474.31837397	0.0253620084174
2474.63253323	0.0253619675555
2474.9466925	0.0253619266447
2475.26085176	0.025361885723
2475.57501103	0.0253618448217
2475.88917029	0.0253618039586
2476.20332956	0.0253617631562
2476.51748883	0.0253617224239
2476.83164809	0.0253616817448
2477.14580736	0.0253616410658
2477.45996662	0.0253616003771
2477.77412589	0.025361559707
2478.08828515	0.0253615190356
2478.40244442	0.0253614783451
2478.71660368	0.0253614376683
2479.03076295	0.0253613970356
2479.34492221	0.0253613564234
2479.65908148	0.0253613157975
2479.97324074	0.0253612751509
2480.28740001	0.0253612344776
2480.60155927	0.0253611937609
2480.91571854	0.0253611529945
2481.22987781	0.0253611121831
2481.54403707	0.0253610713675
2481.85819634	0.0253610305739
2482.1723556	0.0253609898212
2482.48651487	0.0253609491305
2482.80067413	0.0253609085087
2483.1148334	0.025360867934
2483.42899266	0.0253608273512
2483.74315193	0.0253607867628
2484.05731119	0.0253607461928
2484.37147046	0.0253607056171
2484.68562972	0.0253606650231
2484.99978899	0.0253606244509
2485.31394826	0.0253605839254
2485.62810752	0.0253605434132
2485.94226679	0.0253605028843
2486.25642605	0.0253604623362
2486.57058532	0.0253604217601
2486.88474458	0.0253603811392
2487.19890385	0.0253603404671
2487.51306311	0.0253602997557
2487.82722238	0.0253602590448
2488.14138164	0.0253602183576
2488.45554091	0.0253601777149
2488.76970017	0.0253601371362
2489.08385944	0.0253600966243
2489.3980187	0.0253600561502
2489.71217797	0.0253600156607
2490.02633724	0.0253599751734
2490.3404965	0.0253599347037
2490.65465577	0.0253598942213
2490.96881503	0.0253598537254
2491.2829743	0.0253598132598
2491.59713356	0.0253597728374
2491.91129283	0.0253597324235
2492.22545209	0.0253596919922
2492.53961136	0.0253596515411
2492.85377062	0.0253596110602
2493.16792989	0.025359570534
2493.48208915	0.0253595299556
2493.79624842	0.0253594893434
2494.11040769	0.0253594487371
2494.42456695	0.025359408156
2494.73872622	0.0253593676226
2495.05288548	0.0253593271549
2495.36704475	0.0253592867514
2495.68120401	0.0253592463753
2495.99536328	0.0253592059812
2496.30952254	0.025359165594
2496.62368181	0.0253591252198
2496.93784107	0.0253590848295
2497.25200034	0.0253590444324
2497.5661596	0.0253590040727
2497.88031887	0.0253589637521
2498.19447813	0.025358923434
2498.5086374	0.0253588830984
2498.82279667	0.0253588427441
2499.13695593	0.0253588023572
2499.4511152	0.0253587619242
2499.76527446	0.025358721439
2500.07943373	0.0253586809264
2500.39359299	0.0253586404245
2500.70775226	0.0253585999501
2501.02191152	0.0253585595261
2501.33607079	0.0253585191685
2501.65023005	0.0253584788715
2501.96438932	0.0253584385906
2502.27854858	0.0253583982922
2502.59270785	0.0253583580039
2502.90686712	0.0253583177233
2503.22102638	0.0253582774245
2503.53518565	0.0253582371264
2503.84934491	0.0253581968703
2504.16350418	0.0253581566486
2504.47766344	0.0253581164254
2504.79182271	0.0253580761853
2505.10598197	0.0253580359266
2505.42014124	0.0253579956329
2505.7343005	0.0253579552928
2506.04845977	0.0253579149019
2506.36261903	0.02535787449
2506.6767783	0.0253578340918
2506.99093756	0.0253577937233
2507.30509683	0.0253577534076
2507.6192561	0.0253577131584
2507.93341536	0.0253576729648
2508.24757463	0.0253576327762
2508.56173389	0.0253575925725
2508.87589316	0.0253575523815
2509.19005242	0.0253575121923
2509.50421169	0.0253574719847
2509.81837095	0.0253574317867
2510.13253022	0.0253573916342
2510.44668948	0.0253573515105
2510.76084875	0.0253573113817
2511.07500801	0.0253572712373
2511.38916728	0.0253572310736
2511.70332655	0.0253571908721
2512.01748581	0.0253571506237
2512.33164508	0.0253571103263
2512.64580434	0.025357070014
2512.95996361	0.0253570297185
2513.27412287	0.0253569894552
2513.58828214	0.0253569492466
2513.9024414	0.0253569091041
2514.21660067	0.0253568690114
2514.53075993	0.0253568289141
2514.8449192	0.025356788805
2515.15907846	0.0253567487097
2515.47323773	0.0253567086109
2515.78739699	0.0253566684946
2516.10155626	0.0253566283969
2516.41571553	0.0253565883463
2516.72987479	0.0253565483189
2517.04403406	0.0253565082839
2517.35819332	0.0253564682341
2517.67235259	0.0253564281645
2517.98651185	0.0253563880546
2518.30067112	0.0253563478968
2518.61483038	0.0253563076929
2518.92898965	0.0253562674802
2519.24314891	0.0253562272859
2519.55730818	0.0253561871274
2519.87146744	0.0253561470251
2520.18562671	0.0253561069876
2520.49978598	0.0253560669919
2520.81394524	0.025356026984
2521.12810451	0.0253559869705
2521.44226377	0.0253559469698
2521.75642304	0.02535590696
2522.0705823	0.0253558669357
2522.38474157	0.0253558269388
2522.69890083	0.0253557869883
2523.0130601	0.0253557470557
2523.32721936	0.0253557071136
2523.64137863	0.0253556671582
2523.95553789	0.0253556271809
2524.26969716	0.0253555871621
2524.58385642	0.025355547094
2524.89801569	0.0253555069834
2525.21217496	0.0253554668698
2525.52633422	0.0253554267765
2525.84049349	0.0253553867212
2526.15465275	0.025355346724
2526.46881202	0.0253553067899
2526.78297128	0.0253552668895
2527.09713055	0.0253552269715
2527.41128981	0.0253551870525
2527.72544908	0.0253551471432
2528.03960834	0.0253551072214
2528.35376761	0.0253550672911
2528.66792687	0.0253550273948
2528.98208614	0.0253549875426
2529.29624541	0.0253549477029
2529.61040467	0.0253549078539
2529.92456394	0.0253548679908
2530.2387232	0.0253548281043
2530.55288247	0.0253547881747
2530.86704173	0.025354748195
2531.181201	0.0253547081778
2531.49536026	0.0253546681637
2531.80951953	0.0253546281708
2532.12367879	0.0253545882176
2532.43783806	0.0253545483253
2532.75199732	0.0253545084944
2533.06615659	0.025354468686
2533.38031586	0.0253544288584
2533.69447512	0.0253543890321
2534.00863439	0.0253543492125
2534.32279365	0.0253543093794
2534.63695292	0.0253542695426
2534.95111218	0.0253542297451
2535.26527145	0.0253541899894
2535.57943071	0.0253541502408
2535.89358998	0.0253541104832
2536.20774924	0.025354070714
2536.52190851	0.0253540309158
2536.83606777	0.0253539910736
2537.15022704	0.0253539511833
2537.4643863	0.0253539112596
2537.77854557	0.0253538713429
2538.09270484	0.02535383145
2538.4068641	0.0253537915997
2538.72102337	0.0253537518118
2539.03518263	0.0253537120811
2539.3493419	0.0253536723613
2539.66350116	0.0253536326242
2539.97766043	0.025353592892
2540.29181969	0.0253535531611
2540.60597896	0.0253535134141
2540.92013822	0.0253534736723
2541.23429749	0.0253534339736
2541.54845675	0.0253533943115
2541.86261602	0.0253533546543
2542.17677529	0.025353314988
2542.49093455	0.0253532753089
2542.80509382	0.0253532355987
2543.11925308	0.0253531958447
2543.43341235	0.0253531560421
2543.74757161	0.0253531162119
2544.06173088	0.0253530763926
2544.37589014	0.0253530365984
2544.69004941	0.0253529968502
2545.00420867	0.025352957165
2545.31836794	0.0253529175316
2545.6325272	0.0253528779003
2545.94668647	0.0253528382532
2546.26084573	0.0253527986121
2546.575005	0.0253527589682
2546.88916427	0.0253527193085
2547.20332353	0.0253526796621
2547.5174828	0.0253526400615
2547.83164206	0.025352600492
2548.14580133	0.0253525609244
2548.45996059	0.0253525213487
2548.77411986	0.0253524817595
2549.08827912	0.0253524421362
2549.40243839	0.0253524024692
2549.71659765	0.0253523627542
2550.03075692	0.0253523230176
2550.34491618	0.0253522832951
2550.65907545	0.0253522435994
2550.97323472	0.0253522039521
2551.28739398	0.025352164368
2551.60155325	0.0253521248294
2551.91571251	0.0253520852843
2552.22987178	0.0253520457267
2552.54403104	0.0253520061755
2552.85819031	0.0253519666175
2553.17234957	0.0253519270452
2553.48650884	0.0253518874942
2553.8006681	0.0253518479905
2554.11482737	0.0253518085124
2554.42898663	0.0253517690338
2554.7431459	0.0253517295483
2555.05730516	0.0253516900481
2555.37146443	0.0253516505109
2555.6856237	0.0253516109297
2555.99978296	0.025351571302
2556.31394223	0.0253515316588
2556.62810149	0.0253514920322
2556.94226076	0.0253514524345
2557.25642002	0.0253514128876
2557.57057929	0.025351373403
2557.88473855	0.025351333957
2558.19889782	0.0253512944973
2558.51305708	0.025351255029
2558.82721635	0.025351215566
2559.14137561	0.0253511760926
2559.45553488	0.0253511366083
2559.76969415	0.0253510971526
2560.08385341	0.0253510577437
2560.39801268	0.0253510183554
2560.71217194	0.0253509789656
2561.02633121	0.0253509395699
2561.34049047	0.0253509001571
2561.65464974	0.0253508607048
2561.968809	0.0253508212087
2562.28296827	0.0253507816686
2562.59712753	0.0253507421184
2562.9112868	0.0253507025869
2563.22544606	0.0253506630864
2563.53960533	0.025350623639
2563.85376459	0.0253505842525
2564.16792386	0.0253505448959
2564.48208313	0.0253505055226
2564.79624239	0.0253504661428
2565.11040166	0.0253504267658
2565.42456092	0.0253503873763
2565.73872019	0.0253503479813
2566.05287945	0.0253503086205
2566.36703872	0.025350269304
2566.68119798	0.0253502300044
2566.99535725	0.0253501907031
2567.30951651	0.0253501513961
2567.62367578	0.0253501120691
2567.93783504	0.0253500727011
2568.25199431	0.0253500332897
2568.56615358	0.0253499938372
2568.88031284	0.025349954379
2569.19447211	0.0253499149427
2569.50863137	0.0253498755393
2569.82279064	0.02534983619
2570.1369499	0.0253497968993
2570.45110917	0.0253497576305
2570.76526843	0.0253497183426
2571.0794277	0.0253496790498
2571.39358696	0.025349639758
2571.70774623	0.0253496004523
2572.02190549	0.0253495611472
2572.33606476	0.0253495218807
2572.65022402	0.0253494826548
2572.96438329	0.0253494434427
2573.27854256	0.0253494042294
2573.59270182	0.0253493650103
2573.90686109	0.025349325768
2574.22102035	0.0253492864827
2574.53517962	0.0253492471555
2574.84933888	0.0253492077909
2575.16349815	0.0253491684251
2575.47765741	0.0253491290814
2575.79181668	0.0253490897746
2576.10597594	0.0253490505241
2576.42013521	0.0253490113281
2576.73429447	0.0253489721434
2577.04845374	0.0253489329407
2577.36261301	0.0253488937363
2577.67677227	0.0253488545269
2577.99093154	0.0253488153038
2578.3050908	0.0253487760891
2578.61925007	0.0253487369162
2578.93340933	0.0253486977798
2579.2475686	0.0253486586548
2579.56172786	0.0253486195283
2579.87588713	0.0253485803946
2580.19004639	0.0253485412363
2580.50420566	0.0253485020352
2580.81836492	0.0253484627902
2581.13252419	0.0253484235121
2581.44668345	0.0253483842386
2581.76084272	0.0253483449881
2582.07500199	0.0253483057766
2582.38916125	0.0253482666225
2582.70332052	0.0253482275191
2583.01747978	0.0253481884188
2583.33163905	0.0253481493014
2583.64579831	0.0253481101813
2583.95995758	0.025348071055
2584.27411684	0.0253480319161
2584.58827611	0.0253479927907
2584.90243537	0.0253479537107
2585.21659464	0.0253479146621
2585.5307539	0.0253478756227
2585.84491317	0.025347836583
2586.15907244	0.0253477975356
2586.4732317	0.0253477584582
2586.78739097	0.0253477193386
2587.10155023	0.0253476801769
2587.4157095	0.0253476409857
2587.72986876	0.0253476018029
2588.04402803	0.0253475626447
2588.35818729	0.0253475235291
2588.67234656	0.0253474844709
2588.98650582	0.0253474454577
2589.30066509	0.025347406439
2589.61482435	0.0253473674064
2589.92898362	0.0253473283719
2590.24314288	0.0253472893278
2590.55730215	0.0253472502708
2590.87146142	0.0253472112358
2591.18562068	0.0253471722479
2591.49977995	0.0253471332868
2591.81393921	0.0253470943319
2592.12809848	0.0253470553775
2592.44225774	0.0253470164146
2592.75641701	0.0253469774182
2593.07057627	0.0253469383801
2593.38473554	0.0253468993003
2593.6988948	0.0253468601961
2594.01305407	0.0253468211033
2594.32721333	0.0253467820373
2594.6413726	0.0253467430161
2594.95553187	0.0253467040525
2595.26969113	0.025346665127
2595.5838504	0.0253466261907
2595.89800966	0.0253465872416
2596.21216893	0.0253465482893
2596.52632819	0.0253465093259
2596.84048746	0.0253464703537
2597.15464672	0.0253464314096
2597.46880599	0.0253463925111
2597.78296525	0.0253463536351
2598.09712452	0.025346314765
2598.41128378	0.0253462758963
2598.72544305	0.0253462370162
2599.03960232	0.0253461980994
2599.35376158	0.0253461591421
2599.66792085	0.0253461201445
2599.98208011	0.0253460811271
2600.29623938	0.0253460421241
2600.61039864	0.0253460031497
2600.92455791	0.0253459642219
2601.23871717	0.0253459253515
2601.55287644	0.0253458865108
2601.8670357	0.0253458476569
2602.18119497	0.0253458087908
2602.49535423	0.0253457699194
2602.8095135	0.0253457310362
2603.12367276	0.0253456921489
2603.43783203	0.0253456532949
2603.7519913	0.0253456144838
2604.06615056	0.0253455756921
2604.38030983	0.0253455369064
2604.69446909	0.0253454981225
2605.00862836	0.0253454593238
2605.32278762	0.0253454204863
2605.63694689	0.0253453816095
2605.95110615	0.0253453426934
2606.26526542	0.0253453037623
2606.57942468	0.0253452648486
2606.89358395	0.0253452259652
2607.20774321	0.0253451871305
2607.52190248	0.0253451483518
2607.83606175	0.0253451095941
2608.15022101	0.0253450708213
2608.46438028	0.0253450320377
2608.77853954	0.0253449932468
2609.09269881	0.025344954443
2609.40685807	0.025344915641
2609.72101734	0.0253448768764
2610.0351766	0.0253448381512
2610.34933587	0.025344799443
2610.66349513	0.0253447607413
2610.9776544	0.0253447220411
2611.29181366	0.0253446833223
2611.60597293	0.0253446445633
2611.92013219	0.0253446057665
2612.23429146	0.0253445669317
2612.54845073	0.0253445280864
2612.86260999	0.0253444892614
2613.17676926	0.0253444504686
2613.49092852	0.0253444117258
2613.80508779	0.0253443730371
2614.11924705	0.0253443343612
2614.43340632	0.0253442956691
2614.74756558	0.025344256967
2615.06172485	0.0253442182555
2615.37588411	0.0253441795307
2615.69004338	0.025344140814
2616.00420264	0.025344102138
2616.31836191	0.025344063498
2616.63252118	0.0253440248723
2616.94668044	0.0253439862537
2617.26083971	0.0253439476362
2617.57499897	0.0253439089961
2617.88915824	0.025343870315
2618.2033175	0.0253438315977
2618.51747677	0.0253437928442
2618.83163603	0.0253437540838
2619.1457953	0.0253437153475
2619.45995456	0.0253436766451
2619.77411383	0.0253436379924
2620.08827309	0.0253435993914
2620.40243236	0.0253435607964
2620.71659162	0.0253435221835
2621.03075089	0.0253434835618
2621.34491016	0.0253434449292
2621.65906942	0.0253434062834
2621.97322869	0.0253433676524
2622.28738795	0.0253433290643
2622.60154722	0.025343290508
2622.91570648	0.0253432519641
2623.22986575	0.025343213428
2623.54402501	0.0253431748922
2623.85818428	0.0253431363303
2624.17234354	0.0253430977259
2624.48650281	0.0253430590876
2624.80066207	0.0253430204154
2625.11482134	0.0253429817398
2625.42898061	0.0253429430904
2625.74313987	0.0253429044778
2626.05729914	0.0253428659166
2626.3714584	0.0253428274005
2626.68561767	0.0253427888832
2626.99977693	0.0253427503505
2627.3139362	0.0253427118092
2627.62809546	0.0253426732527
2627.94225473	0.0253426346861
2628.25641399	0.0253425961418
2628.57057326	0.0253425576404
2628.88473252	0.0253425191662
2629.19889179	0.025342480704
2629.51305105	0.0253424422498
2629.82721032	0.0253424037933
2630.14136959	0.0253423653088
2630.45552885	0.0253423267823
2630.76968812	0.0253422882208
2631.08384738	0.0253422496289
2631.39800665	0.0253422110397
2631.71216591	0.0253421724762
2632.02632518	0.0253421339517
2632.34048444	0.0253420954803
2632.65464371	0.0253420570477
2632.96880297	0.0253420186105
2633.28296224	0.0253419801561
2633.5971215	0.0253419416904
2633.91128077	0.0253419032116
2634.22544004	0.0253418647266
2634.5395993	0.025341826267
2634.85375857	0.0253417878505
2635.16791783	0.0253417494574
2635.4820771	0.0253417110765
2635.79623636	0.0253416727042
2636.11039563	0.0253416343262
2636.42455489	0.0253415959161
2636.73871416	0.0253415574664
2637.05287342	0.0253415189826
2637.36703269	0.0253414804714
2637.68119195	0.0253414419664
2637.99535122	0.025341403489
2638.30951048	0.0253413650537
2638.62366975	0.0253413266709
2638.93782902	0.0253412883187
2639.25198828	0.0253412499593
2639.56614755	0.0253412115841
2639.88030681	0.0253411731961
2640.19446608	0.025341134793
2640.50862534	0.0253410963874
2640.82278461	0.0253410580139
2641.13694387	0.0253410196814
2641.45110314	0.0253409813684
2641.7652624	0.0253409430668
2642.07942167	0.0253409047752
2642.39358093	0.0253408664749
2642.7077402	0.0253408281393
2643.02189947	0.0253407897649
2643.33605873	0.025340751358
2643.650218	0.0253407129275
2643.96437726	0.0253406745065
2644.27853653	0.025340636115
2644.59269579	0.0253405977673
2644.90685506	0.0253405594721
2645.22101432	0.0253405212
2645.53517359	0.0253404829178
2645.84933285	0.0253404446199
2646.16349212	0.0253404063074
2646.47765138	0.0253403679806
2646.79181065	0.0253403296565
2647.10596991	0.0253402913673
2647.42012918	0.0253402531155
2647.73428845	0.0253402148816
2648.04844771	0.0253401766605
2648.36260698	0.025340138448
2648.67676624	0.0253401002234
2648.99092551	0.0253400619619
2649.30508477	0.0253400236638
2649.61924404	0.0253399853329
2649.9334033	0.0253399469825
2650.24756257	0.0253399086456
2650.56172183	0.0253398703393
2650.8758811	0.0253398320787
2651.19004036	0.0253397938689
2651.50419963	0.025339755675
2651.8183589	0.0253397174692
2652.13251816	0.0253396792482
2652.44667743	0.0253396410109
2652.76083669	0.0253396027595
2653.07499596	0.0253395645165
2653.38915522	0.0253395263115
2653.70331449	0.0253394881399
2654.01747375	0.0253394499845
2654.33163302	0.025339411843
2654.64579228	0.0253393737094
2654.95995155	0.0253393355593
2655.27411081	0.0253392973713
2655.58827008	0.0253392591484
2655.90242935	0.0253392208938
2656.21658861	0.0253391826239
2656.53074788	0.0253391443695
2656.84490714	0.025339106148
2657.15906641	0.0253390679739
2657.47322567	0.0253390298478
2657.78738494	0.0253389917309
2658.1015442	0.0253389536007
2658.41570347	0.0253389154549
2658.72986273	0.025338877292
2659.044022	0.0253388391165
2659.35818126	0.0253388009542
2659.67234053	0.0253387628323
2659.98649979	0.0253387247407
2660.30065906	0.0253386866632
2660.61481833	0.0253386486004
2660.92897759	0.0253386105445
2661.24313686	0.0253385724683
2661.55729612	0.0253385343534
2661.87145539	0.0253384962051
2662.18561465	0.0253384580263
2662.49977392	0.0253384198356
2662.81393318	0.025338381664
2663.12809245	0.0253383435274
2663.44225171	0.0253383054386
2663.75641098	0.0253382673928
2664.07057024	0.0253382293529
2664.38472951	0.0253381912982
2664.69888878	0.0253381532259
2665.01304804	0.0253381151359
2665.32720731	0.0253380770365
2665.64136657	0.0253380389564
2665.95552584	0.0253380009164
2666.2696851	0.0253379629023
2666.58384437	0.0253379249023
2666.89800363	0.0253378869185
2667.2121629	0.0253378489389
2667.52632216	0.0253378109347
2667.84048143	0.0253377728926
2668.15464069	0.0253377348192
2668.46879996	0.0253376967154
2668.78295922	0.0253376586041
2669.09711849	0.0253376205147
2669.41127776	0.0253375824616
2669.72543702	0.0253375444568
2670.03959629	0.0253375064898
2670.35375555	0.0253374685262
2670.66791482	0.0253374305453
2670.98207408	0.0253373925453
2671.29623335	0.0253373545296
2671.61039261	0.0253373165071
2671.92455188	0.0253372785076
2672.23871114	0.0253372405475
2672.55287041	0.0253372026102
2672.86702967	0.0253371646882
2673.18118894	0.0253371267817
2673.49534821	0.0253370888768
2673.80950747	0.0253370509442
2674.12366674	0.0253370129741
2674.437826	0.0253369749756
2674.75198527	0.0253369369474
2675.06614453	0.0253368989133
2675.3803038	0.025336860906
2675.69446306	0.0253368229373
2676.00862233	0.0253367850161
2676.32278159	0.0253367471261
2676.63694086	0.0253367092363
2676.95110012	0.0253366713307
2677.26525939	0.0253366334034
2677.57941865	0.0253365954595
2677.89357792	0.0253365575138
2678.20773719	0.0253365195953
2678.52189645	0.0253364817141
2678.83605572	0.0253364438529
2679.15021498	0.0253364060069
2679.46437425	0.0253363681772
2679.77853351	0.0253363303451
2680.09269278	0.0253362924839
2680.40685204	0.0253362545863
2680.72101131	0.0253362166593
2681.03517057	0.0253361787063
2681.34932984	0.0253361407518
2681.6634891	0.0253361028251
2681.97764837	0.0253360649394
2682.29180764	0.0253360271004
2682.6059669	0.0253359892871
2682.92012617	0.0253359514716
2683.23428543	0.0253359136381
2683.5484447	0.0253358757827
2683.86260396	0.025335837911
2684.17676323	0.0253358000423
2684.49092249	0.0253357622041
2684.80508176	0.0253357244
2685.11924102	0.0253356866132
2685.43340029	0.0253356488441
2685.74755955	0.0253356110903
2686.06171882	0.0253355733301
2686.37587808	0.0253355355377
2686.69003735	0.0253354977117
2687.00419662	0.0253354598579
2687.31835588	0.0253354219798
2687.63251515	0.0253353841036
2687.94667441	0.0253353462578
2688.26083368	0.0253353084546
2688.57499294	0.0253352706959
2688.88915221	0.025335232958
2689.20331147	0.0253351952162
2689.51747074	0.0253351574544
2689.83163	0.0253351196705
2690.14578927	0.025335081871
2690.45994853	0.0253350440785
2690.7741078	0.0253350063198
2691.08826707	0.0253349685919
2691.40242633	0.0253349308796
2691.7165856	0.0253348931854
2692.03074486	0.0253348555063
2692.34490413	0.0253348178175
2692.65906339	0.0253347800949
2692.97322266	0.0253347423396
2693.28738192	0.0253347045576
2693.60154119	0.0253346667543
2693.91570045	0.0253346289564
2694.22985972	0.0253345911908
2694.54401898	0.0253345534692
2694.85817825	0.0253345157894
2695.17233751	0.0253344781268
2695.48649678	0.025334440457
2695.80065605	0.025334402765
2696.11481531	0.0253343650516
2696.42897458	0.025334327325
2696.74313384	0.0253342896096
2697.05729311	0.0253342519287
2697.37145237	0.0253342142753
2697.68561164	0.0253341766373
2697.9997709	0.0253341390187
2698.31393017	0.0253341014133
2698.62808943	0.0253340637938
2698.9422487	0.0253340261406
2699.25640796	0.0253339884562
2699.57056723	0.0253339507457
2699.8847265	0.025333913017
2700.19888576	0.0253338752967
2700.51304503	0.0253338376107
2700.82720429	0.0253337999701
2701.14136356	0.0253337623674
2701.45552282	0.0253337247786
2701.76968209	0.0253336871799
2702.08384135	0.0253336495574
2702.39800062	0.0253336119138
2702.71215988	0.02533357426
2703.02631915	0.0253335366214
2703.34047841	0.0253334990174
2703.65463768	0.0253334614378
2703.96879694	0.0253334238736
2704.28295621	0.0253333863296
2704.59711548	0.0253333487966
2704.91127474	0.0253333112457
2705.22543401	0.0253332736616
2705.53959327	0.0253332360477
2705.85375254	0.0253331984082
2706.1679118	0.0253331607539
2706.48207107	0.0253331231109
2706.79623033	0.0253330855043
2707.1103896	0.0253330479436
2707.42454886	0.0253330104166
2707.73870813	0.0253329729007
2708.05286739	0.0253329353723
2708.36702666	0.0253328978185
2708.68118593	0.0253328602445
2708.99534519	0.0253328226634
2709.30950446	0.0253327851012
2709.62366372	0.0253327475727
2709.93782299	0.0253327100661
2710.25198225	0.0253326725753
2710.56614152	0.0253326351049
2710.88030078	0.0253325976432
2711.19446005	0.0253325601599
2711.50861931	0.0253325226447
2711.82277858	0.025332485101
2712.13693784	0.0253324475324
2712.45109711	0.0253324099518
2712.76525637	0.0253323723857
2713.07941564	0.0253323348578
2713.39357491	0.0253322973748
2713.70773417	0.0253322599223
2714.02189344	0.0253322224784
2714.3360527	0.0253321850192
2714.65021197	0.0253321475334
2714.96437123	0.0253321100287
2715.2785305	0.0253320725204
2715.59268976	0.0253320350343
2715.90684903	0.0253319975805
2716.22100829	0.0253319601458
2716.53516756	0.025331922728
2716.84932682	0.0253318853317
2717.16348609	0.0253318479399
2717.47764536	0.0253318105242
2717.79180462	0.0253317730775
2718.10596389	0.0253317356037
2718.42012315	0.0253316981049
2718.73428242	0.0253316605981
2719.04844168	0.0253316231085
2719.36260095	0.0253315856589
2719.67676021	0.0253315482527
2719.99091948	0.0253315108747
2720.30507874	0.0253314735009
2720.61923801	0.0253314361086
2720.93339727	0.0253313986903
2721.24755654	0.0253313612554
2721.56171581	0.02533132382
2721.87587507	0.0253312864092
2722.19003434	0.025331249028
2722.5041936	0.0253312116661
2722.81835287	0.0253311743224
2723.13251213	0.0253311369982
2723.4466714	0.0253310996751
2723.76083066	0.0253310623266
2724.07498993	0.0253310249476
2724.38914919	0.0253309875428
2724.70330846	0.0253309501145
2725.01746772	0.0253309126799
2725.33162699	0.0253308752673
2725.64578625	0.0253308378957
2725.95994552	0.0253308005653
2726.27410479	0.0253307632602
2726.58826405	0.0253307259566
2726.90242332	0.0253306886313
2727.21658258	0.0253306512792
2727.53074185	0.0253306139134
2727.84490111	0.0253305765507
2728.15906038	0.0253305392151
2728.47321964	0.0253305019067
2728.78737891	0.0253304646153
2729.10153817	0.0253304273435
2729.41569744	0.025330390091
2729.7298567	0.0253303528369
2730.04401597	0.0253303155537
2730.35817524	0.0253302782422
2730.6723345	0.0253302409059
2730.98649377	0.0253302035472
2731.30065303	0.0253301661858
2731.6148123	0.0253301288489
2731.92897156	0.0253300915549
2732.24313083	0.0253300542989
2732.55729009	0.0253300170659
2732.87144936	0.0253299798321
2733.18560862	0.0253299425724
2733.49976789	0.0253299052879
2733.81392715	0.0253298679913
2734.12808642	0.0253298307019
2734.44224568	0.0253297934382
2734.75640495	0.0253297562007
2735.07056422	0.0253297189799
2735.38472348	0.0253296817809
2735.69888275	0.0253296445983
2736.01304201	0.0253296074092
2736.32720128	0.0253295701923
2736.64136054	0.0253295329487
2736.95551981	0.0253294956794
2737.26967907	0.0253294583913
2737.58383834	0.0253294211034
2737.8979976	0.0253293838417
2738.21215687	0.0253293466243
2738.52631613	0.0253293094428
2738.8404754	0.0253292722819
2739.15463467	0.0253292351156
2739.46879393	0.0253291979214
2739.7829532	0.0253291607045
2740.09711246	0.0253291234762
2740.41127173	0.0253290862587
2740.72543099	0.0253290490684
2741.03959026	0.0253290119017
2741.35374952	0.0253289747503
2741.66790879	0.0253289376215
2741.98206805	0.0253289005086
2742.29622732	0.025328863386
2742.61038658	0.0253288262338
2742.92454585	0.025328789056
2743.23870511	0.0253287518547
2743.55286438	0.0253287146366
2743.86702365	0.0253286774204
2744.18118291	0.0253286402349
2744.49534218	0.0253286030922
2744.80950144	0.0253285659845
2745.12366071	0.0253285288943
2745.43781997	0.0253284917929
2745.75197924	0.0253284546637
2746.0661385	0.0253284175134
2746.38029777	0.0253283803551
2746.69445703	0.025328343209
2747.0086163	0.0253283060899
2747.32277556	0.0253282689918
2747.63693483	0.025328231911
2747.9510941	0.025328194853
2748.26525336	0.0253281578079
2748.57941263	0.0253281207496
2748.89357189	0.0253280836628
2749.20773116	0.0253280465522
2749.52189042	0.0253280094177
2749.83604969	0.0253279722681
2750.15020895	0.025327935125
2750.46436822	0.0253278980153
2750.77852748	0.0253278609458
2751.09268675	0.0253278239107
2751.40684601	0.0253277868898
2751.72100528	0.0253277498536
2752.03516454	0.0253277127878
2752.34932381	0.0253276757039
2752.66348308	0.0253276386152
2752.97764234	0.0253276015395
2753.29180161	0.0253275644903
2753.60596087	0.0253275274609
2753.92012014	0.0253274904505
2754.2342794	0.0253274534615
2754.54843867	0.0253274164829
2754.86259793	0.0253273794894
2755.1767572	0.0253273424677
2755.49091646	0.025327305423
2755.80507573	0.0253272683547
2756.11923499	0.0253272312747
2756.43339426	0.0253271942045
2756.74755353	0.025327157168
2757.06171279	0.025327120172
2757.37587206	0.0253270832084
2757.69003132	0.0253270462563
2758.00419059	0.0253270092828
2758.31834985	0.0253269722815
2758.63250912	0.0253269352638
2758.94666838	0.0253268982436
2759.26082765	0.025326861239
2759.57498691	0.0253268242587
2759.88914618	0.0253267872979
2760.20330544	0.0253267503562
2760.51746471	0.0253267134366
2760.83162397	0.0253266765231
2761.14578324	0.0253266395933
2761.45994251	0.0253266026362
2761.77410177	0.0253265656577
2762.08826104	0.0253265286548
2762.4024203	0.0253264916435
2762.71657957	0.0253264546458
2763.03073883	0.0253264176825
2763.3448981	0.0253263807595
2763.65905736	0.0253263438667
2763.97321663	0.0253263069801
2764.28737589	0.0253262700695
2764.60153516	0.0253262331328
2764.91569442	0.0253261961812
2765.22985369	0.0253261592293
2765.54401296	0.0253261222944
2765.85817222	0.0253260853826
2766.17233149	0.0253260484898
2766.48649075	0.0253260116167
2766.80065002	0.0253259747649
2767.11480928	0.0253259379168
2767.42896855	0.0253259010499
2767.74312781	0.0253258641571
2768.05728708	0.0253258272428
2768.37144634	0.025325790306
2768.68560561	0.0253257533637
2768.99976487	0.025325716438
2769.31392414	0.0253256795465
2769.6280834	0.0253256426956
2769.94224267	0.0253256058728
2770.25640194	0.0253255690502
2770.5705612	0.0253255322018
2770.88472047	0.0253254953294
2771.19887973	0.0253254584435
2771.513039	0.0253254215597
2771.82719826	0.0253253846933
2772.14135753	0.0253253478503
2772.45551679	0.0253253110245
2772.76967606	0.0253252742206
2773.08383532	0.0253252374348
2773.39799459	0.0253252006513
2773.71215385	0.0253251638464
2774.02631312	0.0253251270171
2774.34047239	0.0253250901681
2774.65463165	0.0253250532966
2774.96879092	0.0253250164215
2775.28295018	0.0253249795679
2775.59710945	0.0253249427494
2775.91126871	0.0253249059691
2776.22542798	0.0253248692143
2776.53958724	0.0253248324557
2776.85374651	0.0253247956699
2777.16790577	0.0253247588603
2777.48206504	0.02532472204
2777.7962243	0.025324685224
2778.11038357	0.0253246484269
2778.42454284	0.02532461165
2778.7387021	0.0253245748903
2779.05286137	0.0253245381538
2779.36702063	0.0253245014347
2779.6811799	0.0253244647148
2779.99533916	0.0253244279714
2780.30949843	0.0253243912052
2780.62365769	0.02532435442
2780.93781696	0.0253243176137
2781.25197622	0.0253242808073
2781.56613549	0.0253242440249
2781.88029475	0.0253242072782
2782.19445402	0.0253241705682
2782.50861328	0.0253241338804
2782.82277255	0.0253240971845
2783.13693182	0.0253240604604
2783.45109108	0.0253240237148
2783.76525035	0.0253239869603
2784.07940961	0.0253239502109
2784.39356888	0.0253239134803
2784.70772814	0.0253238767695
2785.02188741	0.0253238400773
2785.33604667	0.0253238034077
2785.65020594	0.0253237667527
2785.9643652	0.0253237300943
2786.27852447	0.0253236934132
2786.59268373	0.0253236567106
2786.906843	0.0253236199884
2787.22100227	0.0253235832479
2787.53516153	0.0253235465096
2787.8493208	0.0253235097983
2788.16348006	0.0253234731221
2788.47763933	0.0253234364814
2788.79179859	0.0253233998594
2789.10595786	0.0253233632253
2789.42011712	0.0253233265627
2789.73427639	0.0253232898799
2790.04843565	0.0253232531898
2790.36259492	0.0253232165079
2790.67675418	0.0253231798448
2790.99091345	0.0253231431993
2791.30507271	0.0253231065725
2791.61923198	0.0253230699682
2791.93339125	0.0253230333783
2792.24755051	0.0253229967814
2792.56170978	0.0253229601609
2792.87586904	0.0253229235207
2793.19002831	0.0253228868621
2793.50418757	0.0253228501867
2793.81834684	0.0253228135165
2794.1325061	0.0253227768755
2794.44666537	0.0253227402699
2794.76082463	0.0253227036976
2795.0749839	0.0253226671394
2795.38914316	0.0253226305656
2795.70330243	0.025322593964
2796.0174617	0.0253225573442
2796.33162096	0.025322520719
2796.64578023	0.0253224841033
2796.95993949	0.0253224475059
2797.27409876	0.0253224109249
2797.58825802	0.0253223743649
2797.90241729	0.025322337826
2798.21657655	0.0253223012993
2798.53073582	0.0253222647628
2798.84489508	0.0253222282039
2799.15905435	0.025322191626
2799.47321361	0.0253221550297
2799.78737288	0.0253221184187
2800.10153214	0.0253220818169
2800.41569141	0.0253220452462
2800.72985068	0.0253220087098
2801.04400994	0.0253219722043
2801.35816921	0.0253219357091
2801.67232847	0.0253218991961
2801.98648774	0.0253218626552
2802.300647	0.0253218260973
2802.61480627	0.0253217895366
2802.92896553	0.0253217529863
2803.2431248	0.025321716454
2803.55728406	0.0253216799382
2803.87144333	0.0253216434431
2804.18560259	0.0253216069683
2804.49976186	0.025321570504
2804.81392113	0.025321534028
2805.12808039	0.0253214975298
2805.44223966	0.0253214610139
2805.75639892	0.0253214244793
2806.07055819	0.0253213879332
2806.38471745	0.0253213513997
2806.69887672	0.0253213148979
2807.01303598	0.0253212784301
2807.32719525	0.0253212419905
2807.64135451	0.0253212055584
2807.95551378	0.0253211691043
2808.26967304	0.025321132624
2808.58383231	0.0253210961285
2808.89799157	0.025321059632
2809.21215084	0.0253210231471
2809.52631011	0.0253209866779
2809.84046937	0.0253209502262
2810.15462864	0.0253209137953
2810.4687879	0.0253208773846
2810.78294717	0.0253208409812
2811.09710643	0.0253208045649
2811.4112657	0.0253207681276
2811.72542496	0.0253207316731
2812.03958423	0.0253206952005
2812.35374349	0.0253206587188
2812.66790276	0.0253206222534
2812.98206202	0.0253205858205
2813.29622129	0.0253205494204
2813.61038056	0.0253205130458
2813.92453982	0.0253204766743
2814.23869909	0.0253204402797
2814.55285835	0.02532040386
2814.86701762	0.0253203674266
2815.18117688	0.0253203309938
2815.49533615	0.0253202945731
2815.80949541	0.0253202581675
2816.12365468	0.0253202217792
2816.43781394	0.0253201854121
2816.75197321	0.0253201490638
2817.06613247	0.0253201127216
2817.38029174	0.0253200763641
2817.694451	0.0253200399871
2818.00861027	0.0253200035928
2818.32276954	0.0253199671829
2818.6369288	0.0253199307654
2818.95108807	0.0253198943666
2819.26524733	0.0253198580015
2819.5794066	0.0253198216682
2819.89356586	0.0253197853568
2820.20772513	0.0253197490448
2820.52188439	0.0253197127091
2820.83604366	0.0253196763492
2821.15020292	0.025319639978
2821.46436219	0.0253196036088
2821.77852145	0.0253195672517
2822.09268072	0.025319530909
2822.40683999	0.0253194945847
2822.72099925	0.0253194582815
2823.03515852	0.0253194219958
2823.34931778	0.0253193857132
2823.66347705	0.0253193494144
2823.97763631	0.0253193130975
2824.29179558	0.0253192767651
2824.60595484	0.0253192404149
2824.92011411	0.025319204061
2825.23427337	0.0253191677305
2825.54843264	0.0253191314328
2825.8625919	0.0253190951641
2826.17675117	0.0253190589149
2826.49091043	0.0253190226633
2826.8050697	0.0253189863862
2827.11922897	0.025318950085
2827.43338823	0.0253189137752
2827.7475475	0.0253188774688
2828.06170676	0.0253188411758
2828.37586603	0.0253188048956
2828.69002529	0.0253187686335
2829.00418456	0.0253187323932
2829.31834382	0.0253186961696
2829.63250309	0.025318659947
2829.94666235	0.0253186237064
2830.26082162	0.0253185874485
2830.57498088	0.0253185511752
2830.88914015	0.0253185148861
2831.20329942	0.0253184785979
2831.51745868	0.0253184423328
2831.83161795	0.0253184061016
2832.14577721	0.025318369897
2832.45993648	0.0253183337111
2832.77409574	0.0253182975166
2833.08825501	0.025318261297
2833.40241427	0.0253182250567
2833.71657354	0.0253181888079
2834.0307328	0.0253181525642
2834.34489207	0.0253181163313
2834.65905133	0.025318080114
2834.9732106	0.0253180439152
2835.28736987	0.025318007737
2835.60152913	0.0253179715725
2835.9156884	0.0253179354079
2836.22984766	0.0253178992262
2836.54400693	0.025317863028
2836.85816619	0.0253178268141
2837.17232546	0.0253177905865
2837.48648472	0.0253177543619
2837.80064399	0.0253177181638
2838.11480325	0.0253176819985
2838.42896252	0.025317645858
2838.74312178	0.0253176097327
2839.05728105	0.0253175735958
2839.37144031	0.0253175374344
2839.68559958	0.0253175012533
2839.99975885	0.0253174650655
2840.31391811	0.0253174288836
2840.62807738	0.0253173927131
2840.94223664	0.0253173565571
2841.25639591	0.0253173204187
2841.57055517	0.0253172843023
2841.88471444	0.0253172481985
2842.1988737	0.0253172120922
2842.51303297	0.0253171759675
2842.82719223	0.0253171398277
2843.1413515	0.0253171036739
2843.45551076	0.0253170675075
2843.76967003	0.025317031347
2844.0838293	0.0253169952151
2844.39798856	0.0253169591147
2844.71214783	0.0253169230368
2845.02630709	0.0253168869708
2845.34046636	0.0253168508917
2845.65462562	0.0253168147879
2845.96878489	0.0253167786655
2846.28294415	0.0253167425373
2846.59710342	0.0253167064173
2846.91126268	0.0253166703071
2847.22542195	0.025316634212
2847.53958121	0.0253165981355
2847.85374048	0.0253165620799
2848.16789974	0.0253165260353
2848.48205901	0.025316489986
2848.79621828	0.0253164539192
2849.11037754	0.0253164178376
2849.42453681	0.025316381743
2849.73869607	0.0253163456371
2850.05285534	0.02531630954
2850.3670146	0.025316273474
2850.68117387	0.0253162374376
2850.99533313	0.0253162014213
2851.3094924	0.025316165414
2851.62365166	0.0253161293918
2851.93781093	0.0253160933456
2852.25197019	0.0253160572809
2852.56612946	0.0253160212133
2852.88028873	0.0253159851533
2853.19444799	0.025315949104
2853.50860726	0.0253159130684
2853.82276652	0.0253158770528
2854.13692579	0.0253158410571
2854.45108505	0.0253158050712
2854.76524432	0.0253157690783
2855.07940358	0.0253157330686
2855.39356285	0.0253156970452
2855.70772211	0.025315661009
2856.02188138	0.0253156249637
2856.33604064	0.0253155889307
2856.65019991	0.0253155529297
2856.96435917	0.0253155169557
2857.27851844	0.0253154810009
2857.59267771	0.0253154450514
2857.90683697	0.0253154090855
2858.22099624	0.0253153730959
2858.5351555	0.02531533709
2858.84931477	0.025315301082
2859.16347403	0.025315265082
2859.4776333	0.0253152290922
2859.79179256	0.0253151931167
2860.10595183	0.0253151571609
2860.42011109	0.0253151212247
2860.73427036	0.0253150852962
2861.04842962	0.0253150493594
2861.36258889	0.0253150134065
2861.67674816	0.0253149774407
2861.99090742	0.0253149414628
2862.30506669	0.0253149054786
2862.61922595	0.025314869509
2862.93338522	0.0253148335718
2863.24754448	0.0253147976599
2863.56170375	0.0253147617656
2863.87586301	0.0253147258725
2864.19002228	0.0253146899623
2864.50418154	0.0253146540295
2864.81834081	0.0253146180814
2865.13250007	0.0253145821326
2865.44665934	0.0253145461921
2865.7608186	0.0253145102612
2866.07497787	0.0253144743459
2866.38913714	0.0253144384503
2866.7032964	0.0253144025726
2867.01745567	0.025314366701
2867.33161493	0.0253143308205
2867.6457742	0.0253142949243
2867.95993346	0.0253142590153
2868.27409273	0.0253142230952
2868.58825199	0.0253141871714
2868.90241126	0.0253141512648
2869.21657052	0.025314115391
2869.53072979	0.0253140795397
2869.84488905	0.0253140437037
2870.15904832	0.0253140078669
2870.47320759	0.0253139720128
2870.78736685	0.0253139361358
2871.10152612	0.0253139002443
2871.41568538	0.0253138643548
2871.72984465	0.0253138284734
2872.04400391	0.025313792603
2872.35816318	0.0253137567463
2872.67232244	0.0253137209091
2872.98648171	0.0253136850904
2873.30064097	0.0253136492759
2873.61480024	0.0253136134495
2873.9289595	0.0253135776088
2874.24311877	0.0253135417578
2874.55727803	0.0253135058955
2874.8714373	0.0253134700318
2875.18559657	0.025313434188
2875.49975583	0.0253133983756
2875.8139151	0.0253133625852
2876.12807436	0.0253133268069
2876.44223363	0.0253132910261
2876.75639289	0.0253132552259
2877.07055216	0.0253132194046
2877.38471142	0.0253131835713
2877.69887069	0.0253131477408
2878.01302995	0.0253131119175
2878.32718922	0.0253130761047
2878.64134848	0.025313040307
2878.95550775	0.0253130045301
2879.26966702	0.0253129687681
2879.58382628	0.0253129330096
2879.89798555	0.0253128972377
2880.21214481	0.0253128614535
2880.52630408	0.0253128256577
2880.84046334	0.0253127898537
2881.15462261	0.0253127540493
2881.46878187	0.0253127182685
2881.78294114	0.0253126825181
2882.0971004	0.0253126467869
2882.41125967	0.0253126110657
2882.72541893	0.0253125753394
2883.0395782	0.0253125395955
2883.35373746	0.0253125038302
2883.66789673	0.0253124680523
2883.982056	0.0253124322797
2884.29621526	0.025312396514
2884.61037453	0.0253123607608
2884.92453379	0.0253123250222
2885.23869306	0.0253122893016
2885.55285232	0.0253122535971
2885.86701159	0.0253122178937
2886.18117085	0.0253121821768
2886.49533012	0.0253121464484
2886.80948938	0.0253121107098
2887.12364865	0.0253120749618
2887.43780791	0.0253120392182
2887.75196718	0.0253120035007
2888.06612645	0.0253119678106
2888.38028571	0.0253119321372
2888.69444498	0.0253118964729
2889.00860424	0.025311860802
2889.32276351	0.0253118251114
2889.63692277	0.0253117894003
2889.95108204	0.02531175368
2890.2652413	0.0253117179652
2890.57940057	0.0253116822578
2890.89355983	0.0253116465603
2891.2077191	0.0253116108782
2891.52187836	0.025311575217
2891.83603763	0.0253115395692
2892.15019689	0.0253115039193
2892.46435616	0.0253114682563
2892.77851543	0.025311432583
2893.09267469	0.0253113969013
2893.40683396	0.0253113612125
2893.72099322	0.0253113255289
2894.03515249	0.0253112898711
2894.34931175	0.0253112542412
2894.66347102	0.0253112186271
2894.97763028	0.0253111830181
2895.29178955	0.0253111474003
2895.60594881	0.0253111117634
2895.92010808	0.0253110761069
2896.23426734	0.025311040444
2896.54842661	0.0253110047851
2896.86258588	0.0253109691334
2897.17674514	0.0253109334942
2897.49090441	0.0253108978716
2897.80506367	0.0253108622662
2898.11922294	0.0253108266725
2898.4333822	0.0253107910775
2898.74754147	0.0253107554699
2899.06170073	0.025310719852
2899.37586	0.0253106842255
2899.69001926	0.025310648593
2900.00417853	0.0253106129695
2900.31833779	0.0253105773737
2900.63249706	0.025310541804
2900.94665633	0.0253105062458
2901.26081559	0.0253104706917
2901.57497486	0.025310435128
2901.88913412	0.0253103995451
2902.20329339	0.0253103639424
2902.51745265	0.0253103283349
2902.83161192	0.0253102927327
2903.14577118	0.0253102571384
2903.45993045	0.0253102215559
2903.77408971	0.0253101859891
2904.08824898	0.0253101504402
2904.40240824	0.0253101149026
2904.71656751	0.0253100793607
2905.03072677	0.0253100438058
2905.34488604	0.0253100082429
2905.65904531	0.0253099726725
2905.97320457	0.0253099370971
2906.28736384	0.0253099015338
2906.6015231	0.0253098659987
2906.91568237	0.0253098304859
2907.22984163	0.0253097949844
2907.5440009	0.0253097594854
2907.85816016	0.025309723975
2908.17231943	0.0253096884443
2908.48647869	0.0253096528965
2908.80063796	0.0253096173456
2909.11479722	0.0253095817993
2909.42895649	0.0253095462605
2909.74311576	0.025309510734
2910.05727502	0.0253094752237
2910.37143429	0.0253094397302
2910.68559355	0.025309404246
2910.99975282	0.0253093687566
2911.31391208	0.0253093332557
2911.62807135	0.0253092977474
2911.94223061	0.025309262232
2912.25638988	0.0253092267141
2912.57054914	0.0253091912105
2912.88470841	0.0253091557345
2913.19886767	0.0253091202793
2913.51302694	0.025309084834
2913.8271862	0.0253090493885
2914.14134547	0.025309013931
2914.45550474	0.025308978453
2914.769664	0.0253089429595
2915.08382327	0.025308907464
2915.39798253	0.0253088719729
2915.7121418	0.0253088364896
2916.02630106	0.0253088010188
2916.34046033	0.0253087655642
2916.65461959	0.0253087301256
2916.96877886	0.0253086946948
2917.28293812	0.0253086592579
2917.59709739	0.0253086238101
2917.91125665	0.0253085883554
2918.22541592	0.0253085528955
2918.53957519	0.025308517434
2918.85373445	0.0253084819892
2919.16789372	0.025308446572
2919.48205298	0.0253084111726
2919.79621225	0.025308375782
2920.11037151	0.0253083403897
2920.42453078	0.025308304984
2920.73869004	0.0253082695584
2921.05284931	0.0253082341187
2921.36700857	0.0253081986785
2921.68116784	0.0253081632424
2921.9953271	0.0253081278143
2922.30948637	0.0253080923986
2922.62364563	0.025308056999
2922.9378049	0.0253080216155
2923.25196417	0.0253079862374
2923.56612343	0.0253079508517
2923.8802827	0.0253079154573
2924.19444196	0.0253078800571
2924.50860123	0.0253078446509
2924.82276049	0.0253078092462
2925.13691976	0.0253077738595
2925.45107902	0.0253077384998
2925.76523829	0.0253077031556
2926.07939755	0.0253076678187
2926.39355682	0.0253076324791
2926.70771608	0.0253075971249
2927.02187535	0.0253075617512
2927.33603462	0.0253075263658
2927.65019388	0.0253074909801
2927.96435315	0.0253074555981
2928.27851241	0.0253074202245
2928.59267168	0.0253073848649
2928.90683094	0.0253073495203
2929.22099021	0.0253073141898
2929.53514947	0.0253072788643
2929.84930874	0.0253072435307
2930.163468	0.0253072081885
2930.47762727	0.025307172842
2930.79178653	0.0253071374904
2931.1059458	0.0253071021421
2931.42010506	0.0253070668131
2931.73426433	0.0253070315098
2932.0484236	0.0253069962211
2932.36258286	0.0253069609377
2932.67674213	0.0253069256496
2932.99090139	0.0253068903467
2933.30506066	0.025306855025
2933.61921992	0.0253068196924
2933.93337919	0.0253067843604
2934.24753845	0.0253067490323
2934.56169772	0.0253067137143
2934.87585698	0.0253066784084
2935.19001625	0.0253066431174
2935.50417551	0.0253066078405
2935.81833478	0.025306572567
2936.13249405	0.0253065372847
2936.44665331	0.0253065019958
2936.76081258	0.0253064667028
2937.07497184	0.0253064314052
2937.38913111	0.0253063961133
2937.70329037	0.0253063608426
2938.01744964	0.0253063255959
2938.3316089	0.0253062903612
2938.64576817	0.0253062551308
2938.95992743	0.0253062198947
2939.2740867	0.0253061846422
2939.58824596	0.0253061493714
2939.90240523	0.0253061140923
2940.21656449	0.0253060788139
2940.53072376	0.0253060435396
2940.84488303	0.0253060082753
2941.15904229	0.0253059730229
2941.47320156	0.0253059377857
2941.78736082	0.0253059025615
2942.10152009	0.0253058673393
2942.41567935	0.0253058321082
2942.72983862	0.025305796872
2943.04399788	0.0253057616321
2943.35815715	0.025305726389
2943.67231641	0.0253056911535
2943.98647568	0.0253056559396
2944.30063494	0.0253056207481
2944.61479421	0.0253055855674
2944.92895348	0.0253055503895
2945.24311274	0.0253055152042
2945.55727201	0.0253054800018
2945.87143127	0.0253054447822
2946.18559054	0.025305409556
2946.4997498	0.0253053743303
2946.81390907	0.0253053391092
2947.12806833	0.0253053038977
2947.4422276	0.0253052686987
2947.75638686	0.0253052335142
2948.07054613	0.0253051983418
2948.38470539	0.0253051631702
2948.69886466	0.0253051279904
2949.01302392	0.0253050928066
2949.32718319	0.0253050576193
2949.64134246	0.0253050224303
2949.95550172	0.0253049872507
2950.26966099	0.0253049520931
2950.58382025	0.0253049169559
2950.89797952	0.0253048818286
2951.21213878	0.0253048467021
2951.52629805	0.0253048115671
2951.84045731	0.0253047764145
2952.15461658	0.0253047412459
2952.46877584	0.0253047060721
2952.78293511	0.0253046708987
2953.09709437	0.0253046357303
2953.41125364	0.0253046005719
2953.72541291	0.0253045654255
2954.03957217	0.0253045302937
2954.35373144	0.025304495173
2954.6678907	0.0253044600516
2954.98204997	0.0253044249227
2955.29620923	0.0253043897907
2955.6103685	0.0253043546561
2955.92452776	0.0253043195205
2956.23868703	0.0253042843958
2956.55284629	0.0253042492936
2956.86700556	0.0253042142099
2957.18116482	0.025304179135
2957.49532409	0.025304144059
2957.80948336	0.0253041089737
2958.12364262	0.0253040738705
2958.43780189	0.0253040387531
2958.75196115	0.0253040036311
2959.06612042	0.0253039685094
2959.38027968	0.0253039333936
2959.69443895	0.025303898288
2960.00859821	0.0253038631942
2960.32275748	0.0253038281147
2960.63691674	0.0253037930448
2960.95107601	0.0253037579737
2961.26523527	0.0253037228955
2961.57939454	0.0253036878154
2961.8935538	0.0253036527323
2962.20771307	0.0253036176499
2962.52187234	0.0253035825804
2962.8360316	0.025303547533
2963.15019087	0.0253035125019
2963.46435013	0.0253034774784
2963.7785094	0.0253034424534
2964.09266866	0.025303407417
2964.40682793	0.0253033723631
2964.72098719	0.0253033372961
2965.03514646	0.0253033022256
2965.34930572	0.0253032671557
2965.66346499	0.025303232092
2965.97762425	0.0253031970383
2966.29178352	0.0253031619965
2966.60594279	0.0253031269689
2966.92010205	0.0253030919497
2967.23426132	0.0253030569281
2967.54842058	0.0253030219007
2967.86257985	0.025302986872
2968.17673911	0.0253029518401
2968.49089838	0.0253029168113
2968.80505764	0.0253028817966
2969.11921691	0.0253028468025
2969.43337617	0.0253028118237
2969.74753544	0.0253027768516
2970.0616947	0.0253027418768
2970.37585397	0.0253027068887
2970.69001323	0.0253026718834
2971.0041725	0.0253026368679
2971.31833177	0.0253026018486
2971.63249103	0.0253025668293
2971.9466503	0.0253025318171
2972.26080956	0.0253024968151
2972.57496883	0.0253024618245
2972.88912809	0.0253024268479
2973.20328736	0.0253023918789
2973.51744662	0.0253023569066
2973.83160589	0.0253023219297
2974.14576515	0.0253022869516
2974.45992442	0.0253022519719
2974.77408368	0.0253022169958
2975.08824295	0.0253021820349
2975.40240222	0.0253021470947
2975.71656148	0.0253021121671
2976.03072075	0.0253020772457
2976.34488001	0.0253020423205
2976.65903928	0.0253020073805
2976.97319854	0.0253019724245
2977.28735781	0.0253019374596
2977.60151707	0.0253019024908
2977.91567634	0.0253018675225
2978.2298356	0.0253018325613
2978.54399487	0.0253017976115
2978.85815413	0.0253017626724
2979.1723134	0.0253017277454
2979.48647266	0.0253016928259
2979.80063193	0.0253016579031
2980.1147912	0.025301622976
2980.42895046	0.0253015880488
2980.74310973	0.0253015531205
2981.05726899	0.0253015181974
2981.37142826	0.0253014832899
2981.68558752	0.0253014484016
2981.99974679	0.0253014135266
2982.31390605	0.0253013786551
2982.62806532	0.0253013437782
2982.94222458	0.0253013088865
2983.25638385	0.0253012739792
2983.57054311	0.0253012390639
2983.88470238	0.0253012041451
2984.19886165	0.0253011692275
2984.51302091	0.0253011343176
2984.82718018	0.0253010994175
2985.14133944	0.0253010645288
2985.45549871	0.0253010296524
2985.76965797	0.0253009947816
2986.08381724	0.0253009599081
2986.3979765	0.0253009250314
2986.71213577	0.0253008901545
2987.02629503	0.0253008552771
2987.3404543	0.0253008204065
2987.65461356	0.0253007855528
2987.96877283	0.0253007507165
2988.28293209	0.0253007158922
2988.59709136	0.02530068107
2988.91125063	0.0253006462411
2989.22540989	0.0253006113968
2989.53956916	0.0253005765382
2989.85372842	0.0253005416726
2990.16788769	0.0253005068034
2990.48204695	0.0253004719359
2990.79620622	0.0253004370765
2991.11036548	0.0253004022268
2991.42452475	0.0253003673883
2991.73868401	0.0253003325615
2992.05284328	0.0253002977394
2992.36700254	0.0253002629148
2992.68116181	0.0253002280878
2992.99532108	0.0253001932609
2993.30948034	0.0253001584343
2993.62363961	0.0253001236161
2993.93779887	0.0253000888149
2994.25195814	0.0253000540299
2994.5661174	0.0253000192557
2994.88027667	0.025299984482
2995.19443593	0.0252999497002
2995.5085952	0.025299914903
2995.82275446	0.0252998800929
2996.13691373	0.0252998452763
2996.45107299	0.0252998104559
2996.76523226	0.0252997756383
2997.07939152	0.0252997408291
2997.39355079	0.0252997060292
2997.70771006	0.0252996712402
2998.02186932	0.0252996364624
2998.33602859	0.0252996016885
2998.65018785	0.0252995669124
2998.96434712	0.0252995321347
2999.27850638	0.0252994973573
2999.59266565	0.0252994625811
2999.90682491	0.0252994278151
3000.22098418	0.0252993930657
3000.53514344	0.0252993583315
3000.84930271	0.0252993236064
3001.16346197	0.0252992888807
3001.47762124	0.0252992541456
3001.79178051	0.0252992193953
3002.10593977	0.0252991846336
3002.42009904	0.0252991498655
3002.7342583	0.0252991150936
3003.04841757	0.0252990803255
3003.36257683	0.0252990455661
3003.6767361	0.0252990108158
3003.99089536	0.0252989760763
3004.30505463	0.0252989413469
3004.61921389	0.0252989066212
3004.93337316	0.0252988718933
3005.24753242	0.0252988371646
3005.56169169	0.0252988024364
3005.87585095	0.0252987677105
3006.19001022	0.0252987329961
3006.50416949	0.025298698298
3006.81832875	0.0252986636138
3007.13248802	0.0252986289369
3007.44664728	0.0252985942588
3007.76080655	0.0252985595701
3008.07496581	0.0252985248665
3008.38912508	0.0252984901529
3008.70328434	0.025298455433
3009.01744361	0.0252984207096
3009.33160287	0.0252983859907
3009.64576214	0.0252983512804
3009.9599214	0.0252983165792
3010.27408067	0.0252982818887
3010.58823994	0.0252982472073
3010.9023992	0.0252982125294
3011.21655847	0.0252981778496
3011.53071773	0.0252981431694
3011.844877	0.0252981084901
3012.15903626	0.0252980738144
3012.47319553	0.025298039151
3012.78735479	0.0252980045037
3013.10151406	0.025297969869
3013.41567332	0.0252979352397
3013.72983259	0.0252979006087
3014.04399185	0.0252978659662
3014.35815112	0.0252978313092
3014.67231038	0.0252977966433
3014.98646965	0.0252977619711
3015.30062892	0.0252977272959
3015.61478818	0.0252976926259
3015.92894745	0.0252976579644
3016.24310671	0.0252976233119
3016.55726598	0.0252975886694
3016.87142524	0.0252975540355
3017.18558451	0.0252975194051
3017.49974377	0.0252974847732
3017.81390304	0.0252974501413
3018.1280623	0.0252974155107
3018.44222157	0.0252973808851
3018.75638083	0.0252973462723
3019.0705401	0.0252973116749
3019.38469937	0.0252972770889
3019.69885863	0.025297242507
3020.0130179	0.0252972079223
3020.32717716	0.0252971733255
3020.64133643	0.0252971387151
3020.95549569	0.0252971040968
3021.26965496	0.0252970694719
3021.58381422	0.0252970348448
3021.89797349	0.0252970002233
3022.21213275	0.0252969656097
3022.52629202	0.025296931005
3022.84045128	0.0252968964109
3023.15461055	0.0252968618243
3023.46876982	0.0252968272406
3023.78292908	0.0252967926564
3024.09708835	0.0252967580721
3024.41124761	0.0252967234899
3024.72540688	0.0252966889138
3025.03956614	0.0252966543511
3025.35372541	0.0252966198029
3025.66788467	0.0252965852648
3025.98204394	0.0252965507303
3026.2962032	0.0252965161911
3026.61036247	0.02529648164
3026.92452173	0.0252964470766
3027.238681	0.0252964125053
3027.55284026	0.0252963779272
3027.86699953	0.025296343348
3028.1811588	0.0252963087751
3028.49531806	0.0252962742097
3028.80947733	0.0252962396528
3029.12363659	0.0252962051056
3029.43779586	0.0252961705665
3029.75195512	0.0252961360298
3030.06611439	0.0252961014926
3030.38027365	0.0252960669563
3030.69443292	0.0252960324225
3031.00859218	0.0252959978961
3031.32275145	0.0252959633827
3031.63691071	0.0252959288836
3031.95106998	0.0252958943932
3032.26522925	0.0252958599046
3032.57938851	0.025295825411
3032.89354778	0.0252957909051
3033.20770704	0.0252957563878
3033.52186631	0.0252957218628
3033.83602557	0.0252956873313
3034.15018484	0.0252956528
3034.4643441	0.0252956182748
3034.77850337	0.0252955837565
3035.09266263	0.0252955492471
3035.4068219	0.0252955147474
3035.72098116	0.0252954802549
3036.03514043	0.0252954457652
3036.34929969	0.0252954112751
3036.66345896	0.0252953767863
3036.97761823	0.0252953423011
3037.29177749	0.0252953078242
3037.60593676	0.0252952733603
3037.92009602	0.0252952389094
3038.23425529	0.0252952044656
3038.54841455	0.0252951700231
3038.86257382	0.0252951355744
3039.17673308	0.0252951011134
3039.49089235	0.0252950666424
3039.80505161	0.0252950321635
3040.11921088	0.0252949976781
3040.43337014	0.025294963194
3040.74752941	0.0252949287165
3041.06168868	0.0252948942453
3041.37584794	0.025294859783
3041.69000721	0.0252948253301
3042.00416647	0.0252947908839
3042.31832574	0.0252947564405
3042.632485	0.025294721997
3042.94664427	0.0252946875555
3043.26080353	0.0252946531183
3043.5749628	0.0252946186904
3043.88912206	0.0252945842751
3044.20328133	0.0252945498718
3044.51744059	0.0252945154741
3044.83159986	0.0252944810769
3045.14575912	0.0252944466727
3045.45991839	0.0252944122566
3045.77407766	0.0252943778312
3046.08823692	0.0252943433978
3046.40239619	0.0252943089583
3046.71655545	0.0252942745211
3047.03071472	0.0252942400903
3047.34487398	0.0252942056657
3047.65903325	0.02529417125
3047.97319251	0.0252941368433
3048.28735178	0.0252941024431
3048.60151104	0.0252940680456
3048.91567031	0.0252940336483
3049.22982957	0.0252939992536
3049.54398884	0.0252939648642
3049.85814811	0.0252939304847
3050.17230737	0.0252938961174
3050.48646664	0.0252938617608
3050.8006259	0.0252938274088
3051.11478517	0.0252937930563
3051.42894443	0.0252937586962
3051.7431037	0.025293724325
3052.05726296	0.0252936899448
3052.37142223	0.0252936555564
3052.68558149	0.0252936211629
3052.99974076	0.0252935867723
3053.31390002	0.0252935523878
3053.62805929	0.0252935180096
3053.94221855	0.0252934836403
3054.25637782	0.0252934492794
3054.57053709	0.0252934149249
3054.88469635	0.025293380573
3055.19885562	0.0252933462216
3055.51301488	0.0252933118735
3055.82717415	0.0252932775317
3056.14133341	0.0252932432001
3056.45549268	0.0252932088803
3056.76965194	0.0252931745699
3057.08381121	0.025293140263
3057.39797047	0.0252931059548
3057.71212974	0.0252930716385
3058.026289	0.025293037312
3058.34044827	0.0252930029766
3058.65460754	0.0252929686329
3058.9687668	0.0252929342853
3059.28292607	0.0252928999411
3059.59708533	0.0252928656023
3059.9112446	0.0252928312702
3060.22540386	0.0252927969468
3060.53956313	0.0252927626314
3060.85372239	0.0252927283223
3061.16788166	0.0252926940155
3061.48204092	0.0252926597098
3061.79620019	0.0252926254081
3062.11035945	0.0252925911138
3062.42451872	0.0252925568296
3062.73867798	0.0252925225567
3063.05283725	0.0252924882918
3063.36699652	0.0252924540298
3063.68115578	0.0252924197653
3063.99531505	0.0252923854927
3064.30947431	0.0252923512105
3064.62363358	0.0252923169196
3064.93779284	0.0252922826203
3065.25195211	0.0252922483183
3065.56611137	0.0252922140199
3065.88027064	0.0252921797267
3066.1944299	0.0252921454401
3066.50858917	0.0252921111623
3066.82274843	0.025292076892
3067.1369077	0.0252920426279
3067.45106697	0.0252920083661
3067.76522623	0.0252919741058
3068.0793855	0.0252919398503
3068.39354476	0.0252919056031
3068.70770403	0.0252918713658
3069.02186329	0.0252918371392
3069.33602256	0.0252918029193
3069.65018182	0.0252917687015
3069.96434109	0.0252917344807
3070.27850035	0.0252917002514
3070.59265962	0.0252916660133
3070.90681888	0.0252916317662
3071.22097815	0.0252915975112
3071.53513741	0.0252915632544
3071.84929668	0.0252915290015
3072.16345595	0.0252914947534
3072.47761521	0.0252914605121
3072.79177448	0.0252914262793
3073.10593374	0.0252913920541
3073.42009301	0.0252913578344
3073.73425227	0.0252913236173
3074.04841154	0.0252912894024
3074.3625708	0.0252912551928
3074.67673007	0.0252912209923
3074.99088933	0.0252911868014
3075.3050486	0.0252911526201
3075.61920786	0.0252911184447
3075.93336713	0.0252910842708
3076.2475264	0.025291050093
3076.56168566	0.0252910159073
3076.87584493	0.0252909817126
3077.19000419	0.0252909475094
3077.50416346	0.0252909132985
3077.81832272	0.0252908790868
3078.13248199	0.0252908448792
3078.44664125	0.0252908106763
3078.76080052	0.0252907764801
3079.07495978	0.0252907422923
3079.38911905	0.0252907081115
3079.70327831	0.0252906739362
3080.01743758	0.025290639764
3080.33159684	0.0252906055937
3080.64575611	0.02529057143
3080.95991538	0.0252905372756
3081.27407464	0.0252905031306
3081.58823391	0.0252904689946
3081.90239317	0.0252904348632
3082.21655244	0.0252904007327
3082.5307117	0.0252903665982
3082.84487097	0.0252903324555
3083.15903023	0.0252902983041
3083.4731895	0.0252902641438
3083.78734876	0.0252902299769
3084.10150803	0.0252901958101
3084.41566729	0.0252901616472
3084.72982656	0.0252901274886
3085.04398583	0.0252900933375
3085.35814509	0.0252900591945
3085.67230436	0.0252900250578
3085.98646362	0.0252899909269
3086.30062289	0.0252899567988
3086.61478215	0.0252899226733
3086.92894142	0.0252898885553
3087.24310068	0.0252898544472
3087.55725995	0.0252898203478
3087.87141921	0.0252897862559
3088.18557848	0.0252897521683
3088.49973774	0.0252897180811
3088.81389701	0.0252896839893
3089.12805628	0.0252896498896
3089.44221554	0.0252896157811
3089.75637481	0.0252895816634
3090.07053407	0.02528954754
3090.38469334	0.0252895134177
3090.6988526	0.0252894792992
3091.01301187	0.0252894451851
3091.32717113	0.0252894110786
3091.6413304	0.02528937698
3091.95548966	0.0252893428871
3092.26964893	0.0252893087998
3092.58380819	0.0252892747158
3092.89796746	0.0252892406349
3093.21212672	0.0252892065619
3093.52628599	0.025289172499
3093.84044526	0.0252891384446
3094.15460452	0.0252891043965
3094.46876379	0.0252890703522
3094.78292305	0.0252890363077
3095.09708232	0.0252890022581
3095.41124158	0.0252889682007
3095.72540085	0.0252889341346
3096.03956011	0.0252889000593
3096.35371938	0.0252888659792
3096.66787864	0.0252888319009
3096.98203791	0.0252887978262
3097.29619717	0.0252887637562
3097.61035644	0.025288729694
3097.92451571	0.025288695639
3098.23867497	0.0252886615895
3098.55283424	0.0252886275456
3098.8669935	0.0252885935051
3099.18115277	0.0252885594684
3099.49531203	0.0252885254404
3099.8094713	0.0252884914222
3100.12363056	0.0252884574123
3100.43778983	0.0252884234076
3100.75194909	0.0252883894061
3101.06610836	0.025288355404
3101.38026762	0.0252883213963
3101.69442689	0.0252882873808
3102.00858615	0.0252882533567
3102.32274542	0.0252882193237
3102.63690469	0.0252881852869
3102.95106395	0.0252881512521
3103.26522322	0.0252881172208
3103.57938248	0.0252880831947
3103.89354175	0.0252880491765
3104.20770101	0.0252880151648
3104.52186028	0.0252879811586
3104.83601954	0.025287947158
3105.15017881	0.0252879131609
3105.46433807	0.0252878791681
3105.77849734	0.0252878451847
3106.0926566	0.0252878112108
3106.40681587	0.0252877772444
3106.72097514	0.0252877432826
3107.0351344	0.0252877093235
3107.34929367	0.0252876753634
3107.66345293	0.0252876413974
3107.9776122	0.0252876074236
3108.29177146	0.0252875734412
3108.60593073	0.0252875394503
3108.92008999	0.0252875054568
3109.23424926	0.0252874714654
3109.54840852	0.0252874374772
3109.86256779	0.0252874034948
3110.17672705	0.02528736952
3110.49088632	0.0252873355511
3110.80504558	0.0252873015878
3111.11920485	0.0252872676303
3111.43336412	0.0252872336762
3111.74752338	0.0252871997272
3112.06168265	0.0252871657879
3112.37584191	0.0252871318579
3112.69000118	0.0252870979345
3113.00416044	0.0252870640152
3113.31831971	0.0252870300982
3113.63247897	0.0252869961797
3113.94663824	0.0252869622551
3114.2607975	0.0252869283228
3114.57495677	0.0252868943819
3114.88911603	0.025286860433
3115.2032753	0.0252868264823
3115.51743457	0.0252867925339
3115.83159383	0.0252867585887
3116.1457531	0.0252867246495
3116.45991236	0.0252866907176
3116.77407163	0.0252866567912
3117.08823089	0.0252866228704
3117.40239016	0.0252865889556
3117.71654942	0.0252865550444
3118.03070869	0.0252865211388
3118.34486795	0.0252864872435
3118.65902722	0.025286453357
3118.97318648	0.0252864194761
3119.28734575	0.0252863855988
3119.60150501	0.0252863517236
3119.91566428	0.0252863178463
3120.22982355	0.0252862839627
3120.54398281	0.0252862500716
3120.85814208	0.0252862161716
3121.17230134	0.0252861822645
3121.48646061	0.0252861483566
3121.80061987	0.025286114451
3122.11477914	0.0252860805485
3122.4289384	0.0252860466521
3122.74309767	0.0252860127627
3123.05725693	0.0252859788784
3123.3714162	0.0252859449997
3123.68557546	0.0252859111273
3123.99973473	0.0252858772587
3124.313894	0.0252858433962
3124.62805326	0.0252858095444
3124.94221253	0.0252857757006
3125.25637179	0.025285741862
3125.57053106	0.025285708026
3125.88469032	0.0252856741923
3126.19884959	0.0252856403561
3126.51300885	0.0252856065134
3126.82716812	0.0252855726634
3127.14132738	0.0252855388042
3127.45548665	0.0252855049393
3127.76964591	0.0252854710738
3128.08380518	0.0252854372104
3128.39796444	0.0252854033505
3128.71212371	0.0252853694965
3129.02628298	0.0252853356492
3129.34044224	0.0252853018069
3129.65460151	0.0252852679705
3129.96876077	0.0252852341402
3130.28292004	0.0252852003136
3130.5970793	0.0252851664942
3130.91123857	0.0252851326851
3131.22539783	0.0252850988842
3131.5395571	0.025285065087
3131.85371636	0.0252850312926
3132.16787563	0.0252849975001
3132.48203489	0.0252849637045
3132.79619416	0.0252849299025
3133.11035343	0.0252848960925
3133.42451269	0.0252848622739
3133.73867196	0.0252848284507
3134.05283122	0.0252847946273
3134.36699049	0.0252847608059
3134.68114975	0.0252847269881
3134.99530902	0.0252846931767
3135.30946828	0.0252846593713
3135.62362755	0.0252846255708
3135.93778681	0.0252845917765
3136.25194608	0.0252845579881
3136.56610534	0.025284524204
3136.88026461	0.0252844904275
3137.19442387	0.0252844566615
3137.50858314	0.0252844229024
3137.82274241	0.0252843891464
3138.13690167	0.0252843553935
3138.45106094	0.0252843216417
3138.7652202	0.0252842878862
3139.07937947	0.0252842541246
3139.39353873	0.0252842203548
3139.707698	0.0252841865768
3140.02185726	0.0252841527949
3140.33601653	0.0252841190132
3140.65017579	0.0252840852333
3140.96433506	0.0252840514575
3141.27849432	0.025284017688
3141.59265359	0.0252839839239
3141.90681286	0.0252839501648
3142.22097212	0.0252839164122
3142.53513139	0.0252838826654
3142.84929065	0.0252838489231
3143.16344992	0.0252838151891
3143.47760918	0.0252837814651
3143.79176845	0.0252837477473
3144.10592771	0.0252837140321
3144.42008698	0.0252836803201
3144.73424624	0.0252836466087
3145.04840551	0.0252836128933
3145.36256477	0.0252835791716
3145.67672404	0.0252835454417
3145.99088331	0.025283511704
3146.30504257	0.0252834779634
3146.61920184	0.0252834442229
3146.9333611	0.0252834104841
3147.24752037	0.0252833767499
3147.56167963	0.0252833430217
3147.8758389	0.0252833092984
3148.18999816	0.0252832755803
3148.50415743	0.025283241869
3148.81831669	0.0252832081633
3149.13247596	0.0252831744626
3149.44663522	0.0252831407707
3149.76079449	0.0252831070882
3150.07495375	0.0252830734111
3150.38911302	0.0252830397366
3150.70327229	0.025283006065
3151.01743155	0.0252829723934
3151.33159082	0.0252829387177
3151.64575008	0.0252829050357
3151.95990935	0.0252828713453
3152.27406861	0.0252828376478
3152.58822788	0.025282803948
3152.90238714	0.0252827702483
3153.21654641	0.0252827365505
3153.53070567	0.0252827028574
3153.84486494	0.0252826691699
3154.1590242	0.0252826354872
3154.47318347	0.02528260181
3154.78734274	0.0252825681395
3155.101502	0.0252825344748
3155.41566127	0.0252825008155
3155.72982053	0.0252824671654
3156.0439798	0.0252824335238
3156.35813906	0.0252823998869
3156.67229833	0.0252823662529
3156.98645759	0.0252823326213
3157.30061686	0.0252822989891
3157.61477612	0.0252822653528
3157.92893539	0.0252822317104
3158.24309465	0.0252821980594
3158.55725392	0.0252821644018
3158.87141318	0.0252821307425
3159.18557245	0.0252820970833
3159.49973172	0.0252820634262
3159.81389098	0.0252820297739
3160.12805025	0.0252819961265
3160.44220951	0.0252819624839
3160.75636878	0.0252819288473
3161.07052804	0.0252818952173
3161.38468731	0.0252818615929
3161.69884657	0.0252818279749
3162.01300584	0.0252817943659
3162.3271651	0.0252817607649
3162.64132437	0.0252817271679
3162.95548363	0.025281693574
3163.2696429	0.0252816599823
3163.58380217	0.0252816263893
3163.89796143	0.0252815927921
3164.2121207	0.0252815591888
3164.52627996	0.0252815255768
3164.84043923	0.0252814919593
3165.15459849	0.0252814583401
3165.46875776	0.0252814247211
3165.78291702	0.0252813911047
3166.09707629	0.025281357493
3166.41123555	0.0252813238858
3166.72539482	0.0252812902834
3167.03955408	0.0252812566871
3167.35371335	0.0252812230973
3167.66787261	0.0252811895132
3167.98203188	0.025281155936
3168.29619115	0.0252811223679
3168.61035041	0.0252810888069
3168.92450968	0.0252810552496
3169.23866894	0.0252810216952
3169.55282821	0.0252809881426
3169.86698747	0.0252809545885
3170.18114674	0.0252809210306
3170.495306	0.0252808874656
3170.80946527	0.0252808538926
3171.12362453	0.0252808203148
3171.4377838	0.0252807867357
3171.75194306	0.0252807531569
3172.06610233	0.0252807195804
3172.3802616	0.0252806860084
3172.69442086	0.0252806524409
3173.00858013	0.0252806188784
3173.32273939	0.0252805853222
3173.63689866	0.025280551772
3173.95105792	0.0252805182284
3174.26521719	0.0252804846922
3174.57937645	0.0252804511647
3174.89353572	0.0252804176437
3175.20769498	0.0252803841254
3175.52185425	0.0252803506104
3175.83601351	0.0252803170966
3176.15017278	0.0252802835815
3176.46433204	0.0252802500623
3176.77849131	0.0252802165357
3177.09265058	0.0252801830019
3177.40680984	0.0252801494638
3177.72096911	0.0252801159241
3178.03512837	0.0252800823849
3178.34928764	0.0252800488485
3178.6634469	0.0252800153161
3178.97760617	0.0252799817882
3179.29176543	0.0252799482652
3179.6059247	0.0252799147484
3179.92008396	0.0252798812383
3180.23424323	0.0252798477345
3180.54840249	0.025279814239
3180.86256176	0.0252797807514
3181.17672103	0.0252797472694
3181.49088029	0.0252797137906
3181.80503956	0.0252796803146
3182.11919882	0.0252796468397
3182.43335809	0.0252796133629
3182.74751735	0.0252795798817
3183.06167662	0.0252795463931
3183.37583588	0.025279512898
3183.68999515	0.0252794793993
3184.00415441	0.025279445899
3184.31831368	0.0252794123995
3184.63247294	0.0252793789028
3184.94663221	0.0252793454101
3185.26079147	0.0252793119214
3185.57495074	0.0252792784378
3185.88911001	0.0252792449608
3186.20326927	0.0252792114905
3186.51742854	0.0252791780268
3186.8315878	0.0252791445717
3187.14574707	0.0252791111242
3187.45990633	0.0252790776813
3187.7740656	0.0252790442413
3188.08822486	0.0252790108041
3188.40238413	0.0252789773676
3188.71654339	0.025278943929
3189.03070266	0.0252789104857
3189.34486192	0.025278877035
3189.65902119	0.0252788435785
3189.97318046	0.0252788101187
3190.28733972	0.0252787766576
3190.60149899	0.0252787431973
3190.91565825	0.0252787097399
3191.22981752	0.0252786762861
3191.54397678	0.0252786428363
3191.85813605	0.0252786093918
3192.17229531	0.025278575954
3192.48645458	0.0252785425228
3192.80061384	0.0252785090986
3193.11477311	0.0252784756833
3193.42893237	0.0252784422749
3193.74309164	0.0252784088705
3194.0572509	0.0252783754691
3194.37141017	0.0252783420702
3194.68556944	0.0252783086716
3194.9997287	0.0252782752709
3195.31388797	0.0252782418652
3195.62804723	0.0252782084524
3195.9422065	0.0252781750342
3196.25636576	0.0252781416131
3196.57052503	0.0252781081908
3196.88468429	0.0252780747695
3197.19884356	0.0252780413509
3197.51300282	0.0252780079356
3197.82716209	0.0252779745243
3198.14132135	0.0252779411186
3198.45548062	0.0252779077197
3198.76963989	0.0252778743271
3199.08379915	0.0252778409424
3199.39795842	0.0252778075666
3199.71211768	0.0252777741969
3200.02627695	0.0252777408309
3200.34043621	0.0252777074677
3200.65459548	0.0252776741069
3200.96875474	0.025277640746
3201.28291401	0.0252776073827
3201.59707327	0.0252775740143
3201.91123254	0.0252775406394
3202.2253918	0.0252775072596
3202.53955107	0.0252774738766
3202.85371033	0.0252774404928
3203.1678696	0.0252774071103
3203.48202887	0.0252773737302
3203.79618813	0.0252773403531
3204.1103474	0.02527730698
3204.42450666	0.0252772736129
3204.73866593	0.0252772402524
3205.05282519	0.0252772068986
3205.36698446	0.025277173553
3205.68114372	0.0252771402161
3205.99530299	0.0252771068848
3206.30946225	0.0252770735568
3206.62362152	0.0252770402316
3206.93778078	0.0252770069083
3207.25194005	0.0252769735847
3207.56609932	0.0252769402587
3207.88025858	0.0252769069272
3208.19441785	0.0252768735899
3208.50857711	0.0252768402482
3208.82273638	0.0252768069034
3209.13689564	0.025276773558
3209.45105491	0.0252767402137
3209.76521417	0.0252767068716
3210.07937344	0.0252766735324
3210.3935327	0.0252766401975
3210.70769197	0.0252766068685
3211.02185123	0.0252765735464
3211.3360105	0.0252765402313
3211.65016977	0.0252765069247
3211.96432903	0.0252764736264
3212.2784883	0.025276440333
3212.59264756	0.025276407043
3212.90680683	0.0252763737555
3213.22096609	0.0252763404694
3213.53512536	0.0252763071827
3213.84928462	0.0252762738935
3214.16344389	0.0252762405989
3214.47760315	0.0252762072991
3214.79176242	0.0252761739952
3215.10592168	0.0252761406881
3215.42008095	0.0252761073809
3215.73424021	0.0252760740746
3216.04839948	0.02527604077
3216.36255875	0.0252760074685
3216.67671801	0.0252759741714
3216.99087728	0.0252759408805
3217.30503654	0.0252759075965
3217.61919581	0.0252758743197
3217.93335507	0.0252758410518
3218.24751434	0.0252758077915
3218.5616736	0.0252757745358
3218.87583287	0.0252757412833
3219.18999213	0.0252757080332
3219.5041514	0.025275674784
3219.81831066	0.0252756415341
3220.13246993	0.0252756082814
3220.4466292	0.0252755750237
3220.76078846	0.0252755417612
3221.07494773	0.0252755084945
3221.38910699	0.025275475225
3221.70326626	0.0252754419555
3222.01742552	0.0252754086867
3222.33158479	0.0252753754192
3222.64574405	0.025275342155
3222.95990332	0.0252753088956
3223.27406258	0.0252752756423
3223.58822185	0.025275242396
3223.90238111	0.0252752091574
3224.21654038	0.0252751759279
3224.53069964	0.0252751427053
3224.84485891	0.0252751094869
3225.15901818	0.0252750762716
3225.47317744	0.0252750430586
3225.78733671	0.025275009846
3226.10149597	0.0252749766326
3226.41565524	0.0252749434162
3226.7298145	0.0252749101953
3227.04397377	0.02527487697
3227.35813303	0.02527484374
3227.6722923	0.0252748105079
3227.98645156	0.025274777276
3228.30061083	0.0252747440445
3228.61477009	0.025274710814
3228.92892936	0.0252746775865
3229.24308863	0.0252746443646
3229.55724789	0.0252746111486
3229.87140716	0.02527457794
3230.18556642	0.025274544739
3230.49972569	0.0252745115474
3230.81388495	0.0252744783621
3231.12804422	0.0252744451807
3231.44220348	0.0252744120024
3231.75636275	0.0252743788259
3232.07052201	0.0252743456498
3232.38468128	0.0252743124726
3232.69884054	0.0252742792926
3233.01299981	0.0252742461085
3233.32715907	0.0252742129202
3233.64131834	0.0252741797273
3233.95547761	0.0252741465323
3234.26963687	0.0252741133376
3234.58379614	0.0252740801428
3234.8979554	0.0252740469492
3235.21211467	0.0252740137594
3235.52627393	0.0252739805744
3235.8404332	0.0252739473958
3236.15459246	0.0252739142246
3236.46875173	0.025273881062
3236.78291099	0.0252738479081
3237.09707026	0.0252738147599
3237.41122952	0.0252737816153
3237.72538879	0.0252737484736
3238.03954806	0.0252737153336
3238.35370732	0.0252736821935
3238.66786659	0.0252736490521
3238.98202585	0.0252736159081
3239.29618512	0.0252735827606
3239.61034438	0.0252735496087
3239.92450365	0.0252735164521
3240.23866291	0.0252734832939
3240.55282218	0.0252734501358
3240.86698144	0.0252734169775
3241.18114071	0.0252733838205
3241.49529997	0.0252733506673
3241.80945924	0.0252733175192
3242.1236185	0.0252732843778
3242.43777777	0.0252732512441
3242.75193704	0.0252732181191
3243.0660963	0.0252731850024
3243.38025557	0.0252731518908
3243.69441483	0.0252731187828
3244.0085741	0.0252730856774
3244.32273336	0.0252730525735
3244.63689263	0.0252730194692
3244.95105189	0.0252729863634
3245.26521116	0.0252729532554
3245.57937042	0.0252729201444
3245.89352969	0.0252728870286
3246.20768895	0.0252728539083
3246.52184822	0.0252728207868
3246.83600749	0.0252727876649
3247.15016675	0.0252727545426
3247.46432602	0.0252727214218
3247.77848528	0.0252726883051
3248.09264455	0.0252726551937
3248.40680381	0.0252726220892
3248.72096308	0.0252725889926
3249.03512234	0.0252725559049
3249.34928161	0.0252725228249
3249.66344087	0.0252724897496
3249.97760014	0.0252724566777
3250.2917594	0.0252724236083
3250.60591867	0.0252723905401
3250.92007793	0.0252723574713
3251.2342372	0.025272324401
3251.54839647	0.0252722913289
3251.86255573	0.0252722582539
3252.176715	0.0252722251738
3252.49087426	0.0252721920895
3252.80503353	0.0252721590044
3253.11919279	0.0252721259183
3253.43335206	0.0252720928317
3253.74751132	0.0252720597472
3254.06167059	0.0252720266667
3254.37582985	0.0252719935918
3254.68998912	0.025271960524
3255.00414838	0.0252719274643
3255.31830765	0.0252718944136
3255.63246692	0.02527186137
3255.94662618	0.0252718283306
3256.26078545	0.0252717952945
3256.57494471	0.0252717622608
3256.88910398	0.0252717292281
3257.20326324	0.0252716961945
3257.51742251	0.0252716631594
3257.83158177	0.025271630123
3258.14574104	0.0252715970836
3258.4599003	0.025271564039
3258.77405957	0.0252715309905
3259.08821883	0.0252714979413
3259.4023781	0.0252714648908
3259.71653736	0.0252714318397
3260.03069663	0.025271398791
3260.3448559	0.0252713657466
3260.65901516	0.0252713327078
3260.97317443	0.0252712996765
3261.28733369	0.0252712666535
3261.60149296	0.0252712336393
3261.91565222	0.0252712006318
3262.22981149	0.025271167628
3262.54397075	0.0252711346272
3262.85813002	0.025271101629
3263.17228928	0.0252710686314
3263.48644855	0.0252710356328
3263.80060781	0.0252710026328
3264.11476708	0.0252709696319
3264.42892635	0.0252709366278
3264.74308561	0.0252709036183
3265.05724488	0.0252708706056
3265.37140414	0.0252708375919
3265.68556341	0.0252708045764
3265.99972267	0.0252707715609
3266.31388194	0.0252707385479
3266.6280412	0.0252707055392
3266.94220047	0.0252706725363
3267.25635973	0.0252706395409
3267.570519	0.0252706065539
3267.88467826	0.0252705735758
3268.19883753	0.0252705406037
3268.5129968	0.0252705076354
3268.82715606	0.0252704746701
3269.14131533	0.0252704417068
3269.45547459	0.025270408744
3269.76963386	0.0252703757803
3270.08379312	0.0252703428154
3270.39795239	0.0252703098495
3270.71211165	0.0252702768802
3271.02627092	0.0252702439057
3271.34043018	0.0252702109285
3271.65458945	0.0252701779499
3271.96874871	0.0252701449696
3272.28290798	0.0252701119895
3272.59706724	0.0252700790123
3272.91122651	0.0252700460391
3273.22538578	0.0252700130719
3273.53954504	0.0252699801123
3273.85370431	0.0252699471613
3274.16786357	0.0252699142189
3274.48202284	0.025269881282
3274.7961821	0.0252698483487
3275.11034137	0.0252698154185
3275.42450063	0.0252697824902
3275.7386599	0.0252697495619
3276.05281916	0.0252697166327
3276.36697843	0.0252696837027
3276.68113769	0.0252696507717
3276.99529696	0.0252696178369
3277.30945623	0.0252695848974
3277.62361549	0.0252695519552
3277.93777476	0.0252695190112
3278.25193402	0.0252694860663
3278.56609329	0.0252694531214
3278.88025255	0.0252694201791
3279.19441182	0.0252693872416
3279.50857108	0.0252693543097
3279.82273035	0.0252693213857
3280.13688961	0.0252692884705
3280.45104888	0.0252692555633
3280.76520814	0.0252692226612
3281.07936741	0.025269189763
3281.39352667	0.0252691568678
3281.70768594	0.0252691239737
3282.02184521	0.0252690910802
3282.33600447	0.0252690581859
3282.65016374	0.025269025291
3282.964323	0.0252689923946
3283.27848227	0.0252689594938
3283.59264153	0.0252689265895
3283.9068008	0.025268893682
3284.22096006	0.0252688607729
3284.53511933	0.0252688278619
3284.84927859	0.0252687949523
3285.16343786	0.0252687620455
3285.47759712	0.0252687291431
3285.79175639	0.0252686962465
3286.10591566	0.025268663358
3286.42007492	0.0252686304786
3286.73423419	0.0252685976066
3287.04839345	0.0252685647391
3287.36255272	0.0252685318754
3287.67671198	0.0252684990148
3287.99087125	0.0252684661556
3288.30503051	0.0252684332961
3288.61918978	0.0252684004358
3288.93334904	0.0252683675752
3289.24750831	0.0252683347132
3289.56166757	0.0252683018469
3289.87582684	0.0252682689762
3290.1899861	0.025268236103
3290.50414537	0.0252682032279
3290.81830464	0.0252681703519
3291.1324639	0.0252681374771
3291.44662317	0.0252681046052
3291.76078243	0.0252680717376
3292.0749417	0.0252680388763
3292.38910096	0.025268006023
3292.70326023	0.0252679731786
3293.01741949	0.0252679403412
3293.33157876	0.0252679075082
3293.64573802	0.025267874679
3293.95989729	0.0252678418527
3294.27405655	0.0252678090275
3294.58821582	0.0252677762022
3294.90237509	0.0252677433764
3295.21653435	0.0252677105502
3295.53069362	0.0252676777219
3295.84485288	0.0252676448893
3296.15901215	0.0252676120527
3296.47317141	0.0252675792137
3296.78733068	0.0252675463724
3297.10148994	0.0252675135305
3297.41564921	0.0252674806903
3297.72980847	0.025267447853
3298.04396774	0.02526741502
3298.358127	0.0252673821934
3298.67228627	0.025267349375
3298.98644553	0.0252673165654
3299.3006048	0.0252672837623
3299.61476407	0.0252672509633
3299.92892333	0.0252672181684
3300.2430826	0.0252671853761
3300.55724186	0.0252671525848
3300.87140113	0.0252671197936
3301.18556039	0.0252670870021
3301.49971966	0.0252670542097
3301.81387892	0.0252670214149
3302.12803819	0.0252669886156
3302.44219745	0.0252669558126
3302.75635672	0.0252669230071
3303.07051598	0.0252668901996
3303.38467525	0.025266857392
3303.69883452	0.0252668245862
3304.01299378	0.0252667917832
3304.32715305	0.0252667589847
3304.64131231	0.0252667261926
3304.95547158	0.0252666934088
3305.26963084	0.0252666606334
3305.58379011	0.025266627864
3305.89794937	0.0252665950989
3306.21210864	0.0252665623377
3306.5262679	0.0252665295792
3306.84042717	0.0252664968217
3307.15458643	0.0252664640641
3307.4687457	0.0252664313064
3307.78290496	0.0252663985477
3308.09706423	0.025266365786
3308.4112235	0.0252663330199
3308.72538276	0.0252663002502
3309.03954203	0.0252662674782
3309.35370129	0.0252662347044
3309.66786056	0.0252662019308
3309.98201982	0.0252661691591
3310.29617909	0.0252661363905
3310.61033835	0.0252661036263
3310.92449762	0.0252660708685
3311.23865688	0.0252660381193
3311.55281615	0.0252660053782
3311.86697541	0.0252659726425
3312.18113468	0.0252659399111
3312.49529395	0.0252659071836
3312.80945321	0.0252658744586
3313.12361248	0.0252658417346
3313.43777174	0.0252658090105
3313.75193101	0.0252657762863
3314.06609027	0.0252657435607
3314.38024954	0.0252657108318
3314.6944088	0.0252656780987
3315.00856807	0.0252656453621
3315.32272733	0.0252656126233
3315.6368866	0.025265579883
3315.95104586	0.0252655471433
3316.26520513	0.0252655144057
3316.57936439	0.025265481671
3316.89352366	0.0252654489408
3317.20768293	0.0252654162172
3317.52184219	0.0252653835022
3317.83600146	0.025265350795
3318.15016072	0.0252653180926
3318.46431999	0.0252652853946
3318.77847925	0.0252652527005
3319.09263852	0.0252652200089
3319.40679778	0.025265187318
3319.72095705	0.0252651546273
3320.03511631	0.0252651219362
3320.34927558	0.0252650892435
3320.66343484	0.0252650565472
3320.97759411	0.0252650238469
3321.29175338	0.0252649911433
3321.60591264	0.0252649584374
3321.92007191	0.0252649257305
3322.23423117	0.0252648930243
3322.54839044	0.0252648603202
3322.8625497	0.0252648276193
3323.17670897	0.0252647949228
3323.49086823	0.025264762233
3323.8050275	0.025264729552
3324.11918676	0.0252646968781
3324.43334603	0.025264664209
3324.74750529	0.0252646315441
3325.06166456	0.0252645988833
3325.37582382	0.0252645662248
3325.68998309	0.0252645335669
3326.00414236	0.0252645009092
3326.31830162	0.025264468251
3326.63246089	0.0252644355908
3326.94662015	0.0252644029268
3327.26077942	0.0252643702591
3327.57493868	0.0252643375884
3327.88909795	0.0252643049154
3328.20325721	0.0252642722423
3328.51741648	0.0252642395695
3328.83157574	0.0252642068986
3329.14573501	0.0252641742312
3329.45989427	0.025264141568
3329.77405354	0.025264108912
3330.08821281	0.0252640762643
3330.40237207	0.0252640436237
3330.71653134	0.0252640109868
3331.0306906	0.0252639783552
3331.34484987	0.0252639457277
3331.65900913	0.0252639131017
3331.9731684	0.0252638804769
3332.28732766	0.0252638478523
3332.60148693	0.0252638152269
3332.91564619	0.0252637825996
3333.22980546	0.025263749968
3333.54396472	0.0252637173323
3333.85812399	0.0252636846943
3334.17228326	0.0252636520538
3334.48644252	0.0252636194132
3334.80060179	0.0252635867737
3335.11476105	0.0252635541363
3335.42892032	0.0252635215016
3335.74307958	0.0252634888718
3336.05723885	0.0252634562494
3336.37139811	0.0252634236352
3336.68555738	0.0252633910273
3336.99971664	0.0252633584237
3337.31387591	0.0252633258245
3337.62803517	0.0252632932292
3337.94219444	0.0252632606361
3338.2563537	0.0252632280439
3338.57051297	0.0252631954517
3338.88467224	0.0252631628582
3339.1988315	0.0252631302625
3339.51299077	0.0252630976632
3339.82715003	0.02526306506
3340.1413093	0.0252630324542
3340.45546856	0.0252629998465
3340.76962783	0.0252629672389
3341.08378709	0.0252629346328
3341.39794636	0.0252629020282
3341.71210562	0.0252628694267
3342.02626489	0.0252628368301
3342.34042415	0.025262804241
3342.65458342	0.0252627716599
3342.96874269	0.0252627390844
3343.28290195	0.0252627065133
3343.59706122	0.0252626739468
3343.91122048	0.025262641384
3344.22537975	0.025262608823
3344.53953901	0.0252625762631
3344.85369828	0.0252625437032
3345.16785754	0.0252625111418
3345.48201681	0.025262478578
3345.79617607	0.0252624460103
3346.11033534	0.0252624134391
3346.4244946	0.0252623808655
3346.73865387	0.0252623482902
3347.05281313	0.0252623157152
3347.3669724	0.0252622831415
3347.68113167	0.0252622505696
3347.99529093	0.0252622180007
3348.3094502	0.0252621854371
3348.62360946	0.025262152881
3348.93776873	0.0252621203325
3349.25192799	0.0252620877893
3349.56608726	0.0252620552506
3349.88024652	0.0252620227165
3350.19440579	0.0252619901858
3350.50856505	0.0252619576571
3350.82272432	0.0252619251294
3351.13688358	0.0252618926015
3351.45104285	0.0252618600721
3351.76520212	0.0252618275399
3352.07936138	0.0252617950039
3352.39352065	0.0252617624645
3352.70767991	0.0252617299229
3353.02183918	0.0252616973798
3353.33599844	0.0252616648373
3353.65015771	0.0252616322962
3353.96431697	0.0252615997566
3354.27847624	0.0252615672201
3354.5926355	0.0252615346891
3354.90679477	0.0252615021658
3355.22095403	0.0252614696495
3355.5351133	0.0252614371383
3355.84927256	0.0252614046318
3356.16343183	0.0252613721299
3356.4775911	0.0252613396313
3356.79175036	0.0252613071346
3357.10590963	0.0252612746389
3357.42006889	0.0252612421428
3357.73422816	0.0252612096449
3358.04838742	0.0252611771442
3358.36254669	0.0252611446395
3358.67670595	0.0252611121317
3358.99086522	0.0252610796216
3359.30502448	0.0252610471105
3359.61918375	0.0252610146003
3359.93334301	0.0252609820912
3360.24750228	0.0252609495836
3360.56166155	0.0252609170793
3360.87582081	0.0252608845809
3361.18998008	0.02526085209
3361.50413934	0.0252608196057
3361.81829861	0.0252607871263
3362.13245787	0.0252607546516
3362.44661714	0.0252607221816
3362.7607764	0.0252606897147
3363.07493567	0.0252606572497
3363.38909493	0.0252606247856
3363.7032542	0.0252605923209
3364.01741346	0.0252605598544
3364.33157273	0.0252605273846
3364.64573199	0.0252604949112
3364.95989126	0.0252604624349
3365.27405053	0.0252604299564
3365.58820979	0.0252603974772
3365.90236906	0.025260364999
3366.21652832	0.0252603325219
3366.53068759	0.0252603000462
3366.84484685	0.0252602675739
3367.15900612	0.0252602351078
3367.47316538	0.0252602026491
3367.78732465	0.0252601701965
3368.10148391	0.0252601377487
3368.41564318	0.0252601053058
3368.72980244	0.0252600728675
3369.04396171	0.0252600404322
3369.35812098	0.0252600079988
3369.67228024	0.025259975566
3369.98643951	0.0252599431325
3370.30059877	0.0252599106971
3370.61475804	0.0252598782582
3370.9289173	0.0252598458157
3371.24307657	0.0252598133706
3371.55723583	0.0252597809234
3371.8713951	0.0252597484759
3372.18555436	0.0252597160294
3372.49971363	0.0252596835838
3372.81387289	0.0252596511396
3373.12803216	0.025259618699
3373.44219142	0.0252595862651
3373.75635069	0.0252595538382
3374.07050996	0.025259521417
3374.38466922	0.0252594890008
3374.69882849	0.0252594565895
3375.01298775	0.0252594241826
3375.32714702	0.0252593917787
3375.64130628	0.0252593593764
3375.95546555	0.0252593269747
3376.26962481	0.0252592945723
3376.58378408	0.0252592621675
3376.89794334	0.0252592297593
3377.21210261	0.0252591973477
3377.52626187	0.0252591649336
3377.84042114	0.0252591325177
3378.15458041	0.0252591001016
3378.46873967	0.0252590676871
3378.78289894	0.0252590352725
3379.0970582	0.0252590028594
3379.41121747	0.0252589704506
3379.72537673	0.0252589380485
3380.039536	0.0252589056525
3380.35369526	0.0252588732625
3380.66785453	0.0252588408776
3380.98201379	0.0252588084975
3381.29617306	0.0252587761219
3381.61033232	0.0252587437493
3381.92449159	0.0252587113786
3382.23865085	0.0252586790079
3382.55281012	0.0252586466362
3382.86696939	0.025258614262
3383.18112865	0.0252585818848
3383.49528792	0.0252585495037
3383.80944718	0.0252585171202
3384.12360645	0.0252584847352
3384.43776571	0.0252584523504
3384.75192498	0.0252584199665
3385.06608424	0.025258387583
3385.38024351	0.0252583552013
3385.69440277	0.0252583228238
3386.00856204	0.0252582904533
3386.3227213	0.0252582580892
3386.63688057	0.02525822573
3386.95103984	0.025258193376
3387.2651991	0.0252581610274
3387.57935837	0.0252581286828
3387.89351763	0.025258096341
3388.2076769	0.0252580640005
3388.52183616	0.0252580316605
3388.83599543	0.0252579993194
3389.15015469	0.0252579669751
3389.46431396	0.0252579346278
3389.77847322	0.0252579022777
3390.09263249	0.0252578699253
3390.40679175	0.0252578375713
3390.72095102	0.0252578052178
3391.03511028	0.0252577728652
3391.34926955	0.0252577405128
3391.66342882	0.025257708162
3391.97758808	0.025257675816
3392.29174735	0.0252576434768
3392.60590661	0.0252576111435
3392.92006588	0.0252575788152
3393.23422514	0.0252575464921
3393.54838441	0.0252575141742
3393.86254367	0.0252574818604
3394.17670294	0.0252574495493
3394.4908622	0.0252574172395
3394.80502147	0.0252573849298
3395.11918073	0.0252573526188
3395.43334	0.0252573203048
3395.74749927	0.0252572879875
3396.06165853	0.0252572556674
3396.3758178	0.0252572233451
3396.68997706	0.0252571910219
3397.00413633	0.0252571586991
3397.31829559	0.0252571263767
3397.63245486	0.0252570940545
3397.94661412	0.0252570617346
3398.26077339	0.0252570294198
3398.57493265	0.0252569971113
3398.88909192	0.0252569648086
3399.20325118	0.025256932511
3399.51741045	0.0252569002187
3399.83156972	0.0252568679315
3400.14572898	0.0252568356484
3400.45988825	0.0252568033681
3400.77404751	0.0252567710886
3401.08820678	0.0252567388089
3401.40236604	0.0252567065277
3401.71652531	0.0252566742434
3402.03068457	0.025256641956
3402.34484384	0.025256609666
3402.6590031	0.0252565773741
3402.97316237	0.0252565450816
3403.28732163	0.0252565127897
3403.6014809	0.0252564804978
3403.91564016	0.0252564482061
3404.22979943	0.0252564159167
3404.5439587	0.0252563836328
3404.85811796	0.025256351355
3405.17227723	0.0252563190826
3405.48643649	0.0252562868154
3405.80059576	0.0252562545537
3406.11475502	0.025256222297
3406.42891429	0.0252561900443
3406.74307355	0.0252561577939
3407.05723282	0.0252561255447
3407.37139208	0.0252560932951
3407.68555135	0.0252560610435
3407.99971061	0.0252560287888
3408.31386988	0.0252559965311
3408.62802915	0.0252559642711
3408.94218841	0.0252559320094
3409.25634768	0.0252558997474
3409.57050694	0.0252558674859
3409.88466621	0.0252558352244
3410.19882547	0.0252558029631
3410.51298474	0.0252557707046
3410.827144	0.0252557384515
3411.14130327	0.0252557062042
3411.45546253	0.0252556739621
3411.7696218	0.0252556417252
3412.08378106	0.0252556094939
3412.39794033	0.0252555772675
3412.71209959	0.0252555450448
3413.02625886	0.0252555128245
3413.34041813	0.0252554806052
3413.65457739	0.0252554483852
3413.96873666	0.025255416163
3414.28289592	0.0252553839377
3414.59705519	0.0252553517097
3414.91121445	0.0252553194796
3415.22537372	0.0252552872481
3415.53953298	0.0252552550164
3415.85369225	0.025255222785
3416.16785151	0.0252551905534
3416.48201078	0.0252551583222
3416.79617004	0.0252551260942
3417.11032931	0.0252550938716
3417.42448858	0.0252550616545
3417.73864784	0.0252550294425
3418.05280711	0.0252549972358
3418.36696637	0.0252549650346
3418.68112564	0.0252549328384
3418.9952849	0.0252549006457
3419.30944417	0.0252548684553
3419.62360343	0.0252548362655
3419.9377627	0.025254804075
3420.25192196	0.0252547718821
3420.56608123	0.0252547396861
3420.88024049	0.0252547074876
3421.19439976	0.0252546752872
3421.50855902	0.0252546430857
3421.82271829	0.025254610884
3422.13687756	0.0252545786825
3422.45103682	0.0252545464806
3422.76519609	0.0252545142795
3423.07935535	0.0252544820817
3423.39351462	0.0252544498892
3423.70767388	0.025254417702
3424.02183315	0.0252543855199
3424.33599241	0.0252543533432
3424.65015168	0.025254321172
3424.96431094	0.0252542890057
3425.27847021	0.0252542568428
3425.59262947	0.025254224682
3425.90678874	0.0252541925217
3426.22094801	0.0252541603604
3426.53510727	0.0252541281965
3426.84926654	0.0252540960296
3427.1634258	0.0252540638604
3427.47758507	0.0252540316897
3427.79174433	0.025253999518
3428.1059036	0.0252539673461
3428.42006286	0.0252539351741
3428.73422213	0.0252539030018
3429.04838139	0.0252538708305
3429.36254066	0.0252538386628
3429.67669992	0.0252538065001
3429.99085919	0.0252537743425
3430.30501845	0.0252537421901
3430.61917772	0.0252537100432
3430.93333699	0.0252536779018
3431.24749625	0.0252536457652
3431.56165552	0.0252536136319
3431.87581478	0.0252535815005
3432.18997405	0.0252535493693
3432.50413331	0.025253517237
3432.81829258	0.0252534851018
3433.13245184	0.0252534529642
3433.44661111	0.025253420824
3433.76077037	0.0252533886829
3434.07492964	0.0252533565408
3434.3890889	0.0252533243985
3434.70324817	0.0252532922556
3435.01740744	0.0252532601126
3435.3315667	0.025253227971
3435.64572597	0.0252531958331
3435.95988523	0.0252531637
3436.2740445	0.0252531315721
3436.58820376	0.0252530994493
3436.90236303	0.0252530673323
3437.21652229	0.0252530352208
3437.53068156	0.0252530031137
3437.84484082	0.0252529710099
3438.15900009	0.0252529389077
3438.47315935	0.0252529068056
3438.78731862	0.025252874702
3439.10147788	0.0252528425956
3439.41563715	0.0252528104867
3439.72979642	0.0252527783762
3440.04395568	0.0252527462641
3440.35811495	0.0252527141513
3440.67227421	0.0252526820382
3440.98643348	0.0252526499244
3441.30059274	0.0252526178107
3441.61475201	0.0252525856985
3441.92891127	0.0252525535899
3442.24307054	0.0252525214861
3442.5572298	0.0252524893874
3442.87138907	0.0252524572939
3443.18554833	0.025252425206
3443.4997076	0.0252523931237
3443.81386687	0.0252523610457
3444.12802613	0.0252523289709
3444.4421854	0.0252522968973
3444.75634466	0.0252522648238
3445.07050393	0.0252522327487
3445.38466319	0.0252522006705
3445.69882246	0.0252521685899
3446.01298172	0.0252521365082
3446.32714099	0.0252521044254
3446.64130025	0.0252520723415
3446.95545952	0.0252520402571
3447.26961878	0.0252520081722
3447.58377805	0.0252519760876
3447.89793731	0.0252519440043
3448.21209658	0.0252519119246
3448.52625585	0.0252518798498
3448.84041511	0.0252518477801
3449.15457438	0.0252518157157
3449.46873364	0.0252517836571
3449.78289291	0.025251751604
3450.09705217	0.0252517195551
3450.41121144	0.0252516875091
3450.7253707	0.0252516554644
3451.03952997	0.0252516234193
3451.35368923	0.0252515913722
3451.6678485	0.0252515593224
3451.98200776	0.0252515272705
3452.29616703	0.0252514952177
3452.6103263	0.0252514631637
3452.92448556	0.0252514311089
3453.23864483	0.0252513990532
3453.55280409	0.0252513669972
3453.86696336	0.0252513349415
3454.18112262	0.0252513028874
3454.49528189	0.0252512708368
3454.80944115	0.0252512387909
3455.12360042	0.0252512067502
3455.43775968	0.025251174715
3455.75191895	0.0252511426855
3456.06607821	0.0252511106614
3456.38023748	0.0252510786414
3456.69439675	0.025251046624
3457.00855601	0.0252510146077
3457.32271528	0.0252509825909
3457.63687454	0.0252509505719
3457.95103381	0.0252509185503
3458.26519307	0.0252508865268
3458.57935234	0.0252508545026
3458.8935116	0.0252508224774
3459.20767087	0.0252507904512
3459.52183013	0.0252507584242
3459.8359894	0.0252507263969
3460.15014866	0.0252506943698
3460.46430793	0.0252506623444
3460.77846719	0.0252506303226
3461.09262646	0.0252505983055
3461.40678573	0.0252505662937
3461.72094499	0.0252505342874
3462.03510426	0.0252505022868
3462.34926352	0.0252504702915
3462.66342279	0.0252504383002
3462.97758205	0.0252504063113
3463.29174132	0.0252503743233
3463.60590058	0.0252503423345
3463.92005985	0.0252503103434
3464.23421911	0.0252502783498
3464.54837838	0.0252502463547
3464.86253764	0.025250214359
3465.17669691	0.0252501823623
3465.49085618	0.0252501503645
3465.80501544	0.025250118366
3466.11917471	0.025250086367
3466.43333397	0.0252500543683
3466.74749324	0.0252500223714
3467.0616525	0.0252499903783
3467.37581177	0.0252499583899
3467.68997103	0.0252499264068
3468.0041303	0.0252498944292
3468.31828956	0.0252498624574
3468.63244883	0.0252498304907
3468.94660809	0.0252497985278
3469.26076736	0.0252497665672
3469.57492662	0.0252497346072
3469.88908589	0.0252497026462
3470.20324516	0.0252496706827
3470.51740442	0.025249638717
3470.83156369	0.0252496067502
3471.14572295	0.0252495747828
3471.45988222	0.0252495428143
3471.77404148	0.0252495108448
3472.08820075	0.0252494788746
3472.40236001	0.0252494469038
3472.71651928	0.0252494149332
3473.03067854	0.0252493829648
3473.34483781	0.0252493510001
3473.65899707	0.0252493190402
3473.97315634	0.0252492870855
3474.28731561	0.0252492551366
3474.60147487	0.0252492231933
3474.91563414	0.025249191255
3475.2297934	0.0252491593203
3475.54395267	0.0252491273877
3475.85811193	0.0252490954554
3476.1722712	0.025249063522
3476.48643046	0.025249031586
3476.80058973	0.0252489996481
3477.11474899	0.0252489677095
3477.42890826	0.0252489357702
3477.74306752	0.0252489038298
3478.05722679	0.0252488718884
3478.37138605	0.0252488399461
3478.68554532	0.0252488080032
3478.99970459	0.0252487760607
3479.31386385	0.0252487441204
3479.62802312	0.0252487121839
3479.94218238	0.0252486802523
3480.25634165	0.0252486483261
3480.57050091	0.0252486164055
3480.88466018	0.0252485844906
3481.19881944	0.0252485525805
3481.51297871	0.0252485206739
3481.82713797	0.0252484887691
3482.14129724	0.0252484568644
3482.4554565	0.0252484249582
3482.76961577	0.0252483930494
3483.08377504	0.0252483611391
3483.3979343	0.0252483292285
3483.71209357	0.0252482973168
3484.02625283	0.0252482654046
3484.3404121	0.0252482334909
3484.65457136	0.0252482015766
3484.96873063	0.0252481696613
3485.28288989	0.0252481377464
3485.59704916	0.0252481058341
3485.91120842	0.0252480739258
3486.22536769	0.0252480420225
3486.53952695	0.0252480101245
3486.85368622	0.0252479782322
3487.16784548	0.0252479463457
3487.48200475	0.0252479144637
3487.79616402	0.025247882585
3488.11032328	0.0252478507079
3488.42448255	0.0252478188307
3488.73864181	0.0252477869517
3489.05280108	0.0252477550701
3489.36696034	0.0252477231877
3489.68111961	0.0252476913049
3489.99527887	0.0252476594213
3490.30943814	0.0252476275364
3490.6235974	0.0252475956505
3490.93775667	0.0252475637637
3491.25191593	0.0252475318761
3491.5660752	0.025247499989
3491.88023447	0.0252474681044
3492.19439373	0.0252474362239
3492.508553	0.0252474043483
3492.82271226	0.0252473724783
3493.13687153	0.0252473406139
3493.45103079	0.0252473087551
3493.76519006	0.0252472769007
3494.07934932	0.0252472450495
3494.39350859	0.0252472131995
3494.70766785	0.0252471813492
3495.02182712	0.0252471494968
3495.33598638	0.0252471176423
3495.65014565	0.0252470857871
3495.96430491	0.0252470539317
3496.27846418	0.0252470220756
3496.59262345	0.0252469902182
3496.90678271	0.0252469583595
3497.22094198	0.0252469264999
3497.53510124	0.0252468946397
3497.84926051	0.0252468627801
3498.16341977	0.0252468309231
3498.47757904	0.0252467990703
3498.7917383	0.0252467672225
3499.10589757	0.0252467353804
3499.42005683	0.025246703544
3499.7342161	0.0252466717129
3500.04837536	0.0252466398861
3500.36253463	0.0252466080623
3500.6766939	0.0252465762394
3500.99085316	0.0252465444158
3501.30501243	0.0252465125902
3501.61917169	0.0252464807628
3501.93333096	0.0252464489349
3502.24749022	0.0252464171069
3502.56164949	0.0252463852783
3502.87580875	0.0252463534482
3503.18996802	0.0252463216167
3503.50412728	0.0252462897844
3503.81828655	0.0252462579515
3504.13244581	0.0252462261193
3504.44660508	0.0252461942898
3504.76076434	0.0252461624645
3505.07492361	0.0252461306445
3505.38908288	0.0252460988301
3505.70324214	0.0252460670215
3506.01740141	0.0252460352179
3506.33156067	0.0252460034186
3506.64571994	0.025245971622
3506.9598792	0.025245939826
3507.27403847	0.025245908029
3507.58819773	0.02524587623
3507.902357	0.0252458444295
3508.21651626	0.0252458126289
3508.53067553	0.0252457808282
3508.84483479	0.0252457490268
3509.15899406	0.0252457172238
3509.47315333	0.0252456854194
3509.78731259	0.0252456536141
3510.10147186	0.0252456218084
3510.41563112	0.0252455900033
3510.72979039	0.025245558201
3511.04394965	0.0252455264032
3511.35810892	0.0252454946108
3511.67226818	0.025245462824
3511.98642745	0.0252454310428
3512.30058671	0.0252453992667
3512.61474598	0.0252453674947
3512.92890524	0.0252453357249
3513.24306451	0.0252453039555
3513.55722377	0.0252452721849
3513.87138304	0.0252452404124
3514.18554231	0.0252452086388
3514.49970157	0.0252451768652
3514.81386084	0.0252451450918
3515.1280201	0.0252451133174
3515.44217937	0.0252450815411
3515.75633863	0.0252450497635
3516.0704979	0.0252450179852
3516.38465716	0.0252449862064
3516.69881643	0.0252449544284
3517.01297569	0.0252449226532
3517.32713496	0.0252448908826
3517.64129422	0.0252448591176
3517.95545349	0.0252448273583
3518.26961276	0.0252447956044
3518.58377202	0.0252447638555
3518.89793129	0.0252447321105
3519.21209055	0.0252447003675
3519.52624982	0.0252446686244
3519.84040908	0.02524463688
3520.15456835	0.0252446051338
3520.46872761	0.025244573387
3520.78288688	0.0252445416404
3521.09704614	0.0252445098939
3521.41120541	0.0252444781462
3521.72536467	0.0252444463966
3522.03952394	0.0252444146457
3522.35368321	0.0252443828942
3522.66784247	0.0252443511422
3522.98200174	0.025244319391
3523.296161	0.0252442876426
3523.61032027	0.0252442558992
3523.92447953	0.0252442241615
3524.2386388	0.0252441924295
3524.55279806	0.0252441607027
3524.86695733	0.0252441289808
3525.18111659	0.0252440972626
3525.49527586	0.0252440655459
3525.80943512	0.0252440338291
3526.12359439	0.0252440021108
3526.43775365	0.0252439703908
3526.75191292	0.0252439386707
3527.06607219	0.025243906951
3527.38023145	0.0252438752311
3527.69439072	0.02524384351
3528.00854998	0.0252438117869
3528.32270925	0.0252437800625
3528.63686851	0.0252437483376
3528.95102778	0.0252437166121
3529.26518704	0.0252436848875
3529.57934631	0.025243653166
3529.89350557	0.0252436214496
3530.20766484	0.0252435897391
3530.5218241	0.0252435580341
3530.83598337	0.0252435263342
3531.15014264	0.0252434946393
3531.4643019	0.0252434629476
3531.77846117	0.025243431257
3532.09262043	0.0252433995662
3532.4067797	0.0252433678737
3532.72093896	0.02524333618
3533.03509823	0.0252433044865
3533.34925749	0.0252432727936
3533.66341676	0.0252432411
3533.97757602	0.0252432094052
3534.29173529	0.0252431777083
3534.60589455	0.0252431460106
3534.92005382	0.0252431143119
3535.23421308	0.0252430826129
3535.54837235	0.0252430509148
3535.86253162	0.0252430192201
3536.17669088	0.0252429875309
3536.49085015	0.0252429558474
3536.80500941	0.0252429241693
3537.11916868	0.0252428924966
3537.43332794	0.0252428608284
3537.74748721	0.025242829163
3538.06164647	0.0252427974986
3538.37580574	0.0252427658337
3538.689965	0.0252427341671
3539.00412427	0.0252427024995
3539.31828353	0.0252426708326
3539.6324428	0.0252426391664
3539.94660207	0.0252426074991
3540.26076133	0.0252425758301
3540.5749206	0.0252425441596
3540.88907986	0.0252425124879
3541.20323913	0.0252424808155
3541.51739839	0.0252424491425
3541.83155766	0.0252424174706
3542.14571692	0.0252423858025
3542.45987619	0.0252423541398
3542.77403545	0.025242322483
3543.08819472	0.0252422908314
3543.40235398	0.0252422591852
3543.71651325	0.0252422275432
3544.03067251	0.0252421959036
3544.34483178	0.0252421642648
3544.65899105	0.0252421326253
3544.97315031	0.0252421009841
3545.28730958	0.0252420693425
3545.60146884	0.0252420377017
3545.91562811	0.0252420060615
3546.22978737	0.0252419744202
3546.54394664	0.025241942777
3546.8581059	0.0252419111324
3547.17226517	0.0252418794867
3547.48642443	0.0252418478402
3547.8005837	0.0252418161932
3548.11474296	0.0252417845474
3548.42890223	0.0252417529057
3548.7430615	0.0252417212697
3549.05722076	0.0252416896395
3549.37138003	0.0252416580145
3549.68553929	0.0252416263948
3549.99969856	0.0252415947789
3550.31385782	0.0252415631651
3550.62801709	0.0252415315518
3550.94217635	0.0252414999377
3551.25633562	0.0252414683219
3551.57049488	0.0252414367064
3551.88465415	0.025241405092
3552.19881341	0.0252413734778
3552.51297268	0.0252413418622
3552.82713194	0.0252413102448
3553.14129121	0.0252412786262
3553.45545048	0.0252412470064
3553.76960974	0.0252412153856
3554.08376901	0.0252411837645
3554.39792827	0.025241152145
3554.71208754	0.0252411205297
3555.0262468	0.0252410889204
3555.34040607	0.0252410573165
3555.65456533	0.0252410257182
3555.9687246	0.0252409941248
3556.28288386	0.0252409625347
3556.59704313	0.0252409309465
3556.91120239	0.0252408993588
3557.22536166	0.0252408677696
3557.53952093	0.0252408361792
3557.85368019	0.0252408045897
3558.16783946	0.0252407730015
3558.48199872	0.025240741413
3558.79615799	0.025240709823
3559.11031725	0.0252406782313
3559.42447652	0.0252406466385
3559.73863578	0.0252406150443
3560.05279505	0.0252405834491
3560.36695431	0.0252405518539
3560.68111358	0.0252405202604
3560.99527284	0.0252404886714
3561.30943211	0.0252404570885
3561.62359137	0.0252404255111
3561.93775064	0.0252403939392
3562.25190991	0.0252403623718
3562.56606917	0.0252403308073
3562.88022844	0.0252402992445
3563.1943877	0.0252402676819
3563.50854697	0.0252402361176
3563.82270623	0.0252402045527
3564.1368655	0.0252401729892
3564.45102476	0.0252401414268
3564.76518403	0.0252401098637
3565.07934329	0.0252400782991
3565.39350256	0.0252400467331
3565.70766182	0.0252400151659
3566.02182109	0.0252399835971
3566.33598036	0.0252399520274
3566.65013962	0.0252399204578
3566.96429889	0.0252398888903
3567.27845815	0.0252398573274
3567.59261742	0.0252398257708
3567.90677668	0.0252397942197
3568.22093595	0.025239762674
3568.53509521	0.0252397311323
3568.84925448	0.0252396995933
3569.16341374	0.0252396680558
3569.47757301	0.0252396365179
3569.79173227	0.0252396049785
3570.10589154	0.025239573439
3570.4200508	0.0252395419013
3570.73421007	0.0252395103645
3571.04836934	0.0252394788266
3571.3625286	0.0252394472873
3571.67668787	0.0252394157469
3571.99084713	0.025239384205
3572.3050064	0.0252393526614
3572.61916566	0.025239321117
3572.93332493	0.0252392895731
3573.24748419	0.0252392580314
3573.56164346	0.0252392264946
3573.87580272	0.025239194964
3574.18996199	0.0252391634392
3574.50412125	0.0252391319193
3574.81828052	0.025239100403
3575.13243979	0.0252390688894
3575.44659905	0.025239037377
3575.76075832	0.0252390058636
3576.07491758	0.025238974349
3576.38907685	0.0252389428351
3576.70323611	0.025238911323
3577.01739538	0.0252388798114
3577.33155464	0.0252388482985
3577.64571391	0.0252388167844
3577.95987317	0.0252387852693
3578.27403244	0.0252387537526
3578.5881917	0.025238722234
3578.90235097	0.025238690715
3579.21651024	0.0252386591967
3579.5306695	0.0252386276806
3579.84482877	0.0252385961697
3580.15898803	0.0252385646652
3580.4731473	0.0252385331664
3580.78730656	0.0252385016721
3581.10146583	0.025238470181
3581.41562509	0.0252384386925
3581.72978436	0.0252384072049
3582.04394362	0.0252383757159
3582.35810289	0.0252383442261
3582.67226215	0.0252383127377
3582.98642142	0.0252382812512
3583.30058068	0.0252382497646
3583.61473995	0.0252382182762
3583.92889922	0.0252381867876
3584.24305848	0.0252381552974
3584.55721775	0.0252381238057
3584.87137701	0.0252380923119
3585.18553628	0.0252380608182
3585.49969554	0.0252380293254
3585.81385481	0.0252379978352
3586.12801407	0.0252379663502
3586.44217334	0.0252379348717
3586.7563326	0.0252379033989
3587.07049187	0.0252378719301
3587.38465113	0.0252378404642
3587.6988104	0.0252378090008
3588.01296967	0.0252377775376
3588.32712893	0.0252377460731
3588.6412882	0.0252377146083
3588.95544746	0.0252376831455
3589.26960673	0.025237651684
3589.58376599	0.0252376202221
3589.89792526	0.0252375887587
3590.21208452	0.0252375572948
3590.52624379	0.0252375258298
3590.84040305	0.0252374943625
3591.15456232	0.0252374628937
3591.46872158	0.025237431425
3591.78288085	0.0252373999573
3592.09704011	0.0252373684924
3592.41119938	0.025237337033
3592.72535865	0.0252373055801
3593.03951791	0.0252372741326
3593.35367718	0.0252372426886
3593.66783644	0.0252372112476
3593.98199571	0.0252371798087
3594.29615497	0.0252371483694
3594.61031424	0.0252371169289
3594.9244735	0.025237085489
3595.23863277	0.0252370540511
3595.55279203	0.0252370226141
3595.8669513	0.0252369911768
3596.18111056	0.0252369597381
3596.49526983	0.025236928299
3596.8094291	0.0252368968584
3597.12358836	0.0252368654156
3597.43774763	0.0252368339716
3597.75190689	0.0252368025279
3598.06606616	0.0252367710853
3598.38022542	0.0252367396457
3598.69438469	0.0252367082118
3599.00854395	0.0252366767846
3599.32270322	0.0252366453622
3599.63686248	0.0252366139432
3599.95102175	0.025236582527
3600.26518101	0.0252365511123
3600.57934028	0.025236519697
3600.89349954	0.025236488281
3601.20765881	0.025236456866
3601.52181808	0.0252364254528
3601.83597734	0.0252363940405
3602.15013661	0.0252363626277
3602.46429587	0.0252363312136
3602.77845514	0.0252362997991
3603.0926144	0.0252362683831
3603.40677367	0.0252362369647
3603.72093293	0.0252362055456
3604.0350922	0.0252361741268
3604.34925146	0.0252361427093
3604.66341073	0.025236111295
3604.97756999	0.0252360798868
3605.29172926	0.0252360484849
3605.60588853	0.0252360170876
3605.92004779	0.0252359856932
3606.23420706	0.0252359543017
3606.54836632	0.025235922911
3606.86252559	0.0252358915197
3607.17668485	0.0252358601282
3607.49084412	0.025235828738
3607.80500338	0.0252357973495
3608.11916265	0.0252357659615
3608.43332191	0.025235734573
3608.74748118	0.0252357031835
3609.06164044	0.0252356717934
3609.37579971	0.0252356404016
3609.68995897	0.0252356090078
3610.00411824	0.0252355776134
3610.31827751	0.0252355462194
3610.63243677	0.0252355148268
3610.94659604	0.0252354834379
3611.2607553	0.025235452055
3611.57491457	0.0252354206782
3611.88907383	0.0252353893056
3612.2032331	0.025235357936
3612.51739236	0.0252353265687
3612.83155163	0.0252352952018
3613.14571089	0.0252352638344
3613.45987016	0.0252352324674
3613.77402942	0.0252352011019
3614.08818869	0.0252351697378
3614.40234796	0.025235138374
3614.71650722	0.0252351070097
3615.03066649	0.0252350756445
3615.34482575	0.0252350442786
3615.65898502	0.025235012911
3615.97314428	0.0252349815416
3616.28730355	0.0252349501717
3616.60146281	0.0252349188024
3616.91562208	0.0252348874347
3617.22978134	0.025234856071
3617.54394061	0.0252348247133
3617.85809987	0.0252347933613
3618.17225914	0.0252347620133
3618.4864184	0.0252347306683
3618.80057767	0.0252346993249
3619.11473694	0.0252346679817
3619.4288962	0.0252346366384
3619.74305547	0.0252346052957
3620.05721473	0.0252345739545
3620.371374	0.0252345426146
3620.68553326	0.025234511275
3620.99969253	0.0252344799348
3621.31385179	0.0252344485937
3621.62801106	0.0252344172518
3621.94217032	0.0252343859084
3622.25632959	0.0252343545633
3622.57048885	0.0252343232178
3622.88464812	0.025234291873
3623.19880739	0.0252342605301
3623.51296665	0.0252342291915
3623.82712592	0.0252341978587
3624.14128518	0.0252341665313
3624.45544445	0.0252341352079
3624.76960371	0.0252341038871
3625.08376298	0.0252340725673
3625.39792224	0.0252340412478
3625.71208151	0.0252340099287
3626.02624077	0.0252339786102
3626.34040004	0.0252339472931
3626.6545593	0.0252339159773
3626.96871857	0.0252338846616
3627.28287783	0.0252338533453
3627.5970371	0.0252338220283
3627.91119637	0.0252337907102
3628.22535563	0.0252337593909
3628.5395149	0.02523372807
3628.85367416	0.0252336967487
3629.16783343	0.0252336654283
3629.48199269	0.0252336341103
3629.79615196	0.0252336027966
3630.11031122	0.0252335714884
3630.42447049	0.0252335401854
3630.73862975	0.0252335088864
3631.05278902	0.0252334775895
3631.36694828	0.0252334462932
3631.68110755	0.0252334149975
3631.99526682	0.0252333837023
3632.30942608	0.0252333524078
3632.62358535	0.0252333211148
3632.93774461	0.0252332898229
3633.25190388	0.0252332585312
3633.56606314	0.0252332272387
3633.88022241	0.0252331959452
3634.19438167	0.0252331646512
3634.50854094	0.0252331333558
3634.8227002	0.0252331020591
3635.13685947	0.0252330707617
3635.45101873	0.0252330394658
3635.765178	0.0252330081723
3636.07933726	0.0252329768837
3636.39349653	0.0252329456002
3636.7076558	0.0252329143213
3637.02181506	0.0252328830471
3637.33597433	0.0252328517737
3637.65013359	0.0252328205011
3637.96429286	0.0252327892293
3638.27845212	0.0252327579578
3638.59261139	0.025232726687
3638.90677065	0.0252326954176
3639.22092992	0.0252326641497
3639.53508918	0.0252326328814
3639.84924845	0.0252326016125
3640.16340771	0.0252325703428
3640.47756698	0.0252325390724
3640.79172625	0.025232507801
3641.10588551	0.025232476528
3641.42004478	0.025232445255
3641.73420404	0.0252324139831
3642.04836331	0.0252323827143
3642.36252257	0.0252323514498
3642.67668184	0.0252323201903
3642.9908411	0.0252322889358
3643.30500037	0.0252322576851
3643.61915963	0.025232226435
3643.9333189	0.0252321951857
3644.24747816	0.0252321639375
3644.56163743	0.0252321326897
3644.8757967	0.0252321014426
3645.18995596	0.025232070197
3645.50411523	0.0252320389524
3645.81827449	0.0252320077075
3646.13243376	0.025231976462
3646.44659302	0.0252319452158
3646.76075229	0.025231913969
3647.07491155	0.025231882721
3647.38907082	0.0252318514718
3647.70323008	0.0252318202225
3648.01738935	0.0252317889749
3648.33154861	0.0252317577303
3648.64570788	0.0252317264898
3648.95986714	0.0252316952543
3649.27402641	0.025231664024
3649.58818568	0.0252316327966
3649.90234494	0.0252316015699
3650.21650421	0.025231570344
3650.53066347	0.0252315391191
3650.84482274	0.0252315078948
3651.158982	0.0252314766714
3651.47314127	0.0252314454494
3651.78730053	0.0252314142281
3652.1014598	0.0252313830066
3652.41561906	0.0252313517844
3652.72977833	0.0252313205618
3653.04393759	0.0252312893386
3653.35809686	0.025231258114
3653.67225613	0.0252312268884
3653.98641539	0.0252311956631
3654.30057466	0.0252311644396
3654.61473392	0.025231133219
3654.92889319	0.0252311020026
3655.24305245	0.0252310707912
3655.55721172	0.0252310395849
3655.87137098	0.0252310083808
3656.18553025	0.0252309771773
3656.49968951	0.0252309459749
3656.81384878	0.0252309147733
3657.12800804	0.0252308835724
3657.44216731	0.0252308523725
3657.75632657	0.0252308211739
3658.07048584	0.0252307899759
3658.38464511	0.0252307587775
3658.69880437	0.0252307275786
3659.01296364	0.0252306963796
3659.3271229	0.0252306651797
3659.64128217	0.0252306339787
3659.95544143	0.0252306027766
3660.2696007	0.025230571575
3660.58375996	0.0252305403754
3660.89791923	0.0252305091789
3661.21207849	0.0252304779864
3661.52623776	0.025230446799
3661.84039702	0.0252304156162
3662.15455629	0.0252303844353
3662.46871556	0.0252303532552
3662.78287482	0.025230322076
3663.09703409	0.0252302908977
3663.41119335	0.02523025972
3663.72535262	0.0252302285434
3664.03951188	0.0252301973681
3664.35367115	0.0252301661931
3664.66783041	0.0252301350177
3664.98198968	0.0252301038422
3665.29614894	0.0252300726665
3665.61030821	0.0252300414898
3665.92446747	0.0252300103121
3666.23862674	0.0252299791336
3666.552786	0.0252299479556
3666.86694527	0.0252299167797
3667.18110454	0.0252298856071
3667.4952638	0.0252298544383
3667.80942307	0.0252298232747
3668.12358233	0.0252297921152
3668.4377416	0.0252297609574
3668.75190086	0.0252297298006
3669.06606013	0.0252296986446
3669.38021939	0.0252296674893
3669.69437866	0.0252296363347
3670.00853792	0.0252296051814
3670.32269719	0.025229574029
3670.63685645	0.0252295428769
3670.95101572	0.0252295117245
3671.26517499	0.0252294805721
3671.57933425	0.0252294494197
3671.89349352	0.0252294182661
3672.20765278	0.0252293871116
3672.52181205	0.0252293559565
3672.83597131	0.025229324802
3673.15013058	0.0252292936497
3673.46428984	0.0252292625008
3673.77844911	0.0252292313558
3674.09260837	0.0252292002157
3674.40676764	0.0252291690792
3674.7209269	0.0252291379446
3675.03508617	0.0252291068108
3675.34924543	0.0252290756778
3675.6634047	0.0252290445454
3675.97756397	0.0252290134139
3676.29172323	0.0252289822836
3676.6058825	0.0252289511541
3676.92004176	0.0252289200247
3677.23420103	0.0252288888953
3677.54836029	0.025228857766
3677.86251956	0.0252288266366
3678.17667882	0.025228795506
3678.49083809	0.0252287643746
3678.80499735	0.0252287332428
3679.11915662	0.0252287021117
3679.43331588	0.0252286709829
3679.74747515	0.0252286398574
3680.06163442	0.0252286087361
3680.37579368	0.0252285776192
3680.68995295	0.0252285465057
3681.00411221	0.0252285153941
3681.31827148	0.0252284842834
3681.63243074	0.0252284531732
3681.94659001	0.0252284220637
3682.26074927	0.025228390955
3682.57490854	0.0252283598475
3682.8890678	0.0252283287407
3683.20322707	0.0252282976341
3683.51738633	0.025228266528
3683.8315456	0.0252282354215
3684.14570486	0.0252282043149
3684.45986413	0.0252281732073
3684.7740234	0.0252281420987
3685.08818266	0.0252281109904
3685.40234193	0.0252280798824
3685.71650119	0.0252280487768
3686.03066046	0.0252280176747
3686.34481972	0.025227986577
3686.65897899	0.0252279554832
3686.97313825	0.0252279243926
3687.28729752	0.0252278933045
3687.60145678	0.0252278622163
3687.91561605	0.0252278311288
3688.22977531	0.0252278000421
3688.54393458	0.0252277689564
3688.85809385	0.0252277378714
3689.17225311	0.0252277067869
3689.48641238	0.0252276757031
3689.80057164	0.0252276446194
3690.11473091	0.0252276135361
3690.42889017	0.0252275824522
3690.74304944	0.0252275513673
3691.0572087	0.025227520282
3691.37136797	0.0252274891966
3691.68552723	0.0252274581118
3691.9996865	0.0252274270295
3692.31384576	0.025227395951
3692.62800503	0.0252273648762
3692.94216429	0.0252273338051
3693.25632356	0.0252273027375
3693.57048283	0.0252272716716
3693.88464209	0.0252272406064
3694.19880136	0.0252272095416
3694.51296062	0.0252271784773
3694.82711989	0.0252271474139
3695.14127915	0.0252271163514
3695.45543842	0.0252270852896
3695.76959768	0.0252270542282
3696.08375695	0.0252270231671
3696.39791621	0.0252269921063
3696.71207548	0.0252269610449
3697.02623474	0.0252269299827
3697.34039401	0.0252268989199
3697.65455328	0.025226867857
3697.96871254	0.0252268367951
3698.28287181	0.0252268057359
3698.59703107	0.0252267746803
3698.91119034	0.0252267436283
3699.2253496	0.02522671258
3699.53950887	0.0252266815349
3699.85366813	0.0252266504916
3700.1678274	0.025226619449
3700.48198666	0.0252265884066
3700.79614593	0.0252265573647
3701.11030519	0.0252265263237
3701.42446446	0.0252264952837
3701.73862373	0.0252264642443
3702.05278299	0.0252264332054
3702.36694226	0.0252264021669
3702.68110152	0.0252263711286
3702.99526079	0.0252263400897
3703.30942005	0.02522630905
3703.62357932	0.0252262780098
3703.93773858	0.0252262469696
3704.25189785	0.0252262159305
3704.56605711	0.0252261848943
3704.88021638	0.0252261538617
3705.19437564	0.0252261228325
3705.50853491	0.0252260918069
3705.82269417	0.0252260607845
3706.13685344	0.0252260297637
3706.45101271	0.0252259987436
3706.76517197	0.0252259677235
3707.07933124	0.0252259367038
3707.3934905	0.0252259056851
3707.70764977	0.0252258746675
3708.02180903	0.0252258436506
3708.3359683	0.0252258126341
3708.65012756	0.0252257816182
3708.96428683	0.0252257506023
3709.27844609	0.0252257195858
3709.59260536	0.0252256885686
3709.90676462	0.0252256575509
3710.22092389	0.0252256265332
3710.53508316	0.0252255955168
3710.84924242	0.0252255645035
3711.16340169	0.0252255334937
3711.47756095	0.0252255024874
3711.79172022	0.0252254714846
3712.10587948	0.0252254404847
3712.42003875	0.0252254094863
3712.73419801	0.0252253784883
3713.04835728	0.0252253474903
3713.36251654	0.0252253164928
3713.67667581	0.0252252854964
3713.99083507	0.025225254501
3714.30499434	0.0252252235063
3714.6191536	0.0252251925123
3714.93331287	0.0252251615188
3715.24747214	0.0252251305252
3715.5616314	0.0252250995309
3715.87579067	0.025225068536
3716.18994993	0.0252250375406
3716.5041092	0.0252250065453
3716.81826846	0.0252249755516
3717.13242773	0.025224944561
3717.44658699	0.0252249135739
3717.76074626	0.0252248825902
3718.07490552	0.0252248516101
3718.38906479	0.0252248206327
3718.70322405	0.0252247896564
3719.01738332	0.0252247586803
3719.33154259	0.0252247277044
3719.64570185	0.0252246967289
3719.95986112	0.0252246657547
3720.27402038	0.0252246347815
3720.58817965	0.0252246038091
3720.90233891	0.0252245728374
3721.21649818	0.0252245418661
3721.53065744	0.0252245108946
3721.84481671	0.0252244799225
3722.15897597	0.0252244489498
3722.47313524	0.0252244179765
3722.7872945	0.0252243870034
3723.10145377	0.0252243560323
3723.41561303	0.0252243250643
3723.7297723	0.0252242940997
3724.04393157	0.0252242631387
3724.35809083	0.0252242321811
3724.6722501	0.0252242012259
3724.98640936	0.0252241702715
3725.30056863	0.0252241393174
3725.61472789	0.0252241083633
3725.92888716	0.0252240774099
3726.24304642	0.0252240464577
3726.55720569	0.0252240155066
3726.87136495	0.0252239845563
3727.18552422	0.0252239536069
3727.49968348	0.0252239226577
3727.81384275	0.0252238917081
3728.12800202	0.0252238607581
3728.44216128	0.0252238298074
3728.75632055	0.0252237988561
3729.07047981	0.0252237679053
3729.38463908	0.0252237369566
3729.69879834	0.025223706011
3730.01295761	0.0252236750689
3730.32711687	0.0252236441304
3730.64127614	0.0252236131952
3730.9554354	0.025223582262
3731.26959467	0.0252235513294
3731.58375393	0.0252235203971
3731.8979132	0.0252234894649
3732.21207246	0.0252234585334
3732.52623173	0.0252234276031
3732.840391	0.025223396674
3733.15455026	0.0252233657459
3733.46870953	0.0252233348185
3733.78286879	0.0252233038917
3734.09702806	0.0252232729633
3734.41118732	0.0252232420355
3734.72534659	0.0252232111067
3735.03950585	0.0252231801775
3735.35366512	0.0252231492485
3735.66782438	0.0252231183221
3735.98198365	0.0252230873991
3736.29614291	0.0252230564795
3736.61030218	0.0252230255634
3736.92446145	0.0252229946501
3737.23862071	0.0252229637394
3737.55277998	0.0252229328284
3737.86693924	0.0252229019176
3738.18109851	0.025222871007
3738.49525777	0.0252228400979
3738.80941704	0.0252228091894
3739.1235763	0.0252227782821
3739.43773557	0.0252227473761
3739.75189483	0.0252227164708
3740.0660541	0.0252226855654
3740.38021336	0.0252226546596
3740.69437263	0.0252226237535
3741.00853189	0.0252225928465
3741.32269116	0.025222561939
3741.63685043	0.0252225310324
3741.95100969	0.0252225001284
3742.26516896	0.0252224692276
3742.57932822	0.0252224383301
3742.89348749	0.0252224074363
3743.20764675	0.0252223765453
3743.52180602	0.0252223456555
3743.83596528	0.0252223147661
3744.15012455	0.025222283877
3744.46428381	0.0252222529882
3744.77844308	0.0252222221001
3745.09260234	0.0252221912135
3745.40676161	0.0252221603281
3745.72092088	0.0252221294438
3746.03508014	0.0252220985599
3746.34923941	0.0252220676761
3746.66339867	0.0252220367919
3746.97755794	0.0252220059072
3747.2917172	0.0252219750216
3747.60587647	0.0252219441358
3747.92003573	0.0252219132511
3748.234195	0.025221882369
3748.54835426	0.0252218514902
3748.86251353	0.0252218206149
3749.17667279	0.0252217897431
3749.49083206	0.0252217588737
3749.80499132	0.0252217280054
3750.11915059	0.0252216971376
3750.43330986	0.0252216662698
3750.74746912	0.0252216354025
3751.06162839	0.0252216045362
3751.37578765	0.0252215736713
3751.68994692	0.0252215428077
3752.00410618	0.025221511945
3752.31826545	0.0252214810827
3752.63242471	0.0252214502204
3752.94658398	0.0252214193577
3753.26074324	0.0252213884944
3753.57490251	0.0252213576303
3753.88906177	0.0252213267661
3754.20322104	0.0252212959034
3754.51738031	0.0252212650433
3754.83153957	0.0252212341865
3755.14569884	0.0252212033333
3755.4598581	0.0252211724833
3755.77401737	0.0252211416355
3756.08817663	0.0252211107887
3756.4023359	0.0252210799422
3756.71649516	0.0252210490959
3757.03065443	0.0252210182501
3757.34481369	0.0252209874054
3757.65897296	0.0252209565622
3757.97313222	0.0252209257202
3758.28729149	0.025220894879
3758.60145075	0.0252208640382
3758.91561002	0.0252208331974
3759.22976929	0.0252208023561
3759.54392855	0.0252207715141
3759.85808782	0.0252207406715
3760.17224708	0.025220709829
3760.48640635	0.025220678988
3760.80056561	0.02522064815
3761.11472488	0.0252206173152
3761.42888414	0.0252205864839
3761.74304341	0.0252205556556
3762.05720267	0.0252205248292
3762.37136194	0.0252204940037
3762.6855212	0.0252204631785
3762.99968047	0.0252204323534
3763.31383974	0.025220401529
3763.627999	0.0252203707059
3763.94215827	0.0252203398841
3764.25631753	0.0252203090637
3764.5704768	0.0252202782439
3764.88463606	0.0252202474245
3765.19879533	0.0252202166049
3765.51295459	0.0252201857849
3765.82711386	0.0252201549642
3766.14127312	0.025220124143
3766.45543239	0.025220093322
3766.76959165	0.0252200625028
3767.08375092	0.0252200316866
3767.39791019	0.0252200008737
3767.71206945	0.0252199700641
3768.02622872	0.0252199392573
3768.34038798	0.0252199084523
3768.65454725	0.0252198776479
3768.96870651	0.0252198468438
3769.28286578	0.02521981604
3769.59702504	0.025219785237
3769.91118431	0.0252197544352
3770.22534357	0.0252197236349
3770.53950284	0.0252196928358
3770.8536621	0.0252196620373
3771.16782137	0.025219631239
3771.48198063	0.0252196004407
3771.7961399	0.0252195696419
3772.11029917	0.0252195388423
3772.42445843	0.0252195080423
3772.7386177	0.0252194772429
3773.05277696	0.0252194464455
3773.36693623	0.025219415651
3773.68109549	0.0252193848598
3773.99525476	0.0252193540718
3774.30941402	0.0252193232864
3774.62357329	0.0252192925026
3774.93773255	0.0252192617192
3775.25189182	0.0252192309362
3775.56605108	0.0252192001535
3775.88021035	0.0252191693717
3776.19436962	0.0252191385912
3776.50852888	0.0252191078122
3776.82268815	0.0252190770343
3777.13684741	0.0252190462569
3777.45100668	0.0252190154797
3777.76516594	0.0252189847024
3778.07932521	0.0252189539248
3778.39348447	0.0252189231463
3778.70764374	0.0252188923675
3779.021803	0.0252188615895
3779.33596227	0.0252188308138
3779.65012153	0.0252188000409
3779.9642808	0.0252187692712
3780.27844006	0.0252187385047
3780.59259933	0.0252187077406
3780.9067586	0.0252186769777
3781.22091786	0.0252186462153
3781.53507713	0.0252186154533
3781.84923639	0.0252185846917
3782.16339566	0.025218553931
3782.47755492	0.0252185231716
3782.79171419	0.0252184924138
3783.10587345	0.025218461657
3783.42003272	0.0252184309007
3783.73419198	0.0252184001444
3784.04835125	0.0252183693881
3784.36251051	0.0252183386315
3784.67666978	0.0252183078741
3784.99082905	0.0252182771164
3785.30498831	0.0252182463598
3785.61914758	0.0252182156056
3785.93330684	0.0252181848543
3786.24746611	0.025218154106
3786.56162537	0.0252181233608
3786.87578464	0.0252180926178
3787.1899439	0.0252180618763
3787.50410317	0.0252180311345
3787.81826243	0.0252180003935
3788.1324217	0.0252179696527
3788.44658096	0.0252179389134
3788.76074023	0.025217908175
3789.07489949	0.0252178774382
3789.38905876	0.0252178467025
3789.70321803	0.0252178159674
3790.01737729	0.0252177852321
3790.33153656	0.0252177544967
3790.64569582	0.0252177237611
3790.95985509	0.0252176930249
3791.27401435	0.0252176622885
3791.58817362	0.0252176315532
3791.90233288	0.0252176008205
3792.21649215	0.0252175700906
3792.53065141	0.0252175393636
3792.84481068	0.0252175086396
3793.15896994	0.0252174779174
3793.47312921	0.0252174471961
3793.78728848	0.0252174164753
3794.10144774	0.025217385755
3794.41560701	0.0252173550351
3794.72976627	0.0252173243162
3795.04392554	0.0252172935989
3795.3580848	0.025217262883
3795.67224407	0.025217232168
3795.98640333	0.0252172014532
3796.3005626	0.0252171707386
3796.61472186	0.025217140024
3796.92888113	0.025217109309
3797.24304039	0.0252170785934
3797.55719966	0.025217047878
3797.87135892	0.025217017164
3798.18551819	0.0252169864525
3798.49967746	0.0252169557437
3798.81383672	0.025216925038
3799.12799599	0.0252168943349
3799.44215525	0.0252168636335
3799.75631452	0.0252168329329
3800.07047378	0.0252168022328
3800.38463305	0.0252167715331
3800.69879231	0.025216740834
3801.01295158	0.025216710136
3801.32711084	0.0252166794395
3801.64127011	0.0252166487444
3801.95542937	0.02521661805
3802.26958864	0.0252165873559
3802.58374791	0.025216556662
3802.89790717	0.0252165259681
3803.21206644	0.0252164952737
3803.5262257	0.0252164645789
3803.84038497	0.0252164338845
3804.15454423	0.0252164031916
3804.4687035	0.0252163725012
3804.78286276	0.0252163418136
3805.09702203	0.025216311129
3805.41118129	0.0252162804467
3805.72534056	0.0252162497659
3806.03949982	0.0252162190859
3806.35365909	0.0252161884064
3806.66781835	0.0252161577273
3806.98197762	0.0252161270488
3807.29613689	0.0252160963716
3807.61029615	0.0252160656958
3807.92445542	0.0252160350213
3808.23861468	0.0252160043475
3808.55277395	0.025215973674
3808.86693321	0.0252159430008
3809.18109248	0.0252159123274
3809.49525174	0.0252158816537
3809.80941101	0.0252158509797
3810.12357027	0.0252158203062
3810.43772954	0.0252157896345
3810.7518888	0.0252157589651
3811.06604807	0.0252157282986
3811.38020734	0.0252156976348
3811.6943666	0.0252156669732
3812.00852587	0.0252156363129
3812.32268513	0.0252156056534
3812.6368444	0.0252155749944
3812.95100366	0.0252155443358
3813.26516293	0.0252155136779
3813.57932219	0.0252154830212
3813.89348146	0.0252154523661
3814.20764072	0.0252154217122
3814.52179999	0.0252153910588
3814.83595925	0.0252153604058
3815.15011852	0.0252153297531
3815.46427778	0.0252152991003
3815.77843705	0.0252152684472
3816.09259632	0.0252152377938
3816.40675558	0.0252152071413
3816.72091485	0.0252151764905
3817.03507411	0.0252151458421
3817.34923338	0.0252151151964
3817.66339264	0.0252150845534
3817.97755191	0.0252150539124
3818.29171117	0.0252150232724
3818.60587044	0.0252149926332
3818.9200297	0.0252149619946
3819.23418897	0.0252149313565
3819.54834823	0.0252149007191
3819.8625075	0.0252148700829
3820.17666677	0.0252148394483
3820.49082603	0.0252148088148
3820.8049853	0.0252147781818
3821.11914456	0.0252147475492
3821.43330383	0.0252147169169
3821.74746309	0.0252146862845
3822.06162236	0.0252146556519
3822.37578162	0.0252146250192
3822.68994089	0.0252145943875
3823.00410015	0.0252145637577
3823.31825942	0.0252145331301
3823.63241868	0.0252145025052
3823.94657795	0.0252144718828
3824.26073722	0.0252144412621
3824.57489648	0.0252144106424
3824.88905575	0.0252143800235
3825.20321501	0.0252143494052
3825.51737428	0.0252143187874
3825.83153354	0.0252142881703
3826.14569281	0.0252142575546
3826.45985207	0.0252142269404
3826.77401134	0.0252141963272
3827.0881706	0.0252141657145
3827.40232987	0.0252141351022
3827.71648913	0.0252141044903
3828.0306484	0.0252140738783
3828.34480766	0.025214043266
3828.65896693	0.025214012654
3828.9731262	0.025213982043
3829.28728546	0.025213951434
3829.60144473	0.0252139208271
3829.91560399	0.0252138902228
3830.22976326	0.0252138596208
3830.54392252	0.0252138290204
3830.85808179	0.0252137984209
3831.17224105	0.0252137678222
3831.48640032	0.0252137372241
3831.80055958	0.0252137066265
3832.11471885	0.0252136760297
3832.42887811	0.0252136454343
3832.74303738	0.0252136148404
3833.05719665	0.0252135842475
3833.37135591	0.025213553655
3833.68551518	0.025213523063
3833.99967444	0.0252134924713
3834.31383371	0.0252134618796
3834.62799297	0.0252134312877
3834.94215224	0.0252134006961
3835.2563115	0.0252133701058
3835.57047077	0.0252133395174
3835.88463003	0.0252133089311
3836.1987893	0.0252132783473
3836.51294856	0.0252132477656
3836.82710783	0.0252132171854
3837.14126709	0.0252131866064
3837.45542636	0.0252131560275
3837.76958563	0.0252131254497
3838.08374489	0.0252130948721
3838.39790416	0.0252130642957
3838.71206342	0.0252130337204
3839.02622269	0.0252130031468
3839.34038195	0.0252129725741
3839.65454122	0.0252129420021
3839.96870048	0.0252129114303
3840.28285975	0.0252128808588
3840.59701901	0.0252128502875
3840.91117828	0.0252128197161
3841.22533754	0.0252127891449
3841.53949681	0.0252127585752
3841.85365608	0.0252127280074
3842.16781534	0.0252126974416
3842.48197461	0.0252126668781
3842.79613387	0.0252126363166
3843.11029314	0.0252126057562
3843.4244524	0.0252125751968
3843.73861167	0.0252125446382
3844.05277093	0.0252125140803
3844.3669302	0.0252124835227
3844.68108946	0.0252124529661
3844.99524873	0.0252124224111
3845.30940799	0.0252123918575
3845.62356726	0.0252123613046
3845.93772652	0.0252123307523
3846.25188579	0.0252123002006
3846.56604506	0.0252122696492
3846.88020432	0.0252122390978
3847.19436359	0.0252122085464
3847.50852285	0.0252121779957
3847.82268212	0.0252121474465
3848.13684138	0.0252121168989
3848.45100065	0.0252120863534
3848.76515991	0.0252120558101
3849.07931918	0.0252120252687
3849.39347844	0.0252119947283
3849.70763771	0.0252119641888
3850.02179697	0.0252119336502
3850.33595624	0.0252119031122
3850.65011551	0.0252118725747
3850.96427477	0.0252118420382
3851.27843404	0.0252118115032
3851.5925933	0.0252117809696
3851.90675257	0.0252117504366
3852.22091183	0.0252117199043
3852.5350711	0.0252116893725
3852.84923036	0.0252116588411
3853.16338963	0.0252116283097
3853.47754889	0.0252115977785
3853.79170816	0.0252115672481
3854.10586742	0.0252115367191
3854.42002669	0.0252115061919
3854.73418595	0.0252114756665
3855.04834522	0.0252114451433
3855.36250449	0.0252114146217
3855.67666375	0.0252113841012
3855.99082302	0.0252113535815
3856.30498228	0.0252113230627
3856.61914155	0.0252112925446
3856.93330081	0.0252112620269
3857.24746008	0.0252112315104
3857.56161934	0.0252112009954
3857.87577861	0.0252111704815
3858.18993787	0.0252111399684
3858.50409714	0.025211109456
3858.8182564	0.0252110789442
3859.13241567	0.0252110484327
3859.44657494	0.0252110179213
3859.7607342	0.0252109874101
3860.07489347	0.0252109569
3860.38905273	0.0252109263913
3860.703212	0.0252108958841
3861.01737126	0.0252108653789
3861.33153053	0.0252108348756
3861.64568979	0.0252108043738
3861.95984906	0.0252107738729
3862.27400832	0.025210743373
3862.58816759	0.025210712874
3862.90232685	0.0252106823756
3863.21648612	0.0252106518778
3863.53064538	0.0252106213811
3863.84480465	0.0252105908859
3864.15896392	0.0252105603918
3864.47312318	0.0252105298985
3864.78728245	0.0252104994059
3865.10144171	0.025210468914
3865.41560098	0.0252104384223
3865.72976024	0.0252104079308
3866.04391951	0.0252103774397
3866.35807877	0.0252103469496
3866.67223804	0.025210316461
3866.9863973	0.0252102859739
3867.30055657	0.0252102554886
3867.61471583	0.0252102250051
3867.9288751	0.0252101945229
3868.24303437	0.0252101640417
3868.55719363	0.0252101335615
3868.8713529	0.0252101030822
3869.18551216	0.0252100726034
3869.49967143	0.0252100421252
3869.81383069	0.0252100116483
3870.12798996	0.0252099811729
3870.44214922	0.0252099506985
3870.75630849	0.0252099202249
3871.07046775	0.025209889752
3871.38462702	0.0252098592798
3871.69878628	0.0252098288079
3872.01294555	0.0252097983362
3872.32710481	0.025209767865
3872.64126408	0.025209737395
3872.95542335	0.0252097069264
3873.26958261	0.0252096764591
3873.58374188	0.0252096459936
3873.89790114	0.0252096155298
3874.21206041	0.0252095850672
3874.52621967	0.0252095546056
3874.84037894	0.025209524145
3875.1545382	0.0252094936852
3875.46869747	0.025209463226
3875.78285673	0.0252094327675
3876.097016	0.0252094023102
3876.41117526	0.0252093718544
3876.72533453	0.0252093413996
3877.0394938	0.0252093109456
3877.35365306	0.0252092804924
3877.66781233	0.0252092500399
3877.98197159	0.0252092195877
3878.29613086	0.0252091891357
3878.61029012	0.0252091586844
3878.92444939	0.0252091282343
3879.23860865	0.0252090977855
3879.55276792	0.025209067338
3879.86692718	0.0252090368921
3880.18108645	0.0252090064479
3880.49524571	0.0252089760048
3880.80940498	0.0252089455627
3881.12356425	0.0252089151216
3881.43772351	0.0252088846813
3881.75188278	0.0252088542416
3882.06604204	0.0252088238027
3882.38020131	0.025208793365
3882.69436057	0.0252087629287
3883.00851984	0.0252087324934
3883.3226791	0.025208702059
3883.63683837	0.0252086716254
3883.95099763	0.0252086411924
3884.2651569	0.0252086107598
3884.57931616	0.0252085803275
3884.89347543	0.025208549896
3885.20763469	0.0252085194657
3885.52179396	0.0252084890366
3885.83595323	0.0252084586088
3886.15011249	0.0252084281825
3886.46427176	0.0252083977577
3886.77843102	0.0252083673341
3887.09259029	0.0252083369116
3887.40674955	0.0252083064896
3887.72090882	0.025208276069
3888.03506808	0.0252082456487
3888.34922735	0.0252082152294
3888.66338661	0.0252081848111
3888.97754588	0.0252081543944
3889.29170514	0.0252081239787
3889.60586441	0.025208093564
3889.92002368	0.0252080631498
3890.23418294	0.0252080327365
3890.54834221	0.0252080023236
3890.86250147	0.025207971911
3891.17666074	0.0252079414991
3891.49082	0.0252079110886
3891.80497927	0.0252078806791
3892.11913853	0.0252078502708
3892.4332978	0.025207819864
3892.74745706	0.0252077894585
3893.06161633	0.0252077590541
3893.37577559	0.0252077286507
3893.68993486	0.0252076982483
3894.00409412	0.0252076678467
3894.31825339	0.0252076374456
3894.63241266	0.0252076070455
3894.94657192	0.0252075766468
3895.26073119	0.0252075462493
3895.57489045	0.0252075158528
3895.88904972	0.0252074854574
3896.20320898	0.0252074550627
3896.51736825	0.0252074246686
3896.83152751	0.0252073942749
3897.14568678	0.0252073638818
3897.45984604	0.0252073334897
3897.77400531	0.0252073030986
3898.08816457	0.0252072727087
3898.40232384	0.0252072423198
3898.71648311	0.0252072119324
3899.03064237	0.0252071815463
3899.34480164	0.0252071511613
3899.6589609	0.0252071207771
3899.97312017	0.025207090394
3900.28727943	0.0252070600117
3900.6014387	0.02520702963
3900.91559796	0.0252069992492
3901.22975723	0.0252069688697
3901.54391649	0.0252069384916
3901.85807576	0.0252069081144
3902.17223502	0.0252068777383
3902.48639429	0.0252068473629
3902.80055355	0.0252068169881
3903.11471282	0.0252067866138
3903.42887209	0.0252067562401
3903.74303135	0.0252067258674
3904.05719062	0.0252066954957
3904.37134988	0.0252066651251
3904.68550915	0.0252066347556
3904.99966841	0.0252066043874
3905.31382768	0.0252065740205
3905.62798694	0.0252065436546
3905.94214621	0.0252065132896
3906.25630547	0.0252064829257
3906.57046474	0.0252064525624
3906.884624	0.0252064221998
3907.19878327	0.0252063918382
3907.51294254	0.025206361478
3907.8271018	0.0252063311191
3908.14126107	0.0252063007611
3908.45542033	0.0252062704042
3908.7695796	0.0252062400481
3909.08373886	0.0252062096926
3909.39789813	0.0252061793375
3909.71205739	0.0252061489831
3910.02621666	0.0252061186298
3910.34037592	0.0252060882775
3910.65453519	0.0252060579262
3910.96869445	0.0252060275759
3911.28285372	0.0252059972269
3911.59701298	0.0252059668791
3911.91117225	0.0252059365323
3912.22533152	0.0252059061864
3912.53949078	0.0252058758415
3912.85365005	0.0252058454973
3913.16780931	0.0252058151538
3913.48196858	0.0252057848113
3913.79612784	0.0252057544702
3914.11028711	0.0252057241304
3914.42444637	0.0252056937916
3914.73860564	0.0252056634538
3915.0527649	0.0252056331169
3915.36692417	0.0252056027805
3915.68108343	0.0252055724446
3915.9952427	0.0252055421095
3916.30940197	0.0252055117755
3916.62356123	0.0252054814425
3916.9377205	0.0252054511103
3917.25187976	0.0252054207791
3917.56603903	0.0252053904492
3917.88019829	0.0252053601204
3918.19435756	0.0252053297926
3918.50851682	0.0252052994657
3918.82267609	0.0252052691397
3919.13683535	0.0252052388145
3919.45099462	0.0252052084899
3919.76515388	0.0252051781665
3920.07931315	0.0252051478445
3920.39347241	0.0252051175237
3920.70763168	0.0252050872039
3921.02179095	0.0252050568852
3921.33595021	0.0252050265674
3921.65010948	0.02520499625
3921.96426874	0.0252049659332
3922.27842801	0.0252049356174
3922.59258727	0.0252049053025
3922.90674654	0.0252048749886
3923.2209058	0.0252048446755
3923.53506507	0.0252048143633
3923.84922433	0.0252047840524
3924.1633836	0.0252047537426
3924.47754286	0.0252047234336
3924.79170213	0.0252046931256
3925.1058614	0.0252046628185
3925.42002066	0.0252046325121
3925.73417993	0.0252046022065
3926.04833919	0.0252045719021
3926.36249846	0.025204541599
3926.67665772	0.0252045112973
3926.99081699	0.0252044809965
3927.30497625	0.0252044506967
3927.61913552	0.0252044203978
3927.93329478	0.0252043900995
3928.24745405	0.0252043598017
3928.56161331	0.025204329505
3928.87577258	0.0252042992092
3929.18993184	0.0252042689143
3929.50409111	0.0252042386201
3929.81825038	0.0252042083269
3930.13240964	0.0252041780349
3930.44656891	0.0252041477439
3930.76072817	0.0252041174537
3931.07488744	0.0252040871646
3931.3890467	0.0252040568763
3931.70320597	0.0252040265887
3932.01736523	0.0252039963019
3932.3315245	0.0252039660164
3932.64568376	0.0252039357323
3932.95984303	0.0252039054494
3933.27400229	0.0252038751675
3933.58816156	0.0252038448867
3933.90232083	0.0252038146067
3934.21648009	0.0252037843272
3934.53063936	0.0252037540485
3934.84479862	0.0252037237708
3935.15895789	0.0252036934939
3935.47311715	0.0252036632179
3935.78727642	0.0252036329425
3936.10143568	0.0252036026682
3936.41559495	0.0252035723951
3936.72975421	0.0252035421229
3937.04391348	0.0252035118516
3937.35807274	0.025203481581
3937.67223201	0.0252034513117
3937.98639127	0.0252034210431
3938.30055054	0.0252033907752
3938.61470981	0.0252033605084
3938.92886907	0.0252033302433
3939.24302834	0.0252032999795
3939.5571876	0.0252032697165
3939.87134687	0.0252032394544
3940.18550613	0.0252032091934
3940.4996654	0.0252031789331
3940.81382466	0.0252031486733
3941.12798393	0.0252031184144
3941.44214319	0.0252030881565
3941.75630246	0.0252030578992
3942.07046172	0.0252030276427
3942.38462099	0.0252029973872
3942.69878026	0.0252029671327
3943.01293952	0.0252029368791
3943.32709879	0.0252029066264
3943.64125805	0.0252028763747
3943.95541732	0.0252028461237
3944.26957658	0.0252028158735
3944.58373585	0.0252027856243
3944.89789511	0.0252027553764
3945.21205438	0.0252027251298
3945.52621364	0.0252026948845
3945.84037291	0.0252026646402
3946.15453217	0.025202634397
3946.46869144	0.0252026041546
3946.78285071	0.0252025739128
3947.09700997	0.0252025436718
3947.41116924	0.025202513432
3947.7253285	0.0252024831928
3948.03948777	0.0252024529543
3948.35364703	0.0252024227166
3948.6678063	0.0252023924798
3948.98196556	0.0252023622441
3949.29612483	0.0252023320092
3949.61028409	0.0252023017752
3949.92444336	0.0252022715421
3950.23860262	0.0252022413098
3950.55276189	0.0252022110783
3950.86692115	0.0252021808478
3951.18108042	0.0252021506185
3951.49523969	0.0252021203906
3951.80939895	0.0252020901639
3952.12355822	0.0252020599382
3952.43771748	0.0252020297136
3952.75187675	0.0252019994898
3953.06603601	0.0252019692667
3953.38019528	0.0252019390446
3953.69435454	0.0252019088234
3954.00851381	0.0252018786029
3954.32267307	0.025201848383
3954.63683234	0.0252018181639
3954.9509916	0.0252017879457
3955.26515087	0.0252017577285
3955.57931014	0.0252017275121
3955.8934694	0.0252016972966
3956.20762867	0.025201667082
3956.52178793	0.0252016368682
3956.8359472	0.0252016066551
3957.15010646	0.0252015764431
3957.46426573	0.0252015462325
3957.77842499	0.0252015160231
3958.09258426	0.0252014858149
3958.40674352	0.0252014556078
3958.72090279	0.0252014254017
3959.03506205	0.0252013951965
3959.34922132	0.025201364992
3959.66338058	0.0252013347886
3959.97753985	0.025201304586
3960.29169912	0.0252012743841
3960.60585838	0.0252012441828
3960.92001765	0.0252012139822
3961.23417691	0.0252011837826
3961.54833618	0.0252011535839
3961.86249544	0.0252011233859
3962.17665471	0.0252010931888
3962.49081397	0.0252010629927
3962.80497324	0.0252010327972
3963.1191325	0.0252010026026
3963.43329177	0.0252009724091
3963.74745103	0.0252009422169
3964.0616103	0.025200912026
3964.37576957	0.0252008818363
3964.68992883	0.0252008516476
3965.0040881	0.0252008214601
3965.31824736	0.0252007912733
3965.63240663	0.0252007610875
3965.94656589	0.0252007309026
3966.26072516	0.0252007007186
3966.57488442	0.0252006705352
3966.88904369	0.0252006403524
3967.20320295	0.0252006101703
3967.51736222	0.0252005799891
3967.83152148	0.0252005498087
3968.14568075	0.0252005196291
3968.45984001	0.0252004894504
3968.77399928	0.0252004592726
3969.08815855	0.0252004290955
3969.40231781	0.0252003989193
3969.71647708	0.0252003687442
3970.03063634	0.0252003385704
3970.34479561	0.0252003083979
3970.65895487	0.0252002782265
3970.97311414	0.0252002480563
3971.2872734	0.0252002178871
3971.60143267	0.0252001877188
3971.91559193	0.0252001575514
3972.2297512	0.0252001273851
3972.54391046	0.0252000972196
3972.85806973	0.0252000670546
3973.172229	0.0252000368902
3973.48638826	0.0252000067264
3973.80054753	0.0251999765636
3974.11470679	0.0251999464015
3974.42886606	0.0251999162402
3974.74302532	0.0251998860797
3975.05718459	0.0251998559202
3975.37134385	0.0251998257613
3975.68550312	0.0251997956034
3975.99966238	0.0251997654466
3976.31382165	0.0251997352912
3976.62798091	0.0251997051369
3976.94214018	0.0251996749838
3977.25629944	0.0251996448319
3977.57045871	0.0251996146811
3977.88461798	0.0251995845312
3978.19877724	0.0251995543823
3978.51293651	0.0251995242344
3978.82709577	0.0251994940873
3979.14125504	0.0251994639406
3979.4554143	0.0251994337944
3979.76957357	0.025199403649
3980.08373283	0.0251993735044
3980.3978921	0.0251993433605
3980.71205136	0.0251993132174
3981.02621063	0.0251992830752
3981.34036989	0.0251992529338
3981.65452916	0.0251992227931
3981.96868843	0.0251991926534
3982.28284769	0.0251991625149
3982.59700696	0.0251991323777
3982.91116622	0.0251991022417
3983.22532549	0.0251990721068
3983.53948475	0.0251990419731
3983.85364402	0.0251990118406
3984.16780328	0.025198981709
3984.48196255	0.0251989515785
3984.79612181	0.025198921449
3985.11028108	0.0251988913201
3985.42444034	0.0251988611917
3985.73859961	0.0251988310638
3986.05275887	0.0251988009365
3986.36691814	0.0251987708101
3986.68107741	0.0251987406844
3986.99523667	0.0251987105595
3987.30939594	0.0251986804352
3987.6235552	0.025198650312
3987.93771447	0.0251986201899
3988.25187373	0.0251985900683
3988.566033	0.0251985599479
3988.88019226	0.025198529829
3989.19435153	0.0251984997115
3989.50851079	0.0251984695949
3989.82267006	0.0251984394793
3990.13682932	0.0251984093651
3990.45098859	0.0251983792521
3990.76514786	0.0251983491398
3991.07930712	0.0251983190285
3991.39346639	0.0251982889179
3991.70762565	0.0251982588077
3992.02178492	0.0251982286978
3992.33594418	0.0251981985887
3992.65010345	0.0251981684803
3992.96426271	0.0251981383726
3993.27842198	0.0251981082657
3993.59258124	0.0251980781596
3993.90674051	0.0251980480543
3994.22089977	0.0251980179499
3994.53505904	0.0251979878466
3994.8492183	0.0251979577444
3995.16337757	0.0251979276434
3995.47753684	0.0251978975437
3995.7916961	0.0251978674452
3996.10585537	0.0251978373478
3996.42001463	0.0251978072517
3996.7341739	0.0251977771567
3997.04833316	0.0251977470629
3997.36249243	0.0251977169698
3997.67665169	0.0251976868773
3997.99081096	0.0251976567852
3998.30497022	0.0251976266936
3998.61912949	0.0251975966026
3998.93328875	0.0251975665123
3999.24744802	0.0251975364228
3999.56160729	0.0251975063339
3999.87576655	0.0251974762459
4000.18992582	0.0251974461587
4000.50408508	0.0251974160723
4000.81824435	0.025197385987
4001.13240361	0.0251973559029
4001.44656288	0.02519732582
4001.76072214	0.0251972957382
4002.07488141	0.0251972656577
4002.38904067	0.0251972355784
4002.70319994	0.0251972055004
4003.0173592	0.0251971754236
4003.33151847	0.0251971453479
4003.64567774	0.0251971152729
4003.959837	0.0251970851984
4004.27399627	0.0251970551243
4004.58815553	0.0251970250506
4004.9023148	0.0251969949776
4005.21647406	0.0251969649053
4005.53063333	0.0251969348336
4005.84479259	0.0251969047626
4006.15895186	0.0251968746925
4006.47311112	0.0251968446231
4006.78727039	0.0251968145547
4007.10142965	0.0251967844872
4007.41558892	0.025196754421
4007.72974818	0.025196724356
4008.04390745	0.0251966942922
4008.35806672	0.0251966642296
4008.67222598	0.0251966341683
4008.98638525	0.0251966041083
4009.30054451	0.0251965740496
4009.61470378	0.0251965439919
4009.92886304	0.0251965139349
4010.24302231	0.0251964838784
4010.55718157	0.0251964538222
4010.87134084	0.0251964237664
4011.1855001	0.0251963937113
4011.49965937	0.0251963636568
4011.81381863	0.0251963336029
4012.1279779	0.0251963035498
4012.44213717	0.0251962734975
4012.75629643	0.0251962434459
4013.0704557	0.0251962133953
4013.38461496	0.0251961833457
4013.69877423	0.0251961532974
4014.01293349	0.0251961232502
4014.32709276	0.0251960932043
4014.64125202	0.0251960631595
4014.95541129	0.0251960331162
4015.26957055	0.0251960030742
4015.58372982	0.0251959730335
4015.89788908	0.0251959429938
4016.21204835	0.0251959129547
4016.52620761	0.025195882916
4016.84036688	0.0251958528776
4017.15452615	0.0251958228397
4017.46868541	0.0251957928024
4017.78284468	0.0251957627657
4018.09700394	0.0251957327296
4018.41116321	0.0251957026942
4018.72532247	0.0251956726597
4019.03948174	0.0251956426259
4019.353641	0.025195612593
4019.66780027	0.0251955825613
4019.98195953	0.0251955525307
4020.2961188	0.0251955225013
4020.61027806	0.0251954924731
4020.92443733	0.0251954624463
4021.2385966	0.0251954324208
4021.55275586	0.0251954023968
4021.86691513	0.025195372374
4022.18107439	0.0251953423522
4022.49523366	0.0251953123309
4022.80939292	0.02519528231
4023.12355219	0.0251952522894
4023.43771145	0.0251952222693
4023.75187072	0.0251951922497
4024.06602998	0.0251951622307
4024.38018925	0.0251951322123
4024.69434851	0.0251951021946
4025.00850778	0.0251950721777
4025.32266704	0.0251950421616
4025.63682631	0.0251950121465
4025.95098558	0.0251949821324
4026.26514484	0.0251949521195
4026.57930411	0.0251949221079
4026.89346337	0.0251948920975
4027.20762264	0.0251948620885
4027.5217819	0.0251948320808
4027.83594117	0.0251948020747
4028.15010043	0.0251947720698
4028.4642597	0.0251947420657
4028.77841896	0.0251947120621
4029.09257823	0.025194682059
4029.40673749	0.0251946520561
4029.72089676	0.0251946220536
4030.03505603	0.0251945920517
4030.34921529	0.0251945620503
4030.66337456	0.0251945320496
4030.97753382	0.0251945020495
4031.29169309	0.0251944720503
4031.60585235	0.0251944420518
4031.92001162	0.0251944120543
4032.23417088	0.0251943820578
4032.54833015	0.0251943520626
4032.86248941	0.0251943220686
4033.17664868	0.0251942920759
4033.49080794	0.0251942620846
4033.80496721	0.0251942320948
4034.11912647	0.0251942021065
4034.43328574	0.0251941721193
4034.74744501	0.025194142133
4035.06160427	0.025194112147
4035.37576354	0.0251940821615
4035.6899228	0.0251940521762
4036.00408207	0.0251940221914
4036.31824133	0.025193992207
4036.6324006	0.0251939622234
4036.94655986	0.0251939322401
4037.26071913	0.0251939022576
4037.57487839	0.0251938722758
4037.88903766	0.0251938422952
4038.20319692	0.0251938123152
4038.51735619	0.0251937823364
4038.83151546	0.0251937523588
4039.14567472	0.0251937223827
4039.45983399	0.0251936924077
4039.77399325	0.0251936624341
4040.08815252	0.0251936324623
4040.40231178	0.0251936024918
4040.71647105	0.0251935725222
4041.03063031	0.0251935425534
4041.34478958	0.0251935125852
4041.65894884	0.0251934826172
4041.97310811	0.0251934526494
4042.28726737	0.025193422682
4042.60142664	0.0251933927152
4042.9155859	0.0251933627489
4043.22974517	0.0251933327832
4043.54390444	0.0251933028182
4043.8580637	0.0251932728539
4044.17222297	0.0251932428906
4044.48638223	0.0251932129282
4044.8005415	0.0251931829669
4045.11470076	0.0251931530068
4045.42886003	0.0251931230481
4045.74301929	0.0251930930908
4046.05717856	0.0251930631349
4046.37133782	0.0251930331805
4046.68549709	0.0251930032277
4046.99965635	0.0251929732759
4047.31381562	0.0251929433247
4047.62797489	0.0251929133739
4047.94213415	0.0251928834235
4048.25629342	0.0251928534733
4048.57045268	0.0251928235236
4048.88461195	0.0251927935743
4049.19877121	0.0251927636255
4049.51293048	0.0251927336773
4049.82708974	0.0251927037298
4050.14124901	0.025192673783
4050.45540827	0.0251926438371
4050.76956754	0.0251926138921
4051.0837268	0.0251925839483
4051.39788607	0.0251925540057
4051.71204533	0.0251925240646
4052.0262046	0.0251924941249
4052.34036387	0.0251924641865
4052.65452313	0.0251924342497
4052.9686824	0.0251924043145
4053.28284166	0.0251923743802
4053.59700093	0.0251923444464
4053.91116019	0.0251923145131
4054.22531946	0.0251922845801
4054.53947872	0.0251922546473
4054.85363799	0.0251922247149
4055.16779725	0.025192194783
4055.48195652	0.0251921648516
4055.79611578	0.0251921349207
4056.11027505	0.0251921049905
4056.42443432	0.025192075061
4056.73859358	0.0251920451324
4057.05275285	0.0251920152048
4057.36691211	0.0251919852783
4057.68107138	0.0251919553532
4057.99523064	0.0251919254296
4058.30938991	0.0251918955073
4058.62354917	0.0251918655863
4058.93770844	0.0251918356671
4059.2518677	0.0251918057493
4059.56602697	0.0251917758324
4059.88018623	0.025191745916
4060.1943455	0.025191716
4060.50850476	0.0251916860844
4060.82266403	0.025191656169
4061.1368233	0.0251916262539
4061.45098256	0.0251915963393
4061.76514183	0.0251915664251
4062.07930109	0.0251915365116
4062.39346036	0.0251915065986
4062.70761962	0.0251914766863
4063.02177889	0.025191446775
4063.33593815	0.0251914168647
4063.65009742	0.0251913869556
4063.96425668	0.0251913570479
4064.27841595	0.0251913271417
4064.59257521	0.0251912972367
4064.90673448	0.0251912673332
4065.22089375	0.0251912374314
4065.53505301	0.0251912075311
4065.84921228	0.0251911776315
4066.16337154	0.0251911477324
4066.47753081	0.0251911178337
4066.79169007	0.0251910879353
4067.10584934	0.0251910580372
4067.4200086	0.0251910281394
4067.73416787	0.025190998242
4068.04832713	0.025190968345
4068.3624864	0.0251909384487
4068.67664566	0.0251909085529
4068.99080493	0.0251908786579
4069.3049642	0.0251908487637
4069.61912346	0.0251908188706
4069.93328273	0.0251907889789
4070.24744199	0.0251907590886
4070.56160126	0.0251907291997
4070.87576052	0.0251906993121
4071.18991979	0.0251906694259
4071.50407905	0.0251906395415
4071.81823832	0.0251906096585
4072.13239758	0.0251905797762
4072.44655685	0.0251905498944
4072.76071611	0.0251905200129
4073.07487538	0.0251904901317
4073.38903464	0.0251904602508
4073.70319391	0.0251904303701
4074.01735318	0.0251904004899
4074.33151244	0.0251903706101
4074.64567171	0.0251903407309
4074.95983097	0.0251903108522
4075.27399024	0.0251902809744
4075.5881495	0.0251902510974
4075.90230877	0.0251902212215
4076.21646803	0.025190191347
4076.5306273	0.025190161474
4076.84478656	0.0251901316024
4077.15894583	0.025190101732
4077.47310509	0.0251900718632
4077.78726436	0.0251900419961
4078.10142363	0.0251900121303
4078.41558289	0.0251899822652
4078.72974216	0.0251899524006
4079.04390142	0.0251899225362
4079.35806069	0.0251898926722
4079.67221995	0.0251898628084
4079.98637922	0.0251898329449
4080.30053848	0.0251898030817
4080.61469775	0.0251897732191
4080.92885701	0.0251897433569
4081.24301628	0.0251897134953
4081.55717554	0.0251896836345
4081.87133481	0.0251896537746
4082.18549407	0.0251896239159
4082.49965334	0.0251895940587
4082.81381261	0.0251895642029
4083.12797187	0.0251895343484
4083.44213114	0.0251895044953
4083.7562904	0.0251894746438
4084.07044967	0.0251894447938
4084.38460893	0.0251894149452
4084.6987682	0.0251893850973
4085.01292746	0.0251893552498
4085.32708673	0.0251893254025
4085.64124599	0.0251892955556
4085.95540526	0.0251892657088
4086.26956452	0.0251892358624
4086.58372379	0.0251892060165
4086.89788306	0.0251891761707
4087.21204232	0.0251891463256
4087.52620159	0.0251891164809
4087.84036085	0.0251890866373
4088.15452012	0.0251890567944
4088.46867938	0.0251890269531
4088.78283865	0.0251889971132
4089.09699791	0.0251889672747
4089.41115718	0.0251889374373
4089.72531644	0.0251889076015
4090.03947571	0.0251888777674
4090.35363497	0.0251888479345
4090.66779424	0.0251888181029
4090.9819535	0.0251887882721
4091.29611277	0.0251887584417
4091.61027204	0.0251887286115
4091.9244313	0.0251886987815
4092.23859057	0.0251886689517
4092.55274983	0.0251886391222
4092.8669091	0.0251886092931
4093.18106836	0.0251885794643
4093.49522763	0.0251885496361
4093.80938689	0.0251885198086
4094.12354616	0.0251884899818
4094.43770542	0.0251884601561
4094.75186469	0.0251884303318
4095.06602395	0.0251884005089
4095.38018322	0.0251883706872
4095.69434249	0.0251883408671
4096.00850175	0.0251883110484
4096.32266102	0.0251882812313
4096.63682028	0.0251882514156
4096.95097955	0.0251882216011
4097.26513881	0.0251881917874
4097.57929808	0.025188161974
4097.89345734	0.0251881321608
4098.20761661	0.0251881023478
4098.52177587	0.0251880725351
4098.83593514	0.0251880427226
4099.1500944	0.0251880129104
4099.46425367	0.0251879830986
4099.77841293	0.0251879532873
4100.0925722	0.0251879234767
4100.40673147	0.0251878936668
4100.72089073	0.0251878638582
4101.03505	0.025187834051
4101.34920926	0.0251878042451
4101.66336853	0.0251877744405
4101.97752779	0.0251877446374
4102.29168706	0.0251877148358
4102.60584632	0.0251876850358
4102.92000559	0.025187655237
4103.23416485	0.0251876254395
4103.54832412	0.0251875956428
4103.86248338	0.0251875658463
4104.17664265	0.02518753605
4104.49080192	0.0251875062539
4104.80496118	0.025187476458
4105.11912045	0.0251874466623
4105.43327971	0.0251874168669
4105.74743898	0.0251873870719
4106.06159824	0.0251873572775
4106.37575751	0.0251873274836
4106.68991677	0.0251872976906
4107.00407604	0.025187267899
4107.3182353	0.0251872381087
4107.63239457	0.0251872083197
4107.94655383	0.025187178532
4108.2607131	0.0251871487458
4108.57487236	0.0251871189613
4108.88903163	0.0251870891782
4109.2031909	0.0251870593963
4109.51735016	0.0251870296157
4109.83150943	0.0251869998358
4110.14566869	0.0251869700562
4110.45982796	0.0251869402767
4110.77398722	0.0251869104974
4111.08814649	0.0251868807183
4111.40230575	0.0251868509393
4111.71646502	0.0251868211607
4112.03062428	0.0251867913825
4112.34478355	0.0251867616047
4112.65894281	0.0251867318276
4112.97310208	0.0251867020516
4113.28726135	0.0251866722768
4113.60142061	0.0251866425034
4113.91557988	0.0251866127312
4114.22973914	0.0251865829604
4114.54389841	0.0251865531911
4114.85805767	0.0251865234235
4115.17221694	0.0251864936574
4115.4863762	0.0251864638924
4115.80053547	0.0251864341285
4116.11469473	0.0251864043654
4116.428854	0.0251863746026
4116.74301326	0.0251863448399
4117.05717253	0.0251863150773
4117.37133179	0.0251862853149
4117.68549106	0.0251862555526
4117.99965033	0.0251862257907
4118.31380959	0.0251861960292
4118.62796886	0.0251861662681
4118.94212812	0.0251861365077
4119.25628739	0.0251861067486
4119.57044665	0.0251860769907
4119.88460592	0.025186047234
4120.19876518	0.0251860174786
4120.51292445	0.0251859877246
4120.82708371	0.0251859579723
4121.14124298	0.0251859282215
4121.45540224	0.0251858984722
4121.76956151	0.025185868724
4122.08372078	0.0251858389769
4122.39788004	0.0251858092305
4122.71203931	0.0251857794845
4123.02619857	0.0251857497384
4123.34035784	0.0251857199925
4123.6545171	0.0251856902467
4123.96867637	0.0251856605011
4124.28283563	0.0251856307558
4124.5969949	0.0251856010109
4124.91115416	0.0251855712665
4125.22531343	0.0251855415229
4125.53947269	0.0251855117806
4125.85363196	0.0251854820394
4126.16779122	0.0251854522994
4126.48195049	0.0251854225607
4126.79610976	0.0251853928236
4127.11026902	0.0251853630881
4127.42442829	0.0251853333541
4127.73858755	0.0251853036216
4128.05274682	0.0251852738902
4128.36690608	0.0251852441597
4128.68106535	0.0251852144299
4128.99522461	0.0251851847006
4129.30938388	0.0251851549712
4129.62354314	0.0251851252418
4129.93770241	0.0251850955126
4130.25186167	0.0251850657836
4130.56602094	0.025185036055
4130.88018021	0.0251850063266
4131.19433947	0.0251849765988
4131.50849874	0.0251849468719
4131.822658	0.0251849171463
4132.13681727	0.0251848874218
4132.45097653	0.0251848576984
4132.7651358	0.0251848279765
4133.07929506	0.0251847982561
4133.39345433	0.0251847685373
4133.70761359	0.0251847388201
4134.02177286	0.0251847091043
4134.33593212	0.0251846793896
4134.65009139	0.0251846496757
4134.96425066	0.0251846199625
4135.27840992	0.0251845902497
4135.59256919	0.0251845605369
4135.90672845	0.0251845308241
4136.22088772	0.0251845011115
4136.53504698	0.0251844713994
4136.84920625	0.025184441687
4137.16336551	0.0251844119753
4137.47752478	0.0251843822641
4137.79168404	0.0251843525542
4138.10584331	0.0251843228451
4138.42000257	0.0251842931372
4138.73416184	0.0251842634309
4139.0483211	0.0251842337257
4139.36248037	0.0251842040219
4139.67663964	0.0251841743199
4139.9907989	0.0251841446196
4140.30495817	0.0251841149203
4140.61911743	0.0251840852222
4140.9332767	0.0251840555249
4141.24743596	0.0251840258283
4141.56159523	0.025183996132
4141.87575449	0.0251839664357
4142.18991376	0.0251839367394
4142.50407302	0.0251839070432
4142.81823229	0.0251838773473
4143.13239155	0.0251838476516
4143.44655082	0.0251838179563
4143.76071009	0.0251837882618
4144.07486935	0.0251837585683
4144.38902862	0.0251837288758
4144.70318788	0.0251836991844
4145.01734715	0.0251836694943
4145.33150641	0.0251836398058
4145.64566568	0.0251836101188
4145.95982494	0.0251835804333
4146.27398421	0.0251835507495
4146.58814347	0.025183521067
4146.90230274	0.0251834913855
4147.216462	0.0251834617048
4147.53062127	0.0251834320246
4147.84478053	0.0251834023449
4148.1589398	0.0251833726652
4148.47309907	0.0251833429854
4148.78725833	0.0251833133057
4149.1014176	0.0251832836262
4149.41557686	0.025183253947
4149.72973613	0.0251832242682
4150.04389539	0.0251831945902
4150.35805466	0.0251831649132
4150.67221392	0.0251831352373
4150.98637319	0.0251831055624
4151.30053245	0.0251830758888
4151.61469172	0.0251830462168
4151.92885098	0.0251830165464
4152.24301025	0.0251829868776
4152.55716952	0.0251829572103
4152.87132878	0.0251829275444
4153.18548805	0.0251828978794
4153.49964731	0.0251828682151
4153.81380658	0.0251828385514
4154.12796584	0.0251828088881
4154.44212511	0.0251827792248
4154.75628437	0.0251827495614
4155.07044364	0.025182719898
4155.3846029	0.0251826902349
4155.69876217	0.025182660572
4156.01292143	0.0251826309096
4156.3270807	0.0251826012482
4156.64123996	0.0251825715876
4156.95539923	0.025182541928
4157.2695585	0.0251825122695
4157.58371776	0.0251824826125
4157.89787703	0.0251824529569
4158.21203629	0.0251824233029
4158.52619556	0.0251823936506
4158.84035482	0.0251823639998
4159.15451409	0.0251823343503
4159.46867335	0.0251823047017
4159.78283262	0.0251822750538
4160.09699188	0.0251822454064
4160.41115115	0.0251822157594
4160.72531041	0.0251821861125
4161.03946968	0.0251821564653
4161.35362895	0.0251821268183
4161.66778821	0.0251820971714
4161.98194748	0.0251820675249
4162.29610674	0.025182037879
4162.61026601	0.0251820082339
4162.92442527	0.0251819785896
4163.23858454	0.0251819489464
4163.5527438	0.0251819193044
4163.86690307	0.0251818896637
4164.18106233	0.0251818600245
4164.4952216	0.025181830387
4164.80938086	0.0251818007511
4165.12354013	0.0251817711167
4165.43769939	0.0251817414836
4165.75185866	0.0251817118514
4166.06601793	0.0251816822198
4166.38017719	0.0251816525887
4166.69433646	0.025181622958
4167.00849572	0.0251815933273
4167.32265499	0.0251815636964
4167.63681425	0.0251815340657
4167.95097352	0.025181504435
4168.26513278	0.0251814748049
4168.57929205	0.0251814451753
4168.89345131	0.0251814155465
4169.20761058	0.0251813859185
4169.52176984	0.0251813562916
4169.83592911	0.0251813266659
4170.15008838	0.0251812970416
4170.46424764	0.0251812674188
4170.77840691	0.0251812377977
4171.09256617	0.0251812081782
4171.40672544	0.0251811785602
4171.7208847	0.0251811489433
4172.03504397	0.0251811193274
4172.34920323	0.0251810897121
4172.6633625	0.0251810600973
4172.97752176	0.0251810304828
4173.29168103	0.0251810008682
4173.60584029	0.0251809712536
4173.91999956	0.025180941639
4174.23415882	0.0251809120246
4174.54831809	0.0251808824108
4174.86247736	0.0251808527975
4175.17663662	0.0251808231849
4175.49079589	0.0251807935732
4175.80495515	0.0251807639625
4176.11911442	0.0251807343531
4176.43327368	0.0251807047451
4176.74743295	0.0251806751386
4177.06159221	0.0251806455338
4177.37575148	0.0251806159307
4177.68991074	0.025180586329
4178.00407001	0.0251805567284
4178.31822927	0.0251805271286
4178.63238854	0.0251804975296
4178.94654781	0.025180467931
4179.26070707	0.0251804383326
4179.57486634	0.0251804087341
4179.8890256	0.0251803791357
4180.20318487	0.0251803495372
4180.51734413	0.0251803199392
4180.8315034	0.0251802903416
4181.14566266	0.0251802607445
4181.45982193	0.0251802311481
4181.77398119	0.0251802015526
4182.08814046	0.0251801719581
4182.40229972	0.0251801423649
4182.71645899	0.0251801127731
4183.03061825	0.025180083183
4183.34477752	0.0251800535944
4183.65893679	0.0251800240076
4183.97309605	0.0251799944221
4184.28725532	0.0251799648377
4184.60141458	0.0251799352541
4184.91557385	0.0251799056712
4185.22973311	0.0251798760888
4185.54389238	0.0251798465064
4185.85805164	0.0251798169241
4186.17221091	0.0251797873422
4186.48637017	0.0251797577596
4186.80052944	0.0251797281779
4187.1146887	0.0251796985967
4187.42884797	0.0251796690159
4187.74300724	0.0251796394355
4188.0571665	0.0251796098562
4188.37132577	0.0251795802783
4188.68548503	0.0251795507012
4188.9996443	0.0251795211257
4189.31380356	0.0251794915519
4189.62796283	0.0251794619797
4189.94212209	0.0251794324089
4190.25628136	0.0251794028396
4190.57044062	0.0251793732714
4190.88459989	0.0251793437039
4191.19875915	0.0251793141371
4191.51291842	0.0251792845707
4191.82707769	0.0251792550044
4192.14123695	0.0251792254382
4192.45539622	0.0251791958719
4192.76955548	0.0251791663058
4193.08371475	0.0251791367402
4193.39787401	0.0251791071749
4193.71203328	0.0251790776101
4194.02619254	0.0251790480459
4194.34035181	0.0251790184827
4194.65451107	0.0251789889206
4194.96867034	0.0251789593597
4195.2828296	0.0251789298004
4195.59698887	0.0251789002428
4195.91114813	0.0251788706867
4196.2253074	0.0251788411323
4196.53946667	0.0251788115792
4196.85362593	0.025178782027
4197.1677852	0.0251787524757
4197.48194446	0.025178722925
4197.79610373	0.0251786933746
4198.11026299	0.0251786638244
4198.42442226	0.0251786342741
4198.73858152	0.0251786047239
4199.05274079	0.025178575174
4199.36690005	0.0251785456244
4199.68105932	0.0251785160751
4199.99521858	0.0251784865263
4200.30937785	0.0251784569783
4200.62353712	0.0251784274311
4200.93769638	0.0251783978849
4201.25185565	0.0251783683402
4201.56601491	0.025178338797
4201.88017418	0.0251783092555
4202.19433344	0.0251782797156
4202.50849271	0.0251782501773
4202.82265197	0.0251782206403
4203.13681124	0.0251781911042
4203.4509705	0.0251781615689
4203.76512977	0.0251781320341
4204.07928903	0.0251781024998
4204.3934483	0.0251780729655
4204.70760756	0.0251780434312
4205.02176683	0.025178013897
4205.3359261	0.0251779843631
4205.65008536	0.0251779548295
4205.96424463	0.0251779252962
4206.27840389	0.0251778957634
4206.59256316	0.0251778662313
4206.90672242	0.0251778367
4207.22088169	0.0251778071699
4207.53504095	0.0251777776412
4207.84920022	0.0251777481141
4208.16335948	0.0251777185887
4208.47751875	0.0251776890649
4208.79167801	0.0251776595425
4209.10583728	0.0251776300214
4209.41999655	0.0251776005013
4209.73415581	0.0251775709819
4210.04831508	0.0251775414631
4210.36247434	0.0251775119447
4210.67663361	0.0251774824263
4210.99079287	0.0251774529078
4211.30495214	0.0251774233896
4211.6191114	0.0251773938717
4211.93327067	0.025177364354
4212.24742993	0.0251773348366
4212.5615892	0.0251773053198
4212.87574846	0.0251772758036
4213.18990773	0.0251772462882
4213.50406699	0.025177216774
4213.81822626	0.0251771872614
4214.13238553	0.0251771577503
4214.44654479	0.0251771282409
4214.76070406	0.0251770987331
4215.07486332	0.0251770692268
4215.38902259	0.0251770397216
4215.70318185	0.0251770102174
4216.01734112	0.0251769807139
4216.33150038	0.025176951211
4216.64565965	0.0251769217083
4216.95981891	0.0251768922057
4217.27397818	0.0251768627032
4217.58813744	0.025176833201
4217.90229671	0.0251768036989
4218.21645598	0.0251767741971
4218.53061524	0.0251767446956
4218.84477451	0.0251767151947
4219.15893377	0.0251766856943
4219.47309304	0.0251766561947
4219.7872523	0.0251766266965
4220.10141157	0.0251765971998
4220.41557083	0.0251765677047
4220.7297301	0.0251765382113
4221.04388936	0.0251765087195
4221.35804863	0.0251764792291
4221.67220789	0.0251764497399
4221.98636716	0.0251764202515
4222.30052642	0.0251763907638
4222.61468569	0.0251763612767
4222.92884496	0.0251763317898
4223.24300422	0.025176302303
4223.55716349	0.0251762728164
4223.87132275	0.02517624333
4224.18548202	0.0251762138437
4224.49964128	0.0251761843577
4224.81380055	0.0251761548722
4225.12795981	0.025176125387
4225.44211908	0.0251760959024
4225.75627834	0.0251760664187
4226.07043761	0.0251760369363
4226.38459687	0.0251760074556
4226.69875614	0.0251759779764
4227.01291541	0.0251759484989
4227.32707467	0.0251759190231
4227.64123394	0.0251758895486
4227.9553932	0.0251758600751
4228.26955247	0.0251758306025
4228.58371173	0.0251758011306
4228.897871	0.0251757716592
4229.21203026	0.0251757421881
4229.52618953	0.0251757127171
4229.84034879	0.0251756832463
4230.15450806	0.0251756537757
4230.46866732	0.0251756243052
4230.78282659	0.0251755948351
4231.09698585	0.0251755653652
4231.41114512	0.0251755358958
4231.72530439	0.0251755064269
4232.03946365	0.025175476959
4232.35362292	0.0251754474926
4232.66778218	0.0251754180277
4232.98194145	0.0251753885644
4233.29610071	0.0251753591028
4233.61025998	0.0251753296428
4233.92441924	0.0251753001842
4234.23857851	0.0251752707265
4234.55273777	0.0251752412696
4234.86689704	0.0251752118134
4235.1810563	0.0251751823577
4235.49521557	0.0251751529023
4235.80937484	0.0251751234471
4236.1235341	0.0251750939924
4236.43769337	0.0251750645373
4236.75185263	0.0251750350827
4237.0660119	0.0251750056286
4237.38017116	0.0251749761745
4237.69433043	0.0251749467207
4238.00848969	0.0251749172676
4238.32264896	0.0251748878158
4238.63680822	0.0251748583651
4238.95096749	0.0251748289161
4239.26512675	0.0251747994689
4239.57928602	0.025174770023
4239.89344528	0.0251747405788
4240.20760455	0.025174711136
4240.52176382	0.0251746816941
4240.83592308	0.0251746522528
4241.15008235	0.0251746228122
4241.46424161	0.0251745933722
4241.77840088	0.0251745639326
4242.09256014	0.0251745344932
4242.40671941	0.0251745050538
4242.72087867	0.0251744756147
4243.03503794	0.0251744461758
4243.3491972	0.0251744167371
4243.66335647	0.0251743872986
4243.97751573	0.0251743578605
4244.291675	0.0251743284232
4244.60583427	0.0251742989869
4244.91999353	0.0251742695521
4245.2341528	0.0251742401189
4245.54831206	0.0251742106874
4245.86247133	0.0251741812574
4246.17663059	0.0251741518291
4246.49078986	0.0251741224019
4246.80494912	0.0251740929757
4247.11910839	0.0251740635501
4247.43326765	0.0251740341253
4247.74742692	0.025174004701
4248.06158618	0.0251739752769
4248.37574545	0.0251739458531
4248.68990471	0.0251739164294
4249.00406398	0.025173887006
4249.31822325	0.0251738575827
4249.63238251	0.0251738281596
4249.94654178	0.0251737987366
4250.26070104	0.0251737693141
4250.57486031	0.0251737398924
4250.88901957	0.0251737104719
4251.20317884	0.0251736810528
4251.5173381	0.0251736516354
4251.83149737	0.0251736222195
4252.14565663	0.0251735928053
4252.4598159	0.0251735633926
4252.77397516	0.0251735339812
4253.08813443	0.0251735045706
4253.4022937	0.0251734751606
4253.71645296	0.0251734457514
4254.03061223	0.0251734163427
4254.34477149	0.0251733869343
4254.65893076	0.0251733575261
4254.97309002	0.025173328118
4255.28724929	0.0251732987102
4255.60140855	0.0251732693025
4255.91556782	0.0251732398949
4256.22972708	0.0251732104875
4256.54388635	0.0251731810805
4256.85804561	0.0251731516744
4257.17220488	0.0251731222696
4257.48636415	0.0251730928662
4257.80052341	0.0251730634645
4258.11468268	0.0251730340644
4258.42884194	0.0251730046658
4258.74300121	0.0251729752687
4259.05716047	0.0251729458728
4259.37131974	0.0251729164778
4259.685479	0.0251728870834
4259.99963827	0.0251728576897
4260.31379753	0.0251728282965
4260.6279568	0.0251727989037
4260.94211606	0.0251727695111
4261.25627533	0.0251727401186
4261.57043459	0.0251727107263
4261.88459386	0.0251726813341
4262.19875313	0.025172651942
4262.51291239	0.02517262255
4262.82707166	0.0251725931586
4263.14123092	0.0251725637681
4263.45539019	0.0251725343789
4263.76954945	0.0251725049911
4264.08370872	0.0251724756051
4264.39786798	0.0251724462206
4264.71202725	0.0251724168377
4265.02618651	0.0251723874561
4265.34034578	0.0251723580758
4265.65450504	0.0251723286963
4265.96866431	0.0251722993174
4266.28282358	0.0251722699392
4266.59698284	0.0251722405615
4266.91114211	0.0251722111842
4267.22530137	0.0251721818071
4267.53946064	0.0251721524302
4267.8536199	0.0251721230533
4268.16777917	0.0251720936766
4268.48193843	0.0251720642998
4268.7960977	0.0251720349233
4269.11025696	0.0251720055474
4269.42441623	0.0251719761725
4269.73857549	0.0251719467988
4270.05273476	0.0251719174267
4270.36689402	0.0251718880563
4270.68105329	0.0251718586874
4270.99521256	0.02517182932
4271.30937182	0.025171799954
4271.62353109	0.0251717705892
4271.93769035	0.0251717412251
4272.25184962	0.0251717118617
4272.56600888	0.025171682499
4272.88016815	0.0251716531368
4273.19432741	0.025171623775
4273.50848668	0.0251715944133
4273.82264594	0.0251715650518
4274.13680521	0.0251715356905
4274.45096447	0.025171506329
4274.76512374	0.0251714769677
4275.07928301	0.0251714476066
4275.39344227	0.0251714182462
4275.70760154	0.0251713888867
4276.0217608	0.0251713595286
4276.33592007	0.0251713301721
4276.65007933	0.0251713008172
4276.9642386	0.0251712714639
4277.27839786	0.025171242112
4277.59255713	0.0251712127615
4277.90671639	0.0251711834121
4278.22087566	0.0251711540635
4278.53503492	0.0251711247155
4278.84919419	0.0251710953682
4279.16335345	0.0251710660214
4279.47751272	0.025171036675
4279.79167199	0.0251710073288
4280.10583125	0.0251709779828
4280.41999052	0.0251709486367
4280.73414978	0.0251709192906
4281.04830905	0.0251708899446
4281.36246831	0.0251708605989
4281.67662758	0.0251708312539
4281.99078684	0.0251708019099
4282.30494611	0.0251707725673
4282.61910537	0.0251707432264
4282.93326464	0.025170713887
4283.2474239	0.0251706845492
4283.56158317	0.0251706552128
4283.87574244	0.0251706258776
4284.1899017	0.0251705965436
4284.50406097	0.0251705672104
4284.81822023	0.0251705378778
4285.1323795	0.0251705085459
4285.44653876	0.0251704792148
4285.76069803	0.0251704498836
4286.07485729	0.0251704205528
4286.38901656	0.0251703912224
4286.70317582	0.0251703618917
4287.01733509	0.0251703325609
4287.33149435	0.0251703032304
4287.64565362	0.0251702739003
4287.95981288	0.0251702445706
4288.27397215	0.0251702152421
4288.58813142	0.0251701859151
4288.90229068	0.0251701565896
4289.21644995	0.0251701272657
4289.53060921	0.0251700979433
4289.84476848	0.0251700686223
4290.15892774	0.0251700393025
4290.47308701	0.0251700099838
4290.78724627	0.0251699806661
4291.10140554	0.0251699513489
4291.4155648	0.0251699220324
4291.72972407	0.0251698927164
4292.04388333	0.0251698634009
4292.3580426	0.0251698340855
4292.67220187	0.0251698047701
4292.98636113	0.0251697754546
4293.3005204	0.025169746139
4293.61467966	0.0251697168237
4293.92883893	0.0251696875088
4294.24299819	0.0251696581946
4294.55715746	0.0251696288815
4294.87131672	0.0251695995699
4295.18547599	0.0251695702599
4295.49963525	0.0251695409515
4295.81379452	0.0251695116445
4296.12795378	0.0251694823388
4296.44211305	0.0251694530344
4296.75627231	0.0251694237311
4297.07043158	0.0251693944286
4297.38459085	0.0251693651267
4297.69875011	0.0251693358255
4298.01290938	0.0251693065248
4298.32706864	0.0251692772245
4298.64122791	0.0251692479243
4298.95538717	0.0251692186241
4299.26954644	0.0251691893238
4299.5837057	0.0251691600234
4299.89786497	0.0251691307232
4300.21202423	0.0251691014236
4300.5261835	0.0251690721247
4300.84034276	0.0251690428269
4301.15450203	0.0251690135307
4301.4686613	0.0251689842361
4301.78282056	0.025168954943
4302.09697983	0.0251689256513
4302.41113909	0.025168896361
4302.72529836	0.0251688670719
4303.03945762	0.0251688377838
4303.35361689	0.0251688084966
4303.66777615	0.0251687792101
4303.98193542	0.0251687499242
4304.29609468	0.0251687206388
4304.61025395	0.0251686913538
4304.92441321	0.0251686620688
4305.23857248	0.0251686327838
4305.55273174	0.0251686034986
4305.86689101	0.0251685742134
4306.18105028	0.0251685449285
4306.49520954	0.025168515644
4306.80936881	0.0251684863604
4307.12352807	0.025168457078
4307.43768734	0.0251684277971
4307.7518466	0.0251683985179
4308.06600587	0.0251683692401
4308.38016513	0.0251683399637
4308.6943244	0.0251683106887
4309.00848366	0.0251682814148
4309.32264293	0.025168252142
4309.63680219	0.02516822287
4309.95096146	0.0251681935987
4310.26512073	0.0251681643281
4310.57927999	0.0251681350579
4310.89343926	0.0251681057881
4311.20759852	0.0251680765183
4311.52175779	0.0251680472484
4311.83591705	0.0251680179783
4312.15007632	0.0251679887082
4312.46423558	0.0251679594385
4312.77839485	0.0251679301692
4313.09255411	0.0251679009009
4313.40671338	0.0251678716338
4313.72087264	0.0251678423682
4314.03503191	0.0251678131042
4314.34919117	0.0251677838417
4314.66335044	0.0251677545806
4314.97750971	0.0251677253208
4315.29166897	0.0251676960621
4315.60582824	0.0251676668045
4315.9199875	0.0251676375477
4316.23414677	0.0251676082916
4316.54830603	0.0251675790362
4316.8624653	0.0251675497813
4317.17662456	0.0251675205266
4317.49078383	0.0251674912719
4317.80494309	0.025167462017
4318.11910236	0.0251674327619
4318.43326162	0.025167403507
4318.74742089	0.0251673742524
4319.06158016	0.0251673449983
4319.37573942	0.0251673157451
4319.68989869	0.0251672864933
4320.00405795	0.025167257243
4320.31821722	0.0251672279942
4320.63237648	0.025167198747
4320.94653575	0.0251671695011
4321.26069501	0.0251671402564
4321.57485428	0.0251671110129
4321.88901354	0.0251670817705
4322.20317281	0.0251670525289
4322.51733207	0.025167023288
4322.83149134	0.0251669940477
4323.14565061	0.0251669648079
4323.45980987	0.0251669355683
4323.77396914	0.0251669063286
4324.0881284	0.0251668770887
4324.40228767	0.0251668478488
4324.71644693	0.0251668186089
4325.0306062	0.0251667893693
4325.34476546	0.0251667601304
4325.65892473	0.0251667308924
4325.97308399	0.0251667016558
4326.28724326	0.0251666724207
4326.60140252	0.0251666431872
4326.91556179	0.0251666139551
4327.22972105	0.0251665847243
4327.54388032	0.0251665554949
4327.85803959	0.0251665262665
4328.17219885	0.0251664970392
4328.48635812	0.0251664678127
4328.80051738	0.0251664385869
4329.11467665	0.0251664093618
4329.42883591	0.0251663801371
4329.74299518	0.0251663509125
4330.05715444	0.0251663216878
4330.37131371	0.0251662924629
4330.68547297	0.0251662632379
4330.99963224	0.025166234013
4331.3137915	0.0251662047885
4331.62795077	0.0251661755647
4331.94211004	0.0251661463419
4332.2562693	0.0251661171205
4332.57042857	0.0251660879006
4332.88458783	0.0251660586822
4333.1987471	0.0251660294652
4333.51290636	0.0251660002496
4333.82706563	0.0251659710352
4334.14122489	0.025165941822
4334.45538416	0.0251659126097
4334.76954342	0.0251658833983
4335.08370269	0.0251658541878
4335.39786195	0.0251658249777
4335.71202122	0.0251657957678
4336.02618048	0.0251657665585
4336.34033975	0.0251657373488
4336.65449902	0.0251657081389
4336.96865828	0.0251656789292
4337.28281755	0.0251656497194
4337.59697681	0.0251656205099
4337.91113608	0.0251655913013
4338.22529534	0.0251655620937
4338.53945461	0.0251655328873
4338.85361387	0.0251655036826
4339.16777314	0.0251654744793
4339.4819324	0.0251654452774
4339.79609167	0.0251654160769
4340.11025093	0.0251653868776
4340.4244102	0.0251653576795
4340.73856947	0.0251653284824
4341.05272873	0.0251652992861
4341.366888	0.0251652700906
4341.68104726	0.0251652408956
4341.99520653	0.0251652117009
4342.30936579	0.0251651825062
4342.62352506	0.0251651533114
4342.93768432	0.0251651241165
4343.25184359	0.0251650949214
4343.56600285	0.0251650657266
4343.88016212	0.0251650365322
4344.19432138	0.0251650073385
4344.50848065	0.025164978146
4344.82263991	0.0251649489548
4345.13679918	0.0251649197652
4345.45095845	0.0251648905769
4345.76511771	0.0251648613901
4346.07927698	0.0251648322046
4346.39343624	0.0251648030204
4346.70759551	0.0251647738372
4347.02175477	0.0251647446551
4347.33591404	0.0251647154738
4347.6500733	0.0251646862932
4347.96423257	0.0251646571131
4348.27839183	0.0251646279333
4348.5925511	0.0251645987535
4348.90671036	0.0251645695735
4349.22086963	0.0251645403933
4349.5350289	0.0251645112131
4349.84918816	0.0251644820331
4350.16334743	0.0251644528536
4350.47750669	0.025164423675
4350.79166596	0.0251643944975
4351.10582522	0.0251643653214
4351.41998449	0.0251643361467
4351.73414375	0.0251643069735
4352.04830302	0.0251642778017
4352.36246228	0.0251642486312
4352.67662155	0.025164219462
4352.99078081	0.0251641902938
4353.30494008	0.0251641611267
4353.61909934	0.0251641319604
4353.93325861	0.0251641027947
4354.24741788	0.0251640736296
4354.56157714	0.0251640444647
4354.87573641	0.0251640152997
4355.18989567	0.0251639861346
4355.50405494	0.0251639569693
4355.8182142	0.025163927804
4356.13237347	0.0251638986389
4356.44653273	0.0251638694744
4356.760692	0.0251638403107
4357.07485126	0.0251638111483
4357.38901053	0.0251637819872
4357.70316979	0.0251637528275
4358.01732906	0.0251637236693
4358.33148833	0.0251636945125
4358.64564759	0.025163665357
4358.95980686	0.0251636362026
4359.27396612	0.0251636070495
4359.58812539	0.0251635778973
4359.90228465	0.025163548746
4360.21644392	0.0251635195952
4360.53060318	0.025163490445
4360.84476245	0.0251634612949
4361.15892171	0.0251634321447
4361.47308098	0.0251634029944
4361.78724024	0.0251633738439
4362.10139951	0.0251633446934
4362.41555877	0.0251633155432
4362.72971804	0.0251632863936
4363.04387731	0.0251632572449
4363.35803657	0.0251632280974
4363.67219584	0.0251631989513
4363.9863551	0.0251631698065
4364.30051437	0.0251631406633
4364.61467363	0.0251631115214
4364.9288329	0.0251630823808
4365.24299216	0.0251630532414
4365.55715143	0.0251630241032
4365.87131069	0.0251629949659
4366.18546996	0.0251629658295
4366.49962922	0.0251629366936
4366.81378849	0.0251629075582
4367.12794776	0.0251628784229
4367.44210702	0.0251628492874
4367.75626629	0.0251628201518
4368.07042555	0.0251627910161
4368.38458482	0.0251627618804
4368.69874408	0.025162732745
4369.01290335	0.0251627036103
4369.32706261	0.0251626744766
4369.64122188	0.0251626453441
4369.95538114	0.0251626162128
4370.26954041	0.025162587083
4370.58369967	0.0251625579547
4370.89785894	0.0251625288277
4371.2120182	0.025162499702
4371.52617747	0.0251624705775
4371.84033674	0.0251624414541
4372.154496	0.0251624123317
4372.46865527	0.0251623832101
4372.78281453	0.0251623540891
4373.0969738	0.0251623249684
4373.41113306	0.0251622958478
4373.72529233	0.0251622667271
4374.03945159	0.0251622376062
4374.35361086	0.0251622084852
4374.66777012	0.0251621793643
4374.98192939	0.0251621502438
4375.29608865	0.025162121124
4375.61024792	0.0251620920051
4375.92440719	0.0251620628874
4376.23856645	0.0251620337711
4376.55272572	0.0251620046561
4376.86688498	0.0251619755426
4377.18104425	0.0251619464305
4377.49520351	0.0251619173196
4377.80936278	0.02516188821
4378.12352204	0.0251618591015
4378.43768131	0.025161829994
4378.75184057	0.0251618008872
4379.06599984	0.0251617717809
4379.3801591	0.025161742675
4379.69431837	0.025161713569
4380.00847764	0.025161684463
4380.3226369	0.0251616553568
4380.63679617	0.0251616262505
4380.95095543	0.0251615971443
4381.2651147	0.0251615680386
4381.57927396	0.0251615389336
4381.89343323	0.0251615098296
4382.20759249	0.0251614807268
4382.52175176	0.0251614516253
4382.83591102	0.0251614225251
4383.15007029	0.0251613934264
4383.46422955	0.0251613643291
4383.77838882	0.025161335233
4384.09254808	0.0251613061384
4384.40670735	0.0251612770448
4384.72086662	0.025161247952
4385.03502588	0.0251612188603
4385.34918515	0.0251611897688
4385.66334441	0.0251611606775
4385.97750368	0.0251611315864
4386.29166294	0.0251611024949
4386.60582221	0.0251610734034
4386.91998147	0.0251610443118
4387.23414074	0.0251610152203
4387.5483	0.0251609861294
4387.86245927	0.0251609570392
4388.17661853	0.0251609279501
4388.4907778	0.0251608988622
4388.80493707	0.0251608697755
4389.11909633	0.0251608406902
4389.4332556	0.0251608116064
4389.74741486	0.0251607825239
4390.06157413	0.0251607534427
4390.37573339	0.0251607243627
4390.68989266	0.0251606952839
4391.00405192	0.025160666206
4391.31821119	0.0251606371288
4391.63237045	0.0251606080519
4391.94652972	0.0251605789753
4392.26068898	0.0251605498987
4392.57484825	0.0251605208219
4392.88900751	0.025160491745
4393.20316678	0.025160462668
4393.51732605	0.0251604335913
4393.83148531	0.0251604045151
4394.14564458	0.0251603754397
4394.45980384	0.0251603463652
4394.77396311	0.025160317292
4395.08812237	0.02516028822
4395.40228164	0.0251602591494
4395.7164409	0.0251602300803
4396.03060017	0.0251602010125
4396.34475943	0.025160171946
4396.6589187	0.0251601428807
4396.97307796	0.0251601138166
4397.28723723	0.0251600847533
4397.6013965	0.0251600556907
4397.91555576	0.0251600266285
4398.22971503	0.0251599975663
4398.54387429	0.0251599685042
4398.85803356	0.025159939442
4399.17219282	0.0251599103796
4399.48635209	0.0251598813173
4399.80051135	0.0251598522552
4400.11467062	0.0251598231937
4400.42882988	0.025159794133
4400.74298915	0.0251597650733
4401.05714841	0.0251597360148
4401.37130768	0.0251597069575
4401.68546694	0.0251596779017
4401.99962621	0.0251596488472
4402.31378548	0.0251596197942
4402.62794474	0.0251595907424
4402.94210401	0.0251595616919
4403.25626327	0.0251595326425
4403.57042254	0.0251595035939
4403.8845818	0.025159474546
4404.19874107	0.0251594454983
4404.51290033	0.0251594164508
4404.8270596	0.0251593874032
4405.14121886	0.0251593583555
4405.45537813	0.0251593293077
4405.76953739	0.02515930026
4406.08369666	0.0251592712126
4406.39785593	0.0251592421658
4406.71201519	0.0251592131199
4407.02617446	0.0251591840749
4407.34033372	0.025159155031
4407.65449299	0.0251591259884
4407.96865225	0.0251590969472
4408.28281152	0.0251590679075
4408.59697078	0.0251590388691
4408.91113005	0.0251590098321
4409.22528931	0.0251589807962
4409.53944858	0.0251589517615
4409.85360784	0.0251589227276
4410.16776711	0.0251588936942
4410.48192637	0.0251588646611
4410.79608564	0.0251588356281
4411.11024491	0.025158806595
4411.42440417	0.0251587775618
4411.73856344	0.0251587485285
4412.0527227	0.0251587194955
4412.36688197	0.0251586904627
4412.68104123	0.0251586614306
4412.9952005	0.0251586323992
4413.30935976	0.0251586033688
4413.62351903	0.0251585743396
4413.93767829	0.0251585453117
4414.25183756	0.0251585162852
4414.56599682	0.0251584872601
4414.88015609	0.0251584582364
4415.19431536	0.025158429214
4415.50847462	0.0251584001928
4415.82263389	0.0251583711727
4416.13679315	0.0251583421534
4416.45095242	0.0251583131346
4416.76511168	0.0251582841159
4417.07927095	0.0251582550973
4417.39343021	0.0251582260787
4417.70758948	0.02515819706
4418.02174874	0.0251581680413
4418.33590801	0.0251581390228
4418.65006727	0.0251581100047
4418.96422654	0.0251580809871
4419.2783858	0.0251580519704
4419.59254507	0.0251580229546
4419.90670434	0.02515799394
4420.2208636	0.0251579649267
4420.53502287	0.0251579359148
4420.84918213	0.0251579069043
4421.1633414	0.0251578778952
4421.47750066	0.0251578488875
4421.79165993	0.0251578198809
4422.10581919	0.0251577908754
4422.41997846	0.0251577618706
4422.73413772	0.0251577328662
4423.04829699	0.0251577038621
4423.36245625	0.0251576748579
4423.67661552	0.0251576458537
4423.99077479	0.0251576168495
4424.30493405	0.0251575878453
4424.61909332	0.0251575588414
4424.93325258	0.0251575298378
4425.24741185	0.0251575008348
4425.56157111	0.0251574718326
4425.87573038	0.0251574428315
4426.18988964	0.0251574138314
4426.50404891	0.0251573848327
4426.81820817	0.0251573558353
4427.13236744	0.0251573268394
4427.4465267	0.0251572978449
4427.76068597	0.0251572688518
4428.07484523	0.0251572398598
4428.3890045	0.0251572108689
4428.70316377	0.0251571818786
4429.01732303	0.0251571528887
4429.3314823	0.025157123899
4429.64564156	0.0251570949092
4429.95980083	0.0251570659194
4430.27396009	0.0251570369296
4430.58811936	0.0251570079399
4430.90227862	0.0251569789505
4431.21643789	0.0251569499614
4431.53059715	0.0251569209729
4431.84475642	0.0251568919852
4432.15891568	0.0251568629986
4432.47307495	0.0251568340132
4432.78723422	0.0251568050291
4433.10139348	0.0251567760463
4433.41555275	0.025156747065
4433.72971201	0.0251567180853
4434.04387128	0.0251566891067
4434.35803054	0.0251566601293
4434.67218981	0.0251566311529
4434.98634907	0.025156602177
4435.30050834	0.0251565732015
4435.6146676	0.0251565442262
4435.92882687	0.0251565152509
4436.24298613	0.0251564862755
4436.5571454	0.0251564573001
4436.87130467	0.025156428325
4437.18546393	0.0251563993501
4437.4996232	0.0251563703755
4437.81378246	0.0251563414016
4438.12794173	0.0251563124286
4438.44210099	0.0251562834564
4438.75626026	0.0251562544854
4439.07041952	0.0251562255158
4439.38457879	0.0251561965476
4439.69873805	0.0251561675808
4440.01289732	0.0251561386154
4440.32705658	0.0251561096514
4440.64121585	0.0251560806885
4440.95537511	0.0251560517265
4441.26953438	0.0251560227651
4441.58369365	0.025155993804
4441.89785291	0.025155964843
4442.21201218	0.025155935882
4442.52617144	0.0251559069209
4442.84033071	0.0251558779599
4443.15448997	0.0251558489991
4443.46864924	0.0251558200385
4443.7828085	0.0251557910784
4444.09696777	0.0251557621188
4444.41112703	0.0251557331601
4444.7252863	0.0251557042024
4445.03944556	0.0251556752459
4445.35360483	0.0251556462906
4445.6677641	0.0251556173369
4445.98192336	0.0251555883846
4446.29608263	0.0251555594337
4446.61024189	0.0251555304841
4446.92440116	0.0251555015356
4447.23856042	0.025155472588
4447.55271969	0.0251554436409
4447.86687895	0.0251554146941
4448.18103822	0.0251553857474
4448.49519748	0.0251553568007
4448.80935675	0.025155327854
4449.12351601	0.0251552989074
4449.43767528	0.0251552699609
4449.75183454	0.0251552410147
4450.06599381	0.025155212069
4450.38015308	0.0251551831238
4450.69431234	0.0251551541796
4451.00847161	0.0251551252363
4451.32263087	0.0251550962942
4451.63679014	0.0251550673535
4451.9509494	0.0251550384142
4452.26510867	0.0251550094764
4452.57926793	0.02515498054
4452.8934272	0.0251549516049
4453.20758646	0.0251549226708
4453.52174573	0.0251548937376
4453.83590499	0.0251548648048
4454.15006426	0.0251548358724
4454.46422353	0.02515480694
4454.77838279	0.0251547780077
4455.09254206	0.0251547490753
4455.40670132	0.025154720143
4455.72086059	0.0251546912109
4456.03501985	0.025154662279
4456.34917912	0.0251546333477
4456.66333838	0.0251546044169
4456.97749765	0.025154575487
4457.29165691	0.0251545465582
4457.60581618	0.0251545176305
4457.91997544	0.0251544887043
4458.23413471	0.0251544597795
4458.54829397	0.0251544308561
4458.86245324	0.0251544019342
4459.17661251	0.0251543730134
4459.49077177	0.0251543440937
4459.80493104	0.0251543151748
4460.1190903	0.0251542862563
4460.43324957	0.0251542573382
4460.74740883	0.0251542284201
4461.0615681	0.025154199502
4461.37572736	0.0251541705839
4461.68988663	0.025154141666
4462.00404589	0.0251541127481
4462.31820516	0.0251540838306
4462.63236442	0.0251540549136
4462.94652369	0.0251540259972
4463.26068296	0.0251539970817
4463.57484222	0.0251539681672
4463.88900149	0.025153939254
4464.20316075	0.0251539103421
4464.51732002	0.0251538814318
4464.83147928	0.0251538525228
4465.14563855	0.0251538236153
4465.45979781	0.0251537947089
4465.77395708	0.0251537658035
4466.08811634	0.0251537368989
4466.40227561	0.0251537079947
4466.71643487	0.0251536790907
4467.03059414	0.0251536501869
4467.3447534	0.0251536212831
4467.65891267	0.0251535923793
4467.97307194	0.0251535634756
4468.2872312	0.025153534572
4468.60139047	0.0251535056688
4468.91554973	0.0251534767661
4469.229709	0.025153447864
4469.54386826	0.0251534189628
4469.85802753	0.0251533900627
4470.17218679	0.0251533611639
4470.48634606	0.0251533322664
4470.80050532	0.0251533033704
4471.11466459	0.0251532744759
4471.42882385	0.0251532455827
4471.74298312	0.0251532166906
4472.05714239	0.0251531877995
4472.37130165	0.0251531589091
4472.68546092	0.0251531300192
4472.99962018	0.0251531011294
4473.31377945	0.0251530722398
4473.62793871	0.0251530433502
4473.94209798	0.0251530144607
4474.25625724	0.0251529855712
4474.57041651	0.0251529566819
4474.88457577	0.0251529277929
4475.19873504	0.0251528989045
4475.5128943	0.0251528700167
4475.82705357	0.0251528411298
4476.14121283	0.0251528122441
4476.4553721	0.0251527833596
4476.76953137	0.0251527544765
4477.08369063	0.0251527255949
4477.3978499	0.0251526967147
4477.71200916	0.0251526678358
4478.02616843	0.025152638958
4478.34032769	0.0251526100812
4478.65448696	0.025152581205
4478.96864622	0.0251525523292
4479.28280549	0.0251525234537
4479.59696475	0.0251524945783
4479.91112402	0.0251524657029
4480.22528328	0.0251524368275
4480.53944255	0.0251524079523
4480.85360182	0.025152379077
4481.16776108	0.0251523502024
4481.48192035	0.0251523213284
4481.79607961	0.0251522924549
4482.11023888	0.0251522635824
4482.42439814	0.0251522347111
4482.73855741	0.0251522058411
4483.05271667	0.0251521769723
4483.36687594	0.0251521481051
4483.6810352	0.0251521192392
4483.99519447	0.0251520903745
4484.30935373	0.025152061511
4484.623513	0.0251520326485
4484.93767226	0.0251520037865
4485.25183153	0.0251519749249
4485.5659908	0.0251519460636
4485.88015006	0.0251519172025
4486.19430933	0.0251518883413
4486.50846859	0.0251518594801
4486.82262786	0.0251518306191
4487.13678712	0.0251518017582
4487.45094639	0.0251517728977
4487.76510565	0.0251517440377
4488.07926492	0.0251517151785
4488.39342418	0.0251516863203
4488.70758345	0.0251516574631
4489.02174271	0.0251516286073
4489.33590198	0.0251515997528
4489.65006125	0.0251515708998
4489.96422051	0.0251515420482
4490.27837978	0.0251515131978
4490.59253904	0.0251514843485
4490.90669831	0.0251514555001
4491.22085757	0.0251514266523
4491.53501684	0.0251513978048
4491.8491761	0.0251513689576
4492.16333537	0.0251513401104
4492.47749463	0.0251513112633
4492.7916539	0.0251512824162
4493.10581316	0.0251512535693
4493.41997243	0.0251512247225
4493.7341317	0.0251511958762
4494.04829096	0.0251511670304
4494.36245023	0.0251511381853
4494.67660949	0.0251511093412
4494.99076876	0.0251510804983
4495.30492802	0.0251510516567
4495.61908729	0.0251510228165
4495.93324655	0.0251509939777
4496.24740582	0.0251509651403
4496.56156508	0.0251509363041
4496.87572435	0.025150907469
4497.18988361	0.0251508786347
4497.50404288	0.025150849801
4497.81820214	0.0251508209677
4498.13236141	0.0251507921345
4498.44652068	0.0251507633014
4498.76067994	0.0251507344684
4499.07483921	0.0251507056355
4499.38899847	0.0251506768026
4499.70315774	0.02515064797
4500.017317	0.0251506191378
4500.33147627	0.0251505903061
4500.64563553	0.0251505614753
4500.9597948	0.0251505326454
4501.27395406	0.0251505038167
4501.58811333	0.0251504749894
4501.90227259	0.0251504461634
4502.21643186	0.0251504173389
4502.53059113	0.0251503885157
4502.84475039	0.0251503596937
4503.15890966	0.0251503308727
4503.47306892	0.0251503020526
4503.78722819	0.025150273233
4504.10138745	0.0251502444137
4504.41554672	0.0251502155947
4504.72970598	0.0251501867757
4505.04386525	0.0251501579567
4505.35802451	0.0251501291378
4505.67218378	0.0251501003191
4505.98634304	0.0251500715006
4506.30050231	0.0251500426825
4506.61466157	0.025150013865
4506.92882084	0.0251499850483
4507.24298011	0.0251499562326
4507.55713937	0.0251499274182
4507.87129864	0.025149898605
4508.1854579	0.0251498697933
4508.49961717	0.0251498409829
4508.81377643	0.0251498121739
4509.1279357	0.025149783366
4509.44209496	0.0251497545592
4509.75625423	0.0251497257531
4510.07041349	0.0251496969476
4510.38457276	0.0251496681424
4510.69873202	0.0251496393374
4511.01289129	0.0251496105325
4511.32705056	0.0251495817276
4511.64120982	0.0251495529227
4511.95536909	0.025149524118
4512.26952835	0.0251494953136
4512.58368762	0.0251494665096
4512.89784688	0.0251494377062
4513.21200615	0.0251494089037
4513.52616541	0.0251493801022
4513.84032468	0.0251493513019
4514.15448394	0.0251493225029
4514.46864321	0.0251492937053
4514.78280247	0.0251492649091
4515.09696174	0.0251492361142
4515.411121	0.0251492073205
4515.72528027	0.0251491785278
4516.03943954	0.0251491497358
4516.3535988	0.0251491209443
4516.66775807	0.0251490921531
4516.98191733	0.0251490633621
4517.2960766	0.0251490345712
4517.61023586	0.0251490057803
4517.92439513	0.0251489769895
4518.23855439	0.0251489481988
4518.55271366	0.0251489194084
4518.86687292	0.0251488906185
4519.18103219	0.0251488618293
4519.49519145	0.0251488330408
4519.80935072	0.0251488042535
4520.12350999	0.0251487754673
4520.43766925	0.0251487466825
4520.75182852	0.025148717899
4521.06598778	0.025148689117
4521.38014705	0.0251486603362
4521.69430631	0.0251486315566
4522.00846558	0.0251486027779
4522.32262484	0.0251485739999
4522.63678411	0.0251485452225
4522.95094337	0.0251485164453
4523.26510264	0.0251484876683
4523.5792619	0.0251484588913
4523.89342117	0.0251484301144
4524.20758043	0.0251484013376
4524.5217397	0.0251483725609
4524.83589897	0.0251483437846
4525.15005823	0.0251483150087
4525.4642175	0.0251482862335
4525.77837676	0.0251482574592
4526.09253603	0.0251482286859
4526.40669529	0.0251481999139
4526.72085456	0.0251481711432
4527.03501382	0.0251481423738
4527.34917309	0.0251481136059
4527.66333235	0.0251480848392
4527.97749162	0.0251480560736
4528.29165088	0.025148027309
4528.60581015	0.0251479985451
4528.91996942	0.0251479697816
4529.23412868	0.0251479410183
4529.54828795	0.0251479122553
4529.86244721	0.0251478834924
4530.17660648	0.0251478547292
4530.49076574	0.0251478259665
4530.80492501	0.0251477972041
4531.11908427	0.0251477684418
4531.43324354	0.02514773968
4531.7474028	0.0251477109191
4532.06156207	0.0251476821589
4532.37572133	0.0251476533997
4532.6898806	0.0251476246418
4533.00403986	0.0251475958852
4533.31819913	0.0251475671299
4533.6323584	0.0251475383761
4533.94651766	0.0251475096235
4534.26067693	0.025147480872
4534.57483619	0.0251474521214
4534.88899546	0.0251474233715
4535.20315472	0.025147394622
4535.51731399	0.0251473658727
4535.83147325	0.0251473371236
4536.14563252	0.0251473083746
4536.45979178	0.0251472796256
4536.77395105	0.0251472508767
4537.08811031	0.0251472221281
4537.40226958	0.0251471933798
4537.71642885	0.0251471646319
4538.03058811	0.0251471358848
4538.34474738	0.0251471071386
4538.65890664	0.0251470783935
4538.97306591	0.0251470496496
4539.28722517	0.025147020907
4539.60138444	0.0251469921658
4539.9155437	0.025146963426
4540.22970297	0.0251469346874
4540.54386223	0.0251469059499
4540.8580215	0.0251468772132
4541.17218076	0.0251468484771
4541.48634003	0.0251468197415
4541.80049929	0.0251467910061
4542.11465856	0.0251467622708
4542.42881783	0.0251467335357
4542.74297709	0.0251467048006
4543.05713636	0.0251466760656
4543.37129562	0.0251466473308
4543.68545489	0.0251466185965
4543.99961415	0.0251465898626
4544.31377342	0.0251465611295
4544.62793268	0.0251465323973
4544.94209195	0.0251465036661
4545.25625121	0.0251464749363
4545.57041048	0.0251464462077
4545.88456974	0.0251464174805
4546.19872901	0.0251463887547
4546.51288828	0.0251463600301
4546.82704754	0.0251463313065
4547.14120681	0.0251463025838
4547.45536607	0.0251462738616
4547.76952534	0.0251462451398
4548.0836846	0.0251462164183
4548.39784387	0.0251461876969
4548.71200313	0.0251461589756
4549.0261624	0.0251461302543
4549.34032166	0.0251461015333
4549.65448093	0.0251460728124
4549.96864019	0.025146044092
4550.28279946	0.0251460153721
4550.59695873	0.0251459866529
4550.91111799	0.0251459579347
4551.22527726	0.0251459292176
4551.53943652	0.0251459005017
4551.85359579	0.0251458717872
4552.16775505	0.025145843074
4552.48191432	0.0251458143621
4552.79607358	0.0251457856515
4553.11023285	0.0251457569419
4553.42439211	0.025145728233
4553.73855138	0.0251456995248
4554.05271064	0.0251456708168
4554.36686991	0.0251456421091
4554.68102917	0.0251456134016
4554.99518844	0.0251455846941
4555.30934771	0.0251455559868
4555.62350697	0.0251455272796
4555.93766624	0.0251454985727
4556.2518255	0.0251454698661
4556.56598477	0.0251454411602
4556.88014403	0.025145412455
4557.1943033	0.0251453837507
4557.50846256	0.0251453550475
4557.82262183	0.0251453263456
4558.13678109	0.0251452976451
4558.45094036	0.0251452689459
4558.76509962	0.025145240248
4559.07925889	0.0251452115513
4559.39341816	0.0251451828555
4559.70757742	0.0251451541606
4560.02173669	0.0251451254661
4560.33589595	0.0251450967721
4560.65005522	0.0251450680782
4560.96421448	0.0251450393845
4561.27837375	0.0251450106908
4561.59253301	0.0251449819973
4561.90669228	0.025144953304
4562.22085154	0.025144924611
4562.53501081	0.0251448959183
4562.84917007	0.0251448672263
4563.16332934	0.025144838535
4563.4774886	0.0251448098446
4563.79164787	0.0251447811554
4564.10580714	0.0251447524675
4564.4199664	0.0251447237808
4564.73412567	0.0251446950956
4565.04828493	0.0251446664116
4565.3624442	0.0251446377288
4565.67660346	0.025144609047
4565.99076273	0.0251445803659
4566.30492199	0.0251445516853
4566.61908126	0.025144523005
4566.93324052	0.0251444943249
4567.24739979	0.025144465645
4567.56155905	0.0251444369652
4567.87571832	0.0251444082855
4568.18987759	0.025144379606
4568.50403685	0.0251443509268
4568.81819612	0.025144322248
4569.13235538	0.0251442935699
4569.44651465	0.0251442648925
4569.76067391	0.025144236216
4570.07483318	0.0251442075407
4570.38899244	0.0251441788667
4570.70315171	0.025144150194
4571.01731097	0.0251441215227
4571.33147024	0.0251440928526
4571.6456295	0.0251440641837
4571.95978877	0.0251440355157
4572.27394803	0.0251440068484
4572.5881073	0.0251439781816
4572.90226657	0.0251439495151
4573.21642583	0.0251439208488
4573.5305851	0.0251438921827
4573.84474436	0.0251438635166
4574.15890363	0.0251438348508
4574.47306289	0.0251438061851
4574.78722216	0.0251437775197
4575.10138142	0.0251437488548
4575.41554069	0.0251437201905
4575.72969995	0.0251436915269
4576.04385922	0.0251436628644
4576.35801848	0.025143634203
4576.67217775	0.0251436055429
4576.98633702	0.0251435768841
4577.30049628	0.0251435482266
4577.61465555	0.0251435195705
4577.92881481	0.0251434909154
4578.24297408	0.0251434622612
4578.55713334	0.0251434336077
4578.87129261	0.0251434049549
4579.18545187	0.0251433763019
4579.49961114	0.0251433476494
4579.8137704	0.0251433189973
4580.12792967	0.0251432903451
4580.44208893	0.025143261693
4580.7562482	0.0251432330413
4581.07040746	0.0251432043898
4581.38456673	0.0251431757386
4581.698726	0.0251431470882
4582.01288526	0.0251431184385
4582.32704453	0.0251430897898
4582.64120379	0.0251430611424
4582.95536306	0.0251430324961
4583.26952232	0.0251430038513
4583.58368159	0.0251429752078
4583.89784085	0.0251429465656
4584.21200012	0.0251429179243
4584.52615938	0.025142889284
4584.84031865	0.0251428606443
4585.15447791	0.025142832005
4585.46863718	0.025142803366
4585.78279645	0.0251427747272
4586.09695571	0.0251427460886
4586.41111498	0.0251427174501
4586.72527424	0.0251426888118
4587.03943351	0.0251426601736
4587.35359277	0.0251426315358
4587.66775204	0.0251426028985
4587.9819113	0.0251425742618
4588.29607057	0.0251425456259
4588.61022983	0.0251425169911
4588.9243891	0.0251424883574
4589.23854836	0.025142459725
4589.55270763	0.025142431094
4589.86686689	0.0251424024643
4590.18102616	0.0251423738358
4590.49518543	0.0251423452084
4590.80934469	0.0251423165817
4591.12350396	0.0251422879557
4591.43766322	0.0251422593301
4591.75182249	0.0251422307049
4592.06598175	0.0251422020798
4592.38014102	0.0251421734549
4592.69430028	0.0251421448301
4593.00845955	0.0251421162055
4593.32261881	0.0251420875811
4593.63677808	0.025142058957
4593.95093734	0.0251420303335
4594.26509661	0.0251420017105
4594.57925588	0.0251419730885
4594.89341514	0.0251419444675
4595.20757441	0.0251419158476
4595.52173367	0.0251418872291
4595.83589294	0.0251418586119
4596.1500522	0.025141829996
4596.46421147	0.0251418013812
4596.77837073	0.0251417727675
4597.09253	0.0251417441546
4597.40668926	0.0251417155422
4597.72084853	0.0251416869304
4598.03500779	0.0251416583188
4598.34916706	0.0251416297074
4598.66332632	0.0251416010962
4598.97748559	0.025141572485
4599.29164486	0.0251415438741
4599.60580412	0.0251415152634
4599.91996339	0.0251414866531
4600.23412265	0.0251414580432
4600.54828192	0.0251414294341
4600.86244118	0.0251414008258
4601.17660045	0.0251413722186
4601.49075971	0.0251413436126
4601.80491898	0.0251413150078
4602.11907824	0.0251412864044
4602.43323751	0.0251412578023
4602.74739677	0.0251412292013
4603.06155604	0.0251412006013
4603.37571531	0.0251411720021
4603.68987457	0.0251411434035
4604.00403384	0.0251411148053
4604.3181931	0.0251410862073
4604.63235237	0.0251410576096
4604.94651163	0.0251410290121
4605.2606709	0.0251410004146
4605.57483016	0.0251409718174
4605.88898943	0.0251409432204
4606.20314869	0.0251409146237
4606.51730796	0.0251408860276
4606.83146722	0.0251408574322
4607.14562649	0.0251408288377
4607.45978576	0.0251408002442
4607.77394502	0.025140771652
4608.08810429	0.0251407430611
4608.40226355	0.0251407144715
4608.71642282	0.0251406858831
4609.03058208	0.0251406572958
4609.34474135	0.0251406287095
4609.65890061	0.025140600124
4609.97305988	0.025140571539
4610.28721914	0.0251405429544
4610.60137841	0.0251405143702
4610.91553767	0.0251404857861
4611.22969694	0.0251404572022
4611.5438562	0.0251404286184
4611.85801547	0.0251404000348
4612.17217474	0.0251403714515
4612.486334	0.0251403428685
4612.80049327	0.0251403142861
4613.11465253	0.0251402857044
4613.4288118	0.0251402571236
4613.74297106	0.025140228544
4614.05713033	0.0251401999655
4614.37128959	0.0251401713884
4614.68544886	0.0251401428125
4614.99960812	0.0251401142379
4615.31376739	0.0251400856643
4615.62792665	0.0251400570917
4615.94208592	0.0251400285198
4616.25624519	0.0251399999484
4616.57040445	0.0251399713775
4616.88456372	0.0251399428069
4617.19872298	0.0251399142364
4617.51288225	0.0251398856661
4617.82704151	0.025139857096
4618.14120078	0.025139828526
4618.45536004	0.0251397999563
4618.76951931	0.025139771387
4619.08367857	0.0251397428182
4619.39783784	0.0251397142503
4619.7119971	0.0251396856833
4620.02615637	0.0251396571173
4620.34031563	0.0251396285527
4620.6544749	0.0251395999893
4620.96863417	0.0251395714271
4621.28279343	0.0251395428662
4621.5969527	0.0251395143063
4621.91111196	0.0251394857473
4622.22527123	0.025139457189
4622.53943049	0.0251394286313
4622.85358976	0.025139400074
4623.16774902	0.025139371517
4623.48190829	0.0251393429602
4623.79606755	0.0251393144035
4624.11022682	0.0251392858469
4624.42438608	0.0251392572905
4624.73854535	0.0251392287344
4625.05270462	0.0251392001787
4625.36686388	0.0251391716237
4625.68102315	0.0251391430694
4625.99518241	0.0251391145161
4626.30934168	0.0251390859639
4626.62350094	0.025139057413
4626.93766021	0.0251390288633
4627.25181947	0.0251390003148
4627.56597874	0.0251389717676
4627.880138	0.0251389432216
4628.19429727	0.025138914676
4628.50845653	0.0251388861313
4628.8226158	0.0251388575874
4629.13677506	0.0251388290437
4629.45093433	0.0251388005003
4629.7650936	0.0251387719572
4630.07925286	0.0251387434141
4630.39341213	0.0251387148711
4630.70757139	0.0251386863283
4631.02173066	0.0251386577858
4631.33588992	0.0251386292437
4631.65004919	0.0251386007024
4631.96420845	0.0251385721618
4632.27836772	0.0251385436222
4632.59252698	0.0251385150839
4632.90668625	0.0251384865467
4633.22084551	0.0251384580107
4633.53500478	0.025138429476
4633.84916405	0.0251384009424
4634.16332331	0.0251383724098
4634.47748258	0.025138343878
4634.79164184	0.0251383153469
4635.10580111	0.0251382868164
4635.41996037	0.0251382582863
4635.73411964	0.0251382297564
4636.0482789	0.0251382012267
4636.36243817	0.0251381726972
4636.67659743	0.0251381441677
4636.9907567	0.0251381156385
4637.30491596	0.0251380871096
4637.61907523	0.0251380585812
4637.93323449	0.0251380300534
4638.24739376	0.0251380015264
4638.56155303	0.0251379730005
4638.87571229	0.0251379444758
4639.18987156	0.0251379159522
4639.50403082	0.0251378874299
4639.81819009	0.0251378589088
4640.13234935	0.0251378303888
4640.44650862	0.0251378018698
4640.76066788	0.0251377733516
4641.07482715	0.0251377448341
4641.38898641	0.0251377163171
4641.70314568	0.0251376878006
4642.01730494	0.0251376592842
4642.33146421	0.0251376307681
4642.64562348	0.0251376022521
4642.95978274	0.0251375737362
4643.27394201	0.0251375452205
4643.58810127	0.0251375167052
4643.90226054	0.0251374881903
4644.2164198	0.0251374596762
4644.53057907	0.0251374311629
4644.84473833	0.0251374026506
4645.1588976	0.0251373741395
4645.47305686	0.0251373456296
4645.78721613	0.0251373171209
4646.10137539	0.0251372886133
4646.41553466	0.0251372601069
4646.72969392	0.0251372316014
4647.04385319	0.0251372030968
4647.35801246	0.0251371745928
4647.67217172	0.0251371460894
4647.98633099	0.0251371175863
4648.30049025	0.0251370890835
4648.61464952	0.0251370605808
4648.92880878	0.0251370320783
4649.24296805	0.0251370035759
4649.55712731	0.0251369750737
4649.87128658	0.0251369465719
4650.18544584	0.0251369180707
4650.49960511	0.0251368895701
4650.81376437	0.0251368610704
4651.12792364	0.0251368325718
4651.44208291	0.0251368040743
4651.75624217	0.025136775578
4652.07040144	0.0251367470829
4652.3845607	0.025136718589
4652.69871997	0.0251366900961
4653.01287923	0.0251366616042
4653.3270385	0.0251366331131
4653.64119776	0.0251366046226
4653.95535703	0.0251365761327
4654.26951629	0.0251365476431
4654.58367556	0.0251365191538
4654.89783482	0.0251364906646
4655.21199409	0.0251364621756
4655.52615335	0.0251364336867
4655.84031262	0.025136405198
4656.15447189	0.0251363767097
4656.46863115	0.025136348222
4656.78279042	0.0251363197351
4657.09694968	0.025136291249
4657.41110895	0.025136262764
4657.72526821	0.0251362342801
4658.03942748	0.0251362057974
4658.35358674	0.0251361773159
4658.66774601	0.0251361488355
4658.98190527	0.0251361203562
4659.29606454	0.0251360918778
4659.6102238	0.0251360634002
4659.92438307	0.0251360349233
4660.23854234	0.0251360064469
4660.5527016	0.0251359779708
4660.86686087	0.0251359494949
4661.18102013	0.0251359210192
4661.4951794	0.0251358925436
4661.80933866	0.0251358640682
4662.12349793	0.025135835593
4662.43765719	0.0251358071183
4662.75181646	0.0251357786441
4663.06597572	0.0251357501707
4663.38013499	0.0251357216983
4663.69429425	0.0251356932268
4664.00845352	0.0251356647566
4664.32261279	0.0251356362875
4664.63677205	0.0251356078195
4664.95093132	0.0251355793526
4665.26509058	0.0251355508868
4665.57924985	0.0251355224219
4665.89340911	0.0251354939578
4666.20756838	0.0251354654944
4666.52172764	0.0251354370314
4666.83588691	0.0251354085688
4667.15004617	0.0251353801064
4667.46420544	0.0251353516441
4667.7783647	0.025135323182
4668.09252397	0.02513529472
4668.40668323	0.0251352662583
4668.7208425	0.025135237797
4669.03500177	0.0251352093364
4669.34916103	0.0251351808766
4669.6633203	0.0251351524177
4669.97747956	0.0251351239599
4670.29163883	0.0251350955032
4670.60579809	0.0251350670476
4670.91995736	0.0251350385932
4671.23411662	0.0251350101398
4671.54827589	0.0251349816875
4671.86243515	0.0251349532361
4672.17659442	0.0251349247855
4672.49075368	0.0251348963355
4672.80491295	0.025134867886
4673.11907222	0.0251348394368
4673.43323148	0.0251348109878
4673.74739075	0.0251347825389
4674.06155001	0.0251347540902
4674.37570928	0.0251347256417
4674.68986854	0.0251346971934
4675.00402781	0.0251346687457
4675.31818707	0.0251346402985
4675.63234634	0.0251346118523
4675.9465056	0.0251345834069
4676.26066487	0.0251345549628
4676.57482413	0.0251345265196
4676.8889834	0.0251344980775
4677.20314266	0.0251344696367
4677.51730193	0.0251344411969
4677.8314612	0.0251344127581
4678.14562046	0.0251343843202
4678.45977973	0.0251343558831
4678.77393899	0.0251343274466
4679.08809826	0.0251342990105
4679.40225752	0.0251342705747
4679.71641679	0.0251342421391
4680.03057605	0.0251342137037
4680.34473532	0.0251341852684
4680.65889458	0.0251341568334
4680.97305385	0.0251341283987
4681.28721311	0.0251340999645
4681.60137238	0.0251340715309
4681.91553165	0.0251340430982
4682.22969091	0.0251340146664
4682.54385018	0.0251339862356
4682.85800944	0.025133957806
4683.17216871	0.0251339293774
4683.48632797	0.02513390095
4683.80048724	0.0251338725236
4684.1146465	0.0251338440982
4684.42880577	0.0251338156737
4684.74296503	0.02513378725
4685.0571243	0.0251337588269
4685.37128356	0.0251337304042
4685.68544283	0.0251337019818
4685.99960209	0.0251336735596
4686.31376136	0.0251336451375
4686.62792063	0.0251336167156
4686.94207989	0.025133588294
4687.25623916	0.0251335598727
4687.57039842	0.0251335314519
4687.88455769	0.0251335030318
4688.19871695	0.0251334746125
4688.51287622	0.0251334461943
4688.82703548	0.025133417777
4689.14119475	0.0251333893608
4689.45535401	0.0251333609458
4689.76951328	0.0251333325318
4690.08367254	0.0251333041189
4690.39783181	0.025133275707
4690.71199108	0.025133247296
4691.02615034	0.0251332188857
4691.34030961	0.0251331904759
4691.65446887	0.0251331620666
4691.96862814	0.0251331336576
4692.2827874	0.0251331052488
4692.59694667	0.0251330768401
4692.91110593	0.0251330484316
4693.2252652	0.0251330200233
4693.53942446	0.0251329916154
4693.85358373	0.0251329632081
4694.16774299	0.0251329348015
4694.48190226	0.0251329063957
4694.79606152	0.0251328779908
4695.11022079	0.025132849587
4695.42438006	0.0251328211843
4695.73853932	0.0251327927827
4696.05269859	0.0251327643822
4696.36685785	0.0251327359827
4696.68101712	0.0251327075842
4696.99517638	0.0251326791865
4697.30933565	0.0251326507896
4697.62349491	0.0251326223932
4697.93765418	0.0251325939973
4698.25181344	0.0251325656016
4698.56597271	0.0251325372061
4698.88013197	0.0251325088107
4699.19429124	0.0251324804156
4699.50845051	0.0251324520207
4699.82260977	0.0251324236262
4700.13676904	0.0251323952323
4700.4509283	0.0251323668391
4700.76508757	0.0251323384467
4701.07924683	0.0251323100553
4701.3934061	0.025132281665
4701.70756536	0.0251322532757
4702.02172463	0.0251322248875
4702.33588389	0.0251321965004
4702.65004316	0.0251321681143
4702.96420242	0.0251321397292
4703.27836169	0.025132111345
4703.59252095	0.0251320829614
4703.90668022	0.0251320545784
4704.22083949	0.0251320261957
4704.53499875	0.0251319978134
4704.84915802	0.0251319694312
4705.16331728	0.0251319410492
4705.47747655	0.0251319126673
4705.79163581	0.0251318842858
4706.10579508	0.0251318559048
4706.41995434	0.0251318275242
4706.73411361	0.0251317991444
4707.04827287	0.0251317707655
4707.36243214	0.0251317423875
4707.6765914	0.0251317140106
4707.99075067	0.0251316856347
4708.30490994	0.0251316572599
4708.6190692	0.0251316288863
4708.93322847	0.0251316005136
4709.24738773	0.0251315721419
4709.561547	0.025131543771
4709.87570626	0.0251315154008
4710.18986553	0.025131487031
4710.50402479	0.0251314586617
4710.81818406	0.0251314302926
4711.13234332	0.0251314019238
4711.44650259	0.0251313735551
4711.76066185	0.0251313451866
4712.07482112	0.0251313168185
4712.38898038	0.0251312884508
4712.70313965	0.0251312600836
4713.01729892	0.0251312317172
4713.33145818	0.0251312033517
4713.64561745	0.0251311749871
4713.95977671	0.0251311466235
4714.27393598	0.0251311182611
4714.58809524	0.0251310898997
4714.90225451	0.0251310615394
4715.21641377	0.0251310331802
4715.53057304	0.0251310048218
4715.8447323	0.0251309764643
4716.15889157	0.0251309481074
4716.47305083	0.0251309197509
4716.7872101	0.0251308913949
4717.10136937	0.0251308630391
4717.41552863	0.0251308346835
4717.7296879	0.0251308063282
4718.04384716	0.0251307779731
4718.35800643	0.0251307496183
4718.67216569	0.0251307212639
4718.98632496	0.0251306929101
4719.30048422	0.0251306645571
4719.61464349	0.0251306362049
4719.92880275	0.0251306078537
4720.24296202	0.0251305795035
4720.55712128	0.0251305511545
4720.87128055	0.0251305228065
4721.18543982	0.0251304944596
4721.49959908	0.0251304661137
4721.81375835	0.0251304377687
4722.12791761	0.0251304094245
4722.44207688	0.0251303810808
4722.75623614	0.0251303527377
4723.07039541	0.0251303243949
4723.38455467	0.0251302960524
4723.69871394	0.0251302677101
4724.0128732	0.0251302393681
4724.32703247	0.0251302110263
4724.64119173	0.0251301826849
4724.955351	0.025130154344
4725.26951026	0.0251301260036
4725.58366953	0.025130097664
4725.8978288	0.0251300693252
4726.21198806	0.0251300409874
4726.52614733	0.0251300126506
4726.84030659	0.0251299843149
4727.15446586	0.0251299559803
4727.46862512	0.0251299276469
4727.78278439	0.0251298993143
4728.09694365	0.0251298709827
4728.41110292	0.0251298426518
4728.72526218	0.0251298143215
4729.03942145	0.0251297859917
4729.35358071	0.0251297576622
4729.66773998	0.025129729333
4729.98189925	0.025129701004
4730.29605851	0.0251296726752
4730.61021778	0.0251296443468
4730.92437704	0.0251296160186
4731.23853631	0.0251295876909
4731.55269557	0.0251295593638
4731.86685484	0.0251295310374
4732.1810141	0.0251295027119
4732.49517337	0.0251294743874
4732.80933263	0.0251294460639
4733.1234919	0.0251294177416
4733.43765116	0.0251293894204
4733.75181043	0.0251293611002
4734.06596969	0.025129332781
4734.38012896	0.0251293044626
4734.69428823	0.025129276145
4735.00844749	0.0251292478279
4735.32260676	0.0251292195113
4735.63676602	0.0251291911951
4735.95092529	0.0251291628792
4736.26508455	0.0251291345635
4736.57924382	0.025129106248
4736.89340308	0.0251290779328
4737.20756235	0.0251290496179
4737.52172161	0.0251290213035
4737.83588088	0.0251289929897
4738.15004014	0.0251289646766
4738.46419941	0.0251289363645
4738.77835868	0.0251289080533
4739.09251794	0.0251288797432
4739.40667721	0.0251288514342
4739.72083647	0.0251288231263
4740.03499574	0.0251287948194
4740.349155	0.0251287665135
4740.66331427	0.0251287382084
4740.97747353	0.0251287099041
4741.2916328	0.0251286816003
4741.60579206	0.0251286532969
4741.91995133	0.0251286249939
4742.23411059	0.0251285966912
4742.54826986	0.0251285683887
4742.86242912	0.0251285400864
4743.17658839	0.0251285117845
4743.49074766	0.0251284834828
4743.80490692	0.0251284551817
4744.11906619	0.0251284268811
4744.43322545	0.0251283985813
4744.74738472	0.0251283702824
4745.06154398	0.0251283419845
4745.37570325	0.0251283136877
4745.68986251	0.025128285392
4746.00402178	0.0251282570974
4746.31818104	0.0251282288038
4746.63234031	0.0251282005112
4746.94649957	0.0251281722193
4747.26065884	0.0251281439282
4747.57481811	0.0251281156376
4747.88897737	0.0251280873475
4748.20313664	0.0251280590578
4748.5172959	0.0251280307682
4748.83145517	0.025128002479
4749.14561443	0.0251279741899
4749.4597737	0.0251279459011
4749.77393296	0.0251279176127
4750.08809223	0.0251278893248
4750.40225149	0.0251278610374
4750.71641076	0.0251278327509
4751.03057002	0.0251278044652
4751.34472929	0.0251277761806
4751.65888855	0.0251277478971
4751.97304782	0.0251277196147
4752.28720709	0.0251276913334
4752.60136635	0.0251276630531
4752.91552562	0.0251276347737
4753.22968488	0.0251276064951
4753.54384415	0.0251275782172
4753.85800341	0.0251275499399
4754.17216268	0.025127521663
4754.48632194	0.0251274933864
4754.80048121	0.0251274651101
4755.11464047	0.025127436834
4755.42879974	0.0251274085582
4755.742959	0.0251273802825
4756.05711827	0.0251273520073
4756.37127754	0.0251273237326
4756.6854368	0.0251272954585
4756.99959607	0.0251272671851
4757.31375533	0.0251272389127
4757.6279146	0.0251272106413
4757.94207386	0.0251271823711
4758.25623313	0.025127154102
4758.57039239	0.0251271258339
4758.88455166	0.0251270975669
4759.19871092	0.0251270693007
4759.51287019	0.0251270410354
4759.82702945	0.0251270127708
4760.14118872	0.0251269845066
4760.45534798	0.025126956243
4760.76950725	0.0251269279796
4761.08366652	0.0251268997165
4761.39782578	0.0251268714535
4761.71198505	0.0251268431909
4762.02614431	0.0251268149285
4762.34030358	0.0251267866663
4762.65446284	0.0251267584047
4762.96862211	0.0251267301438
4763.28278137	0.0251267018837
4763.59694064	0.0251266736245
4763.9110999	0.0251266453663
4764.22525917	0.0251266171093
4764.53941843	0.0251265888535
4764.8535777	0.0251265605987
4765.16773697	0.0251265323449
4765.48189623	0.025126504092
4765.7960555	0.0251264758399
4766.11021476	0.0251264475885
4766.42437403	0.0251264193377
4766.73853329	0.0251263910872
4767.05269256	0.0251263628369
4767.36685182	0.025126334587
4767.68101109	0.0251263063372
4767.99517035	0.0251262780877
4768.30932962	0.0251262498383
4768.62348888	0.0251262215894
4768.93764815	0.0251261933409
4769.25180741	0.0251261650931
4769.56596668	0.0251261368461
4769.88012595	0.0251261086001
4770.19428521	0.0251260803552
4770.50844448	0.0251260521114
4770.82260374	0.0251260238688
4771.13676301	0.0251259956273
4771.45092227	0.0251259673868
4771.76508154	0.0251259391471
4772.0792408	0.0251259109083
4772.39340007	0.0251258826701
4772.70755933	0.0251258544324
4773.0217186	0.0251258261952
4773.33587786	0.0251257979582
4773.65003713	0.0251257697215
4773.9641964	0.025125741485
4774.27835566	0.0251257132485
4774.59251493	0.0251256850123
4774.90667419	0.0251256567765
4775.22083346	0.0251256285412
4775.53499272	0.0251256003065
4775.84915199	0.0251255720727
4776.16331125	0.0251255438399
4776.47747052	0.0251255156083
4776.79162978	0.0251254873778
4777.10578905	0.0251254591484
4777.41994831	0.0251254309201
4777.73410758	0.0251254026929
4778.04826684	0.0251253744666
4778.36242611	0.025125346241
4778.67658538	0.025125318016
4778.99074464	0.0251252897916
4779.30490391	0.0251252615675
4779.61906317	0.0251252333436
4779.93322244	0.0251252051199
4780.2473817	0.0251251768964
4780.56154097	0.025125148673
4780.87570023	0.0251251204499
4781.1898595	0.0251250922271
4781.50401876	0.0251250640049
4781.81817803	0.0251250357834
4782.13233729	0.0251250075627
4782.44649656	0.025124979343
4782.76065583	0.0251249511245
4783.07481509	0.0251249229072
4783.38897436	0.025124894691
4783.70313362	0.0251248664759
4784.01729289	0.0251248382619
4784.33145215	0.0251248100488
4784.64561142	0.0251247818365
4784.95977068	0.0251247536248
4785.27392995	0.0251247254135
4785.58808921	0.0251246972026
4785.90224848	0.0251246689919
4786.21640774	0.0251246407813
4786.53056701	0.0251246125709
4786.84472628	0.0251245843606
4787.15888554	0.0251245561505
4787.47304481	0.0251245279408
4787.78720407	0.0251244997317
4788.10136334	0.0251244715233
4788.4155226	0.0251244433158
4788.72968187	0.0251244151093
4789.04384113	0.0251243869039
4789.3580004	0.0251243586997
4789.67215966	0.0251243304967
4789.98631893	0.0251243022948
4790.30047819	0.025124274094
4790.61463746	0.0251242458941
4790.92879672	0.0251242176949
4791.24295599	0.0251241894964
4791.55711526	0.0251241612983
4791.87127452	0.0251241331005
4792.18543379	0.0251241049029
4792.49959305	0.0251240767054
4792.81375232	0.025124048508
4793.12791158	0.0251240203107
4793.44207085	0.0251239921137
4793.75623011	0.0251239639171
4794.07038938	0.025123935721
4794.38454864	0.0251239075257
4794.69870791	0.0251238793313
4795.01286717	0.0251238511379
4795.32702644	0.0251238229457
4795.64118571	0.0251237947546
4795.95534497	0.0251237665648
4796.26950424	0.025123738376
4796.5836635	0.0251237101884
4796.89782277	0.0251236820016
4797.21198203	0.0251236538156
4797.5261413	0.0251236256302
4797.84030056	0.0251235974453
4798.15445983	0.0251235692605
4798.46861909	0.025123541076
4798.78277836	0.0251235128915
4799.09693762	0.0251234847072
4799.41109689	0.025123456523
4799.72525615	0.025123428339
4800.03941542	0.0251234001554
4800.35357469	0.0251233719724
4800.66773395	0.0251233437902
4800.98189322	0.0251233156089
4801.29605248	0.0251232874287
4801.61021175	0.0251232592496
4801.92437101	0.0251232310718
4802.23853028	0.025123202895
4802.55268954	0.0251231747195
4802.86684881	0.025123146545
4803.18100807	0.0251231183714
4803.49516734	0.0251230901985
4803.8093266	0.0251230620262
4804.12348587	0.0251230338543
4804.43764514	0.0251230056826
4804.7518044	0.0251229775111
4805.06596367	0.0251229493397
4805.38012293	0.0251229211683
4805.6942822	0.0251228929971
4806.00844146	0.0251228648262
4806.32260073	0.0251228366557
4806.63675999	0.0251228084858
4806.95091926	0.0251227803167
4807.26507852	0.0251227521485
4807.57923779	0.0251227239815
4807.89339705	0.0251226958156
4808.20755632	0.0251226676509
4808.52171558	0.0251226394873
4808.83587485	0.0251226113248
4809.15003412	0.0251225831635
4809.46419338	0.0251225550031
4809.77835265	0.0251225268433
4810.09251191	0.0251224986841
4810.40667118	0.0251224705252
4810.72083044	0.0251224423665
4811.03498971	0.025122414208
4811.34914897	0.0251223860496
4811.66330824	0.0251223578912
4811.9774675	0.0251223297331
4812.29162677	0.0251223015752
4812.60578603	0.0251222734177
4812.9199453	0.0251222452609
4813.23410457	0.0251222171049
4813.54826383	0.0251221889499
4813.8624231	0.0251221607961
4814.17658236	0.0251221326433
4814.49074163	0.0251221044917
4814.80490089	0.0251220763412
4815.11906016	0.0251220481919
4815.43321942	0.0251220200438
4815.74737869	0.0251219918964
4816.06153795	0.0251219637497
4816.37569722	0.0251219356034
4816.68985648	0.0251219074575
4817.00401575	0.0251218793119
4817.31817501	0.0251218511664
4817.63233428	0.025121823021
4817.94649355	0.0251217948756
4818.26065281	0.0251217667305
4818.57481208	0.0251217385856
4818.88897134	0.0251217104412
4819.20313061	0.0251216822975
4819.51728987	0.0251216541546
4819.83144914	0.0251216260128
4820.1456084	0.025121597872
4820.45976767	0.0251215697322
4820.77392693	0.0251215415936
4821.0880862	0.0251215134564
4821.40224546	0.0251214853204
4821.71640473	0.0251214571853
4822.030564	0.025121429051
4822.34472326	0.0251214009175
4822.65888253	0.0251213727843
4822.97304179	0.0251213446513
4823.28720106	0.0251213165187
4823.60136032	0.0251212883863
4823.91551959	0.0251212602538
4824.22967885	0.0251212321216
4824.54383812	0.0251212039895
4824.85799738	0.0251211758577
4825.17215665	0.0251211477265
4825.48631591	0.0251211195958
4825.80047518	0.0251210914661
4826.11463444	0.0251210633374
4826.42879371	0.0251210352097
4826.74295298	0.0251210070831
4827.05711224	0.0251209789578
4827.37127151	0.0251209508337
4827.68543077	0.0251209227107
4827.99959004	0.0251208945886
4828.3137493	0.0251208664674
4828.62790857	0.0251208383467
4828.94206783	0.0251208102265
4829.2562271	0.0251207821066
4829.57038636	0.025120753987
4829.88454563	0.0251207258675
4830.19870489	0.0251206977481
4830.51286416	0.0251206696287
4830.82702343	0.0251206415096
4831.14118269	0.0251206133908
4831.45534196	0.0251205852725
4831.76950122	0.025120557155
4832.08366049	0.0251205290383
4832.39781975	0.0251205009226
4832.71197902	0.025120472808
4833.02613828	0.0251204446946
4833.34029755	0.0251204165825
4833.65445681	0.0251203884716
4833.96861608	0.0251203603616
4834.28277534	0.0251203322526
4834.59693461	0.0251203041444
4834.91109387	0.0251202760368
4835.22525314	0.0251202479295
4835.53941241	0.0251202198226
4835.85357167	0.0251201917159
4836.16773094	0.0251201636094
4836.4818902	0.0251201355029
4836.79604947	0.0251201073965
4837.11020873	0.0251200792904
4837.424368	0.0251200511845
4837.73852726	0.0251200230793
4838.05268653	0.0251199949748
4838.36684579	0.0251199668712
4838.68100506	0.0251199387686
4838.99516432	0.025119910667
4839.30932359	0.0251198825668
4839.62348286	0.0251198544678
4839.93764212	0.02511982637
4840.25180139	0.0251197982731
4840.56596065	0.0251197701771
4840.88011992	0.0251197420818
4841.19427918	0.0251197139872
4841.50843845	0.0251196858929
4841.82259771	0.0251196577989
4842.13675698	0.0251196297051
4842.45091624	0.0251196016115
4842.76507551	0.0251195735179
4843.07923477	0.0251195454245
4843.39339404	0.0251195173312
4843.70755331	0.0251194892384
4844.02171257	0.0251194611462
4844.33587184	0.0251194330547
4844.6500311	0.0251194049641
4844.96419037	0.0251193768745
4845.27834963	0.0251193487861
4845.5925089	0.025119320699
4845.90666816	0.0251192926131
4846.22082743	0.0251192645284
4846.53498669	0.0251192364445
4846.84914596	0.0251192083615
4847.16330522	0.0251191802792
4847.47746449	0.0251191521975
4847.79162375	0.0251191241162
4848.10578302	0.0251190960351
4848.41994229	0.0251190679542
4848.73410155	0.0251190398735
4849.04826082	0.0251190117928
4849.36242008	0.0251189837123
4849.67657935	0.025118955632
4849.99073861	0.0251189275522
4850.30489788	0.025118899473
4850.61905714	0.0251188713945
4850.93321641	0.0251188433169
4851.24737567	0.0251188152404
4851.56153494	0.0251187871651
4851.8756942	0.0251187590911
4852.18985347	0.0251187310183
4852.50401274	0.0251187029466
4852.818172	0.0251186748758
4853.13233127	0.0251186468058
4853.44649053	0.0251186187364
4853.7606498	0.0251185906676
4854.07480906	0.0251185625992
4854.38896833	0.025118534531
4854.70312759	0.025118506463
4855.01728686	0.0251184783952
4855.33144612	0.0251184503274
4855.64560539	0.0251184222598
4855.95976465	0.0251183941925
4856.27392392	0.0251183661257
4856.58808318	0.0251183380595
4856.90224245	0.025118309994
4857.21640172	0.0251182819294
4857.53056098	0.025118253866
4857.84472025	0.0251182258038
4858.15887951	0.0251181977429
4858.47303878	0.0251181696832
4858.78719804	0.0251181416245
4859.10135731	0.0251181135667
4859.41551657	0.0251180855097
4859.72967584	0.0251180574532
4860.0438351	0.0251180293973
4860.35799437	0.0251180013418
4860.67215363	0.0251179732865
4860.9863129	0.0251179452314
4861.30047217	0.0251179171763
4861.61463143	0.0251178891215
4861.9287907	0.0251178610668
4862.24294996	0.0251178330125
4862.55710923	0.0251178049587
4862.87126849	0.0251177769054
4863.18542776	0.0251177488529
4863.49958702	0.0251177208014
4863.81374629	0.0251176927511
4864.12790555	0.0251176647021
4864.44206482	0.0251176366542
4864.75622408	0.0251176086075
4865.07038335	0.0251175805618
4865.38454261	0.025117552517
4865.69870188	0.0251175244729
4866.01286115	0.0251174964294
4866.32702041	0.0251174683864
4866.64117968	0.0251174403437
4866.95533894	0.0251174123012
4867.26949821	0.0251173842588
4867.58365747	0.0251173562167
4867.89781674	0.0251173281749
4868.211976	0.0251173001332
4868.52613527	0.0251172720918
4868.84029453	0.0251172440511
4869.1544538	0.0251172160108
4869.46861306	0.0251171879714
4869.78277233	0.025117159933
4870.0969316	0.0251171318959
4870.41109086	0.0251171038599
4870.72525013	0.0251170758251
4871.03940939	0.0251170477915
4871.35356866	0.0251170197589
4871.66772792	0.0251169917271
4871.98188719	0.025116963696
4872.29604645	0.0251169356654
4872.61020572	0.0251169076353
4872.92436498	0.0251168796055
4873.23852425	0.0251168515759
4873.55268351	0.0251168235465
4873.86684278	0.0251167955172
4874.18100204	0.0251167674881
4874.49516131	0.0251167394594
4874.80932058	0.025116711431
4875.12347984	0.0251166834031
4875.43763911	0.0251166553758
4875.75179837	0.0251166273494
4876.06595764	0.0251165993241
4876.3801169	0.0251165713
4876.69427617	0.025116543277
4877.00843543	0.0251165152553
4877.3225947	0.0251164872346
4877.63675396	0.0251164592149
4877.95091323	0.025116431196
4878.26507249	0.0251164031778
4878.57923176	0.0251163751601
4878.89339103	0.0251163471428
4879.20755029	0.0251163191259
4879.52170956	0.0251162911092
4879.83586882	0.0251162630926
4880.15002809	0.0251162350762
4880.46418735	0.02511620706
4880.77834662	0.0251161790442
4881.09250588	0.0251161510287
4881.40666515	0.0251161230137
4881.72082441	0.0251160949994
4882.03498368	0.0251160669861
4882.34914294	0.0251160389738
4882.66330221	0.0251160109627
4882.97746147	0.0251159829528
4883.29162074	0.025115954944
4883.60578001	0.0251159269363
4883.91993927	0.0251158989295
4884.23409854	0.0251158709236
4884.5482578	0.0251158429183
4884.86241707	0.0251158149135
4885.17657633	0.025115786909
4885.4907356	0.0251157589049
4885.80489486	0.025115730901
4886.11905413	0.0251157028972
4886.43321339	0.0251156748937
4886.74737266	0.0251156468904
4887.06153192	0.0251156188874
4887.37569119	0.0251155908848
4887.68985046	0.0251155628828
4888.00400972	0.0251155348815
4888.31816899	0.0251155068812
4888.63232825	0.025115478882
4888.94648752	0.0251154508839
4889.26064678	0.025115422887
4889.57480605	0.0251153948912
4889.88896531	0.0251153668964
4890.20312458	0.0251153389025
4890.51728384	0.0251153109095
4890.83144311	0.025115282917
4891.14560237	0.0251152549251
4891.45976164	0.0251152269334
4891.7739209	0.0251151989421
4892.08808017	0.025115170951
4892.40223944	0.0251151429601
4892.7163987	0.0251151149694
4893.03055797	0.0251150869789
4893.34471723	0.0251150589888
4893.6588765	0.0251150309991
4893.97303576	0.0251150030101
4894.28719503	0.0251149750218
4894.60135429	0.0251149470346
4894.91551356	0.0251149190483
4895.22967282	0.0251148910632
4895.54383209	0.0251148630793
4895.85799135	0.0251148350964
4896.17215062	0.0251148071146
4896.48630989	0.0251147791336
4896.80046915	0.0251147511535
4897.11462842	0.0251147231739
4897.42878768	0.0251146951947
4897.74294695	0.0251146672159
4898.05710621	0.0251146392374
4898.37126548	0.0251146112591
4898.68542474	0.025114583281
4898.99958401	0.0251145553031
4899.31374327	0.0251145273255
4899.62790254	0.0251144993483
4899.9420618	0.0251144713716
4900.25622107	0.0251144433955
4900.57038034	0.0251144154202
4900.8845396	0.025114387446
4901.19869887	0.0251143594727
4901.51285813	0.0251143315007
4901.8270174	0.0251143035297
4902.14117666	0.0251142755598
4902.45533593	0.0251142475908
4902.76949519	0.0251142196228
4903.08365446	0.0251141916554
4903.39781372	0.0251141636887
4903.71197299	0.0251141357223
4904.02613225	0.0251141077563
4904.34029152	0.0251140797906
4904.65445078	0.0251140518251
4904.96861005	0.0251140238598
4905.28276932	0.0251139958948
4905.59692858	0.0251139679301
4905.91108785	0.0251139399657
4906.22524711	0.0251139120019
4906.53940638	0.0251138840388
4906.85356564	0.0251138560766
4907.16772491	0.0251138281153
4907.48188417	0.0251138001551
4907.79604344	0.0251137721959
4908.1102027	0.0251137442379
4908.42436197	0.0251137162809
4908.73852123	0.0251136883249
4909.0526805	0.0251136603697
4909.36683977	0.0251136324152
4909.68099903	0.0251136044612
4909.9951583	0.0251135765077
4910.30931756	0.0251135485545
4910.62347683	0.0251135206015
4910.93763609	0.0251134926489
4911.25179536	0.0251134646964
4911.56595462	0.0251134367442
4911.88011389	0.0251134087923
4912.19427315	0.0251133808409
4912.50843242	0.02511335289
4912.82259168	0.0251133249399
4913.13675095	0.0251132969906
4913.45091021	0.0251132690423
4913.76506948	0.025113241095
4914.07922875	0.0251132131488
4914.39338801	0.0251131852037
4914.70754728	0.0251131572596
4915.02170654	0.0251131293164
4915.33586581	0.0251131013739
4915.65002507	0.0251130734322
4915.96418434	0.0251130454912
4916.2783436	0.0251130175506
4916.59250287	0.0251129896102
4916.90666213	0.0251129616702
4917.2208214	0.0251129337304
4917.53498066	0.0251129057908
4917.84913993	0.0251128778515
4918.1632992	0.0251128499125
4918.47745846	0.025112821974
4918.79161773	0.0251127940361
4919.10577699	0.025112766099
4919.41993626	0.0251127381627
4919.73409552	0.0251127102274
4920.04825479	0.0251126822931
4920.36241405	0.0251126543599
4920.67657332	0.0251126264277
4920.99073258	0.0251125984965
4921.30489185	0.0251125705662
4921.61905111	0.0251125426366
4921.93321038	0.0251125147078
4922.24736964	0.0251124867795
4922.56152891	0.0251124588516
4922.87568818	0.025112430924
4923.18984744	0.0251124029967
4923.50400671	0.0251123750697
4923.81816597	0.0251123471429
4924.13232524	0.0251123192164
4924.4464845	0.0251122912902
4924.76064377	0.0251122633646
4925.07480303	0.0251122354396
4925.3889623	0.0251122075154
4925.70312156	0.025112179592
4926.01728083	0.0251121516696
4926.33144009	0.0251121237482
4926.64559936	0.0251120958279
4926.95975863	0.0251120679086
4927.27391789	0.0251120399903
4927.58807716	0.0251120120728
4927.90223642	0.0251119841561
4928.21639569	0.0251119562401
4928.53055495	0.0251119283246
4928.84471422	0.0251119004095
4929.15887348	0.0251118724947
4929.47303275	0.0251118445801
4929.78719201	0.0251118166659
4930.10135128	0.0251117887518
4930.41551054	0.0251117608381
4930.72966981	0.0251117329248
4931.04382907	0.0251117050121
4931.35798834	0.0251116771
4931.67214761	0.0251116491887
4931.98630687	0.0251116212782
4932.30046614	0.0251115933688
4932.6146254	0.0251115654604
4932.92878467	0.025111537553
4933.24294393	0.0251115096466
4933.5571032	0.0251114817411
4933.87126246	0.0251114538364
4934.18542173	0.0251114259326
4934.49958099	0.0251113980293
4934.81374026	0.0251113701266
4935.12789952	0.0251113422242
4935.44205879	0.0251113143222
4935.75621806	0.0251112864204
4936.07037732	0.0251112585189
4936.38453659	0.0251112306177
4936.69869585	0.0251112027168
4937.01285512	0.0251111748164
4937.32701438	0.0251111469165
4937.64117365	0.0251111190173
4937.95533291	0.0251110911189
4938.26949218	0.0251110632214
4938.58365144	0.0251110353249
4938.89781071	0.0251110074294
4939.21196997	0.0251109795349
4939.52612924	0.0251109516413
4939.8402885	0.0251109237487
4940.15444777	0.0251108958568
4940.46860704	0.0251108679657
4940.7827663	0.0251108400752
4941.09692557	0.0251108121853
4941.41108483	0.0251107842957
4941.7252441	0.0251107564064
4942.03940336	0.0251107285174
4942.35356263	0.0251107006286
4942.66772189	0.0251106727402
4942.98188116	0.0251106448522
4943.29604042	0.0251106169646
4943.61019969	0.0251105890776
4943.92435895	0.0251105611913
4944.23851822	0.0251105333058
4944.55267749	0.0251105054212
4944.86683675	0.0251104775376
4945.18099602	0.025110449655
4945.49515528	0.0251104217733
4945.80931455	0.0251103938926
4946.12347381	0.0251103660128
4946.43763308	0.0251103381338
4946.75179234	0.0251103102554
4947.06595161	0.0251102823777
4947.38011087	0.0251102545004
4947.69427014	0.0251102266236
4948.0084294	0.025110198747
4948.32258867	0.0251101708708
4948.63674793	0.0251101429948
4948.9509072	0.0251101151192
4949.26506647	0.025110087244
4949.57922573	0.0251100593693
4949.893385	0.0251100314952
4950.20754426	0.0251100036218
4950.52170353	0.0251099757492
4950.83586279	0.0251099478775
4951.15002206	0.0251099200068
4951.46418132	0.025109892137
4951.77834059	0.0251098642682
4952.09249985	0.0251098364003
4952.40665912	0.0251098085333
4952.72081838	0.025109780667
4953.03497765	0.0251097528015
4953.34913692	0.0251097249365
4953.66329618	0.025109697072
4953.97745545	0.0251096692078
4954.29161471	0.025109641344
4954.60577398	0.0251096134806
4954.91993324	0.0251095856174
4955.23409251	0.0251095577546
4955.54825177	0.0251095298922
4955.86241104	0.0251095020304
4956.1765703	0.0251094741691
4956.49072957	0.0251094463086
4956.80488883	0.0251094184489
4957.1190481	0.0251093905901
4957.43320736	0.0251093627323
4957.74736663	0.0251093348754
4958.0615259	0.0251093070194
4958.37568516	0.0251092791643
4958.68984443	0.0251092513101
4959.00400369	0.0251092234566
4959.31816296	0.0251091956038
4959.63232222	0.0251091677516
4959.94648149	0.0251091398998
4960.26064075	0.0251091120484
4960.57480002	0.0251090841974
4960.88895928	0.0251090563467
4961.20311855	0.0251090284963
4961.51727781	0.0251090006463
4961.83143708	0.0251089727968
4962.14559635	0.0251089449478
4962.45975561	0.0251089170993
4962.77391488	0.0251088892517
4963.08807414	0.025108861405
4963.40223341	0.0251088335592
4963.71639267	0.0251088057143
4964.03055194	0.0251087778702
4964.3447112	0.0251087500271
4964.65887047	0.0251087221849
4964.97302973	0.0251086943436
4965.287189	0.0251086665029
4965.60134826	0.0251086386629
4965.91550753	0.0251086108235
4966.2296668	0.0251085829845
4966.54382606	0.0251085551459
4966.85798533	0.0251085273076
4967.17214459	0.0251084994697
4967.48630386	0.0251084716322
4967.80046312	0.025108443795
4968.11462239	0.0251084159583
4968.42878165	0.0251083881221
4968.74294092	0.0251083602865
4969.05710018	0.0251083324518
4969.37125945	0.0251083046178
4969.68541871	0.0251082767847
4969.99957798	0.0251082489526
4970.31373724	0.0251082211213
4970.62789651	0.025108193291
4970.94205578	0.0251081654616
4971.25621504	0.0251081376329
4971.57037431	0.025108109805
4971.88453357	0.0251080819777
4972.19869284	0.025108054151
4972.5128521	0.0251080263247
4972.82701137	0.0251079984988
4973.14117063	0.0251079706733
4973.4553299	0.0251079428482
4973.76948916	0.0251079150234
4974.08364843	0.025107887199
4974.39780769	0.0251078593751
4974.71196696	0.0251078315517
4975.02612623	0.025107803729
4975.34028549	0.025107775907
4975.65444476	0.0251077480859
4975.96860402	0.0251077202656
4976.28276329	0.0251076924462
4976.59692255	0.0251076646278
4976.91108182	0.0251076368102
4977.22524108	0.0251076089935
4977.53940035	0.0251075811777
4977.85355961	0.0251075533625
4978.16771888	0.0251075255479
4978.48187814	0.0251074977339
4978.79603741	0.0251074699203
4979.11019667	0.0251074421072
4979.42435594	0.0251074142944
4979.73851521	0.025107386482
4980.05267447	0.02510735867
4980.36683374	0.0251073308584
4980.680993	0.0251073030472
4980.99515227	0.0251072752367
4981.30931153	0.0251072474268
4981.6234708	0.0251072196177
4981.93763006	0.0251071918093
4982.25178933	0.0251071640019
4982.56594859	0.0251071361953
4982.88010786	0.0251071083897
4983.19426712	0.0251070805849
4983.50842639	0.025107052781
4983.82258566	0.0251070249779
4984.13674492	0.0251069971755
4984.45090419	0.0251069693737
4984.76506345	0.0251069415724
4985.07922272	0.0251069137715
4985.39338198	0.0251068859711
4985.70754125	0.0251068581711
4986.02170051	0.0251068303714
4986.33585978	0.0251068025721
4986.65001904	0.0251067747733
4986.96417831	0.025106746975
4987.27833757	0.0251067191773
4987.59249684	0.0251066913802
4987.9066561	0.0251066635839
4988.22081537	0.0251066357883
4988.53497464	0.0251066079937
4988.8491339	0.0251065801999
4989.16329317	0.0251065524071
4989.47745243	0.0251065246151
4989.7916117	0.025106496824
4990.10577096	0.0251064690336
4990.41993023	0.025106441244
4990.73408949	0.0251064134549
4991.04824876	0.0251063856663
4991.36240802	0.0251063578782
4991.67656729	0.0251063300905
4991.99072655	0.0251063023032
4992.30488582	0.0251062745163
4992.61904509	0.0251062467298
4992.93320435	0.0251062189438
4993.24736362	0.0251061911583
4993.56152288	0.0251061633733
4993.87568215	0.0251061355891
4994.18984141	0.0251061078055
4994.50400068	0.0251060800228
4994.81815994	0.025106052241
4995.13231921	0.02510602446
4995.44647847	0.0251059966799
4995.76063774	0.0251059689007
4996.074797	0.0251059411224
4996.38895627	0.0251059133447
4996.70311553	0.0251058855678
4997.0172748	0.0251058577915
4997.33143407	0.0251058300156
4997.64559333	0.0251058022403
4997.9597526	0.0251057744653
4998.27391186	0.0251057466908
4998.58807113	0.0251057189166
4998.90223039	0.0251056911429
4999.21638966	0.0251056633696
4999.53054892	0.0251056355968
4999.84470819	0.0251056078247
5000.15886745	0.0251055800532
5000.47302672	0.0251055522825
5000.78718598	0.0251055245125
5001.10134525	0.0251054967435
5001.41550452	0.0251054689753
5001.72966378	0.025105441208
5002.04382305	0.0251054134415
5002.35798231	0.0251053856759
5002.67214158	0.025105357911
5002.98630084	0.0251053301468
5003.30046011	0.0251053023832
5003.61461937	0.0251052746201
5003.92877864	0.0251052468574
5004.2429379	0.0251052190952
5004.55709717	0.0251051913334
5004.87125643	0.0251051635719
5005.1854157	0.0251051358109
5005.49957496	0.0251051080504
5005.81373423	0.0251050802904
5006.1278935	0.0251050525311
5006.44205276	0.0251050247723
5006.75621203	0.0251049970144
5007.07037129	0.0251049692572
5007.38453056	0.0251049415009
5007.69868982	0.0251049137455
5008.01284909	0.0251048859909
5008.32700835	0.0251048582372
5008.64116762	0.0251048304844
5008.95532688	0.0251048027322
5009.26948615	0.0251047749808
5009.58364541	0.02510474723
5009.89780468	0.0251047194797
5010.21196395	0.0251046917299
5010.52612321	0.0251046639805
5010.84028248	0.0251046362314
5011.15444174	0.0251046084827
5011.46860101	0.0251045807346
5011.78276027	0.0251045529868
5012.09691954	0.0251045252396
5012.4110788	0.025104497493
5012.72523807	0.0251044697471
5013.03939733	0.0251044420019
5013.3535566	0.0251044142575
5013.66771586	0.025104386514
5013.98187513	0.0251043587713
5014.2960344	0.0251043310295
5014.61019366	0.0251043032886
5014.92435293	0.0251042755484
5015.23851219	0.025104247809
5015.55267146	0.0251042200702
5015.86683072	0.025104192332
5016.18098999	0.0251041645944
5016.49514925	0.0251041368572
5016.80930852	0.0251041091204
5017.12346778	0.0251040813841
5017.43762705	0.0251040536481
5017.75178631	0.0251040259126
5018.06594558	0.0251039981776
5018.38010484	0.0251039704431
5018.69426411	0.0251039427092
5019.00842338	0.025103914976
5019.32258264	0.0251038872436
5019.63674191	0.025103859512
5019.95090117	0.0251038317812
5020.26506044	0.0251038040513
5020.5792197	0.0251037763222
5020.89337897	0.025103748594
5021.20753823	0.0251037208665
5021.5216975	0.0251036931398
5021.83585676	0.0251036654137
5022.15001603	0.0251036376882
5022.46417529	0.0251036099632
5022.77833456	0.0251035822387
5023.09249383	0.0251035545146
5023.40665309	0.025103526791
5023.72081236	0.0251034990677
5024.03497162	0.0251034713449
5024.34913089	0.0251034436226
5024.66329015	0.0251034159009
5024.97744942	0.0251033881797
5025.29160868	0.0251033604593
5025.60576795	0.0251033327396
5025.91992721	0.0251033050207
5026.23408648	0.0251032773026
5026.54824574	0.0251032495855
5026.86240501	0.0251032218692
5027.17656427	0.0251031941537
5027.49072354	0.0251031664389
5027.80488281	0.0251031387249
5028.11904207	0.0251031110116
5028.43320134	0.0251030832988
5028.7473606	0.0251030555865
5029.06151987	0.0251030278747
5029.37567913	0.0251030001634
5029.6898384	0.0251029724524
5030.00399766	0.0251029447419
5030.31815693	0.0251029170318
5030.63231619	0.0251028893223
5030.94647546	0.0251028616133
5031.26063472	0.0251028339049
5031.57479399	0.0251028061972
5031.88895326	0.0251027784902
5032.20311252	0.0251027507841
5032.51727179	0.0251027230788
5032.83143105	0.0251026953744
5033.14559032	0.0251026676708
5033.45974958	0.025102639968
5033.77390885	0.025102612266
5034.08806811	0.0251025845647
5034.40222738	0.0251025568641
5034.71638664	0.025102529164
5035.03054591	0.0251025014644
5035.34470517	0.0251024737653
5035.65886444	0.0251024460667
5035.9730237	0.0251024183684
5036.28718297	0.0251023906706
5036.60134224	0.0251023629733
5036.9155015	0.0251023352764
5037.22966077	0.0251023075801
5037.54382003	0.0251022798844
5037.8579793	0.0251022521895
5038.17213856	0.0251022244953
5038.48629783	0.0251021968019
5038.80045709	0.0251021691093
5039.11461636	0.0251021414176
5039.42877562	0.0251021137268
5039.74293489	0.0251020860367
5040.05709415	0.0251020583474
5040.37125342	0.0251020306588
5040.68541269	0.0251020029709
5040.99957195	0.0251019752835
5041.31373122	0.0251019475966
5041.62789048	0.0251019199102
5041.94204975	0.0251018922243
5042.25620901	0.0251018645387
5042.57036828	0.0251018368536
5042.88452754	0.025101809169
5043.19868681	0.0251017814848
5043.51284607	0.0251017538012
5043.82700534	0.0251017261183
5044.1411646	0.0251016984361
5044.45532387	0.0251016707546
5044.76948313	0.0251016430739
5045.0836424	0.0251016153941
5045.39780167	0.0251015877152
5045.71196093	0.025101560037
5046.0261202	0.0251015323597
5046.34027946	0.0251015046831
5046.65443873	0.0251014770072
5046.96859799	0.025101449332
5047.28275726	0.0251014216573
5047.59691652	0.0251013939831
5047.91107579	0.0251013663094
5048.22523505	0.0251013386361
5048.53939432	0.0251013109633
5048.85355358	0.0251012832908
5049.16771285	0.0251012556189
5049.48187212	0.0251012279474
5049.79603138	0.0251012002766
5050.11019065	0.0251011726064
5050.42434991	0.0251011449369
5050.73850918	0.0251011172682
5051.05266844	0.0251010896002
5051.36682771	0.0251010619332
5051.68098697	0.0251010342669
5051.99514624	0.0251010066015
5052.3093055	0.0251009789369
5052.62346477	0.025100951273
5052.93762403	0.0251009236098
5053.2517833	0.0251008959473
5053.56594256	0.0251008682853
5053.88010183	0.0251008406238
5054.1942611	0.0251008129627
5054.50842036	0.0251007853021
5054.82257963	0.0251007576421
5055.13673889	0.0251007299823
5055.45089816	0.0251007023232
5055.76505742	0.0251006746645
5056.07921669	0.0251006470064
5056.39337595	0.025100619349
5056.70753522	0.0251005916923
5057.02169448	0.0251005640363
5057.33585375	0.0251005363811
5057.65001301	0.0251005087268
5057.96417228	0.0251004810733
5058.27833155	0.0251004534207
5058.59249081	0.0251004257687
5058.90665008	0.0251003981176
5059.22080934	0.025100370467
5059.53496861	0.0251003428171
5059.84912787	0.0251003151678
5060.16328714	0.0251002875189
5060.4774464	0.0251002598705
5060.79160567	0.0251002322226
5061.10576493	0.025100204575
5061.4199242	0.025100176928
5061.73408346	0.0251001492814
5062.04824273	0.0251001216353
5062.36240199	0.0251000939899
5062.67656126	0.0251000663451
5062.99072053	0.0251000387011
5063.30487979	0.0251000110578
5063.61903906	0.0250999834153
5063.93319832	0.0250999557736
5064.24735759	0.0250999281328
5064.56151685	0.0250999004928
5064.87567612	0.0250998728536
5065.18983538	0.0250998452151
5065.50399465	0.0250998175772
5065.81815391	0.02509978994
5066.13231318	0.0250997623033
5066.44647244	0.025099734667
5066.76063171	0.0250997070313
5067.07479098	0.025099679396
5067.38895024	0.0250996517611
5067.70310951	0.0250996241267
5068.01726877	0.0250995964928
5068.33142804	0.0250995688594
5068.6455873	0.0250995412266
5068.95974657	0.0250995135945
5069.27390583	0.0250994859631
5069.5880651	0.0250994583325
5069.90222436	0.0250994307027
5070.21638363	0.0250994030738
5070.53054289	0.0250993754457
5070.84470216	0.0250993478183
5071.15886143	0.0250993201918
5071.47302069	0.0250992925659
5071.78717996	0.0250992649407
5072.10133922	0.0250992373162
5072.41549849	0.0250992096921
5072.72965775	0.0250991820686
5073.04381702	0.0250991544455
5073.35797628	0.0250991268228
5073.67213555	0.0250990992006
5073.98629481	0.0250990715789
5074.30045408	0.0250990439576
5074.61461334	0.025099016337
5074.92877261	0.0250989887169
5075.24293187	0.0250989610975
5075.55709114	0.0250989334788
5075.87125041	0.025098905861
5076.18540967	0.0250988782439
5076.49956894	0.0250988506277
5076.8137282	0.0250988230123
5077.12788747	0.0250987953976
5077.44204673	0.0250987677838
5077.756206	0.0250987401706
5078.07036526	0.0250987125581
5078.38452453	0.0250986849462
5078.69868379	0.0250986573348
5079.01284306	0.0250986297239
5079.32700232	0.0250986021135
5079.64116159	0.0250985745035
5079.95532086	0.025098546894
5080.26948012	0.0250985192849
5080.58363939	0.0250984916763
5080.89779865	0.0250984640683
5081.21195792	0.025098436461
5081.52611718	0.0250984088543
5081.84027645	0.0250983812484
5082.15443571	0.0250983536432
5082.46859498	0.0250983260389
5082.78275424	0.0250982984353
5083.09691351	0.0250982708326
5083.41107277	0.0250982432307
5083.72523204	0.0250982156295
5084.0393913	0.025098188029
5084.35355057	0.0250981604292
5084.66770984	0.0250981328299
5084.9818691	0.0250981052312
5085.29602837	0.025098077633
5085.61018763	0.0250980500352
5085.9243469	0.0250980224379
5086.23850616	0.025097994841
5086.55266543	0.0250979672446
5086.86682469	0.0250979396487
5087.18098396	0.0250979120534
5087.49514322	0.0250978844587
5087.80930249	0.0250978568647
5088.12346175	0.0250978292715
5088.43762102	0.0250978016791
5088.75178029	0.0250977740874
5089.06593955	0.0250977464966
5089.38009882	0.0250977189066
5089.69425808	0.0250976913173
5090.00841735	0.0250976637288
5090.32257661	0.025097636141
5090.63673588	0.0250976085538
5090.95089514	0.0250975809672
5091.26505441	0.0250975533811
5091.57921367	0.0250975257956
5091.89337294	0.0250974982104
5092.2075322	0.0250974706257
5092.52169147	0.0250974430415
5092.83585073	0.0250974154578
5093.15001	0.0250973878746
5093.46416927	0.0250973602919
5093.77832853	0.0250973327099
5094.0924878	0.0250973051287
5094.40664706	0.0250972775481
5094.72080633	0.0250972499684
5095.03496559	0.0250972223894
5095.34912486	0.0250971948113
5095.66328412	0.025097167234
5095.97744339	0.0250971396574
5096.29160265	0.0250971120816
5096.60576192	0.0250970845064
5096.91992118	0.0250970569319
5097.23408045	0.0250970293579
5097.54823972	0.0250970017844
5097.86239898	0.0250969742115
5098.17655825	0.025096946639
5098.49071751	0.0250969190669
5098.80487678	0.0250968914953
5099.11903604	0.0250968639242
5099.43319531	0.0250968363537
5099.74735457	0.0250968087837
5100.06151384	0.0250967812144
5100.3756731	0.0250967536458
5100.68983237	0.025096726078
5101.00399163	0.0250966985109
5101.3181509	0.0250966709447
5101.63231016	0.0250966433793
5101.94646943	0.0250966158147
5102.2606287	0.0250965882509
5102.57478796	0.0250965606878
5102.88894723	0.0250965331253
5103.20310649	0.0250965055634
5103.51726576	0.0250964780021
5103.83142502	0.0250964504413
5104.14558429	0.0250964228809
5104.45974355	0.025096395321
5104.77390282	0.0250963677616
5105.08806208	0.0250963402027
5105.40222135	0.0250963126442
5105.71638061	0.0250962850863
5106.03053988	0.025096257529
5106.34469915	0.0250962299723
5106.65885841	0.0250962024163
5106.97301768	0.0250961748611
5107.28717694	0.0250961473067
5107.60133621	0.0250961197531
5107.91549547	0.0250960922003
5108.22965474	0.0250960646483
5108.543814	0.0250960370971
5108.85797327	0.0250960095466
5109.17213253	0.0250959819967
5109.4862918	0.0250959544474
5109.80045106	0.0250959268987
5110.11461033	0.0250958993505
5110.42876959	0.0250958718027
5110.74292886	0.0250958442554
5111.05708813	0.0250958167086
5111.37124739	0.0250957891623
5111.68540666	0.0250957616165
5111.99956592	0.0250957340712
5112.31372519	0.0250957065266
5112.62788445	0.0250956789826
5112.94204372	0.0250956514393
5113.25620298	0.0250956238968
5113.57036225	0.0250955963551
5113.88452151	0.0250955688142
5114.19868078	0.0250955412741
5114.51284004	0.0250955137347
5114.82699931	0.0250954861961
5115.14115858	0.0250954586582
5115.45531784	0.0250954311209
5115.76947711	0.0250954035842
5116.08363637	0.0250953760481
5116.39779564	0.0250953485125
5116.7119549	0.0250953209774
5117.02611417	0.0250952934427
5117.34027343	0.0250952659085
5117.6544327	0.0250952383748
5117.96859196	0.0250952108416
5118.28275123	0.025095183309
5118.59691049	0.025095155777
5118.91106976	0.0250951282457
5119.22522902	0.0250951007152
5119.53938829	0.0250950731853
5119.85354756	0.0250950456563
5120.16770682	0.025095018128
5120.48186609	0.0250949906006
5120.79602535	0.0250949630739
5121.11018462	0.025094935548
5121.42434388	0.0250949080227
5121.73850315	0.0250948804981
5122.05266241	0.025094852974
5122.36682168	0.0250948254505
5122.68098094	0.0250947979275
5122.99514021	0.025094770405
5123.30929947	0.025094742883
5123.62345874	0.0250947153614
5123.93761801	0.0250946878404
5124.25177727	0.0250946603199
5124.56593654	0.0250946327999
5124.8800958	0.0250946052806
5125.19425507	0.025094577762
5125.50841433	0.0250945502441
5125.8225736	0.0250945227269
5126.13673286	0.0250944952106
5126.45089213	0.025094467695
5126.76505139	0.0250944401803
5127.07921066	0.0250944126662
5127.39336992	0.0250943851529
5127.70752919	0.0250943576403
5128.02168846	0.0250943301283
5128.33584772	0.0250943026169
5128.65000699	0.025094275106
5128.96416625	0.0250942475956
5129.27832552	0.0250942200857
5129.59248478	0.0250941925763
5129.90664405	0.0250941650674
5130.22080331	0.025094137559
5130.53496258	0.0250941100511
5130.84912184	0.0250940825438
5131.16328111	0.0250940550372
5131.47744037	0.0250940275312
5131.79159964	0.025094000026
5132.1057589	0.0250939725215
5132.41991817	0.0250939450179
5132.73407744	0.025093917515
5133.0482367	0.0250938900128
5133.36239597	0.0250938625115
5133.67655523	0.0250938350108
5133.9907145	0.0250938075108
5134.30487376	0.0250937800115
5134.61903303	0.0250937525127
5134.93319229	0.0250937250144
5135.24735156	0.0250936975166
5135.56151082	0.0250936700193
5135.87567009	0.0250936425226
5136.18982935	0.0250936150263
5136.50398862	0.0250935875305
5136.81814789	0.0250935600353
5137.13230715	0.0250935325406
5137.44646642	0.0250935050467
5137.76062568	0.0250934775534
5138.07478495	0.0250934500608
5138.38894421	0.025093422569
5138.70310348	0.025093395078
5139.01726274	0.0250933675878
5139.33142201	0.0250933400983
5139.64558127	0.0250933126096
5139.95974054	0.0250932851216
5140.2738998	0.0250932576342
5140.58805907	0.0250932301475
5140.90221833	0.0250932026613
5141.2163776	0.0250931751757
5141.53053687	0.0250931476905
5141.84469613	0.0250931202058
5142.1588554	0.0250930927217
5142.47301466	0.025093065238
5142.78717393	0.0250930377548
5143.10133319	0.0250930102723
5143.41549246	0.0250929827903
5143.72965172	0.025092955309
5144.04381099	0.0250929278284
5144.35797025	0.0250929003485
5144.67212952	0.0250928728694
5144.98628878	0.025092845391
5145.30044805	0.0250928179135
5145.61460732	0.0250927904366
5145.92876658	0.0250927629606
5146.24292585	0.0250927354852
5146.55708511	0.0250927080104
5146.87124438	0.0250926805364
5147.18540364	0.0250926530628
5147.49956291	0.0250926255898
5147.81372217	0.0250925981173
5148.12788144	0.0250925706452
5148.4420407	0.0250925431736
5148.75619997	0.0250925157025
5149.07035923	0.025092488232
5149.3845185	0.025092460762
5149.69867776	0.0250924332926
5150.01283703	0.0250924058239
5150.3269963	0.0250923783559
5150.64115556	0.0250923508886
5150.95531483	0.0250923234221
5151.26947409	0.0250922959563
5151.58363336	0.0250922684913
5151.89779262	0.025092241027
5152.21195189	0.0250922135635
5152.52611115	0.0250921861007
5152.84027042	0.0250921586385
5153.15442968	0.025092131177
5153.46858895	0.025092103716
5153.78274821	0.0250920762555
5154.09690748	0.0250920487955
5154.41106675	0.025092021336
5154.72522601	0.025091993877
5155.03938528	0.0250919664186
5155.35354454	0.0250919389606
5155.66770381	0.0250919115033
5155.98186307	0.0250918840465
5156.29602234	0.0250918565905
5156.6101816	0.0250918291351
5156.92434087	0.0250918016805
5157.23850013	0.0250917742266
5157.5526594	0.0250917467735
5157.86681866	0.0250917193212
5158.18097793	0.0250916918696
5158.49513719	0.0250916644187
5158.80929646	0.0250916369685
5159.12345573	0.0250916095189
5159.43761499	0.0250915820699
5159.75177426	0.0250915546215
5160.06593352	0.0250915271736
5160.38009279	0.0250914997262
5160.69425205	0.0250914722793
5161.00841132	0.0250914448329
5161.32257058	0.0250914173871
5161.63672985	0.0250913899417
5161.95088911	0.025091362497
5162.26504838	0.0250913350529
5162.57920764	0.0250913076095
5162.89336691	0.0250912801668
5163.20752618	0.0250912527248
5163.52168544	0.0250912252836
5163.83584471	0.0250911978432
5164.15000397	0.0250911704035
5164.46416324	0.0250911429645
5164.7783225	0.0250911155263
5165.09248177	0.0250910880887
5165.40664103	0.0250910606517
5165.7208003	0.0250910332153
5166.03495956	0.0250910057795
5166.34911883	0.0250909783442
5166.66327809	0.0250909509094
5166.97743736	0.0250909234752
5167.29159662	0.0250908960414
5167.60575589	0.0250908686081
5167.91991516	0.0250908411755
5168.23407442	0.0250908137434
5168.54823369	0.0250907863119
5168.86239295	0.0250907588812
5169.17655222	0.0250907314511
5169.49071148	0.0250907040218
5169.80487075	0.0250906765933
5170.11903001	0.0250906491655
5170.43318928	0.0250906217384
5170.74734854	0.0250905943121
5171.06150781	0.0250905668865
5171.37566707	0.0250905394615
5171.68982634	0.0250905120372
5172.00398561	0.0250904846134
5172.31814487	0.0250904571902
5172.63230414	0.0250904297675
5172.9464634	0.0250904023453
5173.26062267	0.0250903749236
5173.57478193	0.0250903475025
5173.8889412	0.0250903200819
5174.20310046	0.0250902926618
5174.51725973	0.0250902652423
5174.83141899	0.0250902378235
5175.14557826	0.0250902104054
5175.45973752	0.025090182988
5175.77389679	0.0250901555714
5176.08805605	0.0250901281555
5176.40221532	0.0250901007403
5176.71637459	0.0250900733259
5177.03053385	0.0250900459122
5177.34469312	0.0250900184992
5177.65885238	0.0250899910868
5177.97301165	0.0250899636751
5178.28717091	0.0250899362639
5178.60133018	0.0250899088533
5178.91548944	0.0250898814432
5179.22964871	0.0250898540336
5179.54380797	0.0250898266246
5179.85796724	0.025089799216
5180.1721265	0.025089771808
5180.48628577	0.0250897444006
5180.80044504	0.0250897169937
5181.1146043	0.0250896895876
5181.42876357	0.0250896621821
5181.74292283	0.0250896347773
5182.0570821	0.0250896073733
5182.37124136	0.02508957997
5182.68540063	0.0250895525675
5182.99955989	0.0250895251657
5183.31371916	0.0250894977647
5183.62787842	0.0250894703643
5183.94203769	0.0250894429645
5184.25619695	0.0250894155654
5184.57035622	0.0250893881668
5184.88451548	0.0250893607688
5185.19867475	0.0250893333713
5185.51283402	0.0250893059743
5185.82699328	0.0250892785778
5186.14115255	0.0250892511819
5186.45531181	0.0250892237865
5186.76947108	0.0250891963916
5187.08363034	0.0250891689974
5187.39778961	0.0250891416039
5187.71194887	0.0250891142111
5188.02610814	0.0250890868189
5188.3402674	0.0250890594275
5188.65442667	0.0250890320369
5188.96858593	0.025089004647
5189.2827452	0.0250889772578
5189.59690447	0.0250889498694
5189.91106373	0.0250889224816
5190.225223	0.0250888950945
5190.53938226	0.0250888677079
5190.85354153	0.0250888403219
5191.16770079	0.0250888129365
5191.48186006	0.0250887855516
5191.79601932	0.0250887581672
5192.11017859	0.0250887307833
5192.42433785	0.0250887033999
5192.73849712	0.0250886760171
5193.05265638	0.0250886486349
5193.36681565	0.0250886212533
5193.68097492	0.0250885938725
5193.99513418	0.0250885664922
5194.30929345	0.0250885391128
5194.62345271	0.0250885117339
5194.93761198	0.0250884843559
5195.25177124	0.0250884569785
5195.56593051	0.0250884296019
5195.88008977	0.025088402226
5196.19424904	0.0250883748508
5196.5084083	0.0250883474762
5196.82256757	0.0250883201021
5197.13672683	0.0250882927287
5197.4508861	0.0250882653558
5197.76504536	0.0250882379834
5198.07920463	0.0250882106115
5198.3933639	0.0250881832401
5198.70752316	0.0250881558693
5199.02168243	0.0250881284991
5199.33584169	0.0250881011294
5199.65000096	0.0250880737604
5199.96416022	0.0250880463921
5200.27831949	0.0250880190245
5200.59247875	0.0250879916576
5200.90663802	0.0250879642914
5201.22079728	0.025087936926
5201.53495655	0.0250879095613
5201.84911581	0.0250878821973
5202.16327508	0.025087854834
5202.47743435	0.0250878274714
5202.79159361	0.0250878001094
5203.10575288	0.025087772748
5203.41991214	0.0250877453871
5203.73407141	0.0250877180268
5204.04823067	0.025087690667
5204.36238994	0.0250876633077
5204.6765492	0.025087635949
5204.99070847	0.0250876085908
5205.30486773	0.0250875812331
5205.619027	0.0250875538761
5205.93318626	0.0250875265197
5206.24734553	0.025087499164
5206.56150479	0.025087471809
5206.87566406	0.0250874444547
5207.18982333	0.0250874171012
5207.50398259	0.0250873897484
5207.81814186	0.0250873623963
5208.13230112	0.025087335045
5208.44646039	0.0250873076943
5208.76061965	0.0250872803443
5209.07477892	0.0250872529949
5209.38893818	0.025087225646
5209.70309745	0.0250871982978
5210.01725671	0.02508717095
5210.33141598	0.0250871436028
5210.64557524	0.0250871162561
5210.95973451	0.02508708891
5211.27389378	0.0250870615644
5211.58805304	0.0250870342194
5211.90221231	0.0250870068749
5212.21637157	0.0250869795312
5212.53053084	0.0250869521881
5212.8446901	0.0250869248457
5213.15884937	0.0250868975041
5213.47300863	0.0250868701631
5213.7871679	0.025086842823
5214.10132716	0.0250868154835
5214.41548643	0.0250867881448
5214.72964569	0.0250867608067
5215.04380496	0.0250867334693
5215.35796422	0.0250867061325
5215.67212349	0.0250866787962
5215.98628276	0.0250866514605
5216.30044202	0.0250866241254
5216.61460129	0.0250865967907
5216.92876055	0.0250865694566
5217.24291982	0.0250865421231
5217.55707908	0.0250865147901
5217.87123835	0.0250864874577
5218.18539761	0.0250864601259
5218.49955688	0.0250864327947
5218.81371614	0.0250864054642
5219.12787541	0.0250863781345
5219.44203467	0.0250863508055
5219.75619394	0.0250863234772
5220.07035321	0.0250862961496
5220.38451247	0.0250862688228
5220.69867174	0.0250862414966
5221.012831	0.0250862141711
5221.32699027	0.0250861868463
5221.64114953	0.0250861595221
5221.9553088	0.0250861321984
5222.26946806	0.0250861048753
5222.58362733	0.0250860775527
5222.89778659	0.0250860502307
5223.21194586	0.0250860229091
5223.52610512	0.0250859955881
5223.84026439	0.0250859682677
5224.15442365	0.0250859409479
5224.46858292	0.0250859136287
5224.78274219	0.0250858863102
5225.09690145	0.0250858589923
5225.41106072	0.0250858316752
5225.72521998	0.0250858043588
5226.03937925	0.0250857770431
5226.35353851	0.0250857497281
5226.66769778	0.0250857224139
5226.98185704	0.0250856951004
5227.29601631	0.0250856677875
5227.61017557	0.0250856404752
5227.92433484	0.0250856131636
5228.2384941	0.0250855858525
5228.55265337	0.0250855585419
5228.86681264	0.0250855312319
5229.1809719	0.0250855039224
5229.49513117	0.0250854766135
5229.80929043	0.0250854493051
5230.1234497	0.0250854219973
5230.43760896	0.0250853946901
5230.75176823	0.0250853673835
5231.06592749	0.0250853400775
5231.38008676	0.0250853127723
5231.69424602	0.0250852854678
5232.00840529	0.025085258164
5232.32256455	0.0250852308609
5232.63672382	0.0250852035586
5232.95088308	0.0250851762569
5233.26504235	0.025085148956
5233.57920162	0.0250851216557
5233.89336088	0.025085094356
5234.20752015	0.025085067057
5234.52167941	0.0250850397584
5234.83583868	0.0250850124605
5235.14999794	0.025084985163
5235.46415721	0.0250849578661
5235.77831647	0.0250849305697
5236.09247574	0.0250849032739
5236.406635	0.0250848759787
5236.72079427	0.0250848486841
5237.03495353	0.0250848213901
5237.3491128	0.0250847940968
5237.66327207	0.0250847668041
5237.97743133	0.0250847395122
5238.2915906	0.025084712221
5238.60574986	0.0250846849306
5238.91990913	0.0250846576408
5239.23406839	0.0250846303518
5239.54822766	0.0250846030634
5239.86238692	0.0250845757758
5240.17654619	0.0250845484886
5240.49070545	0.0250845212021
5240.80486472	0.0250844939161
5241.11902398	0.0250844666307
5241.43318325	0.0250844393458
5241.74734251	0.0250844120613
5242.06150178	0.0250843847775
5242.37566105	0.0250843574942
5242.68982031	0.0250843302116
5243.00397958	0.0250843029295
5243.31813884	0.0250842756481
5243.63229811	0.0250842483673
5243.94645737	0.0250842210873
5244.26061664	0.0250841938079
5244.5747759	0.0250841665293
5244.88893517	0.0250841392514
5245.20309443	0.0250841119743
5245.5172537	0.0250840846978
5245.83141296	0.025084057422
5246.14557223	0.0250840301469
5246.4597315	0.0250840028724
5246.77389076	0.0250839755984
5247.08805003	0.025083948325
5247.40220929	0.0250839210522
5247.71636856	0.0250838937799
5248.03052782	0.0250838665081
5248.34468709	0.0250838392368
5248.65884635	0.0250838119661
5248.97300562	0.025083784696
5249.28716488	0.0250837574266
5249.60132415	0.0250837301578
5249.91548341	0.0250837028896
5250.22964268	0.0250836756222
5250.54380195	0.0250836483555
5250.85796121	0.0250836210895
5251.17212048	0.0250835938242
5251.48627974	0.0250835665596
5251.80043901	0.0250835392958
5252.11459827	0.0250835120326
5252.42875754	0.02508348477
5252.7429168	0.025083457508
5253.05707607	0.0250834302467
5253.37123533	0.0250834029858
5253.6853946	0.0250833757255
5253.99955386	0.0250833484658
5254.31371313	0.0250833212066
5254.62787239	0.0250832939479
5254.94203166	0.0250832666898
5255.25619093	0.0250832394323
5255.57035019	0.0250832121754
5255.88450946	0.0250831849192
5256.19866872	0.0250831576637
5256.51282799	0.0250831304088
5256.82698725	0.0250831031547
5257.14114652	0.0250830759013
5257.45530578	0.0250830486487
5257.76946505	0.0250830213967
5258.08362431	0.0250829941454
5258.39778358	0.0250829668948
5258.71194284	0.0250829396448
5259.02610211	0.0250829123954
5259.34026138	0.0250828851466
5259.65442064	0.0250828578983
5259.96857991	0.0250828306505
5260.28273917	0.0250828034033
5260.59689844	0.0250827761567
5260.9110577	0.0250827489106
5261.22521697	0.0250827216651
5261.53937623	0.0250826944201
5261.8535355	0.0250826671759
5262.16769476	0.0250826399322
5262.48185403	0.0250826126893
5262.79601329	0.0250825854471
5263.11017256	0.0250825582055
5263.42433182	0.0250825309648
5263.73849109	0.0250825037247
5264.05265036	0.0250824764853
5264.36680962	0.0250824492466
5264.68096889	0.0250824220086
5264.99512815	0.0250823947711
5265.30928742	0.0250823675343
5265.62344668	0.025082340298
5265.93760595	0.0250823130623
5266.25176521	0.0250822858271
5266.56592448	0.0250822585925
5266.88008374	0.0250822313584
5267.19424301	0.0250822041249
5267.50840227	0.0250821768919
5267.82256154	0.0250821496596
5268.13672081	0.0250821224279
5268.45088007	0.0250820951968
5268.76503934	0.0250820679665
5269.0791986	0.0250820407369
5269.39335787	0.025082013508
5269.70751713	0.0250819862798
5270.0216764	0.0250819590523
5270.33583566	0.0250819318255
5270.64999493	0.0250819045994
5270.96415419	0.0250818773739
5271.27831346	0.025081850149
5271.59247272	0.0250818229248
5271.90663199	0.0250817957011
5272.22079125	0.0250817684779
5272.53495052	0.0250817412553
5272.84910979	0.0250817140332
5273.16326905	0.0250816868117
5273.47742832	0.0250816595907
5273.79158758	0.0250816323703
5274.10574685	0.0250816051506
5274.41990611	0.0250815779315
5274.73406538	0.0250815507131
5275.04822464	0.0250815234953
5275.36238391	0.0250814962783
5275.67654317	0.025081469062
5275.99070244	0.0250814418464
5276.3048617	0.0250814146315
5276.61902097	0.0250813874173
5276.93318024	0.0250813602037
5277.2473395	0.0250813329908
5277.56149877	0.0250813057786
5277.87565803	0.0250812785669
5278.1898173	0.0250812513557
5278.50397656	0.0250812241451
5278.81813583	0.025081196935
5279.13229509	0.0250811697255
5279.44645436	0.0250811425166
5279.76061362	0.0250811153082
5280.07477289	0.0250810881004
5280.38893215	0.0250810608932
5280.70309142	0.0250810336867
5281.01725068	0.0250810064808
5281.33140995	0.0250809792757
5281.64556922	0.0250809520712
5281.95972848	0.0250809248675
5282.27388775	0.0250808976645
5282.58804701	0.0250808704622
5282.90220628	0.0250808432606
5283.21636554	0.0250808160597
5283.53052481	0.0250807888593
5283.84468407	0.0250807616596
5284.15884334	0.0250807344605
5284.4730026	0.0250807072619
5284.78716187	0.0250806800638
5285.10132113	0.0250806528663
5285.4154804	0.0250806256693
5285.72963967	0.0250805984729
5286.04379893	0.0250805712771
5286.3579582	0.0250805440819
5286.67211746	0.0250805168873
5286.98627673	0.0250804896933
5287.30043599	0.0250804625001
5287.61459526	0.0250804353075
5287.92875452	0.0250804081156
5288.24291379	0.0250803809245
5288.55707305	0.0250803537341
5288.87123232	0.0250803265444
5289.18539158	0.0250802993553
5289.49955085	0.0250802721669
5289.81371011	0.0250802449791
5290.12786938	0.025080217792
5290.44202865	0.0250801906054
5290.75618791	0.0250801634193
5291.07034718	0.0250801362338
5291.38450644	0.0250801090488
5291.69866571	0.0250800818644
5292.01282497	0.0250800546805
5292.32698424	0.0250800274973
5292.6411435	0.0250800003146
5292.95530277	0.0250799731326
5293.26946203	0.0250799459512
5293.5836213	0.0250799187705
5293.89778056	0.0250798915906
5294.21193983	0.0250798644113
5294.5260991	0.0250798372328
5294.84025836	0.0250798100549
5295.15441763	0.0250797828778
5295.46857689	0.0250797557013
5295.78273616	0.0250797285255
5296.09689542	0.0250797013503
5296.41105469	0.0250796741756
5296.72521395	0.0250796470016
5297.03937322	0.0250796198281
5297.35353248	0.0250795926551
5297.66769175	0.0250795654826
5297.98185101	0.0250795383108
5298.29601028	0.0250795111395
5298.61016954	0.0250794839688
5298.92432881	0.0250794567987
5299.23848808	0.0250794296292
5299.55264734	0.0250794024604
5299.86680661	0.0250793752923
5300.18096587	0.0250793481249
5300.49512514	0.0250793209582
5300.8092844	0.0250792937923
5301.12344367	0.025079266627
5301.43760293	0.0250792394625
5301.7517622	0.0250792122986
5302.06592146	0.0250791851353
5302.38008073	0.0250791579727
5302.69423999	0.0250791308106
5303.00839926	0.0250791036491
5303.32255853	0.0250790764881
5303.63671779	0.0250790493277
5303.95087706	0.0250790221678
5304.26503632	0.0250789950085
5304.57919559	0.0250789678497
5304.89335485	0.0250789406916
5305.20751412	0.025078913534
5305.52167338	0.0250788863772
5305.83583265	0.025078859221
5306.14999191	0.0250788320654
5306.46415118	0.0250788049106
5306.77831044	0.0250787777566
5307.09246971	0.0250787506032
5307.40662897	0.0250787234505
5307.72078824	0.0250786962985
5308.03494751	0.0250786691472
5308.34910677	0.0250786419965
5308.66326604	0.0250786148464
5308.9774253	0.0250785876969
5309.29158457	0.025078560548
5309.60574383	0.0250785333995
5309.9199031	0.0250785062517
5310.23406236	0.0250784791043
5310.54822163	0.0250784519576
5310.86238089	0.0250784248114
5311.17654016	0.0250783976658
5311.49069942	0.0250783705209
5311.80485869	0.0250783433766
5312.11901796	0.025078316233
5312.43317722	0.02507828909
5312.74733649	0.0250782619478
5313.06149575	0.0250782348063
5313.37565502	0.0250782076656
5313.68981428	0.0250781805255
5314.00397355	0.0250781533861
5314.31813281	0.0250781262473
5314.63229208	0.0250780991092
5314.94645134	0.0250780719717
5315.26061061	0.0250780448347
5315.57476987	0.0250780176983
5315.88892914	0.0250779905624
5316.20308841	0.0250779634271
5316.51724767	0.0250779362923
5316.83140694	0.0250779091581
5317.1455662	0.0250778820245
5317.45972547	0.0250778548915
5317.77388473	0.0250778277591
5318.088044	0.0250778006274
5318.40220326	0.0250777734963
5318.71636253	0.025077746366
5319.03052179	0.0250777192363
5319.34468106	0.0250776921074
5319.65884032	0.0250776649792
5319.97299959	0.0250776378517
5320.28715885	0.0250776107249
5320.60131812	0.0250775835986
5320.91547739	0.0250775564731
5321.22963665	0.0250775293481
5321.54379592	0.0250775022236
5321.85795518	0.0250774750997
5322.17211445	0.0250774479764
5322.48627371	0.0250774208536
5322.80043298	0.0250773937313
5323.11459224	0.0250773666097
5323.42875151	0.0250773394886
5323.74291077	0.0250773123681
5324.05707004	0.0250772852483
5324.3712293	0.0250772581291
5324.68538857	0.0250772310107
5324.99954784	0.0250772038929
5325.3137071	0.0250771767758
5325.62786637	0.0250771496595
5325.94202563	0.0250771225438
5326.2561849	0.0250770954289
5326.57034416	0.0250770683146
5326.88450343	0.025077041201
5327.19866269	0.0250770140879
5327.51282196	0.0250769869755
5327.82698122	0.0250769598636
5328.14114049	0.0250769327522
5328.45529975	0.0250769056414
5328.76945902	0.0250768785311
5329.08361828	0.0250768514214
5329.39777755	0.0250768243123
5329.71193682	0.0250767972038
5330.02609608	0.0250767700959
5330.34025535	0.0250767429886
5330.65441461	0.025076715882
5330.96857388	0.0250766887761
5331.28273314	0.0250766616709
5331.59689241	0.0250766345664
5331.91105167	0.0250766074627
5332.22521094	0.0250765803596
5332.5393702	0.0250765532572
5332.85352947	0.0250765261555
5333.16768873	0.0250764990544
5333.481848	0.0250764719539
5333.79600727	0.025076444854
5334.11016653	0.0250764177547
5334.4243258	0.0250763906559
5334.73848506	0.0250763635576
5335.05264433	0.0250763364599
5335.36680359	0.0250763093628
5335.68096286	0.0250762822662
5335.99512212	0.0250762551702
5336.30928139	0.0250762280749
5336.62344065	0.0250762009802
5336.93759992	0.0250761738862
5337.25175918	0.0250761467928
5337.56591845	0.0250761197002
5337.88007771	0.0250760926083
5338.19423698	0.0250760655171
5338.50839625	0.0250760384267
5338.82255551	0.0250760113369
5339.13671478	0.0250759842477
5339.45087404	0.0250759571592
5339.76503331	0.0250759300712
5340.07919257	0.0250759029839
5340.39335184	0.025075875897
5340.7075111	0.0250758488108
5341.02167037	0.025075821725
5341.33582963	0.0250757946399
5341.6499889	0.0250757675553
5341.96414816	0.0250757404712
5342.27830743	0.0250757133878
5342.5924667	0.025075686305
5342.90662596	0.0250756592229
5343.22078523	0.0250756321415
5343.53494449	0.0250756050607
5343.84910376	0.0250755779807
5344.16326302	0.0250755509014
5344.47742229	0.0250755238228
5344.79158155	0.0250754967449
5345.10574082	0.0250754696676
5345.41990008	0.025075442591
5345.73405935	0.025075415515
5346.04821861	0.0250753884396
5346.36237788	0.0250753613648
5346.67653714	0.0250753342905
5346.99069641	0.0250753072168
5347.30485568	0.0250752801436
5347.61901494	0.025075253071
5347.93317421	0.025075225999
5348.24733347	0.0250751989275
5348.56149274	0.0250751718567
5348.875652	0.0250751447864
5349.18981127	0.0250751177169
5349.50397053	0.025075090648
5349.8181298	0.0250750635799
5350.13228906	0.0250750365124
5350.44644833	0.0250750094457
5350.76060759	0.0250749823797
5351.07476686	0.0250749553143
5351.38892613	0.0250749282496
5351.70308539	0.0250749011856
5352.01724466	0.0250748741222
5352.33140392	0.0250748470593
5352.64556319	0.025074819997
5352.95972245	0.0250747929353
5353.27388172	0.0250747658741
5353.58804098	0.0250747388134
5353.90220025	0.0250747117534
5354.21635951	0.0250746846938
5354.53051878	0.0250746576349
5354.84467804	0.0250746305766
5355.15883731	0.025074603519
5355.47299657	0.025074576462
5355.78715584	0.0250745494057
5356.10131511	0.02507452235
5356.41547437	0.0250744952952
5356.72963364	0.025074468241
5357.0437929	0.0250744411875
5357.35795217	0.0250744141347
5357.67211143	0.0250743870826
5357.9862707	0.0250743600311
5358.30042996	0.0250743329802
5358.61458923	0.0250743059299
5358.92874849	0.0250742788801
5359.24290776	0.0250742518309
5359.55706702	0.0250742247822
5359.87122629	0.0250741977341
5360.18538556	0.0250741706866
5360.49954482	0.0250741436396
5360.81370409	0.0250741165932
5361.12786335	0.0250740895475
5361.44202262	0.0250740625024
5361.75618188	0.0250740354579
5362.07034115	0.0250740084142
5362.38450041	0.0250739813712
5362.69865968	0.0250739543288
5363.01281894	0.0250739272872
5363.32697821	0.0250739002463
5363.64113747	0.0250738732061
5363.95529674	0.0250738461665
5364.269456	0.0250738191276
5364.58361527	0.0250737920892
5364.89777454	0.0250737650514
5365.2119338	0.0250737380142
5365.52609307	0.0250737109775
5365.84025233	0.0250736839414
5366.1544116	0.0250736569058
5366.46857086	0.0250736298708
5366.78273013	0.0250736028364
5367.09688939	0.0250735758026
5367.41104866	0.0250735487694
5367.72520792	0.0250735217368
5368.03936719	0.0250734947049
5368.35352645	0.0250734676738
5368.66768572	0.0250734406433
5368.98184499	0.0250734136135
5369.29600425	0.0250733865845
5369.61016352	0.0250733595562
5369.92432278	0.0250733325285
5370.23848205	0.0250733055015
5370.55264131	0.0250732784751
5370.86680058	0.0250732514493
5371.18095984	0.025073224424
5371.49511911	0.0250731973993
5371.80927837	0.0250731703752
5372.12343764	0.0250731433516
5372.4375969	0.0250731163286
5372.75175617	0.0250730893061
5373.06591543	0.0250730622842
5373.3800747	0.0250730352629
5373.69423397	0.0250730082423
5374.00839323	0.0250729812223
5374.3225525	0.025072954203
5374.63671176	0.0250729271844
5374.95087103	0.0250729001665
5375.26503029	0.0250728731493
5375.57918956	0.0250728461328
5375.89334882	0.0250728191171
5376.20750809	0.025072792102
5376.52166735	0.0250727650875
5376.83582662	0.0250727380736
5377.14998588	0.0250727110604
5377.46414515	0.0250726840477
5377.77830442	0.0250726570355
5378.09246368	0.0250726300239
5378.40662295	0.0250726030129
5378.72078221	0.0250725760024
5379.03494148	0.0250725489924
5379.34910074	0.0250725219831
5379.66326001	0.0250724949744
5379.97741927	0.0250724679663
5380.29157854	0.0250724409589
5380.6057378	0.0250724139521
5380.91989707	0.0250723869461
5381.23405633	0.0250723599408
5381.5482156	0.0250723329362
5381.86237487	0.0250723059323
5382.17653413	0.0250722789291
5382.4906934	0.0250722519265
5382.80485266	0.0250722249246
5383.11901193	0.0250721979233
5383.43317119	0.0250721709226
5383.74733046	0.0250721439224
5384.06148972	0.0250721169228
5384.37564899	0.0250720899237
5384.68980825	0.0250720629252
5385.00396752	0.0250720359273
5385.31812678	0.0250720089299
5385.63228605	0.0250719819331
5385.94644531	0.0250719549369
5386.26060458	0.0250719279414
5386.57476385	0.0250719009465
5386.88892311	0.0250718739523
5387.20308238	0.0250718469588
5387.51724164	0.0250718199661
5387.83140091	0.025071792974
5388.14556017	0.0250717659827
5388.45971944	0.025071738992
5388.7738787	0.025071712002
5389.08803797	0.0250716850127
5389.40219723	0.0250716580239
5389.7163565	0.0250716310357
5390.03051576	0.0250716040481
5390.34467503	0.025071577061
5390.6588343	0.0250715500745
5390.97299356	0.0250715230885
5391.28715283	0.0250714961031
5391.60131209	0.0250714691182
5391.91547136	0.025071442134
5392.22963062	0.0250714151503
5392.54378989	0.0250713881673
5392.85794915	0.025071361185
5393.17210842	0.0250713342034
5393.48626768	0.0250713072225
5393.80042695	0.0250712802423
5394.11458621	0.0250712532628
5394.42874548	0.025071226284
5394.74290474	0.0250711993059
5395.05706401	0.0250711723285
5395.37122328	0.0250711453517
5395.68538254	0.0250711183754
5395.99954181	0.0250710913998
5396.31370107	0.0250710644247
5396.62786034	0.0250710374501
5396.9420196	0.0250710104761
5397.25617887	0.0250709835027
5397.57033813	0.0250709565298
5397.8844974	0.0250709295575
5398.19865666	0.0250709025857
5398.51281593	0.0250708756146
5398.82697519	0.0250708486442
5399.14113446	0.0250708216745
5399.45529373	0.0250707947054
5399.76945299	0.025070767737
5400.08361226	0.0250707407694
5400.39777152	0.0250707138025
5400.71193079	0.0250706868363
5401.02609005	0.0250706598707
5401.34024932	0.0250706329058
5401.65440858	0.0250706059415
5401.96856785	0.0250705789778
5402.28272711	0.0250705520147
5402.59688638	0.0250705250521
5402.91104564	0.0250704980901
5403.22520491	0.0250704711286
5403.53936417	0.0250704441677
5403.85352344	0.0250704172073
5404.16768271	0.0250703902475
5404.48184197	0.0250703632884
5404.79600124	0.0250703363298
5405.1101605	0.0250703093719
5405.42431977	0.0250702824147
5405.73847903	0.0250702554582
5406.0526383	0.0250702285025
5406.36679756	0.0250702015474
5406.68095683	0.025070174593
5406.99511609	0.0250701476394
5407.30927536	0.0250701206864
5407.62343462	0.025070093734
5407.93759389	0.0250700667823
5408.25175316	0.0250700398311
5408.56591242	0.0250700128805
5408.88007169	0.0250699859305
5409.19423095	0.025069958981
5409.50839022	0.025069932032
5409.82254948	0.0250699050836
5410.13670875	0.0250698781358
5410.45086801	0.0250698511885
5410.76502728	0.0250698242419
5411.07918654	0.0250697972959
5411.39334581	0.0250697703505
5411.70750507	0.0250697434059
5412.02166434	0.025069716462
5412.3358236	0.0250696895187
5412.64998287	0.0250696625763
5412.96414214	0.0250696356345
5413.2783014	0.0250696086934
5413.59246067	0.0250695817529
5413.90661993	0.0250695548131
5414.2207792	0.0250695278739
5414.53493846	0.0250695009353
5414.84909773	0.0250694739972
5415.16325699	0.0250694470597
5415.47741626	0.0250694201227
5415.79157552	0.0250693931863
5416.10573479	0.0250693662504
5416.41989405	0.0250693393151
5416.73405332	0.0250693123804
5417.04821259	0.0250692854463
5417.36237185	0.0250692585128
5417.67653112	0.0250692315801
5417.99069038	0.025069204648
5418.30484965	0.0250691777166
5418.61900891	0.025069150786
5418.93316818	0.0250691238561
5419.24732744	0.0250690969268
5419.56148671	0.0250690699983
5419.87564597	0.0250690430704
5420.18980524	0.0250690161431
5420.5039645	0.0250689892165
5420.81812377	0.0250689622904
5421.13228303	0.0250689353648
5421.4464423	0.0250689084398
5421.76060157	0.0250688815154
5422.07476083	0.0250688545915
5422.3889201	0.0250688276681
5422.70307936	0.0250688007453
5423.01723863	0.0250687738232
5423.33139789	0.0250687469016
5423.64555716	0.0250687199807
5423.95971642	0.0250686930605
5424.27387569	0.025068666141
5424.58803495	0.0250686392222
5424.90219422	0.0250686123041
5425.21635348	0.0250685853868
5425.53051275	0.0250685584701
5425.84467202	0.0250685315541
5426.15883128	0.0250685046388
5426.47299055	0.025068477724
5426.78714981	0.0250684508099
5427.10130908	0.0250684238963
5427.41546834	0.0250683969833
5427.72962761	0.0250683700708
5428.04378687	0.0250683431589
5428.35794614	0.0250683162475
5428.6721054	0.0250682893367
5428.98626467	0.0250682624264
5429.30042393	0.0250682355168
5429.6145832	0.0250682086078
5429.92874246	0.0250681816994
5430.24290173	0.0250681547918
5430.557061	0.0250681278848
5430.87122026	0.0250681009786
5431.18537953	0.0250680740731
5431.49953879	0.0250680471683
5431.81369806	0.0250680202641
5432.12785732	0.0250679933607
5432.44201659	0.0250679664579
5432.75617585	0.0250679395557
5433.07033512	0.0250679126541
5433.38449438	0.025067885753
5433.69865365	0.0250678588525
5434.01281291	0.0250678319525
5434.32697218	0.0250678050531
5434.64113145	0.0250677781542
5434.95529071	0.0250677512559
5435.26944998	0.0250677243582
5435.58360924	0.0250676974611
5435.89776851	0.0250676705646
5436.21192777	0.0250676436688
5436.52608704	0.0250676167737
5436.8402463	0.0250675898793
5437.15440557	0.0250675629857
5437.46856483	0.0250675360927
5437.7827241	0.0250675092004
5438.09688336	0.0250674823089
5438.41104263	0.025067455418
5438.7252019	0.0250674285277
5439.03936116	0.025067401638
5439.35352043	0.0250673747489
5439.66767969	0.0250673478604
5439.98183896	0.0250673209724
5440.29599822	0.025067294085
5440.61015749	0.0250672671981
5440.92431675	0.0250672403117
5441.23847602	0.0250672134259
5441.55263528	0.0250671865407
5441.86679455	0.0250671596562
5442.18095381	0.0250671327722
5442.49511308	0.025067105889
5442.80927234	0.0250670790064
5443.12343161	0.0250670521246
5443.43759088	0.0250670252435
5443.75175014	0.0250669983631
5444.06590941	0.0250669714834
5444.38006867	0.0250669446044
5444.69422794	0.025066917726
5445.0083872	0.0250668908483
5445.32254647	0.0250668639711
5445.63670573	0.0250668370946
5445.950865	0.0250668102186
5446.26502426	0.0250667833431
5446.57918353	0.0250667564681
5446.89334279	0.0250667295937
5447.20750206	0.0250667027199
5447.52166133	0.0250666758466
5447.83582059	0.025066648974
5448.14997986	0.0250666221019
5448.46413912	0.0250665952305
5448.77829839	0.0250665683598
5449.09245765	0.0250665414898
5449.40661692	0.0250665146205
5449.72077618	0.025066487752
5450.03493545	0.0250664608841
5450.34909471	0.025066434017
5450.66325398	0.0250664071505
5450.97741324	0.0250663802847
5451.29157251	0.0250663534195
5451.60573177	0.0250663265549
5451.91989104	0.0250662996909
5452.23405031	0.0250662728274
5452.54820957	0.0250662459644
5452.86236884	0.025066219102
5453.1765281	0.0250661922401
5453.49068737	0.0250661653788
5453.80484663	0.025066138518
5454.1190059	0.0250661116579
5454.43316516	0.0250660847984
5454.74732443	0.0250660579395
5455.06148369	0.0250660310814
5455.37564296	0.0250660042239
5455.68980222	0.0250659773672
5456.00396149	0.0250659505112
5456.31812076	0.0250659236559
5456.63228002	0.0250658968013
5456.94643929	0.0250658699474
5457.26059855	0.0250658430941
5457.57475782	0.0250658162415
5457.88891708	0.0250657893894
5458.20307635	0.0250657625379
5458.51723561	0.0250657356869
5458.83139488	0.0250657088364
5459.14555414	0.0250656819865
5459.45971341	0.0250656551371
5459.77387267	0.0250656282883
5460.08803194	0.0250656014401
5460.4021912	0.0250655745925
5460.71635047	0.0250655477455
5461.03050974	0.0250655208992
5461.344669	0.0250654940536
5461.65882827	0.0250654672087
5461.97298753	0.0250654403646
5462.2871468	0.0250654135211
5462.60130606	0.0250653866784
5462.91546533	0.0250653598364
5463.22962459	0.025065332995
5463.54378386	0.0250653061543
5463.85794312	0.0250652793141
5464.17210239	0.0250652524745
5464.48626165	0.0250652256355
5464.80042092	0.0250651987971
5465.11458019	0.0250651719591
5465.42873945	0.0250651451217
5465.74289872	0.0250651182848
5466.05705798	0.0250650914485
5466.37121725	0.0250650646128
5466.68537651	0.0250650377777
5466.99953578	0.0250650109433
5467.31369504	0.0250649841095
5467.62785431	0.0250649572765
5467.94201357	0.0250649304441
5468.25617284	0.0250649036125
5468.5703321	0.0250648767817
5468.88449137	0.0250648499515
5469.19865063	0.025064823122
5469.5128099	0.0250647962932
5469.82696917	0.025064769465
5470.14112843	0.0250647426374
5470.4552877	0.0250647158103
5470.76944696	0.0250646889838
5471.08360623	0.0250646621578
5471.39776549	0.0250646353324
5471.71192476	0.0250646085075
5472.02608402	0.0250645816831
5472.34024329	0.0250645548593
5472.65440255	0.0250645280361
5472.96856182	0.0250645012136
5473.28272108	0.0250644743917
5473.59688035	0.0250644475705
5473.91103962	0.02506442075
5474.22519888	0.0250643939302
5474.53935815	0.0250643671111
5474.85351741	0.0250643402928
5475.16767668	0.0250643134752
5475.48183594	0.0250642866583
5475.79599521	0.025064259842
5476.11015447	0.0250642330263
5476.42431374	0.0250642062112
5476.738473	0.0250641793967
5477.05263227	0.0250641525827
5477.36679153	0.0250641257692
5477.6809508	0.0250640989563
5477.99511006	0.0250640721439
5478.30926933	0.025064045332
5478.6234286	0.0250640185207
5478.93758786	0.0250639917101
5479.25174713	0.0250639649
5479.56590639	0.0250639380907
5479.88006566	0.025063911282
5480.19422492	0.0250638844741
5480.50838419	0.0250638576669
5480.82254345	0.0250638308604
5481.13670272	0.0250638040546
5481.45086198	0.0250637772495
5481.76502125	0.0250637504451
5482.07918051	0.0250637236414
5482.39333978	0.0250636968382
5482.70749905	0.0250636700357
5483.02165831	0.0250636432337
5483.33581758	0.0250636164322
5483.64997684	0.0250635896312
5483.96413611	0.0250635628308
5484.27829537	0.0250635360309
5484.59245464	0.0250635092315
5484.9066139	0.0250634824328
5485.22077317	0.0250634556346
5485.53493243	0.0250634288371
5485.8490917	0.0250634020403
5486.16325096	0.0250633752442
5486.47741023	0.0250633484488
5486.79156949	0.0250633216542
5487.10572876	0.0250632948603
5487.41988803	0.025063268067
5487.73404729	0.0250632412745
5488.04820656	0.0250632144827
5488.36236582	0.0250631876914
5488.67652509	0.0250631609008
5488.99068435	0.0250631341108
5489.30484362	0.0250631073213
5489.61900288	0.0250630805323
5489.93316215	0.0250630537438
5490.24732141	0.0250630269559
5490.56148068	0.0250630001685
5490.87563994	0.0250629733817
5491.18979921	0.0250629465955
5491.50395848	0.0250629198099
5491.81811774	0.0250628930249
5492.13227701	0.0250628662407
5492.44643627	0.0250628394571
5492.76059554	0.0250628126743
5493.0747548	0.0250627858922
5493.38891407	0.0250627591108
5493.70307333	0.0250627323301
5494.0172326	0.0250627055501
5494.33139186	0.0250626787708
5494.64555113	0.0250626519921
5494.95971039	0.025062625214
5495.27386966	0.0250625984365
5495.58802893	0.0250625716595
5495.90218819	0.025062544883
5496.21634746	0.0250625181071
5496.53050672	0.0250624913317
5496.84466599	0.0250624645568
5497.15882525	0.0250624377825
5497.47298452	0.0250624110088
5497.78714378	0.0250623842358
5498.10130305	0.0250623574634
5498.41546231	0.0250623306916
5498.72962158	0.0250623039206
5499.04378084	0.0250622771503
5499.35794011	0.0250622503808
5499.67209937	0.0250622236119
5499.98625864	0.0250621968438
5500.30041791	0.0250621700764
5500.61457717	0.0250621433096
5500.92873644	0.0250621165435
5501.2428957	0.0250620897779
5501.55705497	0.0250620630129
5501.87121423	0.0250620362484
5502.1853735	0.0250620094845
5502.49953276	0.025061982721
5502.81369203	0.0250619559581
5503.12785129	0.0250619291958
5503.44201056	0.025061902434
5503.75616982	0.0250618756728
5504.07032909	0.0250618489123
5504.38448836	0.0250618221524
5504.69864762	0.0250617953932
5505.01280689	0.0250617686348
5505.32696615	0.025061741877
5505.64112542	0.02506171512
5505.95528468	0.0250616883637
5506.26944395	0.0250616616082
5506.58360321	0.0250616348533
5506.89776248	0.0250616080991
5507.21192174	0.0250615813454
5507.52608101	0.0250615545924
5507.84024027	0.0250615278399
5508.15439954	0.025061501088
5508.4685588	0.0250614743365
5508.78271807	0.0250614475856
5509.09687734	0.0250614208352
5509.4110366	0.0250613940854
5509.72519587	0.0250613673361
5510.03935513	0.0250613405875
5510.3535144	0.0250613138394
5510.66767366	0.0250612870921
5510.98183293	0.0250612603455
5511.29599219	0.0250612335996
5511.61015146	0.0250612068544
5511.92431072	0.0250611801099
5512.23846999	0.0250611533662
5512.55262925	0.0250611266232
5512.86678852	0.0250610998809
5513.18094779	0.0250610731392
5513.49510705	0.0250610463981
5513.80926632	0.0250610196576
5514.12342558	0.0250609929176
5514.43758485	0.0250609661781
5514.75174411	0.0250609394392
5515.06590338	0.0250609127008
5515.38006264	0.0250608859629
5515.69422191	0.0250608592256
5516.00838117	0.0250608324889
5516.32254044	0.0250608057527
5516.6366997	0.0250607790173
5516.95085897	0.0250607522825
5517.26501823	0.0250607255484
5517.5791775	0.025060698815
5517.89333677	0.0250606720824
5518.20749603	0.0250606453505
5518.5216553	0.0250606186194
5518.83581456	0.0250605918889
5519.14997383	0.0250605651591
5519.46413309	0.0250605384299
5519.77829236	0.0250605117014
5520.09245162	0.0250604849734
5520.40661089	0.0250604582459
5520.72077015	0.025060431519
5521.03492942	0.0250604047926
5521.34908868	0.0250603780667
5521.66324795	0.0250603513413
5521.97740722	0.0250603246165
5522.29156648	0.0250602978923
5522.60572575	0.0250602711687
5522.91988501	0.0250602444458
5523.23404428	0.0250602177235
5523.54820354	0.025060191002
5523.86236281	0.0250601642812
5524.17652207	0.0250601375611
5524.49068134	0.0250601108418
5524.8048406	0.0250600841232
5525.11899987	0.0250600574053
5525.43315913	0.025060030688
5525.7473184	0.0250600039714
5526.06147766	0.0250599772553
5526.37563693	0.0250599505398
5526.6897962	0.0250599238249
5527.00395546	0.0250598971105
5527.31811473	0.0250598703966
5527.63227399	0.0250598436832
5527.94643326	0.0250598169703
5528.26059252	0.025059790258
5528.57475179	0.0250597635463
5528.88891105	0.0250597368353
5529.20307032	0.0250597101249
5529.51722958	0.0250596834152
5529.83138885	0.0250596567062
5530.14554811	0.025059629998
5530.45970738	0.0250596032905
5530.77386665	0.0250595765837
5531.08802591	0.0250595498776
5531.40218518	0.0250595231723
5531.71634444	0.0250594964675
5532.03050371	0.0250594697634
5532.34466297	0.0250594430599
5532.65882224	0.0250594163569
5532.9729815	0.0250593896545
5533.28714077	0.0250593629526
5533.60130003	0.0250593362512
5533.9154593	0.0250593095503
5534.22961856	0.02505928285
5534.54377783	0.0250592561502
5534.85793709	0.025059229451
5535.17209636	0.0250592027525
5535.48625563	0.0250591760547
5535.80041489	0.0250591493575
5536.11457416	0.0250591226611
5536.42873342	0.0250590959654
5536.74289269	0.0250590692705
5537.05705195	0.0250590425762
5537.37121122	0.0250590158827
5537.68537048	0.0250589891899
5537.99952975	0.0250589624977
5538.31368901	0.0250589358061
5538.62784828	0.0250589091151
5538.94200754	0.0250588824246
5539.25616681	0.0250588557347
5539.57032608	0.0250588290453
5539.88448534	0.0250588023564
5540.19864461	0.025058775668
5540.51280387	0.0250587489802
5540.82696314	0.025058722293
5541.1411224	0.0250586956064
5541.45528167	0.0250586689204
5541.76944093	0.0250586422351
5542.0836002	0.0250586155505
5542.39775946	0.0250585888666
5542.71191873	0.0250585621835
5543.02607799	0.0250585355011
5543.34023726	0.0250585088194
5543.65439652	0.0250584821384
5543.96855579	0.0250584554581
5544.28271506	0.0250584287785
5544.59687432	0.0250584020994
5544.91103359	0.0250583754209
5545.22519285	0.025058348743
5545.53935212	0.0250583220655
5545.85351138	0.0250582953886
5546.16767065	0.0250582687122
5546.48182991	0.0250582420364
5546.79598918	0.0250582153611
5547.11014844	0.0250581886864
5547.42430771	0.0250581620123
5547.73846697	0.0250581353388
5548.05262624	0.0250581086661
5548.36678551	0.025058081994
5548.68094477	0.0250580553227
5548.99510404	0.0250580286521
5549.3092633	0.0250580019823
5549.62342257	0.0250579753132
5549.93758183	0.0250579486447
5550.2517411	0.025057921977
5550.56590036	0.0250578953098
5550.88005963	0.0250578686433
5551.19421889	0.0250578419773
5551.50837816	0.0250578153119
5551.82253742	0.025057788647
5552.13669669	0.0250577619826
5552.45085596	0.0250577353187
5552.76501522	0.0250577086554
5553.07917449	0.0250576819926
5553.39333375	0.0250576553304
5553.70749302	0.0250576286688
5554.02165228	0.0250576020079
5554.33581155	0.0250575753477
5554.64997081	0.0250575486882
5554.96413008	0.0250575220294
5555.27828934	0.0250574953714
5555.59244861	0.0250574687141
5555.90660787	0.0250574420575
5556.22076714	0.0250574154017
5556.5349264	0.0250573887464
5556.84908567	0.0250573620918
5557.16324494	0.0250573354378
5557.4774042	0.0250573087844
5557.79156347	0.0250572821315
5558.10572273	0.0250572554791
5558.419882	0.0250572288272
5558.73404126	0.0250572021758
5559.04820053	0.025057175525
5559.36235979	0.0250571488747
5559.67651906	0.0250571222251
5559.99067832	0.025057095576
5560.30483759	0.0250570689277
5560.61899685	0.02505704228
5560.93315612	0.025057015633
5561.24731539	0.0250569889868
5561.56147465	0.0250569623414
5561.87563392	0.0250569356966
5562.18979318	0.0250569090526
5562.50395245	0.0250568824093
5562.81811171	0.0250568557666
5563.13227098	0.0250568291245
5563.44643024	0.025056802483
5563.76058951	0.0250567758421
5564.07474877	0.0250567492017
5564.38890804	0.0250567225618
5564.7030673	0.0250566959224
5565.01722657	0.0250566692835
5565.33138583	0.0250566426452
5565.6455451	0.0250566160075
5565.95970437	0.0250565893703
5566.27386363	0.0250565627338
5566.5880229	0.025056536098
5566.90218216	0.0250565094629
5567.21634143	0.0250564828285
5567.53050069	0.0250564561949
5567.84465996	0.025056429562
5568.15881922	0.0250564029298
5568.47297849	0.0250563762983
5568.78713775	0.0250563496675
5569.10129702	0.0250563230373
5569.41545628	0.0250562964078
5569.72961555	0.0250562697788
5570.04377482	0.0250562431504
5570.35793408	0.0250562165225
5570.67209335	0.0250561898951
5570.98625261	0.0250561632682
5571.30041188	0.0250561366419
5571.61457114	0.0250561100161
5571.92873041	0.0250560833909
5572.24288967	0.0250560567663
5572.55704894	0.0250560301423
5572.8712082	0.025056003519
5573.18536747	0.0250559768965
5573.49952673	0.0250559502746
5573.813686	0.0250559236535
5574.12784526	0.0250558970332
5574.44200453	0.0250558704135
5574.7561638	0.0250558437946
5575.07032306	0.0250558171763
5575.38448233	0.0250557905587
5575.69864159	0.0250557639417
5576.01280086	0.0250557373252
5576.32696012	0.0250557107093
5576.64111939	0.0250556840939
5576.95527865	0.0250556574791
5577.26943792	0.0250556308647
5577.58359718	0.0250556042509
5577.89775645	0.0250555776376
5578.21191571	0.0250555510249
5578.52607498	0.0250555244129
5578.84023425	0.0250554978015
5579.15439351	0.0250554711907
5579.46855278	0.0250554445807
5579.78271204	0.0250554179714
5580.09687131	0.0250553913629
5580.41103057	0.0250553647551
5580.72518984	0.025055338148
5581.0393491	0.0250553115416
5581.35350837	0.0250552849358
5581.66766763	0.0250552583307
5581.9818269	0.0250552317262
5582.29598616	0.0250552051223
5582.61014543	0.0250551785189
5582.92430469	0.025055151916
5583.23846396	0.0250551253137
5583.55262323	0.0250550987118
5583.86678249	0.0250550721105
5584.18094176	0.0250550455098
5584.49510102	0.0250550189097
5584.80926029	0.0250549923101
5585.12341955	0.0250549657113
5585.43757882	0.0250549391131
5585.75173808	0.0250549125156
5586.06589735	0.0250548859189
5586.38005661	0.0250548593229
5586.69421588	0.0250548327276
5587.00837514	0.025054806133
5587.32253441	0.0250547795392
5587.63669368	0.025054752946
5587.95085294	0.0250547263534
5588.26501221	0.0250546997614
5588.57917147	0.02505467317
5588.89333074	0.0250546465791
5589.20749	0.0250546199888
5589.52164927	0.025054593399
5589.83580853	0.0250545668097
5590.1499678	0.0250545402209
5590.46412706	0.0250545136327
5590.77828633	0.0250544870451
5591.09244559	0.0250544604581
5591.40660486	0.0250544338718
5591.72076412	0.0250544072861
5592.03492339	0.0250543807012
5592.34908266	0.025054354117
5592.66324192	0.0250543275336
5592.97740119	0.0250543009508
5593.29156045	0.0250542743688
5593.60571972	0.0250542477875
5593.91987898	0.0250542212068
5594.23403825	0.0250541946268
5594.54819751	0.0250541680473
5594.86235678	0.0250541414684
5595.17651604	0.0250541148901
5595.49067531	0.0250540883123
5595.80483457	0.0250540617349
5596.11899384	0.0250540351582
5596.43315311	0.0250540085819
5596.74731237	0.0250539820063
5597.06147164	0.0250539554312
5597.3756309	0.0250539288567
5597.68979017	0.025053902283
5598.00394943	0.0250538757099
5598.3181087	0.0250538491375
5598.63226796	0.0250538225659
5598.94642723	0.025053795995
5599.26058649	0.0250537694248
5599.57474576	0.0250537428553
5599.88890502	0.0250537162865
5600.20306429	0.0250536897184
5600.51722355	0.0250536631509
5600.83138282	0.0250536365839
5601.14554209	0.0250536100176
5601.45970135	0.0250535834517
5601.77386062	0.0250535568864
5602.08801988	0.0250535303217
5602.40217915	0.0250535037574
5602.71633841	0.0250534771937
5603.03049768	0.0250534506306
5603.34465694	0.025053424068
5603.65881621	0.0250533975061
5603.97297547	0.0250533709449
5604.28713474	0.0250533443843
5604.601294	0.0250533178245
5604.91545327	0.0250532912654
5605.22961254	0.0250532647071
5605.5437718	0.0250532381494
5605.85793107	0.0250532115925
5606.17209033	0.0250531850362
5606.4862496	0.0250531584806
5606.80040886	0.0250531319257
5607.11456813	0.0250531053713
5607.42872739	0.0250530788174
5607.74288666	0.0250530522641
5608.05704592	0.0250530257113
5608.37120519	0.0250529991591
5608.68536445	0.0250529726073
5608.99952372	0.0250529460562
5609.31368299	0.0250529195056
5609.62784225	0.0250528929556
5609.94200152	0.0250528664062
5610.25616078	0.0250528398575
5610.57032005	0.0250528133095
5610.88447931	0.0250527867623
5611.19863858	0.0250527602157
5611.51279784	0.0250527336699
5611.82695711	0.0250527071248
5612.14111637	0.0250526805804
5612.45527564	0.0250526540367
5612.7694349	0.0250526274936
5613.08359417	0.0250526009512
5613.39775343	0.0250525744093
5613.7119127	0.025052547868
5614.02607197	0.0250525213272
5614.34023123	0.0250524947869
5614.6543905	0.0250524682472
5614.96854976	0.025052441708
5615.28270903	0.0250524151694
5615.59686829	0.0250523886313
5615.91102756	0.0250523620938
5616.22518682	0.025052335557
5616.53934609	0.0250523090209
5616.85350535	0.0250522824854
5617.16766462	0.0250522559507
5617.48182388	0.0250522294167
5617.79598315	0.0250522028835
5618.11014242	0.0250521763509
5618.42430168	0.0250521498191
5618.73846095	0.0250521232879
5619.05262021	0.0250520967574
5619.36677948	0.0250520702274
5619.68093874	0.0250520436981
5619.99509801	0.0250520171693
5620.30925727	0.025051990641
5620.62341654	0.0250519641133
5620.9375758	0.0250519375861
5621.25173507	0.0250519110594
5621.56589433	0.0250518845333
5621.8800536	0.0250518580078
5622.19421286	0.0250518314829
5622.50837213	0.0250518049586
5622.8225314	0.025051778435
5623.13669066	0.0250517519121
5623.45084993	0.02505172539
5623.76500919	0.0250516988685
5624.07916846	0.0250516723478
5624.39332772	0.0250516458278
5624.70748699	0.0250516193085
5625.02164625	0.0250515927899
5625.33580552	0.0250515662719
5625.64996478	0.0250515397545
5625.96412405	0.0250515132377
5626.27828331	0.0250514867214
5626.59244258	0.0250514602057
5626.90660185	0.0250514336904
5627.22076111	0.0250514071758
5627.53492038	0.0250513806616
5627.84907964	0.025051354148
5628.16323891	0.0250513276351
5628.47739817	0.0250513011227
5628.79155744	0.025051274611
5629.1057167	0.0250512480999
5629.41987597	0.0250512215896
5629.73403523	0.02505119508
5630.0481945	0.0250511685711
5630.36235376	0.0250511420629
5630.67651303	0.0250511155555
5630.99067229	0.0250510890487
5631.30483156	0.0250510625426
5631.61899083	0.0250510360371
5631.93315009	0.0250510095323
5632.24730936	0.025050983028
5632.56146862	0.0250509565243
5632.87562789	0.025050930021
5633.18978715	0.0250509035184
5633.50394642	0.0250508770162
5633.81810568	0.0250508505146
5634.13226495	0.0250508240136
5634.44642421	0.0250507975131
5634.76058348	0.0250507710133
5635.07474274	0.0250507445141
5635.38890201	0.0250507180156
5635.70306128	0.0250506915178
5636.01722054	0.0250506650208
5636.33137981	0.0250506385244
5636.64553907	0.0250506120288
5636.95969834	0.0250505855339
5637.2738576	0.0250505590397
5637.58801687	0.0250505325461
5637.90217613	0.0250505060532
5638.2163354	0.0250504795609
5638.53049466	0.0250504530691
5638.84465393	0.0250504265779
5639.15881319	0.0250504000872
5639.47297246	0.0250503735971
5639.78713172	0.0250503471075
5640.10129099	0.0250503206184
5640.41545026	0.0250502941299
5640.72960952	0.025050267642
5641.04376879	0.0250502411547
5641.35792805	0.0250502146681
5641.67208732	0.0250501881821
5641.98624658	0.0250501616969
5642.30040585	0.0250501352124
5642.61456511	0.0250501087286
5642.92872438	0.0250500822455
5643.24288364	0.0250500557632
5643.55704291	0.0250500292815
5643.87120217	0.0250500028005
5644.18536144	0.0250499763201
5644.49952071	0.0250499498403
5644.81367997	0.0250499233611
5645.12783924	0.0250498968824
5645.4419985	0.0250498704042
5645.75615777	0.0250498439266
5646.07031703	0.0250498174495
5646.3844763	0.025049790973
5646.69863556	0.025049764497
5647.01279483	0.0250497380216
5647.32695409	0.0250497115469
5647.64111336	0.0250496850728
5647.95527262	0.0250496585994
5648.26943189	0.0250496321268
5648.58359115	0.0250496056548
5648.89775042	0.0250495791836
5649.21190969	0.0250495527131
5649.52606895	0.0250495262432
5649.84022822	0.0250494997741
5650.15438748	0.0250494733056
5650.46854675	0.0250494468378
5650.78270601	0.0250494203705
5651.09686528	0.0250493939038
5651.41102454	0.0250493674377
5651.72518381	0.0250493409721
5652.03934307	0.025049314507
5652.35350234	0.0250492880424
5652.6676616	0.0250492615784
5652.98182087	0.025049235115
5653.29598014	0.0250492086522
5653.6101394	0.02504918219
5653.92429867	0.0250491557284
5654.23845793	0.0250491292676
5654.5526172	0.0250491028075
5654.86677646	0.0250490763481
5655.18093573	0.0250490498894
5655.49509499	0.0250490234314
5655.80925426	0.0250489969742
5656.12341352	0.0250489705176
5656.43757279	0.0250489440617
5656.75173205	0.0250489176063
5657.06589132	0.0250488911516
5657.38005058	0.0250488646975
5657.69420985	0.0250488382438
5658.00836912	0.0250488117907
5658.32252838	0.0250487853382
5658.63668765	0.0250487588862
5658.95084691	0.0250487324347
5659.26500618	0.0250487059838
5659.57916544	0.0250486795335
5659.89332471	0.0250486530839
5660.20748397	0.0250486266349
5660.52164324	0.0250486001866
5660.8358025	0.0250485737391
5661.14996177	0.0250485472922
5661.46412103	0.0250485208461
5661.7782803	0.0250484944007
5662.09243957	0.025048467956
5662.40659883	0.0250484415119
5662.7207581	0.0250484150685
5663.03491736	0.0250483886258
5663.34907663	0.0250483621836
5663.66323589	0.025048335742
5663.97739516	0.0250483093009
5664.29155442	0.0250482828603
5664.60571369	0.0250482564203
5664.91987295	0.0250482299808
5665.23403222	0.0250482035419
5665.54819148	0.0250481771035
5665.86235075	0.0250481506658
5666.17651002	0.0250481242287
5666.49066928	0.0250480977923
5666.80482855	0.0250480713566
5667.11898781	0.0250480449215
5667.43314708	0.0250480184873
5667.74730634	0.0250479920537
5668.06146561	0.0250479656208
5668.37562487	0.0250479391887
5668.68978414	0.0250479127572
5669.0039434	0.0250478863263
5669.31810267	0.0250478598961
5669.63226193	0.0250478334664
5669.9464212	0.0250478070373
5670.26058046	0.0250477806088
5670.57473973	0.0250477541808
5670.888899	0.0250477277533
5671.20305826	0.0250477013263
5671.51721753	0.0250476748999
5671.83137679	0.0250476484741
5672.14553606	0.025047622049
5672.45969532	0.0250475956244
5672.77385459	0.0250475692006
5673.08801385	0.0250475427774
5673.40217312	0.0250475163549
5673.71633238	0.0250474899332
5674.03049165	0.0250474635122
5674.34465091	0.0250474370919
5674.65881018	0.0250474106723
5674.97296945	0.0250473842533
5675.28712871	0.025047357835
5675.60128798	0.0250473314173
5675.91544724	0.0250473050002
5676.22960651	0.0250472785837
5676.54376577	0.0250472521676
5676.85792504	0.0250472257521
5677.1720843	0.0250471993372
5677.48624357	0.0250471729228
5677.80040283	0.0250471465089
5678.1145621	0.0250471200957
5678.42872136	0.025047093683
5678.74288063	0.0250470672711
5679.05703989	0.0250470408597
5679.37119916	0.0250470144491
5679.68535843	0.0250469880392
5679.99951769	0.02504696163
5680.31367696	0.0250469352216
5680.62783622	0.0250469088138
5680.94199549	0.0250468824068
5681.25615475	0.0250468560004
5681.57031402	0.0250468295946
5681.88447328	0.0250468031895
5682.19863255	0.0250467767849
5682.51279181	0.0250467503809
5682.82695108	0.0250467239774
5683.14111034	0.0250466975744
5683.45526961	0.025046671172
5683.76942888	0.0250466447702
5684.08358814	0.0250466183688
5684.39774741	0.0250465919681
5684.71190667	0.0250465655681
5685.02606594	0.0250465391686
5685.3402252	0.0250465127699
5685.65438447	0.0250464863718
5685.96854373	0.0250464599745
5686.282703	0.0250464335778
5686.59686226	0.0250464071819
5686.91102153	0.0250463807868
5687.22518079	0.0250463543922
5687.53934006	0.0250463279984
5687.85349932	0.0250463016052
5688.16765859	0.0250462752126
5688.48181786	0.0250462488205
5688.79597712	0.0250462224291
5689.11013639	0.0250461960381
5689.42429565	0.0250461696477
5689.73845492	0.0250461432578
5690.05261418	0.0250461168685
5690.36677345	0.0250460904797
5690.68093271	0.0250460640916
5690.99509198	0.025046037704
5691.30925124	0.0250460113171
5691.62341051	0.0250459849309
5691.93756977	0.0250459585454
5692.25172904	0.0250459321607
5692.56588831	0.0250459057766
5692.88004757	0.0250458793933
5693.19420684	0.0250458530106
5693.5083661	0.0250458266287
5693.82252537	0.0250458002474
5694.13668463	0.0250457738667
5694.4508439	0.0250457474867
5694.76500316	0.0250457211072
5695.07916243	0.0250456947282
5695.39332169	0.0250456683498
5695.70748096	0.0250456419719
5696.02164022	0.0250456155946
5696.33579949	0.0250455892178
5696.64995875	0.0250455628416
5696.96411802	0.0250455364659
5697.27827729	0.025045510091
5697.59243655	0.0250454837166
5697.90659582	0.025045457343
5698.22075508	0.0250454309701
5698.53491435	0.0250454045979
5698.84907361	0.0250453782264
5699.16323288	0.0250453518556
5699.47739214	0.0250453254855
5699.79155141	0.0250452991161
5700.10571067	0.0250452727474
5700.41986994	0.0250452463792
5700.7340292	0.0250452200117
5701.04818847	0.0250451936448
5701.36234774	0.0250451672783
5701.676507	0.0250451409125
5701.99066627	0.0250451145471
5702.30482553	0.0250450881823
5702.6189848	0.0250450618181
5702.93314406	0.0250450354544
5703.24730333	0.0250450090913
5703.56146259	0.0250449827289
5703.87562186	0.0250449563671
5704.18978112	0.0250449300061
5704.50394039	0.0250449036457
5704.81809965	0.0250448772861
5705.13225892	0.0250448509271
5705.44641818	0.0250448245689
5705.76057745	0.0250447982114
5706.07473672	0.0250447718545
5706.38889598	0.0250447454983
5706.70305525	0.0250447191428
5707.01721451	0.0250446927878
5707.33137378	0.0250446664334
5707.64553304	0.0250446400795
5707.95969231	0.0250446137261
5708.27385157	0.0250445873733
5708.58801084	0.0250445610211
5708.9021701	0.0250445346694
5709.21632937	0.0250445083183
5709.53048863	0.0250444819678
5709.8446479	0.0250444556179
5710.15880717	0.0250444292687
5710.47296643	0.0250444029202
5710.7871257	0.0250443765724
5711.10128496	0.0250443502253
5711.41544423	0.0250443238789
5711.72960349	0.0250442975333
5712.04376276	0.0250442711883
5712.35792202	0.025044244844
5712.67208129	0.0250442185004
5712.98624055	0.0250441921573
5713.30039982	0.0250441658149
5713.61455908	0.025044139473
5713.92871835	0.0250441131317
5714.24287761	0.0250440867909
5714.55703688	0.0250440604506
5714.87119615	0.0250440341109
5715.18535541	0.0250440077717
5715.49951468	0.0250439814332
5715.81367394	0.0250439550952
5716.12783321	0.0250439287579
5716.44199247	0.0250439024212
5716.75615174	0.0250438760853
5717.070311	0.0250438497501
5717.38447027	0.0250438234155
5717.69862953	0.0250437970817
5718.0127888	0.0250437707486
5718.32694806	0.0250437444162
5718.64110733	0.0250437180845
5718.9552666	0.0250436917534
5719.26942586	0.0250436654229
5719.58358513	0.025043639093
5719.89774439	0.0250436127637
5720.21190366	0.0250435864349
5720.52606292	0.0250435601066
5720.84022219	0.0250435337789
5721.15438145	0.0250435074517
5721.46854072	0.0250434811251
5721.78269998	0.0250434547991
5722.09685925	0.0250434284737
5722.41101851	0.025043402149
5722.72517778	0.0250433758249
5723.03933704	0.0250433495015
5723.35349631	0.0250433231788
5723.66765558	0.0250432968569
5723.98181484	0.0250432705356
5724.29597411	0.0250432442151
5724.61013337	0.0250432178952
5724.92429264	0.0250431915761
5725.2384519	0.0250431652575
5725.55261117	0.0250431389396
5725.86677043	0.0250431126222
5726.1809297	0.0250430863054
5726.49508896	0.0250430599892
5726.80924823	0.0250430336734
5727.12340749	0.0250430073583
5727.43756676	0.0250429810436
5727.75172603	0.0250429547296
5728.06588529	0.0250429284161
5728.38004456	0.0250429021033
5728.69420382	0.0250428757911
5729.00836309	0.0250428494796
5729.32252235	0.0250428231688
5729.63668162	0.0250427968587
5729.95084088	0.0250427705493
5730.26500015	0.0250427442406
5730.57915941	0.0250427179326
5730.89331868	0.0250426916253
5731.20747794	0.0250426653187
5731.52163721	0.0250426390127
5731.83579648	0.0250426127073
5732.14995574	0.0250425864025
5732.46411501	0.0250425600983
5732.77827427	0.0250425337946
5733.09243354	0.0250425074914
5733.4065928	0.0250424811887
5733.72075207	0.0250424548867
5734.03491133	0.0250424285852
5734.3490706	0.0250424022843
5734.66322986	0.025042375984
5734.97738913	0.0250423496844
5735.29154839	0.0250423233854
5735.60570766	0.0250422970872
5735.91986692	0.0250422707896
5736.23402619	0.0250422444928
5736.54818546	0.0250422181967
5736.86234472	0.0250421919013
5737.17650399	0.0250421656066
5737.49066325	0.0250421393125
5737.80482252	0.025042113019
5738.11898178	0.0250420867262
5738.43314105	0.0250420604339
5738.74730031	0.0250420341422
5739.06145958	0.0250420078511
5739.37561884	0.0250419815604
5739.68977811	0.0250419552703
5740.00393737	0.0250419289808
5740.31809664	0.0250419026919
5740.63225591	0.0250418764035
5740.94641517	0.0250418501158
5741.26057444	0.0250418238287
5741.5747337	0.0250417975424
5741.88889297	0.0250417712567
5742.20305223	0.0250417449717
5742.5172115	0.0250417186875
5742.83137076	0.0250416924039
5743.14553003	0.0250416661211
5743.45968929	0.0250416398389
5743.77384856	0.0250416135574
5744.08800782	0.0250415872765
5744.40216709	0.0250415609962
5744.71632635	0.0250415347165
5745.03048562	0.0250415084373
5745.34464489	0.0250414821587
5745.65880415	0.0250414558806
5745.97296342	0.0250414296031
5746.28712268	0.0250414033261
5746.60128195	0.0250413770497
5746.91544121	0.0250413507739
5747.22960048	0.0250413244988
5747.54375974	0.0250412982243
5747.85791901	0.0250412719505
5748.17207827	0.0250412456774
5748.48623754	0.025041219405
5748.8003968	0.0250411931333
5749.11455607	0.0250411668623
5749.42871534	0.0250411405921
5749.7428746	0.0250411143225
5750.05703387	0.0250410880535
5750.37119313	0.0250410617852
5750.6853524	0.0250410355174
5750.99951166	0.0250410092503
5751.31367093	0.0250409829837
5751.62783019	0.0250409567176
5751.94198946	0.0250409304521
5752.25614872	0.0250409041871
5752.57030799	0.0250408779226
5752.88446725	0.0250408516588
5753.19862652	0.0250408253956
5753.51278578	0.025040799133
5753.82694505	0.0250407728711
5754.14110432	0.0250407466098
5754.45526358	0.0250407203493
5754.76942285	0.0250406940895
5755.08358211	0.0250406678304
5755.39774138	0.025040641572
5755.71190064	0.0250406153143
5756.02605991	0.0250405890572
5756.34021917	0.0250405628008
5756.65437844	0.0250405365451
5756.9685377	0.0250405102899
5757.28269697	0.0250404840353
5757.59685623	0.0250404577812
5757.9110155	0.0250404315277
5758.22517477	0.0250404052747
5758.53933403	0.0250403790222
5758.8534933	0.0250403527704
5759.16765256	0.0250403265191
5759.48181183	0.0250403002684
5759.79597109	0.0250402740184
5760.11013036	0.0250402477691
5760.42428962	0.0250402215204
5760.73844889	0.0250401952725
5761.05260815	0.0250401690252
5761.36676742	0.0250401427787
5761.68092668	0.0250401165329
5761.99508595	0.0250400902877
5762.30924521	0.0250400640432
5762.62340448	0.0250400377994
5762.93756375	0.0250400115562
5763.25172301	0.0250399853135
5763.56588228	0.0250399590715
5763.88004154	0.02503993283
5764.19420081	0.025039906589
5764.50836007	0.0250398803485
5764.82251934	0.0250398541087
5765.1366786	0.0250398278694
5765.45083787	0.0250398016307
5765.76499713	0.0250397753926
5766.0791564	0.0250397491551
5766.39331566	0.0250397229183
5766.70747493	0.0250396966823
5767.0216342	0.0250396704469
5767.33579346	0.0250396442122
5767.64995273	0.0250396179782
5767.96411199	0.025039591745
5768.27827126	0.0250395655124
5768.59243052	0.0250395392805
5768.90658979	0.0250395130492
5769.22074905	0.0250394868186
5769.53490832	0.0250394605885
5769.84906758	0.025039434359
5770.16322685	0.02503940813
5770.47738611	0.0250393819016
5770.79154538	0.0250393556737
5771.10570464	0.0250393294464
5771.41986391	0.0250393032196
5771.73402318	0.0250392769935
5772.04818244	0.025039250768
5772.36234171	0.0250392245431
5772.67650097	0.0250391983189
5772.99066024	0.0250391720954
5773.3048195	0.0250391458726
5773.61897877	0.0250391196505
5773.93313803	0.0250390934291
5774.2472973	0.0250390672084
5774.56145656	0.0250390409884
5774.87561583	0.0250390147691
5775.18977509	0.0250389885503
5775.50393436	0.0250389623322
5775.81809363	0.0250389361147
5776.13225289	0.0250389098977
5776.44641216	0.0250388836813
5776.76057142	0.0250388574655
5777.07473069	0.0250388312501
5777.38888995	0.0250388050354
5777.70304922	0.0250387788212
5778.01720848	0.0250387526076
5778.33136775	0.0250387263947
5778.64552701	0.0250387001824
5778.95968628	0.0250386739707
5779.27384554	0.0250386477598
5779.58800481	0.0250386215496
5779.90216407	0.0250385953401
5780.21632334	0.0250385691313
5780.53048261	0.0250385429231
5780.84464187	0.0250385167157
5781.15880114	0.0250384905089
5781.4729604	0.0250384643028
5781.78711967	0.0250384380972
5782.10127893	0.0250384118922
5782.4154382	0.0250383856878
5782.72959746	0.025038359484
5783.04375673	0.0250383332807
5783.35791599	0.0250383070779
5783.67207526	0.0250382808757
5783.98623452	0.0250382546741
5784.30039379	0.0250382284731
5784.61455306	0.0250382022727
5784.92871232	0.025038176073
5785.24287159	0.0250381498739
5785.55703085	0.0250381236756
5785.87119012	0.0250380974779
5786.18534938	0.025038071281
5786.49950865	0.0250380450848
5786.81366791	0.0250380188892
5787.12782718	0.0250379926944
5787.44198644	0.0250379665001
5787.75614571	0.0250379403065
5788.07030497	0.0250379141135
5788.38446424	0.0250378879211
5788.6986235	0.0250378617293
5789.01278277	0.025037835538
5789.32694204	0.0250378093472
5789.6411013	0.025037783157
5789.95526057	0.0250377569674
5790.26941983	0.0250377307783
5790.5835791	0.0250377045899
5790.89773836	0.0250376784021
5791.21189763	0.0250376522149
5791.52605689	0.0250376260285
5791.84021616	0.0250375998427
5792.15437542	0.0250375736576
5792.46853469	0.0250375474733
5792.78269395	0.0250375212896
5793.09685322	0.0250374951067
5793.41101249	0.0250374689244
5793.72517175	0.0250374427427
5794.03933102	0.0250374165617
5794.35349028	0.0250373903812
5794.66764955	0.0250373642014
5794.98180881	0.0250373380221
5795.29596808	0.0250373118434
5795.61012734	0.0250372856652
5795.92428661	0.0250372594875
5796.23844587	0.0250372333104
5796.55260514	0.025037207134
5796.8667644	0.0250371809581
5797.18092367	0.0250371547829
5797.49508294	0.0250371286083
5797.8092422	0.0250371024344
5798.12340147	0.0250370762612
5798.43756073	0.0250370500887
5798.75172	0.025037023917
5799.06587926	0.0250369977459
5799.38003853	0.0250369715755
5799.69419779	0.0250369454058
5800.00835706	0.0250369192367
5800.32251632	0.0250368930682
5800.63667559	0.0250368669003
5800.95083485	0.025036840733
5801.26499412	0.0250368145663
5801.57915338	0.0250367884001
5801.89331265	0.0250367622345
5802.20747192	0.0250367360694
5802.52163118	0.0250367099049
5802.83579045	0.025036683741
5803.14994971	0.0250366575777
5803.46410898	0.0250366314151
5803.77826824	0.0250366052531
5804.09242751	0.0250365790918
5804.40658677	0.0250365529312
5804.72074604	0.0250365267713
5805.0349053	0.0250365006121
5805.34906457	0.0250364744536
5805.66322383	0.0250364482958
5805.9773831	0.0250364221386
5806.29154237	0.0250363959821
5806.60570163	0.0250363698262
5806.9198609	0.0250363436709
5807.23402016	0.0250363175161
5807.54817943	0.025036291362
5807.86233869	0.0250362652083
5808.17649796	0.0250362390553
5808.49065722	0.0250362129028
5808.80481649	0.0250361867508
5809.11897575	0.0250361605995
5809.43313502	0.0250361344488
5809.74729428	0.0250361082987
5810.06145355	0.0250360821493
5810.37561281	0.0250360560006
5810.68977208	0.0250360298526
5811.00393135	0.0250360037053
5811.31809061	0.0250359775586
5811.63224988	0.0250359514127
5811.94640914	0.0250359252675
5812.26056841	0.0250358991229
5812.57472767	0.025035872979
5812.88888694	0.0250358468356
5813.2030462	0.0250358206929
5813.51720547	0.0250357945507
5813.83136473	0.0250357684091
5814.145524	0.025035742268
5814.45968326	0.0250357161275
5814.77384253	0.0250356899876
5815.0880018	0.0250356638482
5815.40216106	0.0250356377095
5815.71632033	0.0250356115713
5816.03047959	0.0250355854339
5816.34463886	0.025035559297
5816.65879812	0.0250355331609
5816.97295739	0.0250355070255
5817.28711665	0.0250354808907
5817.60127592	0.0250354547567
5817.91543518	0.0250354286234
5818.22959445	0.0250354024907
5818.54375371	0.0250353763587
5818.85791298	0.0250353502273
5819.17207224	0.0250353240965
5819.48623151	0.0250352979664
5819.80039078	0.0250352718368
5820.11455004	0.0250352457077
5820.42870931	0.0250352195792
5820.74286857	0.0250351934513
5821.05702784	0.0250351673239
5821.3711871	0.0250351411971
5821.68534637	0.025035115071
5821.99950563	0.0250350889454
5822.3136649	0.0250350628205
5822.62782416	0.0250350366963
5822.94198343	0.0250350105727
5823.25614269	0.0250349844499
5823.57030196	0.0250349583277
5823.88446123	0.0250349322063
5824.19862049	0.0250349060855
5824.51277976	0.0250348799654
5824.82693902	0.025034853846
5825.14109829	0.0250348277272
5825.45525755	0.025034801609
5825.76941682	0.0250347754914
5826.08357608	0.0250347493743
5826.39773535	0.0250347232579
5826.71189461	0.0250346971419
5827.02605388	0.0250346710266
5827.34021314	0.0250346449118
5827.65437241	0.0250346187976
5827.96853167	0.025034592684
5828.28269094	0.025034566571
5828.59685021	0.0250345404587
5828.91100947	0.025034514347
5829.22516874	0.0250344882361
5829.539328	0.0250344621258
5829.85348727	0.0250344360163
5830.16764653	0.0250344099074
5830.4818058	0.0250343837992
5830.79596506	0.0250343576917
5831.11012433	0.0250343315849
5831.42428359	0.0250343054786
5831.73844286	0.025034279373
5832.05260212	0.025034253268
5832.36676139	0.0250342271635
5832.68092066	0.0250342010596
5832.99507992	0.0250341749562
5833.30923919	0.0250341488534
5833.62339845	0.0250341227512
5833.93755772	0.0250340966496
5834.25171698	0.0250340705486
5834.56587625	0.0250340444482
5834.88003551	0.0250340183484
5835.19419478	0.0250339922494
5835.50835404	0.025033966151
5835.82251331	0.0250339400534
5836.13667257	0.0250339139564
5836.45083184	0.0250338878601
5836.7649911	0.0250338617645
5837.07915037	0.0250338356696
5837.39330964	0.0250338095753
5837.7074689	0.0250337834816
5838.02162817	0.0250337573886
5838.33578743	0.0250337312961
5838.6499467	0.0250337052042
5838.96410596	0.0250336791129
5839.27826523	0.0250336530221
5839.59242449	0.0250336269319
5839.90658376	0.0250336008423
5840.22074302	0.0250335747532
5840.53490229	0.0250335486648
5840.84906155	0.025033522577
5841.16322082	0.0250334964898
5841.47738009	0.0250334704033
5841.79153935	0.0250334443176
5842.10569862	0.0250334182325
5842.41985788	0.0250333921481
5842.73401715	0.0250333660644
5843.04817641	0.0250333399814
5843.36233568	0.0250333138991
5843.67649494	0.0250332878174
5843.99065421	0.0250332617363
5844.30481347	0.0250332356558
5844.61897274	0.0250332095759
5844.933132	0.0250331834966
5845.24729127	0.0250331574178
5845.56145053	0.0250331313396
5845.8756098	0.025033105262
5846.18976907	0.0250330791849
5846.50392833	0.0250330531084
5846.8180876	0.0250330270326
5847.13224686	0.0250330009574
5847.44640613	0.0250329748828
5847.76056539	0.0250329488089
5848.07472466	0.0250329227358
5848.38888392	0.0250328966633
5848.70304319	0.0250328705915
5849.01720245	0.0250328445204
5849.33136172	0.02503281845
5849.64552098	0.0250327923802
5849.95968025	0.0250327663111
5850.27383952	0.0250327402426
5850.58799878	0.0250327141747
5850.90215805	0.0250326881073
5851.21631731	0.0250326620406
5851.53047658	0.0250326359744
5851.84463584	0.0250326099088
5852.15879511	0.0250325838437
5852.47295437	0.0250325577792
5852.78711364	0.0250325317153
5853.1012729	0.0250325056521
5853.41543217	0.0250324795895
5853.72959143	0.0250324535275
5854.0437507	0.0250324274662
5854.35790997	0.0250324014056
5854.67206923	0.0250323753457
5854.9862285	0.0250323492865
5855.30038776	0.025032323228
5855.61454703	0.0250322971702
5855.92870629	0.025032271113
5856.24286556	0.0250322450565
5856.55702482	0.0250322190005
5856.87118409	0.0250321929452
5857.18534335	0.0250321668905
5857.49950262	0.0250321408363
5857.81366188	0.0250321147827
5858.12782115	0.0250320887296
5858.44198041	0.0250320626771
5858.75613968	0.0250320366252
5859.07029895	0.0250320105739
5859.38445821	0.0250319845233
5859.69861748	0.0250319584732
5860.01277674	0.0250319324239
5860.32693601	0.0250319063752
5860.64109527	0.0250318803272
5860.95525454	0.0250318542799
5861.2694138	0.0250318282333
5861.58357307	0.0250318021874
5861.89773233	0.0250317761421
5862.2118916	0.0250317500975
5862.52605086	0.0250317240536
5862.84021013	0.0250316980102
5863.1543694	0.0250316719675
5863.46852866	0.0250316459253
5863.78268793	0.0250316198837
5864.09684719	0.0250315938427
5864.41100646	0.0250315678022
5864.72516572	0.0250315417623
5865.03932499	0.025031515723
5865.35348425	0.0250314896842
5865.66764352	0.0250314636462
5865.98180278	0.0250314376087
5866.29596205	0.025031411572
5866.61012131	0.0250313855359
5866.92428058	0.0250313595005
5867.23843984	0.0250313334658
5867.55259911	0.0250313074318
5867.86675838	0.0250312813985
5868.18091764	0.0250312553658
5868.49507691	0.0250312293338
5868.80923617	0.0250312033024
5869.12339544	0.0250311772717
5869.4375547	0.0250311512415
5869.75171397	0.0250311252119
5870.06587323	0.0250310991829
5870.3800325	0.0250310731544
5870.69419176	0.0250310471265
5871.00835103	0.0250310210992
5871.32251029	0.0250309950724
5871.63666956	0.0250309690463
5871.95082883	0.0250309430208
5872.26498809	0.025030916996
5872.57914736	0.0250308909718
5872.89330662	0.0250308649483
5873.20746589	0.0250308389255
5873.52162515	0.0250308129034
5873.83578442	0.025030786882
5874.14994368	0.0250307608613
5874.46410295	0.0250307348413
5874.77826221	0.0250307088218
5875.09242148	0.0250306828031
5875.40658074	0.0250306567849
5875.72074001	0.0250306307673
5876.03489927	0.0250306047503
5876.34905854	0.0250305787338
5876.66321781	0.0250305527179
5876.97737707	0.0250305267026
5877.29153634	0.0250305006879
5877.6056956	0.0250304746737
5877.91985487	0.0250304486602
5878.23401413	0.0250304226473
5878.5481734	0.0250303966351
5878.86233266	0.0250303706235
5879.17649193	0.0250303446126
5879.49065119	0.0250303186024
5879.80481046	0.0250302925929
5880.11896972	0.0250302665841
5880.43312899	0.025030240576
5880.74728826	0.0250302145685
5881.06144752	0.0250301885617
5881.37560679	0.0250301625555
5881.68976605	0.0250301365499
5882.00392532	0.0250301105449
5882.31808458	0.0250300845404
5882.63224385	0.0250300585366
5882.94640311	0.0250300325333
5883.26056238	0.0250300065305
5883.57472164	0.0250299805284
5883.88888091	0.0250299545268
5884.20304017	0.0250299285259
5884.51719944	0.0250299025256
5884.8313587	0.025029876526
5885.14551797	0.025029850527
5885.45967724	0.0250298245287
5885.7738365	0.0250297985311
5886.08799577	0.0250297725342
5886.40215503	0.025029746538
5886.7163143	0.0250297205425
5887.03047356	0.0250296945476
5887.34463283	0.0250296685534
5887.65879209	0.0250296425598
5887.97295136	0.0250296165667
5888.28711062	0.0250295905743
5888.60126989	0.0250295645825
5888.91542915	0.0250295385912
5889.22958842	0.0250295126005
5889.54374769	0.0250294866103
5889.85790695	0.0250294606208
5890.17206622	0.0250294346318
5890.48622548	0.0250294086435
5890.80038475	0.0250293826558
5891.11454401	0.0250293566687
5891.42870328	0.0250293306824
5891.74286254	0.0250293046967
5892.05702181	0.0250292787117
5892.37118107	0.0250292527274
5892.68534034	0.0250292267438
5892.9994996	0.0250292007609
5893.31365887	0.0250291747786
5893.62781813	0.0250291487969
5893.9419774	0.0250291228159
5894.25613667	0.0250290968355
5894.57029593	0.0250290708556
5894.8844552	0.0250290448764
5895.19861446	0.0250290188977
5895.51277373	0.0250289929195
5895.82693299	0.025028966942
5896.14109226	0.025028940965
5896.45525152	0.0250289149886
5896.76941079	0.0250288890129
5897.08357005	0.0250288630378
5897.39772932	0.0250288370634
5897.71188858	0.0250288110896
5898.02604785	0.0250287851166
5898.34020712	0.0250287591442
5898.65436638	0.0250287331725
5898.96852565	0.0250287072015
5899.28268491	0.0250286812311
5899.59684418	0.0250286552614
5899.91100344	0.0250286292924
5900.22516271	0.0250286033239
5900.53932197	0.0250285773561
5900.85348124	0.0250285513888
5901.1676405	0.0250285254222
5901.48179977	0.0250284994561
5901.79595903	0.0250284734905
5902.1101183	0.0250284475255
5902.42427756	0.0250284215612
5902.73843683	0.0250283955974
5903.0525961	0.0250283696343
5903.36675536	0.0250283436718
5903.68091463	0.02502831771
5903.99507389	0.0250282917488
5904.30923316	0.0250282657883
5904.62339242	0.0250282398286
5904.93755169	0.0250282138695
5905.25171095	0.0250281879111
5905.56587022	0.0250281619533
5905.88002948	0.0250281359962
5906.19418875	0.0250281100398
5906.50834801	0.0250280840839
5906.82250728	0.0250280581287
5907.13666655	0.025028032174
5907.45082581	0.0250280062199
5907.76498508	0.0250279802664
5908.07914434	0.0250279543134
5908.39330361	0.0250279283611
5908.70746287	0.0250279024093
5909.02162214	0.0250278764581
5909.3357814	0.0250278505076
5909.64994067	0.0250278245577
5909.96409993	0.0250277986085
5910.2782592	0.02502777266
5910.59241846	0.0250277467121
5910.90657773	0.0250277207649
5911.220737	0.0250276948185
5911.53489626	0.0250276688726
5911.84905553	0.0250276429275
5912.16321479	0.025027616983
5912.47737406	0.0250275910391
5912.79153332	0.0250275650959
5913.10569259	0.0250275391532
5913.41985185	0.0250275132111
5913.73401112	0.0250274872696
5914.04817038	0.0250274613287
5914.36232965	0.0250274353883
5914.67648891	0.0250274094486
5914.99064818	0.0250273835094
5915.30480744	0.0250273575708
5915.61896671	0.0250273316329
5915.93312598	0.0250273056956
5916.24728524	0.025027279759
5916.56144451	0.0250272538231
5916.87560377	0.0250272278878
5917.18976304	0.0250272019533
5917.5039223	0.0250271760194
5917.81808157	0.0250271500862
5918.13224083	0.0250271241537
5918.4464001	0.0250270982218
5918.76055936	0.0250270722905
5919.07471863	0.0250270463598
5919.38887789	0.0250270204298
5919.70303716	0.0250269945003
5920.01719643	0.0250269685714
5920.33135569	0.025026942643
5920.64551496	0.0250269167153
5920.95967422	0.0250268907881
5921.27383349	0.0250268648615
5921.58799275	0.0250268389356
5921.90215202	0.0250268130102
5922.21631128	0.0250267870856
5922.53047055	0.0250267611616
5922.84462981	0.0250267352382
5923.15878908	0.0250267093156
5923.47294834	0.0250266833937
5923.78710761	0.0250266574724
5924.10126687	0.0250266315518
5924.41542614	0.0250266056319
5924.72958541	0.0250265797126
5925.04374467	0.0250265537939
5925.35790394	0.0250265278758
5925.6720632	0.0250265019584
5925.98622247	0.0250264760415
5926.30038173	0.0250264501252
5926.614541	0.0250264242095
5926.92870026	0.0250263982943
5927.24285953	0.0250263723797
5927.55701879	0.0250263464658
5927.87117806	0.0250263205524
5928.18533732	0.0250262946397
5928.49949659	0.0250262687277
5928.81365586	0.0250262428163
5929.12781512	0.0250262169056
5929.44197439	0.0250261909955
5929.75613365	0.0250261650862
5930.07029292	0.0250261391776
5930.38445218	0.0250261132696
5930.69861145	0.0250260873622
5931.01277071	0.0250260614555
5931.32692998	0.0250260355495
5931.64108924	0.025026009644
5931.95524851	0.0250259837392
5932.26940777	0.0250259578349
5932.58356704	0.0250259319312
5932.8977263	0.0250259060281
5933.21188557	0.0250258801255
5933.52604484	0.0250258542236
5933.8402041	0.0250258283222
5934.15436337	0.0250258024215
5934.46852263	0.0250257765214
5934.7826819	0.025025750622
5935.09684116	0.0250257247232
5935.41100043	0.0250256988251
5935.72515969	0.0250256729277
5936.03931896	0.025025647031
5936.35347822	0.0250256211349
5936.66763749	0.0250255952395
5936.98179675	0.0250255693448
5937.29595602	0.0250255434507
5937.61011529	0.0250255175573
5937.92427455	0.0250254916644
5938.23843382	0.0250254657721
5938.55259308	0.0250254398805
5938.86675235	0.0250254139894
5939.18091161	0.0250253880988
5939.49507088	0.0250253622089
5939.80923014	0.0250253363196
5940.12338941	0.0250253104308
5940.43754867	0.0250252845427
5940.75170794	0.0250252586553
5941.0658672	0.0250252327684
5941.38002647	0.0250252068823
5941.69418573	0.0250251809968
5942.008345	0.0250251551121
5942.32250427	0.025025129228
5942.63666353	0.0250251033445
5942.9508228	0.0250250774618
5943.26498206	0.0250250515796
5943.57914133	0.0250250256982
5943.89330059	0.0250249998173
5944.20745986	0.025024973937
5944.52161912	0.0250249480574
5944.83577839	0.0250249221783
5945.14993765	0.0250248962998
5945.46409692	0.0250248704219
5945.77825618	0.0250248445446
5946.09241545	0.0250248186678
5946.40657472	0.0250247927917
5946.72073398	0.0250247669162
5947.03489325	0.0250247410414
5947.34905251	0.0250247151672
5947.66321178	0.0250246892937
5947.97737104	0.0250246634208
5948.29153031	0.0250246375487
5948.60568957	0.0250246116772
5948.91984884	0.0250245858064
5949.2340081	0.0250245599362
5949.54816737	0.0250245340667
5949.86232663	0.0250245081979
5950.1764859	0.0250244823296
5950.49064516	0.025024456462
5950.80480443	0.0250244305949
5951.1189637	0.0250244047284
5951.43312296	0.0250243788625
5951.74728223	0.0250243529972
5952.06144149	0.0250243271325
5952.37560076	0.0250243012684
5952.68976002	0.0250242754049
5953.00391929	0.0250242495421
5953.31807855	0.0250242236798
5953.63223782	0.0250241978183
5953.94639708	0.0250241719574
5954.26055635	0.0250241460972
5954.57471561	0.0250241202376
5954.88887488	0.0250240943788
5955.20303415	0.0250240685206
5955.51719341	0.0250240426631
5955.83135268	0.0250240168062
5956.14551194	0.0250239909499
5956.45967121	0.0250239650943
5956.77383047	0.0250239392392
5957.08798974	0.0250239133848
5957.402149	0.0250238875309
5957.71630827	0.0250238616776
5958.03046753	0.0250238358249
5958.3446268	0.0250238099728
5958.65878606	0.0250237841214
5958.97294533	0.0250237582705
5959.28710459	0.0250237324203
5959.60126386	0.0250237065707
5959.91542313	0.0250236807218
5960.22958239	0.0250236548735
5960.54374166	0.0250236290259
5960.85790092	0.025023603179
5961.17206019	0.0250235773328
5961.48621945	0.0250235514872
5961.80037872	0.0250235256423
5962.11453798	0.025023499798
5962.42869725	0.0250234739544
5962.74285651	0.0250234481113
5963.05701578	0.0250234222689
5963.37117504	0.025023396427
5963.68533431	0.0250233705858
5963.99949358	0.0250233447451
5964.31365284	0.0250233189051
5964.62781211	0.0250232930656
5964.94197137	0.0250232672268
5965.25613064	0.0250232413885
5965.5702899	0.0250232155509
5965.88444917	0.025023189714
5966.19860843	0.0250231638777
5966.5127677	0.025023138042
5966.82692696	0.0250231122071
5967.14108623	0.0250230863728
5967.45524549	0.0250230605392
5967.76940476	0.0250230347062
5968.08356402	0.0250230088739
5968.39772329	0.0250229830423
5968.71188256	0.0250229572112
5969.02604182	0.0250229313808
5969.34020109	0.0250229055509
5969.65436035	0.0250228797217
5969.96851962	0.0250228538931
5970.28267888	0.025022828065
5970.59683815	0.0250228022376
5970.91099741	0.0250227764108
5971.22515668	0.0250227505845
5971.53931594	0.0250227247589
5971.85347521	0.025022698934
5972.16763447	0.0250226731096
5972.48179374	0.025022647286
5972.79595301	0.025022621463
5973.11011227	0.0250225956407
5973.42427154	0.025022569819
5973.7384308	0.025022543998
5974.05259007	0.0250225181777
5974.36674933	0.025022492358
5974.6809086	0.0250224665389
5974.99506786	0.0250224407205
5975.30922713	0.0250224149027
5975.62338639	0.0250223890855
5975.93754566	0.0250223632688
5976.25170492	0.0250223374528
5976.56586419	0.0250223116374
5976.88002346	0.0250222858226
5977.19418272	0.0250222600083
5977.50834199	0.0250222341947
5977.82250125	0.0250222083818
5978.13666052	0.0250221825694
5978.45081978	0.0250221567577
5978.76497905	0.0250221309467
5979.07913831	0.0250221051363
5979.39329758	0.0250220793266
5979.70745684	0.0250220535176
5980.02161611	0.0250220277092
5980.33577537	0.0250220019015
5980.64993464	0.0250219760944
5980.9640939	0.025021950288
5981.27825317	0.0250219244822
5981.59241244	0.025021898677
5981.9065717	0.0250218728724
5982.22073097	0.0250218470684
5982.53489023	0.025021821265
5982.8490495	0.0250217954622
5983.16320876	0.02502176966
5983.47736803	0.0250217438584
5983.79152729	0.0250217180574
5984.10568656	0.0250216922571
5984.41984582	0.0250216664574
5984.73400509	0.0250216406583
5985.04816435	0.0250216148599
5985.36232362	0.0250215890621
5985.67648289	0.0250215632651
5985.99064215	0.0250215374687
5986.30480142	0.0250215116729
5986.61896068	0.0250214858779
5986.93311995	0.0250214600834
5987.24727921	0.0250214342896
5987.56143848	0.0250214084964
5987.87559774	0.0250213827038
5988.18975701	0.0250213569119
5988.50391627	0.0250213311205
5988.81807554	0.0250213053297
5989.1322348	0.0250212795395
5989.44639407	0.02502125375
5989.76055333	0.025021227961
5990.0747126	0.0250212021726
5990.38887187	0.0250211763849
5990.70303113	0.0250211505978
5991.0171904	0.0250211248114
5991.33134966	0.0250210990256
5991.64550893	0.0250210732405
5991.95966819	0.0250210474561
5992.27382746	0.0250210216723
5992.58798672	0.0250209958892
5992.90214599	0.0250209701068
5993.21630525	0.0250209443249
5993.53046452	0.0250209185438
5993.84462378	0.0250208927632
5994.15878305	0.0250208669832
5994.47294232	0.0250208412039
5994.78710158	0.0250208154251
5995.10126085	0.025020789647
5995.41542011	0.0250207638694
5995.72957938	0.0250207380925
5996.04373864	0.0250207123161
5996.35789791	0.0250206865404
5996.67205717	0.0250206607653
5996.98621644	0.0250206349909
5997.3003757	0.0250206092171
5997.61453497	0.025020583444
5997.92869423	0.0250205576715
5998.2428535	0.0250205318997
5998.55701276	0.0250205061286
5998.87117203	0.0250204803581
5999.1853313	0.0250204545882
5999.49949056	0.0250204288191
5999.81364983	0.0250204030505
6000.12780909	0.0250203772826
6000.44196836	0.0250203515152
6000.75612762	0.0250203257485
6001.07028689	0.0250202999824
6001.38444615	0.0250202742169
6001.69860542	0.025020248452
6002.01276468	0.0250202226876
6002.32692395	0.0250201969239
6002.64108321	0.0250201711608
6002.95524248	0.0250201453984
6003.26940175	0.0250201196366
6003.58356101	0.0250200938754
6003.89772028	0.0250200681149
6004.21187954	0.0250200423551
6004.52603881	0.0250200165959
6004.84019807	0.0250199908374
6005.15435734	0.0250199650796
6005.4685166	0.0250199393224
6005.78267587	0.0250199135658
6006.09683513	0.0250198878099
6006.4109944	0.0250198620546
6006.72515366	0.0250198362999
6007.03931293	0.0250198105458
6007.35347219	0.0250197847923
6007.66763146	0.0250197590394
6007.98179073	0.0250197332871
6008.29594999	0.0250197075354
6008.61010926	0.0250196817844
6008.92426852	0.0250196560339
6009.23842779	0.0250196302841
6009.55258705	0.0250196045349
6009.86674632	0.0250195787864
6010.18090558	0.0250195530386
6010.49506485	0.0250195272914
6010.80922411	0.0250195015448
6011.12338338	0.025019475799
6011.43754264	0.0250194500538
6011.75170191	0.0250194243092
6012.06586118	0.0250193985653
6012.38002044	0.025019372822
6012.69417971	0.0250193470793
6013.00833897	0.0250193213372
6013.32249824	0.0250192955957
6013.6366575	0.0250192698549
6013.95081677	0.0250192441146
6014.26497603	0.025019218375
6014.5791353	0.0250191926359
6014.89329456	0.0250191668975
6015.20745383	0.0250191411597
6015.52161309	0.0250191154225
6015.83577236	0.025019089686
6016.14993162	0.0250190639501
6016.46409089	0.0250190382149
6016.77825016	0.0250190124804
6017.09240942	0.0250189867465
6017.40656869	0.0250189610133
6017.72072795	0.0250189352807
6018.03488722	0.0250189095487
6018.34904648	0.0250188838174
6018.66320575	0.0250188580868
6018.97736501	0.0250188323567
6019.29152428	0.0250188066273
6019.60568354	0.0250187808985
6019.91984281	0.0250187551702
6020.23400207	0.0250187294426
6020.54816134	0.0250187037156
6020.86232061	0.0250186779892
6021.17647987	0.0250186522634
6021.49063914	0.0250186265382
6021.8047984	0.0250186008137
6022.11895767	0.0250185750898
6022.43311693	0.0250185493666
6022.7472762	0.025018523644
6023.06143546	0.0250184979221
6023.37559473	0.0250184722009
6023.68975399	0.0250184464803
6024.00391326	0.0250184207604
6024.31807252	0.0250183950411
6024.63223179	0.0250183693224
6024.94639105	0.0250183436044
6025.26055032	0.0250183178869
6025.57470959	0.0250182921701
6025.88886885	0.0250182664539
6026.20302812	0.0250182407383
6026.51718738	0.0250182150233
6026.83134665	0.025018189309
6027.14550591	0.0250181635952
6027.45966518	0.0250181378821
6027.77382444	0.0250181121695
6028.08798371	0.0250180864577
6028.40214297	0.0250180607464
6028.71630224	0.0250180350359
6029.0304615	0.025018009326
6029.34462077	0.0250179836167
6029.65878004	0.0250179579081
6029.9729393	0.0250179322002
6030.28709857	0.0250179064929
6030.60125783	0.0250178807862
6030.9154171	0.0250178550802
6031.22957636	0.0250178293748
6031.54373563	0.02501780367
6031.85789489	0.0250177779658
6032.17205416	0.0250177522622
6032.48621342	0.0250177265593
6032.80037269	0.0250177008569
6033.11453195	0.0250176751552
6033.42869122	0.0250176494541
6033.74285049	0.0250176237536
6034.05700975	0.0250175980537
6034.37116902	0.0250175723545
6034.68532828	0.0250175466559
6034.99948755	0.025017520958
6035.31364681	0.0250174952608
6035.62780608	0.0250174695641
6035.94196534	0.0250174438682
6036.25612461	0.0250174181729
6036.57028387	0.0250173924782
6036.88444314	0.0250173667842
6037.1986024	0.0250173410908
6037.51276167	0.025017315398
6037.82692093	0.0250172897059
6038.1410802	0.0250172640144
6038.45523947	0.0250172383234
6038.76939873	0.0250172126331
6039.083558	0.0250171869434
6039.39771726	0.0250171612543
6039.71187653	0.0250171355659
6040.02603579	0.025017109878
6040.34019506	0.0250170841908
6040.65435432	0.0250170585043
6040.96851359	0.0250170328183
6041.28267285	0.0250170071331
6041.59683212	0.0250169814484
6041.91099138	0.0250169557645
6042.22515065	0.0250169300812
6042.53930992	0.0250169043985
6042.85346918	0.0250168787165
6043.16762845	0.0250168530351
6043.48178771	0.0250168273543
6043.79594698	0.0250168016742
6044.11010624	0.0250167759947
6044.42426551	0.0250167503158
6044.73842477	0.0250167246376
6045.05258404	0.0250166989599
6045.3667433	0.0250166732828
6045.68090257	0.0250166476064
6045.99506183	0.0250166219306
6046.3092211	0.0250165962554
6046.62338036	0.0250165705809
6046.93753963	0.0250165449069
6047.2516989	0.0250165192337
6047.56585816	0.0250164935611
6047.88001743	0.0250164678891
6048.19417669	0.0250164422178
6048.50833596	0.0250164165471
6048.82249522	0.0250163908771
6049.13665449	0.0250163652077
6049.45081375	0.025016339539
6049.76497302	0.0250163138709
6050.07913228	0.0250162882034
6050.39329155	0.0250162625365
6050.70745081	0.0250162368703
6051.02161008	0.0250162112047
6051.33576935	0.0250161855397
6051.64992861	0.0250161598753
6051.96408788	0.0250161342115
6052.27824714	0.0250161085483
6052.59240641	0.0250160828858
6052.90656567	0.0250160572239
6053.22072494	0.0250160315626
6053.5348842	0.025016005902
6053.84904347	0.025015980242
6054.16320273	0.0250159545827
6054.477362	0.0250159289241
6054.79152126	0.0250159032661
6055.10568053	0.0250158776087
6055.41983979	0.025015851952
6055.73399906	0.0250158262959
6056.04815833	0.0250158006404
6056.36231759	0.0250157749856
6056.67647686	0.0250157493314
6056.99063612	0.0250157236778
6057.30479539	0.0250156980248
6057.61895465	0.0250156723725
6057.93311392	0.0250156467207
6058.24727318	0.0250156210696
6058.56143245	0.0250155954191
6058.87559171	0.0250155697692
6059.18975098	0.02501554412
6059.50391024	0.0250155184714
6059.81806951	0.0250154928234
6060.13222878	0.0250154671761
6060.44638804	0.0250154415294
6060.76054731	0.0250154158834
6061.07470657	0.0250153902381
6061.38886584	0.0250153645933
6061.7030251	0.0250153389493
6062.01718437	0.0250153133058
6062.33134363	0.025015287663
6062.6455029	0.0250152620208
6062.95966216	0.0250152363793
6063.27382143	0.0250152107384
6063.58798069	0.025015185098
6063.90213996	0.0250151594583
6064.21629922	0.0250151338193
6064.53045849	0.0250151081808
6064.84461776	0.0250150825429
6065.15877702	0.0250150569057
6065.47293629	0.0250150312691
6065.78709555	0.0250150056332
6066.10125482	0.0250149799979
6066.41541408	0.0250149543632
6066.72957335	0.0250149287292
6067.04373261	0.0250149030959
6067.35789188	0.0250148774632
6067.67205114	0.0250148518311
6067.98621041	0.0250148261997
6068.30036967	0.0250148005689
6068.61452894	0.0250147749388
6068.92868821	0.0250147493092
6069.24284747	0.0250147236803
6069.55700674	0.0250146980521
6069.871166	0.0250146724244
6070.18532527	0.0250146467974
6070.49948453	0.0250146211709
6070.8136438	0.0250145955451
6071.12780306	0.0250145699199
6071.44196233	0.0250145442954
6071.75612159	0.0250145186714
6072.07028086	0.0250144930481
6072.38444012	0.0250144674255
6072.69859939	0.0250144418035
6073.01275865	0.0250144161822
6073.32691792	0.0250143905615
6073.64107719	0.0250143649414
6073.95523645	0.025014339322
6074.26939572	0.0250143137033
6074.58355498	0.0250142880852
6074.89771425	0.0250142624677
6075.21187351	0.0250142368508
6075.52603278	0.0250142112345
6075.84019204	0.0250141856189
6076.15435131	0.0250141600039
6076.46851057	0.0250141343895
6076.78266984	0.0250141087758
6077.0968291	0.0250140831626
6077.41098837	0.0250140575501
6077.72514764	0.0250140319382
6078.0393069	0.0250140063269
6078.35346617	0.0250139807163
6078.66762543	0.0250139551063
6078.9817847	0.025013929497
6079.29594396	0.0250139038883
6079.61010323	0.0250138782803
6079.92426249	0.0250138526729
6080.23842176	0.0250138270662
6080.55258102	0.0250138014601
6080.86674029	0.0250137758546
6081.18089955	0.0250137502498
6081.49505882	0.0250137246456
6081.80921808	0.025013699042
6082.12337735	0.025013673439
6082.43753662	0.0250136478367
6082.75169588	0.025013622235
6083.06585515	0.0250135966339
6083.38001441	0.0250135710334
6083.69417368	0.0250135454335
6084.00833294	0.0250135198343
6084.32249221	0.0250134942357
6084.63665147	0.0250134686377
6084.95081074	0.0250134430404
6085.26497	0.0250134174437
6085.57912927	0.0250133918477
6085.89328853	0.0250133662524
6086.2074478	0.0250133406576
6086.52160707	0.0250133150635
6086.83576633	0.0250132894701
6087.1499256	0.0250132638773
6087.46408486	0.0250132382851
6087.77824413	0.0250132126936
6088.09240339	0.0250131871027
6088.40656266	0.0250131615124
6088.72072192	0.0250131359227
6089.03488119	0.0250131103336
6089.34904045	0.0250130847452
6089.66319972	0.0250130591574
6089.97735898	0.0250130335702
6090.29151825	0.0250130079836
6090.60567752	0.0250129823977
6090.91983678	0.0250129568124
6091.23399605	0.0250129312278
6091.54815531	0.0250129056438
6091.86231458	0.0250128800604
6092.17647384	0.0250128544777
6092.49063311	0.0250128288956
6092.80479237	0.0250128033142
6093.11895164	0.0250127777335
6093.4331109	0.0250127521533
6093.74727017	0.0250127265738
6094.06142943	0.0250127009949
6094.3755887	0.0250126754167
6094.68974796	0.0250126498391
6095.00390723	0.0250126242621
6095.3180665	0.0250125986857
6095.63222576	0.0250125731099
6095.94638503	0.0250125475347
6096.26054429	0.0250125219602
6096.57470356	0.0250124963863
6096.88886282	0.025012470813
6097.20302209	0.0250124452404
6097.51718135	0.0250124196684
6097.83134062	0.0250123940971
6098.14549988	0.0250123685264
6098.45965915	0.0250123429564
6098.77381841	0.025012317387
6099.08797768	0.0250122918183
6099.40213695	0.0250122662502
6099.71629621	0.0250122406827
6100.03045548	0.0250122151159
6100.34461474	0.0250121895497
6100.65877401	0.0250121639841
6100.97293327	0.0250121384191
6101.28709254	0.0250121128548
6101.6012518	0.0250120872911
6101.91541107	0.0250120617279
6102.22957033	0.0250120361655
6102.5437296	0.0250120106036
6102.85788886	0.0250119850424
6103.17204813	0.0250119594818
6103.48620739	0.0250119339218
6103.80036666	0.0250119083625
6104.11452593	0.0250118828039
6104.42868519	0.0250118572459
6104.74284446	0.0250118316885
6105.05700372	0.0250118061318
6105.37116299	0.0250117805757
6105.68532225	0.0250117550203
6105.99948152	0.0250117294655
6106.31364078	0.0250117039113
6106.62780005	0.0250116783578
6106.94195931	0.0250116528049
6107.25611858	0.0250116272526
6107.57027784	0.0250116017009
6107.88443711	0.0250115761499
6108.19859638	0.0250115505994
6108.51275564	0.0250115250496
6108.82691491	0.0250114995004
6109.14107417	0.0250114739519
6109.45523344	0.025011448404
6109.7693927	0.0250114228567
6110.08355197	0.02501139731
6110.39771123	0.0250113717641
6110.7118705	0.0250113462187
6111.02602976	0.025011320674
6111.34018903	0.02501129513
6111.65434829	0.0250112695866
6111.96850756	0.0250112440438
6112.28266682	0.0250112185017
6112.59682609	0.0250111929602
6112.91098536	0.0250111674194
6113.22514462	0.0250111418791
6113.53930389	0.0250111163395
6113.85346315	0.0250110908005
6114.16762242	0.0250110652621
6114.48178168	0.0250110397244
6114.79594095	0.0250110141872
6115.11010021	0.0250109886507
6115.42425948	0.0250109631148
6115.73841874	0.0250109375796
6116.05257801	0.025010912045
6116.36673727	0.0250108865111
6116.68089654	0.0250108609777
6116.99505581	0.0250108354451
6117.30921507	0.0250108099131
6117.62337434	0.0250107843817
6117.9375336	0.025010758851
6118.25169287	0.0250107333209
6118.56585213	0.0250107077915
6118.8800114	0.0250106822627
6119.19417066	0.0250106567345
6119.50832993	0.0250106312069
6119.82248919	0.02501060568
6120.13664846	0.0250105801536
6120.45080772	0.0250105546279
6120.76496699	0.0250105291028
6121.07912625	0.0250105035784
6121.39328552	0.0250104780545
6121.70744479	0.0250104525313
6122.02160405	0.0250104270088
6122.33576332	0.0250104014869
6122.64992258	0.0250103759656
6122.96408185	0.025010350445
6123.27824111	0.025010324925
6123.59240038	0.0250102994057
6123.90655964	0.025010273887
6124.22071891	0.0250102483689
6124.53487817	0.0250102228515
6124.84903744	0.0250101973348
6125.1631967	0.0250101718186
6125.47735597	0.0250101463031
6125.79151524	0.0250101207882
6126.1056745	0.025010095274
6126.41983377	0.0250100697603
6126.73399303	0.0250100442473
6127.0481523	0.0250100187349
6127.36231156	0.0250099932231
6127.67647083	0.0250099677119
6127.99063009	0.0250099422014
6128.30478936	0.0250099166915
6128.61894862	0.0250098911823
6128.93310789	0.0250098656737
6129.24726715	0.0250098401658
6129.56142642	0.0250098146585
6129.87558568	0.0250097891518
6130.18974495	0.0250097636459
6130.50390422	0.0250097381405
6130.81806348	0.0250097126358
6131.13222275	0.0250096871317
6131.44638201	0.0250096616282
6131.76054128	0.0250096361254
6132.07470054	0.0250096106232
6132.38885981	0.0250095851216
6132.70301907	0.0250095596206
6133.01717834	0.0250095341203
6133.3313376	0.0250095086205
6133.64549687	0.0250094831214
6133.95965613	0.025009457623
6134.2738154	0.0250094321251
6134.58797467	0.0250094066279
6134.90213393	0.0250093811314
6135.2162932	0.0250093556355
6135.53045246	0.0250093301402
6135.84461173	0.0250093046456
6136.15877099	0.0250092791517
6136.47293026	0.0250092536584
6136.78708952	0.0250092281657
6137.10124879	0.0250092026737
6137.41540805	0.0250091771823
6137.72956732	0.0250091516915
6138.04372658	0.0250091262013
6138.35788585	0.0250091007118
6138.67204511	0.0250090752229
6138.98620438	0.0250090497346
6139.30036365	0.0250090242469
6139.61452291	0.0250089987599
6139.92868218	0.0250089732735
6140.24284144	0.0250089477877
6140.55700071	0.0250089223025
6140.87115997	0.025008896818
6141.18531924	0.0250088713342
6141.4994785	0.025008845851
6141.81363777	0.0250088203684
6142.12779703	0.0250087948865
6142.4419563	0.0250087694052
6142.75611556	0.0250087439246
6143.07027483	0.0250087184446
6143.3844341	0.0250086929653
6143.69859336	0.0250086674865
6144.01275263	0.0250086420084
6144.32691189	0.025008616531
6144.64107116	0.0250085910541
6144.95523042	0.0250085655779
6145.26938969	0.0250085401023
6145.58354895	0.0250085146273
6145.89770822	0.0250084891529
6146.21186748	0.0250084636792
6146.52602675	0.0250084382061
6146.84018601	0.0250084127336
6147.15434528	0.0250083872618
6147.46850455	0.0250083617907
6147.78266381	0.0250083363201
6148.09682308	0.0250083108503
6148.41098234	0.025008285381
6148.72514161	0.0250082599125
6149.03930087	0.0250082344445
6149.35346014	0.0250082089772
6149.6676194	0.0250081835106
6149.98177867	0.0250081580445
6150.29593793	0.0250081325791
6150.6100972	0.0250081071143
6150.92425646	0.0250080816502
6151.23841573	0.0250080561866
6151.55257499	0.0250080307237
6151.86673426	0.0250080052614
6152.18089353	0.0250079797997
6152.49505279	0.0250079543387
6152.80921206	0.0250079288783
6153.12337132	0.0250079034185
6153.43753059	0.0250078779594
6153.75168985	0.0250078525009
6154.06584912	0.0250078270431
6154.38000838	0.0250078015859
6154.69416765	0.0250077761294
6155.00832691	0.0250077506735
6155.32248618	0.0250077252182
6155.63664544	0.0250076997636
6155.95080471	0.0250076743096
6156.26496398	0.0250076488563
6156.57912324	0.0250076234036
6156.89328251	0.0250075979515
6157.20744177	0.0250075725
6157.52160104	0.0250075470491
6157.8357603	0.0250075215989
6158.14991957	0.0250074961493
6158.46407883	0.0250074707003
6158.7782381	0.0250074452519
6159.09239736	0.0250074198042
6159.40655663	0.0250073943572
6159.72071589	0.0250073689107
6160.03487516	0.025007343465
6160.34903442	0.0250073180198
6160.66319369	0.0250072925753
6160.97735296	0.0250072671315
6161.29151222	0.0250072416883
6161.60567149	0.0250072162457
6161.91983075	0.0250071908038
6162.23399002	0.0250071653625
6162.54814928	0.0250071399219
6162.86230855	0.0250071144818
6163.17646781	0.0250070890424
6163.49062708	0.0250070636036
6163.80478634	0.0250070381654
6164.11894561	0.0250070127279
6164.43310487	0.025006987291
6164.74726414	0.0250069618547
6165.06142341	0.025006936419
6165.37558267	0.025006910984
6165.68974194	0.0250068855496
6166.0039012	0.0250068601159
6166.31806047	0.0250068346828
6166.63221973	0.0250068092504
6166.946379	0.0250067838186
6167.26053826	0.0250067583875
6167.57469753	0.025006732957
6167.88885679	0.0250067075271
6168.20301606	0.0250066820979
6168.51717532	0.0250066566693
6168.83133459	0.0250066312413
6169.14549385	0.0250066058139
6169.45965312	0.0250065803872
6169.77381239	0.0250065549611
6170.08797165	0.0250065295356
6170.40213092	0.0250065041108
6170.71629018	0.0250064786865
6171.03044945	0.025006453263
6171.34460871	0.02500642784
6171.65876798	0.0250064024177
6171.97292724	0.025006376996
6172.28708651	0.025006351575
6172.60124577	0.0250063261546
6172.91540504	0.0250063007349
6173.2295643	0.0250062753158
6173.54372357	0.0250062498974
6173.85788284	0.0250062244796
6174.1720421	0.0250061990624
6174.48620137	0.0250061736459
6174.80036063	0.0250061482299
6175.1145199	0.0250061228147
6175.42867916	0.0250060974
6175.74283843	0.025006071986
6176.05699769	0.0250060465726
6176.37115696	0.0250060211598
6176.68531622	0.0250059957476
6176.99947549	0.0250059703361
6177.31363475	0.0250059449252
6177.62779402	0.0250059195149
6177.94195328	0.0250058941053
6178.25611255	0.0250058686964
6178.57027182	0.025005843288
6178.88443108	0.0250058178804
6179.19859035	0.0250057924733
6179.51274961	0.025005767067
6179.82690888	0.0250057416612
6180.14106814	0.0250057162561
6180.45522741	0.0250056908516
6180.76938667	0.0250056654478
6181.08354594	0.0250056400446
6181.3977052	0.025005614642
6181.71186447	0.02500558924
6182.02602373	0.0250055638387
6182.340183	0.025005538438
6182.65434227	0.0250055130379
6182.96850153	0.0250054876384
6183.2826608	0.0250054622396
6183.59682006	0.0250054368414
6183.91097933	0.0250054114439
6184.22513859	0.025005386047
6184.53929786	0.0250053606507
6184.85345712	0.0250053352551
6185.16761639	0.0250053098601
6185.48177565	0.0250052844658
6185.79593492	0.0250052590721
6186.11009418	0.0250052336791
6186.42425345	0.0250052082867
6186.73841271	0.0250051828949
6187.05257198	0.0250051575038
6187.36673125	0.0250051321132
6187.68089051	0.0250051067234
6187.99504978	0.0250050813341
6188.30920904	0.0250050559454
6188.62336831	0.0250050305574
6188.93752757	0.02500500517
6189.25168684	0.0250049797833
6189.5658461	0.0250049543972
6189.88000537	0.0250049290117
6190.19416463	0.0250049036268
6190.5083239	0.0250048782426
6190.82248316	0.0250048528591
6191.13664243	0.0250048274762
6191.4508017	0.0250048020939
6191.76496096	0.0250047767123
6192.07912023	0.0250047513313
6192.39327949	0.025004725951
6192.70743876	0.0250047005713
6193.02159802	0.0250046751922
6193.33575729	0.0250046498138
6193.64991655	0.025004624436
6193.96407582	0.0250045990588
6194.27823508	0.0250045736822
6194.59239435	0.0250045483063
6194.90655361	0.0250045229309
6195.22071288	0.0250044975563
6195.53487214	0.0250044721822
6195.84903141	0.0250044468088
6196.16319068	0.025004421436
6196.47734994	0.0250043960639
6196.79150921	0.0250043706924
6197.10566847	0.0250043453215
6197.41982774	0.0250043199513
6197.733987	0.0250042945818
6198.04814627	0.0250042692129
6198.36230553	0.0250042438446
6198.6764648	0.025004218477
6198.99062406	0.02500419311
6199.30478333	0.0250041677436
6199.61894259	0.0250041423779
6199.93310186	0.0250041170128
6200.24726113	0.0250040916483
6200.56142039	0.0250040662844
6200.87557966	0.0250040409212
6201.18973892	0.0250040155586
6201.50389819	0.0250039901966
6201.81805745	0.0250039648352
6202.13221672	0.0250039394745
6202.44637598	0.0250039141145
6202.76053525	0.025003888755
6203.07469451	0.0250038633963
6203.38885378	0.0250038380381
6203.70301304	0.0250038126806
6204.01717231	0.0250037873238
6204.33133157	0.0250037619676
6204.64549084	0.025003736612
6204.95965011	0.0250037112571
6205.27380937	0.0250036859028
6205.58796864	0.0250036605492
6205.9021279	0.0250036351961
6206.21628717	0.0250036098437
6206.53044643	0.0250035844919
6206.8446057	0.0250035591408
6207.15876496	0.0250035337903
6207.47292423	0.0250035084404
6207.78708349	0.0250034830911
6208.10124276	0.0250034577425
6208.41540202	0.0250034323945
6208.72956129	0.0250034070471
6209.04372056	0.0250033817004
6209.35787982	0.0250033563543
6209.67203909	0.0250033310089
6209.98619835	0.0250033056641
6210.30035762	0.02500328032
6210.61451688	0.0250032549765
6210.92867615	0.0250032296337
6211.24283541	0.0250032042914
6211.55699468	0.0250031789499
6211.87115394	0.0250031536089
6212.18531321	0.0250031282686
6212.49947247	0.0250031029289
6212.81363174	0.0250030775898
6213.12779101	0.0250030522514
6213.44195027	0.0250030269136
6213.75610954	0.0250030015764
6214.0702688	0.0250029762398
6214.38442807	0.0250029509039
6214.69858733	0.0250029255686
6215.0127466	0.025002900234
6215.32690586	0.0250028749
6215.64106513	0.0250028495666
6215.95522439	0.0250028242339
6216.26938366	0.0250027989018
6216.58354292	0.0250027735704
6216.89770219	0.0250027482396
6217.21186145	0.0250027229095
6217.52602072	0.02500269758
6217.84017999	0.0250026722511
6218.15433925	0.0250026469229
6218.46849852	0.0250026215953
6218.78265778	0.0250025962683
6219.09681705	0.0250025709419
6219.41097631	0.0250025456162
6219.72513558	0.0250025202911
6220.03929484	0.0250024949666
6220.35345411	0.0250024696428
6220.66761337	0.0250024443196
6220.98177264	0.025002418997
6221.2959319	0.0250023936751
6221.61009117	0.0250023683538
6221.92425044	0.0250023430332
6222.2384097	0.0250023177132
6222.55256897	0.0250022923938
6222.86672823	0.0250022670751
6223.1808875	0.0250022417571
6223.49504676	0.0250022164396
6223.80920603	0.0250021911228
6224.12336529	0.0250021658067
6224.43752456	0.0250021404912
6224.75168382	0.0250021151763
6225.06584309	0.025002089862
6225.38000235	0.0250020645483
6225.69416162	0.0250020392353
6226.00832088	0.0250020139229
6226.32248015	0.0250019886112
6226.63663942	0.0250019633001
6226.95079868	0.0250019379896
6227.26495795	0.0250019126797
6227.57911721	0.0250018873705
6227.89327648	0.025001862062
6228.20743574	0.025001836754
6228.52159501	0.0250018114468
6228.83575427	0.0250017861401
6229.14991354	0.0250017608341
6229.4640728	0.0250017355288
6229.77823207	0.0250017102241
6230.09239133	0.02500168492
6230.4065506	0.0250016596166
6230.72070987	0.0250016343138
6231.03486913	0.0250016090116
6231.3490284	0.02500158371
6231.66318766	0.0250015584091
6231.97734693	0.0250015331088
6232.29150619	0.0250015078091
6232.60566546	0.0250014825101
6232.91982472	0.0250014572117
6233.23398399	0.0250014319139
6233.54814325	0.0250014066168
6233.86230252	0.0250013813203
6234.17646178	0.0250013560245
6234.49062105	0.0250013307293
6234.80478031	0.0250013054347
6235.11893958	0.0250012801408
6235.43309885	0.0250012548475
6235.74725811	0.0250012295549
6236.06141738	0.0250012042628
6236.37557664	0.0250011789714
6236.68973591	0.0250011536807
6237.00389517	0.0250011283905
6237.31805444	0.025001103101
6237.6322137	0.0250010778121
6237.94637297	0.0250010525238
6238.26053223	0.0250010272362
6238.5746915	0.0250010019492
6238.88885076	0.0250009766628
6239.20301003	0.0250009513771
6239.5171693	0.0250009260921
6239.83132856	0.0250009008076
6240.14548783	0.0250008755238
6240.45964709	0.0250008502407
6240.77380636	0.0250008249582
6241.08796562	0.0250007996764
6241.40212489	0.0250007743952
6241.71628415	0.0250007491147
6242.03044342	0.0250007238348
6242.34460268	0.0250006985555
6242.65876195	0.0250006732769
6242.97292121	0.0250006479988
6243.28708048	0.0250006227214
6243.60123974	0.0250005974447
6243.91539901	0.0250005721685
6244.22955828	0.025000546893
6244.54371754	0.0250005216181
6244.85787681	0.0250004963439
6245.17203607	0.0250004710703
6245.48619534	0.0250004457973
6245.8003546	0.025000420525
6246.11451387	0.0250003952533
6246.42867313	0.0250003699822
6246.7428324	0.0250003447118
6247.05699166	0.0250003194421
6247.37115093	0.025000294173
6247.68531019	0.0250002689045
6247.99946946	0.0250002436367
6248.31362873	0.0250002183695
6248.62778799	0.025000193103
6248.94194726	0.025000167837
6249.25610652	0.0250001425717
6249.57026579	0.0250001173071
6249.88442505	0.025000092043
6250.19858432	0.0250000667796
6250.51274358	0.0250000415168
6250.82690285	0.0250000162547
6251.14106211	0.0249999909932
6251.45522138	0.0249999657323
6251.76938064	0.024999940472
6252.08353991	0.0249999152124
6252.39769917	0.0249998899535
6252.71185844	0.0249998646952
6253.02601771	0.0249998394375
6253.34017697	0.0249998141805
6253.65433624	0.0249997889241
6253.9684955	0.0249997636684
6254.28265477	0.0249997384133
6254.59681403	0.0249997131588
6254.9109733	0.024999687905
6255.22513256	0.0249996626518
6255.53929183	0.0249996373992
6255.85345109	0.0249996121473
6256.16761036	0.024999586896
6256.48176962	0.0249995616453
6256.79592889	0.0249995363952
6257.11008816	0.0249995111458
6257.42424742	0.024999485897
6257.73840669	0.0249994606489
6258.05256595	0.0249994354013
6258.36672522	0.0249994101545
6258.68088448	0.0249993849083
6258.99504375	0.0249993596627
6259.30920301	0.0249993344177
6259.62336228	0.0249993091735
6259.93752154	0.0249992839298
6260.25168081	0.0249992586868
6260.56584007	0.0249992334444
6260.87999934	0.0249992082027
6261.1941586	0.0249991829616
6261.50831787	0.0249991577211
6261.82247714	0.0249991324813
6262.1366364	0.0249991072421
6262.45079567	0.0249990820035
6262.76495493	0.0249990567655
6263.0791142	0.0249990315282
6263.39327346	0.0249990062915
6263.70743273	0.0249989810555
6264.02159199	0.0249989558201
6264.33575126	0.0249989305853
6264.64991052	0.0249989053512
6264.96406979	0.0249988801177
6265.27822905	0.0249988548848
6265.59238832	0.0249988296526
6265.90654759	0.0249988044211
6266.22070685	0.0249987791901
6266.53486612	0.0249987539599
6266.84902538	0.0249987287302
6267.16318465	0.0249987035012
6267.47734391	0.0249986782729
6267.79150318	0.0249986530451
6268.10566244	0.024998627818
6268.41982171	0.0249986025915
6268.73398097	0.0249985773657
6269.04814024	0.0249985521405
6269.3622995	0.0249985269159
6269.67645877	0.0249985016919
6269.99061804	0.0249984764686
6270.3047773	0.0249984512459
6270.61893657	0.0249984260239
6270.93309583	0.0249984008025
6271.2472551	0.0249983755817
6271.56141436	0.0249983503616
6271.87557363	0.0249983251422
6272.18973289	0.0249982999233
6272.50389216	0.0249982747052
6272.81805142	0.0249982494876
6273.13221069	0.0249982242707
6273.44636995	0.0249981990545
6273.76052922	0.0249981738388
6274.07468848	0.0249981486238
6274.38884775	0.0249981234095
6274.70300702	0.0249980981957
6275.01716628	0.0249980729826
6275.33132555	0.0249980477701
6275.64548481	0.0249980225583
6275.95964408	0.024997997347
6276.27380334	0.0249979721365
6276.58796261	0.0249979469265
6276.90212187	0.0249979217172
6277.21628114	0.0249978965086
6277.5304404	0.0249978713005
6277.84459967	0.0249978460932
6278.15875893	0.0249978208865
6278.4729182	0.0249977956804
6278.78707747	0.0249977704749
6279.10123673	0.0249977452701
6279.415396	0.024997720066
6279.72955526	0.0249976948625
6280.04371453	0.0249976696596
6280.35787379	0.0249976444573
6280.67203306	0.0249976192557
6280.98619232	0.0249975940547
6281.30035159	0.0249975688543
6281.61451085	0.0249975436545
6281.92867012	0.0249975184554
6282.24282938	0.0249974932569
6282.55698865	0.0249974680591
6282.87114791	0.0249974428619
6283.18530718	0.0249974176653
