0.314159265359	0.0268000791426
0.628318530718	0.0268002177739
0.942477796077	0.0268002671234
1.25663706144	0.0268002439017
1.57079632679	0.0268002477566
1.88495559215	0.0268003017376
2.19911485751	0.0268003642179
2.51327412287	0.0268004144666
2.82743338823	0.0268004664902
3.14159265359	0.0268005299046
3.45575191895	0.0268005965911
3.76991118431	0.0268006563557
4.08407044967	0.0268007067041
4.39822971503	0.0268007465147
4.71238898038	0.0268007699709
5.02654824574	0.0268007489595
5.3407075111	0.0268004671353
5.65486677646	0.0267997681501
5.96902604182	0.0267994834843
6.28318530718	0.0267980033089
6.59734457254	0.0267963398879
6.9115038379	0.0267960744229
7.22566310326	0.02679524791
7.53982236862	0.0267935933655
7.85398163397	0.0267926249306
8.16814089933	0.0267921258114
8.48230016469	0.0267913068397
8.79645943005	0.0267902954296
9.11061869541	0.0267895584752
9.42477796077	0.0267891182379
9.73893722613	0.0267887405255
10.0530964915	0.0267883865687
10.3672557568	0.0267881427585
10.6814150222	0.0267880291061
10.9955742876	0.0267880257722
11.3097335529	0.0267881998519
11.6238928183	0.0267885635781
11.9380520836	0.0267890490216
12.252211349	0.0267895972837
12.5663706144	0.0267901720789
12.8805298797	0.0267907432268
13.1946891451	0.0267913039849
13.5088484104	0.0267918737779
13.8230076758	0.0267924249287
14.1371669412	0.0267928559105
14.4513262065	0.0267933406246
14.7654854719	0.0267938343397
15.0796447372	0.0267940872684
15.3938040026	0.0267941448126
15.707963268	0.0267942796254
16.0221225333	0.0267943964616
16.3362817987	0.026794242524
16.650441064	0.0267942044716
16.9646003294	0.0267944275529
17.2787595947	0.0267948137736
17.5929188601	0.0267953825633
17.9070781255	0.0267962176249
18.2212373908	0.026797147485
18.5353966562	0.0267979009251
18.8495559215	0.0267988254903
19.1637151869	0.0267999547951
19.4778744523	0.0268009256138
19.7920337176	0.0268015790871
20.106192983	0.0268015202389
20.4203522483	0.0268019253136
20.7345115137	0.0268027387262
21.0486707791	0.0268028281279
21.3628300444	0.0268027743319
21.6769893098	0.0268034312358
21.9911485751	0.0268043330765
22.3053078405	0.0268048634937
22.6194671058	0.0268055532025
22.9336263712	0.0268065294866
23.2477856366	0.026807616598
23.5619449019	0.0268086751376
23.8761041673	0.0268096420561
24.1902634326	0.0268105288032
24.504422698	0.026811096891
24.8185819634	0.0268113881985
25.1327412287	0.0268118012684
25.4469004941	0.0268121194431
25.7610597594	0.0268124195896
26.0752190248	0.0268130324928
26.3893782902	0.0268138694075
26.7035375555	0.0268145479166
27.0176968209	0.0268151584387
27.3318560862	0.0268159567926
27.6460153516	0.0268169307985
27.960174617	0.0268178772274
28.2743338823	0.0268189971694
28.5884931477	0.0268205582056
28.902652413	0.0268217774426
29.2168116784	0.0268226960451
29.5309709437	0.0268232276278
29.8451302091	0.0268244326132
30.1592894745	0.0268248405611
30.4734487398	0.0268253819909
30.7876080052	0.0268268090174
31.1017672705	0.0268283438207
31.4159265359	0.0268290851617
31.7300858013	0.0268296122051
32.0442450666	0.0268308034681
32.358404332	0.0268317481736
32.6725635973	0.0268324288872
32.9867228627	0.026833432537
33.3008821281	0.0268345075324
33.6150413934	0.0268355671411
33.9292006588	0.0268368180225
34.2433599241	0.026838329855
34.5575191895	0.0268397482974
34.8716784548	0.0268409713726
35.1858377202	0.0268422353995
35.4999969856	0.0268436216879
35.8141562509	0.0268448075453
36.1283155163	0.0268449426283
36.4424747816	0.0268453763213
36.756634047	0.0268462223372
37.0707933124	0.0268465388254
37.3849525777	0.0268470491257
37.6991118431	0.0268477995373
38.0132711084	0.0268484418172
38.3274303738	0.0268491184738
38.6415896392	0.0268499636216
38.9557489045	0.0268510302228
39.2699081699	0.0268523755825
39.5840674352	0.026853792379
39.8982267006	0.0268551954427
40.212385966	0.026856953624
40.5265452313	0.0268586302879
40.8407044967	0.0268591982982
41.154863762	0.0268602960662
41.4690230274	0.026861517553
41.7831822927	0.0268615090722
42.0973415581	0.0268623982763
42.4115008235	0.0268640102312
42.7256600888	0.0268652333084
43.0398193542	0.0268661044685
43.3539786195	0.026866937953
43.6681378849	0.0268681367645
43.9822971503	0.026869493835
44.2964564156	0.0268706809116
44.610615681	0.0268716258894
44.9247749463	0.0268727180085
45.2389342117	0.0268738903011
45.5530934771	0.026874817957
45.8672527424	0.0268759842596
46.1814120078	0.0268774970191
46.4955712731	0.0268788898483
46.8097305385	0.0268800478854
47.1238898039	0.0268815799034
47.4380490692	0.0268831057753
47.7522083346	0.026883727188
48.0663675999	0.0268837938719
48.3805268653	0.0268853251589
48.6946861306	0.026886716258
49.008845396	0.0268869279885
49.3230046614	0.0268871428131
49.6371639267	0.0268878961667
49.9513231921	0.0268886846198
50.2654824574	0.0268892797662
50.5796417228	0.026890396608
50.8938009882	0.0268916985602
51.2079602535	0.0268922888034
51.5221195189	0.0268938029536
51.8362787842	0.0268954883173
52.1504380496	0.0268957867995
52.464597315	0.0268974162726
52.7787565803	0.0268983697675
53.0929158457	0.0268978031915
53.407075111	0.0268985417386
53.7212343764	0.0268999816434
54.0353936417	0.0269007675371
54.3495529071	0.026901634055
54.6637121725	0.0269024016451
54.9778714378	0.0269034839677
55.2920307032	0.0269042632253
55.6061899685	0.0269052407431
55.9203492339	0.0269062893595
56.2345084993	0.0269064931493
56.5486677646	0.0269071225635
56.86282703	0.0269078189318
57.1769862953	0.0269079350742
57.4911455607	0.0269085084345
57.8053048261	0.0269094446405
58.1194640914	0.0269103093739
58.4336233568	0.0269113852023
58.7477826221	0.0269117497824
59.0619418875	0.0269113850552
59.3761011529	0.0269126943564
59.6902604182	0.0269128577491
60.0044196836	0.0269122034634
60.3185789489	0.0269120300683
60.6327382143	0.0269119293524
60.9468974796	0.0269117675864
61.261056745	0.0269114778074
61.5752160104	0.0269111980378
61.8893752757	0.0269110256409
62.2035345411	0.02691089982
62.5176938064	0.0269111457112
62.8318530718	0.0269118252331
63.1460123372	0.0269114251331
63.4601716025	0.0269105678474
63.7743308679	0.0269117257246
64.0884901332	0.0269107668914
64.4026493986	0.026908924683
64.716808664	0.0269085869817
65.0309679293	0.0269088458434
65.3451271947	0.0269085358459
65.65928646	0.0269069076832
65.9734457254	0.0269062652422
66.2876049907	0.0269057559298
66.6017642561	0.026904143155
66.9159235215	0.0269034622907
67.2300827868	0.0269026457194
67.5442420522	0.0269007160312
67.8584013175	0.0268990160541
68.1725605829	0.0268975564805
68.4867198483	0.0268961062942
68.8008791136	0.0268950131277
69.115038379	0.0268935636529
69.4291976443	0.026892122828
69.7433569097	0.02689162859
70.0575161751	0.0268900133221
70.3716754404	0.0268877572071
70.6858347058	0.0268866237083
70.9999939711	0.0268848379809
71.3141532365	0.0268819794692
71.6283125019	0.0268791879506
71.9424717672	0.0268770777877
72.2566310326	0.0268749261175
72.5707902979	0.0268724975893
72.8849495633	0.0268702634355
73.1991088286	0.0268681312656
73.513268094	0.0268663318317
73.8274273594	0.0268637009605
74.1415866247	0.0268614721509
74.4557458901	0.026859999024
74.7699051554	0.0268572195489
75.0840644208	0.0268540963748
75.3982236862	0.0268518565664
75.7123829515	0.026849997387
76.0265422169	0.0268472560509
76.3407014822	0.0268450312071
76.6548607476	0.0268430367698
76.969020013	0.0268399995656
77.2831792783	0.0268376686087
77.5973385437	0.0268361752038
77.911497809	0.0268333524186
78.2256570744	0.0268303106938
78.5398163398	0.0268281954825
78.8539756051	0.0268256002494
79.1681348705	0.0268224694658
79.4822941358	0.0268194587289
79.7964534012	0.026817475636
80.1106126665	0.0268157789001
80.4247719319	0.0268129926284
80.7389311973	0.0268104155554
81.0530904626	0.0268087568355
81.367249728	0.026807057706
81.6814089933	0.0268046516243
81.9955682587	0.026802421874
82.3097275241	0.0268006094462
82.6238867894	0.0267985380711
82.9380460548	0.0267965898533
83.2522053201	0.0267946651458
83.5663645855	0.0267928635913
83.8805238509	0.0267906275355
84.1946831162	0.0267890130017
84.5088423816	0.0267881335668
84.8230016469	0.0267864232207
85.1371609123	0.0267841252956
85.4513201776	0.0267827016932
85.765479443	0.0267814930625
86.0796387084	0.0267796612251
86.3937979737	0.0267779475389
86.7079572391	0.0267767080564
87.0221165044	0.0267762273105
87.3362757698	0.0267754008059
87.6504350352	0.0267721343073
87.9645943005	0.0267716542266
88.2787535659	0.0267716308551
88.5929128312	0.0267691937126
88.9070720966	0.0267672265542
89.221231362	0.0267664284112
89.5353906273	0.0267653983002
89.8495498927	0.0267638783749
90.163709158	0.0267622840773
90.4778684234	0.0267616560417
90.7920276888	0.0267617150218
91.1061869541	0.0267609754761
91.4203462195	0.0267593913167
91.7345054848	0.0267591645583
92.0486647502	0.0267596695776
92.3628240155	0.0267583200042
92.6769832809	0.0267567876884
92.9911425463	0.0267564399744
93.3053018116	0.0267562611778
93.619461077	0.0267555828626
93.9336203423	0.0267549210148
94.2477796077	0.0267547521355
94.5619388731	0.0267545364068
94.8760981384	0.0267538684843
95.1902574038	0.0267541627344
95.5044166691	0.0267547036767
95.8185759345	0.0267542572302
96.1327351999	0.0267535809562
96.4468944652	0.0267533959595
96.7610537306	0.0267532784601
97.0752129959	0.0267533736219
97.3893722613	0.0267534773947
97.7035315266	0.0267538490937
98.017690792	0.0267550304867
98.3318500574	0.0267561997434
98.6460093227	0.0267556822047
98.9601685881	0.0267577180191
99.2743278534	0.0267597050685
99.5884871188	0.0267587181476
99.9026463842	0.0267591047737
100.21680565	0.0267611809102
100.530964915	0.0267626343658
100.84512418	0.0267632954704
101.159283446	0.0267642331677
101.473442711	0.0267661726936
101.787601976	0.0267683274484
102.101761242	0.0267700675162
102.415920507	0.0267720873465
102.730079772	0.0267740270514
103.044239038	0.0267752702669
103.358398303	0.0267766318527
103.672557568	0.0267786399112
103.986716834	0.0267808095435
104.300876099	0.0267831060369
104.615035365	0.0267859212043
104.92919463	0.0267883910854
105.243353895	0.026788774372
105.557513161	0.0267926912305
105.871672426	0.0267957977799
106.185831691	0.0267963819675
106.499990957	0.0267979262297
106.814150222	0.0268006644832
107.128309487	0.0268030397467
107.442468753	0.0268048095063
107.756628018	0.0268074581339
108.070787283	0.0268105363149
108.384946549	0.0268129863728
108.699105814	0.0268153124139
109.01326508	0.0268189158144
109.327424345	0.0268218526666
109.64158361	0.0268234239284
109.955742876	0.0268254248423
110.269902141	0.02682789339
110.584061406	0.0268298506353
110.898220672	0.026831501664
111.212379937	0.0268334914536
111.526539202	0.0268356450707
111.840698468	0.0268375453291
112.154857733	0.0268389551814
112.469016999	0.0268411988699
112.783176264	0.0268432065201
113.097335529	0.0268441426142
113.411494795	0.0268450994571
113.72565406	0.0268462408756
114.039813325	0.0268471250975
114.353972591	0.0268475297756
114.668131856	0.0268483517387
114.982291121	0.0268498378327
115.296450387	0.0268505766091
115.610609652	0.0268504035835
115.924768917	0.0268514339267
116.238928183	0.0268520607488
116.553087448	0.0268511781914
116.867246714	0.0268504545361
117.181405979	0.0268500647832
117.495565244	0.0268493392765
117.80972451	0.0268483629191
118.123883775	0.0268472420462
118.43804304	0.0268455251187
118.752202306	0.0268445827679
119.066361571	0.026844109908
119.380520836	0.0268425067252
119.694680102	0.0268401071812
120.008839367	0.0268380672686
120.322998632	0.026836262176
120.637157898	0.0268341658043
120.951317163	0.0268321869466
121.265476429	0.0268306105575
121.579635694	0.0268289284089
121.893794959	0.0268268791575
122.207954225	0.0268243398109
122.52211349	0.0268235570676
122.836272755	0.0268217384492
123.150432021	0.0268182843634
123.464591286	0.0268159325562
123.778750551	0.0268143599702
124.092909817	0.0268122061485
124.407069082	0.0268095506072
124.721228348	0.0268074074603
125.035387613	0.0268060797486
125.349546878	0.0268043128178
125.663706144	0.0268024217933
125.977865409	0.0268010973854
126.292024674	0.0267995002459
126.60618394	0.0267973787085
126.920343205	0.0267952872806
127.23450247	0.0267933437967
127.548661736	0.0267914665714
127.862821001	0.0267893471103
128.176980266	0.0267876089554
128.491139532	0.0267863093914
128.805298797	0.0267840648164
129.119458063	0.0267827417321
129.433617328	0.0267819959161
129.747776593	0.0267801034547
130.061935859	0.026777801966
130.376095124	0.0267759919713
130.690254389	0.0267744184965
131.004413655	0.0267728206053
131.31857292	0.0267707362731
131.632732185	0.0267691860832
131.946891451	0.0267685316825
132.261050716	0.0267673615426
132.575209981	0.0267653179026
132.889369247	0.0267650427025
133.203528512	0.026764223994
133.517687778	0.0267612769187
133.831847043	0.0267590988809
134.146006308	0.0267583014343
134.460165574	0.0267574866239
134.774324839	0.0267554453339
135.088484104	0.0267528795478
135.40264337	0.0267527592278
135.716802635	0.026752327648
136.0309619	0.0267504228421
136.345121166	0.0267490224131
136.659280431	0.026748292173
136.973439697	0.0267469134908
137.287598962	0.0267450178194
137.601758227	0.026743631319
137.915917493	0.0267433670508
138.230076758	0.0267428575257
138.544236023	0.0267414766902
138.858395289	0.026740060449
139.172554554	0.0267402028914
139.486713819	0.0267400104362
139.800873085	0.0267385156872
140.11503235	0.0267369692065
140.429191615	0.0267356680799
140.743350881	0.0267345181257
141.057510146	0.0267336340924
141.371669412	0.0267322826747
141.685828677	0.0267307171095
141.999987942	0.0267300830064
142.314147208	0.0267298158609
142.628306473	0.0267288288508
142.942465738	0.0267274818236
143.256625004	0.0267265341941
143.570784269	0.0267256835265
143.884943534	0.0267244183287
144.1991028	0.0267231550618
144.513262065	0.0267227481442
144.82742133	0.0267226747557
145.141580596	0.0267214153855
145.455739861	0.0267199408854
145.769899127	0.0267207140785
146.084058392	0.0267201667482
146.398217657	0.0267180841591
146.712376923	0.0267168480831
147.026536188	0.0267162190443
147.340695453	0.0267151454473
147.654854719	0.0267137068634
147.969013984	0.0267127862899
148.283173249	0.0267121585267
148.597332515	0.0267111467342
148.91149178	0.0267104021465
149.225651046	0.026710190456
149.539810311	0.0267095465517
149.853969576	0.0267083566189
150.168128842	0.0267073486393
150.482288107	0.026706727408
150.796447372	0.0267061452906
151.110606638	0.0267053709306
151.424765903	0.0267046652096
151.738925168	0.0267041143238
152.053084434	0.0267039852409
152.367243699	0.0267038980239
152.681402964	0.0267035617019
152.99556223	0.0267029373221
153.309721495	0.0267021861276
153.623880761	0.0267016101892
153.938040026	0.026700953098
154.252199291	0.0267001399388
154.566358557	0.0266994909136
154.880517822	0.0266991708985
155.194677087	0.0266989264637
155.508836353	0.0266982030331
155.822995618	0.0266980825966
156.137154883	0.0266980638483
156.451314149	0.0266971313456
156.765473414	0.0266961251291
157.079632679	0.0266956533885
157.393791945	0.0266952725491
157.70795121	0.0266945104912
158.022110476	0.0266936115796
158.336269741	0.0266930311656
158.650429006	0.0266929980944
158.964588272	0.0266928327139
159.278747537	0.0266923945834
159.592906802	0.0266918952527
159.907066068	0.0266912532484
160.221225333	0.026690606157
160.535384598	0.0266899376801
160.849543864	0.0266892942535
161.163703129	0.0266888479106
161.477862395	0.0266886215204
161.79202166	0.0266884156284
162.106180925	0.0266881459675
162.420340191	0.0266880583429
162.734499456	0.0266880571231
163.048658721	0.02668778293
163.362817987	0.0266873909952
163.676977252	0.026687021513
163.991136517	0.0266867106588
164.305295783	0.0266864692908
164.619455048	0.0266860438472
164.933614313	0.0266858933242
165.247773579	0.0266864338064
165.561932844	0.0266866624075
165.87609211	0.0266862129257
166.190251375	0.0266858228254
166.50441064	0.0266855735672
166.818569906	0.0266851146885
167.132729171	0.0266849412816
167.446888436	0.0266852306142
167.761047702	0.026685780252
168.075206967	0.0266854647421
168.389366232	0.0266846038961
168.703525498	0.0266856883758
169.017684763	0.0266856542036
169.331844029	0.0266846104507
169.646003294	0.0266842275971
169.960162559	0.0266842314563
170.274321825	0.0266838180584
170.58848109	0.0266831515115
170.902640355	0.0266827450407
171.216799621	0.0266828156173
171.530958886	0.0266826978317
171.845118151	0.0266823491183
172.159277417	0.0266824395191
172.473436682	0.0266823828321
172.787595947	0.0266815476323
173.101755213	0.0266807545353
173.415914478	0.0266806076913
173.730073744	0.0266805413717
174.044233009	0.0266800212893
174.358392274	0.0266792084512
174.67255154	0.0266787505903
174.986710805	0.0266787434038
175.30087007	0.0266789044102
175.615029336	0.0266785602177
175.929188601	0.026677861781
176.243347866	0.0266774282926
176.557507132	0.0266771674087
176.871666397	0.026676658475
177.185825662	0.0266761069999
177.499984928	0.0266757364826
177.814144193	0.0266755753325
178.128303459	0.0266757877443
178.442462724	0.0266759992407
178.756621989	0.0266755077298
179.070781255	0.0266754211381
179.38494052	0.0266760865959
179.699099785	0.0266756577697
180.013259051	0.0266748679879
180.327418316	0.0266751822624
180.641577581	0.026675332989
180.955736847	0.0266747517812
181.269896112	0.0266749089085
181.584055378	0.0266751979581
181.898214643	0.0266750201603
182.212373908	0.0266750355227
182.526533174	0.0266751831051
182.840692439	0.0266749160794
183.154851704	0.0266744690278
183.46901097	0.0266742050594
183.783170235	0.0266741264242
184.0973295	0.0266743201735
184.411488766	0.0266744328688
184.725648031	0.0266741996038
185.039807296	0.0266738381158
185.353966562	0.0266741047473
185.668125827	0.0266745311946
185.982285093	0.02667423512
186.296444358	0.0266737507258
186.610603623	0.0266733299695
186.924762889	0.0266729116901
187.238922154	0.0266726036047
187.553081419	0.0266720641998
187.867240685	0.0266715923856
188.18139995	0.0266715106247
188.495559215	0.0266712571632
188.809718481	0.0266706165714
189.123877746	0.0266700132639
189.438037011	0.0266695050655
189.752196277	0.0266688639227
190.066355542	0.02666816625
190.380514808	0.0266677157979
190.694674073	0.026667324969
191.008833338	0.0266670913603
191.322992604	0.0266668268144
191.637151869	0.0266658716222
191.951311134	0.026665688364
192.2654704	0.0266655986361
192.579629665	0.0266646238721
192.89378893	0.0266636621966
193.207948196	0.0266630537946
193.522107461	0.0266623133741
193.836266727	0.0266615566213
194.150425992	0.0266609102669
194.464585257	0.0266601650345
194.778744523	0.026659637047
195.092903788	0.0266592817316
195.407063053	0.0266585327069
195.721222319	0.0266575586372
196.035381584	0.0266567565234
196.349540849	0.0266559677477
196.663700115	0.0266551293686
196.97785938	0.0266544157031
197.292018645	0.0266536446849
197.606177911	0.0266527941937
197.920337176	0.0266520859116
198.234496442	0.0266514835107
198.548655707	0.0266505382548
198.862814972	0.0266495290116
199.176974238	0.0266485724941
199.491133503	0.0266474061044
199.805292768	0.0266461375173
200.119452034	0.0266449110486
200.433611299	0.0266437137705
200.747770564	0.0266425676915
201.06192983	0.0266414963225
201.376089095	0.0266403348281
201.69024836	0.0266391503006
202.004407626	0.0266382342492
202.318566891	0.0266372384067
202.632726157	0.0266359344437
202.946885422	0.0266346810868
203.261044687	0.0266336326541
203.575203953	0.0266325722204
203.889363218	0.0266314015022
204.203522483	0.0266303451267
204.517681749	0.026629362242
204.831841014	0.0266283786806
205.146000279	0.0266275245479
205.460159545	0.0266266230735
205.77431881	0.0266255447608
206.088478076	0.0266244887007
206.402637341	0.0266235067597
206.716796606	0.0266224833002
207.030955872	0.0266215840693
207.345115137	0.0266205808438
207.659274402	0.0266195596087
207.973433668	0.0266187976325
208.287592933	0.0266180672027
208.601752198	0.0266171891625
208.915911464	0.0266163616004
209.230070729	0.0266155856428
209.544229994	0.0266147322518
209.85838926	0.0266138282413
210.172548525	0.026613084037
210.486707791	0.0266123915135
210.800867056	0.0266115058367
211.115026321	0.0266106087466
211.429185587	0.0266098618424
211.743344852	0.0266090873782
212.057504117	0.0266081662131
212.371663383	0.0266071353571
212.685822648	0.0266061120037
212.999981913	0.0266051447903
213.314141179	0.026604221909
213.628300444	0.026603289522
213.942459709	0.0266022085858
214.256618975	0.0266012158961
214.57077824	0.0266004872309
214.884937506	0.0265995706041
215.199096771	0.0265985608832
215.513256036	0.0265977258203
215.827415302	0.026596923816
216.141574567	0.0265960771203
216.455733832	0.0265953182196
216.769893098	0.0265945687402
217.084052363	0.0265938578153
217.398211628	0.0265932042982
217.712370894	0.0265925440903
218.026530159	0.026591869868
218.340689425	0.0265911981761
218.65484869	0.0265905610242
218.969007955	0.0265899131016
219.283167221	0.0265892073248
219.597326486	0.0265885592379
219.911485751	0.026587887722
220.225645017	0.0265871270505
220.539804282	0.0265865318771
220.853963547	0.0265859418544
221.168122813	0.026585190843
221.482282078	0.0265847305359
221.796441343	0.0265843691866
222.110600609	0.0265836886544
222.424759874	0.0265828967756
222.73891914	0.026582322925
223.053078405	0.0265818721154
223.36723767	0.0265812721408
223.681396936	0.0265805135612
223.995556201	0.0265798937172
224.309715466	0.0265794186026
224.623874732	0.0265788055473
224.938033997	0.0265780703497
225.252193262	0.0265773856263
225.566352528	0.0265768767536
225.880511793	0.0265764574948
226.194671058	0.0265757334724
226.508830324	0.0265744742252
226.822989589	0.0265736740212
227.137148855	0.0265731206476
227.45130812	0.0265722657783
227.765467385	0.0265714161045
228.079626651	0.0265706755589
228.393785916	0.026569865902
228.707945181	0.0265690625565
229.022104447	0.0265684085785
229.336263712	0.0265677439374
229.650422977	0.0265669845574
229.964582243	0.0265663038832
230.278741508	0.0265659170106
230.592900774	0.0265653918131
230.907060039	0.0265646840934
231.221219304	0.0265640702455
231.53537857	0.0265635476987
231.849537835	0.0265630286415
232.1636971	0.0265624680167
232.477856366	0.026561833919
232.792015631	0.0265611597274
233.106174896	0.026560575641
233.420334162	0.0265600598839
233.734493427	0.0265594872361
234.048652692	0.0265588747856
234.362811958	0.0265584158969
234.676971223	0.0265581736451
234.991130489	0.0265578232055
235.305289754	0.0265573315566
235.619449019	0.026557033471
235.933608285	0.0265569578972
236.24776755	0.0265569287604
236.561926815	0.026556968297
236.876086081	0.0265569476992
237.190245346	0.026556861774
237.504404611	0.0265569724309
237.818563877	0.0265569599134
238.132723142	0.0265565188453
238.446882407	0.0265561206013
238.761041673	0.0265558189475
239.075200938	0.0265555289136
239.389360204	0.0265551444651
239.703519469	0.026554569599
240.017678734	0.0265541346788
240.331838	0.0265537568461
240.645997265	0.0265532747758
240.96015653	0.026552914515
241.274315796	0.0265527756359
241.588475061	0.0265523888377
241.902634326	0.0265517392024
242.216793592	0.0265512299342
242.530952857	0.0265509311608
242.845112123	0.0265506773474
243.159271388	0.0265503451801
243.473430653	0.0265499816594
243.787589919	0.0265496934059
244.101749184	0.0265496151525
244.415908449	0.0265493609786
244.730067715	0.0265490600816
245.04422698	0.0265488570089
245.358386245	0.0265482029605
245.672545511	0.0265474794978
245.986704776	0.0265471258547
246.300864041	0.026546903667
246.615023307	0.0265464400102
246.929182572	0.0265459531261
247.243341838	0.026545828213
247.557501103	0.0265456399805
247.871660368	0.0265451788397
248.185819634	0.0265453290019
248.499978899	0.026545428091
248.814138164	0.0265448576191
249.12829743	0.0265444255392
249.442456695	0.0265443760096
249.75661596	0.0265442984812
250.070775226	0.0265440170699
250.384934491	0.0265435296603
250.699093756	0.0265431887715
251.013253022	0.0265430857826
251.327412287	0.0265427345672
251.641571553	0.026542009415
251.955730818	0.0265413364664
252.269890083	0.0265409698471
252.584049349	0.0265404610488
252.898208614	0.0265397290983
253.212367879	0.0265393945229
253.526527145	0.0265390363183
253.84068641	0.0265383712083
254.154845675	0.0265379255519
254.469004941	0.026537865165
254.783164206	0.0265377241333
255.097323472	0.0265371960939
255.411482737	0.0265365171757
255.725642002	0.0265360028087
256.039801268	0.0265356934957
256.353960533	0.0265352931521
256.668119798	0.026534927047
256.982279064	0.0265346489015
257.296438329	0.02653425428
257.610597594	0.0265339547286
257.92475686	0.0265336524382
258.238916125	0.0265331934065
258.55307539	0.0265326070926
258.867234656	0.0265320241988
259.181393921	0.0265317880988
259.495553187	0.0265318340699
259.809712452	0.0265315001389
260.123871717	0.0265310842202
260.438030983	0.0265310699642
260.752190248	0.026530658473
261.066349513	0.0265308014074
261.380508779	0.0265310271017
261.694668044	0.02653021482
262.008827309	0.0265292882944
262.322986575	0.0265289735104
262.63714584	0.0265287544404
262.951305105	0.026528435152
263.265464371	0.026527998151
263.579623636	0.0265276569375
263.893782902	0.0265276176117
264.207942167	0.0265273926064
264.522101432	0.0265268179103
264.836260698	0.0265263063849
265.150419963	0.0265258365339
265.464579228	0.0265254834227
265.778738494	0.0265254455617
266.092897759	0.0265254808523
266.407057024	0.0265252658984
266.72121629	0.0265248349465
267.035375555	0.0265244783517
267.349534821	0.0265242450983
267.663694086	0.0265243051042
267.977853351	0.0265238342814
268.292012617	0.0265227847706
268.606171882	0.026521914074
268.920331147	0.0265212624717
269.234490413	0.0265206657381
269.548649678	0.0265200072062
269.862808943	0.0265191827072
270.176968209	0.0265183651575
270.491127474	0.0265177281999
270.805286739	0.0265171636289
271.119446005	0.0265165641055
271.43360527	0.0265158033111
271.747764536	0.0265151180655
272.061923801	0.0265149302131
272.376083066	0.0265148196215
272.690242332	0.0265143923497
273.004401597	0.026513431558
273.318560862	0.0265123549274
273.632720128	0.0265117165516
273.946879393	0.0265110558941
274.261038658	0.0265102180676
274.575197924	0.0265092474539
274.889357189	0.0265080971846
275.203516454	0.0265068793052
275.51767572	0.0265058476448
275.831834985	0.0265050111009
276.145994251	0.0265040050915
276.460153516	0.026502837403
276.774312781	0.0265019839806
277.088472047	0.0265011641684
277.402631312	0.0265002893146
277.716790577	0.0264995010069
278.030949843	0.026498781182
278.345109108	0.0264981332421
278.659268373	0.0264975634203
278.973427639	0.0264969219602
279.287586904	0.0264956826502
279.60174617	0.0264944639509
279.915905435	0.0264942387322
280.2300647	0.0264934976409
280.544223966	0.0264922243138
280.858383231	0.0264914971467
281.172542496	0.0264906707502
281.486701762	0.0264892327835
281.800861027	0.026487926147
282.115020292	0.0264869728867
282.429179558	0.0264860503275
282.743338823	0.0264850708475
283.057498088	0.0264843278084
283.371657354	0.0264837365687
283.685816619	0.0264830215705
283.999975885	0.0264823982598
284.31413515	0.0264819509605
284.628294415	0.026481127686
284.942453681	0.0264799177401
285.256612946	0.0264792566698
285.570772211	0.0264784930952
285.884931477	0.0264770241586
286.199090742	0.0264760769159
286.513250007	0.026475716439
286.827409273	0.0264747487059
287.141568538	0.0264732708384
287.455727803	0.0264727634915
287.769887069	0.0264724055371
288.084046334	0.0264710350148
288.3982056	0.0264696110931
288.712364865	0.0264689298407
289.02652413	0.0264684001528
289.340683396	0.0264676583315
289.654842661	0.026466882964
289.969001926	0.0264661341054
290.283161192	0.0264657325061
290.597320457	0.0264654043855
290.911479722	0.0264647941154
291.225638988	0.0264638918389
291.539798253	0.0264628876163
291.853957519	0.0264620356332
292.168116784	0.026461327509
292.482276049	0.02646067252
292.796435315	0.0264598091994
293.11059458	0.0264586035259
293.424753845	0.0264576815131
293.738913111	0.0264569217677
294.053072376	0.0264559184267
294.367231641	0.026455141408
294.681390907	0.0264544132071
294.995550172	0.0264533618166
295.309709437	0.0264524199241
295.623868703	0.0264518959245
295.938027968	0.0264512753156
296.252187234	0.0264504183736
296.566346499	0.026449879788
296.880505764	0.0264493921971
297.19466503	0.0264485604344
297.508824295	0.0264475849837
297.82298356	0.026446785306
298.137142826	0.0264459480107
298.451302091	0.0264448945077
298.765461356	0.0264440410792
299.079620622	0.0264435190099
299.393779887	0.0264431177154
299.707939152	0.0264424353132
300.022098418	0.0264415403906
300.336257683	0.0264407265722
300.650416949	0.0264404810764
300.964576214	0.0264404784211
301.278735479	0.0264401956013
301.592894745	0.0264399132335
301.90705401	0.0264400856717
302.221213275	0.0264403948977
302.535372541	0.0264406372785
302.849531806	0.0264406189886
303.163691071	0.0264405808045
303.477850337	0.0264409903428
303.792009602	0.0264412798255
304.106168868	0.0264410912888
304.420328133	0.0264408398681
304.734487398	0.0264406740195
305.048646664	0.0264403686544
305.362805929	0.0264399928856
305.676965194	0.0264397977142
305.99112446	0.0264396255987
306.305283725	0.0264394084244
306.61944299	0.0264390326241
306.933602256	0.0264384273073
307.247761521	0.0264382643045
307.561920786	0.026438237754
307.876080052	0.0264379960835
308.190239317	0.0264375315148
308.504398583	0.0264371142357
308.818557848	0.0264370298228
309.132717113	0.0264369611918
309.446876379	0.0264366495564
309.761035644	0.0264364092609
310.075194909	0.0264364490225
310.389354175	0.0264364293905
310.70351344	0.0264361532889
311.017672705	0.0264357804169
311.331831971	0.0264354159826
311.645991236	0.0264350142259
311.960150501	0.0264345822157
312.274309767	0.0264341429743
312.588469032	0.0264337244481
312.902628298	0.0264332786425
313.216787563	0.0264328736224
313.530946828	0.0264325679673
313.845106094	0.0264321991981
314.159265359	0.0264319137677
314.473424624	0.0264320085399
314.78758389	0.0264318066111
315.101743155	0.026431181965
315.41590242	0.0264308877622
315.730061686	0.0264309662486
316.044220951	0.026430996314
316.358380217	0.0264308653654
316.672539482	0.0264306356398
316.986698747	0.0264303712351
317.300858013	0.0264300877821
317.615017278	0.0264297712998
317.929176543	0.0264295011083
318.243335809	0.0264293800047
318.557495074	0.0264293702978
318.871654339	0.0264290573443
319.185813605	0.0264284312292
319.49997287	0.0264279561768
319.814132135	0.026427557139
320.128291401	0.0264270116415
320.442450666	0.0264265216975
320.756609932	0.0264262238663
321.070769197	0.0264258422972
321.384928462	0.0264251709947
321.699087728	0.0264244374215
322.013246993	0.0264239528693
322.327406258	0.0264236616721
322.641565524	0.0264233512492
322.955724789	0.0264230286333
323.269884054	0.0264227458838
323.58404332	0.0264223670807
323.898202585	0.0264219418105
324.21236185	0.0264214056235
324.526521116	0.0264208555157
324.840680381	0.0264204474869
325.154839647	0.0264200542853
325.468998912	0.0264195858019
325.783158177	0.0264188454985
326.097317443	0.0264180384715
326.411476708	0.0264176577621
326.725635973	0.0264172645671
327.039795239	0.0264165129728
327.353954504	0.026415791635
327.668113769	0.0264151439412
327.982273035	0.0264143543264
328.2964323	0.0264134504552
328.610591566	0.0264125732483
328.924750831	0.0264118254466
329.238910096	0.0264112730161
329.553069362	0.0264108895529
329.867228627	0.026410446525
330.181387892	0.0264098674012
330.495547158	0.0264093840722
330.809706423	0.026408849403
331.123865688	0.0264080506412
331.438024954	0.0264072838196
331.752184219	0.026406792585
332.066343484	0.0264061515834
332.38050275	0.0264054639552
332.694662015	0.0264049029659
333.008821281	0.0264042165097
333.322980546	0.0264036203429
333.637139811	0.0264031334821
333.951299077	0.0264024421072
334.265458342	0.026401635929
334.579617607	0.0264009126954
334.893776873	0.026400314083
335.207936138	0.0263996588308
335.522095403	0.0263988633589
335.836254669	0.0263981311017
336.150413934	0.0263974955686
336.464573199	0.026396817039
336.778732465	0.0263959840257
337.09289173	0.0263950744831
337.407050996	0.0263943638196
337.721210261	0.0263936990435
338.035369526	0.0263927123169
338.349528792	0.0263915329445
338.663688057	0.0263906093847
338.977847322	0.026389873903
339.292006588	0.0263890358081
339.606165853	0.0263880843968
339.920325118	0.0263870973306
340.234484384	0.0263861307657
340.548643649	0.0263852130884
340.862802915	0.026384314239
341.17696218	0.0263834034591
341.491121445	0.026382515664
341.805280711	0.0263817185521
342.119439976	0.0263809667952
342.433599241	0.0263801187288
342.747758507	0.0263791339436
343.061917772	0.0263781633339
343.376077037	0.0263772144375
343.690236303	0.0263764033888
344.004395568	0.0263756687602
344.318554833	0.0263749548823
344.632714099	0.0263743454681
344.946873364	0.0263737193375
345.26103263	0.0263730254372
345.575191895	0.0263724730999
345.88935116	0.0263719802937
346.203510426	0.0263715219878
346.517669691	0.0263710627466
346.831828956	0.026370626907
347.145988222	0.0263701783571
347.460147487	0.0263697679629
347.774306752	0.0263693807106
348.088466018	0.026368783611
348.402625283	0.0263680972415
348.716784548	0.0263676085194
349.030943814	0.0263670661707
349.345103079	0.0263664209777
349.659262345	0.0263657932792
349.97342161	0.0263650565789
350.287580875	0.0263642503357
350.601740141	0.0263635030374
350.915899406	0.0263628219383
351.230058671	0.0263622547561
351.544217937	0.0263616904496
351.858377202	0.0263609497937
352.172536467	0.0263601732778
352.486695733	0.0263596611079
352.800854998	0.0263593747986
353.115014264	0.0263589942818
353.429173529	0.0263585269959
353.743332794	0.0263581382836
354.05749206	0.0263576929608
354.371651325	0.0263575108148
354.68581059	0.0263572497073
354.999969856	0.0263564939239
355.314129121	0.0263557225143
355.628288386	0.026355331401
355.942447652	0.0263549895892
356.256606917	0.0263544737818
356.570766182	0.0263539818423
356.884925448	0.0263536075963
357.199084713	0.0263533021902
357.513243979	0.0263531577421
357.827403244	0.0263530179185
358.141562509	0.0263526830956
358.455721775	0.0263523284706
358.76988104	0.0263520995824
359.084040305	0.0263519699093
359.398199571	0.0263516870201
359.712358836	0.0263511401575
360.026518101	0.0263507315282
360.340677367	0.0263505170846
360.654836632	0.026350106966
360.968995897	0.0263496022283
361.283155163	0.0263493650366
361.597314428	0.0263489132264
361.911473694	0.0263480288459
362.225632959	0.0263472480998
362.539792224	0.0263467133985
362.85395149	0.0263461490598
363.168110755	0.0263455361069
363.48227002	0.0263449973163
363.796429286	0.0263445762682
364.110588551	0.0263442834522
364.424747816	0.0263440006084
364.738907082	0.026343595199
365.053066347	0.0263431390738
365.367225613	0.0263426621715
365.681384878	0.0263418982815
365.995544143	0.0263410743147
366.309703409	0.0263404699298
366.623862674	0.0263397324234
366.938021939	0.026338976867
367.252181205	0.0263382580706
367.56634047	0.0263374596766
367.880499735	0.0263366122377
368.194659001	0.0263358586324
368.508818266	0.0263352173797
368.822977531	0.0263345619561
369.137136797	0.0263339051498
369.451296062	0.0263334921907
369.765455328	0.0263331728573
370.079614593	0.0263327988869
370.393773858	0.026332535083
370.707933124	0.0263321778794
371.022092389	0.0263316844633
371.336251654	0.0263311786326
371.65041092	0.0263305657155
371.964570185	0.0263298217734
372.27872945	0.0263290338319
372.592888716	0.0263284658777
372.907047981	0.0263280759341
373.221207246	0.0263274995036
373.535366512	0.0263268252462
373.849525777	0.0263262187218
374.163685043	0.0263255202696
374.477844308	0.0263247783691
374.792003573	0.026324226705
375.106162839	0.0263238103629
375.420322104	0.0263234441605
375.734481369	0.026323184953
376.048640635	0.0263230517005
376.3627999	0.0263230691306
376.676959165	0.0263231340881
376.991118431	0.0263230439236
377.305277696	0.0263227920188
377.619436962	0.0263224695976
377.933596227	0.0263219815588
378.247755492	0.0263214666155
378.561914758	0.0263209089286
378.876074023	0.0263202750901
379.190233288	0.026319663916
379.504392554	0.0263190546655
379.818551819	0.0263184489114
380.132711084	0.0263177747744
380.44687035	0.0263168980213
380.761029615	0.0263159921211
381.07518888	0.0263153331006
381.389348146	0.0263147545712
381.703507411	0.0263141071251
382.017666677	0.0263137126294
382.331825942	0.026313467017
382.645985207	0.0263131521274
382.960144473	0.0263127849709
383.274303738	0.0263123236701
383.588463003	0.0263116804676
383.902622269	0.0263112798285
384.216781534	0.0263109725992
384.530940799	0.0263103972941
384.845100065	0.0263097954837
385.15925933	0.0263093981631
385.473418595	0.026308944237
385.787577861	0.0263082247575
386.101737126	0.026307406404
386.415896392	0.0263067204873
386.730055657	0.0263061213489
387.044214922	0.0263055131621
387.358374188	0.0263049658318
387.672533453	0.0263045072999
387.986692718	0.0263042364472
388.300851984	0.0263039826926
388.615011249	0.0263035664395
388.929170514	0.0263030817783
389.24332978	0.0263024747101
389.557489045	0.0263019959293
389.871648311	0.0263016654263
390.185807576	0.0263012132768
390.499966841	0.0263006788511
390.814126107	0.0263001012344
391.128285372	0.0262994419685
391.442444637	0.0262988524967
391.756603903	0.0262982433281
392.070763168	0.0262974601723
392.384922433	0.0262966657911
392.699081699	0.0262959814251
393.013240964	0.02629544326
393.327400229	0.0262950841224
393.641559495	0.0262947681677
393.95571876	0.0262944014615
394.269878026	0.0262942443375
394.584037291	0.026294144318
394.898196556	0.0262937586223
395.212355822	0.026293174299
395.526515087	0.0262925710849
395.840674352	0.0262919514126
396.154833618	0.0262915499118
396.468992883	0.0262913746419
396.783152148	0.026291254245
397.097311414	0.0262910761232
397.411470679	0.0262908353644
397.725629944	0.0262905391187
398.03978921	0.0262901622919
398.353948475	0.0262897525495
398.668107741	0.0262894472839
398.982267006	0.0262892835501
399.296426271	0.0262891944649
399.610585537	0.0262892171794
399.924744802	0.0262893530759
400.238904067	0.0262892167874
400.553063333	0.0262888254841
400.867222598	0.0262883258647
401.181381863	0.0262879243932
401.495541129	0.0262873864853
401.809700394	0.0262865254008
402.12385966	0.026285653111
402.438018925	0.026284723211
402.75217819	0.0262837381373
403.066337456	0.0262829679371
403.380496721	0.0262824110618
403.694655986	0.026281881727
404.008815252	0.0262812528979
404.322974517	0.0262805066594
404.637133782	0.0262797647578
404.951293048	0.0262791101857
405.265452313	0.0262786592453
405.579611578	0.0262783039767
405.893770844	0.0262780089095
406.207930109	0.0262779214266
406.522089375	0.0262777745687
406.83624864	0.0262771254017
407.150407905	0.026276282076
407.464567171	0.0262757379112
407.778726436	0.0262753024763
408.092885701	0.0262746807862
408.407044967	0.0262738572104
408.721204232	0.0262730972879
409.035363497	0.026272532353
409.349522763	0.0262718957422
409.663682028	0.0262711387986
409.977841293	0.026270417039
410.292000559	0.0262697820178
410.606159824	0.0262691937264
410.92031909	0.0262686154576
411.234478355	0.0262680457289
411.54863762	0.0262675455748
411.862796886	0.0262672019579
412.176956151	0.0262669920623
412.491115416	0.0262667305521
412.805274682	0.0262661545839
413.119433947	0.0262657395241
413.433593212	0.0262654388054
413.747752478	0.0262646342183
414.061911743	0.0262638093117
414.376071009	0.0262633183582
414.690230274	0.0262626761796
415.004389539	0.0262618842059
415.318548805	0.026261223986
415.63270807	0.0262606497347
415.946867335	0.0262600597809
416.261026601	0.0262593939296
416.575185866	0.0262586496846
416.889345131	0.0262580495772
417.203504397	0.0262575716668
417.517663662	0.0262571313433
417.831822927	0.026256918659
418.145982193	0.0262568999589
418.460141458	0.0262568195107
418.774300724	0.0262564945736
419.088459989	0.0262559272045
419.402619254	0.0262553106619
419.71677852	0.0262545450939
420.030937785	0.0262538021882
420.34509705	0.0262531361491
420.659256316	0.0262524467146
420.973415581	0.0262516355708
421.287574846	0.0262507819893
421.601734112	0.0262500201872
421.915893377	0.0262493435606
422.230052642	0.0262486579709
422.544211908	0.0262478991574
422.858371173	0.0262471368843
423.172530439	0.0262464599257
423.486689704	0.0262458430279
423.800848969	0.0262452712677
424.115008235	0.0262447580256
424.4291675	0.0262442169193
424.743326765	0.0262435721439
425.057486031	0.0262429980573
425.371645296	0.0262424923853
425.685804561	0.0262417830236
425.999963827	0.0262409574472
426.314123092	0.0262401247747
426.628282358	0.0262392632859
426.942441623	0.0262384774111
427.256600888	0.0262377950641
427.570760154	0.0262372157604
427.884919419	0.0262366568821
428.199078684	0.0262359029293
428.51323795	0.0262351504475
428.827397215	0.0262344527266
429.14155648	0.0262338110981
429.455715746	0.0262331061727
429.769875011	0.0262325401605
430.084034276	0.0262322277514
430.398193542	0.0262318695624
430.712352807	0.0262314420276
431.026512073	0.0262310585221
431.340671338	0.0262306096775
431.654830603	0.0262300243095
431.968989869	0.0262294182757
432.283149134	0.0262288124917
432.597308399	0.0262281088594
432.911467665	0.0262273573139
433.22562693	0.0262265215982
433.539786195	0.0262256868957
433.853945461	0.0262250362629
434.168104726	0.0262245266878
434.482263992	0.0262239675449
434.796423257	0.0262232140035
435.110582522	0.0262224022361
435.424741788	0.0262215888089
435.738901053	0.0262209109532
436.053060318	0.0262203664788
436.367219584	0.0262197093467
436.681378849	0.026219205172
436.995538114	0.0262188346365
437.30969738	0.0262183967328
437.623856645	0.0262180174139
437.93801591	0.0262177601273
438.252175176	0.0262174575113
438.566334441	0.0262170367118
438.880493707	0.0262167353992
439.194652972	0.0262165060455
439.508812237	0.0262161629317
439.822971503	0.0262159639693
440.137130768	0.0262157330315
440.451290033	0.0262153364619
440.765449299	0.0262150180261
441.079608564	0.0262146918744
441.393767829	0.0262142565487
441.707927095	0.0262135751556
442.02208636	0.0262131303189
442.336245625	0.0262129262186
442.650404891	0.0262124731307
442.964564156	0.0262118912178
443.278723422	0.0262114300586
443.592882687	0.0262110361922
443.907041952	0.0262105926457
444.221201218	0.0262101305399
444.535360483	0.0262096760771
444.849519748	0.026209219608
445.163679014	0.0262087527316
445.477838279	0.0262083558526
445.791997544	0.0262079490148
446.10615681	0.0262074840485
446.420316075	0.0262070498942
446.734475341	0.0262066393919
447.048634606	0.0262063173271
447.362793871	0.0262058359596
447.676953137	0.0262049439069
447.991112402	0.0262040231762
448.305271667	0.0262032930591
448.619430933	0.0262028559493
448.933590198	0.0262023521892
449.247749463	0.0262017296318
449.561908729	0.0262013171626
449.876067994	0.026201023565
450.190227259	0.0262006291566
450.504386525	0.0262002159441
450.81854579	0.0261999873464
451.132705056	0.0261999031683
451.446864321	0.0261998052122
451.761023586	0.0261998675276
452.075182852	0.026199730727
452.389342117	0.0261994194424
452.703501382	0.0261992541793
453.017660648	0.0261990840079
453.331819913	0.0261988257608
453.645979178	0.0261985623429
453.960138444	0.0261982870002
454.274297709	0.0261977582625
454.588456974	0.0261972225202
454.90261624	0.0261967675541
455.216775505	0.0261963151596
455.530934771	0.0261958441025
455.845094036	0.0261953225898
456.159253301	0.0261948676974
456.473412567	0.0261945223444
456.787571832	0.026194106828
457.101731097	0.0261935265546
457.415890363	0.0261929270529
457.730049628	0.0261925876779
458.044208893	0.0261924920379
458.358368159	0.02619220629
458.672527424	0.0261917160056
458.98668669	0.0261914409178
459.300845955	0.0261911313053
459.61500522	0.0261905943698
459.929164486	0.0261899233251
460.243323751	0.0261893749121
460.557483016	0.0261889299589
460.871642282	0.0261882683618
461.185801547	0.0261875520584
461.499960812	0.0261870086286
461.814120078	0.0261866374581
462.128279343	0.026186345011
462.442438608	0.0261858676951
462.756597874	0.0261852057923
463.070757139	0.026184703353
463.384916405	0.0261843500298
463.69907567	0.0261840003787
464.013234935	0.0261833699547
464.327394201	0.0261826272378
464.641553466	0.0261820739131
464.955712731	0.0261815282191
465.269871997	0.0261808968407
465.584031262	0.0261804688202
465.898190527	0.0261798513404
466.212349793	0.0261789538616
466.526509058	0.0261781816399
466.840668323	0.0261775292759
467.154827589	0.0261768672996
467.468986854	0.0261762859179
467.78314612	0.0261758148794
468.097305385	0.0261754142562
468.41146465	0.0261750481102
468.725623916	0.0261746405435
469.039783181	0.0261742558951
469.353942446	0.026173748589
469.668101712	0.0261730586053
469.982260977	0.0261724777894
470.296420242	0.0261720474766
470.610579508	0.0261713997215
470.924738773	0.0261705676389
471.238898039	0.0261698569122
471.553057304	0.0261691208725
471.867216569	0.0261683636894
472.181375835	0.0261676927846
472.4955351	0.0261669887423
472.809694365	0.0261662895115
473.123853631	0.026165660397
473.438012896	0.0261650875763
473.752172161	0.0261646089018
474.066331427	0.0261642634358
474.380490692	0.0261640116271
474.694649957	0.0261637673078
475.008809223	0.0261635634352
475.322968488	0.0261633079051
475.637127754	0.0261627100367
475.951287019	0.0261623321944
476.265446284	0.026162001506
476.57960555	0.0261612974644
476.893764815	0.0261606868024
477.20792408	0.026160194547
477.522083346	0.0261596032038
477.836242611	0.0261590081443
478.150401876	0.0261583781095
478.464561142	0.0261577089941
478.778720407	0.0261570645362
479.092879672	0.0261564950954
479.407038938	0.0261560202273
479.721198203	0.0261556713654
480.035357469	0.0261554620197
480.349516734	0.026155287379
480.663675999	0.0261551102484
480.977835265	0.0261549563526
481.29199453	0.026154804016
481.606153795	0.0261544051861
481.920313061	0.0261538515678
482.234472326	0.0261535136834
482.548631591	0.0261532962219
482.862790857	0.026152828331
483.176950122	0.0261521191124
483.491109388	0.0261515328077
483.805268653	0.026151031576
484.119427918	0.0261503557805
484.433587184	0.0261495553714
484.747746449	0.0261488680247
485.061905714	0.026148326467
485.37606498	0.0261478303711
485.690224245	0.0261473869725
486.00438351	0.0261470539439
486.318542776	0.0261468757953
486.632702041	0.0261467832161
486.946861306	0.026146504362
487.261020572	0.0261459761207
487.575179837	0.0261454439233
487.889339103	0.026144857346
488.203498368	0.0261440751648
488.517657633	0.0261431127248
488.831816899	0.0261423392998
489.145976164	0.0261418346015
489.460135429	0.0261414038102
489.774294695	0.0261406825535
490.08845396	0.026139715077
490.402613225	0.0261388864405
490.716772491	0.026138314033
491.030931756	0.026137604967
491.345091021	0.026136766778
491.659250287	0.026136222189
491.973409552	0.0261360511697
492.287568818	0.0261359867185
492.601728083	0.026135763431
492.915887348	0.0261354618821
493.230046614	0.0261352096516
493.544205879	0.0261347376068
493.858365144	0.0261339537481
494.17252441	0.0261330974948
494.486683675	0.0261325872268
494.80084294	0.0261319385932
495.115002206	0.0261308812756
495.429161471	0.0261300170755
495.743320737	0.0261294766243
496.057480002	0.0261287341421
496.371639267	0.026127893575
496.685798533	0.0261271850798
496.999957798	0.0261264985418
497.314117063	0.0261258317636
497.628276329	0.0261252045989
497.942435594	0.0261245497181
498.256594859	0.0261239677549
498.570754125	0.0261237489923
498.88491339	0.0261237744722
499.199072655	0.0261237370211
499.513231921	0.0261235087684
499.827391186	0.0261230449199
500.141550452	0.0261224985851
500.455709717	0.0261220545146
500.769868982	0.0261214442994
501.084028248	0.0261206226328
501.398187513	0.0261199370859
501.712346778	0.0261193694366
502.026506044	0.0261187631577
502.340665309	0.0261181633268
502.654824574	0.026117516321
502.96898384	0.0261167216877
503.283143105	0.0261159349263
503.59730237	0.0261153952479
503.911461636	0.0261149899056
504.225620901	0.0261146214596
504.539780167	0.0261143019556
504.853939432	0.0261139898898
505.168098697	0.0261137084127
505.482257963	0.0261133804702
505.796417228	0.0261129669247
506.110576493	0.0261125432039
506.424735759	0.0261122839916
506.738895024	0.0261119224971
507.053054289	0.0261114182187
507.367213555	0.0261108439727
507.68137282	0.0261102104041
507.995532086	0.0261096014703
508.309691351	0.0261091813952
508.623850616	0.0261087025324
508.938009882	0.0261079471008
509.252169147	0.0261073244802
509.566328412	0.0261069151683
509.880487678	0.0261062469654
510.194646943	0.0261056867997
510.508806208	0.0261052733504
510.822965474	0.0261050367498
511.137124739	0.0261049149131
511.451284004	0.0261044895081
511.76544327	0.0261038541885
512.079602535	0.0261033319892
512.393761801	0.0261031199971
512.707921066	0.0261030885145
513.022080331	0.0261028755944
513.336239597	0.0261024819862
513.650398862	0.0261021424748
513.964558127	0.0261018197903
514.278717393	0.0261014164331
514.592876658	0.0261009239358
514.907035923	0.0261004804624
515.221195189	0.0261002528439
515.535354454	0.0261000885168
515.849513719	0.0260996468118
516.163672985	0.0260990976526
516.47783225	0.0260988539975
516.791991516	0.0260983434554
517.106150781	0.0260976533809
517.420310046	0.0260973110714
517.734469312	0.02609685585
518.048628577	0.0260960833571
518.362787842	0.0260953206451
518.676947108	0.0260946910593
518.991106373	0.0260942244076
519.305265638	0.0260939020829
519.619424904	0.0260935860261
519.933584169	0.0260931545656
520.247743435	0.0260928345923
520.5619027	0.0260926443556
520.876061965	0.0260923280204
521.190221231	0.026091917776
521.504380496	0.0260915749528
521.818539761	0.0260914645298
522.132699027	0.0260913819672
522.446858292	0.0260911267031
522.761017557	0.0260906722076
523.075176823	0.0260902892977
523.389336088	0.0260898332914
523.703495353	0.0260893052499
524.017654619	0.0260889139822
524.331813884	0.0260883938739
524.64597315	0.0260876938649
524.960132415	0.0260870381567
525.27429168	0.0260864783835
525.588450946	0.0260859541179
525.902610211	0.0260854789257
526.216769476	0.0260850068377
526.530928742	0.0260845025864
526.845088007	0.0260840102776
527.159247272	0.0260836431446
527.473406538	0.0260834378753
527.787565803	0.0260832783443
528.101725068	0.0260831225782
528.415884334	0.0260829865209
528.730043599	0.0260828425986
529.044202865	0.0260824596455
529.35836213	0.0260817444606
529.672521395	0.0260810670454
529.986680661	0.026080573192
530.300839926	0.0260800556487
530.614999191	0.0260793890702
530.929158457	0.0260786213688
531.243317722	0.0260779267151
531.557476987	0.0260774139959
531.871636253	0.0260769176203
532.185795518	0.026076416313
532.499954784	0.0260760531193
532.814114049	0.0260757593785
533.128273314	0.0260754305191
533.44243258	0.0260751722029
533.756591845	0.0260748413803
534.07075111	0.0260745287736
534.384910376	0.0260744017827
534.699069641	0.0260743039216
535.013228906	0.0260741322546
535.327388172	0.0260737958424
535.641547437	0.0260732529778
535.955706702	0.0260727971994
536.269865968	0.026072550307
536.584025233	0.0260722195044
536.898184499	0.0260717159444
537.212343764	0.0260711265156
537.526503029	0.0260705504096
537.840662295	0.0260700501855
538.15482156	0.0260695702344
538.468980825	0.0260689969211
538.783140091	0.0260683571226
539.097299356	0.0260677944322
539.411458621	0.0260674120994
539.725617887	0.0260670517264
540.039777152	0.0260664491475
540.353936417	0.0260657640148
540.668095683	0.0260651931929
540.982254948	0.0260645528653
541.296414214	0.026063821889
541.610573479	0.0260632603398
541.924732744	0.026062682942
542.23889201	0.0260618254884
542.553051275	0.0260609644814
542.86721054	0.0260603232513
543.181369806	0.0260597162858
543.495529071	0.0260590444312
543.809688336	0.0260583928928
544.123847602	0.0260577604706
544.438006867	0.0260570690719
544.752166133	0.0260564390271
545.066325398	0.026055799718
545.380484663	0.0260551957171
545.694643929	0.026054637031
546.008803194	0.0260540523824
546.322962459	0.0260535238962
546.637121725	0.0260530910678
546.95128099	0.0260524443992
547.265440255	0.0260518952689
547.579599521	0.0260515463873
547.893758786	0.0260509991528
548.207918051	0.0260503227415
548.522077317	0.0260497594239
548.836236582	0.0260493074619
549.150395848	0.0260487707385
549.464555113	0.0260480875341
549.778714378	0.0260474214279
550.092873644	0.0260468989501
550.407032909	0.0260464865877
550.721192174	0.026046092811
551.03535144	0.0260456038689
551.349510705	0.0260449457586
551.66366997	0.0260445200124
551.977829236	0.0260442060132
552.291988501	0.026043436811
552.606147766	0.0260426849179
552.920307032	0.0260423452411
553.234466297	0.0260420955948
553.548625563	0.026041592621
553.862784828	0.026041058926
554.176944093	0.0260408165712
554.491103359	0.0260406183754
554.805262624	0.0260401914882
555.119421889	0.0260396929444
555.433581155	0.026039306394
555.74774042	0.0260389727555
556.061899685	0.0260386071525
556.376058951	0.0260382914618
556.690218216	0.0260380356137
557.004377482	0.0260375685588
557.318536747	0.0260369753629
557.632696012	0.0260365499484
557.946855278	0.0260359716112
558.261014543	0.0260352348968
558.575173808	0.0260346291548
558.889333074	0.0260339847375
559.203492339	0.0260332823452
559.517651604	0.0260327334052
559.83181087	0.0260322178723
560.145970135	0.0260316838966
560.4601294	0.0260312302146
560.774288666	0.026030827507
561.088447931	0.0260303712688
561.402607197	0.0260298518024
561.716766462	0.0260293212836
562.030925727	0.0260287743105
562.345084993	0.0260281802522
562.659244258	0.0260276285592
562.973403523	0.0260270560494
563.287562789	0.0260262846802
563.601722054	0.0260254112191
563.915881319	0.0260245967811
564.230040585	0.0260239714934
564.54419985	0.0260231176355
564.858359115	0.0260221780231
565.172518381	0.0260215830927
565.486677646	0.0260210996869
565.800836912	0.0260206306796
566.114996177	0.0260202728302
566.429155442	0.0260198409594
566.743314708	0.026019428274
567.057473973	0.0260192192679
567.371633238	0.026019103802
567.685792504	0.0260189385529
567.999951769	0.0260187388539
568.314111034	0.0260185182717
568.6282703	0.0260182080137
568.942429565	0.026017936387
569.256588831	0.0260177852412
569.570748096	0.0260174851598
569.884907361	0.0260167775682
570.199066627	0.0260159644547
570.513225892	0.0260154783278
570.827385157	0.0260150997135
571.141544423	0.0260145127249
571.455703688	0.0260137956301
571.769862953	0.0260132168531
572.084022219	0.0260128013464
572.398181484	0.0260124927489
572.712340749	0.0260121098738
573.026500015	0.0260116350555
573.34065928	0.0260113203659
573.654818546	0.0260112563501
573.968977811	0.0260111921802
574.283137076	0.0260108646151
574.597296342	0.0260105530341
574.911455607	0.0260103335873
575.225614872	0.0260098269011
575.539774138	0.0260091056168
575.853933403	0.0260085126789
576.168092668	0.0260081005831
576.482251934	0.0260073777211
576.796411199	0.0260065934087
577.110570464	0.0260062267135
577.42472973	0.0260058003854
577.738888995	0.0260051087146
578.053048261	0.0260046504433
578.367207526	0.026004405095
578.681366791	0.0260039715679
578.995526057	0.0260034620564
579.309685322	0.0260030534904
579.623844587	0.0260026189397
579.938003853	0.0260021606004
580.252163118	0.0260018492859
580.566322383	0.0260015907495
580.880481649	0.0260012952753
581.194640914	0.0260009330289
581.50880018	0.0260004270328
581.822959445	0.0259999017365
582.13711871	0.0259995217565
582.451277976	0.0259989381501
582.765437241	0.0259981273375
583.079596506	0.0259974315661
583.393755772	0.0259968509229
583.707915037	0.0259962768247
584.022074302	0.0259957607658
584.336233568	0.0259953207114
584.650392833	0.0259949134519
584.964552098	0.0259944865357
585.278711364	0.0259940531834
585.592870629	0.0259936456779
585.907029895	0.0259931705459
586.22118916	0.0259926159898
586.535348425	0.0259919109004
586.849507691	0.0259911531404
587.163666956	0.0259906088723
587.477826221	0.0259901654566
587.791985487	0.0259896584906
588.106144752	0.0259891724258
588.420304017	0.02598861198
588.734463283	0.0259880243953
589.048622548	0.0259876205693
589.362781813	0.0259873257539
589.676941079	0.0259870195173
589.991100344	0.0259868039624
590.30525961	0.0259866858269
590.619418875	0.0259864439172
590.93357814	0.0259862645504
591.247737406	0.0259862115392
591.561896671	0.0259858880985
591.876055936	0.025985429473
592.190215202	0.0259849071206
592.504374467	0.0259845140782
592.818533732	0.0259841956174
593.132692998	0.0259835327111
593.446852263	0.0259826409442
593.761011529	0.0259820243749
594.075170794	0.0259817145104
594.389330059	0.0259812674053
594.703489325	0.0259806010405
595.01764859	0.0259799329627
595.331807855	0.0259793509267
595.645967121	0.0259788271628
595.960126386	0.0259784617833
596.274285651	0.025978191203
596.588444917	0.0259779735914
596.902604182	0.0259779475173
597.216763447	0.0259779616849
597.530922713	0.0259775671847
597.845081978	0.0259771160467
598.159241244	0.0259769247199
598.473400509	0.0259764347194
598.787559774	0.0259757159146
599.10171904	0.0259753054939
599.415878305	0.0259749044265
599.73003757	0.0259741988782
600.044196836	0.0259733778348
600.358356101	0.0259726895567
600.672515366	0.0259722172313
600.986674632	0.0259717554077
601.300833897	0.025971197496
601.614993162	0.0259707600183
601.929152428	0.0259705343785
602.243311693	0.0259705187458
602.557470959	0.0259705822458
602.871630224	0.0259705375685
603.185789489	0.0259703493886
603.499948755	0.0259701837648
603.81410802	0.0259699056455
604.128267285	0.0259695023873
604.442426551	0.0259690058101
604.756585816	0.0259685139342
605.070745081	0.0259680892049
605.384904347	0.0259677931014
605.699063612	0.0259675334653
606.013222878	0.0259670870396
606.327382143	0.0259665638394
606.641541408	0.0259661071498
606.955700674	0.0259656321587
607.269859939	0.0259651298157
607.584019204	0.0259647127277
607.89817847	0.0259644167416
608.212337735	0.0259642299966
608.526497	0.0259641197401
608.840656266	0.0259640739964
609.154815531	0.0259640807675
609.468974796	0.0259640400801
609.783134062	0.0259638235885
610.097293327	0.0259634313209
610.411452593	0.0259630412643
610.725611858	0.0259625592516
611.039771123	0.025961884503
611.353930389	0.0259612120209
611.668089654	0.0259607729626
611.982248919	0.0259603598356
612.296408185	0.0259597231948
612.61056745	0.0259589578445
612.924726715	0.0259582930089
613.238885981	0.025957805002
613.553045246	0.0259572556684
613.867204511	0.0259565986814
614.181363777	0.0259561160036
614.495523042	0.025955884335
614.809682308	0.0259557631586
615.123841573	0.0259556262588
615.438000838	0.0259553250506
615.752160104	0.0259548832207
616.066319369	0.0259544077733
616.380478634	0.0259537061051
616.6946379	0.0259529361297
617.008797165	0.0259521880321
617.32295643	0.0259513666545
617.637115696	0.0259506649738
617.951274961	0.0259501605926
618.265434227	0.0259496187704
618.579593492	0.0259489166372
618.893752757	0.0259481379346
619.207912023	0.0259474290337
619.522071288	0.0259468536731
619.836230553	0.0259463605393
620.150389819	0.0259458930176
620.464549084	0.0259454823357
620.778708349	0.0259451230263
621.092867615	0.0259448212261
621.40702688	0.0259446969288
621.721186145	0.0259447093173
622.035345411	0.0259444947358
622.349504676	0.025943997937
622.663663942	0.0259435178997
622.977823207	0.0259430681466
623.291982472	0.0259424764842
623.606141738	0.0259418040339
623.920301003	0.0259410754336
624.234460268	0.025940365302
624.548619534	0.0259397518975
624.862778799	0.0259391731767
625.176938064	0.0259386413757
625.49109733	0.0259381480954
625.805256595	0.0259375692534
626.11941586	0.0259369344066
626.433575126	0.0259363691653
626.747734391	0.0259360769622
627.061893657	0.0259357894849
627.376052922	0.0259352262968
627.690212187	0.0259346017898
628.004371453	0.025934028611
628.318530718	0.0259334213934
628.632689983	0.0259329331114
628.946849249	0.0259325106252
629.261008514	0.0259319850943
629.575167779	0.0259314438343
629.889327045	0.0259309499411
630.20348631	0.0259304582173
630.517645576	0.0259299031446
630.831804841	0.025929355977
631.145964106	0.0259289344559
631.460123372	0.0259286162989
631.774282637	0.0259281857751
632.088441902	0.0259275891708
632.402601168	0.0259270906053
632.716760433	0.0259265139774
633.030919698	0.0259257921747
633.345078964	0.0259251968647
633.659238229	0.0259247970121
633.973397494	0.0259243479741
634.28755676	0.0259236373753
634.601716025	0.0259228632183
634.915875291	0.0259223501827
635.230034556	0.025921915118
635.544193821	0.0259213769156
635.858353087	0.0259209041088
636.172512352	0.0259205169913
636.486671617	0.0259200807905
636.800830883	0.0259196249603
637.114990148	0.0259192721396
637.429149413	0.0259189925638
637.743308679	0.0259187354123
638.057467944	0.025918623476
638.371627209	0.0259187363885
638.685786475	0.0259186805646
638.99994574	0.0259180787799
639.314105006	0.0259176687744
639.628264271	0.0259172753963
639.942423536	0.0259166385607
640.256582802	0.0259159598742
640.570742067	0.0259152976552
640.884901332	0.0259147924313
641.199060598	0.0259142843119
641.513219863	0.0259136356318
641.827379128	0.0259130622138
642.141538394	0.0259126504245
642.455697659	0.0259122797585
642.769856925	0.0259118818264
643.08401619	0.025911465192
643.398175455	0.025911108042
643.712334721	0.0259108128817
644.026493986	0.0259104866851
644.340653251	0.025910208722
644.654812517	0.0259099993245
644.968971782	0.0259096515564
645.283131047	0.0259089116679
645.597290313	0.0259082050432
645.911449578	0.0259079652486
646.225608843	0.0259074326388
646.539768109	0.025906468291
646.853927374	0.0259057865216
647.16808664	0.0259052924533
647.482245905	0.0259045573672
647.79640517	0.0259038871162
648.110564436	0.0259033720578
648.424723701	0.025902843459
648.738882966	0.0259023775914
649.053042232	0.0259020520036
649.367201497	0.0259017468809
649.681360762	0.025901409107
649.995520028	0.0259010333158
650.309679293	0.0259007536795
650.623838558	0.0259005511222
650.937997824	0.025900326778
651.252157089	0.0259001578859
651.566316355	0.0258997478921
651.88047562	0.0258989410989
652.194634885	0.0258982525131
652.508794151	0.025898004534
652.822953416	0.025897634759
653.137112681	0.0258969402861
653.451271947	0.0258962739183
653.765431212	0.0258957214673
654.079590477	0.0258951541475
654.393749743	0.0258946842867
654.707909008	0.0258942475037
655.022068274	0.0258936548014
655.336227539	0.0258930918172
655.650386804	0.025892747308
655.96454607	0.0258924696729
656.278705335	0.0258920790274
656.5928646	0.0258915441565
656.907023866	0.0258909158188
657.221183131	0.0258902573697
657.535342396	0.0258898869626
657.849501662	0.0258895199074
658.163660927	0.0258888324489
658.477820192	0.0258881875742
658.791979458	0.025887796558
659.106138723	0.0258874385538
659.420297989	0.0258868913857
659.734457254	0.0258863400434
660.048616519	0.0258860166717
660.362775785	0.0258858023686
660.67693505	0.0258854063048
660.991094315	0.0258850161956
661.305253581	0.0258847785174
661.619412846	0.0258844432494
661.933572111	0.0258840789192
662.247731377	0.0258838434885
662.561890642	0.02588372882
662.876049907	0.0258836835398
663.190209173	0.0258835295302
663.504368438	0.0258831587806
663.818527704	0.0258829082646
664.132686969	0.025882756429
664.446846234	0.0258823822061
664.7610055	0.0258819161873
665.075164765	0.025881526484
665.38932403	0.025881136641
665.703483296	0.0258807315388
666.017642561	0.0258803729155
666.331801826	0.025879979284
666.645961092	0.0258794386284
666.960120357	0.0258790685646
667.274279623	0.0258787553723
667.588438888	0.0258781347438
667.902598153	0.0258774207214
668.216757419	0.025877041106
668.530916684	0.0258766174918
668.845075949	0.0258758341349
669.159235215	0.0258751170912
669.47339448	0.025874638859
669.787553745	0.0258742859569
670.101713011	0.0258738778981
670.415872276	0.0258733736833
670.730031541	0.0258729477698
671.044190807	0.0258726158398
671.358350072	0.0258722092456
671.672509338	0.0258718149397
671.986668603	0.0258714540731
672.300827868	0.0258710495119
672.614987134	0.0258707259463
672.929146399	0.0258705065892
673.243305664	0.0258701440754
673.55746493	0.0258695917788
673.871624195	0.0258688912694
674.18578346	0.0258682199727
674.499942726	0.0258677684917
674.814101991	0.0258674909712
675.128261256	0.0258670170736
675.442420522	0.0258663841504
675.756579787	0.0258658841934
676.070739053	0.0258655460495
676.384898318	0.0258652237027
676.699057583	0.0258648333067
677.013216849	0.0258644870205
677.327376114	0.0258642057672
677.641535379	0.0258639112088
677.955694645	0.025863540598
678.26985391	0.0258632002269
678.584013175	0.0258629194297
678.898172441	0.0258626071814
679.212331706	0.0258621856502
679.526490972	0.0258616709773
679.840650237	0.0258611821754
680.154809502	0.0258604999678
680.468968768	0.0258595966566
680.783128033	0.0258588638989
681.097287298	0.0258583152167
681.411446564	0.0258577647102
681.725605829	0.0258572156646
682.039765094	0.0258566925337
682.35392436	0.0258562212161
682.668083625	0.0258558609334
682.98224289	0.0258556220325
683.296402156	0.0258554712121
683.610561421	0.0258553507789
683.924720687	0.0258553005333
684.238879952	0.0258551983634
684.553039217	0.0258549329742
684.867198483	0.0258547392449
685.181357748	0.0258544317813
685.495517013	0.0258538732886
685.809676279	0.0258535083807
686.123835544	0.0258531571829
686.437994809	0.0258525086804
686.752154075	0.0258518369686
687.06631334	0.0258513499899
687.380472605	0.0258508763032
687.694631871	0.0258502076322
688.008791136	0.0258494856437
688.322950402	0.0258489424678
688.637109667	0.0258485304223
688.951268932	0.0258481437288
689.265428198	0.0258477256558
689.579587463	0.0258473197385
689.893746728	0.0258470678617
690.207905994	0.0258469358968
690.522065259	0.0258467452267
690.836224524	0.0258465169187
691.15038379	0.0258463756396
691.464543055	0.0258460110802
691.778702321	0.0258454810759
692.092861586	0.0258449308468
692.407020851	0.0258442857124
692.721180117	0.0258436250164
693.035339382	0.0258430057175
693.349498647	0.025842221411
693.663657913	0.0258414333854
693.977817178	0.0258408698748
694.291976443	0.0258403830819
694.606135709	0.0258397783479
694.920294974	0.0258391046426
695.234454239	0.0258385612952
695.548613505	0.0258381765532
695.86277277	0.02583773249
696.176932036	0.0258370932631
696.491091301	0.0258366081627
696.805250566	0.0258362736428
697.119409832	0.0258357614411
697.433569097	0.0258353012603
697.747728362	0.025834892729
698.061887628	0.025834188577
698.376046893	0.0258335833822
698.690206158	0.0258332246561
699.004365424	0.0258326239844
699.318524689	0.0258318145195
699.632683954	0.0258311548918
699.94684322	0.0258307476097
700.261002485	0.0258304417996
700.575161751	0.0258300450313
700.889321016	0.0258296239398
701.203480281	0.0258294227594
701.517639547	0.0258293633069
701.831798812	0.0258291593684
702.145958077	0.0258287635361
702.460117343	0.0258284438999
702.774276608	0.0258283114514
703.088435873	0.0258280364038
703.402595139	0.0258275919914
703.716754404	0.0258272076514
704.03091367	0.0258269342796
704.345072935	0.02582674063
704.6592322	0.0258264694058
704.973391466	0.0258258927398
705.287550731	0.0258253032558
705.601709996	0.025824989312
705.915869262	0.0258246884363
706.230028527	0.0258242468545
706.544187792	0.0258238823654
706.858347058	0.0258237381357
707.172506323	0.0258236785365
707.486665588	0.0258236875992
707.800824854	0.0258237042617
708.114984119	0.0258232883824
708.429143385	0.0258226200573
708.74330265	0.0258222310474
709.057461915	0.0258216508782
709.371621181	0.0258208701289
709.685780446	0.0258200445178
709.999939711	0.0258191287702
710.314098977	0.0258183207311
710.628258242	0.0258177260526
710.942417507	0.0258170121514
711.256576773	0.0258161106464
711.570736038	0.0258152865184
711.884895303	0.025814640025
712.199054569	0.0258141409448
712.513213834	0.0258137639063
712.8273731	0.0258135155959
713.141532365	0.0258134096407
713.45569163	0.0258133951158
713.769850896	0.025813244913
714.084010161	0.0258128114225
714.398169426	0.025812297037
714.712328692	0.0258118230263
715.026487957	0.025811301878
715.340647222	0.0258107318428
715.654806488	0.0258103477039
715.968965753	0.0258099278898
716.283125019	0.0258092469869
716.597284284	0.0258085725571
716.911443549	0.0258081184039
717.225602815	0.0258076978237
717.53976208	0.0258071769806
717.853921345	0.0258066712288
718.168080611	0.0258062361048
718.482239876	0.0258058783505
718.796399141	0.0258056176483
719.110558407	0.0258054311609
719.424717672	0.0258053434862
719.738876937	0.025805308564
720.053036203	0.0258051213138
720.367195468	0.0258048539554
720.681354734	0.0258046390409
720.995513999	0.0258040686695
721.309673264	0.0258032911276
721.62383253	0.0258028043805
721.937991795	0.0258024309985
722.25215106	0.0258018972079
722.566310326	0.0258013124774
722.880469591	0.0258006703861
723.194628856	0.0258000674791
723.508788122	0.0257994913187
723.822947387	0.0257988675437
724.137106652	0.025798368962
724.451265918	0.0257980991651
724.765425183	0.0257980175526
725.079584449	0.0257980934397
725.393743714	0.0257981665171
725.707902979	0.0257980468737
726.022062245	0.0257977492584
726.33622151	0.0257974332263
726.650380775	0.0257968737474
726.964540041	0.0257959886627
727.278699306	0.0257954790148
727.592858571	0.0257950285327
727.907017837	0.0257942428296
728.221177102	0.0257935819832
728.535336368	0.0257931303413
728.849495633	0.025792549891
729.163654898	0.0257918342538
729.477814164	0.0257912576961
729.791973429	0.025790788893
730.106132694	0.0257903467775
730.42029196	0.0257898358442
730.734451225	0.0257893025748
731.04861049	0.0257890187582
731.362769756	0.0257889885017
731.676929021	0.0257889866234
731.991088286	0.0257889237596
732.305247552	0.025788762264
732.619406817	0.0257884252903
732.933566083	0.0257879286937
733.247725348	0.0257873896535
733.561884613	0.0257868341513
733.876043879	0.02578622143
734.190203144	0.0257855860127
734.504362409	0.0257850466008
734.818521675	0.0257845102541
735.13268094	0.0257839406063
735.446840205	0.0257834006738
735.760999471	0.0257827827108
736.075158736	0.0257820787964
736.389318001	0.0257815120033
736.703477267	0.0257811683587
737.017636532	0.0257807987681
737.331795798	0.0257803737416
737.645955063	0.0257800243422
737.960114328	0.0257797523106
738.274273594	0.0257794032034
738.588432859	0.0257788949691
738.902592124	0.025778516087
739.21675139	0.0257783333331
739.530910655	0.0257778876186
739.84506992	0.0257773274672
740.159229186	0.025776883893
740.473388451	0.0257764381626
740.787547717	0.0257759480696
741.101706982	0.0257754299737
741.415866247	0.0257749242879
741.730025513	0.0257744699228
742.044184778	0.0257740510541
742.358344043	0.0257738101009
742.672503309	0.0257734230406
742.986662574	0.0257729337615
743.300821839	0.0257724746752
743.614981105	0.0257722394373
743.92914037	0.0257722212621
744.243299635	0.0257719115594
744.557458901	0.0257713049419
744.871618166	0.025770776284
745.185777432	0.025770502571
745.499936697	0.0257703405745
745.814095962	0.0257701017141
746.128255228	0.0257697832365
746.442414493	0.0257693905852
746.756573758	0.0257689841985
747.070733024	0.0257686371727
747.384892289	0.0257682427141
747.699051554	0.0257677903779
748.01321082	0.0257675050014
748.327370085	0.0257673412225
748.64152935	0.0257668555042
748.955688616	0.0257662177996
749.269847881	0.0257658987468
749.584007147	0.0257654220364
749.898166412	0.0257646057819
750.212325677	0.0257640496845
750.526484943	0.0257636944052
750.840644208	0.0257630430401
751.154803473	0.0257622169894
751.468962739	0.025761571308
751.783122004	0.0257610959048
752.097281269	0.0257606825057
752.411440535	0.0257603437823
752.7255998	0.0257600699404
753.039759066	0.025759856975
753.353918331	0.0257596631664
753.668077596	0.0257594392266
753.982236862	0.025759301124
754.296396127	0.0257593347447
754.610555392	0.0257593088411
754.924714658	0.0257591263357
755.238873923	0.0257590254009
755.553033188	0.0257587397775
755.867192454	0.0257583766908
756.181351719	0.0257579546753
756.495510984	0.0257574734857
756.80967025	0.0257571208572
757.123829515	0.0257568474411
757.437988781	0.0257564160878
757.752148046	0.0257558114015
758.066307311	0.0257552727539
758.380466577	0.0257549010408
758.694625842	0.025754560044
759.008785107	0.025754203697
759.322944373	0.0257538790303
759.637103638	0.0257535495799
759.951262903	0.0257532386213
760.265422169	0.0257529895092
760.579581434	0.0257528319378
760.893740699	0.0257527548651
761.207899965	0.0257526917252
761.52205923	0.0257525229034
761.836218496	0.0257519217814
762.150377761	0.0257511332034
762.464537026	0.0257505025071
762.778696292	0.0257496860455
763.092855557	0.0257490149006
763.407014822	0.0257483972533
763.721174088	0.0257475136774
764.035333353	0.0257466172166
764.349492618	0.0257460609337
764.663651884	0.0257455402529
764.977811149	0.0257447158335
765.291970415	0.0257440281038
765.60612968	0.0257437448752
765.920288945	0.0257434440144
766.234448211	0.0257429511559
766.548607476	0.0257424625635
766.862766741	0.0257419831722
767.176926007	0.0257415665076
767.491085272	0.0257411022711
767.805244537	0.0257407510197
768.119403803	0.0257404233795
768.433563068	0.02573978568
768.747722333	0.0257390917695
769.061881599	0.0257387366255
769.376040864	0.0257384696951
769.69020013	0.0257380653955
770.004359395	0.0257375641547
770.31851866	0.0257371187958
770.632677926	0.0257367994208
770.946837191	0.0257363993037
771.260996456	0.0257360246763
771.575155722	0.0257357150326
771.889314987	0.0257353380416
772.203474252	0.0257349840741
772.517633518	0.0257349034338
772.831792783	0.0257349525414
773.145952048	0.0257346305102
773.460111314	0.0257341237226
773.774270579	0.0257337718421
774.088429845	0.0257333479216
774.40258911	0.0257328317839
774.716748375	0.0257323254751
775.030907641	0.0257319710892
775.345066906	0.0257315756195
775.659226171	0.0257309662456
775.973385437	0.0257303819383
776.287544702	0.0257300544618
776.601703967	0.0257298622059
776.915863233	0.0257295022575
777.230022498	0.0257289357386
777.544181764	0.0257282507659
777.858341029	0.025727751829
778.172500294	0.0257275287666
778.48665956	0.0257269999541
778.800818825	0.0257262625915
779.11497809	0.0257258265359
779.429137356	0.0257255858826
779.743296621	0.0257251199386
780.057455886	0.0257246338624
780.371615152	0.0257242948894
780.685774417	0.0257238316657
780.999933682	0.0257232848271
781.314092948	0.0257228626609
781.628252213	0.025722484315
781.942411479	0.025722008835
782.256570744	0.0257214729443
782.570730009	0.025721019698
782.884889275	0.0257206908841
783.19904854	0.0257202961384
783.513207805	0.0257198404733
783.827367071	0.0257195161099
784.141526336	0.0257191392019
784.455685601	0.0257185195965
784.769844867	0.0257180478717
785.084004132	0.0257178086967
785.398163397	0.025717200495
785.712322663	0.0257165930334
786.026481928	0.0257163348403
786.340641194	0.0257160821316
786.654800459	0.0257156809616
786.968959724	0.0257152677193
787.28311899	0.0257149361742
787.597278255	0.0257146942081
787.91143752	0.025714427181
788.225596786	0.0257141080622
788.539756051	0.0257138280648
788.853915316	0.0257136116593
789.168074582	0.0257134671018
789.482233847	0.0257134471994
789.796393113	0.0257133520522
790.110552378	0.0257128654798
790.424711643	0.0257122601682
790.738870909	0.0257118666649
791.053030174	0.0257113107381
791.367189439	0.0257106398949
791.681348705	0.0257101420784
791.99550797	0.0257097565885
792.309667235	0.0257092183805
792.623826501	0.0257086090129
792.937985766	0.0257081606744
793.252145031	0.0257079444526
793.566304297	0.0257077615133
793.880463562	0.0257075119536
794.194622828	0.0257073108464
794.508782093	0.0257071986907
794.822941358	0.0257070696269
795.137100624	0.0257068381432
795.451259889	0.025706477723
795.765419154	0.0257060884278
796.07957842	0.0257057050719
796.393737685	0.0257052011651
796.70789695	0.0257044684769
797.022056216	0.0257038827834
797.336215481	0.0257035108798
797.650374747	0.0257028510248
797.964534012	0.0257020791582
798.278693277	0.0257016087952
798.592852543	0.0257012296573
798.907011808	0.0257006896782
799.221171073	0.0257002899307
799.535330339	0.0256999584446
799.849489604	0.0256995031724
800.163648869	0.0256991449428
800.477808135	0.0256989677108
800.7919674	0.0256987690819
801.106126665	0.0256984778052
801.420285931	0.0256981218813
801.734445196	0.0256977718178
802.048604462	0.0256973448152
802.362763727	0.0256968549436
802.676922992	0.0256963529947
802.991082258	0.0256956160536
803.305241523	0.0256946065144
803.619400788	0.0256938117712
803.933560054	0.0256933419773
804.247719319	0.0256926773677
804.561878584	0.0256918012848
804.87603785	0.0256910323938
805.190197115	0.0256903952789
805.50435638	0.0256898763303
805.818515646	0.0256893935036
806.132674911	0.0256887978715
806.446834177	0.0256882350151
806.760993442	0.0256878522754
807.075152707	0.0256875006784
807.389311973	0.0256871119949
807.703471238	0.0256868222139
808.017630503	0.0256864517393
808.331789769	0.0256857917044
808.645949034	0.0256852620296
808.960108299	0.025684986261
809.274267565	0.0256844388566
809.58842683	0.0256837959882
809.902586096	0.0256833998977
810.216745361	0.0256830722719
810.530904626	0.0256826942457
810.845063892	0.0256823093961
811.159223157	0.0256820470164
811.473382422	0.025681914902
811.787541688	0.0256816538241
812.101700953	0.0256812680085
812.415860218	0.0256810621547
812.730019484	0.025680928143
813.044178749	0.025680644275
813.358338014	0.0256803871417
813.67249728	0.0256802158793
813.986656545	0.025680076513
814.300815811	0.0256798818291
814.614975076	0.0256795344719
814.929134341	0.0256791495638
815.243293607	0.0256788893426
815.557452872	0.0256784440619
815.871612137	0.0256778562881
816.185771403	0.0256773981874
816.499930668	0.0256770101229
816.814089933	0.025676625455
817.128249199	0.0256763415859
817.442408464	0.0256761678006
817.756567729	0.0256758925217
818.070726995	0.0256755085196
818.38488626	0.0256751809524
818.699045526	0.0256748049484
819.013204791	0.0256742618501
819.327364056	0.0256736815541
819.641523322	0.0256732178138
819.955682587	0.025672629907
820.269841852	0.025671864571
820.584001118	0.0256712683797
820.898160383	0.025670765213
821.212319648	0.0256702318953
821.526478914	0.025669742259
821.840638179	0.0256692842069
822.154797445	0.0256688834478
822.46895671	0.0256686347129
822.783115975	0.0256684922159
823.097275241	0.0256683253703
823.411434506	0.0256681157512
823.725593771	0.025667974825
824.039753037	0.0256678467216
824.353912302	0.0256678073546
824.668071567	0.02566763664
824.982230833	0.0256672590971
825.296390098	0.0256668455761
825.610549363	0.025666360396
825.924708629	0.0256659207589
826.238867894	0.0256657601829
826.55302716	0.0256653650318
826.867186425	0.0256646209402
827.18134569	0.0256640698829
827.495504956	0.0256637388808
827.809664221	0.0256633372516
828.123823486	0.0256628136126
828.437982752	0.025662301101
828.752142017	0.0256619130258
829.066301282	0.025661679532
829.380460548	0.0256615649744
829.694619813	0.0256614660817
830.008779078	0.0256613217724
830.322938344	0.0256612382621
830.637097609	0.0256611613984
830.951256875	0.0256607173234
831.26541614	0.0256600988839
831.579575405	0.02565967976
831.893734671	0.0256591999914
832.207893936	0.0256585427004
832.522053201	0.0256580083015
832.836212467	0.0256575724855
833.150371732	0.0256570039496
833.464530997	0.0256563694758
833.778690263	0.0256558142974
834.092849528	0.0256553508557
834.407008794	0.0256550112513
834.721168059	0.0256548183069
835.035327324	0.0256546926545
835.34948659	0.0256546121297
835.663645855	0.0256545666038
835.97780512	0.0256544730858
836.291964386	0.0256542353692
836.606123651	0.0256538999042
836.920282916	0.0256534186268
837.234442182	0.025652919364
837.548601447	0.0256525553377
837.862760712	0.0256519882461
838.176919978	0.0256513256747
838.491079243	0.0256508870056
838.805238509	0.0256505432145
839.119397774	0.0256499978981
839.433557039	0.0256493354955
839.747716305	0.0256487428995
840.06187557	0.0256482042109
840.376034835	0.025647757355
840.690194101	0.0256472596491
841.004353366	0.0256467301676
841.318512631	0.0256464577233
841.632671897	0.0256464222836
841.946831162	0.02564633653
842.260990427	0.0256461771114
842.575149693	0.0256460408735
842.889308958	0.0256458323436
843.203468224	0.0256452757382
843.517627489	0.0256446145781
843.831786754	0.0256439989236
844.14594602	0.0256432564105
844.460105285	0.0256425887426
844.77426455	0.0256419915744
845.088423816	0.0256413196807
845.402583081	0.025640667275
845.716742346	0.0256401601749
846.030901612	0.0256396678025
846.345060877	0.0256390721361
846.659220143	0.025638493971
846.973379408	0.0256380398509
847.287538673	0.0256376340318
847.601697939	0.0256372341518
847.915857204	0.0256369692066
848.230016469	0.0256367818355
848.544175735	0.0256366321878
848.858335	0.0256364722061
849.172494265	0.0256361850025
849.486653531	0.0256356775829
849.800812796	0.0256352942107
850.114972061	0.0256350550898
850.429131327	0.0256345931763
850.743290592	0.0256340286933
851.057449858	0.0256336259243
851.371609123	0.0256332957182
851.685768388	0.0256329357082
851.999927654	0.0256326596275
852.314086919	0.0256322818396
852.628246184	0.0256318873342
852.94240545	0.0256316773283
853.256564715	0.025631463377
853.57072398	0.0256311073477
853.884883246	0.0256307801127
854.199042511	0.0256305693015
854.513201776	0.0256302456784
854.827361042	0.0256297563662
855.141520307	0.0256292532689
855.455679573	0.0256289079012
855.769838838	0.0256286545633
856.083998103	0.0256283206405
856.398157369	0.0256278542071
856.712316634	0.0256273316525
857.026475899	0.0256268832214
857.340635165	0.0256264683417
857.65479443	0.0256259287716
857.968953695	0.0256253602335
858.283112961	0.0256249535678
858.597272226	0.0256247455457
858.911431492	0.0256246426786
859.225590757	0.0256243250536
859.539750022	0.0256235928159
859.853909288	0.0256231640208
860.168068553	0.0256227575042
860.482227818	0.0256220889062
860.796387084	0.0256215008301
861.110546349	0.0256208957533
861.424705614	0.0256201599117
861.73886488	0.025619549874
862.053024145	0.02561919437
862.36718341	0.0256188496358
862.681342676	0.0256184839075
862.995501941	0.0256181277451
863.309661207	0.0256177828685
863.623820472	0.0256174651678
863.937979737	0.0256171878601
864.252139003	0.0256169646979
864.566298268	0.0256167721167
864.880457533	0.0256166145872
865.194616799	0.0256165078883
865.508776064	0.0256163449404
865.822935329	0.0256159861827
866.137094595	0.0256156292606
866.45125386	0.025615368349
866.765413125	0.0256149271927
867.079572391	0.0256143109768
867.393731656	0.0256139817521
867.707890922	0.0256135700098
868.022050187	0.0256128934833
868.336209452	0.0256122702757
868.650368718	0.0256116863417
868.964527983	0.0256111656772
869.278687248	0.0256107841846
869.592846514	0.0256104424011
869.907005779	0.0256100439233
870.221165044	0.0256096534674
870.53532431	0.0256093615043
870.849483575	0.0256091996976
871.163642841	0.0256090381893
871.477802106	0.0256088228501
871.791961371	0.0256087088516
872.106120637	0.025608520238
872.420279902	0.0256078576918
872.734439167	0.0256069852311
873.048598433	0.0256063417828
873.362757698	0.02560579831
873.676916963	0.0256051896603
873.991076229	0.025604490656
874.305235494	0.0256037442458
874.619394759	0.0256030808212
874.933554025	0.0256024985756
875.24771329	0.0256019282897
875.561872556	0.0256013917246
875.876031821	0.0256009705979
876.190191086	0.0256007220168
876.504350352	0.025600571279
876.818509617	0.0256003757897
877.132668882	0.0256000909968
877.446828148	0.0255998289933
877.760987413	0.0255996099809
878.075146678	0.02559913907
878.389305944	0.025598499906
878.703465209	0.0255981143025
879.017624474	0.0255977706406
879.33178374	0.0255971029336
879.645943005	0.0255966007601
879.960102271	0.0255963156738
880.274261536	0.0255958232378
880.588420801	0.0255952849592
880.902580067	0.0255950077498
881.216739332	0.0255946580207
881.530898597	0.025594193563
881.845057863	0.0255939060913
882.159217128	0.0255935683798
882.473376393	0.0255931884529
882.787535659	0.0255930367123
883.101694924	0.0255930665313
883.41585419	0.0255930741081
883.730013455	0.0255929657691
884.04417272	0.0255928258711
884.358331986	0.0255925119692
884.672491251	0.0255921233963
884.986650516	0.0255918426149
885.300809782	0.025591337672
885.614969047	0.0255907312961
885.929128312	0.0255903016647
886.243287578	0.0255899379843
886.557446843	0.0255894936102
886.871606108	0.0255890292076
887.185765374	0.0255885466735
887.499924639	0.0255880444333
887.814083905	0.0255875891914
888.12824317	0.0255871886814
888.442402435	0.025586787336
888.756561701	0.0255863604853
889.070720966	0.0255859280757
889.384880231	0.0255855039693
889.699039497	0.0255851224522
890.013198762	0.0255847223744
890.327358027	0.025584241629
890.641517293	0.0255839434314
890.955676558	0.0255835546992
891.269835823	0.0255830063469
891.583995089	0.025582547512
891.898154354	0.025582162485
892.21231362	0.0255816912357
892.526472885	0.0255810945222
892.84063215	0.0255805919326
893.154791416	0.025580283144
893.468950681	0.0255801377721
893.783109946	0.0255800753156
894.097269212	0.0255796992588
894.411428477	0.025579114217
894.725587742	0.025578732629
895.039747008	0.02557844815
895.353906273	0.0255780982662
895.668065539	0.0255777490149
895.982224804	0.0255773978357
896.296384069	0.0255769660008
896.610543335	0.0255766699497
896.9247026	0.025576476971
897.238861865	0.0255761992367
897.553021131	0.0255758926949
897.867180396	0.025575630945
898.181339661	0.0255753324347
898.495498927	0.0255750061787
898.809658192	0.0255747212345
899.123817457	0.0255744073098
899.437976723	0.0255740769091
899.752135988	0.0255738196866
900.066295254	0.0255735522174
900.380454519	0.0255730446858
900.694613784	0.0255724300922
901.00877305	0.0255719207062
901.322932315	0.0255713849079
901.63709158	0.0255706762365
901.951250846	0.0255700510284
902.265410111	0.0255697507341
902.579569376	0.0255692440468
902.893728642	0.0255685671717
903.207887907	0.0255681755259
903.522047172	0.0255679676757
903.836206438	0.0255677094367
904.150365703	0.025567427767
904.464524969	0.0255672292534
904.778684234	0.0255670899491
905.092843499	0.0255668774561
905.407002765	0.0255665927036
905.72116203	0.0255663724373
906.035321295	0.0255661133065
906.349480561	0.0255658653162
906.663639826	0.0255657053807
906.977799091	0.025565342085
907.291958357	0.0255647416656
907.606117622	0.0255642452248
907.920276888	0.0255637745672
908.234436153	0.02556315014
908.548595418	0.0255625658511
908.862754684	0.0255620937507
909.176913949	0.0255615669134
909.491073214	0.0255609490319
909.80523248	0.0255603906773
910.119391745	0.0255599341043
910.43355101	0.0255595291538
910.747710276	0.025559169051
911.061869541	0.0255588493401
911.376028806	0.0255586008356
911.690188072	0.0255584126601
912.004347337	0.0255581531026
912.318506603	0.0255578953071
912.632665868	0.0255577187493
912.946825133	0.0255573579007
913.260984399	0.0255566722811
913.575143664	0.0255560112626
913.889302929	0.0255554067831
914.203462195	0.0255548274172
914.51762146	0.0255542171856
914.831780725	0.0255536550044
915.145939991	0.0255532199597
915.460099256	0.0255527675554
915.774258521	0.02555229521
916.088417787	0.0255519911477
916.402577052	0.0255517486684
916.716736318	0.0255513553446
917.030895583	0.0255510423599
917.345054848	0.025551013678
917.659214114	0.0255510227976
917.973373379	0.0255508875603
918.287532644	0.0255507034938
918.60169191	0.0255505153488
918.915851175	0.0255502625517
919.23001044	0.0255499519528
919.544169706	0.0255497728504
919.858328971	0.0255495811549
920.172488237	0.0255491600695
920.486647502	0.0255487175118
920.800806767	0.0255485066145
921.114966033	0.0255483052253
921.429125298	0.025547939643
921.743284563	0.0255476025729
922.057443829	0.0255473718727
922.371603094	0.0255471150149
922.685762359	0.0255467457279
922.999921625	0.0255464093916
923.31408089	0.0255461621014
923.628240155	0.0255457781595
923.942399421	0.0255453132634
924.256558686	0.0255451099047
924.570717952	0.0255449570097
924.884877217	0.0255445006255
925.199036482	0.0255439310376
925.513195748	0.0255434243356
925.827355013	0.0255429958124
926.141514278	0.0255424019266
926.455673544	0.025541768405
926.769832809	0.0255413593795
927.083992074	0.0255408718975
927.39815134	0.0255402257519
927.712310605	0.0255397537665
928.02646987	0.0255396097881
928.340629136	0.0255394920152
928.654788401	0.0255390926193
928.968947667	0.0255384967189
929.283106932	0.0255378800822
929.597266197	0.0255375804172
929.911425463	0.0255372015548
930.225584728	0.0255365446735
930.539743993	0.0255359385808
930.853903259	0.0255354322911
931.168062524	0.025534853798
931.482221789	0.0255343500826
931.796381055	0.0255339699721
932.11054032	0.0255334903758
932.424699586	0.0255329332603
932.738858851	0.0255324358197
933.053018116	0.0255320940075
933.367177382	0.0255319300678
933.681336647	0.0255317739495
933.995495912	0.0255315676236
934.309655178	0.0255314381967
934.623814443	0.0255314584383
934.937973708	0.0255313243934
935.252132974	0.025530856118
935.566292239	0.0255306315066
935.880451504	0.0255303439822
936.19461077	0.0255297491085
936.508770035	0.025529250599
936.822929301	0.0255290723594
937.137088566	0.0255286050464
937.451247831	0.0255278724886
937.765407097	0.025527445446
938.079566362	0.0255271486613
938.393725627	0.0255267062355
938.707884893	0.0255262678313
939.022044158	0.0255259412368
939.336203423	0.0255256628015
939.650362689	0.0255254336315
939.964521954	0.025525276673
940.278681219	0.0255251398877
940.592840485	0.0255249809866
940.90699975	0.0255248179107
941.221159016	0.025524662001
941.535318281	0.025524441308
941.849477546	0.0255238327895
942.163636812	0.0255230859092
942.477796077	0.0255226758415
942.791955342	0.0255221213548
943.106114608	0.0255213825128
943.420273873	0.0255207650345
943.734433138	0.0255202571487
944.048592404	0.0255196683702
944.362751669	0.0255189947917
944.676910935	0.0255184246993
944.9910702	0.0255180327428
945.305229465	0.0255177660585
945.619388731	0.0255175680054
945.933547996	0.0255173953573
946.247707261	0.0255172614568
946.561866527	0.0255171734858
946.876025792	0.0255170555994
947.190185057	0.0255168017788
947.504344323	0.0255164753608
947.818503588	0.0255161818727
948.132662853	0.0255157712142
948.446822119	0.0255151361156
948.760981384	0.0255145678596
949.07514065	0.0255142402602
949.389299915	0.0255136533254
949.70345918	0.0255129396915
950.017618446	0.0255125045721
950.331777711	0.0255121245095
950.645936976	0.0255115761995
950.960096242	0.0255111067643
951.274255507	0.025510776973
951.588414772	0.0255104083964
951.902574038	0.025510098359
952.216733303	0.0255100029103
952.530892568	0.0255100372455
952.845051834	0.0255100254926
953.159211099	0.0255099091412
953.473370365	0.0255096710409
953.78752963	0.0255091607214
954.101688895	0.0255086474587
954.415848161	0.0255081667677
954.730007426	0.0255074249603
955.044166691	0.0255067277808
955.358325957	0.0255062687755
955.672485222	0.0255057657631
955.986644487	0.0255051500743
956.300803753	0.0255046160578
956.614963018	0.0255042049082
956.929122284	0.0255038060221
957.243281549	0.0255034032354
957.557440814	0.0255030986734
957.87160008	0.0255029030874
958.185759345	0.0255026474224
958.49991861	0.0255022864799
958.814077876	0.0255019760512
959.128237141	0.0255017679812
959.442396406	0.02550150832
959.756555672	0.0255011284303
960.070714937	0.0255006472066
960.384874202	0.0255003857844
960.699033468	0.0255001607571
961.013192733	0.0254996414751
961.327351999	0.0254990891356
961.641511264	0.0254987840308
961.955670529	0.0254984897087
962.269829795	0.0254979744574
962.58398906	0.0254974944419
962.898148325	0.0254972329781
963.212307591	0.0254970214243
963.526466856	0.0254967862837
963.840626121	0.0254964917106
964.154785387	0.0254960325193
964.468944652	0.0254957441453
964.783103917	0.0254956212478
965.097263183	0.0254953202552
965.411422448	0.0254948716239
965.725581714	0.0254944372596
966.039740979	0.0254940236288
966.353900244	0.0254936465956
966.66805951	0.025493342158
966.982218775	0.025492942412
967.29637804	0.0254924627872
967.610537306	0.025491984209
967.924696571	0.0254915160721
968.238855836	0.0254911174855
968.553015102	0.0254907984133
968.867174367	0.0254905201262
969.181333633	0.0254903436173
969.495492898	0.0254903220254
969.809652163	0.0254901786763
970.123811429	0.0254896854273
970.437970694	0.0254892661903
970.752129959	0.0254888862503
971.066289225	0.0254882198156
971.38044849	0.0254875822464
971.694607755	0.0254871293983
972.008767021	0.0254866149845
972.322926286	0.0254859180528
972.637085551	0.0254852187519
972.951244817	0.0254847472689
973.265404082	0.0254843973093
973.579563348	0.025483976388
973.893722613	0.0254835196878
974.207881878	0.0254832064579
974.522041144	0.0254830057541
974.836200409	0.0254827987539
975.150359674	0.0254826476031
975.46451894	0.0254825625747
975.778678205	0.0254824568179
976.09283747	0.025482430686
976.406996736	0.0254825092041
976.721156001	0.0254821565543
977.035315266	0.0254814123559
977.349474532	0.0254810029731
977.663633797	0.025480570855
977.977793063	0.0254799239785
978.291952328	0.0254793502833
978.606111593	0.0254789255383
978.920270859	0.025478379358
979.234430124	0.0254776577095
979.548589389	0.0254770410966
979.862748655	0.0254766092465
980.17690792	0.0254761913984
980.491067185	0.0254757633732
980.805226451	0.025475409668
981.119385716	0.0254751827386
981.433544982	0.025475063724
981.747704247	0.0254750090081
982.061863512	0.0254749697837
982.376022778	0.0254749425072
982.690182043	0.0254748113493
983.004341308	0.0254742354747
983.318500574	0.025473548735
983.632659839	0.0254731078896
983.946819104	0.0254726076255
984.26097837	0.0254721039299
984.575137635	0.0254716656348
984.8892969	0.0254711478981
985.203456166	0.0254705974047
985.517615431	0.0254701767139
985.831774697	0.0254698955989
986.145933962	0.0254695583683
986.460093227	0.0254691735072
986.774252493	0.0254690163513
987.088411758	0.0254691130063
987.402571023	0.0254692199924
987.716730289	0.0254691934022
988.030889554	0.0254691463349
988.345048819	0.025469069639
988.659208085	0.0254687571397
988.97336735	0.0254684490329
989.287526616	0.0254682274432
989.601685881	0.0254677844274
989.915845146	0.0254672327658
990.230004412	0.0254668452091
990.544163677	0.0254665655766
990.858322942	0.0254661871444
991.172482208	0.0254657404089
991.486641473	0.0254653088889
991.800800738	0.0254649052332
992.114960004	0.025464561118
992.429119269	0.0254641245633
992.743278534	0.0254637370979
993.0574378	0.0254635111438
993.371597065	0.0254632129703
993.685756331	0.0254629290757
993.999915596	0.0254628868588
994.314074861	0.0254629945069
994.628234127	0.0254628184063
994.942393392	0.0254623011366
995.256552657	0.02546187797
995.570711923	0.0254613979919
995.884871188	0.0254608770491
996.199030453	0.0254603028324
996.513189719	0.0254597179805
996.827348984	0.0254592187066
997.141508249	0.0254587179844
997.455667515	0.0254581679841
997.76982678	0.0254578140443
998.083986046	0.0254576698932
998.398145311	0.0254573117912
998.712304576	0.0254566890151
999.026463842	0.0254560227088
999.340623107	0.0254557766087
999.654782372	0.0254555059519
999.968941638	0.0254550541304
1000.2831009	0.0254547306523
1000.59726017	0.025454519596
1000.91141943	0.0254543377546
1001.2255787	0.0254540622796
1001.53973796	0.0254538142933
1001.85389723	0.0254536321747
1002.1680565	0.0254533783385
1002.48221576	0.0254530831714
1002.79637503	0.02545284066
1003.11053429	0.0254525736334
1003.42469356	0.0254522950036
1003.73885282	0.0254520763976
1004.05301209	0.0254518852259
1004.36717135	0.0254517143221
1004.68133062	0.0254514705509
1004.99548988	0.0254511124544
1005.30964915	0.0254507652964
1005.62380841	0.025450357371
1005.93796768	0.0254497396986
1006.25212694	0.0254492327421
1006.56628621	0.0254489985632
1006.88044548	0.0254484925876
1007.19460474	0.0254477141337
1007.50876401	0.0254472042714
1007.82292327	0.0254468872967
1008.13708254	0.0254464372243
1008.4512418	0.0254459397926
1008.76540107	0.0254454931597
1009.07956033	0.0254450966397
1009.3937196	0.0254447365703
1009.70787886	0.0254444338602
1010.02203813	0.025444140666
1010.33619739	0.0254438288686
1010.65035666	0.0254435962556
1010.96451593	0.0254434871049
1011.27867519	0.0254433140774
1011.59283446	0.0254428373682
1011.90699372	0.0254420542348
1012.22115299	0.02544157486
1012.53531225	0.0254410795633
1012.84947152	0.0254404278131
1013.16363078	0.0254397706922
1013.47779005	0.0254393033671
1013.79194931	0.0254388671874
1014.10610858	0.0254382434457
1014.42026784	0.0254376579729
1014.73442711	0.0254372972032
1015.04858637	0.0254369994619
1015.36274564	0.0254366529761
1015.67690491	0.0254363079216
1015.99106417	0.0254360211587
1016.30522344	0.0254357598804
1016.6193827	0.0254355860209
1016.93354197	0.0254354746422
1017.24770123	0.0254352890572
1017.5618605	0.0254350443854
1017.87601976	0.0254347518428
1018.19017903	0.0254342740209
1018.50433829	0.0254336627085
1018.81849756	0.0254331447631
1019.13265682	0.0254326042272
1019.44681609	0.025431990409
1019.76097536	0.025431496324
1020.07513462	0.025430968526
1020.38929389	0.0254303567492
1020.70345315	0.0254299214621
1021.01761242	0.0254295811772
1021.33177168	0.0254291169806
1021.64593095	0.0254287286513
1021.96009021	0.025428603937
1022.27424948	0.025428567986
1022.58840874	0.0254283837977
1022.90256801	0.0254281546592
1023.21672727	0.0254279994494
1023.53088654	0.0254277073253
1023.8450458	0.0254273573898
1024.15920507	0.0254270637252
1024.47336434	0.0254265171434
1024.7875236	0.0254257550433
1025.10168287	0.0254252333868
1025.41584213	0.0254249123308
1025.7300014	0.0254244673689
1026.04416066	0.0254239637607
1026.35831993	0.0254235463048
1026.67247919	0.0254231415766
1026.98663846	0.0254227781949
1027.30079772	0.0254225066495
1027.61495699	0.0254222361069
1027.92911625	0.0254219182648
1028.24327552	0.0254215528216
1028.55743479	0.0254212752154
1028.87159405	0.0254211726994
1029.18575332	0.0254210388023
1029.49991258	0.0254206620576
1029.81407185	0.0254200531886
1030.12823111	0.0254197146918
1030.44239038	0.0254195872061
1030.75654964	0.02541905036
1031.07070891	0.025418425914
1031.38486817	0.0254182416475
1031.69902744	0.0254180685652
1032.0131867	0.0254175999293
1032.32734597	0.0254171548351
1032.64150524	0.0254169470235
1032.9556645	0.0254168358869
1033.26982377	0.0254166199751
1033.58398303	0.0254162184724
1033.8981423	0.0254157478471
1034.21230156	0.0254154134776
1034.52646083	0.0254152537401
1034.84062009	0.0254148873401
1035.15477936	0.0254144199199
1035.46893862	0.0254141358726
1035.78309789	0.0254139941759
1036.09725715	0.0254136378114
1036.41141642	0.0254131742003
1036.72557568	0.0254128485047
1037.03973495	0.0254123798347
1037.35389422	0.0254118335863
1037.66805348	0.0254114009824
1037.98221275	0.0254111008234
1038.29637201	0.0254108015744
1038.61053128	0.025410484952
1038.92469054	0.0254102872674
1039.23884981	0.0254101814057
1039.55300907	0.0254098330228
1039.86716834	0.025409362575
1040.1813276	0.0254089846924
1040.49548687	0.0254085460501
1040.80964613	0.0254080204302
1041.1238054	0.0254073710125
1041.43796467	0.0254069052939
1041.75212393	0.0254066351091
1042.0662832	0.0254060517988
1042.38044246	0.0254053273525
1042.69460173	0.0254050003052
1043.00876099	0.0254049097609
1043.32292026	0.025404619929
1043.63707952	0.0254042109223
1043.95123879	0.0254040337357
1044.26539805	0.0254038750762
1044.57955732	0.0254036297038
1044.89371658	0.0254034798154
1045.20787585	0.025403292218
1045.52203511	0.0254030120958
1045.83619438	0.0254028461333
1046.15035365	0.0254028460801
1046.46451291	0.0254024755679
1046.77867218	0.0254016749352
1047.09283144	0.0254012842362
1047.40699071	0.0254009290018
1047.72114997	0.0254002120874
1048.03530924	0.025399525331
1048.3494685	0.0253992109327
1048.66362777	0.0253987717747
1048.97778703	0.0253980296961
1049.2919463	0.0253974193595
1049.60610556	0.0253971583799
1049.92026483	0.0253969825474
1050.2344241	0.0253966662523
1050.54858336	0.0253964047138
1050.86274263	0.0253963202842
1051.17690189	0.0253962362396
1051.49106116	0.0253959671078
1051.80522042	0.0253956191082
1052.11937969	0.0253953318051
1052.43353895	0.0253949741212
1052.74769822	0.0253943117759
1053.06185748	0.0253935644408
1053.37601675	0.0253930987803
1053.69017601	0.025392693476
1054.00433528	0.0253920011229
1054.31849454	0.0253913148083
1054.63265381	0.0253909056232
1054.94681308	0.0253904453114
1055.26097234	0.0253899450222
1055.57513161	0.0253896637504
1055.88929087	0.0253894288084
1056.20345014	0.0253890796355
1056.5176094	0.0253889266659
1056.83176867	0.0253890553913
1057.14592793	0.0253891712222
1057.4600872	0.0253891255394
1057.77424646	0.0253890624987
1058.08840573	0.0253889958394
1058.40256499	0.0253886504655
1058.71672426	0.0253882984975
1059.03088353	0.0253880241493
1059.34504279	0.0253875125018
1059.65920206	0.0253868327418
1059.97336132	0.0253864213066
1060.28752059	0.0253860860821
1060.60167985	0.025385549612
1060.91583912	0.0253849706536
1061.22999838	0.0253845249515
1061.54415765	0.0253841733747
1061.85831691	0.0253838369671
1062.17247618	0.0253834926665
1062.48663544	0.025383289675
1062.80079471	0.0253830437485
1063.11495397	0.0253826974671
1063.42911324	0.0253826277519
1063.74327251	0.0253827804871
1064.05743177	0.0253827792429
1064.37159104	0.0253824184878
1064.6857503	0.0253819969744
1064.99990957	0.0253817058818
1065.31406883	0.0253811588521
1065.6282281	0.0253806248733
1065.94238736	0.0253803343415
1066.25654663	0.0253799912735
1066.57070589	0.0253795340419
1066.88486516	0.0253790773355
1067.19902442	0.0253788044167
1067.51318369	0.025378806547
1067.82734296	0.0253787554792
1068.14150222	0.0253784827151
1068.45566149	0.0253780755544
1068.76982075	0.0253777177031
1069.08398002	0.0253777358232
1069.39813928	0.0253775573299
1069.71229855	0.0253770116376
1070.02645781	0.0253766778977
1070.34061708	0.0253766034563
1070.65477634	0.025376366858
1070.96893561	0.0253760178121
1071.28309487	0.025375860986
1071.59725414	0.0253756268081
1071.9114134	0.0253751925612
1072.22557267	0.0253747783583
1072.53973194	0.0253744936205
1072.8538912	0.0253742422987
1073.16805047	0.0253739145189
1073.48220973	0.0253736460725
1073.796369	0.0253735051416
1074.11052826	0.0253733974958
1074.42468753	0.0253732080777
1074.73884679	0.0253729760737
1075.05300606	0.0253727634772
1075.36716532	0.0253723366628
1075.68132459	0.025371679303
1075.99548385	0.0253714969584
1076.30964312	0.0253712459476
1076.62380239	0.0253703902702
1076.93796165	0.0253695863761
1077.25212092	0.0253692339693
1077.56628018	0.0253689206132
1077.88043945	0.0253683932075
1078.19459871	0.0253678122709
1078.50875798	0.0253673401977
1078.82291724	0.0253670299407
1079.13707651	0.0253667987485
1079.45123577	0.0253665454912
1079.76539504	0.025366336062
1080.0795543	0.0253662122327
1080.39371357	0.0253661145706
1080.70787283	0.025366075984
1081.0220321	0.0253659234527
1081.33619137	0.0253654449179
1081.65035063	0.0253647981882
1081.9645099	0.0253643959928
1082.27866916	0.0253639306362
1082.59282843	0.0253632685935
1082.90698769	0.0253627472909
1083.22114696	0.025362386615
1083.53530622	0.025361791797
1083.84946549	0.02536111119
1084.16362475	0.0253606659671
1084.47778402	0.0253603497077
1084.79194328	0.0253599752457
1085.10610255	0.0253595817875
1085.42026182	0.025359275475
1085.73442108	0.0253590868643
1086.04858035	0.0253589440393
1086.36273961	0.025358777334
1086.67689888	0.0253586116906
1086.99105814	0.0253583827686
1087.30521741	0.0253579451472
1087.61937667	0.0253574880316
1087.93353594	0.0253573043151
1088.2476952	0.0253567622447
1088.56185447	0.0253560067519
1088.87601373	0.0253554259136
1089.190173	0.0253550128453
1089.50433227	0.0253544585757
1089.81849153	0.0253537657511
1090.1326508	0.0253532153481
1090.44681006	0.0253527029595
1090.76096933	0.0253521264423
1091.07512859	0.0253516888606
1091.38928786	0.0253514937456
1091.70344712	0.025351378343
1092.01760639	0.0253512581361
1092.33176565	0.0253512051731
1092.64592492	0.0253512162382
1092.96008418	0.0253511112065
1093.27424345	0.0253508169603
1093.58840271	0.0253504143522
1093.90256198	0.0253499321656
1094.21672125	0.0253492222218
1094.53088051	0.0253484573203
1094.84503978	0.0253480468272
1095.15919904	0.0253477512057
1095.47335831	0.0253472054011
1095.78751757	0.0253466756438
1096.10167684	0.0253462065163
1096.4158361	0.0253457237317
1096.72999537	0.0253454254877
1097.04415463	0.025345163851
1097.3583139	0.0253447913889
1097.67247316	0.0253445223273
1097.98663243	0.0253444672951
1098.3007917	0.0253444976977
1098.61495096	0.0253444714075
1098.92911023	0.025344452396
1099.24326949	0.0253443668034
1099.55742876	0.0253440741707
1099.87158802	0.0253437642483
1100.18574729	0.0253434717314
1100.49990655	0.025343011928
1100.81406582	0.0253424839436
1101.12822508	0.0253420861051
1101.44238435	0.0253415705571
1101.75654361	0.0253409676887
1102.07070288	0.0253405874771
1102.38486214	0.0253403935707
1102.69902141	0.0253400669545
1103.01318068	0.0253395092792
1103.32733994	0.0253389860645
1103.64149921	0.0253387152598
1103.95565847	0.0253384913152
1104.26981774	0.0253381886003
1104.583977	0.0253379285502
1104.89813627	0.0253377961841
1105.21229553	0.0253378134237
1105.5264548	0.0253376455276
1105.84061406	0.0253371555238
1106.15477333	0.02533682262
1106.46893259	0.0253365763103
1106.78309186	0.0253360657709
1107.09725113	0.0253355088385
1107.41141039	0.0253351612161
1107.72556966	0.0253348451005
1108.03972892	0.0253344218382
1108.35388819	0.0253340536195
1108.66804745	0.0253338389118
1108.98220672	0.0253336275001
1109.29636598	0.0253333116204
1109.61052525	0.025332975405
1109.92468451	0.025332568478
1110.23884378	0.02533210943
1110.55300304	0.0253316158043
1110.86716231	0.0253312153169
1111.18132157	0.0253308250147
1111.49548084	0.025330285047
1111.80964011	0.0253297223398
1112.12379937	0.0253292859
1112.43795864	0.0253289603084
1112.7521179	0.0253286074008
1113.06627717	0.0253281801334
1113.38043643	0.0253278847577
1113.6945957	0.0253275764723
1114.00875496	0.0253272065602
1114.32291423	0.025326952992
1114.63707349	0.0253268011178
1114.95123276	0.0253266375627
1115.26539202	0.0253263980482
1115.57955129	0.0253262080162
1115.89371056	0.0253261214144
1116.20786982	0.0253257311598
1116.52202909	0.0253251855549
1116.83618835	0.0253247686244
1117.15034762	0.0253242616346
1117.46450688	0.0253236827775
1117.77866615	0.0253232493811
1118.09282541	0.0253227900058
1118.40698468	0.0253221554726
1118.72114394	0.0253215340793
1119.03530321	0.0253211467623
1119.34946247	0.0253209078386
1119.66362174	0.0253206113196
1119.977781	0.0253202458765
1120.29194027	0.0253199430629
1120.60609954	0.025319779444
1120.9202588	0.0253196769491
1121.23441807	0.0253194924602
1121.54857733	0.0253192683219
1121.8627366	0.0253191553718
1122.17689586	0.0253189277565
1122.49105513	0.0253182143338
1122.80521439	0.0253176573505
1123.11937366	0.0253173558389
1123.43353292	0.0253168424478
1123.74769219	0.0253161325115
1124.06185145	0.0253154953808
1124.37601072	0.0253150804256
1124.69016999	0.0253146620221
1125.00432925	0.0253141076864
1125.31848852	0.0253135401733
1125.63264778	0.0253131646535
1125.94680705	0.0253129614314
1126.26096631	0.0253128107645
1126.57512558	0.0253126624454
1126.88928484	0.0253125447187
1127.20344411	0.0253124621456
1127.51760337	0.0253124079496
1127.83176264	0.0253123494046
1128.1459219	0.0253122795449
1128.46008117	0.025312277161
1128.77424043	0.0253121001049
1129.0883997	0.0253114408014
1129.40255897	0.0253108104487
1129.71671823	0.0253104034919
1130.0308775	0.025310075046
1130.34503676	0.0253096196652
1130.65919603	0.0253090873706
1130.97335529	0.0253085847602
1131.28751456	0.0253081360076
1131.60167382	0.0253077310774
1131.91583309	0.0253074259124
1132.22999235	0.025307105303
1132.54415162	0.0253067631147
1132.85831088	0.025306572083
1133.17247015	0.0253065878602
1133.48662942	0.0253066456123
1133.80078868	0.0253065730579
1134.11494795	0.0253063486019
1134.42910721	0.025306078326
1134.74326648	0.0253057623617
1135.05742574	0.02530528444
1135.37158501	0.0253047510068
1135.68574427	0.0253043598182
1135.99990354	0.0253040254052
1136.3140628	0.025303616357
1136.62822207	0.0253031208934
1136.94238133	0.025302819145
1137.2565406	0.0253027713856
1137.57069986	0.0253025912711
1137.88485913	0.0253022241299
1138.1990184	0.025301839287
1138.51317766	0.0253016564488
1138.82733693	0.0253015574018
1139.14149619	0.0253012393472
1139.45565546	0.0253008508002
1139.76981472	0.0253007979128
1140.08397399	0.0253009914041
1140.39813325	0.0253009229106
1140.71229252	0.02530050769
1141.02645178	0.025300272921
1141.34061105	0.0253002208048
1141.65477031	0.0252998037409
1141.96892958	0.0252992635863
1142.28308885	0.0252989474297
1142.59724811	0.0252987040866
1142.91140738	0.0252983541966
1143.22556664	0.0252979596029
1143.53972591	0.0252976768773
1143.85388517	0.0252974149828
1144.16804444	0.0252971582409
1144.4822037	0.0252969749661
1144.79636297	0.0252966278833
1145.11052223	0.0252960865177
1145.4246815	0.0252957714188
1145.73884076	0.0252956618687
1146.05300003	0.0252951613189
1146.3671593	0.0252945006069
1146.68131856	0.0252941317138
1146.99547783	0.0252938569156
1147.30963709	0.0252935511217
1147.62379636	0.0252931858869
1147.93795562	0.0252927390773
1148.25211489	0.0252923377891
1148.56627415	0.0252920722092
1148.88043342	0.0252918475727
1149.19459268	0.0252915820372
1149.50875195	0.0252913568061
1149.82291121	0.025291238624
1150.13707048	0.0252912515117
1150.45122974	0.025291216338
1150.76538901	0.025290770653
1151.07954828	0.0252902974433
1151.39370754	0.0252899480401
1151.70786681	0.0252895209772
1152.02202607	0.0252890467602
1152.33618534	0.0252886324525
1152.6503446	0.0252883068547
1152.96450387	0.0252879593
1153.27866313	0.0252874579133
1153.5928224	0.0252870234125
1153.90698166	0.0252868104691
1154.22114093	0.0252866167317
1154.53530019	0.0252862725483
1154.84945946	0.025286023485
1155.16361873	0.0252858142376
1155.47777799	0.0252854567437
1155.79193726	0.0252851804815
1156.10609652	0.0252849834215
1156.42025579	0.0252846645533
1156.73441505	0.0252843297043
1157.04857432	0.0252841265126
1157.36273358	0.0252837967473
1157.67689285	0.0252833200231
1157.99105211	0.0252826634686
1158.30521138	0.0252819809033
1158.61937064	0.0252813702747
1158.93352991	0.0252808751695
1159.24768917	0.0252803138709
1159.56184844	0.0252797085396
1159.87600771	0.0252791853149
1160.19016697	0.0252786391699
1160.50432624	0.0252781644557
1160.8184855	0.025277896966
1161.13264477	0.0252777308082
1161.44680403	0.0252775662041
1161.7609633	0.0252773951971
1162.07512256	0.0252772377459
1162.38928183	0.0252770442101
1162.70344109	0.0252768142905
1163.01760036	0.0252765103755
1163.33175962	0.0252761690093
1163.64591889	0.0252758494445
1163.96007816	0.0252752400137
1164.27423742	0.025274488568
1164.58839669	0.0252740409726
1164.90255595	0.0252737557468
1165.21671522	0.0252732283526
1165.53087448	0.0252725229966
1165.84503375	0.0252719091489
1166.15919301	0.0252716666546
1166.47335228	0.0252714566815
1166.78751154	0.0252709409958
1167.10167081	0.0252704599952
1167.41583007	0.0252703000556
1167.72998934	0.0252702876441
1168.0441486	0.0252701689701
1168.35830787	0.0252700590538
1168.67246714	0.0252701018515
1168.9866264	0.0252700784915
1169.30078567	0.0252698915919
1169.61494493	0.0252697046941
1169.9291042	0.0252693870715
1170.24326346	0.0252690131244
1170.55742273	0.0252687755074
1170.87158199	0.025268249202
1171.18574126	0.025267707214
1171.49990052	0.0252674361294
1171.81405979	0.0252671551862
1172.12821905	0.0252668371755
1172.44237832	0.0252664946135
1172.75653759	0.0252660537621
1173.07069685	0.0252657016471
1173.38485612	0.0252655605451
1173.69901538	0.0252653215832
1174.01317465	0.025264964161
1174.32733391	0.025264787715
1174.64149318	0.0252647946416
1174.95565244	0.0252646765652
1175.26981171	0.0252643334179
1175.58397097	0.0252638903142
1175.89813024	0.025263509503
1176.2122895	0.0252631639196
1176.52644877	0.025262624944
1176.84060803	0.0252620621502
1177.1547673	0.0252616972691
1177.46892657	0.0252614040183
1177.78308583	0.0252610799092
1178.0972451	0.025260795812
1178.41140436	0.0252605983029
1178.72556363	0.0252603804014
1179.03972289	0.025260098589
1179.35388216	0.0252597288219
1179.66804142	0.0252593301949
1179.98220069	0.0252589085177
1180.29635995	0.0252584464209
1180.61051922	0.0252581595529
1180.92467848	0.0252577138326
1181.23883775	0.0252570155355
1181.55299702	0.0252565651732
1181.86715628	0.0252563453493
1182.18131555	0.0252559849734
1182.49547481	0.0252554341006
1182.80963408	0.025254918097
1183.12379334	0.0252547917821
1183.43795261	0.0252546806712
1183.75211187	0.0252542744282
1184.06627114	0.0252538783793
1184.3804304	0.0252537507443
1184.69458967	0.0252537150269
1185.00874893	0.0252535224159
1185.3229082	0.0252533726885
1185.63706746	0.0252532397316
1185.95122673	0.0252528148294
1186.265386	0.0252523957307
1186.57954526	0.0252520147525
1186.89370453	0.0252515199241
1187.20786379	0.0252511076274
1187.52202306	0.0252506765191
1187.83618232	0.0252500655369
1188.15034159	0.0252495367978
1188.46450085	0.0252491292196
1188.77866012	0.0252487737087
1189.09281938	0.0252484239321
1189.40697865	0.0252480741585
1189.72113791	0.0252477966598
1190.03529718	0.0252475915881
1190.34945645	0.0252474459706
1190.66361571	0.0252473428764
1190.97777498	0.0252471554329
1191.29193424	0.0252468531948
1191.60609351	0.0252465869523
1191.92025277	0.0252462558038
1192.23441204	0.0252456341584
1192.5485713	0.0252450815097
1192.86273057	0.0252446814518
1193.17688983	0.0252441252109
1193.4910491	0.0252434982194
1193.80520836	0.0252429417387
1194.11936763	0.0252425312186
1194.43352689	0.0252421294477
1194.74768616	0.0252415725554
1195.06184543	0.0252410676087
1195.37600469	0.025240853181
1195.69016396	0.0252407747348
1196.00432322	0.025240597029
1196.31848249	0.0252403905958
1196.63264175	0.0252403144835
1196.94680102	0.0252403001601
1197.26096028	0.0252401859477
1197.57511955	0.0252399669254
1197.88927881	0.0252398435549
1198.20343808	0.0252397570293
1198.51759734	0.0252393856585
1198.83175661	0.0252387033196
1199.14591588	0.0252381638606
1199.46007514	0.0252377124061
1199.77423441	0.0252373124998
1200.08839367	0.0252368106085
1200.40255294	0.0252361866667
1200.7167122	0.0252356109244
1201.03087147	0.0252352197368
1201.34503073	0.0252349128845
1201.65919	0.0252344863876
1201.97334926	0.0252340817331
1202.28750853	0.0252339696338
1202.60166779	0.0252340924608
1202.91582706	0.025234118716
1203.22998632	0.0252339593734
1203.54414559	0.025233810647
1203.85830486	0.0252335651357
1204.17246412	0.0252330993784
1204.48662339	0.0252326587888
1204.80078265	0.0252322605278
1205.11494192	0.02523179016
1205.42910118	0.0252312593063
1205.74326045	0.0252308289318
1206.05741971	0.0252304903898
1206.37157898	0.0252300646515
1206.68573824	0.025229633797
1206.99989751	0.0252293611466
1207.31405677	0.025229176371
1207.62821604	0.0252288739116
1207.94237531	0.0252285842112
1208.25653457	0.0252284806002
1208.57069384	0.025228227529
1208.8848531	0.0252279451271
1209.19901237	0.0252279466141
1209.51317163	0.0252280889811
1209.8273309	0.0252282015006
1210.14149016	0.02522817867
1210.45564943	0.0252279304478
1210.76980869	0.0252276951102
1211.08396796	0.025227518369
1211.39812722	0.025227053713
1211.71228649	0.0252265321889
1212.02644576	0.0252261914777
1212.34060502	0.0252259051744
1212.65476429	0.025225549519
1212.96892355	0.0252251596674
1213.28308282	0.0252248679641
1213.59724208	0.0252246602605
1213.91140135	0.025224477227
1214.22556061	0.0252243161341
1214.53971988	0.0252239473396
1214.85387914	0.0252236227434
1215.16803841	0.0252236010761
1215.48219767	0.0252231621502
1215.79635694	0.0252225333395
1216.1105162	0.0252222316642
1216.42467547	0.0252220119651
1216.73883474	0.0252215745118
1217.052994	0.025221203703
1217.36715327	0.0252208522939
1217.68131253	0.0252203638778
1217.9954718	0.0252200180306
1218.30963106	0.0252197601479
1218.62379033	0.0252194167686
1218.93794959	0.0252191834928
1219.25210886	0.0252191684227
1219.56626812	0.0252191319082
1219.88042739	0.0252191771884
1220.19458665	0.025219223135
1220.50874592	0.0252187898054
1220.82290519	0.0252184199977
1221.13706445	0.0252181241548
1221.45122372	0.0252176469013
1221.76538298	0.0252172878145
1222.07954225	0.025216935638
1222.39370151	0.0252164573624
1222.70786078	0.0252159943833
1223.02202004	0.0252156844682
1223.33617931	0.0252154065245
1223.65033857	0.025215098132
1223.96449784	0.0252148219921
1224.2786571	0.0252145631107
1224.59281637	0.0252142653454
1224.90697563	0.0252140284778
1225.2211349	0.0252138522121
1225.53529417	0.0252137011114
1225.84945343	0.0252136050298
1226.1636127	0.0252135801997
1226.47777196	0.0252136003957
1226.79193123	0.0252134721499
1227.10609049	0.0252131118019
1227.42024976	0.0252126696485
1227.73440902	0.0252121366292
1228.04856829	0.0252114965521
1228.36272755	0.0252109955602
1228.67688682	0.0252105128984
1228.99104608	0.0252098670349
1229.30520535	0.0252092251398
1229.61936462	0.0252086502063
1229.93352388	0.0252081455379
1230.24768315	0.0252077931971
1230.56184241	0.0252075576335
1230.87600168	0.0252073166174
1231.19016094	0.0252070668446
1231.50432021	0.0252069143433
1231.81847947	0.0252068479818
1232.13263874	0.0252067038498
1232.446798	0.025206513203
1232.76095727	0.025206465137
1233.07511653	0.025206290608
1233.3892758	0.0252058228208
1233.70343506	0.0252051253805
1234.01759433	0.0252046757226
1234.3317536	0.0252042813449
1234.64591286	0.0252038295052
1234.96007213	0.0252032526625
1235.27423139	0.0252026503259
1235.58839066	0.025202251093
1235.90254992	0.0252019032782
1236.21670919	0.025201433138
1236.53086845	0.0252010042931
1236.84502772	0.0252008036882
1237.15918698	0.0252007886497
1237.47334625	0.0252007925017
1237.78750551	0.0252007510573
1238.10166478	0.0252007444699
1238.41582405	0.025200761667
1238.72998331	0.0252007345369
1239.04414258	0.0252006384004
1239.35830184	0.0252004095042
1239.67246111	0.0251999865286
1239.98662037	0.0251994310126
1240.30077964	0.0251989294998
1240.6149389	0.025198592889
1240.92909817	0.0251981876224
1241.24325743	0.0251976921186
1241.5574167	0.0251973080271
1241.87157596	0.0251969384249
1242.18573523	0.0251964914005
1242.49989449	0.0251961078597
1242.81405376	0.0251958090063
1243.12821303	0.0251954650963
1243.44237229	0.0251951264994
1243.75653156	0.0251949554273
1244.07069082	0.0251950058133
1244.38485009	0.0251950485519
1244.69900935	0.0251949224932
1245.01316862	0.0251946650432
1245.32732788	0.0251942993299
1245.64148715	0.0251938879267
1245.95564641	0.0251935568469
1246.26980568	0.0251930940213
1246.58396494	0.025192482191
1246.89812421	0.0251920084101
1247.21228348	0.0251916650188
1247.52644274	0.0251913115437
1247.84060201	0.0251908888408
1248.15476127	0.0251904415705
1248.46892054	0.0251900681038
1248.7830798	0.0251897481889
1249.09723907	0.0251894150439
1249.41139833	0.025189100722
1249.7255576	0.0251888139091
1250.03971686	0.0251885880896
1250.35387613	0.0251883376222
1250.66803539	0.0251880745867
1250.98219466	0.0251879220861
1251.29635392	0.0251876903836
1251.61051319	0.0251873100311
1251.92467246	0.0251870692113
1252.23883172	0.0251866633479
1252.55299099	0.0251860478047
1252.86715025	0.0251856829126
1253.18130952	0.025185383802
1253.49546878	0.0251848524956
1253.80962805	0.0251843830644
1254.12378731	0.0251841652876
1254.43794658	0.0251840151011
1254.75210584	0.0251839068258
1255.06626511	0.0251837620596
1255.38042437	0.0251834105567
1255.69458364	0.0251829778435
1256.00874291	0.0251825959935
1256.32290217	0.0251822782912
1256.63706144	0.025181979783
1256.9512207	0.0251815081761
1257.26537997	0.025180964602
1257.57953923	0.0251805149438
1257.8936985	0.0251802104812
1258.20785776	0.0251798908433
1258.52201703	0.0251795284285
1258.83617629	0.0251791890386
1259.15033556	0.0251788805864
1259.46449482	0.0251785927999
1259.77865409	0.0251783403063
1260.09281335	0.0251781445235
1260.40697262	0.0251779275948
1260.72113189	0.0251777324006
1261.03529115	0.0251776020872
1261.34945042	0.025177413329
1261.66360968	0.0251769515631
1261.97776895	0.0251764596922
1262.29192821	0.0251759872283
1262.60608748	0.0251754593499
1262.92024674	0.0251748410867
1263.23440601	0.0251744417652
1263.54856527	0.0251740198185
1263.86272454	0.0251734055044
1264.1768838	0.0251728909438
1264.49104307	0.0251725102977
1264.80520234	0.0251721854499
1265.1193616	0.0251719768888
1265.43352087	0.0251717099775
1265.74768013	0.0251713845345
1266.0618394	0.0251711707597
1266.37599866	0.0251710298925
1266.69015793	0.0251708709696
1267.00431719	0.0251706800508
1267.31847646	0.0251704877062
1267.63263572	0.0251704389584
1267.94679499	0.0251705015546
1268.26095425	0.0251702183823
1268.57511352	0.0251695203489
1268.88927279	0.0251690091248
1269.20343205	0.0251685687961
1269.51759132	0.0251680514331
1269.83175058	0.0251675022845
1270.14590985	0.0251668929685
1270.46006911	0.0251663652979
1270.77422838	0.0251659766994
1271.08838764	0.0251655413057
1271.40254691	0.0251650754525
1271.71670617	0.0251647807805
1272.03086544	0.0251646718384
1272.3450247	0.0251646049064
1272.65918397	0.0251644426892
1272.97334323	0.0251642200406
1273.2875025	0.0251640341843
1273.60166177	0.0251637767296
1273.91582103	0.0251634354507
1274.2299803	0.0251631336824
1274.54413956	0.0251627320872
1274.85829883	0.0251623047054
1275.17245809	0.025162041411
1275.48661736	0.0251615561368
1275.80077662	0.0251609764499
1276.11493589	0.0251606561637
1276.42909515	0.0251604179653
1276.74325442	0.0251600437992
1277.05741368	0.0251596269833
1277.37157295	0.0251593619894
1277.68573222	0.0251592521669
1277.99989148	0.0251590266089
1278.31405075	0.0251587504265
1278.62821001	0.0251587251769
1278.94236928	0.0251589334408
1279.25652854	0.0251591426588
1279.57068781	0.0251592757542
1279.88484707	0.0251592731614
1280.19900634	0.0251591297722
1280.5131656	0.0251589018515
1280.82732487	0.0251586384491
1281.14148413	0.0251582750895
1281.4556434	0.0251577859439
1281.76980266	0.0251574324955
1282.08396193	0.0251571943727
1282.3981212	0.0251569100966
1282.71228046	0.0251565913136
1283.02643973	0.0251563412849
1283.34059899	0.0251560794502
1283.65475826	0.0251558175522
1283.96891752	0.0251555987198
1284.28307679	0.0251552582603
1284.59723605	0.0251550771772
1284.91139532	0.0251549160152
1285.22555458	0.025154431824
1285.53971385	0.0251540513928
1285.85387311	0.0251539331364
1286.16803238	0.0251536361642
1286.48219165	0.0251531359275
1286.79635091	0.0251527704796
1287.11051018	0.02515241492
1287.42466944	0.0251519631909
1287.73882871	0.0251516168016
1288.05298797	0.0251513340993
1288.36714724	0.0251510082419
1288.6813065	0.0251507464726
1288.99546577	0.0251505668015
1289.30962503	0.0251504057673
1289.6237843	0.0251503767997
1289.93794356	0.0251503390083
1290.25210283	0.0251499434312
1290.56626209	0.0251494648886
1290.88042136	0.025149150563
1291.19458063	0.0251487839838
1291.50873989	0.02514845401
1291.82289916	0.0251481363311
1292.13705842	0.0251477001541
1292.45121769	0.0251472663792
1292.76537695	0.0251470618973
1293.07953622	0.0251468550063
1293.39369548	0.0251464905168
1293.70785475	0.0251461305971
1294.02201401	0.025145863867
1294.33617328	0.0251455865454
1294.65033254	0.0251453433572
1294.96449181	0.0251451205395
1295.27865108	0.0251448586942
1295.59281034	0.0251446707863
1295.90696961	0.0251445839627
1296.22112887	0.025144545895
1296.53528814	0.0251444257586
1296.8494474	0.0251440520403
1297.16360667	0.0251435965047
1297.47776593	0.0251430125474
1297.7919252	0.0251424953172
1298.10608446	0.0251420658541
1298.42024373	0.0251415506121
1298.73440299	0.0251409604626
1299.04856226	0.025140440681
1299.36272152	0.0251400398899
1299.67688079	0.0251396909843
1299.99104006	0.0251393999682
1300.30519932	0.0251391728267
1300.61935859	0.025139052186
1300.93351785	0.0251389633178
1301.24767712	0.025138881232
1301.56183638	0.025138845166
1301.87599565	0.0251388010105
1302.19015491	0.0251386542061
1302.50431418	0.0251385741071
1302.81847344	0.0251384284125
1303.13263271	0.0251378717697
1303.44679197	0.025137337866
1303.76095124	0.0251370124327
1304.07511051	0.0251365196634
1304.38926977	0.0251360279178
1304.70342904	0.0251356084445
1305.0175883	0.0251351114536
1305.33174757	0.0251346654241
1305.64590683	0.0251342687212
1305.9600661	0.0251339097389
1306.27422536	0.0251336466471
1306.58838463	0.0251335054696
1306.90254389	0.025133436593
1307.21670316	0.0251333616119
1307.53086242	0.0251332761027
1307.84502169	0.0251332081698
1308.15918095	0.0251331634409
1308.47334022	0.0251330721071
1308.78749949	0.0251329514794
1309.10165875	0.0251327691647
1309.41581802	0.0251324672185
1309.72997728	0.0251320141485
1310.04413655	0.0251314142628
1310.35829581	0.025130910975
1310.67245508	0.0251305607293
1310.98661434	0.025130137665
1311.30077361	0.0251296846176
1311.61493287	0.025129251893
1311.92909214	0.0251288478262
1312.2432514	0.0251285797324
1312.55741067	0.0251283340481
1312.87156994	0.0251279918079
1313.1857292	0.0251277733477
1313.49988847	0.0251278266662
1313.81404773	0.0251279579959
1314.128207	0.0251279399459
1314.44236626	0.0251278560294
1314.75652553	0.0251276306332
1315.07068479	0.0251272704945
1315.38484406	0.0251269266455
1315.69900332	0.0251265755542
1316.01316259	0.0251260692075
1316.32732185	0.0251255524747
1316.64148112	0.0251251804152
1316.95564038	0.0251248237104
1317.26979965	0.0251243739792
1317.58395892	0.025124013967
1317.89811818	0.0251237219536
1318.21227745	0.0251233986607
1318.52643671	0.0251231115912
1318.84059598	0.025122859822
1319.15475524	0.0251226631297
1319.46891451	0.0251224903619
1319.78307377	0.025122222912
1320.09723304	0.0251219801294
1320.4113923	0.0251219063028
1320.72555157	0.0251218031234
1321.03971083	0.0251214871098
1321.3538701	0.0251211570216
1321.66802937	0.0251208939374
1321.98218863	0.0251205477523
1322.2963479	0.0251199684256
1322.61050716	0.025119541038
1322.92466643	0.0251192719208
1323.23882569	0.0251187839488
1323.55298496	0.0251182726615
1323.86714422	0.0251180424775
1324.18130349	0.0251179972189
1324.49546275	0.025117901293
1324.80962202	0.025117681809
1325.12378128	0.0251173740493
1325.43794055	0.0251169752642
1325.75209981	0.0251166742707
1326.06625908	0.0251164361945
1326.38041835	0.0251159848046
1326.69457761	0.0251154192497
1327.00873688	0.0251149487805
1327.32289614	0.0251145242037
1327.63705541	0.0251141585527
1327.95121467	0.0251137818666
1328.26537394	0.0251133208206
1328.5795332	0.0251129249881
1328.89369247	0.0251125914883
1329.20785173	0.0251122847616
1329.522011	0.0251120670808
1329.83617026	0.0251119426861
1330.15032953	0.0251118427774
1330.4644888	0.025111740941
1330.77864806	0.0251116436839
1331.09280733	0.0251114258091
1331.40696659	0.0251110461227
1331.72112586	0.0251106589923
1332.03528512	0.0251102342177
1332.34944439	0.0251097522495
1332.66360365	0.0251091737586
1332.97776292	0.0251087873147
1333.29192218	0.0251084905153
1333.60608145	0.0251078586806
1333.92024071	0.0251072505576
1334.23439998	0.0251069069147
1334.54855925	0.0251065534061
1334.86271851	0.0251061781539
1335.17687778	0.0251059183546
1335.49103704	0.0251056310732
1335.80519631	0.0251053110809
1336.11935557	0.0251051245066
1336.43351484	0.025105036482
1336.7476741	0.0251049191316
1337.06183337	0.0251047805668
1337.37599263	0.0251047003894
1337.6901519	0.0251046770838
1338.00431116	0.0251041964897
1338.31847043	0.0251034251097
1338.63262969	0.0251030271368
1338.94678896	0.0251025169083
1339.26094823	0.0251018652712
1339.57510749	0.0251012798235
1339.88926676	0.025100716674
1340.20342602	0.0251002642339
1340.51758529	0.0250997812422
1340.83174455	0.0250992090874
1341.14590382	0.0250988048412
1341.46006308	0.0250986409747
1341.77422235	0.0250985361293
1342.08838161	0.0250984182889
1342.40254088	0.0250983473252
1342.71670014	0.0250983059737
1343.03085941	0.025098160904
1343.34501868	0.0250979034375
1343.65917794	0.025097696145
1343.97333721	0.0250974000631
1344.28749647	0.0250969087529
1344.60165574	0.0250964338565
1344.915815	0.0250962323097
1345.22997427	0.0250959076952
1345.54413353	0.0250953087509
1345.8582928	0.0250948954891
1346.17245206	0.0250947356282
1346.48661133	0.0250943836802
1346.80077059	0.0250939237682
1347.11492986	0.0250937614786
1347.42908912	0.0250936851831
1347.74324839	0.025093409959
1348.05740766	0.0250932043737
1348.37156692	0.0250933237727
1348.68572619	0.025093569339
1348.99988545	0.0250937229708
1349.31404472	0.0250938556818
1349.62820398	0.0250938632563
1349.94236325	0.0250936699083
1350.25652251	0.0250934368138
1350.57068178	0.0250931743422
1350.88484104	0.0250927908931
1351.19900031	0.0250923123721
1351.51315957	0.0250919423801
1351.82731884	0.0250916522825
1352.14147811	0.025091292061
1352.45563737	0.025090956663
1352.76979664	0.0250906860629
1353.0839559	0.0250903395585
1353.39811517	0.0250899805999
1353.71227443	0.0250897188065
1354.0264337	0.0250895160987
1354.34059296	0.0250893403607
1354.65475223	0.0250890578435
1354.96891149	0.0250887479528
1355.28307076	0.0250885660152
1355.59723002	0.0250884092387
1355.91138929	0.0250880822394
1356.22554855	0.0250876318356
1356.53970782	0.0250873204674
1356.85386709	0.0250869291449
1357.16802635	0.0250864239258
1357.48218562	0.0250860293156
1357.79634488	0.025085683792
1358.11050415	0.0250853128665
1358.42466341	0.0250849596969
1358.73882268	0.0250846306552
1359.05298194	0.0250843921951
1359.36714121	0.0250842457477
1359.68130047	0.0250841557512
1359.99545974	0.025083927471
1360.309619	0.0250834537117
1360.62377827	0.0250831922482
1360.93793754	0.0250830201447
1361.2520968	0.0250827270453
1361.56625607	0.025082419194
1361.88041533	0.0250820916916
1362.1945746	0.0250817491455
1362.50873386	0.025081473066
1362.82289313	0.0250812818313
1363.13705239	0.0250810672235
1363.45121166	0.0250807407107
1363.76537092	0.0250804000446
1364.07953019	0.0250801286011
1364.39368945	0.0250799061788
1364.70784872	0.0250797148562
1365.02200798	0.0250795156004
1365.33616725	0.0250793423318
1365.65032652	0.0250792988791
1365.96448578	0.0250792286717
1366.27864505	0.0250789407566
1366.59280431	0.0250786566984
1366.90696358	0.0250783193139
1367.22112284	0.0250777528579
1367.53528211	0.0250772708757
1367.84944137	0.0250768877479
1368.16360064	0.0250763686646
1368.4777599	0.0250757834859
1368.79191917	0.0250752754916
1369.10607843	0.0250749158323
1369.4202377	0.0250745917836
1369.73439697	0.0250742772485
1370.04855623	0.0250740285792
1370.3627155	0.0250738388192
1370.67687476	0.0250736801891
1370.99103403	0.0250735471498
1371.30519329	0.0250734913545
1371.61935256	0.0250734521379
1371.93351182	0.0250733829532
1372.24767109	0.0250733134825
1372.56183035	0.0250733233291
1372.87598962	0.0250729555107
1373.19014888	0.0250723384395
1373.50430815	0.025071959731
1373.81846741	0.0250715442289
1374.13262668	0.0250710270583
1374.44678595	0.0250705895552
1374.76094521	0.0250701695999
1375.07510448	0.0250696766264
1375.38926374	0.0250691922838
1375.70342301	0.0250687994039
1376.01758227	0.0250685155306
1376.33174154	0.0250682912378
1376.6459008	0.0250680746029
1376.96006007	0.0250679140654
1377.27421933	0.0250678171995
1377.5883786	0.0250677375335
1377.90253786	0.025067644959
1378.21669713	0.0250676013759
1378.5308564	0.0250676717068
1378.84501566	0.0250676178392
1379.15917493	0.0250671397813
1379.47333419	0.0250665767838
1379.78749346	0.0250661529008
1380.10165272	0.0250657216803
1380.41581199	0.0250652301133
1380.72997125	0.02506479154
1381.04413052	0.0250644113599
1381.35828978	0.0250639653273
1381.67244905	0.0250635784924
1381.98660831	0.0250633850771
1382.30076758	0.0250631281368
1382.61492684	0.0250627451553
1382.92908611	0.0250626041193
1383.24324538	0.0250627596473
1383.55740464	0.0250628941739
1383.87156391	0.025062865057
1384.18572317	0.0250628713713
1384.49988244	0.0250627946324
1384.8140417	0.0250625751238
1385.12820097	0.0250623385576
1385.44236023	0.0250620828613
1385.7565195	0.0250616850025
1386.07067876	0.025061204778
1386.38483803	0.0250608730775
1386.69899729	0.0250606419767
1387.01315656	0.0250603382566
1387.32731583	0.0250600206681
1387.64147509	0.0250597888827
1387.95563436	0.0250594919183
1388.26979362	0.0250592024867
1388.58395289	0.0250589771822
1388.89811215	0.025058799883
1389.21227142	0.0250586560027
1389.52643068	0.0250584173268
1389.84058995	0.0250582434417
1390.15474921	0.0250583169585
1390.46890848	0.0250583201235
1390.78306774	0.0250579868848
1391.09722701	0.0250575992349
1391.41138628	0.0250572262698
1391.72554554	0.0250567691942
1392.03970481	0.025056342832
1392.35386407	0.0250559034419
1392.66802334	0.0250555129265
1392.9821826	0.0250551466444
1393.29634187	0.0250546671912
1393.61050113	0.0250542515517
1393.9246604	0.0250540553206
1394.23881966	0.0250539563897
1394.55297893	0.0250536862966
1394.86713819	0.025053219312
1395.18129746	0.0250526068407
1395.49545672	0.0250523053877
1395.80961599	0.0250521736939
1396.12377526	0.025051712706
1396.43793452	0.0250511907296
1396.75209379	0.0250509003531
1397.06625305	0.0250506832989
1397.38041232	0.0250503699526
1397.69457158	0.0250501061644
1398.00873085	0.0250498102462
1398.32289011	0.0250494397967
1398.63704938	0.0250490960853
1398.95120864	0.0250488197321
1399.26536791	0.0250485909822
1399.57952717	0.025048325454
1399.89368644	0.0250480708607
1400.20784571	0.0250478846755
1400.52200497	0.0250477389894
1400.83616424	0.0250475032707
1401.1503235	0.0250472566119
1401.46448277	0.0250470638154
1401.77864203	0.0250467027989
1402.0928013	0.0250461427081
1402.40696056	0.0250457757933
1402.72111983	0.0250454951818
1403.03527909	0.0250450145811
1403.34943836	0.0250444631085
1403.66359762	0.0250440114776
1403.97775689	0.0250436529767
1404.29191615	0.0250432833726
1404.60607542	0.0250429215639
1404.92023469	0.0250426260359
1405.23439395	0.0250423386142
1405.54855322	0.025042022192
1405.86271248	0.0250418031974
1406.17687175	0.0250416676833
1406.49103101	0.0250414987817
1406.80519028	0.0250413355509
1407.11934954	0.0250412711779
1407.43350881	0.0250411969891
1407.74766807	0.0250407756859
1408.06182734	0.0250400044046
1408.3759866	0.0250395026605
1408.69014587	0.025039032949
1409.00430514	0.0250383774701
1409.3184644	0.0250377040832
1409.63262367	0.0250371863646
1409.94678293	0.0250367658368
1410.2609422	0.0250362587465
1410.57510146	0.0250357441468
1410.88926073	0.0250354329422
1411.20341999	0.0250353074445
1411.51757926	0.0250352037882
1411.83173852	0.025035065271
1412.14589779	0.0250349546487
1412.46005705	0.0250348737855
1412.77421632	0.025034732731
1413.08837558	0.0250344989798
1413.40253485	0.0250342918503
1413.71669412	0.0250340432518
1414.03085338	0.0250336903227
1414.34501265	0.0250332416283
1414.65917191	0.0250329139524
1414.97333118	0.025032715036
1415.28749044	0.0250322907675
1415.60164971	0.0250318176584
1415.91580897	0.0250315562253
1416.22996824	0.0250312625635
1416.5441275	0.0250308926796
1416.85828677	0.0250307466317
1417.17244603	0.0250306152655
1417.4866053	0.0250302931242
1417.80076457	0.0250301205494
1418.11492383	0.0250302481624
1418.4290831	0.0250304253302
1418.74324236	0.0250304894918
1419.05740163	0.0250305514767
1419.37156089	0.0250305626216
1419.68572016	0.0250303787275
1419.99987942	0.0250301893153
1420.31403869	0.0250300337704
1420.62819795	0.0250296005754
1420.94235722	0.0250290569902
1421.25651648	0.025028684322
1421.57067575	0.0250283924516
1421.88483501	0.0250280102929
1422.19899428	0.0250276318648
1422.51315355	0.0250273539991
1422.82731281	0.0250270493362
1423.14147208	0.025026661434
1423.45563134	0.0250263692308
1423.76979061	0.0250261937565
1424.08394987	0.0250259645689
1424.39810914	0.0250256040458
1424.7122684	0.0250252617832
1425.02642767	0.0250251099412
1425.34058693	0.0250250570283
1425.6547462	0.0250248549751
1425.96890546	0.0250243700705
1426.28306473	0.0250240270543
1426.597224	0.0250238540642
1426.91138326	0.0250233287908
1427.22554253	0.0250228418778
1427.53970179	0.0250225767325
1427.85386106	0.0250222291922
1428.16802032	0.0250218733833
1428.48217959	0.0250216317851
1428.79633885	0.0250214240643
1429.11049812	0.0250213160212
1429.42465738	0.0250212717599
1429.73881665	0.0250210914042
1430.05297591	0.025020637744
1430.36713518	0.0250203006105
1430.68129444	0.0250202591991
1430.99545371	0.0250199754807
1431.30961298	0.0250194957704
1431.62377224	0.0250191966142
1431.93793151	0.0250190503209
1432.25209077	0.0250187646733
1432.56625004	0.0250184868606
1432.8804093	0.0250182307278
1433.19456857	0.0250178919304
1433.50872783	0.0250175569133
1433.8228871	0.025017285455
1434.13704636	0.0250170662807
1434.45120563	0.0250168555689
1434.76536489	0.0250166690782
1435.07952416	0.0250165583718
1435.39368343	0.0250165089445
1435.70784269	0.0250162118488
1436.02200196	0.0250157969273
1436.33616122	0.0250155974747
1436.65032049	0.025015199808
1436.96447975	0.0250145336699
1437.27863902	0.0250140771095
1437.59279828	0.0250138366874
1437.90695755	0.0250133598261
1438.22111681	0.0250127325587
1438.53527608	0.0250122646334
1438.84943534	0.0250120120493
1439.16359461	0.0250117715428
1439.47775387	0.0250114394888
1439.79191314	0.0250111369742
1440.10607241	0.0250109914697
1440.42023167	0.0250108808458
1440.73439094	0.0250107558765
1441.0485502	0.0250106799396
1441.36270947	0.0250106196581
1441.67686873	0.0250105886994
1441.991028	0.0250106234659
1442.30518726	0.0250106250617
1442.61934653	0.0250103178379
1442.93350579	0.0250096176232
1443.24766506	0.0250093296286
1443.56182432	0.0250089984675
1443.87598359	0.0250083353009
1444.19014286	0.0250078326198
1444.50430212	0.0250075901189
1444.81846139	0.0250071138251
1445.13262065	0.0250064718244
1445.44677992	0.025006064283
1445.76093918	0.0250058568281
1446.07509845	0.0250056023097
1446.38925771	0.0250053362132
1446.70341698	0.0250051787639
1447.01757624	0.0250050851102
1447.33173551	0.0250050079919
1447.64589477	0.0250049044465
1447.96005404	0.0250048075717
1448.2742133	0.0250048125618
1448.58837257	0.0250047349304
1448.90253184	0.0250042160618
1449.2166911	0.025003608285
1449.53085037	0.0250032248211
1449.84500963	0.0250026787234
1450.1591689	0.0250022146479
1450.47332816	0.0250019060231
1450.78748743	0.0250015039058
1451.10164669	0.0250010270413
1451.41580596	0.0250007348075
1451.72996522	0.0250006675843
1452.04412449	0.0250004358725
1452.35828375	0.0250000909291
1452.67244302	0.0250000899011
1452.98660229	0.0250003790523
1453.30076155	0.0250005986053
1453.61492082	0.025000656709
1453.92908008	0.0250006999835
1454.24323935	0.0250007829678
1454.55739861	0.0250005562347
1454.87155788	0.0250003027155
1455.18571714	0.0250002063908
1455.49987641	0.0249999070402
1455.81403567	0.0249994175366
1456.12819494	0.0249990702762
1456.4423542	0.0249988768513
1456.75651347	0.0249986171268
1457.07067274	0.0249982777931
1457.384832	0.0249979350365
1457.69899127	0.0249977086355
1458.01315053	0.0249975514688
1458.3273098	0.0249973204838
1458.64146906	0.0249971651712
1458.95562833	0.0249970433305
1459.26978759	0.0249968359101
1459.58394686	0.0249967098536
1459.89810612	0.0249968201009
1460.21226539	0.0249968964717
1460.52642465	0.0249965453456
1460.84058392	0.0249961067448
1461.15474318	0.0249958212639
1461.46890245	0.024995329145
1461.78306172	0.0249948039572
1462.09722098	0.0249943691545
1462.41138025	0.0249940107975
1462.72553951	0.0249935938684
1463.03969878	0.0249930179105
1463.35385804	0.0249925732221
1463.66801731	0.0249924495163
1463.98217657	0.0249923545117
1464.29633584	0.0249920012797
1464.6104951	0.0249915197317
1464.92465437	0.0249910204444
1465.23881363	0.0249907602233
1465.5529729	0.024990597623
1465.86713217	0.0249901192546
1466.18129143	0.0249896018681
1466.4954507	0.0249893423965
1466.80960996	0.0249891615397
1467.12376923	0.0249887663915
1467.43792849	0.0249884279287
1467.75208776	0.0249881933045
1468.06624702	0.0249878667328
1468.38040629	0.0249874760331
1468.69456555	0.0249871652737
1469.00872482	0.0249869891006
1469.32288408	0.024986869122
1469.63704335	0.0249867401539
1469.95120261	0.0249866100716
1470.26536188	0.0249865522772
1470.57952115	0.0249864485761
1470.89368041	0.0249862282913
1471.20783968	0.0249860555616
1471.52199894	0.0249858269327
1471.83615821	0.0249853073688
1472.15031747	0.0249849180168
1472.46447674	0.0249848476846
1472.778636	0.0249843421636
1473.09279527	0.0249836447889
1473.40695453	0.0249833126577
1473.7211138	0.0249830823733
1474.03527306	0.0249826779657
1474.34943233	0.0249822539708
1474.6635916	0.024981905951
1474.97775086	0.0249816407578
1475.29191013	0.0249813840542
1475.60606939	0.0249811376497
1475.92022866	0.024980968807
1476.23438792	0.0249808508388
1476.54854719	0.0249807523359
1476.86270645	0.0249807427834
1477.17686572	0.0249807283302
1477.49102498	0.0249804681336
1477.80518425	0.0249797542504
1478.11934351	0.0249792878889
1478.43350278	0.0249789480052
1478.74766204	0.0249783640779
1479.06182131	0.0249777145539
1479.37598058	0.0249772128176
1479.69013984	0.0249768223652
1480.00429911	0.0249763498513
1480.31845837	0.024975816832
1480.63261764	0.0249754733514
1480.9467769	0.0249753225464
1481.26093617	0.0249751892919
1481.57509543	0.0249750417022
1481.8892547	0.0249749353192
1482.20341396	0.0249748784429
1482.51757323	0.0249748314102
1482.83173249	0.0249747045562
1483.14589176	0.0249745486258
1483.46005103	0.0249745043509
1483.77421029	0.024974374051
1484.08836956	0.0249739350062
1484.40252882	0.0249735777856
1484.71668809	0.0249732527558
1485.03084735	0.0249728516685
1485.34500662	0.0249724085401
1485.65916588	0.0249720244217
1485.97332515	0.0249716070049
1486.28748441	0.0249711856485
1486.60164368	0.0249709747873
1486.91580294	0.0249707743854
1487.22996221	0.0249704075825
1487.54412147	0.0249701859598
1487.85828074	0.024970273165
1488.17244001	0.0249704197677
1488.48659927	0.0249704496882
1488.80075854	0.0249704889194
1489.1149178	0.0249705590018
1489.42907707	0.0249703588843
1489.74323633	0.024970077851
1490.0573956	0.0249698883485
1490.37155486	0.0249694373688
1490.68571413	0.0249687828259
1490.99987339	0.0249683449411
1491.31403266	0.0249680537377
1491.62819192	0.0249676574653
1491.94235119	0.0249672651317
1492.25651046	0.0249668988609
1492.57066972	0.0249665049128
1492.88482899	0.0249661557343
1493.19898825	0.0249658660826
1493.51314752	0.0249656465489
1493.82730678	0.0249654173191
1494.14146605	0.0249651420842
1494.45562531	0.0249649538651
1494.76978458	0.0249649343229
1495.08394384	0.0249648730145
1495.39810311	0.0249647154047
1495.71226237	0.0249644967861
1496.02642164	0.0249641699489
1496.3405809	0.0249637968642
1496.65474017	0.0249635350677
1496.96889944	0.0249631655593
1497.2830587	0.0249626377144
1497.59721797	0.0249622775062
1497.91137723	0.0249620273531
1498.2255365	0.0249616091085
1498.53969576	0.0249612464969
1498.85385503	0.0249611632269
1499.16801429	0.0249610828012
1499.48217356	0.0249607705025
1499.79633282	0.0249602242954
1500.11049209	0.0249600014078
1500.42465135	0.0249599966283
1500.73881062	0.0249596942479
1501.05296989	0.0249593160527
1501.36712915	0.0249591577239
1501.68128842	0.02495918815
1501.99544768	0.0249590149991
1502.30960695	0.0249586978152
1502.62376621	0.0249584533833
1502.93792548	0.0249581571409
1503.25208474	0.0249577855811
1503.56624401	0.0249574185962
1503.88040327	0.0249571447881
1504.19456254	0.0249569059592
1504.5087218	0.0249566448673
1504.82288107	0.0249564160854
1505.13704033	0.0249562620521
1505.4511996	0.0249560124115
1505.76535887	0.0249556225935
1506.07951813	0.0249553955651
1506.3936774	0.0249551263203
1506.70783666	0.0249545399344
1507.02199593	0.0249540052356
1507.33615519	0.0249538691481
1507.65031446	0.0249534797925
1507.96447372	0.0249528107398
1508.27863299	0.0249522970037
1508.59279225	0.0249520252318
1508.90695152	0.0249517809617
1509.22111078	0.0249514280535
1509.53527005	0.024951081176
1509.84942932	0.0249508622306
1510.16358858	0.0249507081406
1510.47774785	0.0249505554648
1510.79190711	0.0249504652996
1511.10606638	0.0249503929825
1511.42022564	0.0249502914315
1511.73438491	0.0249502467793
1512.04854417	0.0249503059044
1512.36270344	0.0249502355024
1512.6768627	0.0249496432955
1512.99102197	0.0249491610869
1513.30518123	0.0249488980928
1513.6193405	0.0249483650078
1513.93349977	0.0249477719316
1514.24765903	0.0249474740434
1514.5618183	0.0249470740495
1514.87597756	0.0249464327642
1515.19013683	0.0249459592925
1515.50429609	0.0249457310117
1515.81845536	0.0249454767675
1516.13261462	0.0249451747851
1516.44677389	0.02494493974
1516.76093315	0.0249447592478
1517.07509242	0.0249446499968
1517.38925168	0.0249445604466
1517.70341095	0.0249444670501
1518.01757021	0.0249444737188
1518.33172948	0.0249445460281
1518.64588875	0.0249442831847
1518.96004801	0.0249436250444
1519.27420728	0.0249433027544
1519.58836654	0.02494287076
1519.90252581	0.0249423302799
1520.21668507	0.0249419946661
1520.53084434	0.024941674459
1520.8450036	0.0249412391732
1521.15916287	0.0249408628853
1521.47332213	0.0249407484735
1521.7874814	0.0249406261319
1522.10164066	0.0249403458243
1522.41579993	0.0249402411859
1522.7299592	0.0249404592887
1523.04411846	0.0249407109955
1523.35827773	0.0249408250379
1523.67243699	0.024940875846
1523.98659626	0.0249409918611
1524.30075552	0.0249409456254
1524.61491479	0.0249407604221
1524.92907405	0.0249406915635
1525.24323332	0.0249405055219
1525.55739258	0.0249400445943
1525.87155185	0.024939662123
1526.18571111	0.0249394939472
1526.49987038	0.024939265387
1526.81402964	0.0249389338768
1527.12818891	0.0249386360271
1527.44234818	0.0249383609452
1527.75650744	0.0249381657471
1528.07066671	0.0249379563807
1528.38482597	0.0249377380845
1528.69898524	0.0249375952559
1529.0131445	0.0249374038321
1529.32730377	0.0249371851831
1529.64146303	0.0249371518617
1529.9556223	0.0249372947342
1530.26978156	0.0249372005223
1530.58394083	0.0249367744976
1530.89810009	0.0249364340924
1531.21225936	0.0249360820652
1531.52641863	0.0249356184886
1531.84057789	0.0249351730987
1532.15473716	0.0249348332493
1532.46889642	0.0249344198072
1532.78305569	0.0249338256786
1533.09721495	0.0249334051968
1533.41137422	0.024933271632
1533.72553348	0.024933194235
1534.03969275	0.0249329242551
1534.35385201	0.0249325232215
1534.66801128	0.0249321059525
1534.98217054	0.0249318207639
1535.29632981	0.0249317277882
1535.61048907	0.0249313983884
1535.92464834	0.0249309827786
1536.23880761	0.0249308183055
1536.55296687	0.024930787207
1536.86712614	0.0249305231818
1537.1812854	0.0249301802115
1537.49544467	0.0249300133095
1537.80960393	0.0249297408191
1538.1237632	0.024929323104
1538.43792246	0.0249290014727
1538.75208173	0.0249288287698
1539.06624099	0.0249286975444
1539.38040026	0.0249285495247
1539.69455952	0.0249283911015
1540.00871879	0.0249282932056
1540.32287806	0.0249282003397
1540.63703732	0.0249279995378
1540.95119659	0.0249277940474
1541.26535585	0.0249275287987
1541.57951512	0.0249269907854
1541.89367438	0.0249265025332
1542.20783365	0.0249264695362
1542.52199291	0.0249260427151
1542.83615218	0.024925277953
1543.15031144	0.0249249068475
1543.46447071	0.0249247483587
1543.77862997	0.0249243763512
1544.09278924	0.0249239457056
1544.4069485	0.0249236066446
1544.72110777	0.0249233166265
1545.03526704	0.0249230577266
1545.3494263	0.0249228091467
1545.66358557	0.0249225995349
1545.97774483	0.0249224558409
1546.2919041	0.0249223221224
1546.60606336	0.0249222344287
1546.92022263	0.0249222243008
1547.23438189	0.0249220188955
1547.54854116	0.0249214258209
1547.86270042	0.0249208644758
1548.17685969	0.0249205323222
1548.49101895	0.0249200241578
1548.80517822	0.0249193670957
1549.11933749	0.0249189035265
1549.43349675	0.0249186088071
1549.74765602	0.024918121227
1550.06181528	0.0249175792858
1550.37597455	0.0249173080524
1550.69013381	0.0249172131144
1551.00429308	0.0249170531188
1551.31845234	0.0249168520368
1551.63261161	0.0249167145187
1551.94677087	0.0249166193471
1552.26093014	0.0249165008484
1552.5750894	0.0249163602668
1552.88924867	0.0249162844377
1553.20340793	0.0249162998179
1553.5175672	0.0249161726297
1553.83172647	0.0249158511676
1554.14588573	0.0249155775749
1554.460045	0.0249150709563
1554.77420426	0.0249145950727
1555.08836353	0.0249142153216
1555.40252279	0.0249138112191
1555.71668206	0.0249133642874
1556.03084132	0.0249129601271
1556.34500059	0.0249127435005
1556.65915985	0.0249124844861
1556.97331912	0.0249120816462
1557.28747838	0.0249118913383
1557.60163765	0.0249120194628
1557.91579692	0.0249121526498
1558.22995618	0.0249121506216
1558.54411545	0.024912163559
1558.85827471	0.0249122060528
1559.17243398	0.0249120708996
1559.48659324	0.0249117881294
1559.80075251	0.0249116148192
1560.11491177	0.0249112233965
1560.42907104	0.0249105518188
1560.7432303	0.0249100871886
1561.05738957	0.0249098345161
1561.37154883	0.0249094384875
1561.6857081	0.0249090301581
1561.99986736	0.024908689827
1562.31402663	0.0249083750922
1562.6281859	0.0249080658085
1562.94234516	0.0249077968034
1563.25650443	0.0249076507373
1563.57066369	0.0249074097425
1563.88482296	0.0249071031058
1564.19898222	0.0249069598588
1564.51314149	0.0249070017308
1564.82730075	0.0249069595947
1565.14146002	0.0249067983073
1565.45561928	0.0249065452623
1565.76977855	0.0249062300129
1566.08393781	0.0249059778688
1566.39809708	0.0249057766768
1566.71225635	0.0249053859768
1567.02641561	0.0249049523095
1567.34057488	0.0249047251091
1567.65473414	0.0249043915445
1567.96889341	0.0249038763916
1568.28305267	0.0249036258848
1568.59721194	0.0249036296163
1568.9113712	0.0249034743
1569.22553047	0.0249030887363
1569.53968973	0.0249026085209
1569.853849	0.0249024387842
1570.16800826	0.0249024503586
1570.48216753	0.0249021059614
1570.7963268	0.0249016671538
1571.11048606	0.0249015524267
1571.42464533	0.0249016709576
1571.73880459	0.0249014584565
1572.05296386	0.02490100559
1572.36712312	0.0249007678922
1572.68128239	0.0249004488737
1572.99544165	0.024899956324
1573.30960092	0.024899546129
1573.62376018	0.0248992924868
1573.93791945	0.0248990668102
1574.25207871	0.0248988157966
1574.56623798	0.0248986164
1574.88039724	0.0248985535088
1575.19455651	0.0248984614665
1575.50871578	0.024898029766
1575.82287504	0.0248976996054
1576.13703431	0.024897482548
1576.45119357	0.0248969870144
1576.76535284	0.024896353113
1577.0795121	0.0248961590561
1577.39367137	0.024895948604
1577.70783063	0.0248953456996
1578.0219899	0.0248948077274
1578.33614916	0.0248945390966
1578.65030843	0.0248943333114
1578.96446769	0.0248940391629
1579.27862696	0.0248936858354
1579.59278623	0.024893413636
1579.90694549	0.0248932713925
1580.22110476	0.0248930797867
1580.53526402	0.0248929669511
1580.84942329	0.0248929662723
1581.16358255	0.0248928738872
1581.47774182	0.0248927867879
1581.79190108	0.0248928783342
1582.10606035	0.0248927222322
1582.42021961	0.0248920701577
1582.73437888	0.0248916864356
1583.04853814	0.0248913980743
1583.36269741	0.0248907826403
1583.67685667	0.0248901952961
1583.99101594	0.0248899449563
1584.30517521	0.0248896099001
1584.61933447	0.0248889566223
1584.93349374	0.0248884099669
1585.247653	0.0248882040877
1585.56181227	0.0248880665629
1585.87597153	0.0248877795778
1586.1901308	0.0248875279481
1586.50429006	0.0248874055055
1586.81844933	0.0248873061932
1587.13260859	0.0248871713534
1587.44676786	0.0248869903527
1587.76092712	0.0248868586989
1588.07508639	0.0248868284759
1588.38924566	0.0248866566843
1588.70340492	0.024886097772
1589.01756419	0.0248857243502
1589.33172345	0.024885415966
1589.64588272	0.0248849420872
1589.96004198	0.0248844444898
1590.27420125	0.0248840877738
1590.58836051	0.0248837560273
1590.90251978	0.0248834001585
1591.21667904	0.0248831678272
1591.53083831	0.0248829782012
1591.84499757	0.0248827837379
1592.15915684	0.0248827427024
1592.4733161	0.0248829136155
1592.78747537	0.0248831039908
1593.10163464	0.0248832352112
1593.4157939	0.0248833617236
1593.72995317	0.0248835078606
1594.04411243	0.0248834888718
1594.3582717	0.0248832310896
1594.67243096	0.0248831345587
1594.98659023	0.0248829554072
1595.30074949	0.024882393013
1595.61490876	0.024881953512
1595.92906802	0.0248818461722
1596.24322729	0.0248815987356
1596.55738655	0.0248811457724
1596.87154582	0.024880788922
1597.18570509	0.024880544908
1597.49986435	0.0248803416544
1597.81402362	0.0248800860336
1598.12818288	0.0248798726339
1598.44234215	0.0248797814381
1598.75650141	0.024879582975
1599.07066068	0.0248794049814
1599.38481994	0.02487946105
1599.69897921	0.0248795815486
1600.01313847	0.0248795581635
1600.32729774	0.0248792268381
1600.641457	0.0248788497266
1600.95561627	0.0248784952592
1601.26977553	0.0248780521361
1601.5839348	0.0248776638391
1601.89809407	0.0248772901132
1602.21225333	0.0248769531804
1602.5264126	0.0248766079467
1602.84057186	0.0248761933462
1603.15473113	0.0248759718921
1603.46889039	0.0248759723532
1603.78304966	0.0248758668164
1604.09720892	0.0248755868331
1604.41136819	0.0248752078377
1604.72552745	0.0248749334529
1605.03968672	0.024874968154
1605.35384598	0.0248747433611
1605.66800525	0.02487432623
1605.98216452	0.0248742333049
1606.29632378	0.0248743132662
1606.61048305	0.0248741167037
1606.92464231	0.0248738176523
1607.23880158	0.0248737130014
1607.55296084	0.0248734816971
1607.86712011	0.0248731219985
1608.18127937	0.024872838469
1608.49543864	0.0248726488531
1608.8095979	0.0248724499776
1609.12375717	0.0248722742144
1609.43791643	0.0248721696412
1609.7520757	0.0248721151816
1610.06623496	0.0248720248576
1610.38039423	0.02487187174
1610.6945535	0.0248717811507
1611.00871276	0.0248716322861
1611.32287203	0.0248710823828
1611.63703129	0.0248706341199
1611.95119056	0.0248707058053
1612.26534982	0.024870211817
1612.57950909	0.0248693775645
1612.89366835	0.0248689995854
1613.20782762	0.0248688721272
1613.52198688	0.024868513136
1613.83614615	0.0248680113923
1614.15030541	0.0248676454276
1614.46446468	0.0248673953442
1614.77862395	0.0248671301751
1615.09278321	0.0248668973599
1615.40694248	0.0248667403791
1615.72110174	0.0248666390148
1616.03526101	0.024866553508
1616.34942027	0.0248665761562
1616.66357954	0.0248666877791
1616.9777388	0.0248664650415
1617.29189807	0.0248659136586
1617.60605733	0.0248654684394
1617.9202166	0.0248650813097
1618.23437586	0.0248645611794
1618.54853513	0.0248640098307
1618.86269439	0.0248636553139
1619.17685366	0.0248632946413
1619.49101293	0.0248627157873
1619.80517219	0.0248622548785
1620.11933146	0.0248620919577
1620.43349072	0.024861929506
1620.74764999	0.0248616552953
1621.06180925	0.0248614595299
1621.37596852	0.0248613566009
1621.69012778	0.0248612299893
1622.00428705	0.0248610704643
1622.31844631	0.0248609328898
1622.63260558	0.024860896038
1622.94676484	0.0248609428707
1623.26092411	0.0248608321799
1623.57508338	0.0248605466583
1623.88924264	0.0248602027932
1624.20340191	0.0248597614084
1624.51756117	0.0248591676255
1624.83172044	0.0248587491757
1625.1458797	0.0248583830224
1625.46003897	0.024857835648
1625.77419823	0.0248574193503
1626.0883575	0.0248571636861
1626.40251676	0.0248567437071
1626.71667603	0.0248563206647
1627.03083529	0.0248562272744
1627.34499456	0.0248563276864
1627.65915382	0.0248563552126
1627.97331309	0.0248563414542
1628.28747236	0.0248564154996
1628.60163162	0.0248564464294
1628.91579089	0.0248563161182
1629.22995015	0.0248560896563
1629.54410942	0.0248559846344
1629.85826868	0.0248556490776
1630.17242795	0.0248549770529
1630.48658721	0.0248544860004
1630.80074648	0.0248542975753
1631.11490574	0.0248540219145
1631.42906501	0.0248535816887
1631.74322427	0.0248531692212
1632.05738354	0.0248528373039
1632.37154281	0.0248525460729
1632.68570207	0.0248523622252
1632.99986134	0.0248521798019
1633.3140206	0.0248519049525
1633.62817987	0.0248517389038
1633.94233913	0.0248518163342
1634.2564984	0.0248519379367
1634.57065766	0.0248519353356
1634.88481693	0.0248519696654
1635.19897619	0.0248519242918
1635.51313546	0.024851665006
1635.82729472	0.0248514387193
1636.14145399	0.0248511334358
1636.45561326	0.0248507109822
1636.76977252	0.0248502755178
1637.08393179	0.0248499508373
1637.39809105	0.0248496085228
1637.71225032	0.0248491146911
1638.02640958	0.0248487873117
1638.34056885	0.0248487055204
1638.65472811	0.0248484852053
1638.96888738	0.0248480229933
1639.28304664	0.024847525536
1639.59720591	0.0248473010209
1639.91136517	0.0248472677853
1640.22552444	0.0248469169934
1640.5396837	0.0248464647483
1640.85384297	0.0248464515113
1641.16800224	0.0248466478499
1641.4821615	0.0248464377256
1641.79632077	0.024845901043
1642.11048003	0.0248456452018
1642.4246393	0.0248453966629
1642.73879856	0.0248448554354
1643.05295783	0.0248443924583
1643.36711709	0.0248441640705
1643.68127636	0.0248439173417
1643.99543562	0.0248436100415
1644.30959489	0.0248434165524
1644.62375415	0.024843348186
1644.93791342	0.0248431304596
1645.25207269	0.0248427790766
1645.56623195	0.0248425106617
1645.88039122	0.0248421565756
1646.19455048	0.0248417079263
1646.50870975	0.02484125788
1646.82286901	0.0248410921253
1647.13702828	0.0248407854981
1647.45118754	0.0248401797844
1647.76534681	0.0248397645564
1648.07950607	0.0248396164855
1648.39366534	0.0248394437955
1648.7078246	0.0248391125798
1649.02198387	0.0248387391302
1649.33614313	0.0248384782243
1649.6503024	0.0248383007718
1649.96446167	0.0248380649363
1650.27862093	0.0248378361634
1650.5927802	0.0248376828391
1650.90693946	0.0248375602299
1651.22109873	0.0248375892291
1651.53525799	0.0248377052056
1651.84941726	0.0248375254111
1652.16357652	0.0248370087461
1652.47773579	0.0248367182434
1652.79189505	0.0248364246485
1653.10605432	0.0248358224435
1653.42021358	0.024835377135
1653.73437285	0.0248350925361
1654.04853212	0.0248346216572
1654.36269138	0.024834005172
1654.67685065	0.0248335834761
1654.99100991	0.0248333993567
1655.30516918	0.0248332111292
1655.61932844	0.0248329297275
1655.93348771	0.0248327038572
1656.24764697	0.024832571092
1656.56180624	0.0248324676754
1656.8759655	0.0248323504306
1657.19012477	0.0248321332757
1657.50428403	0.0248319163423
1657.8184433	0.0248318406351
1658.13260256	0.0248316529808
1658.44676183	0.0248312166271
1658.7609211	0.0248309480889
1659.07508036	0.0248306574979
1659.38923963	0.0248302093664
1659.70339889	0.024829782274
1660.01755816	0.0248294179226
1660.33171742	0.0248291026011
1660.64587669	0.0248287987916
1660.96003595	0.0248284907012
1661.27419522	0.0248281665374
1661.58835448	0.0248279914291
1661.90251375	0.0248280211613
1662.21667301	0.02482809804
1662.53083228	0.0248281490124
1662.84499155	0.0248282073794
1663.15915081	0.024828283782
1663.47331008	0.0248283803721
1663.78746934	0.024828449632
1664.10162861	0.0248283675906
1664.41578787	0.0248283657457
1664.72994714	0.024828333363
1665.0441064	0.0248279113656
1665.35826567	0.0248273838837
1665.67242493	0.0248271606975
1665.9865842	0.0248270059094
1666.30074346	0.0248266264092
1666.61490273	0.0248261635779
1666.92906199	0.0248258122258
1667.24322126	0.0248255877069
1667.55738053	0.0248253690764
1667.87153979	0.0248251202834
1668.18569906	0.0248248625599
1668.49985832	0.0248246392386
1668.81401759	0.0248245706147
1669.12817685	0.0248246248259
1669.44233612	0.0248246387031
1669.75649538	0.0248246355505
1670.07065465	0.0248245518343
1670.38481391	0.0248242735553
1670.69897318	0.0248239271574
1671.01313244	0.0248235014111
1671.32729171	0.0248231353317
1671.64145098	0.0248227646888
1671.95561024	0.0248223476724
1672.26976951	0.0248220108002
1672.58392877	0.0248216622265
1672.89808804	0.0248214468075
1673.2122473	0.0248213952754
1673.52640657	0.0248212808922
1673.84056583	0.0248210598013
1674.1547251	0.024820781282
1674.46888436	0.0248205452711
1674.78304363	0.0248205232069
1675.09720289	0.024820271815
1675.41136216	0.0248199054861
1675.72552142	0.0248199166931
1676.03968069	0.0248200617249
1676.35383996	0.0248198770403
1676.66799922	0.0248195400618
1676.98215849	0.0248194514974
1677.29631775	0.0248192904723
1677.61047702	0.0248188935585
1677.92463628	0.0248185636581
1678.23879555	0.0248183998748
1678.55295481	0.0248182385322
1678.86711408	0.0248179978664
1679.18127334	0.0248177980157
1679.49543261	0.0248176739822
1679.80959187	0.0248175215931
1680.12375114	0.0248173531624
1680.43791041	0.0248172620155
1680.75206967	0.0248170465181
1681.06622894	0.0248165137058
1681.3803882	0.0248162083875
1681.69454747	0.0248162251415
1682.00870673	0.0248157370167
1682.322866	0.0248150745117
1682.63702526	0.0248147829747
1682.95118453	0.0248146600122
1683.26534379	0.0248143740755
1683.57950306	0.0248139444651
1683.89366232	0.0248135895825
1684.20782159	0.0248133564085
1684.52198085	0.0248131248021
1684.83614012	0.024812926773
1685.15029939	0.0248128071369
1685.46445865	0.0248127226945
1685.77861792	0.0248126553633
1686.09277718	0.0248127241546
1686.40693645	0.0248128595964
1686.72109571	0.0248126371302
1687.03525498	0.0248121900264
1687.34941424	0.0248118156227
1687.66357351	0.0248115055016
1687.97773277	0.0248110649596
1688.29189204	0.0248105763912
1688.6060513	0.0248102725849
1688.92021057	0.0248099544904
1689.23436984	0.0248094406534
1689.5485291	0.024809037781
1689.86268837	0.024808865875
1690.17684763	0.0248086902198
1690.4910069	0.0248084726278
1690.80516616	0.0248082992234
1691.11932543	0.0248081638259
1691.43348469	0.024808057335
1691.74764396	0.0248080042572
1692.06180322	0.0248079344317
1692.37596249	0.0248078070169
1692.69012175	0.0248077654356
1693.00428102	0.0248077278749
1693.31844029	0.0248073439085
1693.63259955	0.0248068864649
1693.94675882	0.0248064575969
1694.26091808	0.0248058597923
1694.57507735	0.0248054020208
1694.88923661	0.0248050632696
1695.20339588	0.0248045231525
1695.51755514	0.0248040882143
1695.83171441	0.0248038527737
1696.14587367	0.0248034559156
1696.46003294	0.0248030603701
1696.7741922	0.0248029780061
1697.08835147	0.0248030531739
1697.40251073	0.0248030564673
1697.71667	0.0248030323616
1698.03082927	0.024803068183
1698.34498853	0.024803076872
1698.6591478	0.0248030004067
1698.97330706	0.0248028490511
1699.28746633	0.024802644956
1699.60162559	0.0248024257907
1699.91578486	0.0248019127675
1700.22994412	0.0248013470548
1700.54410339	0.0248011323711
1700.85826265	0.0248009628719
1701.17242192	0.0248005721349
1701.48658118	0.0248000523628
1701.80074045	0.0247997004795
1702.11489972	0.0247995779485
1702.42905898	0.0247994145935
1702.74321825	0.0247991112317
1703.05737751	0.0247988399822
1703.37153678	0.0247987741883
1703.68569604	0.0247988507364
1703.99985531	0.0247988964834
1704.31401457	0.0247989435709
1704.62817384	0.0247990599883
1704.9423331	0.0247990611931
1705.25649237	0.0247988882587
1705.57065163	0.0247986831881
1705.8848109	0.0247983403237
1706.19897016	0.0247979463382
1706.51312943	0.0247976014149
1706.8272887	0.0247972356144
1707.14144796	0.0247967576858
1707.45560723	0.024796325841
1707.76976649	0.0247960894883
1708.08392576	0.0247959287806
1708.39808502	0.0247955956389
1708.71224429	0.0247951473468
1709.02640355	0.0247947917501
1709.34056282	0.0247946333354
1709.65472208	0.0247944299073
1709.96888135	0.0247940855178
1710.28304061	0.0247938081904
1710.59719988	0.0247937786338
1710.91135915	0.0247938052531
1711.22551841	0.0247935556504
1711.53967768	0.0247930734219
1711.85383694	0.0247927835575
1712.16799621	0.0247924807691
1712.48215547	0.0247919432157
1712.79631474	0.0247915015139
1713.110474	0.0247912295125
1713.42463327	0.0247910145806
1713.73879253	0.0247908042334
1714.0529518	0.0247906425642
1714.36711106	0.0247905937859
1714.68127033	0.0247904791767
1714.99542959	0.0247901773093
1715.30958886	0.0247899073467
1715.62374813	0.0247896041472
1715.93790739	0.0247892185314
1716.25206666	0.0247888121055
1716.56622592	0.024788625713
1716.88038519	0.0247883502735
1717.19454445	0.024787775365
1717.50870372	0.0247874142977
1717.82286298	0.0247872878923
1718.13702225	0.024787042256
1718.45118151	0.0247866654386
1718.76534078	0.0247862859506
1719.07950004	0.0247861658213
1719.39365931	0.0247860404864
1719.70781858	0.0247856726983
1720.02197784	0.0247853989707
1720.33613711	0.0247853589044
1720.65029637	0.0247852840744
1720.96445564	0.0247851790956
1721.2786149	0.0247852520626
1721.59277417	0.0247851704576
1721.90693343	0.024784702248
1722.2210927	0.0247844085435
1722.53525196	0.0247840746261
1722.84941123	0.0247834734762
1723.16357049	0.0247830582278
1723.47772976	0.0247827081633
1723.79188902	0.024782194342
1724.10604829	0.0247816365542
1724.42020756	0.024781216426
1724.73436682	0.0247809667142
1725.04852609	0.0247807229946
1725.36268535	0.0247804304725
1725.67684462	0.0247802062978
1725.99100388	0.0247800744052
1726.30516315	0.0247799952997
1726.61932241	0.0247799664588
1726.93348168	0.0247798573049
1727.24764094	0.0247796637654
1727.56180021	0.024779526121
1727.87595947	0.0247792922508
1728.19011874	0.024778733284
1728.50427801	0.0247783258569
1728.81843727	0.0247780976427
1729.13259654	0.0247776660044
1729.4467558	0.024777176112
1729.76091507	0.024776773705
1730.07507433	0.024776492166
1730.3892336	0.0247762306481
1730.70339286	0.0247758825118
1731.01755213	0.0247755041475
1731.33171139	0.0247753384697
1731.64587066	0.0247753832778
1731.96002992	0.0247754171208
1732.27418919	0.0247754073067
1732.58834845	0.0247754681543
1732.90250772	0.024775580197
1733.21666699	0.0247756760225
1733.53082625	0.0247757252804
1733.84498552	0.0247756948318
1734.15914478	0.0247757203843
1734.47330405	0.0247756796819
1734.78746331	0.0247751776871
1735.10162258	0.0247746771882
1735.41578184	0.0247745054792
1735.72994111	0.0247743443439
1736.04410037	0.0247739553832
1736.35825964	0.0247734934582
1736.6724189	0.0247731377562
1736.98657817	0.0247729106455
1737.30073744	0.0247727157768
1737.6148967	0.0247724356676
1737.92905597	0.0247721551582
1738.24321523	0.0247720631764
1738.5573745	0.0247721232122
1738.87153376	0.0247721147479
1739.18569303	0.0247720631643
1739.49985229	0.0247720689042
1739.81401156	0.0247719437869
1740.12817082	0.0247717301971
1740.44233009	0.0247715147108
1740.75648935	0.0247711869952
1741.07064862	0.0247708599906
1741.38480788	0.0247704711194
1741.69896715	0.0247700246781
1742.01312642	0.0247697957878
1742.32728568	0.0247694960945
1742.64144495	0.0247691299417
1742.95560421	0.0247690095152
1743.26976348	0.0247689576514
1743.58392274	0.0247687412674
1743.89808201	0.0247684516972
1744.21224127	0.0247683118501
1744.52640054	0.024768308389
1744.8405598	0.0247680570167
1745.15471907	0.0247677215568
1745.46887833	0.0247678116429
1745.7830376	0.0247680996533
1746.09719687	0.0247680529001
1746.41135613	0.0247677457558
1746.7255154	0.0247675430907
1747.03967466	0.0247674338776
1747.35383393	0.0247671305224
1747.66799319	0.0247667064615
1747.98215246	0.0247663703365
1748.29631172	0.0247661452815
1748.61047099	0.0247659092519
1748.92463025	0.0247656485613
1749.23878952	0.0247654199612
1749.55294878	0.0247652610747
1749.86710805	0.0247651630477
1750.18126732	0.0247650524393
1750.49542658	0.0247648066112
1750.80958585	0.0247643680756
1751.12374511	0.0247641105871
1751.43790438	0.0247639458649
1751.75206364	0.024763456821
1752.06622291	0.0247629552974
1752.38038217	0.0247626626759
1752.69454144	0.0247623241995
1753.0087007	0.0247620093906
1753.32285997	0.0247617040941
1753.63701923	0.0247613449549
1753.9511785	0.0247610148338
1754.26533776	0.0247607296217
1754.57949703	0.0247605721408
1754.8936563	0.0247605088611
1755.20781556	0.0247604111111
1755.52197483	0.0247602826361
1755.83613409	0.0247604039414
1756.15029336	0.02476063407
1756.46445262	0.02476032912
1756.77861189	0.024759811709
1757.09277115	0.0247595927083
1757.40693042	0.024759204393
1757.72108968	0.0247586854467
1758.03524895	0.0247584211254
1758.34940821	0.0247582106991
1758.66356748	0.0247577553156
1758.97772675	0.0247572551498
1759.29188601	0.0247569810261
1759.60604528	0.024756851108
1759.92020454	0.0247566630498
1760.23436381	0.0247564029655
1760.54852307	0.0247562170754
1760.86268234	0.0247561131964
1761.1768416	0.0247560098474
1761.49100087	0.0247559582387
1761.80516013	0.0247559245288
1762.1193194	0.0247558620515
1762.43347866	0.0247558698908
1762.74763793	0.0247558868584
1763.06179719	0.0247556474051
1763.37595646	0.0247551792775
1763.69011573	0.0247547077615
1764.00427499	0.0247542329876
1764.31843426	0.0247537787252
1764.63259352	0.0247533982316
1764.94675279	0.0247529579415
1765.26091205	0.0247525514702
1765.57507132	0.0247522437243
1765.88923058	0.024751895613
1766.20338985	0.0247516383331
1766.51754911	0.0247515869635
1766.83170838	0.0247516338645
1767.14586764	0.0247516764507
1767.46002691	0.0247517106314
1767.77418618	0.0247517731752
1768.08834544	0.0247517834473
1768.40250471	0.0247517218324
1768.71666397	0.0247516932392
1769.03082324	0.024751643971
1769.3449825	0.0247515064235
1769.65914177	0.0247510108093
1769.97330103	0.0247505336926
1770.2874603	0.0247503537916
1770.60161956	0.0247502130891
1770.91577883	0.0247498258187
1771.22993809	0.0247493478427
1771.54409736	0.0247489998107
1771.85825662	0.0247488422068
1772.17241589	0.0247487700768
1772.48657516	0.0247485222353
1772.80073442	0.0247482167907
1773.11489369	0.0247481916184
1773.42905295	0.0247483774884
1773.74321222	0.024748439304
1774.05737148	0.0247484252294
1774.37153075	0.0247485665825
1774.68569001	0.0247486592812
1774.99984928	0.0247485178816
1775.31400854	0.0247483049921
1775.62816781	0.0247480057494
1775.94232707	0.0247474797972
1776.25648634	0.0247471393315
1776.57064561	0.0247469099778
1776.88480487	0.0247463997343
1777.19896414	0.0247459113512
1777.5131234	0.0247456487075
1777.82728267	0.0247454539556
1778.14144193	0.0247451125822
1778.4556012	0.0247446628303
1778.76976046	0.0247442970355
1779.08391973	0.0247441252975
1779.39807899	0.0247438781201
1779.71223826	0.024743539174
1780.02639752	0.0247433373862
1780.34055679	0.0247433384021
1780.65471605	0.0247433529952
1780.96887532	0.0247431597324
1781.28303459	0.0247427493314
1781.59719385	0.0247424129273
1781.91135312	0.024742138759
1782.22551238	0.0247416399277
1782.53967165	0.0247411873277
1782.85383091	0.0247409156933
1783.16799018	0.0247406712189
1783.48214944	0.0247404318392
1783.79630871	0.0247402580433
1784.11046797	0.0247401355933
1784.42462724	0.0247399326691
1784.7387865	0.0247396956193
1785.05294577	0.0247394794205
1785.36710504	0.0247392508708
1785.6812643	0.0247389014227
1785.99542357	0.0247386133867
1786.30958283	0.0247385267457
1786.6237421	0.0247381954814
1786.93790136	0.0247377772742
1787.25206063	0.0247376108771
1787.56621989	0.0247374648032
1787.88037916	0.0247372532486
1788.19453842	0.0247369457243
1788.50869769	0.024736542843
1788.82285695	0.0247362435514
1789.13701622	0.0247360033083
1789.45117548	0.0247356606105
1789.76533475	0.0247353612695
1790.07949402	0.02473520702
1790.39365328	0.0247350727202
1790.70781255	0.0247350579069
1791.02197181	0.0247351596868
1791.33613108	0.0247350050331
1791.65029034	0.0247345719992
1791.96444961	0.0247343215783
1792.27860887	0.024733909791
1792.59276814	0.0247334023068
1792.9069274	0.0247330583364
1793.22108667	0.0247326421742
1793.53524593	0.0247320664257
1793.8494052	0.0247315859383
1794.16356447	0.0247312351792
1794.47772373	0.0247309352038
1794.791883	0.0247306478384
1795.10604226	0.0247303635016
1795.42020153	0.024730125435
1795.73436079	0.0247299492435
1796.04852006	0.0247298143281
1796.36267932	0.024729735307
1796.67683859	0.0247296461256
1796.99099785	0.0247295061025
1797.30515712	0.0247293949371
1797.61931638	0.0247292469156
1797.93347565	0.024728810701
1798.24763491	0.0247284069664
1798.56179418	0.0247282159986
1798.87595345	0.0247277322576
1799.19011271	0.0247272673596
1799.50427198	0.0247270182957
1799.81843124	0.0247266830641
1800.13259051	0.0247263003593
1800.44674977	0.0247259770684
1800.76090904	0.0247256704103
1801.0750683	0.0247254818619
1801.38922757	0.0247254222246
1801.70338683	0.0247253694266
1802.0175461	0.0247253273956
1802.33170536	0.0247253546874
1802.64586463	0.0247254142284
1802.9600239	0.0247254675594
1803.27418316	0.0247255388711
1803.58834243	0.0247255928861
1803.90250169	0.0247256197318
1804.21666096	0.0247255896933
1804.53082022	0.0247251713251
1804.84497949	0.0247246151133
1805.15913875	0.0247243196746
1805.47329802	0.0247241268359
1805.78745728	0.0247237552333
1806.10161655	0.0247232385743
1806.41577581	0.0247228228774
1806.72993508	0.0247225959922
1807.04409434	0.0247223937375
1807.35825361	0.0247220663915
1807.67241288	0.0247217549335
1807.98657214	0.0247216775946
1808.30073141	0.0247217814989
1808.61489067	0.0247218446539
1808.92904994	0.024721762241
1809.2432092	0.0247216592293
1809.55736847	0.024721578842
1809.87152773	0.0247213719998
1810.185687	0.0247211468858
1810.49984626	0.0247209532501
1810.81400553	0.0247206444269
1811.12816479	0.0247203277733
1811.44232406	0.0247199803267
1811.75648333	0.02471961136
1812.07064259	0.0247193061184
1812.38480186	0.0247190383852
1812.69896112	0.024718802823
1813.01312039	0.0247185954615
1813.32727965	0.0247183689693
1813.64143892	0.0247181458671
1813.95559818	0.0247180215634
1814.26975745	0.0247178350287
1814.58391671	0.0247176207128
1814.89807598	0.0247175327467
1815.21223524	0.0247176735314
1815.52639451	0.0247178590866
1815.84055378	0.0247178770075
1816.15471304	0.0247177210877
1816.46887231	0.0247175019445
1816.78303157	0.0247173723649
1817.09719084	0.0247170693978
1817.4113501	0.0247165633123
1817.72550937	0.0247162136297
1818.03966863	0.0247160053796
1818.3538279	0.0247157079085
1818.66798716	0.0247153806156
1818.98214643	0.0247151395557
1819.29630569	0.0247149360648
1819.61046496	0.0247147302736
1819.92462422	0.0247145565099
1820.23878349	0.0247142853303
1820.55294276	0.0247138731482
1820.86710202	0.0247136973199
1821.18126129	0.0247135272273
1821.49542055	0.0247130299443
1821.80957982	0.0247126367238
1822.12373908	0.02471249095
1822.43789835	0.0247122278927
1822.75205761	0.0247119586464
1823.06621688	0.0247116652965
1823.38037614	0.0247112897492
1823.69453541	0.0247110260082
1824.00869467	0.0247108027319
1824.32285394	0.0247105479518
1824.63701321	0.0247104087885
1824.95117247	0.0247103731195
1825.26533174	0.0247102440167
1825.579491	0.0247102702296
1825.89365027	0.0247105072444
1826.20780953	0.0247103224582
1826.5219688	0.0247098634348
1826.83612806	0.0247096803579
1827.15028733	0.0247093306306
1827.46444659	0.0247089212081
1827.77860586	0.0247087202612
1828.09276512	0.0247084965985
1828.40692439	0.0247081093781
1828.72108365	0.0247077391444
1829.03524292	0.0247074795481
1829.34940219	0.0247072933925
1829.66356145	0.0247071115198
1829.97772072	0.0247068861473
1830.29187998	0.0247066917364
1830.60603925	0.0247065457916
1830.92019851	0.0247063697497
1831.23435778	0.0247062949647
1831.54851704	0.0247063072545
1831.86267631	0.0247062336178
1832.17683557	0.0247061396486
1832.49099484	0.0247061374224
1832.8051541	0.0247060195166
1833.11931337	0.0247055948983
1833.43347264	0.0247050422405
1833.7476319	0.0247046110346
1834.06179117	0.0247042098455
1834.37595043	0.0247038616596
1834.6901097	0.0247034793009
1835.00426896	0.0247030653544
1835.31842823	0.0247026771232
1835.63258749	0.0247023562252
1835.94674676	0.0247021902656
1836.26090602	0.024702131282
1836.57506529	0.0247021217443
1836.88922455	0.0247021700176
1837.20338382	0.0247022522659
1837.51754308	0.0247023662274
1837.83170235	0.0247024294829
1838.14586162	0.0247024240213
1838.46002088	0.0247025052041
1838.77418015	0.0247025162125
1839.08833941	0.0247023717766
1839.40249868	0.0247019372081
1839.71665794	0.0247015865106
1840.03081721	0.0247013419569
1840.34497647	0.0247011389076
1840.65913574	0.0247008150954
1840.973295	0.0247003893
1841.28745427	0.0247000009674
1841.60161353	0.0246998365437
1841.9157728	0.0246997345442
1842.22993207	0.0246994529323
1842.54409133	0.0246991938389
1842.8582506	0.0246992143398
1843.17240986	0.0246993790995
1843.48656913	0.0246994232669
1843.80072839	0.0246994117023
1844.11488766	0.0246995317909
1844.42904692	0.0246995521688
1844.74320619	0.0246993922524
1845.05736545	0.0246992364805
1845.37152472	0.0246989495938
1845.68568398	0.024698403487
1845.99984325	0.0246980574525
1846.31400251	0.0246977952501
1846.62816178	0.0246972869555
1846.94232105	0.0246968402979
1847.25648031	0.0246965900074
1847.57063958	0.0246963489209
1847.88479884	0.0246960236266
1848.19895811	0.0246956524548
1848.51311737	0.0246953622211
1848.82727664	0.0246952429756
1849.1414359	0.0246950144744
1849.45559517	0.0246946805258
1849.76975443	0.0246946142569
1850.0839137	0.0246947765748
1850.39807296	0.0246947885198
1850.71223223	0.0246945711653
1851.0263915	0.0246942342711
1851.34055076	0.0246939897932
1851.65471003	0.0246937423246
1851.96886929	0.0246932863299
1852.28302856	0.0246928758155
1852.59718782	0.0246926554847
1852.91134709	0.0246924733876
1853.22550635	0.024692235885
1853.53966562	0.0246920640775
1853.85382488	0.0246919458028
1854.16798415	0.0246917389012
1854.48214341	0.0246916153166
1854.79630268	0.0246914743239
1855.11046194	0.0246912585671
1855.42462121	0.0246909954274
1855.73878048	0.0246908025363
1856.05293974	0.0246907545664
1856.36709901	0.0246903980469
1856.68125827	0.0246899730128
1856.99541754	0.0246897889558
1857.3095768	0.0246896177793
1857.62373607	0.0246893538136
1857.93789533	0.0246890213434
1858.2520546	0.0246885866303
1858.56621386	0.024688282284
1858.88037313	0.0246880804045
1859.19453239	0.0246877205079
1859.50869166	0.0246873561903
1859.82285093	0.0246871985467
1860.13701019	0.0246871037487
1860.45116946	0.0246870360553
1860.76532872	0.0246870413358
1861.07948799	0.0246868870202
1861.39364725	0.0246864671019
1861.70780652	0.0246861500506
1862.02196578	0.0246857157159
1862.33612505	0.0246852418171
1862.65028431	0.0246849197097
1862.96444358	0.0246845241776
1863.27860284	0.0246839397289
1863.59276211	0.0246835035002
1863.90692137	0.0246832486274
1864.22108064	0.0246829899002
1864.53523991	0.0246826678151
1864.84939917	0.0246823975374
1865.16355844	0.0246822142276
1865.4777177	0.0246820583711
1865.79187697	0.0246819373827
1866.10603623	0.0246818673881
1866.4201955	0.0246818409672
1866.73435476	0.0246817958502
1867.04851403	0.0246817304181
1867.36267329	0.0246816493772
1867.67683256	0.0246813151057
1867.99099182	0.0246809651816
1868.30515109	0.024680811938
1868.61931036	0.0246802960655
1868.93346962	0.024679841119
1869.24762889	0.0246796854351
1869.56178815	0.0246793489103
1869.87594742	0.0246789146844
1870.19010668	0.024678608108
1870.50426595	0.0246783550381
1870.81842521	0.0246781932961
1871.13258448	0.0246781088883
1871.44674374	0.0246780223688
1871.76090301	0.0246779624052
1872.07506227	0.0246779633118
1872.38922154	0.0246780012535
1872.70338081	0.0246780131249
1873.01754007	0.0246779539419
1873.33169934	0.0246779350101
1873.6458586	0.0246780296162
1873.96001787	0.0246779652977
1874.27417713	0.0246773170894
1874.5883364	0.0246767828379
1874.90249566	0.0246766090956
1875.21665493	0.0246762559001
1875.53081419	0.0246757108951
1875.84497346	0.0246751747493
1876.15913272	0.0246747940983
1876.47329199	0.0246745286942
1876.78745125	0.0246742499725
1877.10161052	0.0246738763499
1877.41576979	0.0246735727767
1877.72992905	0.0246735292931
1878.04408832	0.0246736432954
1878.35824758	0.0246736971385
1878.67240685	0.0246736921027
1878.98656611	0.0246736760519
1879.30072538	0.0246735911825
1879.61488464	0.0246734333519
1879.92904391	0.024673165443
1880.24320317	0.024672854111
1880.55736244	0.0246724980404
1880.8715217	0.0246722465514
1881.18568097	0.0246719988925
1881.49984024	0.0246715781498
1881.8139995	0.0246712286566
1882.12815877	0.0246710098136
1882.44231803	0.0246707697275
1882.7564773	0.0246705135821
1883.07063656	0.0246702174537
1883.38479583	0.024669988059
1883.69895509	0.0246699138698
1884.01311436	0.0246696668162
1884.32727362	0.0246693915496
1884.64143289	0.0246694251128
1884.95559215	0.0246696390512
1885.26975142	0.0246697506874
1885.58391068	0.0246697548008
1885.89806995	0.0246697188624
1886.21222922	0.0246694780511
1886.52638848	0.024669260141
1886.84054775	0.0246690417659
1887.15470701	0.0246685710697
1887.46886628	0.0246681376901
1887.78302554	0.0246678854339
1888.09718481	0.0246676424946
1888.41134407	0.0246673840932
1888.72550334	0.0246671865745
1889.0396626	0.0246669228133
1889.35382187	0.0246665940422
1889.66798113	0.024666348242
1889.9821404	0.0246661194291
1890.29629967	0.0246657939187
1890.61045893	0.0246655424505
1890.9246182	0.0246653241636
1891.23877746	0.0246649509406
1891.55293673	0.0246646911633
1891.86709599	0.0246646126505
1892.18125526	0.0246643477884
1892.49541452	0.0246640717086
1892.80957379	0.0246638239567
1893.12373305	0.0246634410189
1893.43789232	0.0246631797533
1893.75205158	0.0246629919767
1894.06621085	0.0246626845914
1894.38037011	0.0246624398594
1894.69452938	0.0246624494107
1895.00868865	0.0246624615714
1895.32284791	0.0246623123899
1895.63700718	0.0246624277745
1895.95116644	0.0246624687495
1896.26532571	0.0246621126049
1896.57948497	0.0246618573497
1896.89364424	0.0246614270274
1897.2078035	0.0246611110991
1897.52196277	0.0246610661976
1897.83612203	0.0246607828535
1898.1502813	0.0246601886989
1898.46444056	0.0246598543948
1898.77859983	0.0246597663547
1899.0927591	0.0246595881481
1899.40691836	0.0246592939126
1899.72107763	0.0246590231002
1900.03523689	0.0246588499086
1900.34939616	0.0246586961442
1900.66355542	0.024658536609
1900.97771469	0.0246584148518
1901.29187395	0.0246583262856
1901.60603322	0.0246583060573
1901.92019248	0.0246583834883
1902.23435175	0.024658336534
1902.54851101	0.0246580324037
1902.86267028	0.0246577137486
1903.17682954	0.0246573328279
1903.49098881	0.0246568001121
1903.80514808	0.0246563550234
1904.11930734	0.0246560850947
1904.43346661	0.0246557365206
1904.74762587	0.0246552419926
1905.06178514	0.0246548561883
1905.3759444	0.0246546585901
1905.69010367	0.0246545514014
1906.00426293	0.0246544723666
1906.3184222	0.0246544723101
1906.63258146	0.02465456241
1906.94674073	0.0246546516431
1907.26089999	0.0246547623719
1907.57505926	0.0246548973748
1907.88921853	0.0246549211262
1908.20337779	0.0246549530425
1908.51753706	0.0246550390398
1908.83169632	0.0246549700166
1909.14585559	0.0246546007888
1909.46001485	0.024654263364
1909.77417412	0.0246540430562
1910.08833338	0.0246538762327
1910.40249265	0.0246536215059
1910.71665191	0.0246531914504
1911.03081118	0.0246528199316
1911.34497044	0.024652742662
1911.65912971	0.0246526385515
1911.97328897	0.0246523127693
1912.28744824	0.0246520736683
1912.60160751	0.0246521156169
1912.91576677	0.0246522105883
1913.22992604	0.0246521801788
1913.5440853	0.0246520956607
1913.85824457	0.0246520834303
1914.17240383	0.0246521193212
1914.4865631	0.0246521069484
1914.80072236	0.0246520012641
1915.11488163	0.0246517343645
1915.42904089	0.0246513964261
1915.74320016	0.0246510740632
1916.05735942	0.0246506679367
1916.37151869	0.0246501719277
1916.68567796	0.0246497744381
1916.99983722	0.0246495549861
1917.31399649	0.0246492794764
1917.62815575	0.0246488903985
1917.94231502	0.024648509962
1918.25647428	0.0246483888357
1918.57063355	0.0246482881109
1918.88479281	0.0246479504551
1919.19895208	0.0246477536576
1919.51311134	0.0246479423905
1919.82727061	0.0246481473533
1920.14142987	0.0246481455139
1920.45558914	0.0246480378964
1920.7697484	0.0246479209499
1921.08390767	0.0246476209816
1921.39806694	0.0246473921644
1921.7122262	0.0246471956169
1922.02638547	0.0246467768993
1922.34054473	0.0246464169148
1922.654704	0.0246462366381
1922.96886326	0.0246460608737
1923.28302253	0.0246459114825
1923.59718179	0.0246457262137
1923.91134106	0.0246455134405
1924.22550032	0.0246454232177
1924.53965959	0.0246453368108
1924.85381885	0.024645153194
1925.16797812	0.0246449340278
1925.48213739	0.0246448015261
1925.79629665	0.0246446176552
1926.11045592	0.0246443449131
1926.42461518	0.024644227952
1926.73877445	0.0246441032762
1927.05293371	0.0246437726951
1927.36709298	0.0246434059186
1927.68125224	0.0246431297713
1927.99541151	0.0246427145579
1928.30957077	0.0246422530162
1928.62373004	0.0246419782715
1928.9378893	0.0246416430827
1929.25204857	0.0246412218195
1929.56620783	0.0246409599417
1929.8803671	0.0246408404494
1930.19452637	0.0246408413977
1930.50868563	0.0246408236903
1930.8228449	0.0246405832382
1931.13700416	0.0246400896929
1931.45116343	0.0246396759394
1931.76532269	0.0246394089052
1932.07948196	0.0246390607556
1932.39364122	0.0246385845918
1932.70780049	0.0246380937191
1933.02195975	0.0246376934149
1933.33611902	0.0246374406545
1933.65027828	0.0246371913794
1933.96443755	0.0246368790754
1934.27859682	0.024636550823
1934.59275608	0.0246363037675
1934.90691535	0.0246361712142
1935.22107461	0.0246360078889
1935.53523388	0.0246358236295
1935.84939314	0.0246357238895
1936.16355241	0.0246356789658
1936.47771167	0.0246356577681
1936.79187094	0.0246356397426
1937.1060302	0.0246355704976
1937.42018947	0.0246354182962
1937.73434873	0.02463524378
1938.048508	0.0246349886869
1938.36266727	0.0246345137849
1938.67682653	0.024634136204
1938.9909858	0.0246339653255
1939.30514506	0.0246336047791
1939.61930433	0.0246331882151
1939.93346359	0.0246328708138
1940.24762286	0.0246326061927
1940.56178212	0.0246324155331
1940.87594139	0.0246322917369
1941.19010065	0.0246321871249
1941.50425992	0.0246321095428
1941.81841918	0.024632070673
1942.13257845	0.0246321054609
1942.44673771	0.0246321545082
1942.76089698	0.02463214605
1943.07505625	0.0246321419319
1943.38921551	0.0246322204851
1943.70337478	0.0246321481489
1944.01753404	0.0246315119318
1944.33169331	0.0246309926509
1944.64585257	0.0246307634479
1944.96001184	0.0246303717669
1945.2741711	0.0246298781973
1945.58833037	0.0246293860539
1945.90248963	0.0246289803084
1946.2166489	0.0246287583851
1946.53080816	0.0246285062008
1946.84496743	0.0246281470503
1947.1591267	0.0246279616023
1947.47328596	0.0246280231057
1947.78744523	0.0246281190118
1948.10160449	0.0246281576758
1948.41576376	0.0246281765127
1948.72992302	0.0246281722958
1949.04408229	0.024628120624
1949.35824155	0.024627991899
1949.67240082	0.0246277729454
1949.98656008	0.0246274790212
1950.30071935	0.0246270702109
1950.61487861	0.0246268208571
1950.92903788	0.0246266196374
1951.24319714	0.0246261780652
1951.55735641	0.0246257245692
1951.87151568	0.0246254544167
1952.18567494	0.0246252542124
1952.49983421	0.024624989795
1952.81399347	0.0246246204362
1953.12815274	0.0246243907814
1953.442312	0.0246242915539
1953.75647127	0.024624067508
1954.07063053	0.0246238755938
1954.3847898	0.0246239477511
1954.69894906	0.0246241394947
1955.01310833	0.0246242228957
1955.32726759	0.0246242182688
1955.64142686	0.024624077327
1955.95558613	0.0246238154124
1956.26974539	0.0246235720878
1956.58390466	0.0246232476662
1956.89806392	0.0246227533857
1957.21222319	0.0246223484285
1957.52638245	0.0246220786603
1957.84054172	0.024621770969
1958.15470098	0.0246214488237
1958.46886025	0.0246212344715
1958.78301951	0.0246210604571
1959.09717878	0.0246208796355
1959.41133804	0.0246206054884
1959.72549731	0.0246203321819
1960.03965657	0.0246202537181
1960.35381584	0.0246200096294
1960.66797511	0.0246196176582
1960.98213437	0.0246193992137
1961.29629364	0.0246193047289
1961.6104529	0.024619113216
1961.92461217	0.0246188165162
1962.23877143	0.0246185174718
1962.5529307	0.0246183267163
1962.86708996	0.0246180455783
1963.18124923	0.0246177068368
1963.49540849	0.0246174490531
1963.80956776	0.0246172173288
1964.12372702	0.0246169886025
1964.43788629	0.0246168396184
1964.75204556	0.0246166782211
1965.06620482	0.024616616948
1965.38036409	0.0246167612239
1965.69452335	0.0246166703271
1966.00868262	0.0246162814937
1966.32284188	0.0246160139634
1966.63700115	0.0246157711458
1966.95116041	0.02461550595
1967.26531968	0.0246152536928
1967.57947894	0.0246149524503
1967.89363821	0.024614541914
1968.20779747	0.0246142715952
1968.52195674	0.0246140977099
1968.836116	0.0246138231132
1969.15027527	0.0246135051734
1969.46443454	0.0246132363049
1969.7785938	0.0246130072772
1970.09275307	0.0246127776909
1970.40691233	0.0246125786869
1970.7210716	0.0246124133449
1971.03523086	0.024612276624
1971.34939013	0.0246122353404
1971.66354939	0.0246122156254
1971.97770866	0.0246119635115
1972.29186792	0.0246116140547
1972.60602719	0.0246114075856
1972.92018645	0.0246110691851
1973.23434572	0.0246105255252
1973.54850499	0.0246101522192
1973.86266425	0.0246099847375
1974.17682352	0.0246095491694
1974.49098278	0.0246090253858
1974.80514205	0.0246087620273
1975.11930131	0.0246086609428
1975.43346058	0.0246085164846
1975.74761984	0.0246083767603
1976.06177911	0.024608397984
1976.37593837	0.0246084999933
1976.69009764	0.0246085913147
1977.0042569	0.0246086937346
1977.31841617	0.0246088176523
1977.63257543	0.0246089236137
1977.9467347	0.0246090109463
1978.26089397	0.0246091908254
1978.57505323	0.0246091480367
1978.8892125	0.0246087885497
1979.20337176	0.0246085267544
1979.51753103	0.0246083247731
1979.83169029	0.0246080757126
1980.14584956	0.0246078030242
1980.46000882	0.0246074611028
1980.77416809	0.0246071922808
1981.08832735	0.0246069803679
1981.40248662	0.0246067193171
1981.71664588	0.0246065167214
1982.03080515	0.0246064061691
1982.34496442	0.0246063527095
1982.65912368	0.0246063308123
1982.97328295	0.0246063156378
1983.28744221	0.0246063253075
1983.60160148	0.0246063827996
1983.91576074	0.0246064124027
1984.22992001	0.0246063364442
1984.54407927	0.0246062614932
1984.85823854	0.0246061292889
1985.1723978	0.0246057601973
1985.48655707	0.024605261139
1985.80071633	0.0246048309279
1986.1148756	0.0246044911051
1986.42903486	0.0246041582282
1986.74319413	0.0246038721452
1987.0573534	0.024603544034
1987.37151266	0.0246032245687
1987.68567193	0.0246030706034
1987.99983119	0.024603017138
1988.31399046	0.0246027806111
1988.62814972	0.0246025432435
1988.94230899	0.0246026543666
1989.25646825	0.0246029194612
1989.57062752	0.0246030033868
1989.88478678	0.0246029855472
1990.19894605	0.0246029173671
1990.51310531	0.0246028775669
1990.82726458	0.024602600511
1991.14142385	0.0246022741476
1991.45558311	0.0246022253048
1991.76974238	0.0246020193853
1992.08390164	0.0246015702277
1992.39806091	0.0246013065382
1992.71222017	0.0246011979106
1993.02637944	0.0246010054785
1993.3405387	0.0246007964936
1993.65469797	0.0246006203477
1993.96885723	0.0246005048273
1994.2830165	0.0246004179369
1994.59717576	0.0246002578851
1994.91133503	0.0246001302615
1995.2254943	0.0246000445539
1995.53965356	0.0245997746035
1995.85381283	0.024599547195
1996.16797209	0.0245995955223
1996.48213136	0.0245995309662
1996.79629062	0.0245991305994
1997.11044989	0.0245987330646
1997.42460915	0.0245984915345
1997.73876842	0.0245980685751
1998.05292768	0.0245975456513
1998.36708695	0.0245972733277
1998.68124621	0.0245969862327
1998.99540548	0.0245965319411
1999.30956474	0.0245961943149
1999.62372401	0.024596144765
1999.93788328	0.0245962563204
2000.25204254	0.0245962096612
2000.56620181	0.024595913152
2000.88036107	0.0245954776344
2001.19452034	0.0245951934787
2001.5086796	0.0245950008001
2001.82283887	0.0245946502306
2002.13699813	0.0245942040364
2002.4511574	0.0245937877543
2002.76531666	0.0245934611343
2003.07947593	0.0245932030282
2003.39363519	0.024592961513
2003.70779446	0.0245927137464
2004.02195373	0.0245924197292
2004.33611299	0.0245921714151
2004.65027226	0.0245920336948
2004.96443152	0.0245919569202
2005.27859079	0.0245919295059
2005.59275005	0.0245918837737
2005.90690932	0.024591813744
2006.22106858	0.0245918229216
2006.53522785	0.0245918166593
2006.84938711	0.024591580551
2007.16354638	0.0245914448392
2007.47770564	0.0245913238848
2007.79186491	0.0245909562642
2008.10602417	0.0245904555503
2008.42018344	0.0245902215542
2008.73434271	0.0245899686054
2009.04850197	0.024589564345
2009.36266124	0.024589163202
2009.6768205	0.0245888291922
2009.99097977	0.0245885639262
2010.30513903	0.0245883251834
2010.6192983	0.0245881197365
2010.93345756	0.0245879777882
2011.24761683	0.024587872951
2011.56177609	0.02458777443
2011.87593536	0.0245877433231
2012.19009462	0.0245877574259
2012.50425389	0.0245877364911
2012.81841316	0.0245877193214
2013.13257242	0.0245877803383
2013.44673169	0.0245877516626
2013.76089095	0.024587122792
2014.07505022	0.0245866673449
2014.38920948	0.024586444773
2014.70336875	0.0245860062935
2015.01752801	0.0245855174431
2015.33168728	0.024585071808
2015.64584654	0.0245847412858
2015.96000581	0.024584553089
2016.27416507	0.0245842273366
2016.58832434	0.02458389624
2016.9024836	0.0245838435453
2017.21664287	0.0245839440963
2017.53080214	0.0245840048112
2017.8449614	0.0245840418558
2018.15912067	0.0245840938616
2018.47327993	0.0245841701255
2018.7874392	0.0245841625944
2019.10159846	0.024584054235
2019.41575773	0.0245839820461
2019.72991699	0.0245838538704
2020.04407626	0.0245835617584
2020.35823552	0.024583245808
2020.67239479	0.0245829960499
2020.98655405	0.0245826331774
2021.30071332	0.0245821985224
2021.61487259	0.0245819233254
2021.92903185	0.0245816778635
2022.24319112	0.0245813222272
2022.55735038	0.0245810148741
2022.87150965	0.0245808540805
2023.18566891	0.0245806123451
2023.49982818	0.0245803425202
2023.81398744	0.0245802937198
2024.12814671	0.0245804196859
2024.44230597	0.0245804791513
2024.75646524	0.0245804620064
2025.0706245	0.0245804397791
2025.38478377	0.0245803193916
2025.69894303	0.0245799718779
2026.0131023	0.0245796755894
2026.32726157	0.0245793506613
2026.64142083	0.0245788402881
2026.9555801	0.0245783648562
2027.26973936	0.0245780392928
2027.58389863	0.0245777031558
2027.89805789	0.0245773753015
2028.21221716	0.0245771273666
2028.52637642	0.024576880778
2028.84053569	0.024576631159
2029.15469495	0.0245763458673
2029.46885422	0.0245761989555
2029.78301348	0.0245760957179
2030.09717275	0.024575822937
2030.41133202	0.0245755500725
2030.72549128	0.0245755058538
2031.03965055	0.0245755444024
2031.35380981	0.0245753852772
2031.66796908	0.024575073541
2031.98212834	0.0245747530204
2032.29628761	0.0245745986135
2032.61044687	0.0245743055922
2032.92460614	0.0245738400781
2033.2387654	0.0245735959931
2033.55292467	0.0245734332727
2033.86708393	0.0245730411208
2034.1812432	0.0245726976625
2034.49540246	0.02457258673
2034.80956173	0.0245725403272
2035.123721	0.0245725066375
2035.43788026	0.0245723585293
2035.75203953	0.0245720566306
2036.06619879	0.0245718048255
2036.38035806	0.0245716919548
2036.69451732	0.0245715322838
2037.00867659	0.0245712067538
2037.32283585	0.0245709300584
2037.63699512	0.0245707412917
2037.95115438	0.0245704807145
2038.26531365	0.0245702397259
2038.57947291	0.0245699946971
2038.89363218	0.0245696263853
2039.20779145	0.0245692778698
2039.52195071	0.024569044932
2039.83610998	0.024568850348
2040.15026924	0.0245686594571
2040.46442851	0.024568504773
2040.77858777	0.0245684219945
2041.09274704	0.0245684252535
2041.4069063	0.0245683332701
2041.72106557	0.0245679132716
2042.03522483	0.0245677032931
2042.3493841	0.0245676057418
2042.66354336	0.0245671311499
2042.97770263	0.024566623861
2043.29186189	0.0245664723299
2043.60602116	0.0245664015611
2043.92018043	0.0245658894624
2044.23433969	0.0245653805563
2044.54849896	0.0245652802517
2044.86265822	0.024565229858
2045.17681749	0.0245649918697
2045.49097675	0.0245648103332
2045.80513602	0.0245648233971
2046.11929528	0.0245648261562
2046.43345455	0.0245647882819
2046.74761381	0.0245648855533
2047.06177308	0.0245650374444
2047.37593234	0.0245650832965
2047.69009161	0.0245651497045
2048.00425088	0.0245653778381
2048.31841014	0.0245655661754
2048.63256941	0.0245651756653
2048.94672867	0.024564788482
2049.26088794	0.0245647658133
2049.5750472	0.0245643914282
2049.88920647	0.0245638845011
2050.20336573	0.0245636750734
2050.517525	0.0245634779707
2050.83168426	0.0245630815963
2051.14584353	0.0245627117663
2051.46000279	0.0245625397773
2051.77416206	0.0245624547998
2052.08832133	0.0245623262975
2052.40248059	0.0245622137104
2052.71663986	0.0245621774216
2053.03079912	0.024562209916
2053.34495839	0.0245622426956
2053.65911765	0.024562244174
2053.97327692	0.0245622798734
2054.28743618	0.0245623398182
2054.60159545	0.0245621561862
2054.91575471	0.0245616217845
2055.22991398	0.024561221566
2055.54407324	0.0245608995778
2055.85823251	0.0245605533132
2056.17239177	0.0245601672061
2056.48655104	0.0245598488298
2056.80071031	0.0245595954771
2057.11486957	0.0245593222287
2057.42902884	0.0245591335091
2057.7431881	0.0245590648741
2058.05734737	0.0245588959076
2058.37150663	0.0245587477207
2058.6856659	0.0245588894247
2058.99982516	0.0245591383855
2059.31398443	0.024559247613
2059.62814369	0.0245592941845
2059.94230296	0.0245592947334
2060.25646222	0.0245592145369
2060.57062149	0.0245589878218
2060.88478076	0.0245587575247
2061.19894002	0.0245586393776
2061.51309929	0.0245584077866
2061.82725855	0.0245580328014
2062.14141782	0.0245577731193
2062.45557708	0.0245575936903
2062.76973635	0.0245573952423
2063.08389561	0.0245571569382
2063.39805488	0.024556961892
2063.71221414	0.0245568089892
2064.02637341	0.0245566430513
2064.34053267	0.0245564661611
2064.65469194	0.02455634056
2064.9688512	0.0245562181645
2065.28301047	0.0245559805719
2065.59716974	0.0245558264287
2065.911329	0.024555879698
2066.22548827	0.0245558924837
2066.53964753	0.0245556487517
2066.8538068	0.0245553052472
2067.16796606	0.0245550138181
2067.48212533	0.0245547345447
2067.79628459	0.0245542954169
2068.11044386	0.0245539353481
2068.42460312	0.0245537001885
2068.73876239	0.0245533180214
2069.05292165	0.0245529343939
2069.36708092	0.0245527988956
2069.68124019	0.0245528718413
2069.99539945	0.024552875695
2070.30955872	0.0245526539108
2070.62371798	0.0245522788206
2070.93787725	0.0245519591788
2071.25203651	0.0245518370828
2071.56619578	0.0245516485636
2071.88035504	0.0245512800969
2072.19451431	0.0245509292918
2072.50867357	0.0245507889175
2072.82283284	0.0245506275531
2073.1369921	0.0245504287029
2073.45115137	0.0245502373062
2073.76531063	0.0245499574424
2074.0794699	0.0245496875357
2074.39362917	0.0245494891754
2074.70778843	0.0245493525564
2075.0219477	0.0245492013693
2075.33610696	0.0245490352224
2075.65026623	0.0245489250438
2075.96442549	0.0245489174706
2076.27858476	0.0245489511723
2076.59274402	0.0245488592414
2076.90690329	0.0245486994876
2077.22106255	0.024548561277
2077.53522182	0.024548181786
2077.84938108	0.0245476540131
2078.16354035	0.0245474746216
2078.47769962	0.0245471299175
2078.79185888	0.0245465768192
2079.10601815	0.0245461725753
2079.42017741	0.024545920536
2079.73433668	0.0245456594893
2080.04849594	0.0245453951197
2080.36265521	0.0245451615166
2080.67681447	0.0245449917635
2080.99097374	0.024544904406
2081.305133	0.0245448089116
2081.61929227	0.024544744947
2081.93345153	0.0245447357677
2082.2476108	0.0245447165534
2082.56177006	0.0245447193463
2082.87592933	0.0245447720373
2083.1900886	0.0245448118662
2083.50424786	0.0245443971422
2083.81840713	0.0245438985044
2084.13256639	0.0245437437402
2084.44672566	0.0245433929523
2084.76088492	0.0245429312263
2085.07504419	0.0245426139225
2085.38920345	0.0245423991265
2085.70336272	0.0245421023722
2086.01752198	0.0245417687854
2086.33168125	0.024541617633
2086.64584051	0.0245416066572
2086.95999978	0.0245415752873
2087.27415905	0.0245415184131
2087.58831831	0.0245415262504
2087.90247758	0.0245415691255
2088.21663684	0.0245415571806
2088.53079611	0.0245415888858
2088.84495537	0.0245416902727
2089.15911464	0.024541724466
2089.4732739	0.0245416525282
2089.78743317	0.0245416109452
2090.10159243	0.0245414096177
2090.4157517	0.0245408452421
2090.72991096	0.0245404660358
2091.04407023	0.0245401615751
2091.35822949	0.0245398037625
2091.67238876	0.0245394267663
2091.98654803	0.024539004437
2092.30070729	0.0245387342497
2092.61486656	0.0245385654824
2092.92902582	0.0245382258134
2093.24318509	0.0245379531095
2093.55734435	0.0245380217231
2093.87150362	0.02453819844
2094.18566288	0.0245382377848
2094.49982215	0.0245382585098
2094.81398141	0.0245383059746
2095.12814068	0.0245381417939
2095.44229994	0.0245378492327
2095.75645921	0.0245375747793
2096.07061848	0.0245370756609
2096.38477774	0.0245365434391
2096.69893701	0.024536199518
2097.01309627	0.0245359047425
2097.32725554	0.0245355106596
2097.6414148	0.0245352059549
2097.95557407	0.0245350379511
2098.26973333	0.0245348547785
2098.5838926	0.0245346385933
2098.89805186	0.0245344077116
2099.21221113	0.0245343269057
2099.52637039	0.0245342206216
2099.84052966	0.0245339600627
2100.15468892	0.0245337639577
2100.46884819	0.024533835698
2100.78300746	0.0245338624589
2101.09716672	0.0245336424692
2101.41132599	0.0245333554116
2101.72548525	0.0245331359628
2102.03964452	0.024532980223
2102.35380378	0.0245326694614
2102.66796305	0.0245322882717
2102.98212231	0.0245320823396
2103.29628158	0.0245318532026
2103.61044084	0.0245314175455
2103.92460011	0.0245310595235
2104.23875937	0.0245309455909
2104.55291864	0.0245309104114
2104.86707791	0.0245307962407
2105.18123717	0.0245306011583
2105.49539644	0.024530276568
2105.8095557	0.0245299671482
2106.12371497	0.0245299936639
2106.43787423	0.0245297799872
2106.7520335	0.0245293087532
2107.06619276	0.0245291105101
2107.38035203	0.0245291505621
2107.69451129	0.0245288280382
2108.00867056	0.0245284257368
2108.32282982	0.0245282009537
2108.63698909	0.0245278328192
2108.95114835	0.0245274065608
2109.26530762	0.0245271114235
2109.57946689	0.024526877514
2109.89362615	0.0245266489256
2110.20778542	0.0245264756865
2110.52194468	0.0245263743918
2110.83610395	0.0245264031715
2111.15026321	0.0245263731546
2111.46442248	0.024526029879
2111.77858174	0.0245257370543
2112.09274101	0.0245255901813
2112.40690027	0.0245252224066
2112.72105954	0.0245246647996
2113.0352188	0.024524427138
2113.34937807	0.0245243433089
2113.66353734	0.0245239462135
2113.9776966	0.0245234593952
2114.29185587	0.024523235544
2114.60601513	0.0245231922194
2114.9201744	0.0245230617045
2115.23433366	0.0245228282399
2115.54849293	0.0245227048842
2115.86265219	0.0245226787983
2116.17681146	0.0245226722676
2116.49097072	0.0245226772888
2116.80512999	0.0245226844692
2117.11928925	0.0245227869023
2117.43344852	0.0245230231155
2117.74760779	0.0245232611698
2118.06176705	0.0245232759148
2118.37592632	0.0245228086225
2118.69008558	0.0245226066677
2119.00424485	0.0245224914117
2119.31840411	0.0245220278672
2119.63256338	0.024521576508
2119.94672264	0.0245213773057
2120.26088191	0.0245212274838
2120.57504117	0.0245208286087
2120.88920044	0.0245203873308
2121.2033597	0.0245202298002
2121.51751897	0.02452022884
2121.83167823	0.0245201396579
2122.1458375	0.0245200260369
2122.45999677	0.0245200085351
2122.77415603	0.0245200289793
2123.0883153	0.0245199722513
2123.40247456	0.0245198517122
2123.71663383	0.0245198376458
2124.03079309	0.024519859526
2124.34495236	0.0245196559299
2124.65911162	0.024519299114
2124.97327089	0.0245190998884
2125.28743015	0.0245188135802
2125.60158942	0.0245183749805
2125.91574868	0.0245180190895
2126.22990795	0.0245177468645
2126.54406722	0.0245174599912
2126.85822648	0.0245171361374
2127.17238575	0.0245169324876
2127.48654501	0.024516816993
2127.80070428	0.0245166069711
2128.11486354	0.0245164518289
2128.42902281	0.0245165569112
2128.74318207	0.024516770549
2129.05734134	0.0245168954526
2129.3715006	0.0245169920211
2129.68565987	0.0245171521425
2129.99981913	0.0245171671145
2130.3139784	0.0245170495927
2130.62813766	0.0245169540728
2130.94229693	0.0245167968045
2131.2564562	0.0245164212249
2131.57061546	0.0245160365233
2131.88477473	0.0245158059602
2132.19893399	0.0245155664412
2132.51309326	0.0245152463034
2132.82725252	0.0245149415483
2133.14141179	0.024514759253
2133.45557105	0.0245146238168
2133.76973032	0.0245143720764
2134.08388958	0.0245141623417
2134.39804885	0.0245141473645
2134.71220811	0.0245139840692
2135.02636738	0.0245136918297
2135.34052665	0.0245136971573
2135.65468591	0.0245138919891
2135.96884518	0.0245139040701
2136.28300444	0.0245136380408
2136.59716371	0.024513362865
2136.91132297	0.0245130827721
2137.22548224	0.0245126574541
2137.5396415	0.0245123195074
2137.85380077	0.0245119797648
2138.16796003	0.0245116340793
2138.4821193	0.0245113491297
2138.79627856	0.0245110596578
2139.11043783	0.0245109265243
2139.42459709	0.024510984133
2139.73875636	0.0245110283673
2140.05291563	0.0245109499356
2140.36707489	0.0245106693859
2140.68123416	0.02451031024
2140.99539342	0.0245103121638
2141.30955269	0.0245100797666
2141.62371195	0.0245096741103
2141.93787122	0.0245094861527
2142.25203048	0.0245094623061
2142.56618975	0.0245093013593
2142.88034901	0.0245090925838
2143.19450828	0.0245089282792
2143.50866754	0.0245086768048
2143.82282681	0.0245084071722
2144.13698608	0.0245082083475
2144.45114534	0.0245080240441
2144.76530461	0.0245078255499
2145.07946387	0.0245076870001
2145.39362314	0.0245075799739
2145.7077824	0.0245075118466
2146.02194167	0.0245075169176
2146.33610093	0.0245075326676
2146.6502602	0.0245075325271
2146.96441946	0.0245073062394
2147.27857873	0.0245068504543
2147.59273799	0.0245064857946
2147.90689726	0.0245063265052
2148.22105652	0.024505865285
2148.53521579	0.0245052698239
2148.84937506	0.0245049670826
2149.16353432	0.024504757668
2149.47769359	0.0245044138441
2149.79185285	0.0245040991484
2150.10601212	0.0245039114278
2150.42017138	0.024503784951
2150.73433065	0.024503666529
2151.04848991	0.0245036383372
2151.36264918	0.0245036894556
2151.67680844	0.0245037065849
2151.99096771	0.0245037400511
2152.30512697	0.0245038758436
2152.61928624	0.0245039932498
2152.93344551	0.0245039588
2153.24760477	0.0245034218322
2153.56176404	0.0245031380662
2153.8759233	0.0245030232579
2154.19008257	0.0245026386981
2154.50424183	0.0245022749549
2154.8184011	0.0245020666872
2155.13256036	0.024501854334
2155.44671963	0.0245015715645
2155.76087889	0.0245013151495
2156.07503816	0.0245012341087
2156.38919742	0.0245012745013
2156.70335669	0.0245012921455
2157.01751595	0.0245012892337
2157.33167522	0.0245013394682
2157.64583449	0.0245014067647
2157.95999375	0.0245014228081
2158.27415302	0.0245014217178
2158.58831228	0.0245014564491
2158.90247155	0.0245014688428
2159.21663081	0.0245013769151
2159.53079008	0.0245011039232
2159.84494934	0.0245008414512
2160.15910861	0.0245004226087
2160.47326787	0.0244999256099
2160.78742714	0.0244996489874
2161.1015864	0.0244993755207
2161.41574567	0.0244989458142
2161.72990494	0.0244985411033
2162.0440642	0.0244983173334
2162.35822347	0.0244980936496
2162.67238273	0.0244977377714
2162.986542	0.0244975291479
2163.30070126	0.0244975766772
2163.61486053	0.0244976401115
2163.92901979	0.0244976254268
2164.24317906	0.0244976102568
2164.55733832	0.0244976055941
2164.87149759	0.0244974553136
2165.18565685	0.0244971076815
2165.49981612	0.0244969050927
2165.81397538	0.0244965699599
2166.12813465	0.024495976269
2166.44229392	0.0244955723709
2166.75645318	0.0244953648928
2167.07061245	0.0244950354683
2167.38477171	0.0244947122348
2167.69893098	0.0244945241204
2168.01309024	0.0244942471773
2168.32724951	0.024493953631
2168.64140877	0.0244938384816
2168.95556804	0.024493705465
2169.2697273	0.0244935182001
2169.58388657	0.0244933397594
2169.89804583	0.0244932337805
2170.2122051	0.0244933002527
2170.52636437	0.0244933584922
2170.84052363	0.0244933103527
2171.1546829	0.0244930900877
2171.46884216	0.0244928533436
2171.78300143	0.0244927068425
2172.09716069	0.0244923978697
2172.41131996	0.024492094632
2172.72547922	0.0244919014372
2173.03963849	0.0244915362616
2173.35379775	0.0244910814363
2173.66795702	0.0244908284882
2173.98211628	0.0244907071213
2174.29627555	0.0244905422564
2174.61043482	0.0244903369794
2174.92459408	0.024490143932
2175.23875335	0.0244899317948
2175.55291261	0.0244896262962
2175.86707188	0.0244894995179
2176.18123114	0.0244893511944
2176.49539041	0.024488999693
2176.80954967	0.0244887667582
2177.12370894	0.0244887412557
2177.4378682	0.0244884951408
2177.75202747	0.0244880665102
2178.06618673	0.0244878150685
2178.380346	0.0244874863306
2178.69450526	0.0244870442673
2179.00866453	0.0244866993868
2179.3228238	0.0244865138409
2179.63698306	0.0244863607375
2179.95114233	0.0244862069771
2180.26530159	0.024486131944
2180.57946086	0.0244862064418
2180.89362012	0.0244862523727
2181.20777939	0.0244860242378
2181.52193865	0.0244856881028
2181.83609792	0.0244854542505
2182.15025718	0.0244851954241
2182.46441645	0.024484722519
2182.77857571	0.0244843568603
2183.09273498	0.0244842608882
2183.40689425	0.0244839575851
2183.72105351	0.0244834673462
2184.03521278	0.0244832170484
2184.34937204	0.0244831646825
2184.66353131	0.0244829872943
2184.97769057	0.0244828582648
2185.29184984	0.0244828327824
2185.6060091	0.0244826888475
2185.92016837	0.0244825290509
2186.23432763	0.0244825475087
2186.5484869	0.024482609009
2186.86264616	0.0244825561134
2187.17680543	0.0244825197216
2187.49096469	0.0244827086723
2187.80512396	0.0244828595819
2188.11928323	0.0244825936276
2188.43344249	0.0244821423835
2188.74760176	0.0244819846904
2189.06176102	0.0244816302361
2189.37592029	0.0244810914961
2189.69007955	0.0244807787524
2190.00423882	0.0244805954261
2190.31839808	0.0244801899289
2190.63255735	0.0244797366914
2190.94671661	0.02447953434
2191.26087588	0.024479494541
2191.57503514	0.0244794028299
2191.88919441	0.0244792975875
2192.20335368	0.0244792779104
2192.51751294	0.0244793476669
2192.83167221	0.0244794021185
2193.14583147	0.0244793308737
2193.45999074	0.0244792384443
2193.77415	0.0244792373434
2194.08830927	0.0244790978019
2194.40246853	0.0244786167719
2194.7166278	0.0244783478603
2195.03078706	0.0244783099119
2195.34494633	0.0244780422255
2195.65910559	0.0244774372929
2195.97326486	0.0244770808676
2196.28742412	0.0244769887899
2196.60158339	0.0244766654075
2196.91574266	0.0244763432142
2197.22990192	0.0244762000978
2197.54406119	0.0244760029784
2197.85822045	0.0244758416708
2198.17237972	0.0244759138347
2198.48653898	0.0244760638553
2198.80069825	0.0244761602819
2199.11485751	0.0244762617532
2199.42901678	0.0244764229346
2199.74317604	0.024476500939
2200.05733531	0.0244763694794
2200.37149457	0.0244763246368
2200.68565384	0.024476192356
2200.99981311	0.0244756830921
2201.31397237	0.0244752028151
2201.62813164	0.0244750135935
2201.9422909	0.0244747655732
2202.25645017	0.0244744069263
2202.57060943	0.0244740749642
2202.8847687	0.0244737565595
2203.19892796	0.0244735217614
2203.51308723	0.0244732926857
2203.82724649	0.0244730562407
2204.14140576	0.0244729548107
2204.45556502	0.0244728084767
2204.76972429	0.0244726232351
2205.08388355	0.024472650775
2205.39804282	0.0244727857593
2205.71220209	0.0244727987771
2206.02636135	0.0244725686576
2206.34052062	0.0244722452111
2206.65467988	0.0244719592205
2206.96883915	0.0244716307677
2207.28299841	0.0244712997092
2207.59715768	0.024470948008
2207.91131694	0.0244707534761
2208.22547621	0.0244706160567
2208.53963547	0.0244703560804
2208.85379474	0.0244701247894
2209.167954	0.0244701566719
2209.48211327	0.0244702836408
2209.79627254	0.0244702558157
2210.1104318	0.0244700350639
2210.42459107	0.0244697031362
2210.73875033	0.0244698145593
2211.0529096	0.0244697014766
2211.36706886	0.0244692889938
2211.68122813	0.0244692232608
2211.99538739	0.0244693926845
2212.30954666	0.0244693288694
2212.62370592	0.0244690996045
2212.93786519	0.0244690463471
2213.25202445	0.0244688911062
2213.56618372	0.0244685708463
2213.88034298	0.0244683361825
2214.19450225	0.0244681897969
2214.50866152	0.0244680271629
2214.82282078	0.0244678701451
2215.13698005	0.0244677104818
2215.45113931	0.0244676268054
2215.76529858	0.0244676898778
2216.07945784	0.0244677397868
2216.39361711	0.0244676918717
2216.70777637	0.0244674842118
2217.02193564	0.024467074178
2217.3360949	0.0244666670402
2217.65025417	0.0244665444788
2217.96441343	0.0244660960909
2218.2785727	0.0244655188497
2218.59273197	0.0244651845313
2218.90689123	0.0244649458289
2219.2210505	0.0244646586647
2219.53520976	0.0244643847948
2219.84936903	0.0244641762091
2220.16352829	0.0244640340331
2220.47768756	0.0244639362863
2220.79184682	0.0244638779245
2221.10600609	0.0244638994693
2221.42016535	0.0244639393175
2221.73432462	0.0244639347281
2222.04848388	0.0244640210163
2222.36264315	0.0244641387257
2222.67680241	0.0244639622041
2222.99096168	0.0244635747484
2223.30512095	0.024463304432
2223.61928021	0.0244631539371
2223.93343948	0.0244628295878
2224.24759874	0.0244624571943
2224.56175801	0.024462307347
2224.87591727	0.024462203862
2225.19007654	0.0244618581119
2225.5042358	0.0244615298079
2225.81839507	0.0244614623143
2226.13255433	0.0244615041481
2226.4467136	0.0244614435409
2226.76087286	0.0244613449234
2227.07503213	0.0244613159688
2227.3891914	0.0244613304135
2227.70335066	0.0244613238452
2228.01750993	0.0244612942601
2228.33166919	0.0244613148712
2228.64582846	0.0244613587949
2228.95998772	0.0244612552664
2229.27414699	0.0244610863625
2229.58830625	0.0244607898256
2229.90246552	0.0244602950182
2230.21662478	0.0244599515971
2230.53078405	0.0244596767212
2230.84494331	0.0244592835785
2231.15910258	0.0244588610313
2231.47326184	0.0244585400004
2231.78742111	0.0244583088063
2232.10158038	0.0244580413653
2232.41573964	0.0244577550973
2232.72989891	0.024457639467
2233.04405817	0.0244577114643
2233.35821744	0.0244577701675
2233.6723767	0.0244577893912
2233.98653597	0.0244578425934
2234.30069523	0.0244579233252
2234.6148545	0.024457892766
2234.92901376	0.0244576340794
2235.24317303	0.0244574714375
2235.55733229	0.0244571826892
2235.87149156	0.024456603096
2236.18565083	0.0244562012179
2236.49981009	0.0244560278068
2236.81396936	0.0244557685715
2237.12812862	0.0244555035952
2237.44228789	0.0244552805005
2237.75644715	0.0244550392675
2238.07060642	0.0244548663172
2238.38476568	0.0244548191037
2238.69892495	0.0244546585271
2239.01308421	0.0244544239096
2239.32724348	0.0244543070687
2239.64140274	0.0244542842305
2239.95556201	0.0244542804595
2240.26972128	0.0244543345791
2240.58388054	0.0244543710376
2240.89803981	0.0244542518816
2241.21219907	0.0244541430718
2241.52635834	0.0244540415094
2241.8405176	0.0244536932263
2242.15467687	0.0244534141919
2242.46883613	0.024453163799
2242.7829954	0.0244526707325
2243.09715466	0.0244522067633
2243.41131393	0.0244519640107
2243.72547319	0.0244517896751
2244.03963246	0.0244516314473
2244.35379172	0.0244514457017
2244.66795099	0.0244512762196
2244.98211026	0.0244510683745
2245.29626952	0.0244508117769
2245.61042879	0.0244507774566
2245.92458805	0.0244506040077
2246.23874732	0.024450195548
2246.55290658	0.0244500749184
2246.86706585	0.0244500909603
2247.18122511	0.0244497634216
2247.49538438	0.0244493440525
2247.80954364	0.0244491304589
2248.12370291	0.0244487832448
2248.43786217	0.0244483569636
2248.75202144	0.0244480827868
2249.06618071	0.0244479628882
2249.38033997	0.0244478189562
2249.69449924	0.0244476713522
2250.0086585	0.0244476623215
2250.32281777	0.0244477976112
2250.63697703	0.0244478251851
2250.9511363	0.0244475360766
2251.26529556	0.0244473065377
2251.57945483	0.0244471992115
2251.89361409	0.0244468527139
2252.20777336	0.0244463910342
2252.52193262	0.0244463009142
2252.83609189	0.0244461399061
2253.15025115	0.0244456337471
2253.46441042	0.0244453280595
2253.77856969	0.0244452786519
2254.09272895	0.0244451746621
2254.40688822	0.0244449012887
2254.72104748	0.0244446495972
2255.03520675	0.0244445637994
2255.34936601	0.024444417029
2255.66352528	0.024444191376
2255.97768454	0.0244441137992
2256.29184381	0.0244441143676
2256.60600307	0.0244440612988
2256.92016234	0.024444099669
2257.2343216	0.0244443287938
2257.54848087	0.0244443897917
2257.86264014	0.0244439295062
2258.1767994	0.0244435533828
2258.49095867	0.0244434048605
2258.80511793	0.0244428960218
2259.1192772	0.0244422732137
2259.43343646	0.0244420062824
2259.74759573	0.0244418394718
2260.06175499	0.0244413329227
2260.37591426	0.024440823472
2260.69007352	0.0244406664891
2261.00423279	0.0244406377696
2261.31839205	0.0244404912956
2261.63255132	0.0244403463066
2261.94671058	0.0244403230634
2262.26086985	0.0244403886509
2262.57502912	0.0244404305571
2262.88918838	0.0244403781116
2263.20334765	0.0244403241379
2263.51750691	0.0244402591772
2263.83166618	0.0244400083747
2264.14582544	0.0244396334185
2264.45998471	0.0244391932553
2264.77414397	0.0244390022715
2265.08830324	0.0244388304043
2265.4024625	0.0244382651019
2265.71662177	0.0244378492301
2266.03078103	0.0244377548031
2266.3449403	0.0244374949219
2266.65909957	0.0244371903797
2266.97325883	0.024436990715
2267.2874181	0.0244368201955
2267.60157736	0.0244367859979
2267.91573663	0.0244368918674
2268.22989589	0.0244369789811
2268.54405516	0.0244370334876
2268.85821442	0.0244371384342
2269.17237369	0.024437260526
2269.48653295	0.0244372935318
2269.80069222	0.0244372325289
2270.11485148	0.0244372549961
2270.42901075	0.0244370966553
2270.74317001	0.0244364978697
2271.05732928	0.0244361189993
2271.37148855	0.0244360861567
2271.68564781	0.0244358259285
2271.99980708	0.0244354156469
2272.31396634	0.0244351159698
2272.62812561	0.0244348385896
2272.94228487	0.0244345727844
2273.25644414	0.0244343692158
2273.5706034	0.0244342300034
2273.88476267	0.0244340048102
2274.19892193	0.0244337967011
2274.5130812	0.0244338542745
2274.82724046	0.024434008718
2275.14139973	0.0244339478452
2275.455559	0.0244338400433
2275.76971826	0.0244337099132
2276.08387753	0.0244334279683
2276.39803679	0.0244331339376
2276.71219606	0.0244330415919
2277.02635532	0.0244327882668
2277.34051459	0.0244323517316
2277.65467385	0.0244321551871
2277.96883312	0.0244320395851
2278.28299238	0.0244316924358
2278.59715165	0.0244313570694
2278.91131091	0.0244313561662
2279.22547018	0.024431346253
2279.53962944	0.0244311188572
2279.85378871	0.0244308957309
2280.16794798	0.0244307940531
2280.48210724	0.0244308363181
2280.79626651	0.0244306860166
2281.11042577	0.024430458809
2281.42458504	0.0244305858473
2281.7387443	0.024430837389
2282.05290357	0.0244308366071
2282.36706283	0.0244305072215
2282.6812221	0.0244303099194
2282.99538136	0.0244301161708
2283.30954063	0.0244297609477
2283.62369989	0.0244294449551
2283.93785916	0.0244292087366
2284.25201843	0.0244289947645
2284.56617769	0.0244287688512
2284.88033696	0.0244285652704
2285.19449622	0.0244284884623
2285.50865549	0.0244284127211
2285.82281475	0.0244282766128
2286.13697402	0.0244282039106
2286.45113328	0.0244280218428
2286.76529255	0.0244276083142
2287.07945181	0.024427425014
2287.39361108	0.0244273521978
2287.70777034	0.0244268162694
2288.02192961	0.0244262910529
2288.33608887	0.0244260705119
2288.65024814	0.0244259716922
2288.96440741	0.0244257454445
2289.27856667	0.0244254128264
2289.59272594	0.0244252115476
2289.9068852	0.0244251215922
2290.22104447	0.0244249955286
2290.53520373	0.0244249430412
2290.849363	0.0244250178844
2291.16352226	0.0244250778176
2291.47768153	0.0244250744375
2291.79184079	0.0244253137592
2292.10600006	0.0244255675285
2292.42015932	0.0244253406359
2292.73431859	0.0244250704788
2293.04847786	0.0244249115733
2293.36263712	0.0244246022689
2293.67679639	0.0244242661518
2293.99095565	0.0244242533716
2294.30511492	0.0244241352937
2294.61927418	0.0244236577627
2294.93343345	0.0244232812751
2295.24759271	0.0244232249349
2295.56175198	0.0244232070155
2295.87591124	0.0244230132654
2296.19007051	0.0244228540851
2296.50422977	0.0244228093292
2296.81838904	0.0244227761072
2297.13254831	0.0244227543173
2297.44670757	0.0244227976999
2297.76086684	0.0244228675186
2298.0750261	0.0244228935068
2298.38918537	0.0244229459337
2298.70334463	0.0244228918691
2299.0175039	0.024422544737
2299.33166316	0.024422103655
2299.64582243	0.0244217213817
2299.95998169	0.0244213351713
2300.27414096	0.0244209770238
2300.58830022	0.0244205698992
2300.90245949	0.0244201849978
2301.21661875	0.0244199839561
2301.53077802	0.0244197104762
2301.84493729	0.0244193104236
2302.15909655	0.0244191560562
2302.47325582	0.0244192475706
2302.78741508	0.0244193103052
2303.10157435	0.0244193228301
2303.41573361	0.0244194039436
2303.72989288	0.0244194723765
2304.04405214	0.0244194670991
2304.35821141	0.0244194810886
2304.67237067	0.0244193853284
2304.98652994	0.0244193829456
2305.3006892	0.0244192463513
2305.61484847	0.0244188104983
2305.92900774	0.0244185017879
2306.243167	0.024418396225
2306.55732627	0.0244182341818
2306.87148553	0.024417901548
2307.1856448	0.0244175406755
2307.49980406	0.0244173182706
2307.81396333	0.0244172252461
2308.12812259	0.0244171252432
2308.44228186	0.0244169303265
2308.75644112	0.0244167628796
2309.07060039	0.0244168117764
2309.38475965	0.0244169553389
2309.69891892	0.0244170252343
2310.01307818	0.0244171386479
2310.32723745	0.0244172082231
2310.64139672	0.0244171133914
2310.95555598	0.0244169179102
2311.26971525	0.0244166881291
2311.58387451	0.0244163010271
2311.89803378	0.0244159925242
2312.21219304	0.0244158167699
2312.52635231	0.0244154638839
2312.84051157	0.0244149872567
2313.15467084	0.0244146995267
2313.4688301	0.0244145816837
2313.78298937	0.0244143720915
2314.09714863	0.0244140428632
2314.4113079	0.0244136978161
2314.72546717	0.0244134481116
2315.03962643	0.024413285071
2315.3537857	0.0244130282177
2315.66794496	0.024412722644
2315.98210423	0.0244125668101
2316.29626349	0.024412618303
2316.61042276	0.0244125697752
2316.92458202	0.0244122839307
2317.23874129	0.0244118921474
2317.55290055	0.0244117037719
2317.86705982	0.0244114727152
2318.18121908	0.0244110549244
2318.49537835	0.0244107414286
2318.80953761	0.0244106102275
2319.12369688	0.0244104802733
2319.43785615	0.0244103194759
2319.75201541	0.024410221843
2320.06617468	0.0244101001397
2320.38033394	0.0244099146151
2320.69449321	0.0244098445209
2321.00865247	0.0244098137529
2321.32281174	0.024409670993
2321.636971	0.0244093459113
2321.95113027	0.0244092969319
2322.26528953	0.0244093094381
2322.5794488	0.024408777098
2322.89360806	0.0244084267943
2323.20776733	0.024408432436
2323.5219266	0.0244083544499
2323.83608586	0.0244081164457
2324.15024513	0.0244077555052
2324.46440439	0.0244074939346
2324.77856366	0.0244073993748
2325.09272292	0.0244071841631
2325.40688219	0.0244069302555
2325.72104145	0.0244068378589
2326.03520072	0.0244068041578
2326.34935998	0.0244067839964
2326.66351925	0.0244068930675
2326.97767851	0.0244070203556
2327.29183778	0.0244068568813
2327.60599704	0.0244064495667
2327.92015631	0.0244062113255
2328.23431558	0.0244058730155
2328.54847484	0.0244054449891
2328.86263411	0.0244050881377
2329.17679337	0.0244047165962
2329.49095264	0.024404339186
2329.8051119	0.0244040022409
2330.11927117	0.0244037502096
2330.43343043	0.0244035649499
2330.7475897	0.0244034215516
2331.06174896	0.0244033299411
2331.37590823	0.0244032707352
2331.69006749	0.0244032438971
2332.00422676	0.0244032802843
2332.31838603	0.0244033007619
2332.63254529	0.0244032578371
2332.94670456	0.0244031806729
2333.26086382	0.0244030834462
2333.57502309	0.0244028015743
2333.88918235	0.0244024334728
2334.20334162	0.0244022799391
2334.51750088	0.0244019894139
2334.83166015	0.0244016241737
2335.14581941	0.0244013103113
2335.45997868	0.024400968273
2335.77413794	0.0244007751264
2336.08829721	0.0244005843848
2336.40245647	0.0244002313138
2336.71661574	0.0243999827859
2337.03077501	0.0243999195398
2337.34493427	0.0243998922849
2337.65909354	0.024399864012
2337.9732528	0.0243998592359
2338.28741207	0.0243999037236
2338.60157133	0.0243999737326
2338.9157306	0.0243999946058
2339.22988986	0.0244000056462
2339.54404913	0.02440006773
2339.85820839	0.0244000542814
2340.17236766	0.0243996476429
2340.48652692	0.0243990167838
2340.80068619	0.0243987469044
2341.11484546	0.0243985415015
2341.42900472	0.0243981641152
2341.74316399	0.0243976680247
2342.05732325	0.0243972576003
2342.37148252	0.0243970294283
2342.68564178	0.0243968525074
2342.99980105	0.0243965972868
2343.31396031	0.0243963155804
2343.62811958	0.0243961800912
2343.94227884	0.0243962739763
2344.25643811	0.0243964469405
2344.57059737	0.0243965088155
2344.88475664	0.0243965038965
2345.1989159	0.0243964725033
2345.51307517	0.0243964108378
2345.82723444	0.0243961405916
2346.1413937	0.0243957641776
2346.45555297	0.0243956368332
2346.76971223	0.0243955109745
2347.0838715	0.0243950561623
2347.39803076	0.0243947432379
2347.71219003	0.0243946005089
2348.02634929	0.0243943513134
2348.34050856	0.0243940731403
2348.65466782	0.0243939539716
2348.96882709	0.0243938317915
2349.28298635	0.0243936070999
2349.59714562	0.0243934909812
2349.91130489	0.0243934428648
2350.22546415	0.0243932401417
2350.53962342	0.0243931271942
2350.85378268	0.0243933018585
2351.16794195	0.0243934817183
2351.48210121	0.0243935100851
2351.79626048	0.0243934380943
2352.11041974	0.0243932020095
2352.42457901	0.0243930111912
2352.73873827	0.0243927848558
2353.05289754	0.0243923761605
2353.3670568	0.0243920184438
2353.68121607	0.0243918044116
2353.99537533	0.0243915861236
2354.3095346	0.0243913542699
2354.62369387	0.0243912236001
2354.93785313	0.0243910721894
2355.2520124	0.0243908267457
2355.56617166	0.0243906590939
2355.88033093	0.0243905226544
2356.19449019	0.0243902216546
2356.50864946	0.0243899372192
2356.82280872	0.0243898350417
2357.13696799	0.0243895419412
2357.45112725	0.0243891399623
2357.76528652	0.024388966022
2358.07944578	0.0243888613016
2358.39360505	0.0243886816355
2358.70776432	0.0243884286515
2359.02192358	0.0243882090028
2359.33608285	0.0243880204957
2359.65024211	0.0243877875423
2359.96440138	0.0243876469713
2360.27856064	0.0243875952099
2360.59271991	0.0243874993514
2360.90687917	0.0243873773033
2361.22103844	0.0243874815089
2361.5351977	0.0243878339016
2361.84935697	0.0243879504175
2362.16351623	0.0243876597723
2362.4776755	0.0243875633524
2362.79183477	0.0243874017239
2363.10599403	0.0243869933264
2363.4201533	0.0243869731327
2363.73431256	0.024386860071
2364.04847183	0.0243863633576
2364.36263109	0.0243860383347
2364.67679036	0.0243859523295
2364.99094962	0.0243858264249
2365.30510889	0.024385618886
2365.61926815	0.0243854392659
2365.93342742	0.0243853417621
2366.24758668	0.0243852335134
2366.56174595	0.0243851251117
2366.87590521	0.0243851175785
2367.19006448	0.0243851716123
2367.50422375	0.0243852042629
2367.81838301	0.0243852299259
2368.13254228	0.0243853524005
2368.44670154	0.0243853742649
2368.76086081	0.0243850311999
2369.07502007	0.0243845465848
2369.38917934	0.0243842215301
2369.7033386	0.0243838950394
2370.01749787	0.0243835395774
2370.33165713	0.0243832171124
2370.6458164	0.0243828566766
2370.95997566	0.0243825339996
2371.27413493	0.0243823031786
2371.5882942	0.0243821667038
2371.90245346	0.0243821580175
2372.21661273	0.0243822010577
2372.53077199	0.0243822583358
2372.84493126	0.0243823431494
2373.15909052	0.024382510787
2373.47324979	0.0243826880318
2373.78740905	0.0243827364795
2374.10156832	0.0243827662125
2374.41572758	0.0243828502827
2374.72988685	0.0243828201239
2375.04404611	0.0243825719422
2375.35820538	0.0243822485022
2375.67236464	0.0243820628582
2375.98652391	0.0243819374012
2376.30068318	0.0243817600358
2376.61484244	0.0243813990495
2376.92900171	0.0243810695142
2377.24316097	0.0243809492912
2377.55732024	0.0243809220776
2377.8714795	0.0243806977933
2378.18563877	0.0243804315052
2378.49979803	0.0243804220492
2378.8139573	0.0243805684577
2379.12811656	0.024380613921
2379.44227583	0.0243805672998
2379.75643509	0.0243806474074
2380.07059436	0.0243807790697
2380.38475363	0.0243808084652
2380.69891289	0.0243807148657
2381.01307216	0.0243805135121
2381.32723142	0.0243801883415
2381.64139069	0.0243798240087
2381.95554995	0.0243794514322
2382.26970922	0.024378975767
2382.58386848	0.0243786060697
2382.89802775	0.0243783899496
2383.21218701	0.0243781137854
2383.52634628	0.0243777845698
2383.84050554	0.0243774954014
2384.15466481	0.0243772714037
2384.46882407	0.0243771444764
2384.78298334	0.02437692392
2385.09714261	0.0243766523151
2385.41130187	0.0243766350525
2385.72546114	0.0243767878028
2386.0396204	0.0243768259847
2386.35377967	0.0243766871365
2386.66793893	0.0243764014638
2386.9820982	0.0243760999246
2387.29625746	0.0243758935422
2387.61041673	0.0243755816441
2387.92457599	0.0243751643696
2388.23873526	0.024374899025
2388.55289452	0.0243747932377
2388.86705379	0.0243746591386
2389.18121306	0.0243745459215
2389.49537232	0.0243745511756
2389.80953159	0.0243744725999
2390.12369085	0.0243742725712
2390.43785012	0.02437416189
2390.75200938	0.0243740939537
2391.06616865	0.0243738568951
2391.38032791	0.0243736456169
2391.69448718	0.0243735371819
2392.00864644	0.024373315773
2392.32280571	0.02437309658
2392.63696497	0.0243730111034
2392.95112424	0.024372874988
2393.2652835	0.0243726364615
2393.57944277	0.0243724549422
2393.89360204	0.0243721545147
2394.2077613	0.0243717999718
2394.52192057	0.0243716052978
2394.83607983	0.0243713804947
2395.1502391	0.0243710999365
2395.46439836	0.0243709327457
2395.77855763	0.0243708671439
2396.09271689	0.024370920736
2396.40687616	0.0243710257622
2396.72103542	0.0243710029097
2397.03519469	0.0243707161562
2397.34935395	0.0243703973707
2397.66351322	0.0243701367321
2397.97767249	0.0243698626959
2398.29183175	0.0243695287265
2398.60599102	0.0243691155827
2398.92015028	0.0243687315737
2399.23430955	0.0243685079988
2399.54846881	0.0243683402138
2399.86262808	0.0243681109101
2400.17678734	0.0243678875796
2400.49094661	0.0243677654995
2400.80510587	0.0243676984197
2401.11926514	0.0243675966351
2401.4334244	0.0243674986689
2401.74758367	0.0243674830944
2402.06174293	0.0243675210986
2402.3759022	0.0243675362883
2402.69006147	0.0243675341222
2403.00422073	0.0243674741747
2403.31838	0.0243672800199
2403.63253926	0.0243671121731
2403.94669853	0.0243669282892
2404.26085779	0.0243665312074
2404.57501706	0.0243661891293
2404.88917632	0.0243660017129
2405.20333559	0.0243656396951
2405.51749485	0.0243653448932
2405.83165412	0.0243651528684
2406.14581338	0.0243648818464
2406.45997265	0.0243646775526
2406.77413192	0.0243646235426
2407.08829118	0.0243646157696
2407.40245045	0.0243645810447
2407.71660971	0.0243645592793
2408.03076898	0.0243646109228
2408.34492824	0.0243646735163
2408.65908751	0.0243646761553
2408.97324677	0.0243646801275
2409.28740604	0.0243647802598
2409.6015653	0.0243647220598
2409.91572457	0.024364173972
2410.22988383	0.0243636682793
2410.5440431	0.0243634085695
2410.85820236	0.0243630890401
2411.17236163	0.0243626869045
2411.4865209	0.0243622466704
2411.80068016	0.0243618341954
2412.11483943	0.0243616336174
2412.42899869	0.0243614769714
2412.74315796	0.0243611457101
2413.05731722	0.0243608997644
2413.37147649	0.0243609237563
2413.68563575	0.0243610694552
2413.99979502	0.0243611580997
2414.31395428	0.0243611586963
2414.62811355	0.0243611521214
2414.94227281	0.0243611401158
2415.25643208	0.0243610333797
2415.57059135	0.0243607845402
2415.88475061	0.0243604006229
2416.19890988	0.0243601690835
2416.51306914	0.0243600387169
2416.82722841	0.0243596524634
2417.14138767	0.0243592942575
2417.45554694	0.024359042205
2417.7697062	0.0243587420214
2418.08386547	0.0243585927367
2418.39802473	0.0243584380001
2418.712184	0.0243580727296
2419.02634326	0.0243578357223
2419.34050253	0.024357814448
2419.6546618	0.0243576356745
2419.96882106	0.0243573848295
2420.28298033	0.0243573756078
2420.59713959	0.0243575570836
2420.91129886	0.0243576825769
2421.22545812	0.0243577015248
2421.53961739	0.0243575950517
2421.85377665	0.024357343016
2422.16793592	0.0243571482167
2422.48209518	0.0243569196107
2422.79625445	0.0243564802278
2423.11041371	0.0243561050779
2423.42457298	0.0243558999869
2423.73873224	0.0243556841991
2424.05289151	0.0243554316985
2424.36705078	0.0243552910606
2424.68121004	0.0243551596962
2424.99536931	0.0243550027624
2425.30952857	0.0243548848822
2425.62368784	0.0243546394864
2425.9378471	0.0243544606162
2426.25200637	0.0243543488238
2426.56616563	0.0243541152686
2426.8803249	0.0243538572031
2427.19448416	0.0243536635599
2427.50864343	0.0243534456295
2427.82280269	0.0243532994165
2428.13696196	0.0243531617605
2428.45112123	0.0243528747697
2428.76528049	0.0243526668154
2429.07943976	0.0243525950824
2429.39359902	0.0243524274673
2429.70775829	0.0243522503705
2430.02191755	0.024352165716
2430.33607682	0.0243520911543
2430.65023608	0.0243519591519
2430.96439535	0.0243519814177
2431.27855461	0.0243522783207
2431.59271388	0.0243523782716
2431.90687314	0.0243521657383
2432.22103241	0.0243520611741
2432.53519167	0.02435193395
2432.84935094	0.0243516561672
2433.16351021	0.0243516886195
2433.47766947	0.0243514844003
2433.79182874	0.0243509173327
2434.105988	0.0243506687038
2434.42014727	0.0243507046467
2434.73430653	0.0243505269026
2435.0484658	0.0243502435275
2435.36262506	0.0243500605954
2435.67678433	0.0243499288708
2435.99094359	0.0243498135669
2436.30510286	0.0243497375617
2436.61926212	0.0243496669577
2436.93342139	0.0243496458418
2437.24758066	0.0243497678195
2437.56173992	0.0243499290654
2437.87589919	0.0243498345194
2438.19005845	0.0243496035796
2438.50421772	0.0243494983992
2438.81837698	0.0243491418374
2439.13253625	0.0243485558803
2439.44669551	0.024348211208
2439.76085478	0.0243480105771
2440.07501404	0.0243476591891
2440.38917331	0.0243471957402
2440.70333257	0.0243468993024
2441.01749184	0.0243467877229
2441.3316511	0.0243466986558
2441.64581037	0.0243466325666
2441.95996964	0.0243466685489
2442.2741289	0.0243467836717
2442.58828817	0.0243468889133
2442.90244743	0.0243469981085
2443.2166067	0.0243471496769
2443.53076596	0.0243472487744
2443.84492523	0.0243472360327
2444.15908449	0.0243473215023
2444.47324376	0.0243473644926
2444.78740302	0.0243470200773
2445.10156229	0.0243467362609
2445.41572155	0.0243466536458
2445.72988082	0.0243464124735
2446.04404009	0.0243461336071
2446.35819935	0.0243458685423
2446.67235862	0.0243456355119
2446.98651788	0.0243454656282
2447.30067715	0.0243453395647
2447.61483641	0.0243451530478
2447.92899568	0.0243450262821
2448.24315494	0.0243450681867
2448.55731421	0.024345139669
2448.87147347	0.0243451657838
2449.18563274	0.0243452071097
2449.499792	0.0243452791894
2449.81395127	0.0243453277815
2450.12811053	0.0243452910706
2450.4422698	0.0243451979127
2450.75642907	0.0243449835742
2451.07058833	0.0243446023277
2451.3847476	0.0243442805453
2451.69890686	0.024343963225
2452.01306613	0.0243435689857
2452.32722539	0.0243432630385
2452.64138466	0.0243430419482
2452.95554392	0.0243427930854
2453.26970319	0.0243425512808
2453.58386245	0.0243423532614
2453.89802172	0.0243422057518
2454.21218098	0.0243420384084
2454.52634025	0.0243418221685
2454.84049952	0.0243417479566
2455.15465878	0.0243418722512
2455.46881805	0.0243419495934
2455.78297731	0.0243419345273
2456.09713658	0.0243417867302
2456.41129584	0.0243417057413
2456.72545511	0.0243415244817
2457.03961437	0.024341185943
2457.35377364	0.0243410436334
2457.6679329	0.0243409433127
2457.98209217	0.0243406028794
2458.29625143	0.0243403123775
2458.6104107	0.0243401902493
2458.92456996	0.0243400997531
2459.23872923	0.0243399945158
2459.5528885	0.0243397503625
2459.86704776	0.0243395071385
2460.18120703	0.0243394654593
2460.49536629	0.0243393630205
2460.80952556	0.0243391251064
2461.12368482	0.0243389769213
2461.43784409	0.0243388609232
2461.75200335	0.0243386780178
2462.06616262	0.0243385952845
2462.38032188	0.0243386193189
2462.69448115	0.0243384947535
2463.00864041	0.0243381986183
2463.32279968	0.0243380314553
2463.63695895	0.0243376772888
2463.95111821	0.024337262158
2464.26527748	0.0243370696847
2464.57943674	0.0243368081093
2464.89359601	0.0243364263627
2465.20775527	0.024336195944
2465.52191454	0.0243361435266
2465.8360738	0.0243361901928
2466.15023307	0.0243362317128
2466.46439233	0.0243361618043
2466.7785516	0.0243359467777
2467.09271086	0.0243356479179
2467.40687013	0.0243354518289
2467.72102939	0.0243352538815
2468.03518866	0.0243348572668
2468.34934793	0.0243344474447
2468.66350719	0.0243341514846
2468.97766646	0.0243339617732
2469.29182572	0.0243337805942
2469.60598499	0.0243335415565
2469.92014425	0.0243333027783
2470.23430352	0.0243331299465
2470.54846278	0.0243330709388
2470.86262205	0.0243330476722
2471.17678131	0.024332996011
2471.49094058	0.024332962184
2471.80509984	0.0243330048291
2472.11925911	0.024333090964
2472.43341838	0.0243331674924
2472.74757764	0.024333039515
2473.06173691	0.0243327195131
2473.37589617	0.0243326857905
2473.69005544	0.024332559107
2474.0042147	0.0243320639175
2474.31837397	0.0243316682266
2474.63253323	0.0243316447129
2474.9466925	0.0243314459323
2475.26085176	0.0243310166809
2475.57501103	0.024330720636
2475.88917029	0.0243305448725
2476.20332956	0.0243303810244
2476.51748883	0.0243302709368
2476.83164809	0.0243301958579
2477.14580736	0.0243301187541
2477.45996662	0.0243300728924
2477.77412589	0.0243301141386
2478.08828515	0.0243301609787
2478.40244442	0.0243301485687
2478.71660368	0.0243301814543
2479.03076295	0.0243302892456
2479.34492221	0.0243302994851
2479.65908148	0.0243297796128
2479.97324074	0.0243292482239
2480.28740001	0.0243290864087
2480.60155927	0.0243287030071
2480.91571854	0.0243282370887
2481.22987781	0.0243278766974
2481.54403707	0.0243275184613
2481.85819634	0.0243273224544
2482.1723556	0.0243271459897
2482.48651487	0.0243268413584
2482.80067413	0.0243266874704
2483.1148334	0.0243267870796
2483.42899266	0.0243269379433
2483.74315193	0.024327029749
2484.05731119	0.024327103096
2484.37147046	0.0243271117592
2484.68562972	0.024327084558
2484.99978899	0.0243270587147
2485.31394826	0.024326921486
2485.62810752	0.0243266269364
2485.94226679	0.024326283488
2486.25642605	0.0243261750524
2486.57058532	0.0243260566066
2486.88474458	0.0243255841649
2487.19890385	0.0243251354377
2487.51306311	0.0243249625889
2487.82722238	0.0243248216114
2488.14138164	0.0243244728087
2488.45554091	0.0243241188278
2488.76970017	0.0243240096627
2489.08385944	0.0243238869219
2489.3980187	0.0243235850469
2489.71217797	0.0243234443526
2490.02633724	0.0243235846535
2490.3404965	0.0243237360748
2490.65465577	0.0243237889342
2490.96881503	0.0243237929226
2491.2829743	0.0243236540202
2491.59713356	0.0243233810349
2491.91129283	0.024323072342
2492.22545209	0.0243227434043
2492.53961136	0.0243223316306
2492.85377062	0.0243219606997
2493.16792989	0.024321684928
2493.48208915	0.0243214326339
2493.79624842	0.0243211518787
2494.11040769	0.0243209688863
2494.42456695	0.0243208660915
2494.73872622	0.0243206837914
2495.05288548	0.0243205025374
2495.36704475	0.0243203251201
2495.68120401	0.0243202494621
2495.99536328	0.0243200620283
2496.30952254	0.0243197676894
2496.62368181	0.0243196212334
2496.93784107	0.0243195782279
2497.25200034	0.0243194117081
2497.5661596	0.0243191076623
2497.88031887	0.0243189732862
2498.19447813	0.0243188440783
2498.5086374	0.0243185357313
2498.82279667	0.0243183083475
2499.13695593	0.0243181954451
2499.4511152	0.0243180471911
2499.76527446	0.0243178456232
2500.07943373	0.0243177195742
2500.39359299	0.0243176315102
2500.70775226	0.0243176115394
2501.02191152	0.0243177499422
2501.33607079	0.0243177932172
2501.65023005	0.0243176095774
2501.96438932	0.0243173378605
2502.27854858	0.0243172382203
2502.59270785	0.0243172125836
2502.90686712	0.02431699376
2503.22102638	0.0243167430428
2503.53518565	0.0243165508359
2503.84934491	0.0243163856844
2504.16350418	0.0243162858437
2504.47766344	0.0243161372583
2504.79182271	0.0243158998319
2505.10598197	0.024315698304
2505.42014124	0.0243155616507
2505.7343005	0.0243154488976
2506.04845977	0.0243153679428
2506.36261903	0.0243153044952
2506.6767783	0.0243152532811
2506.99093756	0.0243153075127
2507.30509683	0.0243153845495
2507.6192561	0.0243151599336
2507.93341536	0.0243148645388
2508.24757463	0.0243148045496
2508.56173389	0.0243145800497
2508.87589316	0.0243140740159
2509.19005242	0.024313730749
2509.50421169	0.0243137748182
2509.81837095	0.0243133913614
2510.13253022	0.0243128295876
2510.44668948	0.0243126938348
2510.76084875	0.0243127279711
2511.07500801	0.0243125681406
2511.38916728	0.0243123844695
2511.70332655	0.0243124052465
2512.01748581	0.0243124810174
2512.33164508	0.0243124991303
2512.64580434	0.0243125459942
2512.95996361	0.0243126511315
2513.27412287	0.0243127484133
2513.58828214	0.0243128515058
2513.9024414	0.0243130615079
2514.21660067	0.0243132702395
2514.53075993	0.0243130032794
2514.8449192	0.0243125851037
2515.15907846	0.024312583152
2515.47323773	0.024312237609
2515.78739699	0.0243117484573
2516.10155626	0.0243115301192
2516.41571553	0.0243114027265
2516.72987479	0.024311080855
2517.04403406	0.0243107088605
2517.35819332	0.024310532814
2517.67235259	0.0243104874177
2517.98651185	0.0243104110562
2518.30067112	0.0243103433819
2518.61483038	0.0243103536287
2518.92898965	0.0243104040456
2519.24314891	0.0243103979601
2519.55730818	0.0243104206366
2519.87146744	0.0243105559393
2520.18562671	0.0243105991166
2520.49978598	0.0243102812469
2520.81394524	0.024309751903
2521.12810451	0.0243095476793
2521.44226377	0.0243093224834
2521.75642304	0.0243088614216
2522.0705823	0.0243084480325
2522.38474157	0.0243082763743
2522.69890083	0.0243081115347
2523.0130601	0.0243078436704
2523.32721936	0.0243076413332
2523.64137863	0.0243075707113
2523.95553789	0.0243073721324
2524.26969716	0.0243071670798
2524.58385642	0.0243072406869
2524.89801569	0.0243074636321
2525.21217496	0.0243075562911
2525.52633422	0.0243075852734
2525.84049349	0.024307672253
2526.15465275	0.0243076285821
2526.46881202	0.0243074772165
2526.78297128	0.0243073955437
2527.09713055	0.0243072122742
2527.41128981	0.0243068762337
2527.72544908	0.0243065765564
2528.03960834	0.024306382239
2528.35376761	0.0243061930365
2528.66792687	0.0243059461723
2528.98208614	0.0243057256645
2529.29624541	0.0243056096006
2529.61040467	0.0243055312283
2529.92456394	0.0243053883143
2530.2387232	0.0243052733728
2530.55288247	0.0243052347759
2530.86704173	0.0243051026087
2531.181201	0.0243048719663
2531.49536026	0.0243048726494
2531.80951953	0.0243050507529
2532.12367879	0.02430498679
2532.43783806	0.024304623089
2532.75199732	0.0243043411464
2533.06615659	0.0243041555847
2533.38031585	0.0243037926722
2533.69447512	0.0243033764988
2534.00863439	0.0243032022189
2534.32279365	0.0243029717446
2534.63695292	0.0243025470319
2534.95111218	0.0243022813248
2535.26527145	0.024302319528
2535.57943071	0.0243024243768
2535.89358998	0.0243023617421
2536.20774924	0.0243021784757
2536.52190851	0.0243019215162
2536.83606777	0.024301681115
2537.15022704	0.0243016514589
2537.4643863	0.0243014644291
2537.77854557	0.0243010981433
2538.09270484	0.0243008812849
2538.4068641	0.0243008723354
2538.72102337	0.0243007451703
2539.03518263	0.0243005553637
2539.3493419	0.0243003987045
2539.66350116	0.0243002066724
2539.97766043	0.0243000336371
2540.29181969	0.0242999152448
2540.60597896	0.0242998556062
2540.92013822	0.0242998425503
2541.23429749	0.0242998371551
2541.54845675	0.0242998171877
2541.86261602	0.0242998863456
2542.17677529	0.0243000043541
2542.49093455	0.0242999420273
2542.80509382	0.0242998448973
2543.11925308	0.0242997975038
2543.43341235	0.0242995300681
2543.74757161	0.0242990831028
2544.06173088	0.0242990573305
2544.37589014	0.0242987880266
2544.69004941	0.0242982503782
2545.00420867	0.0242980154557
2545.31836794	0.0242979179589
2545.6325272	0.0242976850506
2545.94668647	0.0242974507164
2546.26084573	0.0242972947331
2546.575005	0.0242971879181
2546.88916427	0.0242971101381
2547.20332353	0.0242970346279
2547.5174828	0.0242969894683
2547.83164206	0.0242969789967
2548.14580133	0.02429695253
2548.45996059	0.0242969455478
2548.77411986	0.0242969896309
2549.08827912	0.0242970066554
2549.40243839	0.0242965696547
2549.71659765	0.0242961386451
2550.03075692	0.0242960036653
2550.34491618	0.0242956139694
2550.65907545	0.0242951273603
2550.97323472	0.02429485011
2551.28739398	0.0242946396464
2551.60155325	0.0242942819793
2551.91571251	0.024293948543
2552.22987178	0.0242938264916
2552.54403104	0.0242937867853
2552.85819031	0.0242937121712
2553.17234957	0.0242936435299
2553.48650884	0.0242936366292
2553.8006681	0.0242936445868
2554.11482737	0.0242936456659
2554.42898663	0.024293688316
2554.7431459	0.0242937244472
2555.05730516	0.0242937418518
2555.37146443	0.024293733318
2555.6856237	0.0242936094749
2555.99978296	0.0242933918869
2556.31394223	0.0242929745041
2556.62810149	0.0242925583194
2556.94226076	0.0242923386203
2557.25642002	0.0242921164737
2557.57057929	0.0242917051854
2557.88473855	0.0242913249562
2558.19889782	0.0242911745568
2558.51305708	0.0242910208367
2558.82721635	0.0242906851293
2559.14137561	0.024290501163
2559.45553488	0.0242906311597
2559.76969415	0.0242907758604
2560.08385341	0.0242907910096
2560.39801268	0.0242908116781
2560.71217194	0.024290874962
2561.02633121	0.0242907186372
2561.34049047	0.0242904134823
2561.65464974	0.0242901811635
2561.968809	0.0242898245475
2562.28296827	0.0242893516047
2562.59712753	0.0242889891359
2562.9112868	0.0242887396408
2563.22544606	0.0242884670323
2563.53960533	0.0242882002383
2563.85376459	0.0242880633647
2564.16792386	0.0242879495141
2564.48208313	0.0242876965067
2564.79624239	0.0242875213279
2565.11040166	0.0242874709332
2565.42456092	0.0242873158979
2565.73872019	0.0242870649885
2566.05287945	0.0242869371572
2566.36703872	0.0242869671986
2566.68119798	0.0242869283746
2566.99535725	0.0242868331589
2567.30951651	0.0242866367756
2567.62367578	0.0242864402238
2567.93783504	0.0242864167612
2568.25199431	0.0242861960798
2568.56615358	0.0242859042883
2568.88031284	0.0242857700067
2569.19447211	0.0242855237741
2569.50863137	0.0242851420647
2569.82279064	0.0242849562096
2570.1369499	0.0242848983027
2570.45110917	0.0242847948609
2570.76526843	0.0242847069858
2571.0794277	0.0242846501007
2571.39358696	0.0242845291225
2571.70774623	0.0242843106487
2572.02190549	0.0242842663087
2572.33606476	0.0242842006431
2572.65022402	0.0242839248705
2572.96438329	0.0242837643814
2573.27854256	0.0242837571609
2573.59270182	0.0242835331364
2573.90686109	0.0242832622512
2574.22102035	0.0242830775921
2574.53517962	0.0242827478679
2574.84933888	0.0242824320252
2575.16349815	0.0242822475031
2575.47765741	0.0242821186722
2575.79181668	0.0242820088448
2576.10597594	0.0242819390055
2576.42013521	0.0242819262295
2576.73429447	0.0242819981027
2577.04845374	0.0242820202265
2577.36261301	0.0242817834246
2577.67677227	0.0242814870687
2577.99093154	0.0242814068242
2578.3050908	0.0242811967282
2578.61925007	0.0242807749826
2578.93340933	0.0242804649188
2579.2475686	0.0242804952925
2579.56172786	0.0242802674162
2579.87588713	0.0242797846877
2580.19004639	0.0242796548992
2580.50420566	0.0242797233802
2580.81836492	0.0242796090894
2581.13252419	0.0242794184966
2581.44668345	0.0242794146166
2581.76084272	0.0242794455947
2582.07500199	0.0242794389936
2582.38916125	0.0242795110152
2582.70332052	0.0242795951258
2583.01747978	0.024279637478
2583.33163905	0.0242797506969
2583.64579831	0.0242799683364
2583.95995758	0.0242800976437
2584.27411684	0.0242798391752
2584.58827611	0.0242794842396
2584.90243537	0.0242794343082
2585.21659464	0.0242790559725
2585.5307539	0.0242785388199
2585.84491317	0.0242783297404
2586.15907244	0.024278206677
2586.4732317	0.0242778541289
2586.78739097	0.024277469035
2587.10155023	0.0242773006357
2587.4157095	0.0242772636666
2587.72986876	0.0242771918893
2588.04402803	0.0242771037516
2588.35818729	0.024277071077
2588.67234656	0.0242770905096
2588.98650582	0.024277079909
2589.30066509	0.024277042675
2589.61482435	0.0242770796447
2589.92898362	0.0242771737194
2590.24314288	0.0242770311825
2590.55730215	0.0242764920186
2590.87146142	0.0242762623752
2591.18562068	0.0242760481061
2591.49977995	0.0242755283474
2591.81393921	0.024275087793
2592.12809848	0.024274924582
2592.44225774	0.0242747107681
2592.75641701	0.0242743683018
2593.07057627	0.0242742048507
2593.38473554	0.0242741877201
2593.6988948	0.0242740163127
2594.01305407	0.0242738617626
2594.32721333	0.0242740009699
2594.6413726	0.0242742276903
2594.95553187	0.0242743289266
2595.26969113	0.0242744073754
2595.5838504	0.0242745742696
2595.89800966	0.0242745924387
2596.21216893	0.0242744133078
2596.52632819	0.0242742812137
2596.84048746	0.0242740765099
2597.15464672	0.0242737256976
2597.46880599	0.0242734051614
2597.78296525	0.0242731820679
2598.09712452	0.0242729587031
2598.41128378	0.0242727334077
2598.72544305	0.0242725430169
2599.03960232	0.0242723544132
2599.35376158	0.0242722166355
2599.66792085	0.0242721392452
2599.98208011	0.0242720908314
2600.29623938	0.0242720150646
2600.61039864	0.0242719106296
2600.92455791	0.0242718410905
2601.23871717	0.0242718752773
2601.55287644	0.0242719760148
2601.8670357	0.0242719939676
2602.18119497	0.0242717705378
2602.49535423	0.0242714730913
2602.8095135	0.0242711908059
2603.12367276	0.0242709243039
2603.43783203	0.0242706470724
2603.7519913	0.0242703516548
2604.06615056	0.02427014708
2604.38030983	0.0242699143545
2604.69446909	0.0242696614567
2605.00862836	0.0242696280691
2605.32278762	0.0242697658896
2605.63694689	0.0242698161013
2605.95110615	0.0242697118055
2606.26526542	0.024269526151
2606.57942468	0.0242692646668
2606.89358395	0.0242692601245
2607.20774321	0.0242690753825
2607.52190248	0.0242687244343
2607.83606175	0.0242686287722
2608.15022101	0.0242686803022
2608.46438028	0.0242685604851
2608.77853954	0.0242683747438
2609.09269881	0.024268350391
2609.40685807	0.0242682310231
2609.72101734	0.0242680015357
2610.0351766	0.0242678419324
2610.34933587	0.0242678069249
2610.66349513	0.0242677249643
2610.9776544	0.0242676099649
2611.29181366	0.0242675704293
2611.60597293	0.0242676499063
2611.92013219	0.0242676872085
2612.23429146	0.0242676201163
2612.54845073	0.0242676779802
2612.86260999	0.0242676564816
2613.17676926	0.0242672346623
2613.49092852	0.0242668479895
2613.80508779	0.0242668002878
2614.11924705	0.0242664021222
2614.43340632	0.0242659427207
2614.74756558	0.0242656781065
2615.06172485	0.0242654629124
2615.37588411	0.0242652159879
2615.69004338	0.0242649494318
2616.00420264	0.0242646829115
2616.31836191	0.0242645715455
2616.63252118	0.0242644885792
2616.94668044	0.0242643594405
2617.26083971	0.0242643237016
2617.57499897	0.0242643430469
2617.88915824	0.0242643570266
2618.2033175	0.0242644754404
2618.51747677	0.0242646450992
2618.83163603	0.0242646338914
2619.1457953	0.0242641999803
2619.45995456	0.024263812637
2619.77411383	0.0242637783607
2620.08827309	0.0242633786256
2620.40243236	0.02426281143
2620.71659162	0.0242626229999
2621.03075089	0.024262586256
2621.34491016	0.0242622231792
2621.65906942	0.0242618247478
2621.97322869	0.0242617677177
2622.28738795	0.0242618598974
2622.60154722	0.0242618433837
2622.91570648	0.024261792145
2623.22986575	0.0242618537868
2623.54402501	0.0242619211812
2623.85818428	0.0242619207234
2624.17234354	0.0242619971035
2624.48650281	0.0242621273778
2624.80066207	0.0242621623265
2625.11482134	0.0242619696219
2625.42898061	0.0242618602227
2625.74313987	0.0242618196822
2626.05729914	0.0242613757018
2626.3714584	0.0242609962533
2626.68561767	0.0242607475161
2626.99977693	0.0242604896802
2627.3139362	0.0242601478977
2627.62809546	0.0242597853041
2627.94225473	0.0242596232009
2628.25641399	0.0242594448611
2628.57057326	0.024259097105
2628.88473252	0.0242589367454
2629.19889179	0.0242590467474
2629.51305105	0.0242591431815
2629.82721032	0.024259154198
2630.14136959	0.0242592201417
2630.45552885	0.0242592890072
2630.76968812	0.0242591912956
2631.08384738	0.0242590237733
2631.39800665	0.0242589101229
2631.71216591	0.0242584646101
2632.02632518	0.0242578567762
2632.34048444	0.0242576051954
2632.65464371	0.0242574486342
2632.96880297	0.024257067448
2633.28296224	0.0242567454054
2633.5971215	0.0242566232931
2633.91128077	0.0242564974196
2634.22544004	0.0242562058582
2634.5395993	0.0242560836438
2634.85375857	0.024256087982
2635.16791783	0.024255895828
2635.4820771	0.024255662556
2635.79623636	0.024255680638
2636.11039563	0.0242558180603
2636.42455489	0.0242557968598
2636.73871416	0.0242557315461
2637.05287342	0.0242555909432
2637.36703269	0.0242553825079
2637.68119195	0.0242552409509
2637.99535122	0.0242550421811
2638.30951048	0.0242547838363
2638.62366975	0.0242545602748
2638.93782902	0.0242542614456
2639.25198828	0.0242539044315
2639.56614755	0.0242536387801
2639.88030681	0.024253518099
2640.19446608	0.0242534800844
2640.50862534	0.0242533711438
2640.82278461	0.0242532530958
2641.13694387	0.0242530915255
2641.45110314	0.0242528109639
2641.7652624	0.0242528947984
2642.07942167	0.0242527690285
2642.39358093	0.0242522939173
2642.7077402	0.0242522233708
2643.02189947	0.0242524036923
2643.33605873	0.0242521919843
2643.650218	0.0242517350334
2643.96437726	0.0242515546116
2644.27853653	0.0242513034301
2644.59269579	0.0242509184411
2644.90685506	0.0242506368351
2645.22101432	0.024250502462
2645.53517359	0.0242503590416
2645.84933285	0.0242502017878
2646.16349212	0.024250134055
2646.47765138	0.0242502106094
2646.79181065	0.0242502456143
2647.10596991	0.0242499778131
2647.42012918	0.0242497607333
2647.73428845	0.0242496880212
2648.04844771	0.0242493869276
2648.36260698	0.0242489592676
2648.67676624	0.0242488181496
2648.99092551	0.0242487694004
2649.30508477	0.024248344858
2649.61924404	0.0242479232183
2649.9334033	0.0242478626311
2650.24756257	0.024247883588
2650.56172183	0.0242476711862
2650.8758811	0.0242474723538
2651.19004036	0.0242474727943
2651.50419963	0.0242474641211
2651.8183589	0.0242474186384
2652.13251816	0.0242474469747
2652.44667743	0.0242475199621
2652.76083669	0.0242475758523
2653.07499596	0.0242477196379
2653.38915522	0.0242479826598
2653.70331449	0.0242480116718
2654.01747375	0.0242477018651
2654.33163302	0.0242474770445
2654.64579228	0.0242473480756
2654.95995155	0.0242469485369
2655.27411081	0.0242465264989
2655.58827008	0.0242464056682
2655.90242935	0.0242462336525
2656.21658861	0.0242457867533
2656.53074788	0.0242454629367
2656.84490714	0.0242454459065
2657.15906641	0.0242454734058
2657.47322567	0.0242453900169
2657.78738494	0.0242453429026
2658.1015442	0.024245399758
2658.41570347	0.0242454643016
2658.72986273	0.0242454196628
2659.044022	0.0242453576283
2659.35818126	0.0242453983015
2659.67234053	0.024245404989
2659.98649979	0.0242451770812
2660.30065906	0.0242447670667
2660.61481833	0.0242446136408
2660.92897759	0.0242445217724
2661.24313686	0.0242440529142
2661.55729612	0.0242435224362
2661.87145539	0.024243375135
2662.18561465	0.0242431725236
2662.49977392	0.0242428098932
2662.81393318	0.0242426775871
2663.12809245	0.0242425390721
2663.44225171	0.0242422665146
2663.75641098	0.0242422198354
2664.07057024	0.0242423973456
2664.38472951	0.0242425242625
2664.69888878	0.0242425807276
2665.01304804	0.0242426916651
2665.32720731	0.0242428299599
2665.64136657	0.0242428791298
2665.95552584	0.0242428454365
2666.2696851	0.0242428517421
2666.58384437	0.0242425367342
2666.89800363	0.0242419821693
2667.2121629	0.0242417479839
2667.52632216	0.0242416388494
2667.84048143	0.0242413065721
2668.15464069	0.0242409671446
2668.46879996	0.0242407203146
2668.78295922	0.0242405496383
2669.09711849	0.0242404628257
2669.41127776	0.0242402433734
2669.72543702	0.0242401085663
2670.03959629	0.0242400931394
2670.35375555	0.0242399105576
2670.66791482	0.024239792298
2670.98207408	0.0242399416556
2671.29623335	0.0242401249421
2671.61039261	0.0242401333327
2671.92455188	0.0242398889195
2672.23871114	0.0242395911487
2672.55287041	0.024239443367
2672.86702967	0.0242390816376
2673.18118894	0.0242387288624
2673.49534821	0.0242385530508
2673.80950747	0.0242383713832
2674.12366674	0.0242380792598
2674.437826	0.0242378234422
2674.75198527	0.024237833856
2675.06614453	0.0242379674213
2675.3803038	0.0242379578231
2675.69446306	0.0242378538739
2676.00862233	0.0242377162804
2676.32278159	0.0242375483153
2676.63694086	0.0242376244941
2676.95110012	0.0242374331601
2677.26525939	0.0242371158861
2677.57941865	0.0242371935107
2677.89357792	0.0242373949412
2678.20773719	0.0242373006404
2678.52189645	0.0242370411993
2678.83605572	0.024236985696
2679.15021498	0.024236864545
2679.46437425	0.0242365986991
2679.77853351	0.0242364233232
2680.09269278	0.0242363325858
2680.40685204	0.0242362350291
2680.72101131	0.0242361618201
2681.03517057	0.0242361032619
2681.34932984	0.0242360934946
2681.6634891	0.0242361634401
2681.97764837	0.0242362104173
2682.29180764	0.0242361894407
2682.6059669	0.0242361008675
2682.92012617	0.0242357713948
2683.23428543	0.024235498698
2683.5484447	0.0242354683339
2683.86260396	0.0242350122574
2684.17676323	0.024234496086
2684.49092249	0.0242343343422
2684.80508176	0.0242342453719
2685.11924102	0.0242339636264
2685.43340029	0.0242336717907
2685.74755955	0.0242334853176
2686.06171882	0.0242333891109
2686.37587808	0.0242333178059
2686.69003735	0.0242332533463
2687.00419662	0.0242332646465
2687.31835588	0.0242333177653
2687.63251515	0.0242333834936
2687.94667441	0.0242335441298
2688.26083368	0.0242337096806
2688.57499294	0.0242336472279
2688.88915221	0.0242333236851
2689.20331147	0.0242330778227
2689.51747074	0.0242329559667
2689.83163	0.0242326616169
2690.14578927	0.0242323161568
2690.45994853	0.0242321458601
2690.7741078	0.0242319874922
2691.08826707	0.0242317190589
2691.40242633	0.024231528057
2691.7165856	0.0242315111975
2692.03074486	0.0242315589113
2692.34490413	0.0242315759871
2692.65906339	0.0242315829709
2692.97322266	0.0242316377998
2693.28738192	0.0242316824955
2693.60154119	0.0242316931576
2693.91570045	0.0242316887479
2694.22985972	0.0242316617661
2694.54401898	0.02423169643
2694.85817825	0.0242316081025
2695.17233751	0.0242315047337
2695.48649678	0.0242312726601
2695.80065605	0.024230824209
2696.11481531	0.0242304372458
2696.42897458	0.0242301779644
2696.74313384	0.0242298703654
2697.05729311	0.0242294494331
2697.37145237	0.0242291203756
2697.68561164	0.0242288755518
2697.9997709	0.024228563241
2698.31393017	0.0242282763008
2698.62808943	0.0242281906108
2698.9422487	0.0242282250605
2699.25640796	0.0242282195765
2699.57056723	0.0242282220719
2699.8847265	0.0242282860797
2700.19888576	0.0242283111206
2700.51304503	0.0242282311073
2700.82720429	0.024228015389
2701.14136356	0.0242278470274
2701.45552282	0.0242275015762
2701.76968209	0.0242269380662
2702.08384135	0.0242265797803
2702.39800062	0.0242264268511
2702.71215988	0.0242261710099
2703.02631915	0.0242258543097
2703.34047841	0.0242255969184
2703.65463768	0.024225363459
2703.96879694	0.024225205334
2704.28295621	0.0242250672045
2704.59711548	0.0242249133673
2704.91127474	0.0242248133739
2705.22543401	0.0242247654386
2705.53959327	0.0242247609857
2705.85375254	0.0242248251032
2706.1679118	0.0242249899071
2706.48207107	0.0242251038866
2706.79623033	0.0242250192215
2707.1103896	0.0242248670284
2707.42454886	0.0242247941647
2707.73870813	0.0242245470741
2708.05286739	0.0242243225861
2708.36702666	0.0242241349066
2708.68118593	0.0242237289588
2708.99534519	0.0242233679699
2709.30950446	0.0242231970171
2709.62366372	0.0242231000476
2709.93782299	0.0242229897627
2710.25198225	0.0242228430865
2710.56614152	0.0242227408985
2710.88030078	0.0242226194224
2711.19446005	0.0242224143099
2711.50861931	0.0242223653761
2711.82277858	0.0242222571532
2712.13693784	0.0242219395519
2712.45109711	0.0242218735577
2712.76525638	0.0242219240858
2713.07941564	0.0242216998546
2713.39357491	0.0242213233457
2713.70773417	0.0242211443594
2714.02189344	0.0242208820684
2714.3360527	0.0242205285105
2714.65021197	0.0242202972518
2714.96437123	0.0242201979996
2715.2785305	0.0242201248232
2715.59268976	0.0242200350068
2715.90684903	0.0242200053955
2716.22100829	0.0242200901221
2716.53516756	0.0242201335531
2716.84932682	0.0242199746478
2717.16348609	0.0242197000758
2717.47764536	0.02421952616
2717.79180462	0.0242193219943
2718.10596389	0.0242189867447
2718.42012315	0.0242187483521
2718.73428242	0.0242185672662
2719.04844168	0.0242183147026
2719.36260095	0.0242180790091
2719.67676021	0.0242179295713
2719.99091948	0.0242178243016
2720.30507874	0.0242177016578
2720.61923801	0.0242177071131
2720.93339727	0.0242176942389
2721.24755654	0.0242174980574
2721.56171581	0.0242173673696
2721.87587507	0.0242174135644
2722.19003434	0.0242174567481
2722.5041936	0.0242173777985
2722.81835287	0.0242173172184
2723.13251213	0.0242174752757
2723.4466714	0.0242175570579
2723.76083066	0.0242173039086
2724.07498993	0.0242169603711
2724.38914919	0.0242167751174
2724.70330846	0.0242164375885
2725.01746772	0.0242160015905
2725.33162699	0.0242157361335
2725.64578625	0.0242154951252
2725.95994552	0.0242151005484
2726.27410479	0.0242147798071
2726.58826405	0.0242146840249
2726.90242332	0.0242146236917
2727.21658258	0.0242145122214
2727.53074185	0.0242144617516
2727.84490111	0.0242144929278
2728.15906038	0.0242145494828
2728.47321964	0.0242145737215
2728.78737891	0.0242145190878
2729.10153817	0.024214440082
2729.41569744	0.0242144106185
2729.7298567	0.024214276917
2730.04401597	0.0242138666908
2730.35817524	0.0242136539874
2730.6723345	0.0242135456977
2730.98649377	0.0242133229538
2731.30065303	0.0242128861093
2731.6148123	0.0242125381116
2731.92897156	0.0242123801259
2732.24313083	0.0242121541219
2732.55729009	0.0242119245707
2732.87144936	0.0242117096265
2733.18560862	0.0242115113859
2733.49976789	0.02421146873
2733.81392715	0.0242115639702
2734.12808642	0.0242116686849
2734.44224568	0.0242117554147
2734.75640495	0.0242118773405
2735.07056422	0.0242120260298
2735.38472348	0.0242120839886
2735.69888275	0.0242120213313
2736.01304201	0.0242120318492
2736.32720128	0.0242118229809
2736.64136054	0.0242112640802
2736.95551981	0.024210909036
2737.26967907	0.0242108202634
2737.58383834	0.0242105591978
2737.8979976	0.0242102014544
2738.21215687	0.0242099448059
2738.52631613	0.0242097078517
2738.8404754	0.0242095155984
2739.15463467	0.0242093307581
2739.46879393	0.0242091797837
2739.7829532	0.0242091143258
2740.09711246	0.0242090240305
2740.41127173	0.024208988844
2740.72543099	0.0242090735656
2741.03959026	0.0242091872404
2741.35374952	0.0242092068771
2741.66790879	0.0242090369204
2741.98206805	0.0242088000166
2742.29622732	0.0242086382159
2742.61038658	0.0242083741625
2742.92454585	0.0242080877186
2743.23870511	0.024207894524
2743.55286438	0.0242077845472
2743.86702365	0.0242076003478
2744.18118291	0.0242073329189
2744.49534218	0.0242072113256
2744.80950144	0.0242072868507
2745.12366071	0.0242073335189
2745.43781997	0.0242073032531
2745.75197924	0.024207234977
2746.0661385	0.0242070536265
2746.38029777	0.0242071412081
2746.69445703	0.0242070796101
2747.0086163	0.02420677264
2747.32277556	0.0242068162243
2747.63693483	0.024207091807
2747.9510941	0.0242071223521
2748.26525336	0.0242068686189
2748.57941263	0.0242067422446
2748.89357189	0.0242066772095
2749.20773116	0.0242064219753
2749.52189042	0.0242061634142
2749.83604969	0.0242060178456
2750.15020895	0.0242059542602
2750.46436822	0.0242058737822
2750.77852748	0.0242057591162
2751.09268675	0.0242056996419
2751.40684601	0.0242057414234
2751.72100528	0.0242057877177
2752.03516454	0.0242058321999
2752.34932381	0.0242057543855
2752.66348308	0.0242054467619
2752.97764234	0.0242051479574
2753.29180161	0.0242051609844
2753.60596087	0.0242047247867
2753.92012014	0.0242041733002
2754.2342794	0.0242039753272
2754.54843867	0.0242038822671
2754.86259793	0.0242036716061
2755.1767572	0.0242033999508
2755.49091646	0.0242032116741
2755.80507573	0.0242031183153
2756.11923499	0.0242030292101
2756.43339426	0.0242029635232
2756.74755353	0.0242029866071
2757.06171279	0.0242030366095
2757.37587206	0.0242030600922
2757.69003132	0.0242032205608
2758.00419059	0.0242034518681
2758.31834985	0.0242033980773
2758.63250912	0.0242030790594
2758.94666838	0.0242028735187
2759.26082765	0.0242027494868
2759.57498691	0.0242024500249
2759.88914618	0.0242021170185
2760.20330544	0.0242020432686
2760.51746471	0.0242019302637
2760.83162397	0.0242015612185
2761.14578324	0.024201303257
2761.45994251	0.0242012996146
2761.77410177	0.0242013220858
2762.08826104	0.0242012392299
2762.4024203	0.0242011614169
2762.71657957	0.0242011430744
2763.03073883	0.0242011634684
2763.3448981	0.0242012070061
2763.65905736	0.024201206646
2763.97321663	0.0242011766497
2764.28737589	0.0242012676254
2764.60153516	0.0242013024905
2764.91569442	0.0242011827956
2765.22985369	0.0242009570497
2765.54401296	0.0242005105697
2765.85817222	0.0242001759399
2766.17233149	0.0241999671176
2766.48649075	0.0241995978571
2766.80065002	0.0241991433077
2767.11480928	0.0241988804386
2767.42896855	0.0241986786033
2767.74312781	0.024198338149
2768.05728708	0.0241980675078
2768.37144634	0.0241980318082
2768.68560561	0.0241980921689
2768.99976487	0.024198086827
2769.31392414	0.0241981040115
2769.6280834	0.0241981818298
2769.94224267	0.0241982301595
2770.25640194	0.0241982311953
2770.5705612	0.024198067193
2770.88472047	0.0241979576456
2771.19887973	0.0241977745719
2771.513039	0.0241972057411
2771.82719826	0.0241967741826
2772.14135753	0.0241966997065
2772.45551679	0.0241965067577
2772.76967606	0.024196196505
2773.08383532	0.0241958529379
2773.39799459	0.0241956064351
2773.71215385	0.0241955642808
2774.02631312	0.0241954197232
2774.34047239	0.024195204213
2774.65463165	0.0241950950165
2774.96879092	0.0241950940441
2775.28295018	0.0241952064339
2775.59710945	0.0241952798421
2775.91126871	0.0241953763172
2776.22542798	0.0241955115616
2776.53958724	0.0241954595876
2776.85374651	0.0241954243992
2777.16790577	0.024195392383
2777.48206504	0.0241950960508
2777.7962243	0.0241948194672
2778.11038357	0.0241947282209
2778.42454284	0.0241943859651
2778.7387021	0.0241939660349
2779.05286137	0.0241937291122
2779.36702063	0.0241936345685
2779.6811799	0.0241935597357
2779.99533916	0.0241933803
2780.30949843	0.0241932420394
2780.62365769	0.0241931177343
2780.93781696	0.0241929152408
2781.25197622	0.0241929332176
2781.56613549	0.024192804438
2781.88029475	0.0241924852601
2782.19445402	0.024192487108
2782.50861328	0.0241925932348
2782.82277255	0.024192365595
2783.13693182	0.0241919736531
2783.45109108	0.0241918254617
2783.76525035	0.0241915969323
2784.07940961	0.024191234753
2784.39356888	0.0241910049084
2784.70772814	0.0241909240721
2785.02188741	0.0241908498707
2785.33604667	0.0241906880995
2785.65020594	0.0241905966401
2785.9643652	0.0241906884405
2786.27852447	0.0241907094756
2786.59268373	0.0241905225611
2786.906843	0.0241904372536
2787.22100227	0.0241904157174
2787.53516153	0.024190191652
2787.8493208	0.0241898878671
2788.16348006	0.0241899253939
2788.47763933	0.0241896432327
2788.79179859	0.0241891390681
2789.10595786	0.0241890547938
2789.42011712	0.0241890880874
2789.73427639	0.0241888772905
2790.04843565	0.0241886152655
2790.36259492	0.024188470053
2790.67675418	0.0241884243569
2790.99091345	0.0241882677858
2791.30507271	0.0241880713593
2791.61923198	0.0241880386763
2791.93339125	0.0241880698909
2792.24755051	0.0241880291569
2792.56170978	0.0241880747946
2792.87586904	0.0241882811983
2793.19002831	0.024188325906
2793.50418757	0.0241880264935
2793.81834684	0.0241877534391
2794.1325061	0.0241875467289
2794.44666537	0.0241872047608
2794.76082463	0.0241867842536
2795.0749839	0.0241864340727
2795.38914316	0.0241861669269
2795.70330243	0.024185846218
2796.0174617	0.0241855236227
2796.33162096	0.0241853578059
2796.64578023	0.0241852997213
2796.95993949	0.0241852171066
2797.27409876	0.0241851493633
2797.58825802	0.0241851506111
2797.90241729	0.0241851948393
2798.21657655	0.0241852266148
2798.53073582	0.0241852109666
2798.84489508	0.0241851946883
2799.15905435	0.0241852331033
2799.47321361	0.0241851540235
2799.78737288	0.0241847498992
2800.10153214	0.0241844378236
2800.41569141	0.0241843053955
2800.72985068	0.0241841096164
2801.04400994	0.0241836158061
2801.35816921	0.0241832161581
2801.67232847	0.0241830827612
2801.98648774	0.0241828392631
2802.300647	0.0241826047324
2802.61480627	0.0241824872696
2802.92896553	0.0241823357356
2803.2431248	0.0241822730987
2803.55728406	0.0241823899502
2803.87144333	0.0241825028458
2804.18560259	0.0241825424332
2804.49976186	0.0241826014081
2804.81392113	0.0241826607771
2805.12808039	0.0241826515057
2805.44223966	0.0241826834599
2805.75639892	0.0241827032721
2806.07055819	0.0241825527594
2806.38471745	0.0241820395605
2806.69887672	0.0241816346367
2807.01303598	0.024181536062
2807.32719525	0.0241813662894
2807.64135451	0.0241810159259
2807.95551378	0.0241806879496
2808.26967304	0.0241804838036
2808.58383231	0.0241803229734
2808.89799157	0.0241801569255
2809.21215084	0.0241800489288
2809.52631011	0.0241798788932
2809.84046937	0.0241797490676
2810.15462864	0.0241798718935
2810.4687879	0.0241800523829
2810.78294717	0.024180072156
2811.09710643	0.0241799163004
2811.4112657	0.024179818133
2811.72542496	0.0241796551263
2812.03958423	0.0241793739457
2812.35374349	0.0241792841385
2812.66790276	0.024179140069
2812.98206202	0.0241788398122
2813.29622129	0.0241786955593
2813.61038056	0.0241785398405
2813.92453982	0.0241782534667
2814.23869909	0.0241780320023
2814.55285835	0.0241779807811
2814.86701762	0.024177932506
2815.18117688	0.024177797276
2815.49533615	0.0241776264342
2815.80949541	0.0241775748639
2816.12365468	0.0241775749644
2816.43781394	0.0241774439747
2816.75197321	0.0241773799997
2817.06613247	0.0241775290628
2817.38029174	0.0241777081921
2817.694451	0.0241777670377
2818.00861027	0.024177532722
2818.32276954	0.0241773112011
2818.6369288	0.0241771705749
2818.95108807	0.0241768303333
2819.26524733	0.0241765166928
2819.5794066	0.0241763430961
2819.89356586	0.0241761960124
2820.20772513	0.024176011907
2820.52188439	0.0241758704043
2820.83604366	0.024175873451
2821.15020292	0.0241758571058
2821.46436219	0.024175772851
2821.77852145	0.0241757812843
2822.09268072	0.0241757240793
2822.40683999	0.0241754219748
2822.72099925	0.024175157401
2823.03515852	0.0241751816974
2823.34931778	0.024174713659
2823.66347705	0.024174186405
2823.97763631	0.0241740257585
2824.29179558	0.0241739788053
2824.60595484	0.0241737757786
2824.92011411	0.0241735024185
2825.23427337	0.0241733593568
2825.54843264	0.024173282816
2825.8625919	0.0241731927006
2826.17675117	0.0241732120469
2826.49091043	0.0241732893342
2826.8050697	0.0241733089804
2827.11922897	0.0241733003408
2827.43338823	0.0241735244728
2827.7475475	0.0241738299273
2828.06170676	0.0241737464883
2828.37586603	0.0241734977363
2828.69002529	0.0241733941041
2829.00418456	0.0241731615875
2829.31834382	0.0241728876657
2829.63250309	0.0241727896135
2829.94666235	0.0241727000914
2830.26082162	0.0241723678904
2830.57498088	0.0241720421513
2830.88914015	0.0241719610446
2831.20329942	0.0241719613579
2831.51745868	0.0241718494907
2831.83161795	0.0241717501477
2832.14577721	0.0241717056937
2832.45993648	0.0241716754601
2832.77409574	0.0241716708104
2833.08825501	0.0241717250933
2833.40241427	0.0241718001057
2833.71657354	0.0241718317434
2834.0307328	0.0241719093163
2834.34489207	0.0241719866296
2834.65905133	0.0241718766369
2834.9732106	0.024171440386
2835.28736987	0.0241710590053
2835.60152913	0.0241707931943
2835.9156884	0.0241704675507
2836.22984766	0.0241701226442
2836.54400693	0.0241697666549
2836.85816619	0.0241695405504
2837.17232546	0.0241693481081
2837.48648472	0.0241690412866
2837.80064399	0.0241688657664
2838.11480325	0.0241689122743
2838.42896252	0.0241690216158
2838.74312178	0.0241690835772
2839.05728105	0.0241691737057
2839.37144031	0.0241693149863
2839.68559958	0.0241694011972
2839.99975885	0.0241694669056
2840.31391811	0.0241694538557
2840.62807738	0.0241693749855
2840.94223664	0.0241692209536
2841.25639591	0.0241688703825
2841.57055517	0.0241685927737
2841.88471444	0.0241684299524
2842.1988737	0.0241683247925
2842.51303297	0.0241681082223
2842.82719223	0.0241677227378
2843.1413515	0.024167494825
2843.45551076	0.0241674954544
2843.76967003	0.024167379582
2844.0838293	0.0241671557335
2844.39798856	0.0241670410973
2844.71214783	0.0241671174286
2845.02630709	0.0241672581345
2845.34046636	0.0241672928037
2845.65462562	0.0241673784168
2845.96878489	0.0241675134602
2846.28294415	0.0241675258098
2846.59710342	0.0241674608721
2846.91126268	0.0241673446732
2847.22542195	0.024167105305
2847.53958121	0.0241668667429
2847.85374048	0.0241666413641
2848.16789974	0.024166293
2848.48205901	0.0241659279556
2848.79621828	0.0241656841727
2849.11037754	0.0241655371836
2849.42453681	0.0241653641763
2849.73869607	0.0241651433609
2850.05285534	0.0241649524512
2850.3670146	0.0241647664967
2850.68117387	0.0241646250147
2850.99533313	0.0241645257131
2851.3094924	0.0241642864558
2851.62365166	0.0241641736338
2851.93781093	0.0241642767994
2852.25197019	0.0241643439691
2852.56612946	0.0241641833496
2852.88028873	0.0241638753785
2853.19444799	0.0241636982016
2853.50860726	0.0241635264685
2853.82276652	0.0241632031216
2854.13692579	0.0241629491269
2854.45108505	0.0241628102102
2854.76524432	0.0241626759279
2855.07940358	0.0241625484158
2855.39356285	0.0241624720402
2855.70772211	0.0241624412799
2856.02188138	0.0241623585555
2856.33604064	0.0241622926386
2856.65019991	0.0241623479962
2856.96435917	0.024162345441
2857.27851844	0.0241620460473
2857.59267771	0.0241619057646
2857.90683697	0.0241620652077
2858.22099624	0.0241616473464
2858.5351555	0.0241612446835
2858.84931477	0.0241612573591
2859.16347403	0.0241612490593
2859.4776333	0.0241610665133
2859.79179256	0.0241607548313
2860.10595183	0.0241604758224
2860.42011109	0.0241603802956
2860.73427036	0.0241602459799
2861.04842962	0.0241600233098
2861.36258889	0.0241599112441
2861.67674816	0.0241598891367
2861.99090742	0.024159859312
2862.30506669	0.024159941456
2862.61922595	0.0241601058808
2862.93338522	0.0241600876491
2863.24754448	0.0241597186428
2863.56170375	0.024159474864
2863.87586301	0.0241592467354
2864.19002228	0.0241588913231
2864.50418154	0.0241585326134
2864.81834081	0.024158176754
2865.13250007	0.0241578661869
2865.44665934	0.0241576209614
2865.7608186	0.0241574101263
2866.07497787	0.0241572515916
2866.38913714	0.0241571567187
2866.7032964	0.0241570928303
2867.01745567	0.024157055781
2867.33161493	0.0241570493399
2867.6457742	0.0241570163198
2867.95993346	0.0241569800341
2868.27409273	0.0241569976179
2868.58825199	0.0241570157756
2868.90241126	0.024156960533
2869.21657052	0.0241567423228
2869.53072979	0.024156455271
2869.84488905	0.0241563518314
2870.15904832	0.0241561675138
2870.47320759	0.0241557900986
2870.78736685	0.0241554701714
2871.10152612	0.0241551703162
2871.41568538	0.0241549763013
2871.72984465	0.0241548533764
2872.04400391	0.0241545599239
2872.35816318	0.024154326892
2872.67232244	0.0241542723748
2872.98648171	0.0241542778024
2873.30064097	0.0241542830976
2873.61480024	0.0241542747744
2873.9289595	0.024154281271
2874.24311877	0.0241543301826
2874.55727803	0.0241543694388
2874.8714373	0.0241543508514
2875.18559657	0.0241544038972
2875.49975583	0.0241544614785
2875.8139151	0.0241542583669
2876.12807436	0.0241536621047
2876.44223363	0.0241533079848
2876.75639289	0.0241531769068
2877.07055216	0.024152902181
2877.38471142	0.0241524665437
2877.69887069	0.0241520599897
2878.01302995	0.024151849508
2878.32718922	0.0241517017424
2878.64134848	0.0241515166699
2878.95550775	0.0241512901966
2879.26966702	0.0241510975824
2879.58382628	0.0241511114905
2879.89798555	0.0241512815323
2880.21214481	0.0241513787261
2880.52630408	0.0241513899245
2880.84046334	0.0241513764315
2881.15462261	0.0241513239386
2881.46878187	0.0241511333376
2881.78294114	0.0241507845961
2882.0971004	0.0241506215719
2882.41125967	0.0241505311151
2882.72541893	0.0241502161446
2883.0395782	0.0241500265478
2883.35373746	0.0241499103978
2883.66789673	0.0241496583625
2883.982056	0.024149450592
2884.29621526	0.0241494344841
2884.61037453	0.0241493708617
2884.92453379	0.0241491353083
2885.23869306	0.024148967017
2885.55285232	0.0241490583014
2885.86701159	0.0241489624046
2886.18117085	0.0241487013401
2886.49533012	0.0241487876037
2886.80948938	0.0241490893191
2887.12364865	0.024149208206
2887.43780791	0.0241491891961
2887.75196718	0.0241490467318
2888.06612645	0.0241489113441
2888.38028571	0.0241488244182
2888.69444498	0.0241485405003
2889.00860424	0.0241482144479
2889.32276351	0.0241480627655
2889.63692277	0.0241479631875
2889.95108204	0.0241478016498
2890.2652413	0.0241477162912
2890.57940057	0.02414772597
2890.89355983	0.0241476870025
2891.2077191	0.0241475617607
2891.52187836	0.0241474669085
2891.83603763	0.024147380774
2892.15019689	0.0241471172897
2892.46435616	0.0241469635733
2892.77851543	0.0241469066694
2893.09267469	0.024146545883
2893.40683396	0.0241461993839
2893.72099322	0.0241461791569
2894.03515249	0.0241461543209
2894.34931175	0.0241459403106
2894.66347102	0.0241457714999
2894.97763028	0.0241456379821
2895.29178955	0.0241454462432
2895.60594881	0.0241453718479
2895.92010808	0.0241453738438
2896.23426734	0.0241453194902
2896.54842661	0.0241452722313
2896.86258588	0.0241453019802
2897.17674514	0.0241455240424
2897.49090441	0.0241458276392
2897.80506367	0.0241458541866
2898.11922294	0.0241455528708
2898.4333822	0.0241455147383
2898.74754147	0.0241452943781
2899.06170073	0.0241450360844
2899.37586	0.0241449230357
2899.69001926	0.0241446282683
2900.00417853	0.0241442872315
2900.31833779	0.0241441039961
2900.63249706	0.0241439981746
2900.94665633	0.0241438835918
2901.26081559	0.024143763695
2901.57497486	0.0241436638785
2901.88913412	0.0241436035818
2902.20329339	0.0241435744487
2902.51745265	0.0241435748443
2902.83161192	0.0241435865081
2903.14577118	0.0241436146103
2903.45993045	0.0241437075199
2903.77408971	0.0241438202523
2904.08824898	0.0241437448581
2904.40240824	0.0241435598886
2904.71656751	0.0241432591499
2905.03072677	0.024142847849
2905.34488604	0.0241424570043
2905.65904531	0.0241421477579
2905.97320457	0.0241418330497
2906.28736384	0.0241415415928
2906.6015231	0.0241412584144
2906.91568237	0.024141013276
2907.22984163	0.0241408381197
2907.5440009	0.0241407881541
2907.85816016	0.0241408197562
2908.17231943	0.0241408603091
2908.48647869	0.0241409224999
2908.80063796	0.0241410503596
2909.11479722	0.0241412045154
2909.42895649	0.0241412680768
2909.74311576	0.0241412751688
2910.05727502	0.0241413827796
2910.37143429	0.0241414276322
2910.68559355	0.0241413525435
2910.99975282	0.024140968928
2911.31391208	0.0241407074431
2911.62807135	0.0241406712643
2911.94223061	0.0241405018978
2912.25638988	0.0241401578858
2912.57054914	0.0241398250901
2912.88470841	0.0241396136763
2913.19886767	0.0241395907037
2913.51302694	0.0241395163495
2913.8271862	0.0241392494393
2914.14134547	0.0241391362201
2914.45550474	0.0241393099863
2914.769664	0.0241394892584
2915.08382327	0.0241394920205
2915.39798253	0.0241394964147
2915.7121418	0.0241396304983
2916.02630106	0.0241397065643
2916.34046033	0.0241396586878
2916.65461959	0.0241394914762
2916.96877886	0.0241392409298
2917.28293812	0.0241389871057
2917.59709739	0.0241388005801
2917.91125665	0.024138419242
2918.22541592	0.0241380227641
2918.53957519	0.0241378074392
2918.85373445	0.024137671076
2919.16789372	0.0241374784834
2919.48205298	0.0241372609386
2919.79621225	0.0241370531721
2920.11037151	0.0241369152301
2920.42453078	0.024136854182
2920.73869004	0.0241366546013
2921.05284931	0.0241364659946
2921.36700857	0.0241365468507
2921.68116784	0.0241366997935
2921.9953271	0.0241367213524
2922.30948637	0.0241365897656
2922.62364563	0.0241363477954
2922.9378049	0.0241362041858
2923.25196417	0.0241360505475
2923.56612343	0.0241357248986
2923.8802827	0.0241354587286
2924.19444196	0.0241353760386
2924.50860123	0.0241352983261
2924.82276049	0.0241351872227
2925.13691976	0.0241351823111
2925.45107902	0.0241351935735
2925.76523829	0.0241351527537
2926.07939755	0.0241350846807
2926.39355682	0.0241350446017
2926.70771608	0.024134956121
2927.02187535	0.0241347437358
2927.33603462	0.0241346599638
2927.65019388	0.0241346178962
2927.96435315	0.0241343229523
2928.27851241	0.0241341364343
2928.59267168	0.0241342346115
2928.90683094	0.0241341521657
2929.22099021	0.0241339169129
2929.53514947	0.0241337090333
2929.84930874	0.0241334390133
2930.163468	0.0241332682737
2930.47762727	0.0241331066354
2930.79178653	0.0241328606695
2931.1059458	0.0241326984147
2931.42010506	0.0241326376816
2931.73426433	0.0241326401077
2932.0484236	0.0241327586196
2932.36258286	0.0241328668691
2932.67674213	0.024132832922
2932.99090139	0.0241325628474
2933.30506066	0.0241323646455
2933.61921992	0.0241320941452
2933.93337919	0.0241318201259
2934.24753845	0.0241314795219
2934.56169772	0.0241310996522
2934.87585698	0.0241308428511
2935.19001625	0.024130664575
2935.50417551	0.0241304665469
2935.81833478	0.0241302907063
2936.13249405	0.0241301396334
2936.44665331	0.0241300744553
2936.76081258	0.0241300335618
2937.07497184	0.0241299136507
2937.38913111	0.0241298560558
2937.70329037	0.0241298975881
2938.01744964	0.0241299106529
2938.3316089	0.0241298963004
2938.64576817	0.0241299484474
2938.95992743	0.0241298609167
2939.2740867	0.0241296328668
2939.58824596	0.0241295660138
2939.90240523	0.0241293710426
2940.21656449	0.0241289177619
2940.53072376	0.0241286990767
2940.84488303	0.0241284851375
2941.15904229	0.0241281794453
2941.47320156	0.0241279853959
2941.78736082	0.0241277375738
2942.10152009	0.0241275019256
2942.41567935	0.0241274197139
2942.72983862	0.0241274110311
2943.04399788	0.0241273872014
2943.35815715	0.0241273616465
2943.67231641	0.0241273895183
2943.98647568	0.0241274620015
2944.30063494	0.0241275043829
2944.61479421	0.024127490375
2944.92895348	0.0241275300474
2945.24311274	0.0241276571036
2945.55727201	0.0241274915663
2945.87143127	0.0241268908731
2946.18559054	0.024126552238
2946.4997498	0.0241263794932
2946.81390907	0.0241260757764
2947.12806833	0.0241256728403
2947.4422276	0.0241252823332
2947.75638686	0.0241250278589
2948.07054613	0.0241249390541
2948.38470539	0.0241247488439
2948.69886466	0.0241244522727
2949.01302392	0.0241243393119
2949.32718319	0.0241244615855
2949.64134246	0.0241246076089
2949.95550172	0.0241246469181
2950.26966099	0.0241246626099
2950.58382025	0.0241247135631
2950.89797952	0.0241246988857
2951.21213878	0.0241245834666
2951.52629805	0.0241243943849
2951.84045731	0.0241240953748
2952.15461658	0.0241239592581
2952.46877584	0.0241238271485
2952.78293511	0.0241235427962
2953.09709437	0.0241232612697
2953.41125364	0.0241230102255
2953.72541291	0.024122845054
2954.03957217	0.0241227981796
2954.35373144	0.0241226164841
2954.6678907	0.0241222978104
2954.98204997	0.0241221848567
2955.29620923	0.0241222083506
2955.6103685	0.0241220314329
2955.92452776	0.0241218517399
2956.23868703	0.0241219645866
2956.55284629	0.0241221831655
2956.86700556	0.0241222780238
2957.18116482	0.0241222544855
2957.49532409	0.0241221183872
2957.80948336	0.0241219620329
2958.12364262	0.0241218617219
2958.43780189	0.0241215791644
2958.75196115	0.0241212078504
2959.06612042	0.024121002049
2959.38027968	0.0241208849294
2959.69443895	0.0241206911367
2960.00859821	0.0241205401895
2960.32275748	0.0241205173316
2960.63691674	0.024120447083
2960.95107601	0.0241203201259
2961.26523527	0.0241201676129
2961.57939454	0.0241199986246
2961.8935538	0.0241198698756
2962.20771307	0.0241197141795
2962.52187234	0.024119471152
2962.8360316	0.0241192380299
2963.15019087	0.0241191709338
2963.46435013	0.024119113893
2963.7785094	0.0241189862418
2964.09266866	0.0241188545854
2964.40682793	0.0241186858012
2964.72098719	0.0241185872308
2965.03514646	0.0241184486738
2965.34930572	0.0241182522732
2965.66346499	0.0241181651991
2965.97762425	0.0241181113799
2966.29178352	0.0241179794941
2966.60594279	0.024117892433
2966.92010205	0.02411817301
2967.23426132	0.02411843933
2967.54842058	0.0241183657633
2967.86257985	0.0241181909813
2968.17673911	0.0241182433448
2968.49089838	0.0241179888142
2968.80505764	0.0241177963393
2969.11921691	0.0241178308918
2969.43337617	0.0241174302172
2969.74753544	0.0241169730029
2970.0616947	0.0241169495596
2970.37585397	0.0241169223072
2970.69001323	0.0241166812883
2971.0041725	0.0241164890379
2971.31833177	0.0241164177477
2971.63249103	0.0241163486138
2971.9466503	0.0241162600143
2972.26080956	0.0241162299188
2972.57496883	0.0241162472628
2972.88912809	0.0241163046322
2973.20328736	0.0241164353589
2973.51744662	0.0241165251824
2973.83160589	0.0241163759533
2974.14576515	0.0241162238045
2974.45992442	0.0241160661946
2974.77408368	0.0241156395365
2975.08824295	0.0241151257299
2975.40240222	0.0241149214199
2975.71656148	0.0241147260989
2976.03072075	0.0241143183307
2976.34488001	0.0241139643059
2976.65903928	0.0241137995455
2976.97319854	0.0241137021044
2977.28735781	0.0241136393249
2977.60151707	0.0241136680784
2977.91567634	0.0241137632316
2978.2298356	0.0241138423636
2978.54399487	0.0241139245566
2978.85815413	0.02411405667
2979.1723134	0.0241141907744
2979.48647266	0.0241142144633
2979.80063193	0.0241142197305
2980.1147912	0.0241143402778
2980.42895046	0.0241142835825
2980.74310973	0.0241139027685
2981.05726899	0.0241137137619
2981.37142826	0.0241136170435
2981.68558752	0.0241134122077
2981.99974679	0.0241130927215
2982.31390605	0.0241127791192
2982.62806532	0.0241126387147
2982.94222458	0.0241126108973
2983.25638385	0.0241124236587
2983.57054311	0.0241121997429
2983.88470238	0.0241122206413
2984.19886165	0.0241123559817
2984.51302091	0.0241123940232
2984.82718018	0.024112407462
2985.14133944	0.0241124875879
2985.45549871	0.0241125750514
2985.76965797	0.0241125970883
2986.08381724	0.0241125958122
2986.3979765	0.0241125194896
2986.71213577	0.0241122804305
2987.02629503	0.0241120256583
2987.3404543	0.0241118332765
2987.65461356	0.0241114882656
2987.96877283	0.0241111685887
2988.28293209	0.0241109891597
2988.59709136	0.0241108354146
2988.91125063	0.0241106369444
2989.22540989	0.0241104832987
2989.53956916	0.0241103676435
2989.85372842	0.024110283907
2990.16788769	0.0241101870673
2990.48204695	0.0241100439662
2990.79620622	0.0241100750538
2991.11036548	0.0241102255264
2991.42452475	0.0241103584959
2991.73868401	0.0241104040177
2992.05284328	0.02411031168
2992.36700254	0.0241102299804
2992.68116181	0.0241099763182
2992.99532108	0.0241097631211
2993.30948034	0.0241097029923
2993.62363961	0.0241094663062
2993.93779887	0.0241091952939
2994.25195814	0.0241090809732
2994.5661174	0.0241090076421
2994.88027667	0.0241089952395
2995.19443593	0.0241089309515
2995.5085952	0.0241087205881
2995.82275446	0.02410868258
2996.13691373	0.0241087521547
2996.45107299	0.0241086501058
2996.76523226	0.0241084482082
2997.07939152	0.0241084763219
2997.39355079	0.0241083840135
2997.70771006	0.0241081283905
2998.02186932	0.0241080384843
2998.33602859	0.0241080451859
2998.65018785	0.0241078701044
2998.96434712	0.0241076848417
2999.27850638	0.0241074127008
2999.59266565	0.0241070441622
2999.90682491	0.0241068803129
3000.22098418	0.0241067297072
3000.53514344	0.0241064073423
3000.84930271	0.0241061838919
3001.16346197	0.024106139898
3001.47762124	0.0241061466593
3001.79178051	0.0241062164082
3002.10593977	0.024106274684
3002.42009904	0.0241062509343
3002.7342583	0.0241060218435
3003.04841757	0.0241057510077
3003.36257683	0.0241055896935
3003.6767361	0.0241053609324
3003.99089536	0.0241049928481
3004.30505463	0.0241046727718
3004.61921389	0.0241044617842
3004.93337316	0.0241043131237
3005.24753242	0.0241041409814
3005.56169169	0.0241039414016
3005.87585095	0.0241037498291
3006.19001022	0.0241036414842
3006.50416949	0.0241036210844
3006.81832875	0.0241035892932
3007.13248802	0.024103556232
3007.44664728	0.0241035704924
3007.76080655	0.0241036303761
3008.07496581	0.0241037234722
3008.38912508	0.0241037847745
3008.70328434	0.0241036440213
3009.01744361	0.0241035580336
3009.33160287	0.0241035699532
3009.64576214	0.0241033089118
3009.9599214	0.0241027882968
3010.27408067	0.0241026370992
3010.58823994	0.0241025979644
3010.9023992	0.0241022424684
3011.21655847	0.0241019100033
3011.53071773	0.0241017071623
3011.844877	0.0241015279724
3012.15903626	0.0241014238553
3012.47319553	0.0241013837655
3012.78735479	0.0241013204683
3013.10151406	0.0241012696842
3013.41567332	0.0241012853805
3013.72983259	0.0241013549768
3014.04399185	0.024101375962
3014.35815112	0.0241013540868
3014.67231038	0.0241013989468
3014.98646965	0.0241015259658
3015.30062892	0.0241014308027
3015.61478818	0.0241008567913
3015.92894745	0.0241004993515
3016.24310671	0.024100352941
3016.55726598	0.0240999772199
3016.87142524	0.0240995716273
3017.18558451	0.0240992323147
3017.49974377	0.0240989718775
3017.81390304	0.0240988393598
3018.1280623	0.0240986317672
3018.44222157	0.0240983639527
3018.75638083	0.0240983065167
3019.0705401	0.0240984483455
3019.38469937	0.0240986054952
3019.69885863	0.0240987012072
3020.0130179	0.0240987596376
3020.32717716	0.0240988153236
3020.64133643	0.0240988893547
3020.95549569	0.0240988475624
3021.26965496	0.0240987005696
3021.58381422	0.0240984517564
3021.89797349	0.0240982186304
3022.21213275	0.0240981831919
3022.52629202	0.0240979731555
3022.84045128	0.024097527838
3023.15461055	0.0240972418162
3023.46876982	0.0240971587935
3023.78292908	0.02409700622
3024.09708835	0.0240967327543
3024.41124761	0.0240964922012
3024.72540688	0.0240964329583
3025.03956614	0.0240963251046
3025.35372541	0.02409609309
3025.66788467	0.024096035472
3025.98204394	0.0240961881409
3026.2962032	0.0240963050203
3026.61036247	0.0240963723586
3026.92452173	0.0240963671529
3027.238681	0.0240962421892
3027.55284026	0.0240960680485
3027.86699953	0.0240958399764
3028.1811588	0.0240955217406
3028.49531806	0.0240951535353
3028.80947733	0.0240948833127
3029.12363659	0.0240946885509
3029.43779586	0.0240944782157
3029.75195512	0.0240942872904
3030.06611439	0.0240942212368
3030.38027365	0.0240941558766
3030.69443292	0.0240940653511
3031.00859218	0.0240939445592
3031.32275145	0.0240937757108
3031.63691071	0.0240937126662
3031.95106998	0.0240935193955
3032.26522925	0.0240932733709
3032.57938851	0.0240931987876
3032.89354778	0.0240931429892
3033.20770704	0.0240929558526
3033.52186631	0.0240928083034
3033.83602557	0.0240927101062
3034.15018484	0.0240925163567
3034.4643441	0.0240923546519
3034.77850337	0.0240922341615
3035.09266263	0.0240921128794
3035.4068219	0.0240920171038
3035.72098116	0.0240918766917
3036.03514043	0.0240917229938
3036.34929969	0.0240916253519
3036.66345896	0.0240917158065
3036.97761823	0.0240918735617
3037.29177749	0.0240918514548
3037.60593676	0.0240916857204
3037.92009602	0.0240915615379
3038.23425529	0.0240915216824
3038.54841455	0.024091441321
3038.86257382	0.0240912631971
3039.17673308	0.0240909927062
3039.49089235	0.0240907346288
3039.80505161	0.0240906560275
3040.11921088	0.0240905664906
3040.43337014	0.0240903579776
3040.74752941	0.0240901302824
3041.06168868	0.0240899991291
3041.37584794	0.0240899352226
3041.69000721	0.0240898613207
3042.00416647	0.0240898120698
3042.31832574	0.0240897948772
3042.632485	0.0240898374441
3042.94664427	0.0240899471103
3043.26080353	0.0240899884646
3043.5749628	0.0240897314361
3043.88912206	0.0240895293971
3044.20328133	0.0240894595268
3044.51744059	0.0240891828757
3044.83159986	0.0240886536765
3045.14575912	0.0240884924535
3045.45991839	0.024088415895
3045.77407766	0.024087979427
3046.08823692	0.0240876729623
3046.40239619	0.0240876155685
3046.71655545	0.0240875196403
3047.03071472	0.0240873947179
3047.34487398	0.024087412171
3047.65903325	0.0240874426119
3047.97319251	0.0240874464634
3048.28735178	0.0240875234596
3048.60151104	0.0240876463138
3048.91567031	0.0240877195784
3049.22982957	0.0240878060601
3049.54398884	0.0240879813192
3049.85814811	0.0240881966403
3050.17230737	0.0240881558007
3050.48646664	0.0240877393087
3050.8006259	0.0240875445411
3051.11478517	0.0240874681134
3051.42894443	0.0240870953685
3051.7431037	0.0240867156752
3052.05726296	0.0240865122672
3052.37142223	0.0240863625382
3052.68558149	0.0240861199033
3052.99974076	0.0240858559504
3053.31390002	0.024085723752
3053.62805929	0.0240857050236
3053.94221855	0.0240857134409
3054.25637782	0.0240857378372
3054.57053709	0.0240858009953
3054.88469635	0.0240858569139
3055.19885562	0.0240859079927
3055.51301488	0.0240860117841
3055.82717415	0.0240861020424
3056.14133341	0.0240859899575
3056.45549268	0.0240856291072
3056.76965194	0.0240853841651
3057.08381121	0.0240852703995
3057.39797047	0.0240848960828
3057.71212974	0.0240844922229
3058.026289	0.0240843626855
3058.34044827	0.0240842857568
3058.65460754	0.0240841090334
3058.9687668	0.0240839691903
3059.28292607	0.0240838831141
3059.59708533	0.0240838406469
3059.9112446	0.024083762552
3060.22540386	0.0240836423902
3060.53956313	0.0240837245278
3060.85372239	0.024083931277
3061.16788166	0.0240840692029
3061.48204092	0.024084145156
3061.79620019	0.0240841817323
3062.11035945	0.0240840951172
3062.42451872	0.02408390755
3062.73867798	0.0240838346449
3063.05283725	0.0240837249577
3063.36699652	0.0240834009939
3063.68115578	0.0240831358436
3063.99531505	0.0240830535208
3064.30947431	0.0240829699294
3064.62363358	0.0240828161183
3064.93779284	0.0240827047834
3065.25195211	0.0240826578206
3065.56611137	0.024082654944
3065.88027064	0.0240826550746
3066.1944299	0.0240826483547
3066.50858917	0.0240825380457
3066.82274843	0.0240825056066
3067.1369077	0.0240823494976
3067.45106697	0.02408220856
3067.76522623	0.0240822292684
3068.0793855	0.0240821428351
3068.39354476	0.0240818637714
3068.70770403	0.0240816718558
3069.02186329	0.0240815038493
3069.33602256	0.024081139249
3069.65018182	0.0240808606144
3069.96434109	0.0240807682489
3070.27850035	0.02408054942
3070.59265962	0.0240802360061
3070.90681888	0.0240801240468
3071.22097815	0.0240802479706
3071.53513741	0.0240803792311
3071.84929668	0.0240803737154
3072.16345595	0.0240802661627
3072.47761521	0.0240800592722
3072.79177448	0.0240798968063
3073.10593374	0.0240797394669
3073.42009301	0.0240795949489
3073.73425227	0.024079302402
3074.04841154	0.0240790321713
3074.3625708	0.0240789012152
3074.67673007	0.0240788436101
3074.99088933	0.0240787173757
3075.3050486	0.0240785414177
3075.61920786	0.0240784170864
3075.93336713	0.0240783657453
3076.2475264	0.024078368646
3076.56168566	0.0240784037056
3076.87584493	0.0240784210128
3077.19000419	0.024078448983
3077.50416346	0.0240785209242
3077.81832272	0.024078622724
3078.13248199	0.0240786889749
3078.44664125	0.024078542986
3078.76080052	0.0240784688046
3079.07495978	0.0240784796199
3079.38911905	0.0240782761484
3079.70327831	0.0240778447096
3080.01743758	0.0240776611386
3080.33159685	0.0240775778997
3080.64575611	0.0240773107022
3080.95991538	0.0240769294015
3081.27407464	0.0240766876598
3081.58823391	0.0240765667876
3081.90239317	0.0240764145765
3082.21655244	0.0240762510042
3082.5307117	0.0240761518999
3082.84487097	0.0240761065783
3083.15903023	0.0240760835327
3083.4731895	0.0240760947044
3083.78734876	0.0240760948822
3084.10150803	0.0240761067065
3084.41566729	0.02407619042
3084.72982656	0.0240763035662
3085.04398583	0.0240761551917
3085.35814509	0.0240755679141
3085.67230436	0.0240753560066
3085.98646362	0.0240751758567
3086.30062289	0.0240747613371
3086.61478215	0.0240743597387
3086.92894142	0.0240739994839
3087.24310068	0.0240738316306
3087.55725995	0.0240737059577
3087.87141921	0.0240733492675
3088.18557848	0.024073085814
3088.49973774	0.0240731448808
3088.81389701	0.0240732667377
3089.12805628	0.0240733022432
3089.44221554	0.0240733628527
3089.75637481	0.0240734656775
3090.07053407	0.0240735352981
3090.38469334	0.0240735936675
3090.6988526	0.024073707529
3091.01301187	0.0240737390036
3091.32717113	0.0240735017024
3091.6413304	0.0240731642569
3091.95548966	0.0240732013931
3092.26964893	0.024073029016
3092.58380819	0.0240724948977
3092.89796746	0.0240722105617
3093.21212672	0.0240721773616
3093.52628599	0.024071994439
3093.84044526	0.0240716510326
3094.15460452	0.0240714630271
3094.46876379	0.0240714136948
3094.78292305	0.0240712232176
3095.09708232	0.0240710260401
3095.41124158	0.024071066076
3095.72540085	0.0240712237953
3096.03956011	0.0240712960504
3096.35371938	0.0240713248931
3096.66787864	0.0240713121749
3096.98203791	0.0240711436789
3097.29619717	0.024071033221
3097.61035644	0.0240707980664
3097.92451571	0.0240703940036
3098.23867497	0.0240701218888
3098.55283424	0.0240699507168
3098.8669935	0.024069721794
3099.18115277	0.024069443315
3099.49531203	0.0240692845297
3099.8094713	0.0240692563028
3100.12363056	0.0240691560634
3100.43778983	0.0240690141378
3100.75194909	0.0240689239208
3101.06610836	0.0240688275471
3101.38026762	0.0240687317422
3101.69442689	0.0240685633279
3102.00858615	0.0240684380405
3102.32274542	0.0240684888029
3102.63690469	0.0240684790478
3102.95106395	0.0240682897441
3103.26522322	0.0240680453001
3103.57938248	0.0240680134752
3103.89354175	0.0240678898054
3104.20770101	0.0240674789891
3104.52186028	0.0240673242679
3104.83601954	0.0240673858357
3105.15017881	0.0240672219228
3105.46433807	0.0240669490315
3105.77849734	0.0240668325943
3106.0926566	0.0240668206206
3106.40681587	0.0240667639173
3106.72097514	0.0240667616097
3107.0351344	0.0240667532369
3107.34929367	0.0240666586732
3107.66345293	0.0240664306354
3107.9776122	0.0240663209311
3108.29177146	0.0240663635672
3108.60593073	0.0240661145816
3108.92008999	0.024065827319
3109.23424926	0.0240657387812
3109.54840852	0.0240656049029
3109.86256779	0.0240654368565
3110.17672705	0.0240652558995
3110.49088632	0.0240650108106
3110.80504558	0.0240647893085
3111.11920485	0.0240646528648
3111.43336412	0.0240645706116
3111.74752338	0.0240645015483
3112.06168265	0.0240644458744
3112.37584191	0.0240644521823
3112.69000118	0.0240645280725
3113.00416044	0.0240645673565
3113.31831971	0.0240643831478
3113.63247897	0.0240641146795
3113.94663824	0.0240640480637
3114.2607975	0.0240638862517
3114.57495677	0.0240633928414
3114.88911603	0.0240631252435
3115.2032753	0.0240632258629
3115.51743457	0.024062824995
3115.83159383	0.0240624037123
3116.1457531	0.0240624109517
3116.45991236	0.0240624549066
3116.77407163	0.0240622869665
3117.08823089	0.0240622184538
3117.40239016	0.0240622955661
3117.71654942	0.0240623186893
3118.03070869	0.0240623371122
3118.34486795	0.0240623973596
3118.65902722	0.0240624851841
3118.97318648	0.0240625973111
3119.28734575	0.0240627587397
3119.60150501	0.0240629289291
3119.91566428	0.0240629722843
3120.22982355	0.0240626122209
3120.54398281	0.0240624427973
3120.85814208	0.0240623685066
3121.17230134	0.0240619061575
3121.48646061	0.0240615163039
3121.80061987	0.0240613712302
3122.11477914	0.024061239328
3122.4289384	0.0240609108568
3122.74309767	0.0240605797109
3123.05725693	0.0240604888221
3123.3714162	0.0240605430225
3123.68557546	0.0240605460696
3123.99973473	0.024060538918
3124.313894	0.0240605924693
3124.62805326	0.0240606531208
3124.94221253	0.0240606634686
3125.25637179	0.0240606382228
3125.57053106	0.0240606773928
3125.88469032	0.0240606670068
3126.19884959	0.0240604206289
3126.51300885	0.0240600653954
3126.82716812	0.024059831209
3127.14132738	0.0240596792606
3127.45548665	0.0240593386588
3127.76964591	0.0240589690541
3128.08380518	0.0240588650984
3128.39796444	0.0240587489404
3128.71212371	0.0240585417388
3129.02628298	0.0240584960097
3129.34044224	0.0240585171174
3129.65460151	0.0240583338099
3129.96876077	0.0240581944417
3130.28292004	0.0240583406848
3130.5970793	0.024058562255
3130.91123857	0.0240586282794
3131.22539783	0.0240586782715
3131.5395571	0.0240587826119
3131.85371636	0.0240587544459
3132.16787563	0.0240587369379
3132.48203489	0.0240587254718
3132.79619416	0.0240584856011
3133.11035343	0.0240581792157
3133.42451269	0.0240580067297
3133.73867196	0.0240578865525
3134.05283122	0.0240577148983
3134.36699049	0.0240575207976
3134.68114975	0.0240573681172
3134.99530902	0.0240573244713
3135.30946828	0.0240573258264
3135.62362755	0.0240572608919
3135.93778681	0.0240572379524
3136.25194608	0.0240572074093
3136.56610534	0.0240571544164
3136.88026461	0.0240569905998
3137.19442388	0.0240570068471
3137.50858314	0.0240571583075
3137.82274241	0.0240570886253
3138.13690167	0.0240567593628
3138.45106094	0.0240565547507
3138.7652202	0.0240563175615
3139.07937947	0.0240560580032
3139.39353873	0.0240558167021
3139.707698	0.0240556319151
3140.02185726	0.0240554984279
3140.33601653	0.0240553039908
3140.65017579	0.0240551336341
3140.96433506	0.0240551970595
3141.27849432	0.0240554214732
3141.59265359	0.0240554558606
3141.90681286	0.0240553522841
3142.22097212	0.0240551487501
3142.53513139	0.0240548622108
3142.84929065	0.0240549269401
3143.16344992	0.0240546849896
3143.47760918	0.0240543105469
3143.79176845	0.024054229454
3144.10592771	0.0240542895358
3144.42008698	0.024054168421
3144.73424624	0.0240540628133
3145.04840551	0.0240539907796
3145.36256477	0.0240538342211
3145.67672404	0.0240537051672
3145.99088331	0.0240536509677
3146.30504257	0.0240536406838
3146.61920184	0.024053613433
3146.9333611	0.0240535863206
3147.24752037	0.02405360487
3147.56167963	0.0240537051713
3147.8758389	0.0240537941411
3148.18999816	0.0240537671367
3148.50415743	0.0240537704101
3148.81831669	0.0240537223061
3149.13247596	0.0240533251882
3149.44663522	0.0240529746749
3149.76079449	0.024052917185
3150.07495375	0.0240526150409
3150.38911302	0.0240522096093
3150.70327229	0.0240519621903
3151.01743155	0.0240518057293
3151.33159082	0.0240516162001
3151.64575008	0.0240513933854
3151.95990935	0.0240512711217
3152.27406861	0.0240512440123
3152.58822788	0.0240511701806
3152.90238714	0.0240511283701
3153.21654641	0.0240511758395
3153.53070567	0.0240511997467
3153.84486494	0.0240511993299
3154.1590242	0.0240512813309
3154.47318347	0.024051418886
3154.78734274	0.0240513759633
3155.101502	0.0240508308064
3155.41566127	0.0240506508977
3155.72982053	0.0240504949793
3156.0439798	0.0240501125384
3156.35813906	0.024049797556
3156.67229833	0.0240495302922
3156.98645759	0.02404935527
3157.30061686	0.0240491598924
3157.61477612	0.0240489643864
3157.92893539	0.0240489003399
3158.24309465	0.0240489590437
3158.55725392	0.0240490482967
3158.87141318	0.0240491304895
3159.18557245	0.0240492052617
3159.49973172	0.024049270145
3159.81389098	0.0240493296392
3160.12805025	0.0240493604808
3160.44220951	0.0240493681054
3160.75636878	0.0240493794026
3161.07052804	0.0240494587591
3161.38468731	0.0240494843471
3161.69884657	0.0240490497286
3162.01300584	0.0240487421987
3162.3271651	0.024048621839
3162.64132437	0.0240482915228
3162.95548363	0.0240479769429
3163.2696429	0.0240477107669
3163.58380217	0.0240474327046
3163.89796143	0.0240472908448
3164.2121207	0.0240471394612
3164.52627996	0.0240468674274
3164.84043923	0.0240467848382
3165.15459849	0.0240469617649
3165.46875776	0.024047084509
3165.78291702	0.0240471277419
3166.09707629	0.024047234884
3166.41123555	0.0240473072861
3166.72539482	0.0240471039915
3167.03955408	0.0240468823566
3167.35371335	0.0240466288267
3167.66787261	0.0240462038944
3167.98203188	0.0240458932606
3168.29619115	0.0240456985263
3168.61035041	0.0240454634503
3168.92450968	0.0240452124891
3169.23866894	0.0240450760736
3169.55282821	0.0240450332232
3169.86698747	0.0240448740115
3170.18114674	0.0240446992861
3170.495306	0.0240446872476
3170.80946527	0.0240446504905
3171.12362453	0.0240445366709
3171.4377838	0.0240444184321
3171.75194306	0.024044460187
3172.06610233	0.0240445784302
3172.3802616	0.0240446001119
3172.69442086	0.0240445131019
3173.00858013	0.0240442639315
3173.32273939	0.0240441459597
3173.63689866	0.0240440262909
3173.95105792	0.0240437006423
3174.26521719	0.0240435754849
3174.57937645	0.0240434993602
3174.89353572	0.024043189762
3175.20769498	0.0240429100009
3175.52185425	0.0240428509543
3175.83601351	0.0240428009968
3176.15017278	0.0240427139515
3176.46433204	0.0240427068145
3176.77849131	0.0240427374885
3177.09265058	0.0240426695587
3177.40680984	0.0240424572677
3177.72096911	0.0240423758824
3178.03512837	0.0240423449132
3178.34928764	0.0240420215707
3178.6634469	0.0240417961625
3178.97760617	0.0240417475201
3179.29176543	0.0240415134219
3179.6059247	0.0240412666809
3179.92008396	0.0240410759331
3180.23424323	0.0240407729054
3180.54840249	0.0240404897598
3180.86256176	0.024040370276
3181.17672103	0.0240402547023
3181.49088029	0.0240401148584
3181.80503956	0.0240400493939
3182.11919882	0.0240400690687
3182.43335809	0.024040153388
3182.74751735	0.0240401894503
3183.06167662	0.0240400240471
3183.37583588	0.0240397584809
3183.68999515	0.0240396328741
3184.00415441	0.0240394247482
3184.31831368	0.0240390076866
3184.63247294	0.0240387115778
3184.94663221	0.0240387132439
3185.26079147	0.0240384316328
3185.57495074	0.0240380222128
3185.88911001	0.0240379533531
3186.20326927	0.0240379682121
3186.51742854	0.0240378213971
3186.8315878	0.0240377823728
3187.14574707	0.0240378344138
3187.45990633	0.0240378088552
3187.7740656	0.0240377904321
3188.08822486	0.0240378745007
3188.40238413	0.0240379435295
3188.71654339	0.0240379639559
3189.03070266	0.0240380722012
3189.34486192	0.0240382738925
3189.65902119	0.0240383444887
3189.97318046	0.0240381177342
3190.28733972	0.0240378720911
3190.60149899	0.0240377680152
3190.91565825	0.0240373965118
3191.22981752	0.0240369722113
3191.54397678	0.0240368329478
3191.85813605	0.0240366886397
3192.17229531	0.0240363017922
3192.48645458	0.0240359720408
3192.80061384	0.0240359119084
3193.11477311	0.0240359489606
3193.42893237	0.0240359104758
3193.74309164	0.0240358851466
3194.05725091	0.0240359699763
3194.37141017	0.0240360819443
3194.68556944	0.0240360818111
3194.9997287	0.0240360382882
3195.31388797	0.0240360722788
3195.62804723	0.0240360677643
3195.9422065	0.0240358463265
3196.25636576	0.0240354252244
3196.57052503	0.0240353735426
3196.88468429	0.0240353457895
3197.19884356	0.0240347854725
3197.51300282	0.0240343648004
3197.82716209	0.0240343622075
3198.14132135	0.0240341883114
3198.45548062	0.0240338474234
3198.76963989	0.0240337792507
3199.08379915	0.0240337104649
3199.39795842	0.0240334686024
3199.71211768	0.0240334144038
3200.02627695	0.0240336090227
3200.34043621	0.0240337826887
3200.65459548	0.0240338589537
3200.96875474	0.0240339911266
3201.28291401	0.0240341893019
3201.59707327	0.0240342341054
3201.91123254	0.0240342095786
3202.2253918	0.0240341977641
3202.53955107	0.0240338836502
3202.85371034	0.0240334767649
3203.1678696	0.024033325179
3203.48202887	0.0240332222589
3203.79618813	0.0240329756058
3204.1103474	0.0240327303031
3204.42450666	0.0240325894814
3204.73866593	0.0240325009813
3205.05282519	0.0240324625406
3205.36698446	0.0240323713363
3205.68114372	0.0240323036922
3205.99530299	0.0240323436083
3206.30946225	0.024032230291
3206.62362152	0.0240320942645
3206.93778078	0.0240321709596
3207.25194005	0.0240323059806
3207.56609932	0.024032211372
3207.88025858	0.0240319056193
3208.19441785	0.0240317406975
3208.50857711	0.0240315736431
3208.82273638	0.0240313009807
3209.13689564	0.0240310815907
3209.45105491	0.0240309923894
3209.76521417	0.0240308992102
3210.07937344	0.0240306935829
3210.3935327	0.0240305265234
3210.70769197	0.0240305770858
3211.02185123	0.0240307637406
3211.3360105	0.0240308062393
3211.65016977	0.0240307264421
3211.96432903	0.0240305856974
3212.2784883	0.0240304543072
3212.59264756	0.0240305449259
3212.90680683	0.0240303469672
3213.22096609	0.0240301205223
3213.53512536	0.0240301746902
3213.84928462	0.0240303127322
3214.16344389	0.024030187512
3214.47760315	0.0240300679202
3214.79176242	0.0240300421045
3215.10592168	0.0240298567862
3215.42008095	0.0240296667627
3215.73424021	0.0240296021767
3216.04839948	0.0240295562827
3216.36255875	0.0240294927768
3216.67671801	0.0240294640989
3216.99087728	0.0240294417099
3217.30503654	0.0240295325583
3217.61919581	0.0240296939839
3217.93335507	0.0240297132171
3218.24751434	0.0240296812994
3218.5616736	0.024029695579
3218.87583287	0.0240292913385
3219.18999213	0.0240289285587
3219.5041514	0.024028984053
3219.81831066	0.0240285057217
3220.13246993	0.0240280122991
3220.4466292	0.0240279207059
3220.76078846	0.024027830067
3221.07494773	0.0240275852548
3221.38910699	0.0240273689534
3221.70326626	0.0240272204137
3222.01742552	0.0240272050085
3222.33158479	0.0240272004709
3222.64574405	0.0240271419339
3222.95990332	0.0240271737925
3223.27406258	0.0240272491791
3223.58822185	0.0240273044911
3223.90238111	0.0240274187103
3224.21654038	0.0240275567863
3224.53069964	0.0240275481436
3224.84485891	0.0240271294487
3225.15901818	0.0240270038726
3225.47317744	0.0240269036698
3225.78733671	0.0240265315642
3226.10149597	0.0240262670487
3226.41565524	0.0240261472635
3226.7298145	0.0240259668631
3227.04397377	0.0240256937585
3227.35813303	0.0240255211743
3227.6722923	0.0240255564704
3227.98645156	0.0240256273097
3228.30061083	0.0240256409786
3228.61477009	0.0240256851152
3228.92892936	0.0240257857641
3229.24308863	0.024025847413
3229.55724789	0.0240258707018
3229.87140716	0.0240258870524
3230.18556642	0.0240259052136
3230.49972569	0.0240259346893
3230.81388495	0.0240259690219
3231.12804422	0.0240259352371
3231.44220348	0.0240255443782
3231.75636275	0.0240251623484
3232.07052201	0.0240250131674
3232.38468128	0.0240247465322
3232.69884054	0.0240243620043
3233.01299981	0.0240240074013
3233.32715907	0.0240237877569
3233.64131834	0.0240236365288
3233.95547761	0.024023340236
3234.26963687	0.0240230804295
3234.58379614	0.0240230861163
3234.8979554	0.0240232074385
3235.21211467	0.024023233719
3235.52627393	0.0240232588004
3235.8404332	0.0240233603111
3236.15459246	0.0240234485221
3236.46875173	0.0240232588454
3236.78291099	0.024023049189
3237.09707026	0.0240229420504
3237.41122952	0.0240225251933
3237.72538879	0.0240220965582
3238.03954806	0.0240218872231
3238.35370732	0.0240216995792
3238.66786659	0.0240214615708
3238.98202585	0.024021264479
3239.29618512	0.0240210669939
3239.61034438	0.0240208596586
3239.92450365	0.0240207797686
3240.23866291	0.0240207067725
3240.55282218	0.024020608701
3240.86698144	0.0240205394891
3241.18114071	0.0240205122944
3241.49529997	0.0240206129917
3241.80945924	0.0240207713941
3242.1236185	0.0240209350732
3242.43777777	0.0240209979535
3242.75193704	0.0240208494158
3243.0660963	0.0240206636187
3243.38025557	0.0240205870182
3243.69441483	0.0240203772338
3244.0085741	0.0240201439676
3244.32273336	0.0240199735721
3244.63689263	0.0240196753949
3244.95105189	0.024019413817
3245.26521116	0.0240193005437
3245.57937042	0.0240192712269
3245.89352969	0.024019225149
3246.20768895	0.0240191546317
3246.52184822	0.0240191574716
3246.83600749	0.0240190837103
3247.15016675	0.0240189068933
3247.46432602	0.0240189314505
3247.77848528	0.0240187514608
3248.09264455	0.0240184559932
3248.40680381	0.0240184227531
3248.72096308	0.0240184217433
3249.03512234	0.0240181212681
3249.34928161	0.024017862177
3249.66344087	0.0240176829948
3249.97760014	0.0240173848839
3250.2917594	0.0240171130177
3250.60591867	0.024017022945
3250.92007793	0.0240169500487
3251.2342372	0.0240168113399
3251.54839647	0.0240167382263
3251.86255573	0.0240167786338
3252.176715	0.0240168775355
3252.49087426	0.0240168933168
3252.80503353	0.0240167227816
3253.11919279	0.0240165453247
3253.43335206	0.0240164944506
3253.74751132	0.024016309538
3254.06167059	0.0240159442321
3254.37582985	0.0240158351763
3254.68998912	0.0240157146069
3255.00414838	0.0240153561489
3255.31830765	0.0240150902207
3255.63246692	0.024015001912
3255.94662618	0.0240149203442
3256.26078545	0.0240147857581
3256.57494471	0.024014750958
3256.88910398	0.0240147033474
3257.20326324	0.0240145857843
3257.51742251	0.0240145733116
3257.83158177	0.0240146568226
3258.14574104	0.024014693212
3258.4599003	0.0240146542831
3258.77405957	0.0240147160399
3259.08821883	0.0240149326386
3259.4023781	0.0240149464075
3259.71653737	0.0240146461398
3260.03069663	0.0240144094229
3260.3448559	0.0240142128008
3260.65901516	0.0240138284274
3260.97317443	0.0240133995465
3261.28733369	0.0240131825105
3261.60149296	0.0240129867298
3261.91565222	0.0240126174108
3262.22981149	0.0240123187333
3262.54397075	0.0240122537133
3262.85813002	0.0240122409333
3263.17228928	0.0240121802364
3263.48644855	0.0240121542445
3263.80060781	0.0240121956964
3264.11476708	0.0240122495616
3264.42892635	0.0240122507457
3264.74308561	0.0240122323676
3265.05724488	0.0240122715126
3265.37140414	0.0240123346236
3265.68556341	0.0240121559985
3265.99972267	0.0240117578308
3266.31388194	0.0240116232385
3266.6280412	0.0240117015073
3266.94220047	0.0240112849878
3267.25635973	0.0240107341493
3267.570519	0.0240106725147
3267.88467826	0.0240105485408
3268.19883753	0.0240102470731
3268.5129968	0.0240101577436
3268.82715606	0.0240100296003
3269.14131533	0.0240098333453
3269.45547459	0.024009893243
3269.76963386	0.0240100848237
3270.08379312	0.0240101857775
3270.39795239	0.0240102650582
3270.71211165	0.0240104136544
3271.02627092	0.0240105676795
3271.34043018	0.024010589976
3271.65458945	0.0240105972074
3271.96874871	0.0240106070805
3272.28290798	0.0240102716102
3272.59706724	0.0240098167258
3272.91122651	0.0240096678699
3273.22538578	0.0240095537063
3273.53954504	0.024009247024
3273.85370431	0.0240089957636
3274.16786357	0.0240088815203
3274.48202284	0.0240087424439
3274.7961821	0.0240085293152
3275.11034137	0.0240084469663
3275.42450063	0.0240084489044
3275.7386599	0.0240083097964
3276.05281916	0.0240081686354
3276.36697843	0.0240082877966
3276.68113769	0.0240084657806
3276.99529696	0.0240084469761
3277.30945623	0.0240082652114
3277.62361549	0.0240080691886
3277.93777476	0.0240078567428
3278.25193402	0.0240077360061
3278.56609329	0.0240075297246
3278.88025255	0.0240072087343
3279.19441182	0.0240071387653
3279.50857108	0.0240071780515
3279.82273035	0.0240069520434
3280.13688961	0.0240066531471
3280.45104888	0.0240066629236
3280.76520814	0.0240067944375
3281.07936741	0.02400674795
3281.39352667	0.0240066149255
3281.70768594	0.0240065054269
3282.02184521	0.02400650822
3282.33600447	0.0240066035464
3282.65016374	0.0240064030499
3282.964323	0.024006269264
3283.27848227	0.0240065143727
3283.59264153	0.0240067405637
3283.9068008	0.024006656176
3284.22096006	0.0240064586302
3284.53511933	0.0240064011079
3284.84927859	0.0240062846559
3285.16343786	0.0240060346878
3285.47759712	0.0240058484217
3285.79175639	0.0240057855197
3286.10591566	0.0240057366001
3286.42007492	0.0240056489675
3286.73423419	0.0240056046899
3287.04839345	0.0240056987636
3287.36255272	0.0240057816846
3287.67671198	0.0240057691695
3287.99087125	0.0240057448932
3288.30503051	0.0240057693595
3288.61918978	0.0240053961851
3288.93334904	0.0240051681016
3289.24750831	0.0240051503827
3289.56166757	0.0240046328014
3289.87582684	0.024004233696
3290.1899861	0.0240041782378
3290.50414537	0.024004101782
3290.81830464	0.0240039107949
3291.1324639	0.0240037401081
3291.44662317	0.024003590004
3291.76078243	0.0240035916997
3292.0749417	0.0240036369038
3292.38910096	0.0240035935999
3292.70326023	0.0240036111785
3293.01741949	0.0240036912734
3293.33157876	0.0240038001413
3293.64573802	0.0240039842164
3293.95989729	0.0240040930334
3294.27405655	0.0240040365061
3294.58821582	0.024003768331
3294.90237509	0.0240036419077
3295.21653435	0.0240035268466
3295.53069362	0.0240031935363
3295.84485288	0.0240030347388
3296.15901215	0.024002976012
3296.47317141	0.0240026609615
3296.78733068	0.0240023841897
3297.10148994	0.0240023774151
3297.41564921	0.0240023970592
3297.72980847	0.0240023180509
3298.04396774	0.0240022933991
3298.358127	0.0240023204992
3298.67228627	0.0240023507359
3298.98644553	0.0240024036463
3299.3006048	0.0240024609622
3299.61476407	0.0240024671336
3299.92892333	0.0240024938924
3300.2430826	0.0240025510574
3300.55724186	0.0240024853878
3300.87140113	0.02400238094
3301.18556039	0.0240020424396
3301.49971966	0.0240016602434
3301.81387892	0.024001401348
3302.12803819	0.0240011916861
3302.44219745	0.0240008299138
3302.75635672	0.0240005082516
3303.07051598	0.0240003497133
3303.38467525	0.0240000985208
3303.69883452	0.0239998017459
3304.01299378	0.02399973404
3304.32715305	0.0239998193639
3304.64131231	0.0239998470572
3304.95547158	0.0239998525169
3305.26963084	0.0239999444011
3305.58379011	0.0240000292642
3305.89794937	0.0240000546403
3306.21210864	0.0239999850215
3306.5262679	0.0239999122536
3306.84042717	0.0239998833587
3307.15458643	0.0239995369476
3307.4687457	0.0239990553581
3307.78290496	0.0239989471906
3308.09706423	0.0239988596717
3308.4112235	0.0239986054396
3308.72538276	0.0239983151989
3309.03954203	0.0239981047991
3309.35370129	0.0239980353311
3309.66786056	0.0239979367882
3309.98201982	0.0239977970578
3310.29617909	0.023997696116
3310.61033835	0.0239976549737
3310.92449762	0.023997695351
3311.23865688	0.0239978058655
3311.55281615	0.0239979296454
3311.86697541	0.0239980281767
3312.18113468	0.023998147534
3312.49529395	0.0239982657805
3312.80945321	0.0239982715131
3313.12361248	0.0239980909753
3313.43777174	0.0239978073298
3313.75193101	0.0239976350015
3314.06609027	0.0239973898122
3314.38024954	0.0239970065072
3314.6944088	0.0239967249154
3315.00856807	0.0239965647286
3315.32272733	0.0239965059847
3315.6368866	0.0239963877763
3315.95104586	0.0239962868898
3316.26520513	0.0239962191635
3316.5793644	0.0239961330313
3316.89352366	0.0239960564207
3317.20768293	0.0239959778132
3317.52184219	0.0239958277939
3317.83600146	0.0239957210163
3318.15016072	0.0239957828285
3318.46431999	0.0239957105333
3318.77847925	0.0239953305725
3319.09263852	0.0239950807536
3319.40679778	0.0239949182175
3319.72095705	0.0239945785529
3320.03511631	0.023994287095
3320.34927558	0.0239942006667
3320.66343484	0.0239941591405
3320.97759411	0.0239940204287
3321.29175338	0.0239939140746
3321.60591264	0.0239939735275
3321.92007191	0.0239940796461
3322.23423117	0.0239940098271
3322.54839044	0.0239939064263
3322.8625497	0.023993947305
3323.17670897	0.0239939441445
3323.49086823	0.0239937299398
3323.8050275	0.0239935976695
3324.11918676	0.0239936466601
3324.43334603	0.0239932500671
3324.74750529	0.0239929250212
3325.06166456	0.0239929177357
3325.37582383	0.023992841496
3325.68998309	0.0239926562407
3326.00414236	0.0239924664246
3326.31830162	0.0239923900358
3326.63246089	0.0239923312015
3326.94662015	0.0239921877613
3327.26077942	0.0239921303067
3327.57493868	0.0239921736859
3327.88909795	0.0239921933054
3328.20325721	0.0239922063875
3328.51741648	0.0239923457708
3328.83157574	0.0239924872291
3329.14573501	0.0239924123782
3329.45989427	0.0239921116983
3329.77405354	0.0239919328511
3330.08821281	0.0239917243417
3330.40237207	0.0239913153843
3330.71653134	0.0239909171611
3331.0306906	0.0239906822956
3331.34484987	0.0239904260566
3331.65900913	0.0239900677182
3331.9731684	0.0239898052278
3332.28732766	0.0239897181377
3332.60148693	0.0239896443829
3332.91564619	0.0239895493907
3333.22980546	0.023989511717
3333.54396472	0.0239895329854
3333.85812399	0.0239895572833
3334.17228326	0.0239895620783
3334.48644252	0.0239895529137
3334.80060179	0.0239895545499
3335.11476105	0.0239895512319
3335.42892032	0.0239893302147
3335.74307958	0.0239890977479
3336.05723885	0.023988902797
3336.37139811	0.0239887130616
3336.68555738	0.0239884305276
3336.99971664	0.0239880245176
3337.31387591	0.0239877702803
3337.62803517	0.0239876401628
3337.94219444	0.0239874616642
3338.2563537	0.0239872757133
3338.57051297	0.0239871203688
3338.88467224	0.0239870670274
3339.1988315	0.0239871605365
3339.51299077	0.023987259926
3339.82715003	0.0239873085216
3340.1413093	0.0239873747898
3340.45546856	0.0239874808403
3340.76962783	0.0239875402724
3341.08378709	0.0239875674719
3341.39794636	0.0239876639971
3341.71210562	0.0239876664478
3342.02626489	0.0239873392357
3342.34042415	0.0239868727512
3342.65458342	0.0239866742539
3342.96874269	0.0239865679188
3343.28290195	0.0239863008976
3343.59706122	0.0239859828364
3343.91122048	0.02398576121
3344.22537975	0.0239855836129
3344.53953901	0.0239854268995
3344.85369828	0.0239853537404
3345.16785754	0.0239852201204
3345.48201681	0.0239850636249
3345.79617607	0.0239851177212
3346.11033534	0.023985313493
3346.4244946	0.0239854076836
3346.73865387	0.0239853818519
3347.05281313	0.0239853794211
3347.3669724	0.0239853033607
3347.68113167	0.0239850453118
3347.99529093	0.0239849557279
3348.3094502	0.0239849218455
3348.62360946	0.0239845546469
3348.93776873	0.0239843495905
3349.25192799	0.0239843562179
3349.56608726	0.0239841703338
3349.88024652	0.0239838588927
3350.19440579	0.0239837614338
3350.50856505	0.0239838329617
3350.82272432	0.0239838039119
3351.13688358	0.0239836989962
3351.45104285	0.0239836544642
3351.76520212	0.0239836947006
3352.07936138	0.0239836806468
3352.39352065	0.0239835680798
3352.70767991	0.0239836349041
3353.02183918	0.0239838241152
3353.33599844	0.023983976807
3353.65015771	0.0239839420801
3353.96431697	0.023983744867
3354.27847624	0.023983629497
3354.5926355	0.0239834512645
3354.90679477	0.0239831802429
3355.22095403	0.0239829775882
3355.5351133	0.0239828667127
3355.84927256	0.023982751002
3356.16343183	0.0239826450144
3356.4775911	0.0239826684608
3356.79175036	0.0239827486291
3357.10590963	0.0239827150716
3357.42006889	0.0239825886567
3357.73422816	0.0239825802761
3358.04838742	0.0239825105423
3358.36254669	0.0239821560334
3358.67670595	0.0239820662633
3358.99086522	0.0239819150039
3359.30502448	0.0239814593172
3359.61918375	0.0239811915319
3359.93334301	0.0239811350106
3360.24750228	0.0239810526108
3360.56166155	0.02398086821
3360.87582081	0.0239806895567
3361.18998008	0.0239806173421
3361.50413934	0.0239805662066
3361.81829861	0.0239805310246
3362.13245787	0.0239805853938
3362.44661714	0.0239806475075
3362.7607764	0.0239806463388
3363.07493567	0.0239807170937
3363.38909493	0.0239810046886
3363.7032542	0.0239811721791
3364.01741346	0.0239810200789
3364.33157273	0.023980941901
3364.64573199	0.0239808117875
3364.95989126	0.0239805578274
3365.27405053	0.023980441969
3365.58820979	0.0239804269214
3365.90236906	0.0239801241897
3366.21652832	0.023979780192
3366.53068759	0.0239796803592
3366.84484685	0.0239797053268
3367.15900612	0.0239796335585
3367.47316538	0.0239794938457
3367.78732465	0.0239794790621
3368.10148391	0.0239794930908
3368.41564318	0.0239794571968
3368.72980244	0.0239794778866
3369.04396171	0.0239795648058
3369.35812098	0.0239796290858
3369.67228024	0.0239796958033
3369.98643951	0.023979798269
3370.30059877	0.0239797542268
3370.61475804	0.0239794962141
3370.9289173	0.0239791994881
3371.24307657	0.023978869464
3371.55723583	0.0239785829821
3371.8713951	0.023978298414
3372.18555436	0.0239779356448
3372.49971363	0.0239777144891
3372.81387289	0.0239775685775
3373.12803216	0.0239772485434
3373.44219142	0.0239770064186
3373.75635069	0.0239770544998
3374.07050996	0.023977147487
3374.38466922	0.0239771355175
3374.69882849	0.0239771590377
3375.01298775	0.0239772948368
3375.32714702	0.0239773885876
3375.64130628	0.0239774056962
3375.95546555	0.023977424859
3376.26962481	0.0239774163353
3376.58378408	0.0239774193364
3376.89794334	0.0239771339056
3377.21210261	0.0239766923004
3377.52626187	0.0239765617407
3377.84042114	0.0239765205707
3378.15458041	0.023976322905
3378.46873967	0.0239760216783
3378.78289894	0.023975730507
3379.0970582	0.0239757032275
3379.41121747	0.0239757548655
3379.72537673	0.0239755731536
3380.039536	0.0239753758018
3380.35369526	0.0239754180416
3380.66785453	0.0239756256037
3380.98201379	0.0239756918389
3381.29617306	0.0239757016923
3381.61033232	0.0239758233436
3381.92449159	0.0239759041204
3382.23865086	0.0239758977264
3382.55281012	0.0239758725525
3382.86696939	0.0239757607754
3383.18112865	0.0239755558921
3383.49528792	0.023975404955
3383.80944718	0.0239751670697
3384.12360645	0.023974803734
3384.43776571	0.0239745510421
3384.75192498	0.0239743908394
3385.06608424	0.0239742845731
3385.38024351	0.0239741345805
3385.69440277	0.0239739742987
3386.00856204	0.0239738648592
3386.3227213	0.0239737312033
3386.63688057	0.0239736629202
3386.95103984	0.0239735271014
3387.2651991	0.0239733367384
3387.57935837	0.0239733719529
3387.89351763	0.0239735279057
3388.2076769	0.0239735091272
3388.52183616	0.0239732040161
3388.83599543	0.0239729885668
3389.15015469	0.0239729377432
3389.46431396	0.0239726822679
3389.77847322	0.0239723539253
3390.09263249	0.0239722429712
3390.40679175	0.0239722542752
3390.72095102	0.023972149622
3391.03511029	0.023971988407
3391.34926955	0.0239719430224
3391.66342882	0.023972030284
3391.97758808	0.0239720250132
3392.29174735	0.0239719728855
3392.60590661	0.0239720275337
3392.92006588	0.0239720236205
3393.23422514	0.0239718574683
3393.54838441	0.0239718721198
3393.86254367	0.0239718331316
3394.17670294	0.0239714611247
3394.4908622	0.023971255278
3394.80502147	0.0239713483874
3395.11918073	0.0239713220421
3395.43334	0.0239710267929
3395.74749927	0.0239707209325
3396.06165853	0.0239705757393
3396.3758178	0.0239705114105
3396.68997706	0.0239703329109
3397.00413633	0.0239701688667
3397.31829559	0.0239701332269
3397.63245486	0.0239701201092
3397.94661412	0.0239701933919
3398.26077339	0.023970371961
3398.57493265	0.0239704386373
3398.88909192	0.0239702968955
3399.20325118	0.0239700599486
3399.51741045	0.0239699388208
3399.83156972	0.0239696224104
3400.14572898	0.0239693019856
3400.45988825	0.0239689871855
3400.77404751	0.0239686373912
3401.08820678	0.0239683729244
3401.40236604	0.0239681604248
3401.71652531	0.0239679694649
3402.03068457	0.0239678317159
3402.34484384	0.0239677386172
3402.6590031	0.0239676893573
3402.97316237	0.0239676580415
3403.28732163	0.0239676111575
3403.6014809	0.0239676456996
3403.91564016	0.0239677332036
3404.22979943	0.0239677732646
3404.5439587	0.0239678286754
3404.85811796	0.0239679490653
3405.17227723	0.0239678515108
3405.48643649	0.0239675586193
3405.80059576	0.0239673956448
3406.11475502	0.0239672067209
3406.42891429	0.0239668703827
3406.74307355	0.023966523495
3407.05723282	0.0239663323319
3407.37139208	0.0239661787521
3407.68555135	0.0239658806201
3407.99971061	0.0239656988027
3408.31386988	0.023965714791
3408.62802915	0.0239656998625
3408.94218841	0.0239656827694
3409.25634768	0.0239657499381
3409.57050694	0.0239658352258
3409.88466621	0.0239658938367
3410.19882547	0.0239659457352
3410.51298474	0.0239659707935
3410.827144	0.0239659731422
3411.14130327	0.0239660594744
3411.45546253	0.0239660708389
3411.7696218	0.0239656931632
3412.08378106	0.0239652321289
3412.39794033	0.023965063098
3412.71209959	0.0239649258655
3413.02625886	0.0239646374351
3413.34041813	0.0239642280754
3413.65457739	0.0239638979634
3413.96873666	0.0239637540097
3414.28289592	0.0239636592486
3414.59705519	0.0239633946257
3414.91121445	0.0239631141044
3415.22537372	0.0239631057215
3415.53953298	0.0239633055259
3415.85369225	0.0239634141429
3416.16785151	0.023963389715
3416.48201078	0.0239634202176
3416.79617004	0.0239635192777
3417.11032931	0.0239634927589
3417.42448858	0.023963356808
3417.73864784	0.0239631483115
3418.05280711	0.0239631088084
3418.36696637	0.0239629706416
3418.68112564	0.0239626056786
3418.9952849	0.0239624733352
3419.30944417	0.023962299435
3419.62360343	0.0239620665749
3419.9377627	0.0239620252123
3420.25192196	0.0239619639721
3420.56608123	0.0239617654876
3420.88024049	0.023961594956
3421.19439976	0.0239616360129
3421.50855902	0.0239616204946
3421.82271829	0.0239614130435
3422.13687756	0.0239614178914
3422.45103682	0.0239616910937
3422.76519609	0.0239618769968
3423.07935535	0.0239619401342
3423.39351462	0.0239619192006
3423.70767388	0.0239617806193
3424.02183315	0.0239616916165
3424.33599241	0.0239614734665
3424.65015168	0.02396111816
3424.96431094	0.0239609047088
3425.27847021	0.0239608131684
3425.59262947	0.0239606458851
3425.90678874	0.0239604925837
3426.22094801	0.0239605130958
3426.53510727	0.0239605395052
3426.84926654	0.023960446537
3427.1634258	0.0239603216965
3427.47758507	0.0239602493872
3427.79174433	0.0239601257119
3428.1059036	0.0239599368006
3428.42006286	0.0239598336775
3428.73422213	0.0239596201516
3429.04838139	0.0239593252605
3429.36254066	0.0239591734296
3429.67669992	0.0239591489534
3429.99085919	0.0239589559315
3430.30501845	0.0239586968436
3430.61917772	0.0239586150513
3430.93333699	0.0239585048989
3431.24749625	0.0239584148322
3431.56165552	0.0239584126278
3431.87581478	0.0239583852643
3432.18997405	0.0239583394823
3432.50413331	0.0239583608227
3432.81829258	0.0239584505472
3433.13245184	0.0239586716672
3433.44661111	0.0239587673818
3433.76077037	0.0239586011547
3434.07492964	0.0239585860403
3434.3890889	0.0239584617021
3434.70324817	0.0239582618312
3435.01740744	0.0239583678431
3435.3315667	0.0239580992149
3435.64572597	0.0239576215464
3435.95988523	0.023957528779
3436.2740445	0.0239575818797
3436.58820376	0.0239574558628
3436.90236303	0.0239572838707
3437.21652229	0.023957199422
3437.53068156	0.0239571505482
3437.84484082	0.0239571183215
3438.15900009	0.0239571242059
3438.47315935	0.02395712885
3438.78731862	0.0239571515843
3439.10147789	0.0239572784744
3439.41563715	0.0239574201367
3439.72979642	0.0239573327964
3440.04395568	0.0239570895345
3440.35811495	0.0239570769817
3440.67227421	0.0239568099185
3440.98643348	0.0239562325067
3441.30059274	0.023956021375
3441.61475201	0.0239559286848
3441.92891127	0.0239555953487
3442.24307054	0.0239552729606
3442.5572298	0.0239551390255
3442.87138907	0.0239550715113
3443.18554833	0.0239549760272
3443.4997076	0.0239549831432
3443.81386687	0.0239550883494
3444.12802613	0.0239551556122
3444.4421854	0.023955209913
3444.75634466	0.0239553409286
3445.07050393	0.0239554592176
3445.38466319	0.0239554770956
3445.69882246	0.0239555694245
3446.01298172	0.0239557070576
3446.32714099	0.0239558009584
3446.64130025	0.0239555256621
3446.95545952	0.023955224066
3447.26961878	0.023955248271
3447.58377805	0.0239551406401
3447.89793732	0.0239547743554
3448.21209658	0.023954457024
3448.52625585	0.0239544026853
3448.84041511	0.0239543726763
3449.15457438	0.0239542197338
3449.46873364	0.0239540330292
3449.78289291	0.0239540019792
3450.09705217	0.023954128873
3450.41121144	0.0239542334669
3450.7253707	0.0239542674549
3451.03952997	0.0239542957958
3451.35368923	0.0239543950518
3451.6678485	0.0239545294762
3451.98200776	0.0239544999285
3452.29616703	0.0239543539019
3452.6103263	0.0239542999978
3452.92448556	0.0239541808232
3453.23864483	0.0239538664203
3453.55280409	0.0239535849102
3453.86696336	0.0239533592361
3454.18112262	0.023953118898
3454.49528189	0.0239529233263
3454.80944115	0.0239527628944
3455.12360042	0.0239526068042
3455.43775968	0.0239524530552
3455.75191895	0.0239523647722
3456.06607821	0.0239522975384
3456.38023748	0.0239521245691
3456.69439675	0.0239520362769
3457.00855601	0.023952141477
3457.32271528	0.0239522917923
3457.63687454	0.0239522995476
3457.95103381	0.0239522284294
3458.26519307	0.0239520717973
3458.57935234	0.023951891086
3458.8935116	0.0239518630045
3459.20767087	0.0239516871284
3459.52183013	0.0239513714714
3459.8359894	0.0239512337253
3460.15014866	0.0239512357948
3460.46430793	0.0239512053043
3460.77846719	0.0239511821456
3461.09262646	0.0239511626788
3461.40678573	0.0239511119343
3461.72094499	0.0239510576348
3462.03510426	0.0239510573498
3462.34926352	0.0239509609554
3462.66342279	0.0239508501051
3462.97758205	0.0239507732132
3463.29174132	0.0239505994397
3463.60590058	0.0239505265011
3463.92005985	0.0239506905805
3464.23421911	0.0239507309402
3464.54837838	0.0239505043016
3464.86253764	0.0239503800127
3465.17669691	0.0239501856272
3465.49085618	0.0239498437173
3465.80501544	0.0239496276507
3466.11917471	0.0239494523072
3466.43333397	0.0239491870933
3466.74749324	0.0239489980343
3467.0616525	0.0239489044838
3467.37581177	0.0239489219707
3467.68997103	0.0239490542148
3468.0041303	0.0239491075149
3468.31828956	0.0239490579183
3468.63244883	0.0239489257012
3468.94660809	0.0239487445179
3469.26076736	0.0239485182352
3469.57492662	0.023948300941
3469.88908589	0.02394790675
3470.20324516	0.0239474873492
3470.51740442	0.0239472903991
3470.83156369	0.0239471789035
3471.14572295	0.023946944354
3471.45988222	0.0239467092075
3471.77404148	0.0239466045252
3472.08820075	0.0239465920019
3472.40236001	0.0239465635819
3472.71651928	0.0239465046421
3473.03067854	0.0239465292248
3473.34483781	0.0239465851272
3473.65899707	0.0239466236761
3473.97315634	0.0239467054083
3474.28731561	0.0239468019805
3474.60147487	0.023946699549
3474.91563414	0.0239464702397
3475.2297934	0.0239464054703
3475.54395267	0.0239462656303
3475.85811193	0.0239458439015
3476.1722712	0.0239456753258
3476.48643046	0.0239455902152
3476.80058973	0.0239452280483
3477.11474899	0.023944999403
3477.42890826	0.0239449313163
3477.74306752	0.0239448097208
3478.05722679	0.0239446886997
3478.37138605	0.0239446613762
3478.68554532	0.0239446802535
3478.99970459	0.0239446782522
3479.31386385	0.0239446860257
3479.62802312	0.0239447322354
3479.94218238	0.0239447686001
3480.25634165	0.0239447910732
3480.57050091	0.0239448500987
3480.88466018	0.0239449455398
3481.19881944	0.0239448040151
3481.51297871	0.0239442389431
3481.82713797	0.0239440411
3482.14129724	0.0239438052693
3482.4554565	0.0239433967696
3482.76961577	0.0239430794477
3483.08377504	0.0239427556642
3483.3979343	0.023942559943
3483.71209357	0.0239424277782
3484.02625283	0.0239421058843
3484.3404121	0.0239418724646
3484.65457136	0.0239419228631
3484.96873063	0.0239420451113
3485.28288989	0.0239421074659
3485.59704916	0.0239421627476
3485.91120842	0.0239422272962
3486.22536769	0.0239422719752
3486.53952695	0.023942289494
3486.85368622	0.0239422611384
3487.16784548	0.023942169149
3487.48200475	0.0239420095234
3487.79616402	0.0239418381712
3488.11032328	0.0239417419781
3488.42448255	0.0239414561284
3488.73864181	0.023941151741
3489.05280108	0.0239409818265
3489.36696034	0.0239408739182
3489.68111961	0.0239407792706
3489.99527887	0.0239406294987
3490.30943814	0.0239404717886
3490.6235974	0.0239404645801
3490.93775667	0.0239403583061
3491.25191593	0.0239401914689
3491.5660752	0.0239402399785
3491.88023447	0.0239404256303
3492.19439373	0.0239405341749
3492.508553	0.0239405932118
3492.82271226	0.023940669166
3493.13687153	0.0239405775018
3493.45103079	0.0239404598605
3493.76519006	0.0239403189615
3494.07934932	0.023940059265
3494.39350859	0.0239398036638
3494.70766785	0.0239396160477
3495.02182712	0.0239394779314
3495.33598638	0.0239393127068
3495.65014565	0.0239391752544
3495.96430492	0.023939135578
3496.27846418	0.0239390567389
3496.59262345	0.0239389364238
3496.90678271	0.0239388674283
3497.22094198	0.0239387785238
3497.53510124	0.0239387199473
3497.84926051	0.0239386252472
3498.16341977	0.0239384999631
3498.47757904	0.0239385080623
3498.7917383	0.0239385576259
3499.10589757	0.0239384411862
3499.42005683	0.0239381909119
3499.7342161	0.0239381491569
3500.04837536	0.0239379462032
3500.36253463	0.0239376855782
3500.6766939	0.0239375955825
3500.99085316	0.0239375673086
3501.30501243	0.0239374527839
3501.61917169	0.0239373307679
3501.93333096	0.0239372671575
3502.24749022	0.0239372037808
3502.56164949	0.0239373154863
3502.87580875	0.0239374740638
3503.18996802	0.0239373972085
3503.50412728	0.0239372820151
3503.81828655	0.0239373344353
3504.13244581	0.0239372389172
3504.44660508	0.0239371730197
3504.76076435	0.0239370797369
3505.07492361	0.0239367422216
3505.38908288	0.0239364734091
3505.70324214	0.0239364656778
3506.01740141	0.0239364039899
3506.33156067	0.0239361601743
3506.64571994	0.0239359254499
3506.9598792	0.0239357840212
3507.27403847	0.0239357029685
3507.58819773	0.0239356516827
3507.902357	0.0239355875194
3508.21651626	0.0239355752165
3508.53067553	0.0239356591238
3508.84483479	0.0239358008548
3509.15899406	0.023935761905
3509.47315333	0.0239354840063
3509.78731259	0.0239354513776
3510.10147186	0.0239354194931
3510.41563112	0.0239349638024
3510.72979039	0.0239344550632
3511.04394965	0.0239344386979
3511.35810892	0.0239342741144
3511.67226818	0.0239337755692
3511.98642745	0.023933510454
3512.30058671	0.0239335317707
3512.61474598	0.0239334903201
3512.92890524	0.0239333548477
3513.24306451	0.0239334342663
3513.55722378	0.0239336049335
3513.87138304	0.0239336488999
3514.18554231	0.0239336872325
3514.49970157	0.0239338218314
3514.81386084	0.0239339651976
3515.1280201	0.0239340291897
3515.44217937	0.0239340694758
3515.75633863	0.0239342803847
3516.0704979	0.023934415057
3516.38465716	0.0239341487551
3516.69881643	0.0239339987642
3517.01297569	0.0239339499188
3517.32713496	0.0239336370017
3517.64129422	0.0239333685383
3517.95545349	0.0239332605599
3518.26961276	0.0239331374998
3518.58377202	0.0239329312467
3518.89793129	0.0239327676979
3519.21209055	0.0239327453544
3519.52624982	0.0239327713837
3519.84040908	0.023932764443
3520.15456835	0.0239327734733
3520.46872761	0.0239328417346
3520.78288688	0.0239329064833
3521.09704614	0.0239329252534
3521.41120541	0.0239330152612
3521.72536467	0.0239331281525
3522.03952394	0.023933050899
3522.35368321	0.0239327154987
3522.66784247	0.0239324220429
3522.98200174	0.0239323736508
3523.296161	0.0239320706389
3523.61032027	0.0239316317171
3523.92447953	0.0239314729256
3524.2386388	0.0239314013651
3524.55279806	0.0239312342622
3524.86695733	0.0239310380062
3525.18111659	0.0239309871769
3525.49527586	0.0239309334917
3525.80943512	0.0239307159531
3526.12359439	0.0239306773307
3526.43775365	0.0239308927743
3526.75191292	0.0239310277336
3527.06607219	0.0239310450652
3527.38023145	0.0239311077261
3527.69439072	0.0239311132914
3528.00854998	0.0239310321471
3528.32270925	0.0239309316954
3528.63686851	0.0239308470678
3528.95102778	0.0239306468127
3529.26518704	0.0239303799418
3529.57934631	0.0239302433252
3529.89350557	0.0239301509632
3530.20766484	0.0239300389078
3530.5218241	0.0239299797716
3530.83598337	0.0239299227523
3531.15014264	0.0239298594852
3531.4643019	0.0239298446869
3531.77846117	0.0239298415279
3532.09262043	0.0239297669878
3532.4067797	0.0239297036542
3532.72093896	0.0239296534155
3533.03509823	0.0239296368526
3533.34925749	0.023929693085
3533.66341676	0.0239297120391
3533.97757602	0.0239295701392
3534.29173529	0.0239294029315
3534.60589455	0.0239292689631
3534.92005382	0.0239290766315
3535.23421308	0.0239288366493
3535.54837235	0.0239287067783
3535.86253162	0.0239285341704
3536.17669088	0.0239282181198
3536.49085015	0.0239280176548
3536.80500941	0.0239280164484
3537.11916868	0.0239280470419
3537.43332794	0.023928049036
3537.74748721	0.023928014449
3538.06164647	0.0239279897611
3538.37580574	0.023927752782
3538.689965	0.0239275868878
3539.00412427	0.023927649216
3539.31828353	0.0239272617881
3539.6324428	0.0239269520498
3539.94660207	0.0239269594973
3540.26076133	0.0239268639975
3540.5749206	0.0239267083943
3540.88907986	0.0239265592299
3541.20323913	0.0239263026247
3541.51739839	0.0239261105243
3541.83155766	0.0239260844688
3542.14571692	0.023926060912
3542.45987619	0.0239259748913
3542.77403545	0.023925960674
3543.08819472	0.0239260140664
3543.40235398	0.0239260741355
3543.71651325	0.0239261284403
3544.03067251	0.0239260928863
3544.34483178	0.023926041674
3544.65899105	0.0239261188232
3544.97315031	0.0239260731128
3545.28730958	0.0239257903093
3545.60146884	0.0239255225204
3545.91562811	0.0239256431098
3546.22978737	0.0239254749339
3546.54394664	0.0239249582216
3546.8581059	0.023924724313
3547.17226517	0.0239247033847
3547.48642443	0.0239245242026
3547.8005837	0.0239242751247
3548.11474296	0.0239241485994
3548.42890223	0.023924092809
3548.7430615	0.0239240262929
3549.05722076	0.0239240094682
3549.37138003	0.0239240319735
3549.68553929	0.0239240577816
3549.99969856	0.0239241317863
3550.31385782	0.0239242626381
3550.62801709	0.0239243573566
3550.94217635	0.0239241566676
3551.25633562	0.0239236407185
3551.57049488	0.0239235215723
3551.88465415	0.0239231908866
3552.19881341	0.0239227011506
3552.51297268	0.0239223741768
3552.82713194	0.0239221893808
3553.14129121	0.0239220172549
3553.45545048	0.0239217119384
3553.76960974	0.0239214882709
3554.08376901	0.0239215202172
3554.39792827	0.0239216230703
3554.71208754	0.0239216692629
3555.0262468	0.0239217260688
3555.34040607	0.0239218552597
3555.65456533	0.0239219655934
3555.9687246	0.0239219997554
3556.28288386	0.0239220189138
3556.59704313	0.0239221147477
3556.91120239	0.0239221771421
3557.22536166	0.0239218720365
3557.53952093	0.0239215406146
3557.85368019	0.0239215706126
3558.16783946	0.0239214267076
3558.48199872	0.0239209575581
3558.79615799	0.023920706319
3559.11031725	0.0239207374982
3559.42447652	0.0239205746181
3559.73863578	0.0239203033747
3560.05279505	0.0239202228665
3560.36695431	0.0239201341239
3560.68111358	0.023919988803
3560.99527284	0.0239200064707
3561.30943211	0.0239201639104
3561.62359138	0.0239202619722
3561.93775064	0.023920313538
3562.25190991	0.0239203924179
3562.56606917	0.0239204098059
3562.88022844	0.0239202482479
3563.1943877	0.0239201791619
3563.50854697	0.0239199663337
3563.82270623	0.0239194913112
3564.1368655	0.0239192171577
3564.45102476	0.0239191228052
3564.76518403	0.0239188882157
3565.07934329	0.0239186143183
3565.39350256	0.0239184617776
3565.70766182	0.0239183532599
3566.02182109	0.0239181512677
3566.33598036	0.0239180506934
3566.65013962	0.0239179804793
3566.96429889	0.0239178494967
3567.27845815	0.0239177150995
3567.59261742	0.0239176253346
3567.90677668	0.0239176788455
3568.22093595	0.0239177433513
3568.53509521	0.0239177412151
3568.84925448	0.0239176633666
3569.16341374	0.0239174414993
3569.47757301	0.0239174456824
3569.79173227	0.0239173766864
3570.10589154	0.0239169595128
3570.42005081	0.023916794392
3570.73421007	0.0239167929889
3571.04836934	0.023916610151
3571.3625286	0.0239163527794
3571.67668787	0.0239162414655
3571.99084713	0.0239162622466
3572.3050064	0.0239163179148
3572.61916566	0.0239163337079
3572.93332493	0.0239163386179
3573.24748419	0.0239162859121
3573.56164346	0.0239162263475
3573.87580272	0.0239163052275
3574.18996199	0.0239162025237
3574.50412125	0.0239160442264
3574.81828052	0.0239160500202
3575.13243979	0.0239159923568
3575.44659905	0.0239157972576
3575.76075832	0.0239156486128
3576.07491758	0.0239154499433
3576.38907685	0.0239151701755
3576.70323611	0.0239149770333
3577.01739538	0.0239149035964
3577.33155464	0.0239148470124
3577.64571391	0.023914755976
3577.95987317	0.0239147107807
3578.27403244	0.0239148168841
3578.5881917	0.0239149503288
3578.90235097	0.0239148463346
3579.21651024	0.0239146037204
3579.5306695	0.0239145899951
3579.84482877	0.0239144943028
3580.15898803	0.0239140920279
3580.4731473	0.0239137875272
3580.78730656	0.0239137929976
3581.10146583	0.0239135126215
3581.41562509	0.0239130391302
3581.72978436	0.0239129118713
3582.04394362	0.0239129608219
3582.35810289	0.023912829561
3582.67226215	0.0239126415518
3582.98642142	0.0239126928222
3583.30058068	0.0239128058972
3583.61473995	0.0239128162603
3583.92889922	0.0239128414967
3584.24305848	0.0239129328112
3584.55721775	0.0239130160093
3584.87137701	0.0239131240549
3585.18553628	0.0239133069393
3585.49969554	0.0239134078743
3585.81385481	0.0239133708126
3586.12801407	0.023913167994
3586.44217334	0.0239131172219
3586.7563326	0.0239129176865
3587.07049187	0.0239124747532
3587.38465113	0.0239123418714
3587.6988104	0.0239122772792
3588.01296967	0.0239119093747
3588.32712893	0.0239115991238
3588.6412882	0.0239115512739
3588.95544746	0.0239115457164
3589.26960673	0.023911488227
3589.58376599	0.0239114579282
3589.89792526	0.023911499664
3590.21208452	0.0239115962354
3590.52624379	0.0239116345308
3590.84040305	0.0239116343219
3591.15456232	0.0239117034885
3591.46872158	0.0239117784211
3591.78288085	0.0239116544623
3592.09704011	0.023911295406
3592.41119938	0.0239111757557
3592.72535865	0.0239110535043
3593.03951791	0.0239106254733
3593.35367718	0.023910350895
3593.66783644	0.0239102305726
3593.98199571	0.0239100394995
3594.29615497	0.023909828907
3594.61031424	0.0239097455827
3594.9244735	0.0239096567938
3595.23863277	0.023909499059
3595.55279203	0.0239094939448
3595.8669513	0.0239096638506
3596.18111056	0.0239098264853
3596.49526983	0.0239099267754
3596.8094291	0.023910041172
3597.12358836	0.0239102467992
3597.43774763	0.0239103538021
3597.75190689	0.0239103643043
3598.06606616	0.023910472735
3598.38022542	0.0239104701033
3598.69438469	0.0239101264858
3599.00854395	0.0239098750258
3599.32270322	0.0239098052627
3599.63686248	0.0239096876018
3599.95102175	0.0239095204374
3600.26518101	0.0239093563544
3600.57934028	0.0239092634186
3600.89349954	0.0239092601784
3601.20765881	0.0239092021084
3601.52181808	0.023909144191
3601.83597734	0.0239091235389
3602.15013661	0.0239090863339
3602.46429587	0.0239090761469
3602.77845514	0.0239091616299
3603.0926144	0.0239092870066
3603.40677367	0.02390932604
3603.72093293	0.0239092304829
3604.0350922	0.0239090864741
3604.34925146	0.0239089243443
3604.66341073	0.023908723632
3604.97756999	0.023908480202
3605.29172926	0.0239082784268
3605.60588853	0.0239080674462
3605.92004779	0.0239077712963
3606.23420706	0.0239075320265
3606.54836632	0.0239075022259
3606.86252559	0.0239075834284
3607.17668485	0.0239075694208
3607.49084412	0.0239074731122
3607.80500338	0.0239073879972
3608.11916265	0.0239071561126
3608.43332191	0.0239072347776
3608.74748118	0.0239071059145
3609.06164044	0.0239066984473
3609.37579971	0.0239067141233
3609.68995897	0.0239069345216
3610.00411824	0.0239068262932
3610.31827751	0.0239065921767
3610.63243677	0.0239065366261
3610.94659604	0.0239064133053
3611.2607553	0.0239062157208
3611.57491457	0.0239060928485
3611.88907383	0.0239060832853
3612.2032331	0.0239060853384
3612.51739236	0.0239060460866
3612.83155163	0.0239060328671
3613.14571089	0.0239061303711
3613.45987016	0.0239062048652
3613.77402942	0.0239061260114
3614.08818869	0.0239061807171
3614.40234796	0.0239062430966
3614.71650722	0.0239060708172
3615.03066649	0.0239056684734
3615.34482575	0.0239058058076
3615.65898502	0.0239056114962
3615.97314428	0.0239051425408
3616.28730355	0.0239049736957
3616.60146281	0.0239049455609
3616.91562208	0.0239047567406
3617.22978134	0.0239044831342
3617.54394061	0.0239042933068
3617.85809987	0.0239042108768
3618.17225914	0.0239040860096
3618.48641841	0.0239039516773
3618.80057767	0.0239039182372
3619.11473694	0.0239039107627
3619.4288962	0.0239039091975
3619.74305547	0.023904004448
3620.05721473	0.0239041288691
3620.371374	0.0239041309888
3620.68553326	0.0239038630779
3620.99969253	0.0239034969167
3621.31385179	0.0239033785888
3621.62801106	0.0239030323253
3621.94217032	0.0239025559953
3622.25632959	0.0239023274359
3622.57048885	0.023902203109
3622.88464812	0.0239019100696
3623.19880739	0.0239016278683
3623.51296665	0.0239015704874
3623.82712592	0.0239016167801
3624.14128518	0.0239016243008
3624.45544445	0.0239016364789
3624.76960371	0.0239016987632
3625.08376298	0.0239017956751
3625.39792224	0.0239018514935
3625.71208151	0.0239018887942
3626.02624077	0.0239019906498
3626.34040004	0.0239021003833
3626.6545593	0.0239020821191
3626.96871857	0.0239019068864
3627.28287784	0.0239016645099
3627.5970371	0.0239015930079
3627.91119637	0.0239013958204
3628.22535563	0.0239009419192
3628.5395149	0.0239007198885
3628.85367416	0.0239006713337
3629.16783343	0.0239004074963
3629.48199269	0.0239001760383
3629.79615196	0.0239000505456
3630.11031122	0.023899882596
3630.42447049	0.0238998354991
3630.73862975	0.023899921074
3631.05278902	0.0238999842024
3631.36694828	0.023900005758
3631.68110755	0.0239000795222
3631.99526682	0.0239001626557
3632.30942608	0.0239001200633
3632.62358535	0.0239000638827
3632.93774461	0.0239000113378
3633.25190388	0.0238997608948
3633.56606314	0.0238992752974
3633.88022241	0.023898929263
3634.19438167	0.023898850325
3634.50854094	0.0238986720193
3634.8227002	0.0238983346352
3635.13685947	0.0238981197023
3635.45101873	0.0238980122629
3635.765178	0.0238978714227
3636.07933727	0.0238978057946
3636.39349653	0.0238977432041
3636.7076558	0.0238976069298
3637.02181506	0.0238975251075
3637.33597433	0.023897655279
3637.65013359	0.0238978166088
3637.96429286	0.0238978792295
3638.27845212	0.0238979042957
3638.59261139	0.0238978792973
3638.90677065	0.023897631348
3639.22092992	0.0238975360547
3639.53508918	0.0238975003056
3639.84924845	0.0238971587256
3640.16340771	0.0238969116628
3640.47756698	0.0238968494598
3640.79172625	0.0238967565431
3641.10588551	0.0238966238646
3641.42004478	0.0238964820259
3641.73420404	0.0238964310688
3642.04836331	0.0238964686025
3642.36252257	0.0238964405313
3642.67668184	0.0238963242182
3642.9908411	0.0238962158313
3643.30500037	0.0238962117731
3643.61915963	0.0238961255894
3643.9333189	0.0238959499497
3644.24747816	0.0238959263227
3644.56163743	0.0238960508587
3644.8757967	0.0238960385224
3645.18995596	0.0238957937434
3645.50411523	0.0238956065488
3645.81827449	0.0238954996151
3646.13243376	0.0238952789753
3646.44659302	0.0238950354535
3646.76075229	0.0238949039008
3647.07491155	0.023894846325
3647.38907082	0.0238947782811
3647.70323008	0.0238947486308
3648.01738935	0.0238948344098
3648.33154861	0.0238948780934
3648.64570788	0.0238947587988
3648.95986714	0.0238946446217
3649.27402641	0.0238945878963
3649.58818568	0.0238944625592
3649.90234494	0.0238942073998
3650.21650421	0.0238940198237
3650.53066347	0.0238939667226
3650.84482274	0.0238936413538
3651.158982	0.0238932909997
3651.47314127	0.0238932532815
3651.78730053	0.0238933037818
3652.1014598	0.0238931376093
3652.41561906	0.0238930160596
3652.72977833	0.0238930480713
3653.04393759	0.0238930243909
3653.35809686	0.0238929678611
3653.67225613	0.0238929860065
3653.98641539	0.0238930444387
3654.30057466	0.0238930280361
3654.61473392	0.0238931436557
3654.92889319	0.0238934084635
3655.24305245	0.0238934518292
3655.55721172	0.0238933076295
3655.87137098	0.0238932040784
3656.18553025	0.0238931160622
3656.49968951	0.023892716748
3656.81384878	0.0238923537191
3657.12800804	0.0238922564617
3657.44216731	0.0238919819805
3657.75632657	0.0238915231232
3658.07048584	0.0238912900276
3658.38464511	0.0238912861026
3658.69880437	0.0238912342544
3659.01296364	0.0238911036037
3659.3271229	0.023891076765
3659.64128217	0.0238911729507
3659.95544143	0.0238912080776
3660.2696007	0.0238911506507
3660.58375996	0.0238911667435
3660.89791923	0.0238912547179
3661.21207849	0.0238912754439
3661.52623776	0.0238911131873
3661.84039702	0.0238907686623
3662.15455629	0.0238906410223
3662.46871556	0.0238904909702
3662.78287482	0.023890051313
3663.09703409	0.0238896717528
3663.41119335	0.0238895451053
3663.72535262	0.023889368796
3664.03951188	0.0238891845519
3664.35367115	0.023889050051
3664.66783041	0.0238889140807
3664.98198968	0.0238888928668
3665.29614894	0.0238890044701
3665.61030821	0.0238891503453
3665.92446747	0.0238892739873
3666.23862674	0.0238894085163
3666.552786	0.0238895727018
3666.86694527	0.0238897005972
3667.18110454	0.0238897903066
3667.4952638	0.0238898660348
3667.80942307	0.0238900112697
3668.12358233	0.0238899451151
3668.4377416	0.0238895566043
3668.75190086	0.0238893716355
3669.06606013	0.0238894064554
3669.38021939	0.0238892579953
3669.69437866	0.0238889776626
3670.00853792	0.023888804534
3670.32269719	0.0238887424896
3670.63685645	0.02388868536
3670.95101572	0.0238885806137
3671.26517499	0.0238885155591
3671.57933425	0.0238884407954
3671.89349352	0.0238884060365
3672.20765278	0.0238885184446
3672.52181205	0.0238886539578
3672.83597131	0.0238887194371
3673.15013058	0.0238887672798
3673.46428984	0.0238887324323
3673.77844911	0.0238885840806
3674.09260837	0.0238883549952
3674.40676764	0.0238881438563
3674.7209269	0.0238879973578
3675.03508617	0.0238878352863
3675.34924543	0.0238876941517
3675.6634047	0.0238874547968
3675.97756397	0.0238872162258
3676.29172323	0.0238872456925
3676.6058825	0.0238873575486
3676.92004176	0.0238872829115
3677.23420103	0.0238871707619
3677.54836029	0.0238870633082
3677.86251956	0.0238870352992
3678.17667882	0.0238870939681
3678.49083809	0.0238867989386
3678.80499735	0.0238866580411
3679.11915662	0.0238869515468
3679.43331588	0.023887147716
3679.74747515	0.0238870070552
3680.06163442	0.0238868303107
3680.37579368	0.0238868386476
3680.68995295	0.0238867380763
3681.00411221	0.0238865341453
3681.31827148	0.0238864204899
3681.63243074	0.0238863931414
3681.94659001	0.0238863797253
3682.26074927	0.0238863736753
3682.57490854	0.0238864210419
3682.8890678	0.0238865437782
3683.20322707	0.0238866229767
3683.51738633	0.0238866011126
3683.8315456	0.023886507284
3684.14570487	0.0238864767453
3684.45986413	0.0238861671355
3684.7740234	0.0238861364137
3685.08818266	0.0238860595959
3685.40234193	0.0238855610823
3685.71650119	0.0238852857866
3686.03066046	0.0238853706584
3686.34481972	0.0238853264237
3686.65897899	0.0238850460921
3686.97313825	0.0238848126264
3687.28729752	0.0238846889797
3687.60145678	0.0238846072145
3687.91561605	0.023884489236
3688.22977531	0.0238843575925
3688.54393458	0.0238842926333
3688.85809385	0.0238842835134
3689.17225311	0.0238843148107
3689.48641238	0.0238844572404
3689.80057164	0.0238845738325
3690.11473091	0.0238844847943
3690.42889017	0.02388425961
3690.74304944	0.0238840832436
3691.0572087	0.0238839067014
3691.37136797	0.0238836547143
3691.68552723	0.0238833182705
3691.9996865	0.0238831399581
3692.31384576	0.0238830036352
3692.62800503	0.0238827302177
3692.9421643	0.0238825806744
3693.25632356	0.0238825945743
3693.57048283	0.0238825811883
3693.88464209	0.0238825473953
3694.19880136	0.0238825725418
3694.51296062	0.0238826065486
3694.82711989	0.0238826176595
3695.14127915	0.0238826432054
3695.45543842	0.0238826748267
3695.76959768	0.0238827222414
3696.08375695	0.023882772026
3696.39791621	0.0238827347794
3696.71207548	0.0238828004198
3697.02623474	0.0238826925588
3697.34039401	0.0238822714159
3697.65455328	0.0238820805688
3697.96871254	0.0238819068717
3698.28287181	0.0238815635612
3698.59703107	0.0238812683871
3698.91119034	0.023881044847
3699.2253496	0.0238807996839
3699.53950887	0.0238805525822
3699.85366813	0.0238804424812
3700.1678274	0.0238804284407
3700.48198666	0.023880416027
3700.79614593	0.0238804294448
3701.11030519	0.0238804956726
3701.42446446	0.0238805915276
3701.73862373	0.0238806143408
3702.05278299	0.0238805945972
3702.36694226	0.0238806676296
3702.68110152	0.0238805757423
3702.99526079	0.0238801450034
3703.30942005	0.0238796711189
3703.62357932	0.0238794656783
3703.93773858	0.0238793249681
3704.25189785	0.0238790373563
3704.56605711	0.0238787101534
3704.88021638	0.0238784806985
3705.19437564	0.0238783102874
3705.50853491	0.0238782828659
3705.82269417	0.0238782279854
3706.13685344	0.0238780067309
3706.45101271	0.0238779210632
3706.76517197	0.023878113263
3707.07933124	0.0238783304813
3707.3934905	0.0238784098312
3707.70764977	0.0238784791509
3708.02180903	0.0238785829405
3708.3359683	0.0238786278626
3708.65012756	0.0238785793186
3708.96428683	0.0238783902969
3709.27844609	0.0238782888022
3709.59260536	0.0238781337849
3709.90676462	0.0238779002596
3710.22092389	0.0238777527724
3710.53508316	0.0238776272898
3710.84924242	0.0238774688642
3711.16340169	0.0238773995506
3711.47756095	0.0238773616488
3711.79172022	0.0238772798911
3712.10587948	0.0238771356826
3712.42003875	0.0238770515684
3712.73419801	0.0238770706201
3713.04835728	0.0238768779116
3713.36251654	0.023876707134
3713.67667581	0.023876839414
3713.99083507	0.0238770042606
3714.30499434	0.0238769885749
3714.6191536	0.0238768188985
3714.93331287	0.0238766059488
3715.24747214	0.0238764055084
3715.5616314	0.023876232718
3715.87579067	0.0238759809894
3716.18994993	0.0238757451259
3716.5041092	0.0238756009958
3716.81826846	0.0238755046952
3717.13242773	0.0238754264552
3717.44658699	0.0238753784186
3717.76074626	0.0238753877818
3718.07490552	0.0238753873484
3718.38906479	0.0238752859089
3718.70322405	0.023875175686
3719.01738332	0.0238750704544
3719.33154259	0.023874918956
3719.64570185	0.0238748166238
3719.95986112	0.023874739337
3720.27402038	0.0238744652512
3720.58817965	0.0238742325392
3720.90233891	0.0238742489108
3721.21649818	0.0238741454007
3721.53065744	0.0238739049019
3721.84481671	0.0238737745832
3722.15897597	0.0238736475318
3722.47313524	0.0238736141814
3722.7872945	0.0238735670862
3723.10145377	0.0238734239573
3723.41561303	0.0238733856158
3723.7297723	0.023873453273
3724.04393157	0.0238734797473
3724.35809083	0.0238736653621
3724.6722501	0.0238738880273
3724.98640936	0.02387383926
3725.30056863	0.023873630213
3725.61472789	0.0238737039835
3725.92888716	0.0238734695774
3726.24304642	0.0238731248118
3726.55720569	0.0238730250388
3726.87136495	0.0238727069119
3727.18552422	0.0238723510022
3727.49968348	0.0238721835005
3727.81384275	0.0238720869276
3728.12800202	0.0238719540885
3728.44216128	0.0238718379867
3728.75632055	0.0238717846981
3729.07047981	0.0238717806571
3729.38463908	0.0238717968052
3729.69879834	0.0238718244535
3730.01295761	0.0238718601127
3730.32711687	0.0238719398247
3730.64127614	0.0238720740024
3730.9554354	0.0238720759748
3731.26959467	0.0238717917017
3731.58375393	0.0238715651991
3731.8979132	0.0238714663035
3732.21207246	0.0238711684091
3732.52623173	0.0238707285289
3732.840391	0.023870403804
3733.15455026	0.0238703276467
3733.46870953	0.0238701800879
3733.78286879	0.023869853961
3734.09702806	0.0238696507561
3734.41118732	0.0238697331666
3734.72534659	0.0238698481868
3735.03950585	0.0238698310889
3735.35366512	0.0238698814197
3735.66782438	0.0238700065224
3735.98198365	0.0238701141741
3736.29614291	0.0238701997832
3736.61030218	0.0238702439611
3736.92446145	0.0238703369966
3737.23862071	0.0238705213891
3737.55277998	0.0238706147011
3737.86693924	0.0238703929818
3738.18109851	0.023870022861
3738.49525777	0.0238698944298
3738.80941704	0.0238697895703
3739.1235763	0.0238695493267
3739.43773557	0.0238692175852
3739.75189483	0.0238689763403
3740.0660541	0.0238688366562
3740.38021336	0.0238687760698
3740.69437263	0.0238686507942
3741.0085319	0.0238684475322
3741.32269116	0.0238684454798
3741.63685043	0.0238686563668
3741.95100969	0.0238687669108
3742.26516896	0.0238687829357
3742.57932822	0.0238688351646
3742.89348749	0.0238688314588
3743.20764675	0.0238687634229
3743.52180602	0.0238686570305
3743.83596528	0.023868482729
3744.15012455	0.0238682543268
3744.46428381	0.0238681470507
3744.77844308	0.0238680901069
3745.09260234	0.0238678291856
3745.40676161	0.0238675713007
3745.72092088	0.0238674875734
3746.03508014	0.0238674639944
3746.34923941	0.0238674398514
3746.66339867	0.0238673878586
3746.97755794	0.0238672841095
3747.2917172	0.0238672682838
3747.60587647	0.0238672780461
3747.92003573	0.0238671398367
3748.234195	0.023867158112
3748.54835426	0.023867381073
3748.86251353	0.0238675937468
3749.17667279	0.0238677471304
3749.49083206	0.0238677364894
3749.80499133	0.0238676541567
3750.11915059	0.0238676889492
3750.43330986	0.0238675442869
3750.74746912	0.0238672498601
3751.06162839	0.0238671111954
3751.37578765	0.0238670952267
3751.68994692	0.0238670434248
3752.00410618	0.0238669682487
3752.31826545	0.023866922475
3752.63242471	0.0238669025065
3752.94658398	0.0238669296199
3753.26074324	0.0238669474183
3753.57490251	0.0238669478363
3753.88906177	0.023866772384
3754.20322104	0.0238666923569
3754.51738031	0.023866681502
3754.83153957	0.023866340908
3755.14569884	0.0238661533544
3755.4598581	0.0238662154599
3755.77401737	0.0238661009019
3756.08817663	0.0238658700208
3756.4023359	0.0238656878484
3756.71649516	0.0238654029189
3757.03065443	0.0238652158903
3757.34481369	0.0238651538599
3757.65897296	0.0238649983116
3757.97313222	0.0238648101981
3758.28729149	0.0238647221146
3758.60145076	0.0238647680736
3758.91561002	0.0238649413835
3759.22976929	0.0238650509019
3759.54392855	0.0238650355109
3759.85808782	0.0238648752562
3760.17224708	0.0238647918115
3760.48640635	0.0238645891389
3760.80056561	0.0238644618842
3761.11472488	0.0238643409147
3761.42888414	0.0238641027861
3761.74304341	0.0238638927934
3762.05720267	0.0238638647568
3762.37136194	0.0238638153113
3762.6855212	0.0238636712891
3762.99968047	0.0238635393052
3763.31383974	0.0238635153973
3763.627999	0.0238635238183
3763.94215827	0.0238634577846
3764.25631753	0.0238634292869
3764.5704768	0.0238634830774
3764.88463606	0.0238635361376
3765.19879533	0.0238635897216
3765.51295459	0.0238636574691
3765.82711386	0.0238636946152
3766.14127312	0.0238638793567
3766.45543239	0.0238638410185
3766.76959165	0.0238634167767
3767.08375092	0.0238632481837
3767.39791019	0.0238631201803
3767.71206945	0.0238628491692
3768.02622872	0.0238625210465
3768.34038798	0.0238622447842
3768.65454725	0.0238620229629
3768.96870651	0.0238618088289
3769.28286578	0.0238616488715
3769.59702504	0.023861575878
3769.91118431	0.0238615415305
3770.22534357	0.0238615277638
3770.53950284	0.0238615583037
3770.8536621	0.0238616237657
3771.16782137	0.0238616561823
3771.48198063	0.0238616658914
3771.7961399	0.023861752676
3772.11029917	0.0238618070625
3772.42445843	0.0238615961623
3772.7386177	0.023861147022
3773.05277696	0.023860940497
3773.36693623	0.0238607597026
3773.68109549	0.0238605158125
3773.99525476	0.0238601871974
3774.30941402	0.0238598287153
3774.62357329	0.0238597343647
3774.93773255	0.0238597268685
3775.25189182	0.0238594629167
3775.56605108	0.0238592307265
3775.88021035	0.0238592970027
3776.19436962	0.0238594557125
3776.50852888	0.0238595568555
3776.82268815	0.023859633065
3777.13684741	0.0238597359506
3777.45100668	0.0238598647732
3777.76516594	0.0238599774629
3778.07932521	0.0238600374095
3778.39348447	0.0238600397923
3778.70764374	0.023859939635
3779.021803	0.0238596685383
3779.33596227	0.0238595417144
3779.65012153	0.0238594548399
3779.9642808	0.0238591547366
3780.27844006	0.0238589002584
3780.59259933	0.0238587731036
3780.9067586	0.0238586888705
3781.22091786	0.023858556871
3781.53507713	0.0238583739151
3781.84923639	0.0238582630141
3782.16339566	0.0238581965411
3782.47755492	0.0238580454182
3782.79171419	0.0238579549499
3783.10587345	0.0238580324098
3783.42003272	0.0238581146286
3783.73419198	0.0238581452948
3784.04835125	0.0238580785275
3784.36251051	0.0238579233751
3784.67666978	0.0238577824362
3784.99082905	0.0238576128012
3785.30498831	0.023857367786
3785.61914758	0.023857099288
3785.93330684	0.0238569330344
3786.24746611	0.0238567775933
3786.56162537	0.0238566017239
3786.87578464	0.023856507044
3787.1899439	0.0238564942495
3787.50410317	0.0238564770553
3787.81826243	0.0238564519764
3788.1324217	0.0238564294961
3788.44658096	0.0238563569476
3788.76074023	0.023856302655
3789.07489949	0.023856246003
3789.38905876	0.023856127594
3789.70321803	0.0238560628243
3790.01737729	0.0238560357427
3790.33153656	0.0238559420946
3790.64569582	0.0238558544562
3790.95985509	0.023855803455
3791.27401435	0.0238555802647
3791.58817362	0.0238553034595
3791.90233288	0.023855343316
3792.21649215	0.023855365989
3792.53065141	0.0238551360034
3792.84481068	0.0238549581268
3793.15896994	0.0238549875722
3793.47312921	0.0238550532825
3793.78728848	0.0238550044222
3794.10144774	0.0238550216226
3794.41560701	0.0238551425937
3794.72976627	0.0238551633768
3795.04392554	0.0238549938439
3795.3580848	0.0238547874576
3795.67224407	0.0238547346664
3795.98640333	0.023854522013
3796.3005626	0.0238542100524
3796.61472186	0.0238539397034
3796.92888113	0.0238537473127
3797.24304039	0.0238536271082
3797.55719966	0.0238534516036
3797.87135893	0.023853247267
3798.18551819	0.0238531131585
3798.49967746	0.0238530291737
3798.81383672	0.0238529824479
3799.12799599	0.0238529838927
3799.44215525	0.0238530055705
3799.75631452	0.0238530271125
3800.07047378	0.0238530775595
3800.38463305	0.0238531800851
3800.69879231	0.0238531530336
3801.01295158	0.0238529121891
3801.32711084	0.0238527377
3801.64127011	0.0238526043828
3801.95542937	0.0238523250478
3802.26958864	0.0238520407898
3802.58374791	0.0238518013215
3802.89790717	0.0238515987813
3803.21206644	0.0238513982008
3803.5262257	0.023851178811
3803.84038497	0.0238511174523
3804.15454423	0.023851206635
3804.4687035	0.0238511893134
3804.78286276	0.0238511493355
3805.09702203	0.0238512425438
3805.41118129	0.0238513608563
3805.72534056	0.0238513882432
3806.03949982	0.023851398334
3806.35365909	0.023851455113
3806.66781836	0.0238515657772
3806.98197762	0.023851752098
3807.29613689	0.0238518153348
3807.61029615	0.0238515408178
3807.92445542	0.0238511719628
3808.23861468	0.0238510636165
3808.55277395	0.0238508604903
3808.86693321	0.0238505222312
3809.18109248	0.023850174688
3809.49525174	0.0238499287432
3809.80941101	0.023849807107
3810.12357027	0.0238496554411
3810.43772954	0.0238494254804
3810.7518888	0.0238493193919
3811.06604807	0.0238494087282
3811.38020734	0.0238495541536
3811.6943666	0.0238496395003
3812.00852587	0.0238497034758
3812.32268513	0.0238497722709
3812.6368444	0.0238497925985
3812.95100366	0.0238497614016
3813.26516293	0.0238497213254
3813.57932219	0.0238495091885
3813.89348146	0.0238492573852
3814.20764072	0.0238491751693
3814.52179999	0.023848949223
3814.83595925	0.0238487083545
3815.15011852	0.0238485332163
3815.46427779	0.0238483817099
3815.77843705	0.0238482508889
3816.09259632	0.023848238924
3816.40675558	0.0238482073688
3816.72091485	0.0238481030578
3817.03507411	0.0238480621693
3817.34923338	0.0238480298225
3817.66339264	0.0238480150246
3817.97755191	0.02384813033
3818.29171117	0.0238482973302
3818.60587044	0.0238484506664
3818.9200297	0.0238485588614
3819.23418897	0.0238486245581
3819.54834823	0.0238486041166
3819.8625075	0.0238485320821
3820.17666677	0.023848341657
3820.49082603	0.0238480699309
3820.8049853	0.0238479054613
3821.11914456	0.0238478223168
3821.43330383	0.0238477038698
3821.74746309	0.023847566857
3822.06162236	0.0238474723165
3822.37578162	0.0238474287707
3822.68994089	0.0238474357324
3823.00410015	0.023847429388
3823.31825942	0.0238474000824
3823.63241868	0.0238473423765
3823.94657795	0.0238473185716
3824.26073722	0.0238472269617
3824.57489648	0.0238470307455
3824.88905575	0.023846997157
3825.20321501	0.0238470369156
3825.51737428	0.0238468708871
3825.83153354	0.0238466078428
3826.14569281	0.0238464651593
3826.45985207	0.0238463116191
3826.77401134	0.023846093378
3827.0881706	0.0238459221356
3827.40232987	0.0238458467563
3827.71648913	0.0238458107406
3828.0306484	0.0238457158697
3828.34480766	0.02384567721
3828.65896693	0.0238459533969
3828.9731262	0.0238461838909
3829.28728546	0.0238461391423
3829.60144473	0.0238459385949
3829.91560399	0.0238459254793
3830.22976326	0.0238457222863
3830.54392252	0.023845643069
3830.85808179	0.0238455795822
3831.17224105	0.0238453347542
3831.48640032	0.0238451713031
3831.80055958	0.023845205533
3832.11471885	0.023845182238
3832.42887811	0.0238450782411
3832.74303738	0.023845006587
3833.05719665	0.023844979287
3833.37135591	0.02384497132
3833.68551518	0.023844954771
3833.99967444	0.0238449375463
3834.31383371	0.0238449665701
3834.62799297	0.0238450346019
3834.94215224	0.023845118927
3835.2563115	0.0238452187911
3835.57047077	0.0238452739104
3835.88463003	0.0238453798255
3836.1987893	0.0238452615686
3836.51294856	0.0238448584117
3836.82710783	0.0238445547175
3837.14126709	0.0238444224613
3837.45542636	0.0238441880972
3837.76958563	0.0238439287148
3838.08374489	0.0238436594611
3838.39790416	0.0238434395065
3838.71206342	0.0238433014368
3839.02622269	0.0238432267849
3839.34038195	0.023843157637
3839.65454122	0.0238431044175
3839.96870048	0.0238431188973
3840.28285975	0.0238431478082
3840.59701901	0.0238431812078
3840.91117828	0.0238432092624
3841.22533754	0.0238432338339
3841.53949681	0.0238433096017
3841.85365608	0.0238434312115
3842.16781534	0.0238433375234
3842.48197461	0.0238429967485
3842.79613387	0.0238428390726
3843.11029314	0.0238426918566
3843.4244524	0.0238424184374
3843.73861167	0.0238421990118
3844.05277093	0.0238419476297
3844.3669302	0.0238417459629
3844.68108946	0.0238417179434
3844.99524873	0.0238416142779
3845.30940799	0.0238414529997
3845.62356726	0.0238415078686
3845.93772652	0.0238416904252
3846.25188579	0.0238417413373
3846.56604506	0.0238417029107
3846.88020432	0.0238417369464
3847.19436359	0.0238418279303
3847.50852285	0.0238418150377
3847.82268212	0.0238417901715
3848.13684138	0.023841926007
3848.45100065	0.0238420693268
3848.76515991	0.0238419643364
3849.07931918	0.0238415256237
3849.39347844	0.0238412839342
3849.70763771	0.0238411994056
3850.02179697	0.0238408639979
3850.33595624	0.0238405341058
3850.65011551	0.0238403186222
3850.96427477	0.023840103737
3851.27843404	0.0238398919368
3851.5925933	0.0238397774636
3851.90675257	0.0238396040848
3852.22091183	0.0238394125379
3852.5350711	0.023839452526
3852.84923036	0.0238395868627
3853.16338963	0.0238396606122
3853.47754889	0.0238397255232
3853.79170816	0.0238396871933
3854.10586742	0.0238394889119
3854.42002669	0.0238392943972
3854.73418595	0.0238390955726
3855.04834522	0.0238388317764
3855.36250449	0.0238385071818
3855.67666375	0.0238382949414
3855.99082302	0.0238382264777
3856.30498228	0.023838123022
3856.61914155	0.0238379387342
3856.93330081	0.0238378653768
3857.24746008	0.0238378800046
3857.56161934	0.0238378311365
3857.87577861	0.0238378204818
3858.18993787	0.0238378180328
3858.50409714	0.0238378240098
3858.8182564	0.023837812133
3859.13241567	0.0238378217975
3859.44657494	0.0238378581809
3859.7607342	0.0238379161406
3860.07489347	0.0238378793456
3860.38905273	0.0238376586285
3860.703212	0.0238375666601
3861.01737126	0.0238374498891
3861.33153053	0.0238371848251
3861.64568979	0.02383710617
3861.95984906	0.0238370825372
3862.27400832	0.0238369005261
3862.58816759	0.0238367380215
3862.90232685	0.0238367677963
3863.21648612	0.0238368006016
3863.53064539	0.0238368720222
3863.84480465	0.0238369817023
3864.15896392	0.023836975217
3864.47312318	0.0238369042537
3864.78728245	0.0238366950699
3865.10144171	0.0238365682329
3865.41560098	0.0238365399545
3865.72976024	0.0238362663691
3866.04391951	0.0238360168656
3866.35807877	0.0238359151045
3866.67223804	0.0238357692596
3866.9863973	0.0238356540077
3867.30055657	0.0238354975713
3867.61471583	0.0238353150968
3867.9288751	0.0238352048177
3868.24303437	0.0238351538121
3868.55719363	0.0238351153076
3868.8713529	0.0238350969096
3869.18551216	0.023835125162
3869.49967143	0.0238351590226
3869.81383069	0.0238352116801
3870.12798996	0.023835244651
3870.44214922	0.0238351228708
3870.75630849	0.0238349594579
3871.07046775	0.0238348912427
3871.38462702	0.0238347100806
3871.69878628	0.0238343545546
3872.01294555	0.0238341324679
3872.32710482	0.0238341632611
3872.64126408	0.0238338726498
3872.95542335	0.0238334864593
3873.26958261	0.0238333668568
3873.58374188	0.0238333204318
3873.89790114	0.0238332931872
3874.21206041	0.0238333118564
3874.52621967	0.0238332908015
3874.84037894	0.0238332873082
3875.1545382	0.023833357851
3875.46869747	0.0238334380502
3875.78285673	0.0238334756567
3876.097016	0.0238334839045
3876.41117526	0.0238335239809
3876.72533453	0.0238336283704
3877.0394938	0.0238337509848
3877.35365306	0.0238335796235
3877.66781233	0.0238332211701
3877.98197159	0.0238330909851
3878.29613086	0.0238328321178
3878.61029012	0.0238324668608
3878.92444939	0.0238321770816
3879.23860865	0.0238319672681
3879.55276792	0.023831762932
3879.86692718	0.0238315120272
3880.18108645	0.0238313401193
3880.49524571	0.0238313349228
3880.80940498	0.0238313906602
3881.12356425	0.0238314340442
3881.43772351	0.0238314957526
3881.75188278	0.0238315798522
3882.06604204	0.0238316074947
3882.38020131	0.023831589588
3882.69436057	0.0238316065409
3883.00851984	0.0238316387752
3883.3226791	0.0238315280535
3883.63683837	0.0238311675359
3883.95099763	0.0238310610486
3884.2651569	0.023830943996
3884.57931616	0.0238305193908
3884.89347543	0.0238302482441
3885.20763469	0.0238301557457
3885.52179396	0.0238300111844
3885.83595323	0.0238298305433
3886.15011249	0.0238297570997
3886.46427176	0.0238297682238
3886.77843102	0.0238296801936
3887.09259029	0.0238296034651
3887.40674955	0.0238297215692
3887.72090882	0.0238299102477
3888.03506808	0.0238300060556
3888.34922735	0.0238301014549
3888.66338661	0.0238302657029
3888.97754588	0.0238303568259
3889.29170514	0.0238302455394
3889.60586441	0.0238301411457
3889.92002368	0.0238299929233
3890.23418294	0.0238297447579
3890.54834221	0.023829530233
3890.86250147	0.0238293816948
3891.17666074	0.0238292048416
3891.49082	0.0238291372843
3891.80497927	0.0238291165354
3892.11913853	0.0238290328252
3892.4332978	0.0238289342817
3892.74745706	0.0238289025634
3893.06161633	0.0238288911278
3893.37577559	0.0238287922022
3893.68993486	0.0238286688242
3894.00409412	0.0238286017523
3894.31825339	0.0238285677223
3894.63241266	0.0238285413157
3894.94657192	0.023828484281
3895.26073119	0.0238283663837
3895.57489045	0.0238281574693
3895.88904972	0.0238280314173
3896.20320898	0.023827934685
3896.51736825	0.0238277398584
3896.83152751	0.0238276291474
3897.14568678	0.0238275776981
3897.45984604	0.0238274733368
3897.77400531	0.0238273422908
3898.08816457	0.0238273511286
3898.40232384	0.0238275636024
3898.71648311	0.0238276952221
3899.03064237	0.0238276466676
3899.34480164	0.0238276020321
3899.6589609	0.0238275348888
3899.97312017	0.0238274547748
3900.28727943	0.0238274448626
3900.6014387	0.0238273068316
3900.91559796	0.0238271282074
3901.22975723	0.0238271109688
3901.54391649	0.0238271051154
3901.85807576	0.0238270630973
3902.17223502	0.023826929374
3902.48639429	0.0238267498318
3902.80055355	0.0238266472731
3903.11471282	0.0238266470658
3903.42887209	0.0238265934557
3903.74303135	0.0238265126795
3904.05719062	0.0238265192555
3904.37134988	0.0238265966309
3904.68550915	0.0238267208999
3904.99966841	0.0238268054184
3905.31382768	0.0238267929686
3905.62798694	0.0238268066577
3905.94214621	0.0238267858987
3906.25630547	0.023826365764
3906.57046474	0.0238259426395
3906.884624	0.0238259284855
3907.19878327	0.0238257343422
3907.51294254	0.0238253433052
3907.8271018	0.0238250914735
3908.14126107	0.0238250133859
3908.45542033	0.0238249286603
3908.7695796	0.0238247923785
3909.08373886	0.0238246893764
3909.39789813	0.0238247142874
3909.71205739	0.0238247325683
3910.02621666	0.0238247259357
3910.34037592	0.0238247906972
3910.65453519	0.0238248747448
3910.96869445	0.0238249385452
3911.28285372	0.0238250341619
3911.59701298	0.0238252130918
3911.91117225	0.0238252247063
3912.22533152	0.0238248982403
3912.53949078	0.023824803071
3912.85365005	0.0238247805548
3913.16780931	0.0238244614539
3913.48196858	0.0238241838381
3913.79612784	0.0238240559754
3914.11028711	0.0238240002457
3914.42444637	0.0238238227394
3914.73860564	0.023823595291
3915.0527649	0.0238235824869
3915.36692417	0.0238237301536
3915.68108343	0.0238238192317
3915.9952427	0.0238238432949
3916.30940197	0.0238239235756
3916.62356123	0.0238240381373
3916.9377205	0.0238240747416
3917.25187976	0.0238240875201
3917.56603903	0.0238241811934
3917.88019829	0.0238242224556
3918.19435756	0.0238242509601
3918.50851682	0.0238242239672
3918.82267609	0.0238238142324
3919.13683535	0.0238235324649
3919.45099462	0.0238234299199
3919.76515388	0.023823122377
3920.07931315	0.0238228323932
3920.39347242	0.0238225710152
3920.70763168	0.023822314919
3921.02179095	0.0238222001781
3921.33595021	0.0238220411625
3921.65010948	0.0238217734763
3921.96426874	0.0238217373299
3922.27842801	0.0238219102162
3922.59258727	0.0238219975155
3922.90674654	0.0238220274507
3923.2209058	0.023822145084
3923.53506507	0.0238222120418
3923.84922433	0.0238220484214
3924.1633836	0.0238219359965
3924.47754286	0.0238218135212
3924.79170213	0.0238214936231
3925.1058614	0.0238211893933
3925.42002066	0.0238210234017
3925.73417993	0.0238209196511
3926.04833919	0.0238207729612
3926.36249846	0.0238206257735
3926.67665772	0.0238204978947
3926.99081699	0.0238204116285
3927.30497625	0.0238204413718
3927.61913552	0.0238203859573
3927.93329478	0.0238203255187
3928.24745405	0.023820342016
3928.56161331	0.0238203038065
3928.87577258	0.0238203357979
3929.18993185	0.0238205071557
3929.50409111	0.0238206675199
3929.81825038	0.023820650892
3930.13240964	0.0238204754462
3930.44656891	0.0238203811347
3930.76072817	0.0238202931271
3931.07488744	0.02382009267
3931.3890467	0.023819910829
3931.70320597	0.0238198002088
3932.01736523	0.0238196148629
3932.3315245	0.0238193767695
3932.64568376	0.0238192365828
3932.95984303	0.0238192615396
3933.27400229	0.0238193421028
3933.58816156	0.0238193258625
3933.90232083	0.0238192446342
3934.21648009	0.0238191503195
3934.53063936	0.0238189388068
3934.84479862	0.0238189651385
3935.15895789	0.0238187907002
3935.47311715	0.023818383583
3935.78727642	0.0238183381569
3936.10143568	0.0238184254891
3936.41559495	0.0238181747039
3936.72975421	0.023817918373
3937.04391348	0.0238177971283
3937.35807274	0.0238175873393
3937.67223201	0.0238173817001
3937.98639128	0.0238173080581
3938.30055054	0.0238172746836
3938.61470981	0.0238172217504
3938.92886907	0.0238171937648
3939.24302834	0.0238172578638
3939.5571876	0.0238173866883
3939.87134687	0.0238174256893
3940.18550613	0.0238173292127
3940.4996654	0.0238172319692
3940.81382466	0.023817223014
3941.12798393	0.0238170819888
3941.44214319	0.0238166970011
3941.75630246	0.0238166980192
3942.07046172	0.02381662686
3942.38462099	0.0238162060057
3942.69878026	0.0238159192941
3943.01293952	0.0238159252328
3943.32709879	0.0238159211124
3943.64125805	0.0238158252964
3943.95541732	0.0238157630517
3944.26957658	0.0238157018216
3944.58373585	0.023815672661
3944.89789511	0.0238157068074
3945.21205438	0.023815743428
3945.52621364	0.0238157550764
3945.84037291	0.0238157448295
3946.15453217	0.0238157941953
3946.46869144	0.023815967425
3946.78285071	0.0238159878924
3947.09700997	0.0238157398736
3947.41116924	0.0238154460074
3947.7253285	0.0238152775609
3948.03948777	0.0238149529919
3948.35364703	0.0238145547235
3948.6678063	0.0238143471113
3948.98196556	0.0238141560663
3949.29612483	0.0238138117416
3949.61028409	0.02381357027
3949.92444336	0.0238135432064
3950.23860262	0.023813564225
3950.55276189	0.0238135416596
3950.86692115	0.0238135749852
3951.18108042	0.0238136773677
3951.49523969	0.0238137775104
3951.80939895	0.0238137987299
3952.12355822	0.0238137685368
3952.43771748	0.0238138024507
3952.75187675	0.0238138475898
3953.06603601	0.023813687081
3953.38019528	0.0238132311907
3953.69435454	0.0238132842743
3954.00851381	0.023813319932
3954.32267307	0.0238128384199
3954.63683234	0.0238124583836
3954.9509916	0.0238124268755
3955.26515087	0.0238123345045
3955.57931014	0.0238122021635
3955.8934694	0.0238120683682
3956.20762867	0.0238118652608
3956.52178793	0.023811776462
3956.8359472	0.0238119027765
3957.15010646	0.0238120488066
3957.46426573	0.0238120950324
3957.77842499	0.0238121686497
3958.09258426	0.0238123413652
3958.40674352	0.0238125007137
3958.72090279	0.0238124801161
3959.03506205	0.0238124663598
3959.34922132	0.0238124324777
3959.66338058	0.0238120619606
3959.97753985	0.0238116955661
3960.29169912	0.0238116307129
3960.60585838	0.0238114987259
3960.92001765	0.0238111541033
3961.23417691	0.0238109587149
3961.54833618	0.0238109826488
3961.86249544	0.0238109435978
3962.17665471	0.0238107437279
3962.49081397	0.0238106809451
3962.80497324	0.0238107616423
3963.1191325	0.023810584557
3963.43329177	0.0238104272755
3963.74745103	0.0238106056254
3964.0616103	0.0238107716722
3964.37576957	0.0238106658888
3964.68992883	0.023810509656
3965.0040881	0.0238102874353
3965.31824736	0.0238102101235
3965.63240663	0.0238101412407
3965.94656589	0.0238097889448
3966.26072516	0.0238096616886
3966.57488442	0.023809762024
3966.88904369	0.0238096517455
3967.20320295	0.0238093456801
3967.51736222	0.0238092417729
3967.83152148	0.023809313357
3968.14568075	0.0238093637119
3968.45984001	0.0238093424751
3968.77399928	0.0238093522805
3969.08815855	0.023809347162
3969.40231781	0.023809349366
3969.71647708	0.0238095134776
3970.03063634	0.0238094272012
3970.34479561	0.0238093222743
3970.65895487	0.0238094774679
3970.97311414	0.023809585926
3971.2872734	0.0238094245821
3971.60143267	0.023809264986
3971.91559193	0.0238091724931
3972.2297512	0.0238089764425
3972.54391046	0.0238087846086
3972.85806973	0.0238086878672
3973.172229	0.0238086407328
3973.48638826	0.023808587613
3973.80054753	0.0238085386699
3974.11470679	0.0238085832881
3974.42886606	0.0238087026946
3974.74302532	0.0238087644105
3975.05718459	0.0238086937007
3975.37134385	0.0238086841271
3975.68550312	0.0238087278099
3975.99966238	0.0238083508124
3976.31382165	0.02380810888
3976.62798091	0.0238080706858
3976.94214018	0.023807648822
3977.25629944	0.0238072979711
3977.57045871	0.0238072136286
3977.88461798	0.0238071341261
3978.19877724	0.023807010367
3978.51293651	0.0238069049591
3978.82709577	0.0238068062411
3979.14125504	0.0238068337821
3979.4554143	0.0238069397297
3979.76957357	0.02380696957
3980.08373283	0.0238069930821
3980.3978921	0.0238070777067
3980.71205136	0.0238072251776
3981.02621063	0.0238074135709
3981.34036989	0.0238075465463
3981.65452916	0.0238074904196
3981.96868843	0.0238072941303
3982.28284769	0.0238072759068
3982.59700696	0.0238070957316
3982.91116622	0.0238067981318
3983.22532549	0.0238067563381
3983.53948475	0.0238066295956
3983.85364402	0.0238062931338
3984.16780328	0.0238061193238
3984.48196255	0.0238061662856
3984.79612181	0.0238061727561
3985.11028108	0.0238061072169
3985.42444034	0.0238061119512
3985.73859961	0.0238061841218
3986.05275888	0.0238062400185
3986.36691814	0.0238062476123
3986.68107741	0.0238063203631
3986.99523667	0.0238064069592
3987.30939594	0.0238064204787
3987.6235552	0.0238064507352
3987.93771447	0.0238064143168
3988.25187373	0.0238062339869
3988.566033	0.0238060164538
3988.88019226	0.0238057278339
3989.19435153	0.0238055103176
3989.50851079	0.0238052842762
3989.82267006	0.0238050029855
3990.13682932	0.0238048000711
3990.45098859	0.0238046963291
3990.76514786	0.0238044622769
3991.07930712	0.0238042270801
3991.39346639	0.0238042364342
3991.70762565	0.0238043678583
3992.02178492	0.0238044236827
3992.33594418	0.023804460315
3992.65010345	0.0238045750137
3992.96426271	0.0238046942869
3993.27842198	0.023804751314
3993.59258124	0.0238046706213
3993.90674051	0.0238047001454
3994.22089977	0.0238047171795
3994.53505904	0.0238043810805
3994.84921831	0.0238040538877
3995.16337757	0.0238040641125
3995.47753684	0.0238039976222
3995.7916961	0.0238037668877
3996.10585537	0.0238035794038
3996.42001463	0.0238034417006
3996.7341739	0.0238033755823
3997.04833316	0.0238033058775
3997.36249243	0.0238032353098
3997.67665169	0.0238031630823
3997.99081096	0.0238030832878
3998.30497022	0.0238031451484
3998.61912949	0.0238033053641
3998.93328875	0.023803440587
3999.24744802	0.0238035154644
3999.56160729	0.0238035043364
3999.87576655	0.0238034390628
4000.18992582	0.0238034242372
4000.50408508	0.0238032205319
4000.81824435	0.0238029872757
4001.13240361	0.0238028717709
4001.44656288	0.0238026223617
4001.76072214	0.0238023058235
4002.07488141	0.0238020993733
4002.38904067	0.0238019845726
4002.70319994	0.0238019013795
4003.0173592	0.0238017780129
4003.33151847	0.0238016974404
4003.64567774	0.0238015965277
4003.959837	0.0238013334084
4004.27399627	0.0238012728471
4004.58815553	0.0238011860468
4004.9023148	0.0238008276101
4005.21647406	0.0238007807576
4005.53063333	0.0238009376666
4005.84479259	0.0238008761451
4006.15895186	0.0238005534343
4006.47311112	0.023800386366
4006.78727039	0.0238002631124
4007.10142965	0.0238000095556
4007.41558892	0.0237998399405
4007.72974818	0.0237997360728
4008.04390745	0.0237995957768
4008.35806672	0.0237994958352
4008.67222598	0.0237994739034
4008.98638525	0.0237994865607
4009.30054451	0.0237995157944
4009.61470378	0.0237995152148
4009.92886304	0.02379952064
4010.24302231	0.0237995967884
4010.55718157	0.0237996353033
4010.87134084	0.0237993331305
4011.1855001	0.0237993801295
4011.49965937	0.0237993107788
4011.81381863	0.0237988553976
4012.1279779	0.0237987053116
4012.44213717	0.023798761873
4012.75629643	0.0237986603007
4013.0704557	0.0237984847347
4013.38461496	0.0237983488533
4013.69877423	0.0237982797779
4014.01293349	0.0237982538534
4014.32709276	0.0237981920653
4014.64125202	0.0237981487587
4014.95541129	0.0237981783288
4015.26957055	0.0237982107357
4015.58372982	0.0237982603105
4015.89788908	0.023798415408
4016.21204835	0.0237985009278
4016.52620761	0.0237983492033
4016.84036688	0.0237981654603
4017.15452615	0.0237980569407
4017.46868541	0.0237978212148
4017.78284468	0.0237974845382
4018.09700394	0.0237972681919
4018.41116321	0.0237970824525
4018.72532247	0.0237967914168
4019.03948174	0.0237965369607
4019.353641	0.0237964476148
4019.66780027	0.0237964348166
4019.98195953	0.0237963917742
4020.2961188	0.023796377632
4020.61027806	0.0237963983429
4020.92443733	0.0237964523079
4021.2385966	0.0237965152207
4021.55275586	0.0237965686847
4021.86691513	0.0237966193957
4022.18107439	0.023796689114
4022.49523366	0.0237966834545
4022.80939292	0.0237966016128
4023.12355219	0.0237963977316
4023.43771145	0.0237962636597
4023.75187072	0.0237961211522
4024.06602998	0.0237957118204
4024.38018925	0.0237954646532
4024.69434851	0.0237953876382
4025.00850778	0.0237952091372
4025.32266704	0.0237950553876
4025.63682631	0.0237949222212
4025.95098558	0.0237948448184
4026.26514484	0.0237949474423
4026.57930411	0.0237950840837
4026.89346337	0.0237951450675
4027.20762264	0.0237951962314
4027.5217819	0.0237952754662
4027.83594117	0.023795359387
4028.15010043	0.0237953556133
4028.4642597	0.0237953391669
4028.77841896	0.0237953655492
4029.09257823	0.0237953175794
4029.40673749	0.0237950254893
4029.72089676	0.023794638351
4030.03505603	0.0237944946399
4030.34921529	0.0237944227885
4030.66337456	0.0237941365017
4030.97753382	0.0237938391497
4031.29169309	0.0237937498185
4031.60585235	0.023793635489
4031.92001162	0.0237935233768
4032.23417088	0.023793501641
4032.54833015	0.0237933205176
4032.86248941	0.0237931818169
4033.17664868	0.0237933357707
4033.49080794	0.0237935049064
4033.80496721	0.0237935218377
4034.11912647	0.0237934745291
4034.43328574	0.0237934430583
4034.74744501	0.0237933107534
4035.06160427	0.0237931593576
4035.37576354	0.0237931343642
4035.6899228	0.0237929409134
4036.00408207	0.0237927487381
4036.31824133	0.0237927749757
4036.6324006	0.0237926584375
4036.94655986	0.0237923821701
4037.26071913	0.02379230197
4037.57487839	0.0237923033696
4037.88903766	0.0237922358805
4038.20319692	0.0237921430681
4038.51735619	0.0237920803539
4038.83151546	0.0237920895724
4039.14567472	0.0237920822949
4039.45983399	0.023791962096
4039.77399325	0.0237919545974
4040.08815252	0.0237921217933
4040.40231178	0.0237922941669
4040.71647105	0.0237923445214
4041.03063031	0.0237922446977
4041.34478958	0.023792111718
4041.65894884	0.0237919683866
4041.97310811	0.0237917546891
4042.28726737	0.0237915129277
4042.60142664	0.023791383377
4042.91558591	0.0237913259917
4043.22974517	0.0237912413318
4043.54390444	0.0237912223981
4043.8580637	0.0237913434909
4044.17222297	0.0237914230859
4044.48638223	0.0237913379296
4044.8005415	0.0237912107957
4045.11470076	0.0237911640109
4045.42886003	0.023791015128
4045.74301929	0.023790724636
4046.05717856	0.0237906901902
4046.37133782	0.0237904553131
4046.68549709	0.0237900817573
4046.99965635	0.0237900008874
4047.31381562	0.0237899742403
4047.62797489	0.0237898475175
4047.94213415	0.0237897124315
4048.25629342	0.0237896249777
4048.57045268	0.0237895540859
4048.88461195	0.0237895361285
4049.19877121	0.0237895749718
4049.51293048	0.0237895926873
4049.82708974	0.0237895893025
4050.14124901	0.023789609918
4050.45540827	0.0237897679444
4050.76956754	0.0237899912734
4051.0837268	0.0237900183467
4051.39788607	0.0237899177098
4051.71204534	0.0237898233765
4052.0262046	0.0237897237766
4052.34036387	0.0237895195219
4052.65452313	0.0237893643304
4052.9686824	0.0237892073528
4053.28284166	0.0237889114718
4053.59700093	0.0237886619314
4053.91116019	0.023788610551
4054.22531946	0.0237886225439
4054.53947872	0.02378851657
4054.85363799	0.0237884344741
4055.16779725	0.0237884571746
4055.48195652	0.0237884448346
4055.79611578	0.023788433229
4056.11027505	0.0237884767072
4056.42443432	0.0237885123654
4056.73859358	0.0237885586548
4057.05275285	0.0237886574089
4057.36691211	0.0237885973092
4057.68107138	0.0237884887631
4057.99523064	0.023788325095
4058.30938991	0.0237879946369
4058.62354917	0.0237876459246
4058.93770844	0.0237874683599
4059.2518677	0.0237872455759
4059.56602697	0.0237869079122
4059.88018623	0.0237867546596
4060.1943455	0.0237866448998
4060.50850477	0.0237864184246
4060.82266403	0.0237863075186
4061.1368233	0.0237864265393
4061.45098256	0.023786558116
4061.76514183	0.0237866021515
4062.07930109	0.0237867127832
4062.39346036	0.0237868834428
4062.70761962	0.0237869972746
4063.02177889	0.0237870889803
4063.33593815	0.0237871295103
4063.65009742	0.0237872131125
4063.96425668	0.0237871629672
4064.27841595	0.0237867718843
4064.59257521	0.0237865903163
4064.90673448	0.0237866388477
4065.22089375	0.0237865084095
4065.53505301	0.0237862675824
4065.84921228	0.0237860684667
4066.16337154	0.0237859788078
4066.47753081	0.0237860292395
4066.79169007	0.0237859709096
4067.10584934	0.0237858019246
4067.4200086	0.0237857824431
4067.73416787	0.0237859445501
4068.04832713	0.0237860729409
4068.3624864	0.0237861121137
4068.67664566	0.0237862207361
4068.99080493	0.02378636348
4069.3049642	0.0237863678346
4069.61912346	0.0237863206141
4069.93328273	0.0237862997096
4070.24744199	0.0237861767626
4070.56160126	0.023785995731
4070.87576052	0.0237858629308
4071.18991979	0.0237855947828
4071.50407905	0.0237853230406
4071.81823832	0.0237851492206
4072.13239758	0.0237850746523
4072.44655685	0.0237849707764
4072.76071611	0.0237848403981
4073.07487538	0.0237847537049
4073.38903464	0.0237846639131
4073.70319391	0.0237846014061
4074.01735318	0.0237844893481
4074.33151244	0.0237843253819
4074.64567171	0.0237843189763
4074.95983097	0.0237844407516
4075.27399024	0.0237845226923
4075.5881495	0.0237844354615
4075.90230877	0.0237841910074
4076.21646803	0.0237840560318
4076.5306273	0.0237839937086
4076.84478656	0.0237837782551
4077.15894583	0.023783556791
4077.47310509	0.0237835089642
4077.78726436	0.023783540003
4078.10142363	0.0237834905283
4078.41558289	0.023783459291
4078.72974216	0.0237835558591
4079.04390142	0.0237836047226
4079.35806069	0.0237835046695
4079.67221995	0.0237834796981
4079.98637922	0.0237835029589
4080.30053848	0.0237833474729
4080.61469775	0.0237832930588
4080.92885701	0.0237833302316
4081.24301628	0.0237830533347
4081.55717554	0.0237828933914
4081.87133481	0.0237830058115
4082.18549407	0.0237830305135
4082.49965334	0.0237828336753
4082.81381261	0.0237825914729
4083.12797187	0.023782422299
4083.44213114	0.0237822855838
4083.7562904	0.0237821257493
4084.07044967	0.0237819727486
4084.38460893	0.0237818817735
4084.6987682	0.0237818056147
4085.01292746	0.0237818493415
4085.32708673	0.0237820220139
4085.64124599	0.0237821025192
4085.95540526	0.0237820553342
4086.26956452	0.0237819019261
4086.58372379	0.0237817930907
4086.89788306	0.0237815548414
4087.21204232	0.0237812625993
4087.52620159	0.0237810022952
4087.84036085	0.0237806863423
4088.15452012	0.0237804402641
4088.46867938	0.0237802702946
4088.78283865	0.023780134953
4089.09699791	0.0237800308155
4089.41115718	0.0237799231606
4089.72531644	0.0237798903312
4090.03947571	0.0237799125025
4090.35363497	0.0237798835341
4090.66779424	0.0237798659195
4090.9819535	0.0237799265906
4091.29611277	0.0237799835197
4091.61027204	0.0237800159014
4091.9244313	0.0237801226124
4092.23859057	0.023780154269
4092.55274983	0.0237800331586
4092.8669091	0.0237799268604
4093.18106836	0.0237797289777
4093.49522763	0.0237793871519
4093.80938689	0.0237792030195
4094.12354616	0.02377899091
4094.43770542	0.0237787701958
4094.75186469	0.0237785952231
4095.06602395	0.0237784003487
4095.38018322	0.0237783092307
4095.69434249	0.0237783265978
4096.00850175	0.0237783606562
4096.32266102	0.0237783931743
4096.63682028	0.0237784467802
4096.95097955	0.0237785234657
4097.26513881	0.0237785922151
4097.57929808	0.0237785999757
4097.89345734	0.0237785718668
4098.20761661	0.0237786319708
4098.52177587	0.0237787579979
4098.83593514	0.0237786139945
4099.1500944	0.0237781521316
4099.46425367	0.0237779292149
4099.77841293	0.0237778280145
4100.0925722	0.0237775624382
4100.40673147	0.0237771820475
4100.72089073	0.0237768614711
4101.03505	0.0237767015191
4101.34920926	0.0237766143601
4101.66336853	0.0237764232164
4101.97752779	0.0237761835358
4102.29168706	0.0237761533318
4102.60584632	0.0237763231913
4102.92000559	0.0237764563285
4103.23416485	0.0237764999466
4103.54832412	0.0237765331226
4103.86248338	0.0237766152299
4104.17664265	0.0237766710045
4104.49080192	0.0237766277526
4104.80496118	0.0237764694447
4105.11912045	0.0237763434813
4105.43327971	0.023776259518
4105.74743898	0.0237759322214
4106.06159824	0.0237756767371
4106.37575751	0.0237756191861
4106.68991677	0.0237754566841
4107.00407604	0.0237753153881
4107.3182353	0.0237752887091
4107.63239457	0.023775281144
4107.94655383	0.0237752345896
4108.2607131	0.0237751840931
4108.57487237	0.0237752031868
4108.88903163	0.0237751243692
4109.2031909	0.0237750367158
4109.51735016	0.0237751361148
4109.83150943	0.0237753014214
4110.14566869	0.0237753931984
4110.45982796	0.0237753966428
4110.77398722	0.0237752595357
4111.08814649	0.0237751098885
4111.40230575	0.0237750898406
4111.71646502	0.0237748871903
4112.03062428	0.0237745759662
4112.34478355	0.0237744463162
4112.65894281	0.0237744111421
4112.97310208	0.0237743402559
4113.28726135	0.0237743608078
4113.60142061	0.0237744271123
4113.91557988	0.0237744512959
4114.22973914	0.0237744112194
4114.54389841	0.023774303746
4114.85805767	0.0237741883432
4115.17221694	0.0237740672684
4115.4863762	0.0237739086131
4115.80053547	0.0237737321345
4116.11469473	0.0237735163021
4116.428854	0.0237733573187
4116.74301326	0.0237733443941
4117.05717253	0.0237731911263
4117.3713318	0.023772989062
4117.68549106	0.0237729702076
4117.99965033	0.023772924571
4118.31380959	0.0237729224557
4118.62796886	0.0237729027971
4118.94212812	0.023772807498
4119.25628739	0.0237727637023
4119.57044665	0.0237728022175
4119.88460592	0.0237728127689
4120.19876518	0.0237729248972
4120.51292445	0.0237731035798
4120.82708371	0.0237731051733
4121.14124298	0.0237730765492
4121.45540224	0.0237732167196
4121.76956151	0.0237729869983
4122.08372078	0.0237728719583
4122.39788004	0.0237728468557
4122.71203931	0.023772366534
4123.02619857	0.0237721154154
4123.34035784	0.0237721306187
4123.6545171	0.023772019859
4123.96867637	0.0237718254293
4124.28283563	0.023771710928
4124.5969949	0.0237716740016
4124.91115416	0.0237716615612
4125.22531343	0.0237716806175
4125.53947269	0.0237717366321
4125.85363196	0.0237717654117
4126.16779123	0.023771801475
4126.48195049	0.0237719441035
4126.79610976	0.0237719660017
4127.11026902	0.023771626463
4127.42442829	0.0237715924215
4127.73858755	0.0237715170304
4128.05274682	0.0237710908424
4128.36690608	0.023770694385
4128.68106535	0.0237706197755
4128.99522461	0.0237704363404
4129.30938388	0.0237700932511
4129.62354314	0.023769892983
4129.93770241	0.0237698427832
4130.25186167	0.0237697645179
4130.56602094	0.0237697428808
4130.88018021	0.0237698213168
4131.19433947	0.0237698962532
4131.50849874	0.0237699646656
4131.822658	0.0237700979187
4132.13681727	0.023770239392
4132.45097653	0.0237703071548
4132.7651358	0.0237704292685
4133.07929506	0.0237706208645
4133.39345433	0.0237707439491
4133.70761359	0.0237705945729
4134.02177286	0.0237702044804
4134.33593212	0.0237701924473
4134.65009139	0.0237702151109
4134.96425066	0.0237698726899
4135.27840992	0.0237694839554
4135.59256919	0.0237693837035
4135.90672845	0.0237694038542
4136.22088772	0.02376927787
4136.53504698	0.0237690735268
4136.84920625	0.0237689909865
4137.16336551	0.0237690947952
4137.47752478	0.02376923719
4137.79168404	0.0237693054859
4138.10584331	0.0237693502104
4138.42000257	0.0237694171052
4138.73416184	0.0237695278068
4139.0483211	0.0237695978805
4139.36248037	0.0237695486163
4139.67663964	0.0237694200894
4139.9907989	0.0237692575902
4140.30495817	0.0237691134994
4140.61911743	0.023768969854
4140.9332767	0.0237686395925
4141.24743596	0.0237683750034
4141.56159523	0.0237682803067
4141.87575449	0.0237682097477
4142.18991376	0.023768082122
4142.50407302	0.0237679465124
4142.81823229	0.0237678516761
4143.13239155	0.0237678488047
4143.44655082	0.0237677412238
4143.76071009	0.0237675833067
4144.07486935	0.0237676787357
4144.38902862	0.0237678781077
4144.70318788	0.0237679752163
4145.01734715	0.0237679962698
4145.33150641	0.0237679769828
4145.64566568	0.0237678555366
4145.95982494	0.0237678276099
4146.27398421	0.023767740127
4146.58814347	0.0237674724872
4146.90230274	0.0237673138948
4147.216462	0.0237672965429
4147.53062127	0.023767259836
4147.84478053	0.0237671915264
4148.1589398	0.0237671975606
4148.47309907	0.0237672764185
4148.78725833	0.0237672596984
4149.1014176	0.0237672457702
4149.41557686	0.0237672779121
4149.72973613	0.0237671914256
4150.04389539	0.0237670946105
4150.35805466	0.0237670614843
4150.67221392	0.0237669549511
4150.98637319	0.023766928297
4151.30053245	0.0237670240599
4151.61469172	0.0237670071916
4151.92885098	0.0237667888307
4152.24301025	0.0237666645466
4152.55716952	0.0237665057185
4152.87132878	0.0237661960255
4153.18548805	0.0237660252537
4153.49964731	0.0237659026398
4153.81380658	0.0237656719277
4154.12796584	0.0237654626033
4154.44212511	0.023765418222
4154.75628437	0.0237655810341
4155.07044364	0.0237656760873
4155.3846029	0.0237656128324
4155.69876217	0.0237654875205
4156.01292143	0.0237653502209
4156.3270807	0.023765132023
4156.64123996	0.0237650042999
4156.95539923	0.0237648013944
4157.2695585	0.0237644643172
4157.58371776	0.0237642298776
4157.89787703	0.0237641535603
4158.21203629	0.0237640802227
4158.52619556	0.0237638996845
4158.84035482	0.0237637377992
4159.15451409	0.0237636787998
4159.46867335	0.0237636554109
4159.78283262	0.0237636014883
4160.09699188	0.0237635841736
4160.41115115	0.0237636160286
4160.72531041	0.0237636565184
4161.03946968	0.0237637276071
4161.35362895	0.0237638517488
4161.66778821	0.0237639361327
4161.98194748	0.0237638881065
4162.29610674	0.0237637617726
4162.61026601	0.0237637468562
4162.92442527	0.0237635340244
4163.23858454	0.0237631527086
4163.5527438	0.0237630949825
4163.86690307	0.0237629184648
4164.18106233	0.0237626238306
4164.4952216	0.0237625083927
4164.80938086	0.023762402099
4165.12354013	0.0237622476189
4165.4376994	0.0237622140315
4165.75185866	0.0237622428466
4166.06601793	0.0237622066298
4166.38017719	0.0237621761273
4166.69433646	0.0237622185013
4167.00849572	0.0237622587847
4167.32265499	0.0237622649309
4167.63681425	0.0237622976515
4167.95097352	0.023762377434
4168.26513278	0.0237624608665
4168.57929205	0.0237622439687
4168.89345131	0.023761851797
4169.20761058	0.0237617423083
4169.52176984	0.0237615183157
4169.83592911	0.023761157764
4170.15008838	0.0237608496185
4170.46424764	0.0237606735071
4170.77840691	0.0237605214928
4171.09256617	0.0237602768543
4171.40672544	0.0237600767339
4171.7208847	0.0237600576307
4172.03504397	0.0237601133834
4172.34920323	0.0237601630832
4172.6633625	0.0237602319118
4172.97752176	0.0237603179405
4173.29168103	0.0237603918696
4173.60584029	0.0237604807461
4173.91999956	0.0237605649121
4174.23415883	0.0237605760494
4174.54831809	0.0237605482116
4174.86247736	0.0237603994939
4175.17663662	0.0237602410947
4175.49079589	0.023759973708
4175.80495515	0.0237597539287
4176.11911442	0.0237596471108
4176.43327368	0.0237594399514
4176.74743295	0.0237592903805
4177.06159221	0.0237592593961
4177.37575148	0.0237591371672
4177.68991074	0.023759020725
4178.00407001	0.0237589262841
4178.31822927	0.0237588184011
4178.63238854	0.0237588105608
4178.94654781	0.0237589213446
4179.26070707	0.0237590206839
4179.57486634	0.0237590572201
4179.8890256	0.0237591141258
4180.20318487	0.0237590899581
4180.51734413	0.0237589641538
4180.8315034	0.0237589103308
4181.14566266	0.0237587060423
4181.45982193	0.0237584172905
4181.77398119	0.0237582502661
4182.08814046	0.02375813089
4182.40229972	0.023757965205
4182.71645899	0.0237578018351
4183.03061826	0.0237577339744
4183.34477752	0.0237576937377
4183.65893679	0.0237576412268
4183.97309605	0.0237575149936
4184.28725532	0.0237573807041
4184.60141458	0.0237573575667
4184.91557385	0.0237572547187
4185.22973311	0.0237571140445
4185.54389238	0.0237571450804
4185.85805164	0.0237572020821
4186.17221091	0.0237571145511
4186.48637017	0.0237569423666
4186.80052944	0.0237568759569
4187.1146887	0.0237567948839
4187.42884797	0.0237566152127
4187.74300724	0.023756486921
4188.0571665	0.0237564727998
4188.37132577	0.0237564134091
4188.68548503	0.0237562408562
4188.9996443	0.023756131114
4189.31380356	0.0237560984188
4189.62796283	0.0237561247552
4189.94212209	0.0237562835313
4190.25628136	0.0237563541993
4190.57044062	0.0237562833808
4190.88459989	0.0237562822092
4191.19875915	0.0237563921071
4191.51291842	0.0237563014822
4191.82707769	0.0237562472307
4192.14123695	0.0237560681519
4192.45539622	0.0237558543354
4192.76955548	0.0237558206598
4193.08371475	0.0237557842302
4193.39787401	0.0237556018391
4193.71203328	0.0237553864666
4194.02619254	0.0237552427924
4194.34035181	0.0237551714509
4194.65451107	0.0237551242844
4194.96867034	0.0237550974128
4195.2828296	0.0237550930122
4195.59698887	0.0237551202015
4195.91114813	0.02375522844
4196.2253074	0.0237553518053
4196.53946667	0.0237552356946
4196.85362593	0.0237549836179
4197.1677852	0.023755016958
4197.48194446	0.0237549330386
4197.79610373	0.0237544182917
4198.11026299	0.0237540894013
4198.42442226	0.0237541931657
4198.73858152	0.0237539063686
4199.05274079	0.0237534696428
4199.36690005	0.0237533615517
4199.68105932	0.0237534345698
4199.99521858	0.0237533962254
4200.30937785	0.0237533156616
4200.62353712	0.0237533962163
4200.93769638	0.0237535531863
4201.25185565	0.0237536329711
4201.56601491	0.0237536802893
4201.88017418	0.0237537853027
4202.19433344	0.0237538912081
4202.50849271	0.0237539560795
4202.82265197	0.0237540940356
4203.13681124	0.0237542757949
4203.4509705	0.023754198729
4203.76512977	0.0237539807655
4204.07928903	0.0237539312828
4204.3934483	0.0237537356798
4204.70760756	0.0237534615938
4205.02176683	0.0237532873382
4205.3359261	0.0237531483585
4205.65008536	0.0237529544624
4205.96424463	0.0237527684501
4206.27840389	0.0237527101632
4206.59256316	0.0237527282744
4206.90672242	0.0237527347961
4207.22088169	0.0237527581395
4207.53504095	0.0237528222422
4207.84920022	0.0237528502136
4208.16335948	0.0237528630302
4208.47751875	0.0237529430837
4208.79167801	0.0237530299329
4209.10583728	0.0237530279701
4209.41999655	0.0237529087929
4209.73415581	0.0237527223248
4210.04831508	0.0237526254267
4210.36247434	0.0237524285196
4210.67663361	0.0237521107104
4210.99079287	0.0237518645067
4211.30495214	0.0237517824556
4211.6191114	0.0237516592993
4211.93327067	0.0237514708605
4212.24742993	0.0237513326418
4212.5615892	0.023751335298
4212.87574846	0.0237512368652
4213.18990773	0.0237511190665
4213.50406699	0.0237512467731
4213.81822626	0.0237514375715
4214.13238553	0.0237515505728
4214.44654479	0.0237516505367
4214.76070406	0.0237517560352
4215.07486332	0.0237518079927
4215.38902259	0.0237516908545
4215.70318185	0.0237516413507
4216.01734112	0.0237515805133
4216.33150038	0.0237512917759
4216.64565965	0.0237510428297
4216.95981891	0.0237510057857
4217.27397818	0.0237509715324
4217.58813744	0.0237508858791
4217.90229671	0.0237508893238
4218.21645598	0.0237508540406
4218.53061524	0.0237507999453
4218.84477451	0.0237508401585
4219.15893377	0.0237507966128
4219.47309304	0.0237506989724
4219.7872523	0.023750644656
4220.10141157	0.0237505956562
4220.41557083	0.0237505908192
4220.7297301	0.0237506614618
4221.04388936	0.0237506729885
4221.35804863	0.0237505542215
4221.67220789	0.0237503911502
4221.98636716	0.023750312238
4222.30052642	0.0237500811256
4222.61468569	0.0237498018785
4222.92884496	0.0237497051488
4223.24300422	0.0237495271201
4223.55716349	0.0237492117593
4223.87132275	0.0237490553665
4224.18548202	0.0237491157015
4224.49964128	0.0237492224612
4224.81380055	0.0237492097813
4225.12795981	0.0237491371032
4225.44211908	0.023749093269
4225.75627834	0.0237489499455
4226.07043761	0.0237488798538
4226.38459687	0.0237487622625
4226.69875614	0.0237485046655
4227.01291541	0.0237483912918
4227.32707467	0.0237483573286
4227.64123394	0.0237482203545
4227.9553932	0.0237481080897
4228.26955247	0.0237479639428
4228.58371173	0.0237477605155
4228.897871	0.023747664758
4229.21203026	0.0237476382081
4229.52618953	0.0237475993441
4229.84034879	0.0237476094229
4230.15450806	0.023747659629
4230.46866732	0.0237477275256
4230.78282659	0.023747854394
4231.09698586	0.0237479022571
4231.41114512	0.0237478504234
4231.72530439	0.0237479265187
4232.03946365	0.0237479451705
4232.35362292	0.0237478400866
4232.66778218	0.0237475181186
4232.98194145	0.023747422655
4233.29610071	0.0237473295827
4233.61025998	0.0237470280906
4233.92441924	0.0237467855108
4234.23857851	0.02374669152
4234.55273777	0.0237465756128
4234.86689704	0.0237463901041
4235.1810563	0.0237462374213
4235.49521557	0.023746199009
4235.80937484	0.0237461689641
4236.1235341	0.0237461282114
4236.43769337	0.0237461285133
4236.75185263	0.0237461600158
4237.0660119	0.0237462496793
4237.38017116	0.0237463729914
4237.69433043	0.0237464554869
4238.00848969	0.0237464344472
4238.32264896	0.023746068772
4238.63680822	0.0237458734513
4238.95096749	0.0237457583821
4239.26512675	0.0237453505324
4239.57928602	0.0237449465412
4239.89344529	0.0237447882685
4240.20760455	0.0237447313077
4240.52176382	0.023744455998
4240.83592308	0.0237441661841
4241.15008235	0.0237441468274
4241.46424161	0.0237442631959
4241.77840088	0.0237443008502
4242.09256014	0.0237443276282
4242.40671941	0.0237444460859
4242.72087867	0.0237445572297
4243.03503794	0.0237446181633
4243.3491972	0.0237447271136
4243.66335647	0.023744858637
4243.97751573	0.0237449239062
4244.291675	0.0237448960131
4244.60583427	0.0237446779377
4244.91999353	0.0237444864557
4245.2341528	0.0237444070962
4245.54831206	0.0237441607303
4245.86247133	0.0237438679157
4246.17663059	0.0237437870708
4246.49078986	0.0237436562888
4246.80494912	0.0237434478425
4247.11910839	0.0237433994233
4247.43326765	0.0237433337002
4247.74742692	0.0237431564094
4248.06158618	0.0237431228376
4248.37574545	0.0237432585374
4248.68990472	0.023743358681
4249.00406398	0.0237433774958
4249.31822325	0.0237434184213
4249.63238251	0.0237434609596
4249.94654178	0.0237434063209
4250.26070104	0.0237433083746
4250.57486031	0.0237432553899
4250.88901957	0.0237430085535
4251.20317884	0.0237426039553
4251.5173381	0.0237424327023
4251.83149737	0.023742358695
4252.14565663	0.0237420877754
4252.4598159	0.023741851812
4252.77397516	0.0237418076533
4253.08813443	0.0237417335789
4253.4022937	0.0237416030922
4253.71645296	0.0237415365609
4254.03061223	0.0237414902276
4254.34477149	0.0237414267663
4254.65893076	0.0237413180668
4254.97309002	0.0237413013913
4255.28724929	0.0237413971878
4255.60140855	0.0237415016714
4255.91556782	0.0237415130573
4256.22972708	0.023741315833
4256.54388635	0.023741178769
4256.85804561	0.0237412054501
4257.17220488	0.0237409242253
4257.48636415	0.0237406456716
4257.80052341	0.0237405860395
4258.11468268	0.0237404854543
4258.42884194	0.0237403764729
4258.74300121	0.0237402994049
4259.05716047	0.0237402160221
4259.37131974	0.0237402473947
4259.685479	0.0237403353242
4259.99963827	0.0237403696371
4260.31379753	0.0237403415036
4260.6279568	0.0237402091312
4260.94211606	0.0237401415788
4261.25627533	0.0237401704872
4261.57043459	0.0237399649735
4261.88459386	0.0237398308547
4262.19875313	0.0237399044412
4262.51291239	0.0237398409127
4262.82707166	0.0237395687285
4263.14123092	0.0237394589512
4263.45539019	0.0237393078144
4263.76954945	0.0237390791863
4264.08370872	0.0237389540082
4264.39786798	0.0237389387084
4264.71202725	0.0237389627708
4265.02618651	0.0237389734699
4265.34034578	0.023739051867
4265.65450504	0.0237391944798
4265.96866431	0.0237392761747
4266.28282358	0.0237391712968
4266.59698284	0.0237389250835
4266.91114211	0.0237388362932
4267.22530137	0.0237386834648
4267.53946064	0.0237382713093
4267.8536199	0.0237380882463
4268.16777917	0.0237381309884
4268.48193843	0.0237378166368
4268.7960977	0.0237374874795
4269.11025696	0.0237375154606
4269.42441623	0.0237375621491
4269.73857549	0.0237375746594
4270.05273476	0.0237376085865
4270.36689402	0.0237375717441
4270.68105329	0.0237375475879
4270.99521256	0.0237375978461
4271.30937182	0.0237376822988
4271.62353109	0.0237376971361
4271.93769035	0.0237376815278
4272.25184962	0.0237378196739
4272.56600888	0.0237380329439
4272.88016815	0.023738120931
4273.19432741	0.0237379831769
4273.50848668	0.0237378382679
4273.82264594	0.0237377268097
4274.13680521	0.0237373742188
4274.45096447	0.0237371225164
4274.76512374	0.0237370041982
4275.07928301	0.0237367419772
4275.39344227	0.0237364293732
4275.70760154	0.0237362723325
4276.0217608	0.0237362390716
4276.33592007	0.0237362313735
4276.65007933	0.023736218939
4276.9642386	0.0237362701295
4277.27839786	0.0237363922321
4277.59255713	0.0237365068867
4277.90671639	0.023736530843
4278.22087566	0.0237365527464
4278.53503492	0.023736599392
4278.84919419	0.023736584908
4279.16335345	0.0237363591219
4279.47751272	0.0237360858203
4279.79167199	0.0237360179261
4280.10583125	0.023735836331
4280.41999052	0.0237354874468
4280.73414978	0.0237352118569
4281.04830905	0.0237351364629
4281.36246831	0.0237350153042
4281.67662758	0.0237348400158
4281.99078684	0.0237347598453
4282.30494611	0.0237346924498
4282.61910537	0.0237346143078
4282.93326464	0.0237346826027
4283.2474239	0.0237348749205
4283.56158317	0.0237350208565
4283.87574244	0.0237351429054
4284.1899017	0.0237353328983
4284.50406097	0.0237354819486
4284.81822023	0.0237354751299
4285.1323795	0.0237355816529
4285.44653876	0.023735581682
4285.76069803	0.0237352160803
4286.07485729	0.0237350690327
4286.38901656	0.0237350722437
4286.70317582	0.0237348725609
4287.01733509	0.0237346396443
4287.33149435	0.0237345808733
4287.64565362	0.0237345506597
4287.95981288	0.0237344772756
4288.27397215	0.0237344913107
4288.58813142	0.0237344605703
4288.90229068	0.0237344484334
4289.21644995	0.0237344760089
4289.53060921	0.0237344181106
4289.84476848	0.0237344202416
4290.15892774	0.023734536265
4290.47308701	0.0237346420235
4290.78724627	0.0237345941926
4291.10140554	0.0237343929848
4291.4155648	0.02373429638
4291.72972407	0.0237341743936
4292.04388333	0.0237339202735
4292.3580426	0.0237337279901
4292.67220187	0.0237336593643
4292.98636113	0.0237334927315
4293.3005204	0.0237332190751
4293.61467966	0.023733085146
4293.92883893	0.0237332194963
4294.24299819	0.0237333376183
4294.55715746	0.0237332732209
4294.87131672	0.023733220168
4295.18547599	0.023733140466
4295.49963525	0.023733047726
4295.81379452	0.0237331208065
4296.12795378	0.0237328777405
4296.44211305	0.0237327163785
4296.75627232	0.0237328714534
4297.07043158	0.0237329305444
4297.38459085	0.0237327714808
4297.69875011	0.0237326529729
4298.01290938	0.0237325873842
4298.32706864	0.0237324117786
4298.64122791	0.0237322729876
4298.95538717	0.0237322782898
4299.26954644	0.0237322934491
4299.5837057	0.0237322614157
4299.89786497	0.0237322652911
4300.21202423	0.0237323719768
4300.5261835	0.0237325424732
4300.84034276	0.0237326110058
4301.15450203	0.0237325884048
4301.4686613	0.0237326136836
4301.78282056	0.0237326870268
4302.09697983	0.0237323816095
4302.41113909	0.0237321814433
4302.72529836	0.0237322176016
4303.03945762	0.0237318236339
4303.35361689	0.023731509097
4303.66777615	0.0237314989973
4303.98193542	0.0237314103981
4304.29609468	0.0237311771057
4304.61025395	0.0237309932444
4304.92441321	0.0237308892978
4305.23857248	0.02373086143
4305.55273175	0.0237307972564
4305.86689101	0.023730751523
4306.18105028	0.0237307606647
4306.49520954	0.0237307827252
4306.80936881	0.0237308759121
4307.12352807	0.0237310391253
4307.43768734	0.0237311150284
4307.7518466	0.0237310439246
4308.06600587	0.023730720939
4308.38016513	0.0237306503987
4308.6943244	0.0237304853752
4309.00848366	0.0237300690027
4309.32264293	0.0237298077234
4309.63680219	0.0237297633637
4309.95096146	0.0237295436878
4310.26512073	0.0237292121169
4310.57927999	0.0237291055243
4310.89343926	0.0237291859951
4311.20759852	0.0237292178523
4311.52175779	0.0237292027028
4311.83591705	0.0237292585761
4312.15007632	0.023729366149
4312.46423558	0.023729425147
4312.77839485	0.0237294314231
4313.09255411	0.0237295045718
4313.40671338	0.0237296097828
4313.72087264	0.0237296666087
4314.03503191	0.0237296527334
4314.34919118	0.0237294641499
4314.66335044	0.0237294647148
4314.97750971	0.0237293229262
4315.29166897	0.023728994126
4315.60582824	0.0237287607283
4315.9199875	0.023728630512
4316.23414677	0.0237283521404
4316.54830603	0.0237281053086
4316.8624653	0.0237279324363
4317.17662456	0.0237277001343
4317.49078383	0.023727549289
4317.80494309	0.0237275605552
4318.11910236	0.0237276240775
4318.43326162	0.0237276465948
4318.74742089	0.0237277081274
4319.06158016	0.0237278279453
4319.37573942	0.0237278596761
4319.68989869	0.0237277982412
4320.00405795	0.02372777171
4320.31821722	0.0237277247533
4320.63237648	0.0237273678061
4320.94653575	0.0237269177397
4321.26069501	0.0237268195379
4321.57485428	0.0237267250407
4321.88901354	0.0237264255533
4322.20317281	0.0237261899507
4322.51733207	0.0237260487795
4322.83149134	0.0237258960971
4323.14565061	0.0237258138652
4323.45980987	0.0237257125163
4323.77396914	0.0237255987809
4324.0881284	0.0237255306877
4324.40228767	0.0237255671473
4324.71644693	0.023725688506
4325.0306062	0.0237258107097
4325.34476546	0.0237259599967
4325.65892473	0.0237260619743
4325.97308399	0.0237259946154
4326.28724326	0.0237258241542
4326.60140252	0.0237257818846
4326.91556179	0.0237256590894
4327.22972105	0.023725365666
4327.54388032	0.0237252602827
4327.85803959	0.0237252945345
4328.17219885	0.0237251102434
4328.48635812	0.0237248798329
4328.80051738	0.023724940457
4329.11467665	0.0237250400504
4329.42883591	0.0237249693659
4329.74299518	0.0237248809436
4330.05715444	0.0237247674548
4330.37131371	0.0237247207856
4330.68547297	0.0237246997022
4330.99963224	0.0237244835035
4331.3137915	0.0237243614974
4331.62795077	0.0237245304353
4331.94211004	0.0237246654405
4332.2562693	0.0237245340621
4332.57042857	0.0237243045768
4332.88458783	0.0237242374368
4333.1987471	0.0237240844441
4333.51290636	0.0237238331607
4333.82706563	0.023723676533
4334.14122489	0.0237235775044
4334.45538416	0.0237234962504
4334.76954342	0.0237234488947
4335.08370269	0.0237234406022
4335.39786195	0.0237234505256
4335.71202122	0.0237234168681
4336.02618048	0.0237233085805
4336.34033975	0.0237232118602
4336.65449902	0.0237231459453
4336.96865828	0.0237230586397
4337.28281755	0.0237228815428
4337.59697681	0.0237228394974
4337.91113608	0.0237226505216
4338.22529534	0.0237223944643
4338.53945461	0.023722227631
4338.85361387	0.0237221643861
4339.16777314	0.0237221177249
4339.4819324	0.0237219299312
4339.79609167	0.0237218659896
4340.11025093	0.0237219011822
4340.4244102	0.0237218818347
4340.73856947	0.0237219086209
4341.05272873	0.0237219933004
4341.366888	0.023722079817
4341.68104726	0.0237221279291
4341.99520653	0.0237222652826
4342.30936579	0.0237224460405
4342.62352506	0.0237224478937
4342.93768432	0.0237223729391
4343.25184359	0.0237223202894
4343.56600285	0.0237221405058
4343.88016212	0.0237219571872
4344.19432138	0.0237216887202
4344.50848065	0.0237214878577
4344.82263991	0.0237212829796
4345.13679918	0.0237210224097
4345.45095845	0.0237208997663
4345.76511771	0.0237209215383
4346.07927698	0.0237209062543
4346.39343624	0.0237208785813
4346.70759551	0.0237209231145
4347.02175477	0.023720991258
4347.33591404	0.0237210037687
4347.6500733	0.0237209760415
4347.96423257	0.0237210138697
4348.27839183	0.0237210990838
4348.5925511	0.0237210452718
4348.90671036	0.0237208384694
4349.22086963	0.0237207117434
4349.5350289	0.0237207095628
4349.84918816	0.023720463525
4350.16334743	0.0237200252198
4350.47750669	0.0237198181257
4350.79166596	0.0237197137136
4351.10582522	0.0237195065719
4351.41998449	0.0237193176938
4351.73414375	0.0237191998638
4352.04830302	0.0237191201069
4352.36246228	0.0237191188285
4352.67662155	0.0237192381381
4352.99078081	0.023719366481
4353.30494008	0.0237194654278
4353.61909935	0.0237195953916
4353.93325861	0.0237197170732
4354.24741788	0.0237198083742
4354.56157714	0.0237198891064
4354.87573641	0.0237200500599
4355.18989567	0.0237201607069
4355.50405494	0.0237199184242
4355.8182142	0.0237195206058
4356.13237347	0.0237195265191
4356.44653273	0.023719502715
4356.760692	0.0237191611785
4357.07485126	0.0237189045064
4357.38901053	0.023718869075
4357.70316979	0.0237187777979
4358.01732906	0.0237186777622
4358.33148833	0.0237186285029
4358.64564759	0.0237184908061
4358.95980686	0.0237184088341
4359.27396612	0.023718545171
4359.58812539	0.0237186990382
4359.90228465	0.0237187166295
4360.21644392	0.0237187298845
4360.53060318	0.0237186995992
4360.84476245	0.0237185685905
4361.15892171	0.0237184418519
4361.47308098	0.0237182264802
4361.78724024	0.0237181354322
4362.10139951	0.0237180678258
4362.41555878	0.0237179424079
4362.72971804	0.0237177020581
4363.04387731	0.0237174963779
4363.35803657	0.0237174230661
4363.67219584	0.0237174947419
4363.9863551	0.0237174630417
4364.30051437	0.0237173687733
4364.61467363	0.0237173189813
4364.9288329	0.023717248973
4365.24299216	0.0237173715572
4365.55715143	0.0237172071713
4365.87131069	0.0237169761029
4366.18546996	0.0237172197557
4366.49962922	0.0237175235215
4366.81378849	0.0237175254743
4367.12794776	0.0237173843406
4367.44210702	0.0237173767128
4367.75626629	0.0237173330222
4368.07042555	0.02371713021
4368.38458482	0.0237169683533
4368.69874408	0.0237169271429
4369.01290335	0.0237168833094
4369.32706261	0.0237168315549
4369.64122188	0.0237168352633
4369.95538114	0.0237168959252
4370.26954041	0.0237170410465
4370.58369967	0.0237171005838
4370.89785894	0.0237170206391
4371.21201821	0.0237171055475
4371.52617747	0.0237170816104
4371.84033674	0.0237166903037
4372.154496	0.0237168063298
4372.46865527	0.0237165727958
4372.78281453	0.0237160625521
4373.0969738	0.0237159817797
4373.41113306	0.0237160610652
4373.72529233	0.023715901873
4374.03945159	0.0237156183703
4374.35361086	0.023715455178
4374.66777012	0.0237154030146
4374.98192939	0.0237153221054
4375.29608865	0.023715218387
4375.61024792	0.0237151638266
4375.92440719	0.0237151618229
4376.23856645	0.0237151575597
4376.55272572	0.0237152817446
4376.86688498	0.0237154451361
4377.18104425	0.0237154499314
4377.49520351	0.0237153424733
4377.80936278	0.0237151915988
4378.12352204	0.0237150714575
4378.43768131	0.0237149078556
4378.75184057	0.0237146525648
4379.06599984	0.0237144144461
4379.3801591	0.0237143157168
4379.69431837	0.0237141278517
4380.00847764	0.0237139202815
4380.3226369	0.0237138906579
4380.63679617	0.0237138976301
4380.95095543	0.0237138566609
4381.2651147	0.0237138769382
4381.57927396	0.0237139389371
4381.89343323	0.0237140045488
4382.20759249	0.0237140661392
4382.52175176	0.0237141385112
4382.83591102	0.0237142362157
4383.15007029	0.023714344661
4383.46422955	0.0237143626267
4383.77838882	0.0237143628606
4384.09254808	0.0237143428271
4384.40670735	0.0237140607889
4384.72086662	0.0237138098418
4385.03502588	0.0237136191805
4385.34918515	0.0237133976234
4385.66334441	0.0237131685015
4385.97750368	0.0237129730277
4386.29166294	0.0237127797327
4386.60582221	0.0237125096938
4386.91998147	0.0237123604697
4387.23414074	0.0237123795159
4387.5483	0.0237123976237
4387.86245927	0.0237123900649
4388.17661853	0.0237124342582
4388.4907778	0.0237125422227
4388.80493707	0.0237126194745
4389.11909633	0.0237126080209
4389.4332556	0.0237125807805
4389.74741486	0.0237125885318
4390.06157413	0.0237124970488
4390.37573339	0.0237121027335
4390.68989266	0.0237117715506
4391.00405192	0.0237117074496
4391.31821119	0.0237115650095
4391.63237045	0.023711258266
4391.94652972	0.0237110211348
4392.26068898	0.0237108808137
4392.57484825	0.0237108054029
4392.88900751	0.0237107403231
4393.20316678	0.0237106032749
4393.51732605	0.0237104896547
4393.83148531	0.0237105694998
4394.14564458	0.023710771974
4394.45980384	0.0237108970399
4394.77396311	0.0237109913383
4395.08812237	0.0237111146979
4395.40228164	0.0237112202254
4395.7164409	0.023711210661
4396.03060017	0.0237111025711
4396.34475943	0.0237109719943
4396.6589187	0.0237109036336
4396.97307796	0.0237107751907
4397.28723723	0.0237106090694
4397.6013965	0.0237105263396
4397.91555576	0.0237103560929
4398.22971503	0.0237101698129
4398.54387429	0.0237101362234
4398.85803356	0.0237101231967
4399.17219282	0.0237099877392
4399.48635209	0.0237098342641
4399.80051135	0.0237098048739
4400.11467062	0.0237097977895
4400.42882988	0.0237096133631
4400.74298915	0.0237095379538
4401.05714841	0.0237096857624
4401.37130768	0.0237097804943
4401.68546694	0.0237097547951
4401.99962621	0.0237096712741
4402.31378548	0.0237095188494
4402.62794474	0.0237094070742
4402.94210401	0.0237092163187
4403.25626327	0.023708963276
4403.57042254	0.0237087948997
4403.8845818	0.0237086694306
4404.19874107	0.0237085475546
4404.51290033	0.0237084773386
4404.8270596	0.023708476372
4405.14121886	0.0237084996594
4405.45537813	0.0237084850536
4405.76953739	0.0237084177984
4406.08369666	0.0237083892231
4406.39785593	0.0237083367136
4406.71201519	0.023708170031
4407.02617446	0.0237081246198
4407.34033372	0.0237080727053
4407.65449299	0.0237078184775
4407.96865225	0.0237076867415
4408.28281152	0.0237077034746
4408.59697078	0.0237075577099
4408.91113005	0.0237073531204
4409.22528931	0.0237071804511
4409.53944858	0.0237071350358
4409.85360784	0.023707097076
4410.16776711	0.0237069822744
4410.48192637	0.0237069454116
4410.79608564	0.0237070151891
4411.11024491	0.0237070899804
4411.42440417	0.0237071180009
4411.73856344	0.0237072316383
4412.0527227	0.0237073484552
4412.36688197	0.0237072332944
4412.68104123	0.0237070399485
4412.9952005	0.0237069263877
4413.30935976	0.0237067272538
4413.62351903	0.0237065292385
4413.93767829	0.0237063315826
4414.25183756	0.0237060011639
4414.56599682	0.0237057792688
4414.88015609	0.0237056739735
4415.19431536	0.0237055705374
4415.50847462	0.0237054766587
4415.82263389	0.0237054045086
4416.13679315	0.023705403113
4416.45095242	0.0237054153586
4416.76511168	0.0237054667593
4417.07927095	0.0237055144548
4417.39343021	0.023705529098
4417.70758948	0.0237055688426
4418.02174874	0.023705607516
4418.33590801	0.0237054733897
4418.65006727	0.0237051818311
4418.96422654	0.0237050719277
4419.27838581	0.0237050172655
4419.59254507	0.0237048098493
4419.90670434	0.0237044615559
4420.2208636	0.0237042142922
4420.53502287	0.0237042243978
4420.84918213	0.0237040403217
4421.1633414	0.0237037766563
4421.47750066	0.0237037878118
4421.79165993	0.023703827652
4422.10581919	0.0237037698706
4422.41997846	0.0237038095593
4422.73413772	0.0237039390235
4423.04829699	0.0237040128587
4423.36245625	0.0237040750273
4423.67661552	0.0237041398592
4423.99077479	0.0237042241466
4424.30493405	0.0237044055985
4424.61909332	0.023704539847
4424.93325258	0.0237045160797
4425.24741185	0.0237041971024
4425.56157111	0.0237039249315
4425.87573038	0.0237038630406
4426.18988964	0.0237036746761
4426.50404891	0.0237033450469
4426.81820817	0.0237031095848
4427.13236744	0.0237029637063
4427.4465267	0.0237028333887
4427.76068597	0.0237027849374
4428.07484524	0.0237026507235
4428.3890045	0.0237024912721
4428.70316377	0.0237025893165
4429.01732303	0.0237028094237
4429.3314823	0.0237028308276
4429.64564156	0.0237027919413
4429.95980083	0.0237028736467
4430.27396009	0.0237029066107
4430.58811936	0.0237028051466
4430.90227862	0.0237026909076
4431.21643789	0.0237025833113
4431.53059715	0.0237024039201
4431.84475642	0.0237022128218
4432.15891568	0.0237020895184
4432.47307495	0.0237019292162
4432.78723422	0.0237017299712
4433.10139348	0.023701665745
4433.41555275	0.0237017069775
4433.72971201	0.0237016997393
4434.04387128	0.0237017135382
4434.35803054	0.0237017438958
4434.67218981	0.023701758006
4434.98634907	0.0237017747949
4435.30050834	0.0237016612604
4435.6146676	0.0237017225209
4435.92882687	0.0237019533208
4436.24298613	0.0237021469628
4436.5571454	0.0237022269176
4436.87130467	0.0237021723088
4437.18546393	0.0237021052656
4437.4996232	0.0237020762045
4437.81378246	0.023701976534
4438.12794173	0.0237017780299
4438.44210099	0.0237016737394
4438.75626026	0.0237016826093
4439.07041952	0.0237016673042
4439.38457879	0.0237015982729
4439.69873805	0.0237015836571
4440.01289732	0.0237016243399
4440.32705658	0.0237016717162
4440.64121585	0.0237017009963
4440.95537511	0.0237017032367
4441.26953438	0.0237016562993
4441.58369365	0.0237015541144
4441.89785291	0.0237014926639
4442.21201218	0.0237011902211
4442.52617144	0.0237010399178
4442.84033071	0.0237010249092
4443.15448997	0.0237008891824
4443.46864924	0.0237007697419
4443.7828085	0.0237005808247
4444.09696777	0.0237003435972
4444.41112703	0.0237002278453
4444.7252863	0.0237002226105
4445.03944556	0.0237001689195
4445.35360483	0.0237000864295
4445.6677641	0.0237000693418
4445.98192336	0.0237001661
4446.29608263	0.023700386575
4446.61024189	0.0237005072508
4446.92440116	0.0237004364773
4447.23856042	0.0237003433401
4447.55271969	0.0237003060638
4447.86687895	0.0237001755816
4448.18103822	0.0237000339755
4448.49519748	0.0236999177724
4448.80935675	0.0236997144141
4449.12351601	0.023699547421
4449.43767528	0.023699425527
4449.75183454	0.0236993521525
4450.06599381	0.0236993262333
4450.38015308	0.0236992988925
4450.69431234	0.0236992740009
4451.00847161	0.023699328834
4451.32263087	0.0236994008561
4451.63679014	0.0236994425202
4451.9509494	0.0236995171494
4452.26510867	0.0236995825395
4452.57926793	0.0236996265476
4452.8934272	0.0236996934821
4453.20758646	0.0236996541613
4453.52174573	0.0236995294551
4453.83590499	0.0236994967873
4454.15006426	0.0236992559947
4454.46422353	0.0236988351718
4454.77838279	0.023698647982
4455.09254206	0.0236985759349
4455.40670132	0.0236983149444
4455.72086059	0.0236979739388
4456.03501985	0.0236977655777
4456.34917912	0.0236976505179
4456.66333838	0.0236975800414
4456.97749765	0.0236975441485
4457.29165691	0.0236975166422
4457.60581618	0.0236975118501
4457.91997544	0.0236975625671
4458.23413471	0.023697636919
4458.54829397	0.02369764084
4458.86245324	0.023697645269
4459.17661251	0.0236977495099
4459.49077177	0.0236977748897
4459.80493104	0.0236976193815
4460.1190903	0.0236972579824
4460.43324957	0.0236970835389
4460.74740883	0.0236969514434
4461.0615681	0.0236967589659
4461.37572736	0.0236964988562
4461.68988663	0.0236962382718
4462.00404589	0.0236961215159
4462.31820516	0.0236961092874
4462.63236442	0.0236959468704
4462.94652369	0.0236957803345
4463.26068296	0.02369583579
4463.57484222	0.0236960343797
4463.88900149	0.0236961734783
4464.20316075	0.0236962398435
4464.51732002	0.0236963327562
4464.83147928	0.0236964474359
4465.14563855	0.0236965690377
4465.45979781	0.0236966033047
4465.77395708	0.0236964619545
4466.08811634	0.0236964101634
4466.40227561	0.0236964908741
4466.71643487	0.0236962423425
4467.03059414	0.0236958303734
4467.3447534	0.0236957388887
4467.65891267	0.0236956307595
4467.97307194	0.0236953819776
4468.2872312	0.0236952043296
4468.60139047	0.0236950831261
4468.91554973	0.0236949160022
4469.229709	0.0236948122637
4469.54386826	0.0236947427021
4469.85802753	0.0236945618857
4470.17218679	0.0236945343329
4470.48634606	0.0236946730529
4470.80050532	0.0236947798453
4471.11466459	0.0236948011422
4471.42882385	0.0236947361777
4471.74298312	0.0236945764938
4472.05714239	0.0236943913954
4472.37130165	0.0236942348734
4472.68546092	0.0236939585713
4472.99962018	0.0236937289658
4473.31377945	0.0236936492746
4473.62793871	0.0236935565669
4473.94209798	0.0236934311712
4474.25625724	0.0236934194941
4474.57041651	0.0236935002959
4474.88457577	0.0236934920939
4475.19873504	0.0236934410641
4475.5128943	0.0236934566787
4475.82705357	0.0236934243995
4476.14121283	0.0236933688505
4476.4553721	0.0236933391484
4476.76953137	0.0236933657077
4477.08369063	0.0236933061947
4477.3978499	0.0236932415157
4477.71200916	0.0236931448867
4478.02616843	0.0236930985329
4478.34032769	0.0236930193191
4478.65448696	0.0236927788669
4478.96864622	0.0236926369948
4479.28280549	0.0236926710397
4479.59696475	0.0236926336057
4479.91112402	0.0236924899567
4480.22528328	0.023692452304
4480.53944255	0.0236925420074
4480.85360182	0.0236925767231
4481.16776108	0.0236925815879
4481.48192035	0.0236926751817
4481.79607961	0.0236926855067
4482.11023888	0.0236925602438
4482.42439814	0.0236923632584
4482.73855741	0.0236923418972
4483.05271667	0.0236922414636
4483.36687594	0.0236919793283
4483.6810352	0.0236917528776
4483.99519447	0.0236915134691
4484.30935373	0.0236913705013
4484.623513	0.0236913181259
4484.93767227	0.0236911611025
4485.25183153	0.0236909767845
4485.5659908	0.0236908850873
4485.88015006	0.0236908563371
4486.19430933	0.0236907970061
4486.50846859	0.0236907526353
4486.82262786	0.0236907532433
4487.13678712	0.0236907624218
4487.45094639	0.0236908046622
4487.76510565	0.0236908743293
4488.07926492	0.0236908028624
4488.39342418	0.0236906194414
4488.70758345	0.0236905407703
4489.02174271	0.0236904278948
4489.33590198	0.0236900074274
4489.65006125	0.0236898295096
4489.96422051	0.0236897551691
4490.27837978	0.0236894534222
4490.59253904	0.0236891660174
4490.90669831	0.0236890540202
4491.22085757	0.0236890429076
4491.53501684	0.0236890880279
4491.8491761	0.0236890985329
4492.16333537	0.0236891082463
4492.47749463	0.023689202318
4492.7916539	0.023689305854
4493.10581316	0.0236893558593
4493.41997243	0.0236893857274
4493.7341317	0.0236894549701
4494.04829096	0.0236896380824
4494.36245023	0.0236897882177
4494.67660949	0.023689760509
4494.99076876	0.023689459026
4495.30492802	0.0236892640201
4495.61908729	0.0236891788829
4495.93324655	0.023688962076
4496.24740582	0.023688650558
4496.56156508	0.0236883555125
4496.87572435	0.0236882389957
4497.18988361	0.0236882091045
4497.50404288	0.0236879856212
4497.81820214	0.0236877778046
4498.13236141	0.0236878379861
4498.44652068	0.0236880181157
4498.76067994	0.0236881038005
4499.07483921	0.0236881427732
4499.38899847	0.0236882250357
4499.70315774	0.0236883032129
4500.017317	0.0236883340432
4500.33147627	0.0236883094355
4500.64563553	0.0236881905488
4500.9597948	0.0236879637828
4501.27395406	0.0236878392792
4501.58811333	0.0236876846661
4501.90227259	0.0236875142434
4502.21643186	0.023687412141
4502.53059113	0.0236872711571
4502.84475039	0.0236871227207
4503.15890966	0.0236871254397
4503.47306892	0.0236871777544
4503.78722819	0.0236870499074
4504.10138745	0.0236869670479
4504.41554672	0.0236869453681
4504.72970598	0.0236868657467
4505.04386525	0.0236868744485
4505.35802451	0.0236870058078
4505.67218378	0.0236871623552
4505.98634304	0.0236872772979
4506.30050231	0.0236873662685
4506.61466157	0.02368738254
4506.92882084	0.0236873857779
4507.24298011	0.0236873588803
4507.55713937	0.0236870808014
4507.87129864	0.0236868495372
4508.1854579	0.0236867680516
4508.49961717	0.0236866623438
4508.81377643	0.0236865203329
4509.1279357	0.0236864754408
4509.44209496	0.0236864806068
4509.75625423	0.0236864429061
4510.07041349	0.0236863843714
4510.38457276	0.0236863488995
4510.69873202	0.0236862481704
4511.01289129	0.0236861016824
4511.32705056	0.0236860453218
4511.64120982	0.0236858765146
4511.95536909	0.0236857164378
4512.26952835	0.0236857423711
4512.58368762	0.0236857263776
4512.89784688	0.0236854996799
4513.21200615	0.0236853899245
4513.52616541	0.0236853506649
4513.84032468	0.023685120051
4514.15448394	0.0236849683411
4514.46864321	0.0236849605089
4514.78280247	0.0236848653502
4515.09696174	0.0236847266224
4515.411121	0.0236846732608
4515.72528027	0.0236848660394
4516.03943954	0.0236851190934
4516.3535988	0.0236851536215
4516.66775807	0.0236850682657
4516.98191733	0.0236850916465
4517.2960766	0.0236850614703
4517.61023586	0.0236849600671
4517.92439513	0.0236849415228
4518.23855439	0.0236847872817
4518.55271366	0.0236846244565
4518.86687292	0.0236846702253
4519.18103219	0.0236846752117
4519.49519145	0.0236845569657
4519.80935072	0.0236844580037
4520.12350999	0.0236844272723
4520.43766925	0.0236844351637
4520.75182852	0.0236844077845
4521.06598778	0.0236843745179
4521.38014705	0.0236844105365
4521.69430631	0.0236844630809
4522.00846558	0.0236844653201
4522.32262484	0.0236845669094
4522.63678411	0.0236846568246
4522.95094337	0.0236846416298
4523.26510264	0.0236846654633
4523.5792619	0.0236845280662
4523.89342117	0.0236840855164
4524.20758043	0.0236838276735
4524.5217397	0.0236838545469
4524.83589897	0.0236835992064
4525.15005823	0.0236832187463
4525.4642175	0.0236830195241
4525.77837676	0.0236829632481
4526.09253603	0.0236828802909
4526.40669529	0.0236827719342
4526.72085456	0.0236827263875
4527.03501382	0.0236827395198
4527.34917309	0.0236827609266
4527.66333235	0.0236828004138
4527.97749162	0.0236828534708
4528.29165088	0.0236828791033
4528.60581015	0.0236829424941
4528.91996942	0.0236830837077
4529.23412868	0.0236831444371
4529.54828795	0.0236829727748
4529.86244721	0.0236827186211
4530.17660648	0.0236826990511
4530.49076574	0.0236824906259
4530.80492501	0.0236822634606
4531.11908427	0.0236820646527
4531.43324354	0.0236818693761
4531.7474028	0.0236818314734
4532.06156207	0.0236817241949
4532.37572133	0.0236815142155
4532.6898806	0.0236815226351
4533.00403986	0.0236816875784
4533.31819913	0.0236817992805
4533.6323584	0.0236818450448
4533.94651766	0.0236819091427
4534.26067693	0.023682043345
4534.57483619	0.0236821449413
4534.88899546	0.0236821547821
4535.20315472	0.0236822358127
4535.51731399	0.0236823744595
4535.83147325	0.0236823846939
4536.14563252	0.0236821397403
4536.45979178	0.0236817955756
4536.77395105	0.0236817132189
4537.08811031	0.0236815525863
4537.40226958	0.0236812741006
4537.71642885	0.0236810609197
4538.03058811	0.023680901631
4538.34474738	0.0236807211375
4538.65890664	0.0236806150985
4538.97306591	0.0236805214528
4539.28722517	0.0236803493371
4539.60138444	0.0236803260251
4539.9155437	0.0236804526544
4540.22970297	0.0236805602526
4540.54386223	0.0236806270133
4540.8580215	0.0236806599452
4541.17218076	0.02368058906
4541.48634003	0.0236803926545
4541.8004993	0.0236802391347
4542.11465856	0.0236801541386
4542.42881783	0.0236798692777
4542.74297709	0.0236796099016
4543.05713636	0.0236795495576
4543.37129562	0.0236795066814
4543.68545489	0.0236793918147
4543.99961415	0.0236792804611
4544.31377342	0.0236792436137
4544.62793268	0.0236792205171
4544.94209195	0.0236792404108
4545.25625121	0.023679227944
4545.57041048	0.0236791868449
4545.88456974	0.0236791901305
4546.19872901	0.0236791736012
4546.51288828	0.0236792170419
4546.82704754	0.0236793261312
4547.14120681	0.023679383401
4547.45536607	0.0236792909105
4547.76952534	0.0236791561514
4548.0836846	0.0236790671473
4548.39784387	0.0236788750733
4548.71200313	0.0236787190879
4549.0261624	0.0236786867023
4549.34032166	0.0236785498823
4549.65448093	0.0236783350286
4549.96864019	0.0236782483171
4550.28279946	0.0236782695911
4550.59695873	0.0236782595845
4550.91111799	0.0236782849936
4551.22527726	0.0236783001001
4551.53943652	0.0236782497025
4551.85359579	0.0236781564221
4552.16775505	0.023677957309
4552.48191432	0.02367796004
4552.79607358	0.0236777872445
4553.11023285	0.0236774921188
4553.42439211	0.0236774233142
4553.73855138	0.0236773449595
4554.05271064	0.0236771515575
4554.36686991	0.023677010649
4554.68102917	0.0236768470481
4554.99518844	0.0236766308272
4555.30934771	0.0236764997275
4555.62350697	0.0236764529746
4555.93766624	0.0236764365036
4556.2518255	0.0236764139314
4556.56598477	0.0236764028819
4556.88014403	0.0236764713938
4557.1943033	0.0236765754626
4557.50846256	0.023676586218
4557.82262183	0.0236764387429
4558.13678109	0.0236763774148
4558.45094036	0.0236764268802
4558.76509962	0.0236761888372
4559.07925889	0.0236758336933
4559.39341816	0.0236759005993
4559.70757742	0.0236757121943
4560.02173669	0.0236753256699
4560.33589595	0.0236751488637
4560.65005522	0.0236751135225
4560.96421448	0.023675117457
4561.27837375	0.0236751344845
4561.59253301	0.0236750868215
4561.90669228	0.0236750617707
4562.22085154	0.0236751433124
4562.53501081	0.02367522097
4562.84917007	0.0236752468869
4563.16332934	0.0236752648582
4563.4774886	0.0236752907182
4563.79164787	0.0236753535497
4564.10580714	0.023675448158
4564.4199664	0.0236754581175
4564.73412567	0.023675183697
4565.04828493	0.0236749224204
4565.3624442	0.0236747904112
4565.67660346	0.0236745202445
4565.99076273	0.023674212866
4566.30492199	0.0236740152083
4566.61908126	0.0236738323105
4566.93324052	0.0236736191299
4567.24739979	0.0236734549927
4567.56155905	0.023673430286
4567.87571832	0.0236734700896
4568.18987759	0.0236735087308
4568.50403685	0.0236735677742
4568.81819612	0.0236736571899
4569.13235538	0.0236737261434
4569.44651465	0.0236737146538
4569.76067391	0.0236737011163
4570.07483318	0.0236737188622
4570.38899244	0.0236736595404
4570.70315171	0.023673352494
4571.01731097	0.0236732407641
4571.33147024	0.0236732979057
4571.6456295	0.0236730333967
4571.95978877	0.0236727316994
4572.27394803	0.0236725664141
4572.5881073	0.0236724926425
4572.90226657	0.0236724062167
4573.21642583	0.0236722484398
4573.5305851	0.0236721411615
4573.84474436	0.0236720484438
4574.15890363	0.0236719614858
4574.47306289	0.023672017535
4574.78722216	0.0236721665738
4575.10138142	0.02367226745
4575.41554069	0.0236723669393
4575.72969995	0.0236725579009
4576.04385922	0.0236726734394
4576.35801848	0.0236726474399
4576.67217775	0.0236726723298
4576.98633702	0.0236725351748
4577.30049628	0.0236722355656
4577.61465555	0.023672064559
4577.92881481	0.0236719607952
4578.24297408	0.0236717741837
4578.55713334	0.0236715575109
4578.87129261	0.0236715269087
4579.18545187	0.0236715966565
4579.49961114	0.0236715693318
4579.8137704	0.0236714420656
4580.12792967	0.0236714325011
4580.44208893	0.0236714601051
4580.7562482	0.0236713052015
4581.07040746	0.0236711837219
4581.38456673	0.0236712339918
4581.698726	0.0236712482124
4582.01288526	0.0236711954722
4582.32704453	0.0236710268085
4582.64120379	0.023670852722
4582.95536306	0.0236707809962
4583.26952232	0.0236706610415
4583.58368159	0.0236704600872
4583.89784085	0.0236704024101
4584.21200012	0.0236704241021
4584.52615938	0.023670323855
4584.84031865	0.0236701820324
4585.15447791	0.0236701531277
4585.46863718	0.0236702949437
4585.78279645	0.0236704845285
4586.09695571	0.0236705295424
4586.41111498	0.0236705122004
4586.72527424	0.023670440891
4587.03943351	0.0236704868792
4587.35359277	0.0236705081241
4587.66775204	0.0236703606601
4587.9819113	0.0236702621797
4588.29607057	0.0236703011186
4588.61022983	0.0236702742042
4588.9243891	0.0236701686129
4589.23854836	0.0236701287221
4589.55270763	0.0236700015841
4589.86686689	0.02366983758
4590.18102616	0.0236697767998
4590.49518543	0.0236697741227
4590.80934469	0.0236697701436
4591.12350396	0.0236697604121
4591.43766322	0.023669750526
4591.75182249	0.0236698348828
4592.06598175	0.0236699867193
4592.38014102	0.0236699567831
4592.69430028	0.0236699502372
4593.00845955	0.0236699746847
4593.32261881	0.0236698326255
4593.63677808	0.0236694089285
4593.95093734	0.0236692231327
4594.26509661	0.0236691200844
4594.57925588	0.0236687736123
4594.89341514	0.0236684402679
4595.20757441	0.0236683448404
4595.52173367	0.0236682964497
4595.83589294	0.023668171023
4596.1500522	0.0236680604598
4596.46421147	0.0236680807861
4596.77837073	0.0236681614944
4597.09253	0.0236681870908
4597.40668926	0.0236682331236
4597.72084853	0.0236683236478
4598.03500779	0.0236684264867
4598.34916706	0.0236685410728
4598.66332633	0.023668705216
4598.97748559	0.0236687725724
4599.29164486	0.0236685943857
4599.60580412	0.0236684684258
4599.91996339	0.0236684325712
4600.23412265	0.0236681966728
4600.54828192	0.0236679869798
4600.86244118	0.0236678656529
4601.17660045	0.0236677573178
4601.49075971	0.0236675893579
4601.80491898	0.0236674244477
4602.11907824	0.0236674033515
4602.43323751	0.0236675137992
4602.74739677	0.0236675959345
4603.06155604	0.0236676515823
4603.37571531	0.0236677446604
4603.68987457	0.0236678618612
4604.00403384	0.0236679421819
4604.3181931	0.0236679446293
4604.63235237	0.023667964952
4604.94651163	0.0236680588269
4605.2606709	0.023668085364
4605.57483016	0.0236679473082
4605.88898943	0.0236678197067
4606.20314869	0.0236675296125
4606.51730796	0.0236673198216
4606.83146722	0.0236671627162
4607.14562649	0.0236669610249
4607.45978576	0.0236667385542
4607.77394502	0.0236665331133
4608.08810429	0.023666424166
4608.40226355	0.0236663299544
4608.71642282	0.0236661397648
4609.03058208	0.0236660477681
4609.34474135	0.0236661618903
4609.65890061	0.0236662810616
4609.97305988	0.0236663249739
4610.28721914	0.0236663794909
4610.60137841	0.0236664912429
4610.91553767	0.023666440107
4611.22969694	0.0236663348517
4611.5438562	0.0236663410046
4611.85801547	0.0236661584703
4612.17217474	0.0236658143163
4612.486334	0.0236656538781
4612.80049327	0.0236655931356
4613.11465253	0.023665484436
4613.4288118	0.0236653625464
4613.74297106	0.0236653200701
4614.05713033	0.0236652617983
4614.37128959	0.0236652051454
4614.68544886	0.023665217457
4614.99960812	0.0236652003072
4615.31376739	0.0236651534921
4615.62792665	0.0236650918303
4615.94208592	0.0236651263818
4616.25624519	0.0236652658003
4616.57040445	0.0236654117796
4616.88456372	0.0236654248065
4617.19872298	0.0236653562661
4617.51288225	0.0236653270908
4617.82704151	0.0236652675774
4618.14120078	0.0236650849857
4618.45536004	0.0236648941272
4618.76951931	0.0236647412489
4619.08367857	0.0236645159313
4619.39783784	0.0236642955066
4619.7119971	0.0236641331861
4620.02615637	0.023664034537
4620.34031563	0.0236640680816
4620.6544749	0.0236640979448
4620.96863417	0.023664031358
4621.28279343	0.0236639706893
4621.5969527	0.0236638505143
4621.91111196	0.0236637960006
4622.22527123	0.023663739693
4622.53943049	0.0236634101036
4622.85358976	0.0236632849138
4623.16774902	0.0236633610067
4623.48190829	0.0236631664576
4623.79606755	0.0236628845742
4624.11022682	0.0236627654655
4624.42438608	0.0236625356763
4624.73854535	0.0236623257028
4625.05270462	0.0236622495385
4625.36686388	0.0236621974419
4625.68102315	0.0236621453995
4625.99518241	0.0236621353199
4626.30934168	0.0236621654609
4626.62350094	0.0236622740137
4626.93766021	0.0236623807842
4627.25181947	0.0236623232985
4627.56597874	0.0236623057026
4627.880138	0.0236624104094
4628.19429727	0.0236624155617
4628.50845653	0.0236621193302
4628.8226158	0.023662023624
4629.13677506	0.0236619642682
4629.45093433	0.0236616430007
4629.7650936	0.0236613798058
4630.07925286	0.0236613503019
4630.39341213	0.0236613454464
4630.70757139	0.0236611936974
4631.02173066	0.0236610666091
4631.33588992	0.0236611139103
4631.65004919	0.0236611309994
4631.96420845	0.0236610853221
4632.27836772	0.0236611199805
4632.59252698	0.023661207736
4632.90668625	0.0236612548186
4633.22084551	0.0236613157214
4633.53500478	0.0236614464867
4633.84916405	0.0236615044747
4634.16332331	0.0236613695971
4634.47748258	0.0236611494068
4634.79164184	0.0236610372709
4635.10580111	0.0236607521312
4635.41996037	0.0236603616448
4635.73411964	0.0236601663111
4636.0482789	0.0236600718258
4636.36243817	0.0236597475783
4636.67659743	0.023659414243
4636.9907567	0.0236593470267
4637.30491596	0.0236594023687
4637.61907523	0.0236593839721
4637.93323449	0.0236593548703
4638.24739376	0.0236594301965
4638.56155303	0.0236595530978
4638.87571229	0.0236595891796
4639.18987156	0.0236595939991
4639.50403082	0.0236596485861
4639.81819009	0.023659686525
4640.13234935	0.0236596038282
4640.44650862	0.0236594512008
4640.76066788	0.0236592806814
4641.07482715	0.0236593242279
4641.38898641	0.0236590689953
4641.70314568	0.0236586416427
4642.01730494	0.0236585824309
4642.33146421	0.0236584750666
4642.64562348	0.0236582668365
4642.95978274	0.0236581909926
4643.27394201	0.0236580853596
4643.58810127	0.0236579540228
4643.90226054	0.0236579897694
4644.2164198	0.0236581483522
4644.53057907	0.0236582421605
4644.84473833	0.0236582971004
4645.1588976	0.0236583993794
4645.47305686	0.0236585013022
4645.78721613	0.023658542193
4646.10137539	0.0236585492395
4646.41553466	0.0236585941732
4646.72969392	0.0236584882288
4647.04385319	0.0236581155357
4647.35801246	0.0236578974457
4647.67217172	0.023657881627
4647.98633099	0.023657678375
4648.30049025	0.0236573980094
4648.61464952	0.0236573527179
4648.92880878	0.0236573946046
4649.24296805	0.02365729163
4649.55712731	0.0236571318613
4649.87128658	0.0236571833075
4650.18544584	0.0236571320406
4650.49960511	0.0236569326775
4650.81376437	0.0236569780674
4651.12792364	0.023657183119
4651.44208291	0.023657220889
4651.75624217	0.0236571065837
4652.07040144	0.0236569753817
4652.3845607	0.0236568209852
4652.69871997	0.0236568372323
4653.01287923	0.0236567109687
4653.3270385	0.023656454896
4653.64119776	0.0236564371105
4653.95535703	0.0236565022454
4654.26951629	0.0236563527886
4654.58367556	0.0236561560642
4654.89783482	0.0236561259891
4655.21199409	0.0236561694705
4655.52615336	0.0236561842439
4655.84031262	0.0236561755905
4656.15447189	0.0236561850765
4656.46863115	0.0236561491723
4656.78279042	0.0236561662854
4657.09694968	0.0236561777458
4657.41110895	0.0236561032551
4657.72526821	0.0236561474495
4658.03942748	0.0236562565548
4658.35358674	0.0236562619927
4658.66774601	0.0236561221215
4658.98190527	0.0236559642571
4659.29606454	0.023655880624
4659.6102238	0.0236556726304
4659.92438307	0.0236554913735
4660.23854234	0.0236554372448
4660.5527016	0.0236554341105
4660.86686087	0.0236553999
4661.18102013	0.0236553955729
4661.4951794	0.0236555163159
4661.80933866	0.0236555841638
4662.12349793	0.0236553633927
4662.43765719	0.0236553222738
4662.75181646	0.0236553610348
4663.06597572	0.0236551109226
4663.38013499	0.0236547592091
4663.69429425	0.0236547585453
4664.00845352	0.0236545215043
4664.32261279	0.0236541133636
4664.63677205	0.0236539923998
4664.95093132	0.0236540390417
4665.26509058	0.0236539615705
4665.57924985	0.0236538188801
4665.89340911	0.0236537887887
4666.20756838	0.0236538309816
4666.52172764	0.0236538142372
4666.83588691	0.0236538360433
4667.15004617	0.0236539132561
4667.46420544	0.0236539454714
4667.7783647	0.0236540055088
4668.09252397	0.0236542052925
4668.40668323	0.0236543778507
4668.7208425	0.0236544212441
4669.03500177	0.0236543352043
4669.34916103	0.0236543215993
4669.6633203	0.0236542613582
4669.97747956	0.0236539455207
4670.29163883	0.0236538482605
4670.60579809	0.0236538253039
4670.91995736	0.0236534972121
4671.23411662	0.0236532248082
4671.54827589	0.0236532376041
4671.86243515	0.0236532914724
4672.17659442	0.023653233199
4672.49075368	0.0236532172548
4672.80491295	0.0236533093912
4673.11907222	0.0236533897727
4673.43323148	0.0236534133943
4673.74739075	0.0236534338689
4674.06155001	0.0236535270599
4674.37570928	0.0236535915963
4674.68986854	0.0236535905067
4675.00402781	0.0236535388815
4675.31818707	0.023653366116
4675.63234634	0.0236532478855
4675.9465056	0.0236529384331
4676.26066487	0.0236526405281
4676.57482413	0.0236525124346
4676.8889834	0.0236523420033
4677.20314266	0.0236520768763
4677.51730193	0.0236519376092
4677.8314612	0.0236518883525
4678.14562046	0.023651701905
4678.45977973	0.023651579892
4678.77393899	0.0236516717076
4679.08809826	0.0236517967133
4679.40225752	0.0236518501337
4679.71641679	0.0236519183273
4680.03057605	0.0236520211877
4680.34473532	0.0236521262788
4680.65889458	0.0236521014338
4680.97305385	0.0236521092469
4681.28721311	0.0236522063544
4681.60137238	0.0236520700661
4681.91553165	0.0236516845009
4682.22969091	0.0236515969208
4682.54385018	0.0236516165785
4682.85800944	0.0236514714963
4683.17216871	0.0236513324721
4683.48632797	0.0236512743082
4683.80048724	0.0236512341768
4684.1146465	0.0236512457137
4684.42880577	0.0236512061848
4684.74296503	0.0236511760049
4685.0571243	0.0236511474423
4685.37128356	0.0236511611909
4685.68544283	0.0236512716747
4685.99960209	0.0236514289054
4686.31376136	0.0236515654095
4686.62792063	0.0236515860784
4686.94207989	0.0236514988691
4687.25623916	0.0236514787614
4687.57039842	0.0236514187698
4687.88455769	0.0236511549231
4688.19871695	0.0236510238767
4688.51287622	0.0236509535697
4688.82703548	0.023650738493
4689.14119475	0.0236504697476
4689.45535401	0.0236503145791
4689.76951328	0.0236503593997
4690.08367254	0.0236503746607
4690.39783181	0.0236502729352
4690.71199108	0.0236501888511
4691.02615034	0.0236501240759
4691.34030961	0.0236499565123
4691.65446887	0.0236499942055
4691.96862814	0.0236497580508
4692.2827874	0.0236495154305
4692.59694667	0.0236496339979
4692.91110593	0.0236497353388
4693.2252652	0.0236494903632
4693.53942446	0.0236492791518
4693.85358373	0.0236492155645
4694.16774299	0.0236490225252
4694.48190226	0.023648791971
4694.79606152	0.0236487372479
4695.11022079	0.0236487662403
4695.42438006	0.0236487279401
4695.73853932	0.0236486848973
4696.05269859	0.0236487416328
4696.36685785	0.0236488716808
4696.68101712	0.0236489224801
4696.99517638	0.0236488346472
4697.30933565	0.0236487547489
4697.62349491	0.0236487842385
4697.93765418	0.0236486955985
4698.25181344	0.0236484757731
4698.56597271	0.0236486001738
4698.88013197	0.0236484316769
4699.19429124	0.0236480558014
4699.50845051	0.0236480328988
4699.82260977	0.023648182603
4700.13676904	0.0236480880911
4700.4509283	0.0236478364682
4700.76508757	0.0236476714123
4701.07924683	0.0236476729314
4701.3934061	0.0236476358073
4701.70756536	0.0236475076784
4702.02172463	0.0236474454571
4702.33588389	0.0236474599291
4702.65004316	0.0236474953751
4702.96420242	0.0236476045782
4703.27836169	0.0236477175176
4703.59252095	0.0236477127179
4703.90668022	0.023647578467
4704.22083949	0.0236474419198
4704.53499875	0.0236473002177
4704.84915802	0.0236469946088
4705.16331728	0.0236466959531
4705.47747655	0.023646504033
4705.79163581	0.0236463083665
4706.10579508	0.0236460331538
4706.41995434	0.0236458366581
4706.73411361	0.023645808796
4707.04827287	0.0236458192592
4707.36243214	0.0236457971491
4707.6765914	0.0236458063842
4707.99075067	0.0236458501538
4708.30490994	0.023645886068
4708.6190692	0.0236459483157
4708.93322847	0.0236460036848
4709.24738773	0.0236460180342
4709.561547	0.0236460985453
4709.87570626	0.0236462036284
4710.18986553	0.0236460535602
4710.50402479	0.0236458258138
4710.81818406	0.0236458169956
4711.13234332	0.0236455825588
4711.44650259	0.02364522235
4711.76066185	0.0236450682091
4712.07482112	0.0236449615258
4712.38898038	0.0236447923589
4712.70313965	0.0236446823976
4713.01729892	0.0236445456504
4713.33145818	0.0236444531893
4713.64561745	0.023644539166
4713.95977671	0.0236446488149
4714.27393598	0.0236446841648
4714.58809524	0.0236447177839
4714.90225451	0.0236448077977
4715.21641377	0.0236448571619
4715.53057304	0.0236448182533
4715.8447323	0.0236448638788
4716.15889157	0.0236449247908
4716.47305083	0.0236447536631
4716.7872101	0.0236443443913
4717.10136937	0.0236441144955
4717.41552863	0.0236440599132
4717.7296879	0.0236438491875
4718.04384716	0.0236435163408
4718.35800643	0.0236433191672
4718.67216569	0.023643170385
4718.98632496	0.0236430146724
4719.30048422	0.0236429773471
4719.61464349	0.0236428304217
4719.92880275	0.0236426134634
4720.24296202	0.0236426355804
4720.55712128	0.0236428415569
4720.87128055	0.0236429183529
4721.18543982	0.0236429314694
4721.49959908	0.0236429932532
4721.81375835	0.023643018745
4722.12791761	0.0236429093557
4722.44207688	0.0236428062105
4722.75623614	0.0236428505404
4723.07039541	0.0236426270042
4723.38455467	0.0236423928999
4723.69871394	0.023642431339
4724.0128732	0.0236422933096
4724.32703247	0.0236421001697
4724.64119173	0.0236420748577
4724.955351	0.0236420611781
4725.26951026	0.0236420096017
4725.58366953	0.0236419424814
4725.8978288	0.0236419185692
4726.21198806	0.023641922571
4726.52614733	0.0236419245201
4726.84030659	0.0236418484946
4727.15446586	0.0236418923186
4727.46862512	0.0236420972174
4727.78278439	0.0236422647452
4728.09694365	0.0236422408637
4728.41110292	0.0236421274458
4728.72526218	0.0236420270805
4729.03942145	0.0236418830981
4729.35358071	0.0236416440419
4729.66773998	0.0236414885658
4729.98189925	0.0236414367722
4730.29605851	0.0236413635769
4730.61021778	0.0236413069896
4730.92437704	0.0236413892611
4731.23853631	0.0236414891134
4731.55269557	0.0236414682064
4731.86685484	0.0236413387324
4732.1810141	0.0236412651481
4732.49517337	0.02364122924
4732.80933263	0.0236410118941
4733.1234919	0.0236408018634
4733.43765116	0.0236407565118
4733.75181043	0.0236404514556
4734.06596969	0.023640195483
4734.38012896	0.0236401611617
4734.69428823	0.0236401377893
4735.00844749	0.023640055173
4735.32260676	0.023639962852
4735.63676602	0.023639890637
4735.95092529	0.0236399330719
4736.26508455	0.0236399996807
4736.57924382	0.023640003837
4736.89340308	0.0236400111734
4737.20756235	0.0236400553254
4737.52172161	0.023640135978
4737.83588088	0.0236403496281
4738.15004014	0.0236404746589
4738.46419941	0.0236404176825
4738.77835868	0.0236404111516
4739.09251794	0.0236404598598
4739.40667721	0.0236403264192
4739.72083647	0.0236400833636
4740.03499574	0.0236400498368
4740.349155	0.0236398431352
4740.66331427	0.0236395231524
4740.97747353	0.0236393547946
4741.2916328	0.0236393537221
4741.60579206	0.0236393256814
4741.91995133	0.0236392394364
4742.23411059	0.0236392179774
4742.54826986	0.0236392681319
4742.86242912	0.0236393456733
4743.17658839	0.0236393963703
4743.49074766	0.0236393949209
4743.80490692	0.0236394189193
4744.11906619	0.0236395002115
4744.43322545	0.0236394997664
4744.74738472	0.0236393166588
4745.06154398	0.023639171242
4745.37570325	0.0236390895219
4745.68986251	0.0236388128151
4746.00402178	0.0236384447949
4746.31818104	0.0236382922186
4746.63234031	0.0236380975334
4746.94649957	0.0236379041944
4747.26065884	0.0236377776687
4747.57481811	0.023637597013
4747.88897737	0.023637440669
4748.20313664	0.0236374842526
4748.5172959	0.023637625196
4748.83145517	0.0236376865412
4749.14561443	0.0236377478545
4749.4597737	0.0236379015157
4749.77393296	0.023638047352
4750.08809223	0.0236381700856
4750.40225149	0.0236382239321
4750.71641076	0.0236383325101
4751.03057002	0.0236384623653
4751.34472929	0.0236383055122
4751.65888855	0.0236379792081
4751.97304782	0.0236379870593
4752.28720709	0.0236379782194
4752.60136635	0.0236377672738
4752.91552562	0.0236375494736
4753.22968488	0.0236374533822
4753.54384415	0.0236374355067
4753.85800341	0.0236374019909
4754.17216268	0.0236373149696
4754.48632194	0.0236372305138
4754.80048121	0.0236372356697
4755.11464047	0.023637351153
4755.42879974	0.0236374533234
4755.742959	0.0236375375751
4756.05711827	0.0236376424465
4756.37127754	0.0236377116599
4756.6854368	0.0236376917695
4756.99959607	0.0236376464508
4757.31375533	0.0236375881807
4757.6279146	0.0236373796749
4757.94207386	0.0236372236341
4758.25623313	0.023637102214
4758.57039239	0.0236368734221
4758.88455166	0.0236366242665
4759.19871092	0.0236364876571
4759.51287019	0.0236364563836
4759.82702945	0.0236363794722
4760.14118872	0.0236363012717
4760.45534798	0.0236362483082
4760.76950725	0.0236361666078
4761.08366652	0.0236361216603
4761.39782578	0.0236360132539
4761.71198505	0.0236358795943
4762.02614431	0.0236359511441
4762.34030358	0.0236361247896
4762.65446284	0.023636162407
4762.96862211	0.0236360104323
4763.28278137	0.0236358684488
4763.59694064	0.0236358471022
4763.9110999	0.0236357662647
4764.22525917	0.0236355679202
4764.53941843	0.0236354651253
4764.8535777	0.023635527074
4765.16773697	0.0236355344552
4765.48189623	0.0236354873226
4765.7960555	0.0236355435924
4766.11021476	0.0236356253825
4766.42437403	0.0236355835735
4766.73853329	0.0236356004477
4767.05269256	0.0236356651831
4767.36685182	0.0236356565223
4767.68101109	0.0236355528553
4767.99517035	0.0236355561045
4768.30932962	0.0236354761352
4768.62348888	0.0236352863426
4768.93764815	0.0236353105737
4769.25180741	0.0236353940071
4769.56596668	0.0236352467307
4769.88012595	0.0236350655802
4770.19428521	0.0236348745931
4770.50844448	0.0236346730952
4770.82260374	0.0236345060912
4771.13676301	0.0236343759438
4771.45092227	0.0236342634318
4771.76508154	0.0236341391633
4772.0792408	0.0236341343745
4772.39340007	0.0236342896591
4772.70755933	0.0236344079784
4773.0217186	0.0236343900433
4773.33587786	0.0236342781107
4773.65003713	0.0236342134352
4773.9641964	0.0236339832292
4774.27835566	0.0236337295844
4774.59251493	0.023633551097
4774.90667419	0.023633243717
4775.22083346	0.023632972767
4775.53499272	0.0236327908407
4775.84915199	0.0236326258205
4776.16331125	0.0236325167644
4776.47747052	0.0236324588677
4776.79162978	0.0236323918338
4777.10578905	0.0236323485622
4777.41994831	0.023632355624
4777.73410758	0.0236323797658
4778.04826685	0.0236324251694
4778.36242611	0.0236324747146
4778.67658538	0.0236325729816
4778.99074464	0.0236327137339
4779.30490391	0.0236327715312
4779.61906317	0.0236327392083
4779.93322244	0.0236326122214
4780.2473817	0.023632574253
4780.56154097	0.0236324094763
4780.87570023	0.0236320226013
4781.1898595	0.0236318735228
4781.50401876	0.0236318189387
4781.81817803	0.0236315947394
4782.13233729	0.0236313494106
4782.44649656	0.0236312751087
4782.76065583	0.023631235524
4783.07481509	0.0236312102454
4783.38897436	0.0236312415292
4783.70313362	0.0236312863758
4784.01729289	0.0236313139865
4784.33145215	0.023631353456
4784.64561142	0.0236314063183
4784.95977068	0.0236314312368
4785.27392995	0.0236314203285
4785.58808921	0.0236314893161
4785.90224848	0.0236315255454
4786.21640774	0.0236313880376
4786.53056701	0.023631079512
4786.84472628	0.023630858701
4787.15888554	0.0236307243279
4787.47304481	0.0236305648528
4787.78720407	0.0236302639522
4788.10136334	0.0236298919137
4788.4155226	0.0236297217128
4788.72968187	0.0236297657616
4789.04384113	0.0236295708561
4789.3580004	0.023629305752
4789.67215966	0.0236293380884
4789.98631893	0.0236295627618
4790.30047819	0.0236296677768
4790.61463746	0.0236296524195
4790.92879672	0.0236297160725
4791.24295599	0.0236298473284
4791.55711526	0.0236298879246
4791.87127452	0.0236298537696
4792.18543379	0.0236297829014
4792.49959305	0.0236297496982
4792.81375232	0.0236296405953
4793.12791158	0.0236293431141
4793.44207085	0.0236292277745
4793.75623011	0.0236290879035
4794.07038938	0.0236289315323
4794.38454864	0.0236288983115
4794.69870791	0.0236288009209
4795.01286717	0.0236286557869
4795.32702644	0.0236285953933
4795.64118571	0.0236286298276
4795.95534497	0.0236285848643
4796.26950424	0.0236284367634
4796.5836635	0.0236284478809
4796.89782277	0.023628606122
4797.21198203	0.0236287224318
4797.5261413	0.0236287761654
4797.84030056	0.0236287690859
4798.15445983	0.0236286575566
4798.46861909	0.0236285983342
4798.78277836	0.02362845101
4799.09693762	0.0236281497773
4799.41109689	0.0236279441398
4799.72525615	0.0236278916469
4800.03941542	0.0236278146752
4800.35357469	0.0236277488704
4800.66773395	0.0236278113106
4800.98189322	0.0236278774462
4801.29605248	0.0236278251382
4801.61021175	0.0236277077103
4801.92437101	0.0236276590633
4802.23853028	0.0236275657411
4802.55268954	0.0236274245978
4802.86684881	0.0236273181062
4803.18100807	0.0236272249445
4803.49516734	0.0236270634968
4803.8093266	0.0236270002986
4804.12348587	0.0236270028186
4804.43764514	0.0236268581633
4804.7518044	0.0236267634433
4805.06596367	0.0236266954632
4805.38012293	0.0236266881615
4805.6942822	0.0236267182814
4806.00844146	0.0236266254098
4806.32260073	0.0236265302906
4806.63675999	0.0236265657607
4806.95091926	0.0236266195828
4807.26507852	0.0236266209652
4807.57923779	0.0236267662692
4807.89339705	0.0236269051755
4808.20755632	0.0236268761097
4808.52171558	0.0236268916218
4808.83587485	0.0236269468215
4809.15003412	0.0236267757372
4809.46419338	0.0236267044083
4809.77835265	0.0236265591617
4810.09251191	0.023626166863
4810.40667118	0.0236260183917
4810.72083044	0.0236259993727
4811.03498971	0.0236258840646
4811.34914897	0.0236257188903
4811.66330824	0.023625638001
4811.9774675	0.0236256381897
4812.29162677	0.0236256562402
4812.60578603	0.0236256867242
4812.9199453	0.0236257027616
4813.23410457	0.0236256937799
4813.54826383	0.0236257302352
4813.8624231	0.0236258236978
4814.17658236	0.0236257831697
4814.49074163	0.0236255276721
4814.80490089	0.0236254130085
4815.11906016	0.0236253039141
4815.43321942	0.0236249072785
4815.74737869	0.0236246328915
4816.06153795	0.023624492984
4816.37569722	0.0236242591498
4816.68985648	0.0236240643106
4817.00401575	0.0236239532024
4817.31817501	0.0236238773158
4817.63233428	0.023623897593
4817.94649355	0.023623955415
4818.26065281	0.0236240286963
4818.57481208	0.0236241305338
4818.88897134	0.0236242488488
4819.20313061	0.0236243852035
4819.51728987	0.0236244575675
4819.83144914	0.0236245432509
4820.1456084	0.0236247228545
4820.45976767	0.0236248777313
4820.77392693	0.0236249271644
4821.0880862	0.0236246949802
4821.40224546	0.0236244711722
4821.71640473	0.0236245705747
4822.030564	0.0236244421411
4822.34472326	0.0236240757888
4822.65888253	0.0236238651582
4822.97304179	0.0236238541852
4823.28720106	0.0236238339773
4823.60136032	0.0236237079166
4823.91551959	0.0236235554958
4824.22967885	0.0236235515334
4824.54383812	0.0236237185745
4824.85799738	0.0236238571752
4825.17215665	0.023623886049
4825.48631591	0.0236239237375
4825.80047518	0.0236240108065
4826.11463444	0.0236240899733
4826.42879371	0.0236240501084
4826.74295298	0.0236239500606
4827.05711224	0.0236238662053
4827.37127151	0.0236237241673
4827.68543077	0.023623601109
4827.99959004	0.0236235201124
4828.3137493	0.0236232441701
4828.62790857	0.0236230177399
4828.94206783	0.0236229883376
4829.2562271	0.0236229573954
4829.57038636	0.023622876201
4829.88454563	0.0236227941125
4830.19870489	0.0236227005062
4830.51286416	0.0236227171031
4830.82702343	0.0236226003485
4831.14118269	0.0236224477587
4831.45534196	0.0236225771978
4831.76950122	0.0236227672922
4832.08366049	0.0236228541533
4832.39781975	0.0236228597753
4832.71197902	0.0236227948847
4833.02613828	0.023622840083
4833.34029755	0.023622838239
4833.65445681	0.0236226337797
4833.96861608	0.0236224680705
4834.28277534	0.0236224452458
4834.59693461	0.0236224329548
4834.91109388	0.0236223412816
4835.22525314	0.0236222956642
4835.53941241	0.023622405756
4835.85357167	0.0236224627611
4836.16773094	0.0236223895998
4836.4818902	0.0236224348546
4836.79604947	0.0236224542261
4837.11020873	0.0236223471447
4837.424368	0.0236222538404
4837.73852726	0.0236222121748
4838.05268653	0.0236220773478
4838.36684579	0.0236220192579
4838.68100506	0.0236220569162
4838.99516432	0.0236219616235
4839.30932359	0.0236218023461
4839.62348286	0.0236217021872
4839.93764212	0.0236214997933
4840.25180139	0.0236213032323
4840.56596065	0.0236212207686
4840.88011992	0.0236211404558
4841.19427918	0.0236209851791
4841.50843845	0.0236208341336
4841.82259771	0.0236208765944
4842.13675698	0.0236210557522
4842.45091624	0.0236211032456
4842.76507551	0.0236210150944
4843.07923477	0.0236208592931
4843.39339404	0.0236208258613
4843.70755331	0.0236205654873
4844.02171257	0.02362043482
4844.33587184	0.0236203150304
4844.6500311	0.0236200183741
4844.96419037	0.0236197867653
4845.27834963	0.0236197702104
4845.5925089	0.0236197422318
4845.90666816	0.0236196194689
4846.22082743	0.0236195141316
4846.53498669	0.0236195032934
4846.84914596	0.0236195633387
4847.16330522	0.0236196169971
4847.47746449	0.0236196124419
4847.79162375	0.0236196327175
4848.10578302	0.0236197274035
4848.41994229	0.023619852281
4848.73410155	0.0236199537515
4849.04826082	0.0236199523726
4849.36242008	0.0236199306332
4849.67657935	0.0236199625497
4849.99073861	0.0236198936025
4850.30489788	0.0236195724254
4850.61905714	0.023619314257
4850.93321641	0.0236192541854
4851.24737567	0.0236190973841
4851.56153494	0.0236188330029
4851.8756942	0.0236186229627
4852.18985347	0.0236185319695
4852.50401274	0.0236184687045
4852.818172	0.0236184151915
4853.13233127	0.0236183829186
4853.44649053	0.0236183723924
4853.7606498	0.0236183943582
4854.07480906	0.0236184284651
4854.38896833	0.0236184491179
4854.70312759	0.0236184380142
4855.01728686	0.0236184437304
4855.33144612	0.0236185191375
4855.64560539	0.0236184655133
4855.95976465	0.0236181880756
4856.27392392	0.0236178885492
4856.58808318	0.0236177173531
4856.90224245	0.0236175518063
4857.21640172	0.0236173025292
4857.53056098	0.0236169470126
4857.84472025	0.0236167586511
4858.15887951	0.0236167393206
4858.47303878	0.0236165650529
4858.78719804	0.0236163395193
4859.10135731	0.0236163237486
4859.41551657	0.0236164600687
4859.72967584	0.0236165711529
4860.0438351	0.0236166215548
4860.35799437	0.0236166806492
4860.67215363	0.0236167819054
4860.9863129	0.0236168854041
4861.30047217	0.0236169561469
4861.61463143	0.0236170231905
4861.9287907	0.0236170275382
4862.24294996	0.0236168730809
4862.55710923	0.0236167573875
4862.87126849	0.0236167142399
4863.18542776	0.0236165134644
4863.49958702	0.0236162982449
4863.81374629	0.0236161756962
4864.12790555	0.0236160904068
4864.44206482	0.023615969626
4864.75622408	0.0236158233468
4865.07038335	0.0236157390636
4865.38454261	0.0236156850063
4865.69870188	0.0236155833245
4866.01286115	0.023615543095
4866.32702041	0.023615644535
4866.64117968	0.0236157606335
4866.95533894	0.0236158446974
4867.26949821	0.0236158782594
4867.58365747	0.0236157979548
4867.89781674	0.023615723999
4868.211976	0.0236156318385
4868.52613527	0.0236153838713
4868.84029453	0.0236151243869
4869.1544538	0.0236149783925
4869.46861306	0.0236148268374
4869.78277233	0.0236146324935
4870.0969316	0.0236145043675
4870.41109086	0.0236144874658
4870.72525013	0.0236144956291
4871.03940939	0.0236144605888
4871.35356866	0.0236144051143
4871.66772792	0.0236143709359
4871.98188719	0.0236142798458
4872.29604645	0.0236141857832
4872.61020572	0.0236141013958
4872.92436498	0.0236140874849
4873.23852425	0.023614069699
4873.55268351	0.02361397648
4873.86684278	0.0236139028927
4874.18100204	0.0236138380643
4874.49516131	0.0236136739599
4874.80932058	0.0236134761801
4875.12347984	0.0236134567103
4875.43763911	0.0236135103427
4875.75179837	0.0236134005435
4876.06595764	0.0236132559978
4876.3801169	0.0236132714671
4876.69427617	0.0236133645259
4877.00843543	0.0236133821535
4877.3225947	0.023613448536
4877.63675396	0.0236135370038
4877.95091323	0.0236135275572
4878.26507249	0.0236134618993
4878.57923176	0.0236133935518
4878.89339103	0.0236133239792
4879.20755029	0.0236132444889
4879.52170956	0.0236130548824
4879.83586882	0.0236128309588
4880.15002809	0.0236127674377
4880.46418735	0.0236126936893
4880.77834662	0.0236125501454
4881.09250588	0.0236124293969
4881.40666515	0.0236123142855
4881.72082441	0.0236122375544
4882.03498368	0.0236122453548
4882.34914294	0.0236122742271
4882.66330221	0.0236122982263
4882.97746147	0.0236123188296
4883.29162074	0.0236124066201
4883.60578001	0.0236125132528
4883.91993927	0.0236123469714
4884.23409854	0.0236120050972
4884.5482578	0.0236119612914
4884.86241707	0.023611807482
4885.17657633	0.0236114428689
4885.4907356	0.0236112459486
4885.80489486	0.023611179979
4886.11905413	0.0236110596173
4886.43321339	0.0236108488549
4886.74737266	0.023610727557
4887.06153192	0.0236107878428
4887.37569119	0.0236109454159
4887.68985046	0.023610934717
4888.00400972	0.0236109053175
4888.31816899	0.0236109884139
4888.63232825	0.0236110918766
4888.94648752	0.0236111567765
4889.26064678	0.023611201124
4889.57480605	0.0236112528136
4889.88896531	0.0236114267515
4890.20312458	0.0236116437477
4890.51728384	0.023611716894
4890.83144311	0.0236116228437
4891.14560237	0.023611437424
4891.45976164	0.023611337814
4891.77392091	0.0236111598256
4892.08808017	0.0236108920436
4892.40223944	0.0236106577306
4892.7163987	0.0236105102086
4893.03055797	0.0236104072759
4893.34471723	0.023610252832
4893.6588765	0.0236101031698
4893.97303576	0.0236100986546
4894.28719503	0.023610204289
4894.60135429	0.0236102970249
4894.91551356	0.0236103543579
4895.22967282	0.0236103709506
4895.54383209	0.0236103806349
4895.85799135	0.0236104308531
4896.17215062	0.0236104443843
4896.48630989	0.0236104011503
4896.80046915	0.0236103099028
4897.11462842	0.0236101258662
4897.42878768	0.0236099517256
4897.74294695	0.0236098322781
4898.05710621	0.0236096147522
4898.37126548	0.0236093619358
4898.68542474	0.0236092660503
4898.99958401	0.0236092682212
4899.31374327	0.0236092119295
4899.62790254	0.0236091093428
4899.9420618	0.0236090752889
4900.25622107	0.0236091233272
4900.57038034	0.0236090221318
4900.8845396	0.0236089785515
4901.19869887	0.0236091660466
4901.51285813	0.0236093773829
4901.8270174	0.0236094793731
4902.14117666	0.0236095429969
4902.45533593	0.0236095152702
4902.76949519	0.0236095658733
4903.08365446	0.0236095513133
4903.39781372	0.0236093722899
4903.71197299	0.0236092567025
4904.02613225	0.0236091651155
4904.34029152	0.0236091142741
4904.65445078	0.0236091165236
4904.96861005	0.0236090904795
4905.28276932	0.0236090303954
4905.59692858	0.0236090229465
4905.91108785	0.0236091362548
4906.22524711	0.0236091370511
4906.53940638	0.0236090713854
4906.85356564	0.0236090459329
4907.16772491	0.0236090163253
4907.48188417	0.0236089185016
4907.79604344	0.0236087968821
4908.1102027	0.0236088486511
4908.42436197	0.0236088838524
4908.73852123	0.0236087222742
4909.0526805	0.0236085568481
4909.36683977	0.0236084676204
4909.68099903	0.0236082392029
4909.9951583	0.0236080227326
4910.30931756	0.0236080015635
4910.62347683	0.0236079163523
4910.93763609	0.0236077107346
4911.25179536	0.0236075832737
4911.56595462	0.0236077168443
4911.88011389	0.0236079111042
4912.19427315	0.0236079001469
4912.50843242	0.0236077787025
4912.82259168	0.0236076532178
4913.13675095	0.0236075933447
4913.45091021	0.0236074200119
4913.76506948	0.0236073771864
4914.07922875	0.0236072414516
4914.39338801	0.0236070034123
4914.70754728	0.0236069667946
4915.02170654	0.0236070652438
4915.33586581	0.0236069821127
4915.65002507	0.0236068106964
4915.96418434	0.0236067699506
4916.2783436	0.0236068099156
4916.59250287	0.0236068022023
4916.90666213	0.0236067696708
4917.2208214	0.0236068323075
4917.53498066	0.0236069464331
4917.84913993	0.0236069862428
4918.1632992	0.0236070538721
4918.47745846	0.0236071696225
4918.79161773	0.0236071232205
4919.10577699	0.0236070811946
4919.41993626	0.0236071180778
4919.73409552	0.0236069237329
4920.04825479	0.0236065551751
4920.36241405	0.0236065074452
4920.67657332	0.023606476145
4920.99073258	0.0236061787313
4921.30489185	0.0236058854664
4921.61905111	0.0236058045754
4921.93321038	0.0236057614775
4922.24736964	0.0236056533033
4922.56152891	0.0236055488912
4922.87568818	0.0236055130673
4923.18984744	0.0236055170983
4923.50400671	0.0236055177727
4923.81816597	0.0236055178577
4924.13232524	0.0236055086932
4924.4464845	0.0236055140537
4924.76064377	0.0236055783879
4925.07480303	0.0236056541845
4925.3889623	0.0236055183321
4925.70312156	0.0236052402253
4926.01728083	0.0236050947371
4926.33144009	0.023604910566
4926.64559936	0.0236046983162
4926.95975863	0.0236044474872
4927.27391789	0.0236041231805
4927.58807716	0.0236040412537
4927.90223642	0.0236040188832
4928.21639569	0.0236037402198
4928.53055495	0.0236035841882
4928.84471422	0.0236037093305
4929.15887348	0.0236038602846
4929.47303275	0.0236039143791
4929.78719201	0.0236039509885
4930.10135128	0.0236040528275
4930.41551054	0.0236041650701
4930.72966981	0.0236042036629
4931.04382907	0.0236042801783
4931.35798834	0.0236043619871
4931.67214761	0.0236043373557
4931.98630687	0.0236042593745
4932.30046614	0.0236042372485
4932.6146254	0.0236040866764
4932.92878467	0.0236038486218
4933.24294393	0.023603665059
4933.5571032	0.0236035579251
4933.87126246	0.0236033902657
4934.18542173	0.0236031411188
4934.49958099	0.0236030014007
4934.81374026	0.0236029597756
4935.12789952	0.0236028139934
4935.44205879	0.0236026807716
4935.75621806	0.0236027507196
4936.07037732	0.0236028767562
4936.38453659	0.0236029413147
4936.69869585	0.0236030076986
4937.01285512	0.0236030780687
4937.32701438	0.0236029829551
4937.64117365	0.0236028964182
4937.95533291	0.0236028447804
4938.26949218	0.0236026038094
4938.58365144	0.0236023340084
4938.89781071	0.023602179139
4939.21196997	0.0236020611729
4939.52612924	0.0236018838611
4939.8402885	0.0236018002727
4940.15444777	0.023601791698
4940.46860704	0.0236017119259
4940.7827663	0.0236016453613
4941.09692557	0.0236016684971
4941.41108483	0.0236016127316
4941.7252441	0.0236015715252
4942.03940336	0.0236015283735
4942.35356263	0.0236014703483
4942.66772189	0.0236015512537
4942.98188116	0.023601716015
4943.29604042	0.0236017470699
4943.61019969	0.0236015743544
4943.92435895	0.0236015131176
4944.23851822	0.0236015321085
4944.55267749	0.0236012481861
4944.86683675	0.0236010582512
4945.18099602	0.023601068751
4945.49515528	0.0236010326505
4945.80931455	0.0236009301763
4946.12347381	0.0236008438018
4946.43763308	0.0236008344181
4946.75179234	0.0236009060506
4947.06595161	0.0236009912148
4947.38011087	0.0236009859386
4947.69427014	0.0236009366075
4948.0084294	0.023600767234
4948.32258867	0.0236007178321
4948.63674793	0.0236006936841
4948.9509072	0.0236004141663
4949.26506647	0.0236002592862
4949.57922573	0.0236002973455
4949.893385	0.0236001619091
4950.20754426	0.0235999592102
4950.52170353	0.023599822646
4950.83586279	0.0235996489626
4951.15002206	0.0235994867667
4951.46418132	0.023599359413
4951.77834059	0.0235993158878
4952.09249985	0.023599320723
4952.40665912	0.0235993080456
4952.72081838	0.023599311422
4953.03497765	0.023599370246
4953.34913692	0.0235994122608
4953.66329618	0.0235992780336
4953.97745545	0.0235990650789
4954.29161471	0.0235990155141
4954.60577398	0.0235989495474
4954.91993324	0.0235986181823
4955.23409251	0.0235983989513
4955.54825177	0.0235985003191
4955.86241104	0.0235981841845
4956.1765703	0.0235978453993
4956.49072957	0.0235978593395
4956.80488883	0.0235979384476
4957.1190481	0.023597955094
4957.43320737	0.0235978758521
4957.74736663	0.0235978310142
4958.0615259	0.0235978919017
4958.37568516	0.0235979874724
4958.68984443	0.0235980105624
4959.00400369	0.023598032836
4959.31816296	0.0235981691126
4959.63232222	0.0235983693837
4959.94648149	0.0235985559316
4960.26064075	0.023598592272
4960.57480002	0.0235984719946
4960.88895928	0.0235983316443
4961.20311855	0.023598196739
4961.51727781	0.0235979267034
4961.83143708	0.0235976544732
4962.14559635	0.0235974555204
4962.45975561	0.0235973419197
4962.77391488	0.0235971616838
4963.08807414	0.0235969329706
4963.40223341	0.0235968613376
4963.71639267	0.0235969475589
4964.03055194	0.0235970401219
4964.3447112	0.0235971054814
4964.65887047	0.0235972080007
4964.97302973	0.0235973026464
4965.287189	0.0235973307813
4965.60134826	0.0235973719337
4965.91550753	0.0235973942798
4966.2296668	0.0235973120862
4966.54382606	0.0235971191249
4966.85798533	0.0235969318163
4967.17214459	0.0235968251294
4967.48630386	0.0235967259429
4967.80046312	0.0235965343811
4968.11462239	0.0235962773167
4968.42878165	0.0235962213263
4968.74294092	0.023596214518
4969.05710018	0.0235960994897
4969.37125945	0.0235960493332
4969.68541871	0.023596039334
4969.99957798	0.0235959257212
4970.31373724	0.0235959107748
4970.62789651	0.0235960749079
4970.94205578	0.0235962247028
4971.25621504	0.0235962788987
4971.57037431	0.0235963778117
4971.88453357	0.0235965165985
4972.19869284	0.0235965517057
4972.5128521	0.0235966565146
4972.82701137	0.023596744048
4973.14117063	0.0235965513112
4973.4553299	0.0235962912616
4973.76948916	0.02359624261
4974.08364843	0.0235961848208
4974.39780769	0.0235960189585
4974.71196696	0.0235959252203
4975.02612623	0.0235958391219
4975.34028549	0.0235957587361
4975.65444476	0.0235957655376
4975.96860402	0.0235957186521
4976.28276329	0.0235956458644
4976.59692255	0.0235956223935
4976.91108182	0.0235955256872
4977.22524108	0.023595488009
4977.53940035	0.023595581075
4977.85355961	0.0235956412261
4978.16771888	0.0235955772653
4978.48187814	0.0235954522277
4978.79603741	0.0235953177257
4979.11019667	0.0235952374779
4979.42435594	0.0235950677951
4979.73851521	0.0235948682998
4980.05267447	0.023594795849
4980.36683374	0.0235946618347
4980.680993	0.0235944914792
4980.99515227	0.0235943777735
4981.30931153	0.0235945125951
4981.6234708	0.0235947242753
4981.93763006	0.0235947191442
4982.25178933	0.023594658007
4982.56594859	0.0235945807278
4982.88010786	0.0235946325317
4983.19426712	0.0235946386398
4983.50842639	0.0235944189235
4983.82258566	0.0235942978938
4984.13674492	0.0235944011742
4984.45090419	0.023594460302
4984.76506345	0.0235943791022
4985.07922272	0.0235942805955
4985.39338198	0.0235941619907
4985.70754125	0.0235941060082
4986.02170051	0.0235941295641
4986.33585978	0.0235941340548
4986.65001904	0.0235941196896
4986.96417831	0.0235941501701
4987.27833757	0.0235941836074
4987.59249684	0.0235942216917
4987.9066561	0.0235943411432
4988.22081537	0.023594403135
4988.53497464	0.0235944340624
4988.8491339	0.0235944378252
4989.16329317	0.0235943433434
4989.47745243	0.0235940031277
4989.7916117	0.0235938392454
4990.10577096	0.0235938303736
4990.41993023	0.0235934324956
4990.73408949	0.023593118752
4991.04824876	0.0235930570474
4991.36240802	0.0235929740023
4991.67656729	0.0235928191431
4991.99072655	0.0235926930485
4992.30488582	0.0235926378013
4992.61904509	0.023592625233
4992.93320435	0.0235926252652
4993.24736362	0.0235926552628
4993.56152288	0.0235926638401
4993.87568215	0.023592652144
4994.18984141	0.0235927009015
4994.50400068	0.0235928147746
4994.81815994	0.0235929063364
4995.13231921	0.0235927446395
4995.44647847	0.0235925223279
4995.76063774	0.0235924789164
4996.074797	0.0235923558173
4996.38895627	0.0235921103095
4996.70311553	0.0235919201813
4997.0172748	0.0235918199238
4997.33143407	0.0235917083688
4997.64559333	0.0235915522285
4997.9597526	0.0235914586883
4998.27391186	0.0235915268846
4998.58807113	0.0235916406643
4998.90223039	0.0235916861965
4999.21638966	0.0235917223123
4999.53054892	0.0235918032647
4999.84470819	0.023591870062
5000.15886745	0.0235919055001
5000.47302672	0.0235919854283
5000.78718598	0.0235920782706
5001.10134525	0.0235921212224
5001.41550452	0.0235922181555
5001.72966378	0.0235922124905
5002.04382305	0.0235919097274
5002.35798231	0.0235917063827
5002.67214158	0.0235916110016
5002.98630084	0.0235914055436
5003.30046011	0.0235911973275
5003.61461937	0.0235909831632
5003.92877864	0.023590801556
5004.2429379	0.0235907334261
5004.55709717	0.0235906134858
5004.87125643	0.0235904398033
5005.1854157	0.0235904430587
5005.49957496	0.0235905542108
5005.81373423	0.023590618254
5006.1278935	0.0235906616443
5006.44205276	0.0235907378796
5006.75621203	0.0235907336249
5007.07037129	0.02359060433
5007.38453056	0.0235905324399
5007.69868982	0.0235903658292
5008.01284909	0.0235900407361
5008.32700835	0.0235898311416
5008.64116762	0.023589675363
5008.95532688	0.0235894997191
5009.26948615	0.023589380983
5009.58364541	0.0235893890422
5009.89780468	0.0235893027875
5010.21196395	0.0235891231128
5010.52612321	0.0235891183799
5010.84028248	0.0235891529739
5011.15444174	0.0235890929867
5011.46860101	0.0235889886882
5011.78276027	0.0235889699026
5012.09691954	0.0235891015554
5012.4110788	0.023589254604
5012.72523807	0.0235893512729
5013.03939733	0.0235893560432
5013.3535566	0.0235892698844
5013.66771586	0.0235892239615
5013.98187513	0.0235891250647
5014.2960344	0.0235889563506
5014.61019366	0.0235888740285
5014.92435293	0.0235887909333
5015.23851219	0.0235886855203
5015.55267146	0.0235885848241
5015.86683072	0.0235884658441
5016.18098999	0.0235884608719
5016.49514925	0.0235885390701
5016.80930852	0.0235885487869
5017.12346778	0.0235885052633
5017.43762705	0.0235884313785
5017.75178631	0.0235882823843
5018.06594558	0.0235882798678
5018.38010484	0.0235881790083
5018.69426411	0.0235879079938
5019.00842338	0.0235878849418
5019.32258264	0.0235879874051
5019.63674191	0.0235878401939
5019.95090117	0.0235876022899
5020.26506044	0.0235875284589
5020.5792197	0.0235873669021
5020.89337897	0.0235871458774
5021.20753823	0.0235870205431
5021.5216975	0.023586949259
5021.83585676	0.0235868892959
5022.15001603	0.0235868339477
5022.46417529	0.0235868542666
5022.77833456	0.0235869024632
5023.09249383	0.0235868787538
5023.40665309	0.0235867747094
5023.72081236	0.0235866541299
5024.03497162	0.0235866648408
5024.34913089	0.0235866205776
5024.66329015	0.023586230258
5024.97744942	0.0235861439435
5025.29160868	0.0235861960242
5025.60576795	0.0235858154476
5025.91992721	0.0235855252032
5026.23408648	0.0235855199901
5026.54824574	0.0235854970959
5026.86240501	0.0235854470593
5027.17656427	0.023585382911
5027.49072354	0.0235853117933
5027.80488281	0.0235853166705
5028.11904207	0.0235853900798
5028.43320134	0.0235854639197
5028.7473606	0.0235855170664
5029.06151987	0.0235855433402
5029.37567913	0.0235856318985
5029.6898384	0.0235858151295
5030.00399766	0.0235858896571
5030.31815693	0.0235858110953
5030.63231619	0.0235856155399
5030.94647546	0.0235854694134
5031.26063472	0.0235852955748
5031.57479399	0.0235849605353
5031.88895326	0.0235847722402
5032.20311252	0.0235846534383
5032.51727179	0.0235843837442
5032.83143105	0.0235841831442
5033.14559032	0.0235842180488
5033.45974958	0.0235842933806
5033.77390885	0.0235843076602
5034.08806811	0.0235843573302
5034.40222738	0.023584472835
5034.71638664	0.0235845396709
5035.03054591	0.0235845314062
5035.34470517	0.0235845675777
5035.65886444	0.0235846351408
5035.9730237	0.0235845513475
5036.28718297	0.023584339153
5036.60134224	0.0235841382041
5036.9155015	0.0235842040925
5037.22966077	0.0235841842784
5037.54382003	0.0235837339196
5037.8579793	0.0235834579321
5038.17213856	0.0235835357547
5038.48629783	0.0235833911893
5038.80045709	0.0235831991073
5039.11461636	0.0235831987413
5039.42877562	0.0235831059605
5039.74293489	0.0235830079879
5040.05709415	0.0235831391466
5040.37125342	0.0235833229223
5040.68541269	0.0235834073687
5040.99957195	0.0235834804339
5041.31373122	0.0235836272248
5041.62789048	0.0235837926252
5041.94204975	0.0235838428509
5042.25620901	0.0235839493189
5042.57036828	0.0235840190421
5042.88452754	0.0235837406891
5043.19868681	0.0235834365003
5043.51284607	0.0235834287794
5043.82700534	0.0235833348473
5044.1411646	0.0235830752324
5044.45532387	0.0235828871387
5044.76948313	0.0235828911784
5045.0836424	0.0235828722141
5045.39780167	0.0235826883648
5045.71196093	0.0235826459307
5046.0261202	0.0235826744065
5046.34027946	0.0235825078819
5046.65443873	0.0235824254226
5046.96859799	0.0235825930329
5047.28275726	0.023582702944
5047.59691652	0.0235826011404
5047.91107579	0.0235825004715
5048.22523505	0.0235823978112
5048.53939432	0.0235822919394
5048.85355358	0.023582156014
5049.16771285	0.0235820339988
5049.48187212	0.0235819543639
5049.79603138	0.0235819468956
5050.11019065	0.0235818353833
5050.42434991	0.0235816683807
5050.73850918	0.0235815830952
5051.05266844	0.0235817056327
5051.36682771	0.0235818274565
5051.68098697	0.0235817887419
5051.99514624	0.0235817651386
5052.3093055	0.0235816820679
5052.62346477	0.0235817912813
5052.93762403	0.0235818276501
5053.2517833	0.0235815752512
5053.56594256	0.0235816470707
5053.88010183	0.0235819464811
5054.1942611	0.0235820566503
5054.50842036	0.0235819566355
5054.82257963	0.0235819185599
5055.13673889	0.0235818835064
5055.45089816	0.0235817277131
5055.76505742	0.023581631097
5056.07921669	0.0235816185845
5056.39337595	0.0235815944772
5056.70753522	0.0235815947468
5057.02169448	0.0235815933492
5057.33585375	0.0235816269859
5057.65001301	0.0235817432491
5057.96417228	0.0235818193137
5058.27833155	0.0235817425953
5058.59249081	0.0235817116753
5058.90665008	0.0235817143881
5059.22080934	0.0235813312058
5059.53496861	0.0235812489584
5059.84912787	0.0235811928692
5060.16328714	0.0235806746381
5060.4774464	0.023580430548
5060.79160567	0.0235804674109
5061.10576493	0.0235803525714
5061.4199242	0.0235801276845
5061.73408346	0.0235800026274
5062.04824273	0.0235799322217
5062.36240199	0.0235799184508
5062.67656126	0.0235799192262
5062.99072053	0.0235798874238
5063.30487979	0.0235799038743
5063.61903906	0.023579933003
5063.93319832	0.0235800023907
5064.24735759	0.0235801463841
5064.56151685	0.0235802245265
5064.87567612	0.0235801798249
5065.18983538	0.0235799827866
5065.50399465	0.0235799799483
5065.81815391	0.0235798653904
5066.13231318	0.0235795628153
5066.44647244	0.0235794686882
5066.76063171	0.0235794717316
5067.07479098	0.0235792461836
5067.38895024	0.0235790231796
5067.70310951	0.0235790717359
5068.01726877	0.0235791921972
5068.33142804	0.0235791980216
5068.6455873	0.0235791972599
5068.95974657	0.0235792710786
5069.27390583	0.0235793262265
5069.5880651	0.0235793758699
5069.90222436	0.0235794571204
5070.21638363	0.0235794840811
5070.53054289	0.0235795276294
5070.84470216	0.0235796947604
5071.15886143	0.0235798358242
5071.47302069	0.0235796538744
5071.78717996	0.023579308367
5072.10133922	0.0235792396012
5072.41549849	0.0235791112986
5072.72965775	0.0235788561946
5073.04381702	0.0235785886131
5073.35797628	0.0235784072037
5073.67213555	0.0235783284676
5073.98629481	0.0235781789502
5074.30045408	0.0235779670751
5074.61461334	0.0235779469339
5074.92877261	0.0235780754426
5075.24293187	0.0235781418081
5075.55709114	0.0235781842674
5075.87125041	0.0235782619521
5076.18540967	0.0235783606997
5076.49956894	0.0235783937472
5076.8137282	0.0235782804365
5077.12788747	0.0235782903648
5077.44204673	0.0235781906921
5077.756206	0.0235778096745
5078.07036526	0.0235775992162
5078.38452453	0.0235775453568
5078.69868379	0.0235774125322
5079.01284306	0.0235772620706
5079.32700232	0.0235772157566
5079.64116159	0.0235772464176
5079.95532086	0.0235772216448
5080.26948012	0.0235771372047
5080.58363939	0.0235771925432
5080.89779865	0.0235771158156
5081.21195792	0.0235769792517
5081.52611718	0.0235770969219
5081.84027645	0.0235772914651
5082.15443571	0.0235773686868
5082.46859498	0.0235773761364
5082.78275424	0.0235773658557
5083.09691351	0.0235773458137
5083.41107277	0.0235773866753
5083.72523204	0.0235773632381
5084.0393913	0.0235773022568
5084.35355057	0.0235771643656
5084.66770984	0.0235769293048
5084.9818691	0.023576770147
5085.29602837	0.0235766579899
5085.61018763	0.0235764566949
5085.9243469	0.0235763729692
5086.23850616	0.0235763676608
5086.55266543	0.0235762941512
5086.86682469	0.0235762008915
5087.18098396	0.0235760944627
5087.49514322	0.0235760913374
5087.80930249	0.0235760031758
5088.12346175	0.0235758093321
5088.43762102	0.0235757761188
5088.75178029	0.0235758566157
5089.06593955	0.0235758254763
5089.38009882	0.0235755066891
5089.69425808	0.0235752797983
5090.00841735	0.0235751932087
5090.32257661	0.0235749513821
5090.63673588	0.0235746916756
5090.95089514	0.0235745735696
5091.26505441	0.0235745551127
5091.57921367	0.023574527981
5091.89337294	0.023574490176
5092.2075322	0.023574484847
5092.52169147	0.0235745256604
5092.83585073	0.0235745733843
5093.15001	0.0235744990878
5093.46416927	0.0235744858703
5093.77832853	0.0235745534269
5094.0924878	0.0235743372713
5094.40664706	0.0235742692343
5094.72080633	0.0235743046889
5095.03496559	0.0235738883265
5095.34912486	0.0235736656092
5095.66328412	0.0235737083149
5095.97744339	0.023573684619
5096.29160265	0.0235734948316
5096.60576192	0.0235733023301
5096.91992118	0.0235733633837
5097.23408045	0.0235734266858
5097.54823972	0.0235733284558
5097.86239898	0.0235733169343
5098.17655825	0.0235734355746
5098.49071751	0.0235734948862
5098.80487678	0.0235735419744
5099.11903604	0.0235736914206
5099.43319531	0.0235737543496
5099.74735457	0.0235736412428
5100.06151384	0.0235735073933
5100.3756731	0.0235734085131
5100.68983237	0.0235732091338
5101.00399163	0.0235728866639
5101.3181509	0.0235726748453
5101.63231016	0.0235725180476
5101.94646943	0.0235722286017
5102.2606287	0.0235719938534
5102.57478796	0.0235719441843
5102.88894723	0.0235719389792
5103.20310649	0.0235719042992
5103.51726576	0.0235719081931
5103.83142502	0.0235719755535
5104.14558429	0.0235720543084
5104.45974355	0.023572072183
5104.77390282	0.0235720419914
5105.08806208	0.0235720193754
5105.40222135	0.0235720185732
5105.71638061	0.0235719659329
5106.03053988	0.0235718768638
5106.34469915	0.023571746697
5106.65885841	0.023571667617
5106.97301768	0.0235716331036
5107.28717694	0.0235713619209
5107.60133621	0.0235710644227
5107.91549547	0.0235710298599
5108.22965474	0.0235708791544
5108.543814	0.0235707073608
5108.85797327	0.0235706407626
5109.17213253	0.0235705583968
5109.4862918	0.0235705348057
5109.80045106	0.023570643649
5110.11461033	0.0235707542581
5110.42876959	0.0235708269663
5110.74292886	0.0235709427906
5111.05708813	0.023571077029
5111.37124739	0.0235711873145
5111.68540666	0.0235713104983
5111.99956592	0.0235714339751
5112.31372519	0.0235714362285
5112.62788445	0.0235711275075
5112.94204372	0.023570792612
5113.25620298	0.0235707757193
5113.57036225	0.0235706381507
5113.88452151	0.0235703525188
5114.19868078	0.0235702073396
5114.51284004	0.0235700671233
5114.82699931	0.0235699184715
5115.14115858	0.0235698718033
5115.45531784	0.0235697684121
5115.76947711	0.0235696061569
5116.08363637	0.0235695932125
5116.39779564	0.0235697250216
5116.7119549	0.0235697922086
5117.02611417	0.0235698328522
5117.34027343	0.0235698636983
5117.6544327	0.0235698143281
5117.96859196	0.0235697214109
5118.28275123	0.0235697233672
5118.59691049	0.0235696707679
5118.91106976	0.0235694288341
5119.22522902	0.0235692911367
5119.53938829	0.0235692468659
5119.85354756	0.023569115741
5120.16770682	0.023568886601
5120.48186609	0.0235687481443
5120.79602535	0.023568812544
5121.11018462	0.0235688780872
5121.42434388	0.0235688927867
5121.73850315	0.023568937633
5122.05266241	0.0235688919453
5122.36682168	0.0235689886038
5122.68098094	0.0235690732136
5122.99514021	0.0235689144512
5123.30929947	0.023569005666
5123.62345874	0.0235693150273
5123.93761801	0.0235694471046
5124.25177727	0.0235693241843
5124.56593654	0.0235692132749
5124.8800958	0.0235691209152
5125.19425507	0.0235690182993
5125.50841433	0.0235688720893
5125.8225736	0.0235687363725
5126.13673286	0.0235686783851
5126.45089213	0.0235686704154
5126.76505139	0.0235687429826
5127.07921066	0.0235688730569
5127.39336992	0.0235689189895
5127.70752919	0.0235688261739
5128.02168845	0.0235688146006
5128.33584772	0.0235688433989
5128.65000699	0.0235687143574
5128.96416625	0.0235684238579
5129.27832552	0.0235684203683
5129.59248478	0.023568249881
5129.90664405	0.0235678796693
5130.22080331	0.0235677737594
5130.53496258	0.0235678167626
5130.84912184	0.0235677579195
5131.16328111	0.0235676593769
5131.47744037	0.0235675459696
5131.79159964	0.0235674725869
5132.1057589	0.0235675054566
5132.41991817	0.0235675243594
5132.73407744	0.0235674954306
5133.0482367	0.0235675000678
5133.36239597	0.0235675804851
5133.67655523	0.0235677799346
5133.9907145	0.0235679428347
5134.30487376	0.0235679692755
5134.61903303	0.0235679459147
5134.93319229	0.0235679427981
5135.24735156	0.0235679615448
5135.56151082	0.0235677429871
5135.87567009	0.0235676558751
5136.18982935	0.0235676571064
5136.50398862	0.0235674293699
5136.81814789	0.0235671941897
5137.13230715	0.0235671903089
5137.44646642	0.0235672563541
5137.76062568	0.0235672269618
5138.07478495	0.0235671924882
5138.38894421	0.0235672675227
5138.70310348	0.0235673304676
5139.01726274	0.0235673530793
5139.33142201	0.0235674215282
5139.64558127	0.0235674575086
5139.95974054	0.0235674157583
5140.2738998	0.023567467069
5140.58805907	0.0235675886229
5140.90221833	0.0235676045537
5141.2163776	0.0235674306017
5141.53053687	0.0235671435639
5141.84469613	0.0235669431411
5142.1588554	0.0235668293718
5142.47301466	0.0235665701469
5142.78717393	0.0235662425641
5143.10133319	0.0235661162033
5143.41549246	0.0235659906642
5143.72965172	0.0235657597357
5144.04381099	0.0235656607769
5144.35797025	0.0235657225587
5144.67212952	0.0235657613913
5144.98628878	0.0235657569408
5145.30044805	0.0235658233011
5145.61460732	0.0235659211908
5145.92876658	0.0235659685276
5146.24292585	0.0235660099418
5146.55708511	0.023565987878
5146.87124438	0.0235660421334
5147.18540364	0.0235660256317
5147.49956291	0.0235657121826
5147.81372217	0.0235654778081
5148.12788144	0.0235654762152
5148.4420407	0.023565356414
5148.75619997	0.0235651525613
5149.07035923	0.0235650348601
5149.3845185	0.0235649427033
5149.69867776	0.023564864501
5150.01283703	0.0235649097365
5150.3269963	0.0235648497541
5150.64115556	0.0235647272819
5150.95531483	0.0235648118565
5151.26947409	0.0235650158827
5151.58363336	0.0235651214956
5151.89779262	0.0235651746894
5152.21195189	0.0235652738794
5152.52611115	0.0235653363455
5152.84027042	0.0235653276798
5153.15442968	0.023565299786
5153.46858895	0.0235652271493
5153.78274821	0.0235651160001
5154.09690748	0.0235650182096
5154.41106675	0.0235648227975
5154.72522601	0.02356460029
5155.03938528	0.0235644473276
5155.35354454	0.0235643670104
5155.66770381	0.0235642612804
5155.98186307	0.0235641198492
5156.29602234	0.0235640847088
5156.6101816	0.023563990702
5156.92434087	0.0235638303803
5157.23850013	0.0235637379874
5157.5526594	0.0235635724392
5157.86681866	0.0235634632857
5158.18097793	0.0235635200649
5158.49513719	0.0235635910683
5158.80929646	0.0235635158772
5159.12345573	0.023563281937
5159.43761499	0.0235631229215
5159.75177426	0.0235630526041
5160.06593352	0.0235628470204
5160.38009279	0.0235625927464
5160.69425205	0.0235625256133
5161.00841132	0.0235625377841
5161.32257058	0.0235624748007
5161.63672985	0.0235624242723
5161.95088911	0.0235625001103
5162.26504838	0.0235625519701
5162.57920764	0.0235624494631
5162.89336691	0.0235624271444
5163.20752618	0.023562479341
5163.52168544	0.0235624809665
5163.83584471	0.0235623363639
5164.15000397	0.0235623690813
5164.46416324	0.0235622903089
5164.7783225	0.0235620541506
5165.09248177	0.0235620402869
5165.40664103	0.023562049417
5165.7208003	0.0235619427456
5166.03495956	0.0235618826531
5166.34911883	0.0235617528716
5166.66327809	0.0235616240241
5166.97743736	0.0235615869298
5167.29159662	0.0235615518539
5167.60575589	0.0235615065453
5167.91991516	0.0235615030814
5168.23407442	0.0235615089508
5168.54823369	0.0235616052436
5168.86239295	0.0235617739161
5169.17655222	0.023561805786
5169.49071148	0.0235616791751
5169.80487075	0.0235615983182
5170.11903001	0.023561514502
5170.43318928	0.0235612968122
5170.74734854	0.023561058746
5171.06150781	0.0235608587257
5171.37566707	0.0235606241268
5171.68982634	0.0235604071442
5172.00398561	0.023560238308
5172.31814487	0.0235601471281
5172.63230414	0.0235600990453
5172.9464634	0.023560043176
5173.26062267	0.0235600242041
5173.57478193	0.0235600435666
5173.8889412	0.0235600694668
5174.20310046	0.0235601135612
5174.51725973	0.0235601553971
5174.83141899	0.0235601903249
5175.14557826	0.0235602358515
5175.45973752	0.0235602196166
5175.77389679	0.0235601404019
5176.08805605	0.0235600429154
5176.40221532	0.0235599385934
5176.71637459	0.0235597880384
5177.03053385	0.0235595195533
5177.34469312	0.0235592501293
5177.65885238	0.0235591236161
5177.97301165	0.0235589817538
5178.28717091	0.0235588031867
5178.60133018	0.0235587309635
5178.91548944	0.0235587221025
5179.22964871	0.0235587583356
5179.54380797	0.0235588546405
5179.85796724	0.0235589460634
5180.1721265	0.0235590044413
5180.48628577	0.0235590720736
5180.80044504	0.0235591521474
5181.1146043	0.0235591825274
5181.42876357	0.0235591994539
5181.74292283	0.0235592299508
5182.0570821	0.0235592241179
5182.37124136	0.0235589688365
5182.68540063	0.0235586137614
5182.99955989	0.0235585162556
5183.31371916	0.0235584290019
5183.62787842	0.0235581310144
5183.94203769	0.0235578592456
5184.25619695	0.0235577735871
5184.57035622	0.0235577071197
5184.88451548	0.0235576446372
5185.19867475	0.0235575499837
5185.51283402	0.0235574040517
5185.82699328	0.0235574319539
5186.14115255	0.0235576000649
5186.45531181	0.0235576919674
5186.76947108	0.0235577017222
5187.08363034	0.0235577044421
5187.39778961	0.0235577115271
5187.71194887	0.0235576686202
5188.02610814	0.0235575135696
5188.3402674	0.0235574317703
5188.65442667	0.0235574361013
5188.96858593	0.0235572787087
5189.2827452	0.0235572130883
5189.59690447	0.0235572046081
5189.91106373	0.0235570530797
5190.225223	0.0235568805707
5190.53938226	0.0235568752052
5190.85354153	0.0235568870623
5191.16770079	0.0235567746743
5191.48186006	0.0235566852797
5191.79601932	0.0235567481192
5192.11017859	0.023556768314
5192.42433785	0.0235566484761
5192.73849712	0.0235566944508
5193.05265638	0.0235569075354
5193.36681565	0.0235570855006
5193.68097492	0.0235571819426
5193.99513418	0.0235571486271
5194.30929345	0.0235571656834
5194.62345271	0.0235570794267
5194.93761198	0.0235568405869
5195.25177124	0.0235566411339
5195.56593051	0.0235565496521
5195.88008977	0.0235564687974
5196.19424904	0.0235563410491
5196.5084083	0.0235562993126
5196.82256757	0.0235563974084
5197.13672683	0.0235564563677
5197.4508861	0.0235563849634
5197.76504536	0.0235562892251
5198.07920463	0.0235562987351
5198.3933639	0.0235562375528
5198.70752316	0.0235560219507
5199.02168243	0.0235559502055
5199.33584169	0.0235557951917
5199.65000096	0.0235555296742
5199.96416022	0.0235554756589
5200.27831949	0.0235554332608
5200.59247875	0.0235553237574
5200.90663802	0.0235552010381
5201.22079728	0.0235551028736
5201.53495655	0.0235550238146
5201.84911581	0.0235549724594
5202.16327508	0.0235550041716
5202.47743435	0.0235550633011
5202.79159361	0.0235550769323
5203.10575288	0.0235550822188
5203.41991214	0.0235552573994
5203.73407141	0.02355550996
5204.04823067	0.0235555700714
5204.36238994	0.0235555336565
5204.6765492	0.0235555606932
5204.99070847	0.0235554866079
5205.30486773	0.0235553317258
5205.619027	0.0235553424331
5205.93318626	0.0235552171909
5206.24734553	0.0235548951767
5206.56150479	0.0235547175266
5206.87566406	0.0235547208548
5207.18982333	0.0235547372746
5207.50398259	0.0235546598206
5207.81814186	0.0235545927107
5208.13230112	0.0235546384322
5208.44646039	0.0235546731323
5208.76061965	0.0235546713945
5209.07477892	0.0235547289872
5209.38893818	0.0235547803419
5209.70309745	0.0235547977246
5210.01725671	0.023554877746
5210.33141598	0.0235549038768
5210.64557524	0.0235548595782
5210.95973451	0.0235547586522
5211.27389378	0.0235544803224
5211.58805304	0.0235542103528
5211.90221231	0.0235539696234
5212.21637157	0.0235537777829
5212.53053084	0.0235535513265
5212.8446901	0.0235533553046
5213.15884937	0.0235531938701
5213.47300863	0.0235530616995
5213.7871679	0.02355302299
5214.10132716	0.0235530651687
5214.41548643	0.0235531181255
5214.72964569	0.0235531704818
5215.04380496	0.0235532860581
5215.35796422	0.0235534263863
5215.67212349	0.023553507538
5215.98628276	0.0235535828298
5216.30044202	0.0235536697222
5216.61460129	0.0235537938097
5216.92876055	0.0235538925524
5217.24291982	0.0235537316682
5217.55707908	0.0235534674205
5217.87123835	0.0235534578775
5218.18539761	0.0235534649642
5218.49955688	0.0235533275337
5218.81371614	0.0235531314131
5219.12787541	0.0235530002832
5219.44203467	0.0235530965114
5219.75619394	0.0235531537644
5220.07035321	0.0235529742768
5220.38451247	0.0235528945014
5220.69867174	0.0235530681288
5221.012831	0.0235532402675
5221.32699027	0.0235532662444
5221.64114953	0.0235533113598
5221.9553088	0.0235534211677
5222.26946806	0.0235534890778
5222.58362733	0.0235535056747
5222.89778659	0.0235535039004
5223.21194586	0.023553401993
5223.52610512	0.0235533014125
5223.84026439	0.0235532300489
5224.15442365	0.0235529782459
5224.46858292	0.0235527200303
5224.78274219	0.0235525721082
5225.09690145	0.0235525049334
5225.41106072	0.0235524398763
5225.72521998	0.0235523470757
5226.03937925	0.0235522280479
5226.35353851	0.0235521061903
5226.66769778	0.0235520592716
5226.98185704	0.0235519468581
5227.29601631	0.0235517312698
5227.61017557	0.0235517148255
5227.92433484	0.0235518313146
5228.2384941	0.0235519045431
5228.55265337	0.0235518937823
5228.86681264	0.0235517527625
5229.1809719	0.0235516201462
5229.49513117	0.0235515790253
5229.80929043	0.023551423948
5230.1234497	0.0235511876964
5230.43760896	0.0235510950532
5230.75176823	0.0235511193114
5231.06592749	0.0235511019429
5231.38008676	0.0235510902767
5231.69424602	0.0235512137467
5232.00840529	0.0235513312687
5232.32256455	0.0235512792286
5232.63672382	0.0235511682039
5232.95088308	0.0235511659239
5233.26504235	0.0235510804739
5233.57920162	0.023550972113
5233.89336088	0.0235509824782
5234.20752015	0.023550877545
5234.52167941	0.0235507215838
5234.83583868	0.0235507191473
5235.14999794	0.0235507451207
5235.46415721	0.0235506424552
5235.77831647	0.0235505516792
5236.09247574	0.0235504433608
5236.406635	0.0235502836121
5236.72079427	0.0235501781133
5237.03495353	0.0235500815835
5237.3491128	0.023549978173
5237.66327207	0.0235499228213
5237.97743133	0.0235498594099
5238.2915906	0.0235499199691
5238.60574986	0.023550049435
5238.91990913	0.0235500348255
5239.23406839	0.0235498997402
5239.54822766	0.0235497568607
5239.86238692	0.0235496210858
5240.17654619	0.0235494550133
5240.49070545	0.0235492408577
5240.80486472	0.0235489815584
5241.11902398	0.0235487114995
5241.43318325	0.0235485871754
5241.74734251	0.0235485151131
5242.06150178	0.0235483944534
5242.37566105	0.0235482741311
5242.68982031	0.0235482353026
5243.00397958	0.0235482594879
5243.31813884	0.0235482504399
5243.63229811	0.02354823765
5243.94645737	0.0235482477623
5244.26061664	0.0235482948023
5244.5747759	0.0235483496372
5244.88893517	0.0235484327381
5245.20309443	0.0235485062009
5245.5172537	0.0235485040203
5245.83141296	0.0235485213976
5246.14557223	0.0235484576717
5246.4597315	0.0235481541092
5246.77389076	0.0235479343414
5247.08805003	0.0235478067856
5247.40220929	0.0235476230878
5247.71636856	0.0235474694021
5248.03052782	0.023547316821
5248.34468709	0.0235471647889
5248.65884635	0.0235471113968
5248.97300562	0.0235471901478
5249.28716488	0.023547242882
5249.60132415	0.0235472491938
5249.91548341	0.023547323393
5250.22964268	0.0235474523539
5250.54380194	0.023547522843
5250.85796121	0.0235475126906
5251.17212048	0.0235475777122
5251.48627974	0.0235477169485
5251.80043901	0.0235476733893
5252.11459827	0.0235473401219
5252.42875754	0.0235470257114
5252.7429168	0.0235469342025
5253.05707607	0.0235467579515
5253.37123533	0.0235464474839
5253.6853946	0.0235461448518
5253.99955386	0.0235459539285
5254.31371313	0.0235458583008
5254.62787239	0.0235457666286
5254.94203166	0.0235455524768
5255.25619093	0.0235454077509
5255.57035019	0.0235455300928
5255.88450946	0.0235456999345
5256.19866872	0.023545754298
5256.51282799	0.0235457283634
5256.82698725	0.0235457553448
5257.14114652	0.0235458132277
5257.45530578	0.0235457843114
5257.76946505	0.0235457010741
5258.08362431	0.0235456196575
5258.39778358	0.0235456166245
5258.71194284	0.0235455717872
5259.02610211	0.0235453273525
5259.34026138	0.0235452342678
5259.65442064	0.0235451153623
5259.96857991	0.0235449347623
5260.28273917	0.0235449459985
5260.59689844	0.0235449665327
5260.9110577	0.0235448255941
5261.22521697	0.0235447134385
5261.53937623	0.0235448238689
5261.8535355	0.0235447683026
5262.16769476	0.0235446193707
5262.48185403	0.0235447231619
5262.79601329	0.0235449554694
5263.11017256	0.0235450953641
5263.42433182	0.02354517374
5263.73849109	0.0235452058651
5264.05265036	0.0235451544807
5264.36680962	0.0235451915437
5264.68096889	0.0235450724884
5264.99512815	0.0235447999606
5265.30928742	0.023544663499
5265.62344668	0.0235446552053
5265.93760595	0.0235445685403
5266.25176521	0.0235444836095
5266.56592448	0.0235445560278
5266.88008374	0.0235446070496
5267.19424301	0.0235444853995
5267.50840227	0.0235444222902
5267.82256154	0.0235444514194
5268.13672081	0.023544307644
5268.45088007	0.0235442066947
5268.76503934	0.02354416237
5269.0791986	0.0235440248474
5269.39335787	0.0235438948971
5269.70751713	0.023543936268
5270.0216764	0.0235438978761
5270.33583566	0.0235436877562
5270.64999493	0.0235435861713
5270.96415419	0.0235435511005
5271.27831346	0.0235434387326
5271.59247272	0.0235433096763
5271.90663199	0.0235432975973
5272.22079125	0.0235433391169
5272.53495052	0.0235433327791
5272.84910979	0.0235432747735
5273.16326905	0.0235434896569
5273.47742832	0.0235437622979
5273.79158758	0.0235437637347
5274.10574685	0.0235437060823
5274.41990611	0.0235438515765
5274.73406538	0.0235438381879
5275.04822464	0.0235435768436
5275.36238391	0.0235436375703
5275.67654317	0.0235433897488
5275.99070244	0.0235430214027
5276.3048617	0.0235429560646
5276.61902097	0.0235429524456
5276.93318024	0.0235428451892
5277.2473395	0.0235427403255
5277.56149877	0.0235427115824
5277.87565803	0.0235427439559
5278.1898173	0.0235428069375
5278.50397656	0.0235428386995
5278.81813583	0.0235428320796
5279.13229509	0.0235428819781
5279.44645436	0.0235430089839
5279.76061362	0.0235430109359
5280.07477289	0.0235427792709
5280.38893215	0.0235426917031
5280.70309142	0.0235426949846
5281.01725068	0.0235424085871
5281.33140995	0.0235419847786
5281.64556922	0.0235417713152
5281.95972848	0.0235417039562
5282.27388775	0.0235415132182
5282.58804701	0.0235412464486
5282.90220628	0.0235411215219
5283.21636554	0.0235411050796
5283.53052481	0.023541135193
5283.84468407	0.0235411539254
5284.15884334	0.0235411805865
5284.4730026	0.0235412438204
5284.78716187	0.0235413364043
5285.10132113	0.0235414480109
5285.4154804	0.0235415291873
5285.72963967	0.0235415747628
5286.04379893	0.0235417118176
5286.3579582	0.0235418729594
5286.67211746	0.0235419997323
5286.98627673	0.0235418934209
5287.30043599	0.0235416606671
5287.61459526	0.0235416302843
5287.92875452	0.0235415615191
5288.24291379	0.0235413595151
5288.55707305	0.0235411063528
5288.87123232	0.0235409731069
5289.18539158	0.0235410612272
5289.49955085	0.0235410068403
5289.81371011	0.0235407814883
5290.12786938	0.0235407942023
5290.44202865	0.0235410123323
5290.75618791	0.0235411185452
5291.07034718	0.0235411275393
5291.38450644	0.0235412331711
5291.69866571	0.0235413564189
5292.01282497	0.0235413917471
5292.32698424	0.0235413899362
5292.6411435	0.0235413112538
5292.95530277	0.0235412359501
5293.26946203	0.0235410876111
5293.5836213	0.0235409210321
5293.89778056	0.0235408411507
5294.21193983	0.023540625069
5294.5260991	0.0235404027023
5294.84025836	0.0235403421202
5295.15441763	0.0235403216073
5295.46857689	0.0235402132327
5295.78273616	0.0235400538761
5296.09689542	0.0235399830284
5296.41105469	0.0235399888729
5296.72521395	0.0235398216922
5297.03937322	0.0235396954018
5297.35353248	0.0235398165186
5297.66769175	0.0235399799272
5297.98185101	0.0235400285944
5298.29601028	0.0235400499563
5298.61016954	0.0235400650565
5298.92432881	0.0235400074538
5299.23848808	0.023540018394
5299.55264734	0.0235399407671
5299.86680661	0.0235397695802
5300.18096587	0.0235397017121
5300.49512514	0.0235397327856
5300.8092844	0.0235397616611
5301.12344367	0.0235398163017
5301.43760293	0.0235398789558
5301.7517622	0.0235398286722
5302.06592146	0.0235398051032
5302.38008073	0.0235398679381
5302.69423999	0.0235398326215
5303.00839926	0.0235397566153
5303.32255853	0.0235397296959
5303.63671779	0.0235396882212
5303.95087706	0.0235395776423
5304.26503632	0.0235395937238
5304.57919559	0.0235396596874
5304.89335485	0.0235395644621
5305.20751412	0.0235393927508
5305.52167338	0.0235393273605
5305.83583265	0.0235391172448
5306.14999191	0.0235389418284
5306.46415118	0.0235388523148
5306.77831044	0.0235387011932
5307.09246971	0.0235385549414
5307.40662897	0.0235384698816
5307.72078824	0.0235385186265
5308.03494751	0.0235386308581
5308.34910677	0.0235386430936
5308.66326604	0.0235385702239
5308.9774253	0.0235384119929
5309.29158457	0.0235383387032
5309.60574383	0.0235380325748
5309.9199031	0.0235379086779
5310.23406236	0.023537792465
5310.54822163	0.0235374370665
5310.86238089	0.0235372190031
5311.17654016	0.0235372143687
5311.49069942	0.0235371116366
5311.80485869	0.0235369321529
5312.11901796	0.0235368644511
5312.43317722	0.0235369074709
5312.74733649	0.0235369231389
5313.06149575	0.0235368999733
5313.37565502	0.0235368855559
5313.68981428	0.0235369071723
5314.00397355	0.0235369376281
5314.31813281	0.0235369607085
5314.63229208	0.0235370117559
5314.94645134	0.0235370008283
5315.26061061	0.0235369439311
5315.57476987	0.0235369757121
5315.88892914	0.0235369255574
5316.20308841	0.0235366360736
5316.51724767	0.0235365004545
5316.83140694	0.0235364344098
5317.1455662	0.0235362223924
5317.45972547	0.0235360118329
5317.77388473	0.0235359046469
5318.088044	0.0235358674166
5318.40220326	0.0235358268646
5318.71636253	0.0235358165777
5319.03052179	0.0235358369006
5319.34468106	0.0235358369152
5319.65884032	0.0235358730246
5319.97299959	0.023535942071
5320.28715885	0.0235359673049
5320.60131812	0.0235359608758
5320.91547739	0.0235359703096
5321.22963665	0.0235360509711
5321.54379592	0.0235360628418
5321.85795518	0.023535844443
5322.17211445	0.0235355915974
5322.48627371	0.0235354687137
5322.80043298	0.0235352438984
5323.11459224	0.0235350184469
5323.42875151	0.023534762197
5323.74291077	0.0235345435563
5324.05707004	0.0235344960962
5324.3712293	0.0235343242498
5324.68538857	0.023534101015
5324.99954784	0.0235341052941
5325.3137071	0.0235342374269
5325.62786637	0.0235343130567
5325.94202563	0.0235343546399
5326.2561849	0.0235344212097
5326.57034416	0.0235345087943
5326.88450343	0.0235345735941
5327.19866269	0.0235345969716
5327.51282196	0.0235346265235
5327.82698122	0.0235346312603
5328.14114049	0.0235344644108
5328.45529975	0.0235344000881
5328.76945902	0.0235344081423
5329.08361828	0.0235341481845
5329.39777755	0.0235338827093
5329.71193682	0.0235338588152
5330.02609608	0.0235338788463
5330.34025535	0.0235337288764
5330.65441461	0.0235335255665
5330.96857388	0.0235335110381
5331.28273314	0.0235335232151
5331.59689241	0.0235333815996
5331.91105167	0.0235333209321
5332.22521094	0.0235334510403
5332.5393702	0.0235335703671
5332.85352947	0.0235336465446
5333.16768873	0.0235336762973
5333.481848	0.023533618141
5333.79600727	0.0235335529913
5334.11016653	0.023533482406
5334.4243258	0.0235332574638
5334.73848506	0.0235329725269
5335.05264433	0.0235328013795
5335.36680359	0.0235326904058
5335.68096286	0.0235324945595
5335.99512212	0.0235323933183
5336.30928139	0.0235324767294
5336.62344065	0.0235325254978
5336.93759992	0.0235325214507
5337.25175918	0.0235324423954
5337.56591845	0.0235323615363
5337.88007771	0.0235323045843
5338.19423698	0.023532185925
5338.50839625	0.0235320188676
5338.82255551	0.0235319359223
5339.13671478	0.0235319138145
5339.45087404	0.0235318891751
5339.76503331	0.0235318289925
5340.07919257	0.0235317443371
5340.39335184	0.0235317020347
5340.7075111	0.023531665058
5341.02167037	0.0235316129431
5341.33582963	0.0235316177196
5341.6499889	0.0235315650681
5341.96414816	0.0235314590976
5342.27830743	0.0235314351533
5342.5924667	0.0235314525737
5342.90662596	0.0235315427077
5343.22078523	0.023531710772
5343.53494449	0.0235317858433
5343.84910376	0.0235317726577
5344.16326302	0.0235318612228
5344.47742229	0.0235319340211
5344.79158155	0.0235318461489
5345.10574082	0.0235317842942
5345.41990008	0.0235316512546
5345.73405935	0.0235314324634
5346.04821861	0.0235313626097
5346.36237788	0.0235313049275
5346.67653714	0.0235311702395
5346.99069641	0.0235310202767
5347.30485568	0.0235309133341
5347.61901494	0.0235308764668
5347.93317421	0.0235308812368
5348.24733347	0.02353088757
5348.56149274	0.0235309036334
5348.875652	0.0235309390959
5349.18981127	0.0235310416765
5349.50397053	0.0235311371037
5349.8181298	0.023530987306
5350.13228906	0.023530844641
5350.44644833	0.0235309100393
5350.76060759	0.0235307292424
5351.07476686	0.0235302604069
5351.38892613	0.0235301474981
5351.70308539	0.0235300884322
5352.01724466	0.0235297534996
5352.33140392	0.0235294711732
5352.64556319	0.0235294324499
5352.95972245	0.0235294453965
5353.27388172	0.0235293784511
5353.58804098	0.0235293713499
5353.90220025	0.0235294867637
5354.21635951	0.0235295932371
5354.53051878	0.023529682255
5354.84467804	0.0235298122792
5355.15883731	0.0235299203678
5355.47299657	0.0235300028319
5355.78715584	0.02353017762
5356.10131511	0.0235303187959
5356.41547437	0.0235303448631
5356.72963364	0.0235302185923
5357.0437929	0.0235300516501
5357.35795217	0.0235300011232
5357.67211143	0.0235298483294
5357.9862707	0.0235295739133
5358.30042996	0.0235293426823
5358.61458923	0.0235292779774
5358.92874849	0.0235291918116
5359.24290776	0.023528988334
5359.55706702	0.0235288980582
5359.87122629	0.0235289900052
5360.18538556	0.0235290992227
5360.49954482	0.0235291465807
5360.81370409	0.0235291785201
5361.12786335	0.0235292411912
5361.44202262	0.0235293317365
5361.75618188	0.0235293733146
5362.07034115	0.0235293693001
5362.38450041	0.0235293270657
5362.69865968	0.0235292402385
5363.01281894	0.0235291579806
5363.32697821	0.0235290339233
5363.64113747	0.023528789085
5363.95529674	0.0235285630658
5364.269456	0.023528474897
5364.58361527	0.023528389918
5364.89777454	0.0235282599169
5365.2119338	0.0235281813029
5365.52609307	0.0235281405287
5365.84025233	0.023528114156
5366.1544116	0.0235280991372
5366.46857086	0.0235280431452
5366.78273013	0.0235280864905
5367.09688939	0.0235282657218
5367.41104866	0.0235284108653
5367.72520792	0.0235285171575
5368.03936719	0.0235286407245
5368.35352645	0.0235286281848
5368.66768572	0.0235285693165
5368.98184499	0.0235285676588
5369.29600425	0.023528454726
5369.61016352	0.0235282804524
5369.92432278	0.0235282138041
5370.23848205	0.0235282133287
5370.55264131	0.0235281818624
5370.86680058	0.0235282095105
5371.18095984	0.0235282564192
5371.49511911	0.0235282355519
5371.80927837	0.0235282470559
5372.12343764	0.0235282997546
5372.4375969	0.0235282447521
5372.75175617	0.0235281698193
5373.06591543	0.0235280779038
5373.3800747	0.0235279796335
5373.69423397	0.0235279513588
5374.00839323	0.023528009485
5374.3225525	0.0235280338076
5374.63671176	0.0235279510394
5374.95087103	0.0235277935535
5375.26503029	0.0235277299457
5375.57918956	0.0235275694991
5375.89334882	0.0235272549806
5376.20750809	0.0235271501104
5376.52166735	0.0235270938485
5376.83582662	0.0235268872848
5377.14998588	0.0235267021733
5377.46414515	0.0235267745463
5377.77830442	0.0235269358329
5378.09246368	0.023526927506
5378.40662295	0.0235268329657
5378.72078221	0.02352674547
5379.03494148	0.0235266857993
5379.34910074	0.0235264705154
5379.66326001	0.0235263684116
5379.97741927	0.0235262233009
5380.29157854	0.0235259861596
5380.6057378	0.0235258393536
5380.91989707	0.0235258154099
5381.23405633	0.0235257448939
5381.5482156	0.023525610279
5381.86237487	0.0235255359545
5382.17653413	0.0235255328694
5382.4906934	0.0235255542166
5382.80485266	0.0235255976503
5383.11901193	0.0235256880107
5383.43317119	0.023525784435
5383.74733046	0.0235258571302
5384.06148972	0.0235259638134
5384.37564899	0.0235260591763
5384.68980825	0.0235260121729
5385.00396752	0.0235260249551
5385.31812678	0.0235261270992
5385.63228605	0.0235260549695
5385.94644531	0.0235257033458
5386.26060458	0.0235255720576
5386.57476385	0.0235255295518
5386.88892311	0.0235252858299
5387.20308238	0.0235250414038
5387.51724164	0.0235249694297
5387.83140091	0.0235249469808
5388.14556017	0.0235248488801
5388.45971944	0.0235247593358
5388.7738787	0.0235247865862
5389.08803797	0.0235248290908
5389.40219723	0.0235248339357
5389.7163565	0.0235248347895
5390.03051576	0.0235248497422
5390.34467503	0.0235248844005
5390.6588343	0.0235249373638
5390.97299356	0.0235249982649
5391.28715283	0.0235248845126
5391.60131209	0.0235246285055
5391.91547136	0.0235244607005
5392.22963062	0.0235242887499
5392.54378989	0.023524027896
5392.85794915	0.0235237795405
5393.17210842	0.023523487164
5393.48626768	0.0235233707196
5393.80042695	0.0235232617714
5394.11458621	0.0235229894172
5394.42874548	0.0235228706468
5394.74290474	0.0235229774815
5395.05706401	0.023523093688
5395.37122328	0.0235231347186
5395.68538254	0.023523191828
5395.99954181	0.0235232969826
5396.31370107	0.0235234050324
5396.62786034	0.0235234716182
5396.9420196	0.0235235472355
5397.25617887	0.0235236600477
5397.57033813	0.0235236693244
5397.8844974	0.0235234623034
5398.19865666	0.0235233189254
5398.51281593	0.0235231957684
5398.82697519	0.023523038191
5399.14113446	0.0235228515623
5399.45529373	0.0235227182623
5399.76945299	0.0235226386599
5400.08361226	0.0235225801958
5400.39777152	0.0235224911383
5400.71193079	0.023522408069
5401.02609005	0.0235223422279
5401.34024932	0.0235222601389
5401.65440858	0.0235222921609
5401.96856785	0.023522402265
5402.28272711	0.0235224769546
5402.59688638	0.0235225397178
5402.91104564	0.0235225565699
5403.22520491	0.0235224380436
5403.53936417	0.0235223246471
5403.85352344	0.0235222449505
5404.16768271	0.023522002509
5404.48184197	0.0235217521461
5404.79600124	0.0235216048033
5405.1101605	0.0235214832889
5405.42431977	0.0235213387397
5405.73847903	0.0235212675856
5406.0526383	0.0235212215375
5406.36679756	0.0235211384116
5406.68095683	0.0235210467387
5406.99511609	0.0235210683923
5407.30927536	0.0235209881366
5407.62343462	0.0235208743253
5407.93759389	0.0235208675
5408.25175316	0.0235208321532
5408.56591242	0.023520763077
5408.88007169	0.0235207967481
5409.19423095	0.0235208455262
5409.50839022	0.0235207483317
5409.82254948	0.0235206520561
5410.13670875	0.0235206516454
5410.45086801	0.0235204766767
5410.76502728	0.0235202854635
5411.07918654	0.0235202789672
5411.39334581	0.0235202818626
5411.70750507	0.0235201518172
5412.02166434	0.023520059717
5412.3358236	0.023520083576
5412.64998287	0.023520185031
5412.96414214	0.0235202878031
5413.2783014	0.0235202806485
5413.59246067	0.0235202743276
5413.90661993	0.0235202816681
5414.2207792	0.0235202104341
5414.53493846	0.0235201010385
5414.84909773	0.0235200844999
5415.16325699	0.0235198797492
5415.47741626	0.0235197315539
5415.79157552	0.02351969872
5416.10573479	0.0235195918901
5416.41989405	0.023519456119
5416.73405332	0.0235192874049
5417.04821259	0.0235191388904
5417.36237185	0.0235190916336
5417.67653112	0.0235191004126
5417.99069038	0.0235191253311
5418.30484965	0.0235191690655
5418.61900891	0.0235192465915
5418.93316818	0.0235193938807
5419.24732744	0.0235194649146
5419.56148671	0.0235192808587
5419.87564597	0.0235189876178
5420.18980524	0.0235190502462
5420.5039645	0.0235189685057
5420.81812377	0.0235185965797
5421.13228303	0.0235183154957
5421.4464423	0.0235185147002
5421.76060157	0.0235184155069
5422.07476083	0.0235180037281
5422.3889201	0.0235179451451
5422.70307936	0.0235181149238
5423.01723863	0.0235181652537
5423.33139789	0.023518093171
5423.64555716	0.0235180760204
5423.95971642	0.0235181241165
5424.27387569	0.0235181961651
5424.58803495	0.0235182886262
5424.90219422	0.0235183794584
5425.21635348	0.0235184395852
5425.53051275	0.0235185561728
5425.84467202	0.023518805605
5426.15883128	0.0235189668791
5426.47299055	0.0235189300178
5426.78714981	0.0235187496677
5427.10130908	0.0235186434364
5427.41546834	0.0235184996379
5427.72962761	0.0235182577316
5428.04378687	0.0235179882531
5428.35794614	0.0235178380313
5428.6721054	0.0235177526629
5428.98626467	0.0235175834058
5429.30042393	0.023517438585
5429.6145832	0.0235174598017
5429.92874246	0.0235175784926
5430.24290173	0.0235176679699
5430.557061	0.0235177536193
5430.87122026	0.0235178365709
5431.18537953	0.0235178708117
5431.49953879	0.0235178653316
5431.81369806	0.0235178628473
5432.12785732	0.0235178736387
5432.44201659	0.0235177720617
5432.75617585	0.0235175947413
5433.07033512	0.023517512513
5433.38449438	0.0235174134116
5433.69865365	0.02351717482
5434.01281291	0.0235169344365
5434.32697218	0.0235168392532
5434.64113145	0.0235167631244
5434.95529071	0.0235166569496
5435.26944998	0.0235165618584
5435.58360924	0.0235165192398
5435.89776851	0.0235164365244
5436.21192777	0.0235163543556
5436.52608704	0.023516439133
5436.8402463	0.0235166164121
5437.15440557	0.0235167435663
5437.46856483	0.0235168760848
5437.7827241	0.0235170105387
5438.09688336	0.0235171098108
5438.41104263	0.0235171352306
5438.7252019	0.0235171879051
5439.03936116	0.0235171128522
5439.35352043	0.0235168952119
5439.66767969	0.0235167598063
5439.98183896	0.0235166924293
5440.29599822	0.0235165924192
5440.61015749	0.0235165658655
5440.92431675	0.0235165788588
5441.23847602	0.0235164687201
5441.55263528	0.0235164395713
5441.86679455	0.0235165354399
5442.18095381	0.0235165375918
5442.49511308	0.0235164374424
5442.80927234	0.0235163581595
5443.12343161	0.0235163422376
5443.43759088	0.023516336177
5443.75175014	0.0235163776795
5444.06590941	0.0235164206535
5444.38006867	0.0235163469537
5444.69422794	0.0235162026521
5445.0083872	0.0235161032314
5445.32254647	0.0235159057939
5445.63670573	0.0235157028607
5445.950865	0.0235156059855
5446.26502426	0.0235154141413
5446.57918353	0.0235152127932
5446.89334279	0.0235151246596
5447.20750206	0.0235151992921
5447.52166133	0.023515345215
5447.83582059	0.0235153673145
5448.14997986	0.0235153307034
5448.46413912	0.0235152895334
5448.77829839	0.0235152314038
5449.09245765	0.0235151982022
5449.40661692	0.0235151096001
5449.72077618	0.023514895403
5450.03493545	0.0235148338985
5450.34909471	0.0235149013164
5450.66325398	0.0235148815984
5450.97741324	0.0235147690137
5451.29157251	0.0235146799527
5451.60573177	0.0235146215133
5451.91989104	0.0235146222912
5452.23405031	0.0235146557735
5452.54820957	0.0235146870252
5452.86236884	0.0235147125176
5453.1765281	0.0235147335167
5453.49068737	0.0235147964119
5453.80484663	0.0235149077479
5454.1190059	0.0235149649974
5454.43316516	0.0235149636906
5454.74732443	0.0235150336109
5455.06148369	0.0235150450975
5455.37564296	0.0235148603477
5455.68980222	0.0235144940719
5456.00396149	0.0235144918492
5456.31812076	0.0235143913485
5456.63228002	0.0235140477155
5456.94643929	0.0235138752568
5457.26059855	0.0235138571232
5457.57475782	0.0235137381542
5457.88891708	0.0235135892845
5458.20307635	0.0235136124852
5458.51723561	0.0235136325197
5458.83139488	0.0235135624921
5459.14555414	0.0235135515786
5459.45971341	0.0235136057112
5459.77387267	0.0235136165025
5460.08803194	0.0235135975968
5460.4021912	0.0235136455939
5460.71635047	0.0235137720812
5461.03050974	0.0235137424019
5461.344669	0.0235134721191
5461.65882827	0.0235133137677
5461.97298753	0.0235131848989
5462.2871468	0.0235129610599
5462.60130606	0.0235127271316
5462.91546533	0.0235124979713
5463.22962459	0.0235124008499
5463.54378386	0.0235123367004
5463.85794312	0.0235121576907
5464.17210239	0.023512077848
5464.48626165	0.0235121881308
5464.80042092	0.0235123095977
5465.11458019	0.0235123619258
5465.42873945	0.0235124328515
5465.74289872	0.0235125504198
5466.05705798	0.0235126562472
5466.37121725	0.0235126685477
5466.68537651	0.0235126753359
5466.99953578	0.0235127964052
5467.31369504	0.0235128753679
5467.62785431	0.0235126720542
5467.94201357	0.0235125685958
5468.25617284	0.0235125719757
5468.5703321	0.0235123839051
5468.88449137	0.0235121346999
5469.19865063	0.0235120696385
5469.5128099	0.0235119973834
5469.82696917	0.0235117636907
5470.14112843	0.0235116391959
5470.4552877	0.0235116110628
5470.76944696	0.0235114073482
5471.08360623	0.0235112574637
5471.39776549	0.0235113457218
5471.71192476	0.0235114560421
5472.02608402	0.0235114581307
5472.34024329	0.0235114517216
5472.65440255	0.0235114935576
5472.96856182	0.0235114363425
5473.28272108	0.0235113343286
5473.59688035	0.0235113118637
5473.91103962	0.023511182821
5474.22519888	0.023510883677
5474.53935815	0.0235107276413
5474.85351741	0.0235106237762
5475.16767668	0.023510451708
5475.48183594	0.0235103498466
5475.79599521	0.0235103347677
5476.11015447	0.0235102344
5476.42431374	0.0235100882837
5476.738473	0.0235100726129
5477.05263227	0.0235100061355
5477.36679153	0.0235099102412
5477.6809508	0.0235098024549
5477.99511006	0.0235097642215
5478.30926933	0.0235098393249
5478.6234286	0.0235099782186
5478.93758786	0.0235100547955
5479.25174713	0.0235099982138
5479.56590639	0.0235099352688
5479.88006566	0.0235099190055
5480.19422492	0.0235097743643
5480.50838419	0.0235096695343
5480.82254345	0.023509640136
5481.13670272	0.0235094916416
5481.45086198	0.0235093192525
5481.76502125	0.0235092959286
5482.07918051	0.023509303453
5482.39333978	0.0235092846241
5482.70749905	0.0235093413642
5483.02165831	0.0235093891326
5483.33581758	0.0235093680618
5483.64997684	0.0235092207593
5483.96413611	0.02350916677
5484.27829537	0.0235091552609
5484.59245464	0.0235089337799
5484.9066139	0.0235088172811
5485.22077317	0.0235088669708
5485.53493243	0.0235087898013
5485.8490917	0.0235085846317
5486.16325096	0.023508419626
5486.47741023	0.0235082093343
5486.79156949	0.0235080152732
5487.10572876	0.023507891889
5487.41988803	0.0235077816831
5487.73404729	0.0235077238041
5488.04820656	0.0235077142295
5488.36236582	0.0235077276118
5488.67652509	0.0235077839712
5488.99068435	0.0235078489677
5489.30484362	0.0235077894156
5489.61900288	0.0235074947173
5489.93316215	0.0235074202197
5490.24732141	0.0235073805017
5490.56148068	0.0235070825901
5490.87563994	0.0235068198458
5491.18979921	0.0235069169167
5491.50395848	0.0235067466992
5491.81811774	0.0235064264384
5492.13227701	0.0235064090689
5492.44643627	0.0235064782826
5492.76059554	0.0235064972236
5493.0747548	0.0235065454431
5493.38891407	0.0235065601201
5493.70307333	0.0235065636296
5494.0172326	0.0235066492543
5494.33139186	0.0235067619793
5494.64555113	0.0235068185279
5494.95971039	0.0235068507109
5495.27386966	0.0235069598329
5495.58802893	0.0235071565649
5495.90218819	0.0235073090027
5496.21634746	0.0235072220488
5496.53050672	0.0235070803675
5496.84466599	0.023507035444
5497.15882525	0.0235067809935
5497.47298452	0.0235065554481
5497.78714378	0.0235064252986
5498.10130305	0.0235062436837
5498.41546231	0.0235060256092
5498.72962158	0.0235058410815
5499.04378084	0.0235057896718
5499.35794011	0.0235058340009
5499.67209937	0.0235058717146
5499.98625864	0.0235059188802
5500.30041791	0.0235060371533
5500.61457717	0.0235061751321
5500.92873644	0.023506210719
5501.2428957	0.0235061697771
5501.55705497	0.0235061947426
5501.87121423	0.0235062396761
5502.1853735	0.0235061210664
5502.49953276	0.0235059132154
5502.81369203	0.0235058522582
5503.12785129	0.0235058901844
5503.44201056	0.0235056761609
5503.75616982	0.0235053136859
5504.07032909	0.0235052323438
5504.38448836	0.0235052532996
5504.69864762	0.0235051031718
5505.01280689	0.0235050287893
5505.32696615	0.0235050180476
5505.64112542	0.0235049297385
5505.95528468	0.0235049344432
5506.26944395	0.0235051212192
5506.58360321	0.0235053030194
5506.89776248	0.0235054236044
5507.21192174	0.0235056122691
5507.52608101	0.0235057920967
5507.84024027	0.0235058232189
5508.15439954	0.0235059245593
5508.4685588	0.0235060070066
5508.78271807	0.0235058297989
5509.09687734	0.0235055675541
5509.4110366	0.0235055063019
5509.72519587	0.0235054645692
5510.03935513	0.0235052536181
5510.3535144	0.0235051021616
5510.66767366	0.0235051610278
5510.98183293	0.0235051273079
5511.29599219	0.0235050924381
5511.61015146	0.0235051421925
5511.92431072	0.0235051446482
5512.23846999	0.0235051397387
5512.55262925	0.0235050770648
5512.86678852	0.0235049785145
5513.18094779	0.023504970896
5513.49510705	0.0235050333517
5513.80926632	0.0235049955367
5514.12342558	0.0235048429572
5514.43758485	0.0235047234682
5514.75174411	0.0235045951011
5515.06590338	0.0235044334249
5515.38006264	0.0235043261633
5515.69422191	0.0235042677304
5516.00838117	0.0235041530343
5516.32254044	0.0235040129362
5516.6366997	0.0235039268392
5516.95085897	0.0235040085414
5517.26501823	0.0235042225669
5517.5791775	0.0235042798956
5517.89333677	0.0235042670499
5518.20749603	0.0235042604697
5518.5216553	0.0235041827805
5518.83581456	0.0235041937092
5519.14997383	0.0235041190016
5519.46413309	0.0235039554743
5519.77829236	0.023503932507
5520.09245162	0.0235039976821
5520.40661089	0.0235039801268
5520.72077015	0.0235039086986
5521.03492942	0.0235038208883
5521.34908868	0.023503735821
5521.66324795	0.0235037212379
5521.97740722	0.0235037483949
5522.29156648	0.0235037506315
5522.60572575	0.0235037690694
5522.91988501	0.0235038166208
5523.23404428	0.0235038211638
5523.54820354	0.0235038863255
5523.86236281	0.0235040028948
5524.17652207	0.0235039655684
5524.49068134	0.0235039193842
5524.8048406	0.0235039434386
5525.11899987	0.0235038899794
5525.43315913	0.023503413216
5525.7473184	0.0235032992922
5526.06147766	0.0235032274581
5526.37563693	0.0235028063097
5526.6897962	0.0235025679833
5527.00395546	0.0235025321022
5527.31811473	0.0235024366208
5527.63227399	0.023502285258
5527.94643326	0.0235021986955
5528.26059252	0.023502218125
5528.57475179	0.0235022116145
5528.88891105	0.0235021695446
5529.20307032	0.0235021964028
5529.51722958	0.0235022415474
5529.83138885	0.0235022538827
5530.14554811	0.0235023139759
5530.45970738	0.0235024422716
5530.77386665	0.0235024707112
5531.08802591	0.0235022668575
5531.40218518	0.0235021630151
5531.71634444	0.0235021089492
5532.03050371	0.0235018686818
5532.34466297	0.0235016614139
5532.65882224	0.0235015285317
5532.9729815	0.0235014345731
5533.28714077	0.0235012910446
5533.60130003	0.0235011000135
5533.9154593	0.0235010852226
5534.22961856	0.0235012125924
5534.54377783	0.023501311901
5534.85793709	0.0235013815986
5535.17209636	0.0235014989923
5535.48625563	0.0235016397171
5535.80041489	0.0235017395567
5536.11457416	0.0235017664875
5536.42873342	0.0235018243178
5536.74289269	0.0235019522601
5537.05705195	0.0235019569665
5537.37121122	0.0235017637349
5537.68537048	0.0235017562951
5537.99952975	0.0235016780828
5538.31368901	0.0235013605172
5538.62784828	0.0235011839032
5538.94200754	0.0235011169551
5539.25616681	0.0235009631779
5539.57032608	0.0235007565476
5539.88448534	0.0235006384249
5540.19864461	0.0235005403168
5540.51280387	0.0235003712326
5540.82696314	0.0235002934179
5541.1411224	0.0235003635923
5541.45528167	0.0235004106026
5541.76944093	0.0235004202365
5542.0836002	0.0235004535305
5542.39775946	0.023500510542
5542.71191873	0.0235004553333
5543.02607799	0.023500339221
5543.34023726	0.0235002880108
5543.65439652	0.0235001587523
5543.96855579	0.0234998894689
5544.28271506	0.0234997231049
5544.59687432	0.023499606346
5544.91103359	0.0234994867391
5545.22519285	0.023499461987
5545.53935212	0.0234994013999
5545.85351138	0.0234992336664
5546.16767065	0.0234991530645
5546.48182991	0.0234991779929
5546.79598918	0.0234991237917
5547.11014844	0.0234990270237
5547.42430771	0.0234989541896
5547.73846697	0.0234989853544
5548.05262624	0.0234990806239
5548.36678551	0.0234991933915
5548.68094477	0.0234992764315
5548.99510404	0.0234992737105
5549.3092633	0.0234992554024
5549.62342257	0.0234992243318
5549.93758183	0.0234990443866
5550.2517411	0.0234990437012
5550.56590036	0.0234990653119
5550.88005963	0.0234988412045
5551.19421889	0.0234986461034
5551.50837816	0.0234986147517
5551.82253742	0.0234985807933
5552.13669669	0.0234985306973
5552.45085595	0.0234985564573
5552.76501522	0.0234985920183
5553.07917449	0.0234985648492
5553.39333375	0.0234984592365
5553.70749302	0.0234983481977
5554.02165228	0.0234983508392
5554.33581155	0.0234981409079
5554.64997081	0.023497987411
5554.96413008	0.0234980556092
5555.27828934	0.0234980329919
5555.59244861	0.0234978219116
5555.90660787	0.0234977011956
5556.22076714	0.0234975658616
5556.5349264	0.0234973482992
5556.84908567	0.0234972255851
5557.16324494	0.0234971861836
5557.4774042	0.0234971391327
5557.79156347	0.0234970808425
5558.10572273	0.0234970744932
5558.419882	0.0234971691731
5558.73404126	0.0234972402242
5559.04820053	0.0234971751666
5559.36235979	0.0234970351997
5559.67651906	0.0234970218761
5559.99067832	0.0234970487714
5560.30483759	0.023496810242
5560.61899685	0.0234965261077
5560.93315612	0.023496660517
5561.24731539	0.0234964217517
5561.56147465	0.0234960184411
5561.87563392	0.0234959363406
5562.18979318	0.0234959823854
5562.50395245	0.0234959366933
5562.81811171	0.0234959188716
5563.13227098	0.0234959251392
5563.44643024	0.0234959319925
5563.76058951	0.0234960069826
5564.07474877	0.0234961115914
5564.38890804	0.0234961834336
5564.7030673	0.0234962195961
5565.01722657	0.0234962500605
5565.33138583	0.0234963634983
5565.6455451	0.0234965060626
5565.95970437	0.0234964519036
5566.27386363	0.0234962464726
5566.5880229	0.0234961369117
5566.90218216	0.0234959259421
5567.21634143	0.0234956594564
5567.53050069	0.0234955314404
5567.84465996	0.0234953673542
5568.15881922	0.0234950666919
5568.47297849	0.0234948612256
5568.78713775	0.0234948694822
5569.10129702	0.023494926264
5569.41545628	0.0234949174581
5569.72961555	0.0234949461953
5570.04377482	0.0234950664137
5570.35793408	0.0234951920456
5570.67209335	0.023495233424
5570.98625261	0.0234951919632
5571.30041188	0.0234951619316
5571.61457114	0.0234951958287
5571.92873041	0.0234951166999
5572.24288967	0.0234948800215
5572.55704894	0.0234949372105
5572.8712082	0.0234949748508
5573.18536747	0.0234947843025
5573.49952673	0.0234945207621
5573.813686	0.0234943750879
5574.12784526	0.0234943272424
5574.44200453	0.0234941855958
5574.7561638	0.0234940555015
5575.07032306	0.0234939937959
5575.38448233	0.0234938946971
5575.69864159	0.0234938645035
5576.01280086	0.0234939912855
5576.32696012	0.0234941437779
5576.64111939	0.0234942458185
5576.95527865	0.023494370007
5577.26943792	0.0234945634109
5577.58359718	0.0234947114942
5577.89775645	0.0234947519183
5578.21191571	0.0234948687559
5578.52607498	0.0234948240682
5578.84023425	0.0234944937501
5579.15439351	0.023494318049
5579.46855278	0.0234942895719
5579.78271204	0.0234941303892
5580.09687131	0.0234938977389
5580.41103057	0.0234938294906
5580.72518984	0.0234938465646
5581.0393491	0.0234937309788
5581.35350837	0.0234936681359
5581.66766763	0.023493644924
5581.9818269	0.0234936039975
5582.29598616	0.0234935142093
5582.61014543	0.0234934899062
5582.92430469	0.0234935418189
5583.23846396	0.023493622458
5583.55262323	0.0234936448578
5583.86678249	0.0234935216424
5584.18094176	0.023493370324
5584.49510102	0.0234932948428
5584.80926029	0.023493135526
5585.12341955	0.0234929133496
5585.43757882	0.0234928396426
5585.75173808	0.0234927966785
5586.06589735	0.0234926609519
5586.38005661	0.0234924970905
5586.69421588	0.0234924722442
5587.00837514	0.0234926397355
5587.32253441	0.0234927453457
5587.63669368	0.023492733574
5587.95085294	0.023492775584
5588.26501221	0.0234927181844
5588.57917147	0.0234927879721
5588.89333074	0.023492720608
5589.20749	0.0234925217502
5589.52164927	0.0234926084776
5589.83580853	0.0234927986149
5590.1499678	0.0234927823174
5590.46412706	0.0234926714987
5590.77828633	0.0234926531686
5591.09244559	0.0234925822433
5591.40660486	0.023492473567
5591.72076412	0.0234924358415
5592.03492339	0.0234924700132
5592.34908266	0.0234924563571
5592.66324192	0.0234923979841
5592.97740119	0.0234924121176
5593.29156045	0.0234924664425
5593.60571972	0.0234925184217
5593.91987898	0.0234925272213
5594.23403825	0.0234925711446
5594.54819751	0.0234925961456
5594.86235678	0.0234925059269
5595.17651604	0.023492153294
5595.49067531	0.0234921056825
5595.80483457	0.0234919572203
5596.11899384	0.0234915469321
5596.43315311	0.0234914003331
5596.74731237	0.0234913948317
5597.06147164	0.0234912661713
5597.3756309	0.0234911045758
5597.68979017	0.0234910108584
5598.00394943	0.0234909551944
5598.3181087	0.0234909634506
5598.63226796	0.0234909957167
5598.94642723	0.023491034262
5599.26058649	0.0234910848835
5599.57474576	0.0234911805551
5599.88890502	0.0234913424087
5600.20306429	0.0234915233111
5600.51722355	0.0234915964927
5600.83138282	0.0234915123972
5601.14554209	0.0234914576677
5601.45970135	0.023491424428
5601.77386062	0.0234912533101
5602.08801988	0.023491122174
5602.40217915	0.0234909907263
5602.71633841	0.0234908711667
5603.03049768	0.0234907515637
5603.34465694	0.0234906388519
5603.65881621	0.0234906540129
5603.97297547	0.02349075789
5604.28713474	0.0234908368578
5604.601294	0.0234908836443
5604.91545327	0.0234909743417
5605.22961254	0.0234910622552
5605.5437718	0.0234910798617
5605.85793107	0.0234910745389
5606.17209033	0.0234911109125
5606.4862496	0.0234912000747
5606.80040886	0.0234912465485
5607.11456813	0.0234912642443
5607.42872739	0.023491214767
5607.74288666	0.0234909291126
5608.05704592	0.0234906966785
5608.37120519	0.0234906215458
5608.68536445	0.02349041935
5608.99952372	0.0234901545055
5609.31368298	0.0234899594652
5609.62784225	0.0234898409675
5609.94200152	0.0234897037784
5610.25616078	0.0234895213355
5610.57032005	0.0234894456878
5610.88447931	0.0234895102411
5611.19863858	0.0234895670112
5611.51279784	0.0234896021748
5611.82695711	0.0234896601447
5612.14111637	0.0234897691317
5612.45527564	0.0234897449316
5612.7694349	0.0234896680543
5613.08359417	0.0234897140538
5613.39775343	0.0234896669802
5613.7119127	0.0234893325109
5614.02607197	0.0234891235886
5614.34023123	0.0234891114328
5614.6543905	0.0234890338068
5614.96854976	0.023488926117
5615.28270903	0.0234887910626
5615.59686829	0.02348863557
5615.91102756	0.0234886744356
5616.22518682	0.0234886330013
5616.53934609	0.0234885316102
5616.85350535	0.0234885404444
5617.16766462	0.0234884921459
5617.48182388	0.0234884932397
5617.79598315	0.02348866228
5618.11014241	0.0234888547416
5618.42430168	0.023488922842
5618.73846095	0.0234889170041
5619.05262021	0.0234888990604
5619.36677948	0.0234888737843
5619.68093874	0.0234887212772
5619.99509801	0.0234885530061
5620.30925727	0.0234885010463
5620.62341654	0.0234884010939
5620.9375758	0.0234881920903
5621.25173507	0.0234880270157
5621.56589433	0.023488001788
5621.8800536	0.0234880369416
5622.19421286	0.0234880275421
5622.50837213	0.0234880042582
5622.8225314	0.0234879922056
5623.13669066	0.0234878105077
5623.45084993	0.0234876923144
5623.76500919	0.0234876903513
5624.07916846	0.0234873977421
5624.39332772	0.0234873008237
5624.70748699	0.0234874212984
5625.02164625	0.0234873880976
5625.33580552	0.0234871987702
5625.64996478	0.0234870934537
5625.96412405	0.0234869860489
5626.27828331	0.0234867954423
5626.59244258	0.0234866538769
5626.90660185	0.0234866403344
5627.22076111	0.0234866342278
5627.53492038	0.0234865743806
5627.84907964	0.023486574472
5628.16323891	0.0234866786266
5628.47739817	0.0234867562271
5628.79155744	0.0234866462462
5629.1057167	0.0234865826248
5629.41987597	0.0234866522069
5629.73403523	0.0234866412585
5630.0481945	0.0234864784401
5630.36235376	0.0234863510347
5630.67651303	0.0234864443523
5630.99067229	0.0234862018833
5631.30483156	0.0234859023345
5631.61899083	0.0234859184347
5631.93315009	0.0234860032143
5632.24730936	0.0234859245494
5632.56146862	0.0234857792659
5632.87562789	0.0234857514227
5633.18978715	0.0234858028345
5633.50394642	0.0234857919501
5633.81810568	0.023485785016
5634.13226495	0.0234858378655
5634.44642421	0.0234858835234
5634.76058348	0.0234859226594
5635.07474274	0.0234860391337
5635.38890201	0.0234861193264
5635.70306128	0.0234860956327
5636.01722054	0.0234859263767
5636.33137981	0.0234858466944
5636.64553907	0.0234856400334
5636.95969834	0.0234853435527
5637.2738576	0.023485155116
5637.58801687	0.023484968737
5637.90217613	0.0234846799942
5638.2163354	0.0234844159657
5638.53049466	0.0234843289016
5638.84465393	0.0234843451427
5639.15881319	0.0234843056158
5639.47297246	0.0234842684178
5639.78713172	0.023484323875
5640.10129099	0.0234844071344
5640.41545026	0.0234844207951
5640.72960952	0.0234844017849
5641.04376879	0.0234844256725
5641.35792805	0.023484445891
5641.67208732	0.0234843562993
5641.98624658	0.0234841167023
5642.30040585	0.0234840452533
5642.61456511	0.0234841509175
5642.92872438	0.0234840080124
5643.24288364	0.0234836684337
5643.55704291	0.0234834485419
5643.87120217	0.0234834684504
5644.18536144	0.0234833290111
5644.49952071	0.0234831438064
5644.81367997	0.0234830575525
5645.12783924	0.0234829591557
5645.4419985	0.023482934915
5645.75615777	0.0234830524582
5646.07031703	0.0234831692073
5646.3844763	0.0234832157788
5646.69863556	0.0234833092573
5647.01279483	0.0234834962747
5647.32695409	0.023483545463
5647.64111336	0.0234835361136
5647.95527262	0.0234836629228
5648.26943189	0.0234836499676
5648.58359115	0.0234833191619
5648.89775042	0.0234831191778
5649.21190969	0.02348310425
5649.52606895	0.0234829097123
5649.84022822	0.0234826626763
5650.15438748	0.0234826157215
5650.46854675	0.0234826362791
5650.78270601	0.0234826289172
5651.09686528	0.0234825368911
5651.41102454	0.0234825344995
5651.72518381	0.0234825696925
5652.03934307	0.0234824082444
5652.35350234	0.0234823564284
5652.6676616	0.0234825063602
5652.98182087	0.0234825798982
5653.29598014	0.0234825077521
5653.6101394	0.0234823985254
5653.92429867	0.0234823146667
5654.23845793	0.023482305738
5654.5526172	0.023482281595
5654.86677646	0.0234821395241
5655.18093573	0.0234820694144
5655.49509499	0.0234821146247
5655.80925426	0.0234820135788
5656.12341352	0.0234817828785
5656.43757279	0.0234817450668
5656.75173205	0.0234818570025
5657.06589132	0.0234818668861
5657.38005058	0.0234818483772
5657.69420985	0.0234819150293
5658.00836912	0.0234819120082
5658.32252838	0.0234819616958
5658.63668765	0.0234819848062
5658.95084691	0.0234818713429
5659.26500618	0.0234819542667
5659.57916544	0.0234821483966
5659.89332471	0.0234821854603
5660.20748397	0.0234821254694
5660.52164324	0.0234819729129
5660.8358025	0.0234819031012
5661.14996177	0.0234817861379
5661.46412103	0.0234815911002
5661.7782803	0.0234815171643
5662.09243957	0.0234815444034
5662.40659883	0.0234815378392
5662.7207581	0.02348148307
5663.03491736	0.0234815447555
5663.34907663	0.0234816911165
5663.66323589	0.0234816201185
5663.97739516	0.023481476422
5664.29155442	0.0234815272289
5664.60571369	0.0234815093924
5664.91987295	0.0234812454972
5665.23403222	0.0234810318203
5665.54819148	0.0234810776626
5665.86235075	0.0234807128329
5666.17651001	0.0234804269293
5666.49066928	0.0234804334509
5666.80482855	0.023480435519
5667.11898781	0.0234803145224
5667.43314708	0.0234801989876
5667.74730634	0.0234801672539
5668.06146561	0.0234802276414
5668.37562487	0.0234802520557
5668.68978414	0.0234802594754
5669.0039434	0.0234803292521
5669.31810267	0.0234804304904
5669.63226193	0.0234805615663
5669.9464212	0.0234807444024
5670.26058046	0.0234808846128
5670.57473973	0.0234808463828
5670.888899	0.0234807488648
5671.20305826	0.0234807804382
5671.51721753	0.0234805898351
5671.83137679	0.0234803442533
5672.14553606	0.023480301511
5672.45969532	0.0234801906514
5672.77385459	0.0234799569343
5673.08801385	0.0234798206634
5673.40217312	0.0234798497841
5673.71633238	0.0234799138561
5674.03049165	0.0234799347353
5674.34465091	0.0234799797
5674.65881018	0.0234800679045
5674.97296944	0.0234801435436
5675.28712871	0.0234801750582
5675.60128798	0.023480187731
5675.91544724	0.0234802353527
5676.22960651	0.023480312364
5676.54376577	0.0234802738628
5676.85792504	0.0234800982926
5677.1720843	0.0234800864186
5677.48624357	0.0234800148492
5677.80040283	0.0234796848445
5678.1145621	0.0234794661084
5678.42872136	0.0234794141602
5678.74288063	0.0234792114577
5679.05703989	0.0234789667723
5679.37119916	0.0234788787723
5679.68535843	0.0234787844641
5679.99951769	0.0234785897838
5680.31367696	0.023478522426
5680.62783622	0.0234786364515
5680.94199549	0.0234787304155
5681.25615475	0.023478761661
5681.57031402	0.0234788311676
5681.88447328	0.0234789658607
5682.19863255	0.0234790440368
5682.51279181	0.0234789743572
5682.82695108	0.0234790354223
5683.14111034	0.0234791061459
5683.45526961	0.0234788534267
5683.76942888	0.0234785922462
5684.08358814	0.023478597228
5684.39774741	0.0234785813708
5684.71190667	0.0234784371195
5685.02606594	0.023478366736
5685.3402252	0.0234783572101
5685.65438447	0.0234783302827
5685.96854373	0.023478345564
5686.282703	0.02347833687
5686.59686226	0.0234782744253
5686.91102153	0.0234782233826
5687.22518079	0.0234782971047
5687.53934006	0.0234784430244
5687.85349932	0.0234785571197
5688.16765859	0.0234786359756
5688.48181786	0.0234787113993
5688.79597712	0.0234787397318
5689.11013639	0.0234786930697
5689.42429565	0.0234785797476
5689.73845492	0.0234784818496
5690.05261418	0.0234783627817
5690.36677345	0.0234782223889
5690.68093271	0.0234780241455
5690.99509198	0.0234778286522
5691.30925124	0.023477726548
5691.62341051	0.0234777726532
5691.93756977	0.0234777908983
5692.25172904	0.0234776993547
5692.56588831	0.023477601489
5692.88004757	0.0234774562262
5693.19420684	0.0234773910487
5693.5083661	0.0234773216363
5693.82252537	0.0234770139614
5694.13668463	0.0234769141232
5694.4508439	0.0234770328321
5694.76500316	0.0234770332983
5695.07916243	0.0234767738858
5695.39332169	0.0234765964668
5695.70748096	0.023476541913
5696.02164022	0.0234763866251
5696.33579949	0.0234762060651
5696.64995875	0.0234761260955
5696.96411802	0.0234761326217
5697.27827729	0.0234761303317
5697.59243655	0.0234761199984
5697.90659582	0.0234761737474
5698.22075508	0.0234762462005
5698.53491435	0.0234762152254
5698.84907361	0.0234761515033
5699.16323288	0.0234761721978
5699.47739214	0.0234762450789
5699.79155141	0.0234760775661
5700.10571067	0.0234759007218
5700.41986994	0.0234759785731
5700.7340292	0.0234756509949
5701.04818847	0.0234753467018
5701.36234774	0.0234753808388
5701.676507	0.0234754632617
5701.99066627	0.0234753346664
5702.30482553	0.0234751763336
5702.6189848	0.0234751369703
5702.93314406	0.0234751424741
5703.24730333	0.0234751167579
5703.56146259	0.0234750907584
5703.87562186	0.0234750964719
5704.18978112	0.0234750963616
5704.50394039	0.0234751281364
5704.81809965	0.0234752535325
5705.13225892	0.0234753191119
5705.44641818	0.0234752396768
5705.76057745	0.0234750517407
5706.07473672	0.023474956349
5706.38889598	0.0234748666777
5706.70305525	0.0234745468433
5707.01721451	0.0234742532718
5707.33137378	0.023474223698
5707.64553304	0.0234740124697
5707.95969231	0.0234736523363
5708.27385157	0.0234735520372
5708.58801084	0.0234736384723
5708.9021701	0.0234736371881
5709.21632937	0.0234735773298
5709.53048863	0.0234736000199
5709.8446479	0.0234736969045
5710.15880717	0.023473748457
5710.47296643	0.0234737561543
5710.7871257	0.0234738152634
5711.10128496	0.0234739045908
5711.41544423	0.0234739151289
5711.72960349	0.0234738560841
5712.04376276	0.0234738097306
5712.35792202	0.0234737518271
5712.67208129	0.0234736663475
5712.98624055	0.0234733722694
5713.30039982	0.023473115329
5713.61455908	0.0234730614322
5713.92871835	0.0234729166864
5714.24287761	0.02347280896
5714.55703688	0.0234727380468
5714.87119615	0.0234726084049
5715.18535541	0.0234726039624
5715.49951468	0.0234727506728
5715.81367394	0.0234728765434
5716.12783321	0.023472928366
5716.44199247	0.0234730046595
5716.75615174	0.0234731132599
5717.070311	0.0234731459645
5717.38447027	0.0234731283717
5717.69862953	0.023473219055
5718.0127888	0.0234732308684
5718.32694806	0.0234729521648
5718.64110733	0.0234726288016
5718.9552666	0.0234726098224
5719.26942586	0.0234724937306
5719.58358513	0.0234722289455
5719.89774439	0.0234721022775
5720.21190366	0.0234720856575
5720.52606292	0.0234720344697
5720.84022219	0.0234719002233
5721.15438145	0.0234718924559
5721.46854072	0.0234718548519
5721.78269998	0.0234716557119
5722.09685925	0.0234716480472
5722.41101851	0.0234718294844
5722.72517778	0.0234719266099
5723.03933704	0.0234718473714
5723.35349631	0.023471776282
5723.66765558	0.0234716815671
5723.98181484	0.0234716319624
5724.29597411	0.0234716619365
5724.61013337	0.0234715367046
5724.92429264	0.0234713935014
5725.2384519	0.0234714320786
5725.55261117	0.0234714289036
5725.86677043	0.0234711900805
5726.1809297	0.0234710628196
5726.49508896	0.0234711667985
5726.80924823	0.0234712077627
5727.12340749	0.023471118918
5727.43756676	0.0234711150589
5727.75172603	0.0234711446544
5728.06588529	0.0234711263487
5728.38004456	0.0234711609519
5728.69420382	0.0234710381542
5729.00836309	0.02347103512
5729.32252235	0.0234712440851
5729.63668162	0.0234714073849
5729.95084088	0.0234713482799
5730.26500015	0.0234712023383
5730.57915941	0.023471113863
5730.89331868	0.0234709846205
5731.20747794	0.0234707814022
5731.52163721	0.0234706654273
5731.83579647	0.0234706583687
5732.14995574	0.0234706440531
5732.46411501	0.0234706265752
5732.77827427	0.023470733599
5733.09243354	0.023470861951
5733.4065928	0.0234708786677
5733.72075207	0.0234707300578
5734.03491133	0.023470587677
5734.3490706	0.0234705299656
5734.66322986	0.0234702750187
5734.97738913	0.0234700193544
5735.29154839	0.0234699520205
5735.60570766	0.0234697200455
5735.91986692	0.0234694640187
5736.23402619	0.0234693973162
5736.54818546	0.0234694395954
5736.86234472	0.0234694384855
5737.17650399	0.0234693762643
5737.49066325	0.0234693839329
5737.80482252	0.0234695116207
5738.11898178	0.0234695514573
5738.43314105	0.0234695243882
5738.74730031	0.0234695807317
5739.06145958	0.0234696523664
5739.37561884	0.0234696981525
5739.68977811	0.0234698497865
5740.00393737	0.0234700025971
5740.31809664	0.0234700563954
5740.6322559	0.0234700270424
5740.94641517	0.0234700375737
5741.26057444	0.0234700025858
5741.5747337	0.0234697502534
5741.88889297	0.0234697049444
5742.20305223	0.0234696323906
5742.5172115	0.0234693028999
5742.83137076	0.0234691125986
5743.14553003	0.0234691871438
5743.45968929	0.0234692200727
5743.77384856	0.0234691393456
5744.08800782	0.023469131068
5744.40216709	0.0234691801105
5744.71632635	0.0234692067478
5745.03048562	0.02346921728
5745.34464489	0.0234692455535
5745.65880415	0.0234692513276
5745.97296342	0.0234692558617
5746.28712268	0.0234693261502
5746.60128195	0.0234693090108
5746.91544121	0.0234692109085
5747.22960048	0.0234689680886
5747.54375974	0.0234687149488
5747.85791901	0.0234685505358
5748.17207827	0.023468305263
5748.48623754	0.0234680194288
5748.8003968	0.0234678928443
5749.11455607	0.0234678318076
5749.42871533	0.0234676091202
5749.7428746	0.0234674414424
5750.05703387	0.0234675014502
5750.37119313	0.0234676370773
5750.6853524	0.0234677035976
5750.99951166	0.023467778605
5751.31367093	0.0234679293203
5751.62783019	0.0234681032672
5751.94198946	0.02346820579
5752.25614872	0.0234682243669
5752.57030799	0.0234683413699
5752.88446725	0.023468388875
5753.19862652	0.0234681086078
5753.51278578	0.023467916184
5753.82694505	0.0234679539075
5754.14110432	0.023467861866
5754.45526358	0.0234676809819
5754.76942285	0.0234675966134
5755.08358211	0.0234675523686
5755.39774138	0.023467556523
5755.71190064	0.023467545253
5756.02605991	0.0234675142934
5756.34021917	0.0234675211517
5756.65437844	0.0234675532237
5756.9685377	0.0234676376418
5757.28269697	0.0234677093609
5757.59685623	0.0234678134476
5757.9110155	0.0234679264239
5758.22517477	0.0234679361576
5758.53933403	0.0234679078546
5758.8534933	0.0234679046682
5759.16765256	0.0234677972556
5759.48181183	0.0234676959761
5759.79597109	0.023467610952
5760.11013036	0.0234674455247
5760.42428962	0.0234672272736
5760.73844889	0.023467048578
5761.05260815	0.0234670308621
5761.36676742	0.0234670515039
5761.68092668	0.0234669692802
5761.99508595	0.0234669088972
5762.30924521	0.0234668941392
5762.62340448	0.0234667943077
5762.93756375	0.0234667072343
5763.25172301	0.0234666601571
5763.56588228	0.0234664601647
5763.88004154	0.0234664700833
5764.19420081	0.0234666488942
5764.50836007	0.0234666685313
5764.82251934	0.0234664816408
5765.1366786	0.0234664158902
5765.45083787	0.0234663870907
5765.76499713	0.0234662293272
5766.0791564	0.0234660951815
5766.39331566	0.0234661036169
5766.70747493	0.0234661420355
5767.0216342	0.0234661261872
5767.33579346	0.0234661609801
5767.64995273	0.0234663089471
5767.96411199	0.0234664298636
5768.27827126	0.0234663642296
5768.59243052	0.023466254044
5768.90658979	0.0234663479537
5769.22074905	0.0234663507055
5769.53490832	0.0234661474155
5769.84906758	0.023466069584
5770.16322685	0.0234661217465
5770.47738611	0.0234658793154
5770.79154538	0.0234657555438
5771.10570464	0.0234658370014
5771.41986391	0.0234658091995
5771.73402318	0.0234656528024
5772.04818244	0.023465521457
5772.36234171	0.0234653929464
5772.67650097	0.0234652587687
5772.99066024	0.0234652115194
5773.3048195	0.0234651762993
5773.61897877	0.0234650702939
5773.93313803	0.0234650208069
5774.2472973	0.0234651637879
5774.56145656	0.0234653183692
5774.87561583	0.0234652999854
5775.18977509	0.0234651986123
5775.50393436	0.0234650715328
5775.81809363	0.023464960353
5776.13225289	0.0234647387428
5776.44641216	0.0234644769125
5776.76057142	0.023464227145
5777.07473069	0.0234640278794
5777.38888995	0.023463832048
5777.70304922	0.0234636291091
5778.01720848	0.023463550127
5778.33136775	0.0234635673842
5778.64552701	0.0234635667769
5778.95968628	0.023463570795
5779.27384554	0.0234636099013
5779.58800481	0.0234636558184
5779.90216407	0.0234636765065
5780.21632334	0.0234637046604
5780.53048261	0.0234637703662
5780.84464187	0.0234638602932
5781.15880114	0.0234639070036
5781.4729604	0.0234638656503
5781.78711967	0.0234637214086
5782.10127893	0.023463725447
5782.4154382	0.023463636649
5782.72959746	0.0234632895338
5783.04375673	0.0234631149646
5783.35791599	0.0234630639435
5783.67207526	0.0234628836685
5783.98623452	0.0234626888599
5784.30039379	0.0234625906898
5784.61455306	0.0234625531818
5784.92871232	0.023462567162
5785.24287159	0.0234626192882
5785.55703085	0.0234626851544
5785.87119012	0.0234627489638
5786.18534938	0.0234628148699
5786.49950865	0.0234628808062
5786.81366791	0.0234628755936
5787.12782718	0.0234628675926
5787.44198644	0.0234629505629
5787.75614571	0.0234629538038
5788.07030497	0.0234627463615
5788.38446424	0.0234624345355
5788.6986235	0.0234622958829
5789.01278277	0.0234622311251
5789.32694204	0.0234620012807
5789.6411013	0.0234617083523
5789.95526057	0.0234615743457
5790.26941983	0.0234614234712
5790.5835791	0.0234613553703
5790.89773836	0.0234613099304
5791.21189763	0.0234610887733
5791.52605689	0.0234609895732
5791.84021616	0.0234611587314
5792.15437542	0.0234613072666
5792.46853469	0.0234612962474
5792.78269395	0.023461307454
5793.09685322	0.0234614211205
5793.41101249	0.0234614686448
5793.72517175	0.0234614036029
5794.03933102	0.0234613341084
5794.35349028	0.0234613995302
5794.66764955	0.0234612724621
5794.98180881	0.02346101056
5795.29596808	0.0234610015649
5795.61012734	0.0234609430448
5795.92428661	0.0234607767027
5796.23844587	0.0234607597086
5796.55260514	0.0234607910749
5796.8667644	0.023460750643
5797.18092367	0.0234607074251
5797.49508293	0.0234606956126
5797.8092422	0.0234607430514
5798.12340147	0.0234606463414
5798.43756073	0.0234605176535
5798.75172	0.0234606365602
5799.06587926	0.0234608447085
5799.38003853	0.0234609111542
5799.69419779	0.0234608467476
5800.00835706	0.0234607548718
5800.32251632	0.0234606878054
5800.63667559	0.0234605595491
5800.95083485	0.0234603221589
5801.26499412	0.0234601652523
5801.57915338	0.0234601301849
5801.89331265	0.0234600856857
5802.20747192	0.0234600468523
5802.52163118	0.0234601376523
5802.83579045	0.0234602405198
5803.14994971	0.0234602009938
5803.46410898	0.0234600001133
5803.77826824	0.023459935031
5804.09242751	0.0234598567256
5804.40658677	0.0234596564778
5804.72074604	0.0234595208352
5805.0349053	0.0234593731507
5805.34906457	0.0234591220539
5805.66322383	0.0234590433361
5805.9773831	0.0234590432765
5806.29154236	0.0234589789359
5806.60570163	0.0234589369576
5806.9198609	0.023458873949
5807.23402016	0.0234588406506
5807.54817943	0.0234588872389
5807.86233869	0.0234589009302
5808.17649796	0.0234588881954
5808.49065722	0.0234589365913
5808.80481649	0.0234589800496
5809.11897575	0.0234591107976
5809.43313502	0.0234593639432
5809.74729428	0.0234594405012
5810.06145355	0.0234594010696
5810.37561281	0.023459491184
5810.68977208	0.0234595675822
5811.00393135	0.0234593278137
5811.31809061	0.0234591812919
5811.63224988	0.0234591046717
5811.94640914	0.0234588614739
5812.26056841	0.0234586246367
5812.57472767	0.0234585257278
5812.88888694	0.0234585156263
5813.2030462	0.0234584868342
5813.51720547	0.0234584393666
5813.83136473	0.0234584610883
5814.145524	0.0234585737029
5814.45968326	0.0234586859802
5814.77384253	0.0234587005174
5815.0880018	0.0234587262604
5815.40216106	0.0234588448487
5815.71632033	0.0234588941397
5816.03047959	0.0234586933675
5816.34463886	0.0234585095133
5816.65879812	0.0234585099742
5816.97295739	0.0234583841325
5817.28711665	0.023458037456
5817.60127592	0.0234577282648
5817.91543518	0.0234576737442
5818.22959445	0.0234575385667
5818.54375371	0.0234573450129
5818.85791298	0.0234572293893
5819.17207224	0.0234571679701
5819.48623151	0.0234571614473
5819.80039078	0.0234572227777
5820.11455004	0.0234573423711
5820.42870931	0.0234574284041
5820.74286857	0.0234575320767
5821.05702784	0.0234576904108
5821.3711871	0.0234578012769
5821.68534637	0.023457905388
5821.99950563	0.0234579914002
5822.3136649	0.0234581557971
5822.62782416	0.0234582434833
5822.94198343	0.0234580567523
5823.25614269	0.0234578581306
5823.57030196	0.0234579255147
5823.88446123	0.0234578160448
5824.19862049	0.023457572936
5824.51277976	0.0234574291679
5824.82693902	0.0234573352264
5825.14109829	0.0234573398144
5825.45525755	0.0234573094052
5825.76941682	0.0234571720783
5826.08357608	0.0234571213679
5826.39773535	0.0234572247589
5826.71189461	0.0234573450233
5827.02605388	0.0234573769996
5827.34021314	0.0234574376848
5827.65437241	0.0234575191494
5827.96853167	0.0234575386409
5828.28269094	0.0234575021583
5828.59685021	0.0234574448015
5828.91100947	0.0234573197565
5829.22516874	0.0234571203305
5829.539328	0.0234569827322
5829.85348727	0.0234569196175
5830.16764653	0.0234567191168
5830.4818058	0.0234564639868
5830.79596506	0.023456411834
5831.11012433	0.0234564324598
5831.42428359	0.02345637254
5831.73844286	0.0234563268518
5832.05260212	0.0234562675197
5832.36676139	0.0234562045354
5832.68092066	0.0234561707344
5832.99507992	0.0234560255657
5833.30923919	0.0234559400334
5833.62339845	0.0234560698815
5833.93755772	0.023456244263
5834.25171698	0.023456282555
5834.56587625	0.0234561826343
5834.88003551	0.0234561531795
5835.19419478	0.0234561902844
5835.50835404	0.0234560938842
5835.82251331	0.0234559625139
5836.13667257	0.0234559523205
5836.45083184	0.0234559872455
5836.7649911	0.0234559832644
5837.07915037	0.0234560087096
5837.39330964	0.0234560845958
5837.7074689	0.023456108904
5838.02162817	0.0234560461923
5838.33578743	0.0234561380623
5838.6499467	0.0234562074034
5838.96410596	0.023456156319
5839.27826523	0.0234560012924
5839.59242449	0.0234560676177
5839.90658376	0.023455921095
5840.22074302	0.0234556875897
5840.53490229	0.0234557320641
5840.84906155	0.0234557673021
5841.16322082	0.0234556315861
5841.47738009	0.0234554356278
5841.79153935	0.0234552652323
5842.10569862	0.0234551354581
5842.41985788	0.0234550181909
5842.73401715	0.0234549627935
5843.04817641	0.023454902187
5843.36233568	0.0234548124845
5843.67649494	0.0234548055711
5843.99065421	0.0234549564692
5844.30481347	0.0234550533499
5844.61897274	0.0234550004979
5844.933132	0.0234548872995
5845.24729127	0.0234547984574
5845.56145053	0.0234545971682
5845.8756098	0.023454464109
5846.18976907	0.0234542704361
5846.50392833	0.0234540093589
5846.8180876	0.0234538749466
5847.13224686	0.0234537338456
5847.44640613	0.0234536028084
5847.76056539	0.0234536051488
5848.07472466	0.0234536400664
5848.38888392	0.0234536211376
5848.70304319	0.0234536492192
5849.01720245	0.0234536842515
5849.33136172	0.0234536676543
5849.64552098	0.0234537092116
5849.95968025	0.0234538042757
5850.27383952	0.0234538621974
5850.58799878	0.0234538937842
5850.90215805	0.0234539740862
5851.21631731	0.0234540111673
5851.53047658	0.0234539158088
5851.84463584	0.0234538988272
5852.15879511	0.0234537553155
5852.47295437	0.0234534561818
5852.78711364	0.023453363811
5853.1012729	0.0234532542095
5853.41543217	0.0234530512909
5853.72959143	0.0234529152096
5854.0437507	0.0234528143832
5854.35790996	0.0234527148713
5854.67206923	0.0234527301866
5854.9862285	0.0234527865802
5855.30038776	0.023452790617
5855.61454703	0.0234527963355
5855.92870629	0.0234528354982
5856.24286556	0.0234528731025
5856.55702482	0.0234528679519
5856.87118409	0.0234528549117
5857.18534335	0.0234528950093
5857.49950262	0.0234529039071
5857.81366188	0.0234527275772
5858.12782115	0.023452378749
5858.44198041	0.0234522016079
5858.75613968	0.0234521422155
5859.07029895	0.0234519132266
5859.38445821	0.0234516040438
5859.69861748	0.0234514207567
5860.01277674	0.0234513111424
5860.32693601	0.0234513145629
5860.64109527	0.0234511833923
5860.95525454	0.0234509513251
5861.2694138	0.0234509651501
5861.58357307	0.0234511740346
5861.89773233	0.023451284918
5862.2118916	0.0234512915014
5862.52605086	0.0234513378097
5862.84021013	0.0234514490802
5863.15436939	0.0234515010908
5863.46852866	0.0234514624628
5863.78268793	0.0234514471715
5864.09684719	0.0234514137664
5864.41100646	0.023451384653
5864.72516572	0.0234512830315
5865.03932499	0.0234510668172
5865.35348425	0.0234509013654
5865.66764352	0.023450872189
5865.98180278	0.0234508605773
5866.29596205	0.0234507508142
5866.61012131	0.0234506398375
5866.92428058	0.0234506169941
5867.23843984	0.0234506318856
5867.55259911	0.0234506176999
5867.86675838	0.0234504312859
5868.18091764	0.0234503917609
5868.49507691	0.0234505661687
5868.80923617	0.0234506873238
5869.12339544	0.0234506945351
5869.4375547	0.0234506295459
5869.75171397	0.0234505670697
5870.06587323	0.0234505252248
5870.3800325	0.0234503197848
5870.69419176	0.0234500762413
5871.00835103	0.0234499347584
5871.32251029	0.0234498495208
5871.63666956	0.0234497458516
5871.95082883	0.0234496656636
5872.26498809	0.0234497126677
5872.57914736	0.0234498221144
5872.89330662	0.0234498568253
5873.20746589	0.0234497460213
5873.52162515	0.0234495903581
5873.83578442	0.0234494748129
5874.14994368	0.0234493210274
5874.46410295	0.0234491805872
5874.77826221	0.0234490625374
5875.09242148	0.0234489338058
5875.40658074	0.0234489023105
5875.72074001	0.0234489509013
5876.03489927	0.0234489276833
5876.34905854	0.0234488829588
5876.66321781	0.0234488014163
5876.97737707	0.0234488017258
5877.29153634	0.0234488557644
5877.6056956	0.0234488157906
5877.91985487	0.0234487639593
5878.23401413	0.0234488097586
5878.5481734	0.023448877061
5878.86233266	0.023448907945
5879.17649193	0.0234490789726
5879.49065119	0.0234492194641
5879.80481046	0.0234491824233
5880.11896972	0.0234491735187
5880.43312899	0.0234492125655
5880.74728826	0.0234491218978
5881.06144752	0.0234489741369
5881.37560679	0.0234488871969
5881.68976605	0.0234486542927
5882.00392532	0.0234484861562
5882.31808458	0.0234484083319
5882.63224385	0.0234483430006
5882.94640311	0.0234482777861
5883.26056238	0.0234482379586
5883.57472164	0.0234482423096
5883.88888091	0.0234482618338
5884.20304017	0.0234482920755
5884.51719944	0.0234483254202
5884.8313587	0.0234483321311
5885.14551797	0.02344833454
5885.45967724	0.0234484057186
5885.7738365	0.0234483968775
5886.08799577	0.0234482442425
5886.40215503	0.0234481839686
5886.7163143	0.0234481538355
5887.03047356	0.0234478642231
5887.34463283	0.0234475749228
5887.65879209	0.0234474801877
5887.97295136	0.0234472815716
5888.28711062	0.0234470294019
5888.60126989	0.0234468969633
5888.91542915	0.0234468198452
5889.22958842	0.0234467977096
5889.54374769	0.0234468550625
5889.85790695	0.0234469196352
5890.17206622	0.0234470093325
5890.48622548	0.023447146595
5890.80038475	0.0234473026538
5891.11454401	0.0234474175146
5891.42870328	0.0234474928434
5891.74286254	0.0234476396179
5892.05702181	0.0234477828138
5892.37118107	0.0234478424769
5892.68534034	0.0234476895063
5892.9994996	0.0234474900811
5893.31365887	0.0234474512526
5893.62781813	0.0234473984412
5893.9419774	0.0234471614767
5894.25613667	0.0234468995388
5894.57029593	0.023446795831
5894.8844552	0.0234468000405
5895.19861446	0.0234467084151
5895.51277373	0.0234465432809
5895.82693299	0.0234465165887
5896.14109226	0.0234466114071
5896.45525152	0.0234466956101
5896.76941079	0.0234467309226
5897.08357005	0.0234467645147
5897.39772932	0.0234468116841
5897.71188858	0.0234468176798
5898.02604785	0.0234468571979
5898.34020712	0.0234468191575
5898.65436638	0.0234466504339
5898.96852565	0.0234465219951
5899.28268491	0.0234464587097
5899.59684418	0.0234463684822
5899.91100344	0.0234461422336
5900.22516271	0.023445936263
5900.53932197	0.0234458757321
5900.85348124	0.0234459027874
5901.1676405	0.0234458758419
5901.48179977	0.0234458437075
5901.79595903	0.0234458468796
5902.1101183	0.0234458372399
5902.42427756	0.0234458843421
5902.73843683	0.0234458135755
5903.0525961	0.0234457218646
5903.36675536	0.023445902788
5903.68091463	0.0234461674429
5903.99507389	0.0234462040657
5904.30923316	0.0234461017282
5904.62339242	0.0234461004414
5904.93755169	0.0234460975318
5905.25171095	0.023445979451
5905.56587022	0.0234458481081
5905.88002948	0.0234458359584
5906.19418875	0.0234458737062
5906.50834801	0.0234458869938
5906.82250728	0.0234458945541
5907.13666655	0.0234459456146
5907.45082581	0.0234460299228
5907.76498508	0.0234460442191
5908.07914434	0.0234460646808
5908.39330361	0.0234460735143
5908.70746287	0.0234460523867
5909.02162214	0.0234459258104
5909.3357814	0.0234459055566
5909.64994067	0.0234457669689
5909.96409993	0.0234455219548
5910.2782592	0.0234454997776
5910.59241846	0.0234455336404
5910.90657773	0.0234454182318
5911.22073699	0.0234452792769
5911.53489626	0.0234451088816
5911.84905553	0.0234449509098
5912.16321479	0.0234449415018
5912.47737406	0.0234449037291
5912.79153332	0.0234447673223
5913.10569259	0.0234446925404
5913.41985185	0.0234446941512
5913.73401112	0.0234447846052
5914.04817038	0.0234448926957
5914.36232965	0.0234448923402
5914.67648891	0.0234448197414
5914.99064818	0.0234448133318
5915.30480744	0.0234447257156
5915.61896671	0.0234445040272
5915.93312598	0.0234444012938
5916.24728524	0.0234442967338
5916.56144451	0.0234440518722
5916.87560377	0.0234438883161
5917.18976304	0.0234438430561
5917.5039223	0.0234438080647
5917.81808157	0.0234437820895
5918.13224083	0.0234437766507
5918.4464001	0.0234438223306
5918.76055936	0.0234438922427
5919.07471863	0.0234439439346
5919.38887789	0.0234440034034
5919.70303716	0.0234440674279
5920.01719642	0.0234441205938
5920.33135569	0.0234441936954
5920.64551496	0.0234442875935
5920.95967422	0.0234442915581
5921.27383349	0.0234442890981
5921.58799275	0.0234442587852
5921.90215202	0.0234440365005
5922.21631128	0.0234437286018
5922.53047055	0.0234436298901
5922.84462981	0.0234434996275
5923.15878908	0.023443279703
5923.47294834	0.0234431115618
5923.78710761	0.0234429906174
5924.10126687	0.0234428875466
5924.41542614	0.0234428645222
5924.72958541	0.0234428912704
5925.04374467	0.023442899552
5925.35790394	0.023442912245
5925.6720632	0.0234429521988
5925.98622247	0.0234429959362
5926.30038173	0.0234429809204
5926.614541	0.0234429565836
5926.92870026	0.0234429919773
5927.24285953	0.0234430018468
5927.55701879	0.023442851351
5927.87117806	0.0234425717457
5928.18533732	0.0234423939004
5928.49949659	0.0234422804194
5928.81365586	0.0234421497256
5929.12781512	0.0234419342384
5929.44197439	0.0234416472047
5929.75613365	0.0234415345052
5930.07029292	0.0234415233182
5930.38445218	0.0234413609639
5930.69861145	0.0234412081571
5931.01277071	0.0234412375858
5931.32692998	0.0234413727438
5931.64108924	0.0234414410778
5931.95524851	0.0234414895392
5932.26940777	0.0234415929102
5932.58356704	0.0234417089285
5932.8977263	0.0234418252373
5933.21188557	0.023441894944
5933.52604484	0.0234418630829
5933.8402041	0.0234417822816
5934.15436337	0.0234416090189
5934.46852263	0.0234415028823
5934.7826819	0.023441427326
5935.09684116	0.0234412231286
5935.41100043	0.0234410797593
5935.72515969	0.0234410648071
5936.03931896	0.0234410165593
5936.35347822	0.0234409132279
5936.66763749	0.0234408750201
5936.98179675	0.0234408620498
5937.29595602	0.0234408275875
5937.61011529	0.0234407265981
5937.92427455	0.0234406667153
5938.23843382	0.0234407597796
5938.55259308	0.0234408692191
5938.86675235	0.0234408956535
5939.18091161	0.0234407994222
5939.49507088	0.0234406284107
5939.80923014	0.0234405765945
5940.12338941	0.0234404465465
5940.43754867	0.0234401974822
5940.75170794	0.0234400497099
5941.0658672	0.0234400156961
5941.38002647	0.0234399203887
5941.69418573	0.0234398170906
5942.008345	0.0234398553173
5942.32250427	0.0234398951863
5942.63666353	0.0234398275398
5942.9508228	0.0234397574965
5943.26498206	0.0234397750582
5943.57914133	0.0234396946029
5943.89330059	0.0234396054323
5944.20745986	0.023439566547
5944.52161912	0.0234394962773
5944.83577839	0.0234393498983
5945.14993765	0.0234392814924
5945.46409692	0.0234393448757
5945.77825618	0.0234393534283
5946.09241545	0.0234392315491
5946.40657472	0.0234390930201
5946.72073398	0.0234390401207
5947.03489325	0.0234391012359
5947.34905251	0.0234390541314
5947.66321178	0.0234389264448
5947.97737104	0.0234389578126
5948.29153031	0.0234390572518
5948.60568957	0.0234390719344
5948.91984884	0.0234391126036
5949.2340081	0.0234392380525
5949.54816737	0.0234392821088
5949.86232663	0.0234392014122
5950.1764859	0.0234391700326
5950.49064516	0.0234390780585
5950.80480443	0.0234388905962
5951.1189637	0.0234388516519
5951.43312296	0.0234386179767
5951.74728223	0.0234383142952
5952.06144149	0.0234382143309
5952.37560076	0.0234381762552
5952.68976002	0.0234380569414
5953.00391929	0.0234379147424
5953.31807855	0.0234378742441
5953.63223782	0.0234379119914
5953.94639708	0.0234379579203
5954.26055635	0.0234380103405
5954.57471561	0.0234380311665
5954.88887488	0.0234380520065
5955.20303415	0.0234381074683
5955.51719341	0.0234380373053
5955.83135268	0.0234377920701
5956.14551194	0.0234377772431
5956.45967121	0.0234378505728
5956.77383047	0.0234376748621
5957.08798974	0.0234373672398
5957.402149	0.0234372455466
5957.71630827	0.0234372058183
5958.03046753	0.0234369624105
5958.3446268	0.0234367721457
5958.65878606	0.0234367124861
5958.97294533	0.0234366908952
5959.28710459	0.023436692063
5959.60126386	0.023436760944
5959.91542313	0.0234368642927
5960.22958239	0.023436955964
5960.54374166	0.0234370794034
5960.85790092	0.0234372024766
5961.17206019	0.0234372885381
5961.48621945	0.0234374175925
5961.80037872	0.0234375788721
5962.11453798	0.0234376852721
5962.42869725	0.0234376844733
5962.74285651	0.023437467641
5963.05701578	0.0234372698632
5963.37117504	0.0234372705075
5963.68533431	0.0234371108658
5963.99949358	0.023436831051
5964.31365284	0.0234366866038
5964.62781211	0.0234366240118
5964.94197137	0.0234366284987
5965.25613064	0.023436556334
5965.5702899	0.0234363260473
5965.88444917	0.0234363058684
5966.19860843	0.0234365255635
5966.5127677	0.023436652165
5966.82692696	0.0234366125433
5967.14108623	0.0234366162456
5967.45524549	0.023436707233
5967.76940476	0.0234366458226
5968.08356402	0.0234364826194
5968.39772329	0.0234364269921
5968.71188256	0.0234363812771
5969.02604182	0.0234362302982
5969.34020109	0.0234361454287
5969.65436035	0.0234360900939
5969.96851962	0.0234359524075
5970.28267888	0.0234357962857
5970.59683815	0.0234357315631
5970.91099741	0.0234357888926
5971.22515668	0.0234357840927
5971.53931594	0.0234356372009
5971.85347521	0.0234355607032
5972.16763447	0.0234356551478
5972.48179374	0.023435516473
5972.79595301	0.0234354076601
5973.11011227	0.0234355938006
5973.42427154	0.0234357987249
5973.7384308	0.0234358989759
5974.05259007	0.0234359580639
5974.36674933	0.0234360053692
5974.6809086	0.023436149521
5974.99506786	0.0234361331147
5975.30922713	0.0234358926394
5975.62338639	0.0234357578545
5975.93754566	0.0234357629565
5976.25170492	0.0234357213885
5976.56586419	0.0234356215113
5976.88002345	0.0234356245243
5977.19418272	0.0234357044543
5977.50834199	0.0234357093569
5977.82250125	0.0234356878917
5978.13666052	0.02343578019
5978.45081978	0.0234357745642
5978.76497905	0.0234355478976
5979.07913831	0.023435530569
5979.39329758	0.0234354576293
5979.70745684	0.0234351218852
5980.02161611	0.0234350952171
5980.33577537	0.0234352016307
5980.64993464	0.0234350505726
5980.9640939	0.0234348644843
5981.27825317	0.0234347385389
5981.59241244	0.02343458266
5981.9065717	0.0234344631872
5982.22073097	0.02343442522
5982.53489023	0.0234343710079
5982.8490495	0.0234342917366
5983.16320876	0.0234342751409
5983.47736803	0.0234343463357
5983.79152729	0.0234345299775
5984.10568656	0.023434638157
5984.41984582	0.0234346161108
5984.73400509	0.023434553744
5985.04816435	0.0234345706774
5985.36232362	0.0234344207274
5985.67648288	0.0234343274603
5985.99064215	0.0234342344645
5986.30480142	0.0234340501386
5986.61896068	0.0234339474574
5986.93311995	0.0234339204759
5987.24727921	0.0234339209432
5987.56143848	0.0234339319679
5987.87559774	0.023433925143
5988.18975701	0.0234339662968
5988.50391627	0.0234340486632
5988.81807554	0.0234340748503
5989.1322348	0.0234341061063
5989.44639407	0.0234342095756
5989.76055333	0.0234342891234
5990.0747126	0.0234343524557
5990.38887187	0.02343441769
5990.70303113	0.0234344508499
5991.0171904	0.0234345460867
5991.33134966	0.0234344277684
5991.64550893	0.0234341359371
5991.95966819	0.0234339201466
5992.27382746	0.0234337913654
5992.58798672	0.0234336215849
5992.90214599	0.0234334269894
5993.21630525	0.0234332268351
5993.53046452	0.0234330258614
5993.84462378	0.0234329215009
5994.15878305	0.0234329665673
5994.47294232	0.0234329735716
5994.78710158	0.0234329309707
5995.10126085	0.0234329544765
5995.41542011	0.0234330378686
5995.72957938	0.0234331007497
5996.04373864	0.0234330885441
5996.35789791	0.0234330842784
5996.67205717	0.0234331705386
5996.98621644	0.0234332366762
5997.3003757	0.0234331158731
5997.61453497	0.0234327304466
5997.92869423	0.0234325922196
5998.2428535	0.0234326231
5998.55701276	0.0234323891854
5998.87117203	0.0234321059996
5999.1853313	0.0234319512574
5999.49949056	0.0234318818447
5999.81364983	0.0234319607485
6000.12780909	0.0234317908445
6000.44196836	0.0234315669314
6000.75612762	0.0234316697844
6001.07028689	0.0234319356395
6001.38444615	0.023432050107
6001.69860542	0.0234320748838
6002.01276468	0.0234321677352
6002.32692395	0.0234323133213
6002.64108321	0.0234323671241
6002.95524248	0.0234323661849
6003.26940175	0.0234324136146
6003.58356101	0.0234323954245
6003.89772028	0.0234321973369
6004.21187954	0.0234321155509
6004.52603881	0.0234320468272
6004.84019807	0.0234318595645
6005.15435734	0.0234317144977
6005.4685166	0.0234316648458
6005.78267587	0.0234315926971
6006.09683513	0.0234315194658
6006.4109944	0.0234314299067
6006.72515366	0.0234313428817
6007.03931293	0.0234312569898
6007.35347219	0.0234310762723
6007.66763146	0.0234310409086
6007.98179073	0.0234311554841
6008.29594999	0.0234312278628
6008.61010926	0.0234312160554
6008.92426852	0.0234312055024
6009.23842779	0.0234311153932
6009.55258705	0.0234309356041
6009.86674632	0.0234309097149
6010.18090558	0.0234307833754
6010.49506485	0.0234305043491
6010.80922411	0.0234303789265
6011.12338338	0.0234303761431
6011.43754264	0.0234303315388
6011.75170191	0.0234302952918
6012.06586118	0.0234302635069
6012.38002044	0.0234302419448
6012.69417971	0.0234301850778
6013.00833897	0.0234301634901
6013.32249824	0.0234301238424
6013.6366575	0.0234300573344
6013.95081677	0.0234299914194
6014.26497603	0.0234299997685
6014.5791353	0.0234299420384
6014.89329456	0.0234299225632
6015.20745383	0.0234299717447
6015.52161309	0.023429941367
6015.83577236	0.0234298172219
6016.14993162	0.0234297258401
6016.46409089	0.023429624099
6016.77825016	0.0234295469858
6017.09240942	0.023429524389
6017.40656869	0.0234294253479
6017.72072795	0.0234293423454
6018.03488722	0.0234293779062
6018.34904648	0.0234294136038
6018.66320575	0.0234294523533
6018.97736501	0.0234295566291
6019.29152428	0.0234295837999
6019.60568354	0.0234295069176
6019.91984281	0.0234293933117
6020.23400207	0.0234292780249
6020.54816134	0.0234292243175
6020.86232061	0.0234290663441
6021.17647987	0.0234288199663
6021.49063914	0.0234286268024
6021.8047984	0.0234285718817
6022.11895767	0.0234284875332
6022.43311693	0.0234282870995
6022.7472762	0.0234281562169
6023.06143546	0.0234280875866
6023.37559473	0.0234280232174
6023.68975399	0.0234279807858
6024.00391326	0.0234279741499
6024.31807252	0.0234279901773
6024.63223179	0.0234279788261
6024.94639105	0.0234279959684
6025.26055032	0.0234280311006
6025.57470959	0.0234279329295
6025.88886885	0.023427794641
6026.20302812	0.0234277586743
6026.51718738	0.0234276741765
6026.83134665	0.0234274555458
6027.14550591	0.0234272769223
6027.45966518	0.0234271530418
6027.77382444	0.0234269857615
6028.08798371	0.0234267385385
6028.40214297	0.0234266661955
6028.71630224	0.0234268013236
6029.0304615	0.0234267936779
6029.34462077	0.0234267160817
6029.65878004	0.0234268107577
6029.9729393	0.0234269531464
6030.28709857	0.0234270070847
6030.60125783	0.0234270650198
6030.9154171	0.0234271573139
6031.22957636	0.0234272591161
6031.54373563	0.0234274297359
6031.85789489	0.0234275906119
6032.17205416	0.0234275761243
6032.48621342	0.023427327381
6032.80037269	0.0234271753516
6033.11453195	0.023427138603
6033.42869122	0.0234269058142
6033.74285048	0.0234266255833
6034.05700975	0.0234264342848
6034.37116902	0.0234263168873
6034.68532828	0.0234262972525
6034.99948755	0.0234261559713
6035.31364681	0.0234259465743
6035.62780608	0.0234259775089
6035.94196534	0.0234261677256
6036.25612461	0.0234262566874
6036.57028387	0.0234262776184
6036.88444314	0.0234263232548
6037.1986024	0.0234263478541
6037.51276167	0.0234263657106
6037.82692093	0.0234263742069
6038.1410802	0.0234262894732
6038.45523947	0.0234261695108
6038.76939873	0.0234260787456
6039.083558	0.0234260413852
6039.39771726	0.0234259028604
6039.71187653	0.0234257320889
6040.02603579	0.0234256178802
6040.34019506	0.0234255694645
6040.65435432	0.0234255779291
6040.96851359	0.0234256106512
6041.28267285	0.0234255478053
6041.59683212	0.0234255233061
6041.91099138	0.0234256041104
6042.22515065	0.0234255416369
6042.53930991	0.0234255538303
6042.85346918	0.0234257796571
6043.16762845	0.0234260131518
6043.48178771	0.0234261180021
6043.79594698	0.0234262045606
6044.11010624	0.023426239457
6044.42426551	0.0234263064442
6044.73842477	0.0234262145543
6045.05258404	0.0234259640162
6045.3667433	0.0234258619101
6045.68090257	0.0234258410178
6045.99506183	0.0234257255004
6046.3092211	0.0234256652379
6046.62338036	0.0234257507737
6046.93753963	0.0234257985768
6047.2516989	0.0234257773925
6047.56585816	0.0234257770491
6047.88001743	0.0234258095759
6048.19417669	0.0234257410844
6048.50833596	0.0234255523577
6048.82249522	0.0234255292908
6049.13665449	0.0234253789758
6049.45081375	0.0234251382499
6049.76497302	0.0234251375989
6050.07913228	0.0234251740502
6050.39329155	0.0234249507299
6050.70745081	0.0234248217687
6051.02161008	0.0234248080106
6051.33576935	0.0234246723662
6051.64992861	0.0234245422249
6051.96408788	0.023424582614
6052.27824714	0.0234246228224
6052.59240641	0.0234245492214
6052.90656567	0.0234244800655
6053.22072494	0.0234246526819
6053.5348842	0.0234249299322
6053.84904347	0.0234249673608
6054.16320273	0.023424855172
6054.477362	0.0234249169276
6054.79152126	0.0234249269953
6055.10568053	0.0234247428468
6055.41983979	0.0234247691443
6055.73399906	0.0234247844766
6056.04815833	0.0234245061173
6056.36231759	0.0234243965653
6056.67647686	0.0234245024155
6056.99063612	0.0234245113409
6057.30479539	0.0234244258213
6057.61895465	0.0234244000312
6057.93311392	0.0234244041859
6058.24727318	0.0234244336631
6058.56143245	0.0234244708991
6058.87559171	0.0234244883546
6059.18975098	0.0234245445622
6059.50391024	0.0234245949513
6059.81806951	0.0234246879442
6060.13222878	0.0234247679854
6060.44638804	0.0234246949798
6060.76054731	0.0234245847529
6061.07470657	0.0234245806016
6061.38886584	0.0234243152129
6061.7030251	0.0234239020768
6062.01718437	0.023423776723
6062.33134363	0.0234237037367
6062.6455029	0.0234234351773
6062.95966216	0.0234231574991
6063.27382143	0.023423082785
6063.58798069	0.0234230933492
6063.90213996	0.0234230698011
6064.21629922	0.0234230067637
6064.53045849	0.0234229876588
6064.84461776	0.0234230331487
6065.15877702	0.0234230630453
6065.47293629	0.0234230861278
6065.78709555	0.0234230945757
6066.10125482	0.0234231117974
6066.41541408	0.0234232139023
6066.72957335	0.0234232863462
6067.04373261	0.0234232313481
6067.35789188	0.0234230288642
6067.67205114	0.0234229423029
6067.98621041	0.0234228728575
6068.30036967	0.0234227595492
6068.61452894	0.0234226467502
6068.92868821	0.0234223709274
6069.24284747	0.0234223426977
6069.55700674	0.0234224777134
6069.871166	0.0234222442533
6070.18532527	0.0234220983495
6070.49948453	0.0234222829642
6070.8136438	0.0234224603412
6071.12780306	0.0234224684281
6071.44196233	0.0234224728735
6071.75612159	0.0234225837564
6072.07028086	0.0234226988319
6072.38444012	0.0234227267887
6072.69859939	0.0234227947648
6073.01275865	0.0234229402531
6073.32691792	0.0234230292873
6073.64107719	0.0234229084576
6073.95523645	0.0234225951285
6074.26939572	0.023422464562
6074.58355498	0.0234223457413
6074.89771425	0.0234221821861
6075.21187351	0.0234219925741
6075.52603278	0.0234218332974
6075.84019204	0.0234217695509
6076.15435131	0.0234217128
6076.46851057	0.0234216041446
6076.78266984	0.0234214588923
6077.0968291	0.0234213956608
6077.41098837	0.0234214562111
6077.72514764	0.023421548351
6078.0393069	0.0234216292505
6078.35346617	0.0234216493561
6078.66762543	0.023421630008
6078.9817847	0.0234214687877
6079.29594396	0.0234213899739
6079.61010323	0.0234213225131
6079.92426249	0.0234210526228
6080.23842176	0.0234208243718
6080.55258102	0.023420779732
6080.86674029	0.023420752371
6081.18089955	0.023420698772
6081.49505882	0.0234207304294
6081.80921808	0.0234208039988
6082.12337735	0.0234208360658
6082.43753662	0.02342079641
6082.75169588	0.0234207565438
6083.06585515	0.0234207258009
6083.38001441	0.0234206401556
6083.69417368	0.0234205373936
6084.00833294	0.0234205456681
6084.32249221	0.0234206213923
6084.63665147	0.0234206738827
6084.95081074	0.0234206790142
6085.26497	0.0234206244773
6085.57912927	0.0234205582869
6085.89328853	0.0234205526193
6086.2074478	0.0234204879122
6086.52160707	0.023420352949
6086.83576633	0.0234202711763
6087.1499256	0.0234201731039
6087.46408486	0.0234200637586
6087.77824413	0.0234200252207
6088.09240339	0.0234200001245
6088.40656266	0.0234200594961
6088.72072192	0.0234201196529
6089.03488119	0.0234200679517
6089.34904045	0.0234200130835
6089.66319972	0.0234198459522
6089.97735898	0.0234197922044
6090.29151825	0.023419733903
6090.60567751	0.0234194376627
6090.91983678	0.0234192577015
6091.23399605	0.0234191982082
6091.54815531	0.0234191279358
6091.86231458	0.0234190122958
6092.17647384	0.0234188268704
6092.49063311	0.0234186915296
6092.80479237	0.0234186251841
6093.11895164	0.023418583176
6093.4331109	0.0234185560112
6093.74727017	0.0234185160257
6094.06142943	0.0234185037663
6094.3755887	0.0234185432482
6094.68974796	0.0234186235776
6095.00390723	0.0234186814048
6095.3180665	0.0234186011576
6095.63222576	0.0234185383452
6095.94638503	0.0234186215404
6096.26054429	0.0234184772793
6096.57470356	0.0234181253736
6096.88886282	0.0234182051652
6097.20302209	0.0234180530112
6097.51718135	0.0234176525931
6097.83134062	0.0234175066502
6098.14549988	0.0234175857688
6098.45965915	0.0234176529329
6098.77381841	0.023417572943
6099.08797768	0.0234175259352
6099.40213694	0.0234176430661
6099.71629621	0.0234177630672
6100.03045548	0.023417797611
6100.34461474	0.0234178307773
6100.65877401	0.0234178943842
6100.97293327	0.0234179504983
6101.28709254	0.0234180467274
6101.6012518	0.0234181943292
6101.91541107	0.0234181316478
6102.22957033	0.0234178747635
6102.5437296	0.0234177309399
6102.85788886	0.0234176404254
6103.17204813	0.0234174286345
6103.48620739	0.0234171469529
6103.80036666	0.0234169418321
6104.11452593	0.0234168697526
6104.42868519	0.0234167284406
6104.74284446	0.0234165148425
6105.05700372	0.0234164500741
6105.37116299	0.0234165442927
6105.68532225	0.0234166223976
6105.99948152	0.0234166473796
6106.31364078	0.0234167032757
6106.62780005	0.0234167356352
6106.94195931	0.0234167255163
6107.25611858	0.0234167296665
6107.57027784	0.0234167377104
6107.88443711	0.0234167195829
6108.19859637	0.0234165937119
6108.51275564	0.023416406004
6108.82691491	0.0234164646597
6109.14107417	0.0234164316642
6109.45523344	0.0234162398908
6109.7693927	0.0234160924601
6110.08355197	0.0234160674566
6110.39771123	0.0234160426939
6110.7118705	0.0234159087934
6111.02602976	0.0234158571698
6111.34018903	0.0234158644324
6111.65434829	0.0234157274783
6111.96850756	0.0234156805797
6112.28266682	0.0234158539329
6112.59682609	0.0234160148964
6112.91098536	0.0234160681974
6113.22514462	0.0234161915777
6113.53930389	0.0234163675426
6113.85346315	0.0234164080564
6114.16762242	0.0234163835636
6114.48178168	0.0234164287733
6114.79594095	0.0234163237732
6115.11010021	0.0234160575862
6115.42425948	0.0234159569295
6115.73841874	0.023415940343
6116.05257801	0.0234157999969
6116.36673727	0.0234156781911
6116.68089654	0.0234156881404
6116.99505581	0.0234156009698
6117.30921507	0.0234155141583
6117.62337434	0.0234155094255
6117.9375336	0.0234154357527
6118.25169287	0.0234153673648
6118.56585213	0.0234152991566
6118.8800114	0.0234152321071
6119.19417066	0.023415214641
6119.50832993	0.0234152306716
6119.82248919	0.0234152032943
6120.13664846	0.0234150796769
6120.45080772	0.0234149073248
6120.76496699	0.0234148118819
6121.07912625	0.0234147360904
6121.39328552	0.0234146031379
6121.70744479	0.0234144922465
6122.02160405	0.0234144572611
6122.33576332	0.0234144309852
6122.64992258	0.023414343796
6122.96408185	0.0234143926573
6123.27824111	0.0234146542697
6123.59240038	0.0234147452541
6123.90655964	0.0234147037528
6124.22071891	0.0234147550969
6124.53487817	0.0234148556007
6124.84903744	0.02341466296
6125.1631967	0.0234146969309
6125.47735597	0.0234147023068
6125.79151524	0.0234144709216
6126.1056745	0.0234143925768
6126.41983377	0.0234144635253
6126.73399303	0.0234144428279
6127.0481523	0.0234143150157
6127.36231156	0.0234142144087
6127.67647083	0.0234142313794
6127.99063009	0.0234143090212
6128.30478936	0.0234143391019
6128.61894862	0.0234143369252
6128.93310789	0.0234144446106
6129.24726715	0.0234145872614
6129.56142642	0.0234146149549
6129.87558568	0.0234144933819
6130.18974495	0.0234144681401
6130.50390422	0.0234145876659
6130.81806348	0.0234144317783
6131.13222275	0.0234140082976
6131.44638201	0.0234138071464
6131.76054128	0.0234138256592
6132.07470054	0.0234135277133
6132.38885981	0.023413214516
6132.70301907	0.023413180406
6133.01717834	0.023413186476
6133.3313376	0.0234130926076
6133.64549687	0.0234130650758
6133.95965613	0.023413105734
6134.2738154	0.0234130971953
6134.58797467	0.0234130760285
6134.90213393	0.0234131640681
6135.2162932	0.0234132737836
6135.53045246	0.0234132871783
6135.84461173	0.0234133151691
6136.15877099	0.0234134660499
6136.47293026	0.0234136060358
6136.78708952	0.02341364062
6137.10124879	0.0234135162768
6137.41540805	0.0234134155227
6137.72956732	0.023413349286
6138.04372658	0.0234132770741
6138.35788585	0.0234130876574
6138.67204511	0.0234128997925
6138.98620438	0.0234129000974
6139.30036365	0.0234128686966
6139.61452291	0.02341276701
6139.92868218	0.0234127999605
6140.24284144	0.0234129443276
6140.55700071	0.0234130794939
6140.87115997	0.0234131561546
6141.18531924	0.0234132149126
6141.4994785	0.0234132924899
6141.81363777	0.023413355276
6142.12779703	0.0234133871339
6142.4419563	0.023413392921
6142.75611556	0.0234133688255
6143.07027483	0.0234133253918
6143.3844341	0.0234132562684
6143.69859336	0.0234131280888
6144.01275263	0.0234129272131
6144.32691189	0.0234127074559
6144.64107116	0.0234125862138
6144.95523042	0.023412485998
6145.26938969	0.0234123737791
6145.58354895	0.0234122698007
6145.89770822	0.0234121851289
6146.21186748	0.0234120947619
6146.52602675	0.0234119547835
6146.84018601	0.0234119239672
6147.15434528	0.0234120016655
6147.46850454	0.0234120515631
6147.78266381	0.0234120921326
6148.09682308	0.0234121287768
6148.41098234	0.0234121161194
6148.72514161	0.0234120637532
6149.03930087	0.0234119816179
6149.35346014	0.0234119505301
6149.6676194	0.0234118010317
6149.98177867	0.0234115975082
6150.29593793	0.0234114952529
6150.6100972	0.0234114658242
6150.92425646	0.0234115070604
6151.23841573	0.0234114830121
6151.55257499	0.0234115025122
6151.86673426	0.0234116001625
6152.18089353	0.0234115498835
6152.49505279	0.023411521864
6152.80921206	0.0234115190867
6153.12337132	0.0234113276935
6153.43753059	0.0234112607544
6153.75168985	0.0234113898201
6154.06584912	0.0234114398524
6154.38000838	0.0234114313175
6154.69416765	0.0234114153376
6155.00832691	0.023411385652
6155.32248618	0.0234114232222
6155.63664544	0.0234114028345
6155.95080471	0.0234112737655
6156.26496397	0.0234112076545
6156.57912324	0.0234111189854
6156.89328251	0.023410944073
6157.20744177	0.0234108052802
6157.52160104	0.023410746228
6157.8357603	0.0234107243618
6158.14991957	0.0234107447444
6158.46407883	0.0234107050292
6158.7782381	0.0234106306978
6159.09239736	0.0234105367128
6159.40655663	0.0234103477741
6159.72071589	0.0234103665339
6160.03487516	0.0234101426665
6160.34903442	0.0234098835999
6160.66319369	0.0234099117227
6160.97735296	0.0234098644999
6161.29151222	0.0234096568769
6161.60567149	0.0234095332246
6161.91983075	0.0234093852941
6162.23399002	0.0234092139826
6162.54814928	0.0234091202078
6162.86230855	0.0234090855218
6163.17646781	0.0234090733943
6163.49062708	0.0234090623848
6163.80478634	0.0234090397516
6164.11894561	0.0234090968408
6164.43310487	0.0234092331932
6164.74726414	0.0234092859381
6165.0614234	0.0234092122554
6165.37558267	0.0234091895625
6165.68974194	0.0234092785213
6166.0039012	0.0234091542434
6166.31806047	0.0234088365018
6166.63221973	0.023408854362
6166.946379	0.0234087734563
6167.26053826	0.0234083976195
6167.57469753	0.023408250885
6167.88885679	0.0234084061427
6168.20301606	0.0234084082947
6168.51717532	0.0234082303917
6168.83133459	0.0234082294725
6169.14549385	0.0234083504949
6169.45965312	0.0234083579419
6169.77381239	0.0234083381547
6170.08797165	0.0234083816811
6170.40213092	0.0234084288865
6170.71629018	0.023408468621
6171.03044945	0.0234085608688
6171.34460871	0.0234086669773
6171.65876798	0.0234086306619
6171.97292724	0.0234083966967
6172.28708651	0.0234082811729
6172.60124577	0.0234081360599
6172.91540504	0.0234078198588
6173.2295643	0.0234075432282
6173.54372357	0.0234074628562
6173.85788283	0.023407328546
6174.1720421	0.0234070216413
6174.48620137	0.0234068348546
6174.80036063	0.0234068931775
6175.1145199	0.0234069858459
6175.42867916	0.0234069727478
6175.74283843	0.0234069879379
6176.05699769	0.0234070981299
6176.37115696	0.0234071637944
6176.68531622	0.0234071407311
6176.99947549	0.0234071709122
6177.31363475	0.0234072588584
6177.62779402	0.0234072771191
6177.94195328	0.0234072028068
6178.25611255	0.0234070193757
6178.57027182	0.0234070249323
6178.88443108	0.0234069571724
6179.19859035	0.0234065831893
6179.51274961	0.0234064458175
6179.82690888	0.0234064618159
6180.14106814	0.0234063322575
6180.45522741	0.0234062133144
6180.76938667	0.0234061944239
6181.08354594	0.0234061017347
6181.3977052	0.0234060474271
6181.71186447	0.0234061596552
6182.02602373	0.0234063131335
6182.340183	0.0234063893448
6182.65434227	0.0234064477255
6182.96850153	0.0234065462616
6183.2826608	0.0234065834361
6183.59682006	0.0234065406709
6183.91097933	0.0234066006635
6184.22513859	0.0234065124499
6184.53929786	0.0234061994008
6184.85345712	0.0234060518258
6185.16761639	0.0234060238562
6185.48177565	0.0234058722029
6185.79593492	0.0234056590906
6186.11009418	0.0234056065715
6186.42425345	0.023405673833
6186.73841271	0.0234057139302
6187.05257198	0.023405601483
6187.36673125	0.023405471682
6187.68089051	0.0234055422838
6187.99504978	0.0234053802835
6188.30920904	0.0234051830055
6188.62336831	0.0234052717638
6188.93752757	0.0234053698008
6189.25168684	0.0234052468894
6189.5658461	0.0234050621892
6189.88000537	0.0234049729222
6190.19416463	0.023404965183
6190.5083239	0.0234048728571
6190.82248316	0.0234047871137
6191.13664243	0.0234048298381
6191.4508017	0.0234048955592
6191.76496096	0.023404834395
6192.07912023	0.0234047426966
6192.39327949	0.0234047001118
6192.70743876	0.0234046841773
6193.02159802	0.023404730538
6193.33575729	0.0234047939138
6193.64991655	0.0234048369924
6193.96407582	0.023404856038
6194.27823508	0.0234048813906
6194.59239435	0.0234049555658
6194.90655361	0.0234049677696
6195.22071288	0.0234049362727
6195.53487214	0.0234049347664
6195.84903141	0.0234049848754
6196.16319068	0.0234050328873
6196.47734994	0.0234048819108
6196.79150921	0.023404768152
6197.10566847	0.0234046919133
6197.41982774	0.0234045581848
6197.733987	0.0234044918728
6198.04814627	0.0234045130788
6198.36230553	0.0234045465169
6198.6764648	0.0234045250591
6198.99062406	0.0234045567243
6199.30478333	0.023404715728
6199.61894259	0.0234047443124
6199.93310186	0.0234045343336
6200.24726113	0.0234045333897
6200.56142039	0.0234045369901
6200.87557966	0.023404267658
6201.18973892	0.023403995517
6201.50389819	0.023403974062
6201.81805745	0.0234037491159
6202.13221672	0.0234034528813
6202.44637598	0.0234033470034
6202.76053525	0.0234033687501
6203.07469451	0.0234033520134
6203.38885378	0.0234032961369
6203.70301304	0.023403284054
6204.01717231	0.0234033410329
6204.33133157	0.0234034379667
6204.64549084	0.0234034997614
6204.95965011	0.0234035261059
6205.27380937	0.0234036115617
6205.58796864	0.0234037790284
6205.9021279	0.0234039448315
6206.21628717	0.0234040221333
6206.53044643	0.023403964401
6206.8446057	0.0234038880426
6207.15876496	0.0234038611847
6207.47292423	0.0234037215545
6207.78708349	0.0234035115075
6208.10124276	0.0234033721775
6208.41540202	0.023403291658
6208.72956129	0.0234031382279
6209.04372056	0.0234029814546
6209.35787982	0.0234029564141
6209.67203909	0.0234030225111
6209.98619835	0.0234030604315
6210.30035762	0.0234030999528
6210.61451688	0.0234031923193
6210.92867615	0.0234032574307
6211.24283541	0.0234032536597
6211.55699468	0.0234032751188
6211.87115394	0.0234033688599
6212.18531321	0.0234034009977
6212.49947247	0.0234032975235
6212.81363174	0.0234031656907
6213.127791	0.0234031087425
6213.44195027	0.0234029913701
6213.75610954	0.02340274767
6214.0702688	0.0234024804662
6214.38442807	0.0234024193187
6214.69858733	0.023402361768
6215.0127466	0.0234022161287
6215.32690586	0.0234021044276
6215.64106513	0.0234020947678
6215.95522439	0.0234020359568
6216.26938366	0.0234019219598
6216.58354292	0.0234019680584
6216.89770219	0.023402120598
6217.21186145	0.0234022104654
6217.52602072	0.0234022674566
6217.84017999	0.02340237956
6218.15433925	0.0234024128076
6218.46849852	0.0234024174663
6218.78265778	0.023402468966
6219.09681705	0.0234024604128
6219.41097631	0.023402294465
6219.72513558	0.0234021282887
6220.03929484	0.0234020952679
6220.35345411	0.0234020758912
6220.66761337	0.02340203097
6220.98177264	0.0234020321311
6221.2959319	0.0234021076237
6221.61009117	0.0234021554821
6221.92425043	0.0234021437778
6222.2384097	0.0234021719924
6222.55256897	0.0234021701439
6222.86672823	0.0234021116639
6223.1808875	0.0234020491347
6223.49504676	0.0234021011409
6223.80920603	0.0234022325347
6224.12336529	0.0234022842984
6224.43752456	0.0234022503193
6224.75168382	0.0234022280758
6225.06584309	0.0234021937595
6225.38000235	0.0234020978542
6225.69416162	0.0234019843884
6226.00832088	0.0234018331297
6226.32248015	0.0234017400968
6226.63663942	0.0234016263271
6226.95079868	0.0234014078155
6227.26495795	0.0234012697114
6227.57911721	0.0234013698573
6227.89327648	0.0234014317948
6228.20743574	0.0234013115849
6228.52159501	0.0234012271059
6228.83575427	0.0234011327568
6229.14991354	0.0234010167121
6229.4640728	0.0234009885968
6229.77823207	0.0234007057673
6230.09239133	0.0234005082338
6230.4065506	0.0234005717907
6230.72070986	0.0234005477597
6231.03486913	0.0234003452512
6231.3490284	0.0234002003079
6231.66318766	0.0234000987146
6231.97734693	0.0233999732362
6232.29150619	0.0233998717362
6232.60566546	0.0233998408498
6232.91982472	0.0233998692396
6233.23398399	0.0233999109207
6233.54814325	0.0233999281693
6233.86230252	0.0234000188754
6234.17646178	0.0234001544084
6234.49062105	0.023400149762
6234.80478031	0.0233999902456
6235.11893958	0.02340004023
6235.43309885	0.0234001023095
6235.74725811	0.0233999703477
6236.06141738	0.0233997316089
6236.37557664	0.0233998168954
6236.68973591	0.0233996647462
6237.00389517	0.0233993364262
6237.31805444	0.0233993181214
6237.6322137	0.023399425543
6237.94637297	0.0233993329267
6238.26053223	0.0233991735794
6238.5746915	0.0233991088246
6238.88885076	0.0233991112726
6239.20301003	0.0233991067611
6239.5171693	0.0233990696435
6239.83132856	0.0233990495493
6240.14548783	0.0233990760881
6240.45964709	0.0233991483191
6240.77380636	0.0233992542325
6241.08796562	0.0233993151773
6241.40212489	0.023399261607
6241.71628415	0.0233990735491
6242.03044342	0.0233989757912
6242.34460268	0.0233988178142
6242.65876195	0.0233984533743
6242.97292121	0.0233982114756
6243.28708048	0.0233981745013
6243.60123974	0.0233979246566
6243.91539901	0.0233975773451
6244.22955828	0.0233974960986
6244.54371754	0.0233975848267
6244.85787681	0.0233975979653
6245.17203607	0.0233975775663
6245.48619534	0.0233976363141
6245.8003546	0.0233977530053
6246.11451387	0.0233978145025
6246.42867313	0.0233978323347
6246.7428324	0.0233978682426
6247.05699166	0.0233979569201
6247.37115093	0.0233980614711
6247.68531019	0.0233980556027
6247.99946946	0.0233978725361
6248.31362873	0.0233978159548
6248.62778799	0.023397780006
6248.94194726	0.0233974623085
6249.25610652	0.0233973048476
6249.57026579	0.0233972979514
6249.88442505	0.0233971200111
6250.19858432	0.0233970230688
6250.51274358	0.0233970444585
6250.82690285	0.0233968852357
6251.14106211	0.0233967746095
6251.45522138	0.0233969045124
6251.76938064	0.0233970697469
6252.08353991	0.0233971074645
6252.39769917	0.0233971414319
6252.71185844	0.0233972314451
6253.02601771	0.023397288274
6253.34017697	0.0233972288065
6253.65433624	0.0233972135828
6253.9684955	0.0233971919713
6254.28265477	0.023396910412
6254.59681403	0.0233966054192
6254.9109733	0.0233965633289
6255.22513256	0.0233964873544
6255.53929183	0.0233962537559
6255.85345109	0.0233960857758
6256.16761036	0.0233960526565
6256.48176962	0.0233959599121
6256.79592889	0.0233957803578
6257.11008816	0.0233957356456
6257.42424742	0.0233956275899
6257.73840669	0.0233953959858
6258.05256595	0.0233953474515
6258.36672522	0.0233954844565
6258.68088448	0.0233955264608
6258.99504375	0.0233955058536
6259.30920301	0.0233955110895
6259.62336228	0.0233954527776
6259.93752154	0.0233954032622
6260.25168081	0.0233954786638
6260.56584007	0.0233953120067
6260.87999934	0.0233951314444
6261.1941586	0.023395157619
6261.50831787	0.0233951676656
6261.82247714	0.0233949893849
6262.1366364	0.023394887745
6262.45079567	0.0233949260186
6262.76495493	0.0233950122718
6263.0791142	0.0233950327044
6263.39327346	0.023395049743
6263.70743273	0.023395053304
6264.02159199	0.0233950546881
6264.33575126	0.0233951380204
6264.64991052	0.0233950617661
6264.96406979	0.0233950526639
6265.27822905	0.0233952209245
6265.59238832	0.0233953274155
6265.90654759	0.0233952547141
6266.22070685	0.0233951590256
6266.53486612	0.023395085524
6266.84902538	0.0233949129829
6267.16318465	0.0233948036961
6267.47734391	0.023394790095
6267.79150318	0.0233947717396
6268.10566244	0.02339471305
6268.41982171	0.0233947327437
6268.73398097	0.0233948781639
6269.04814024	0.0233949865371
6269.3622995	0.0233949256845
6269.67645877	0.0233947857537
6269.99061803	0.0233948922331
6270.3047773	0.0233948917013
6270.61893657	0.0233945546935
6270.93309583	0.0233943611523
6271.2472551	0.0233944566491
6271.56141436	0.0233941237107
6271.87557363	0.0233937983008
6272.18973289	0.0233938621308
6272.50389216	0.0233939539083
6272.81805142	0.0233938509235
6273.13221069	0.0233937694935
6273.44636995	0.0233938340615
6273.76052922	0.0233938828651
6274.07468848	0.02339390991
6274.38884775	0.0233939879262
6274.70300702	0.0233940462074
6275.01716628	0.0233941142183
6275.33132555	0.0233942877659
6275.64548481	0.0233944702573
6275.95964408	0.0233945420224
6276.27380334	0.0233945476863
6276.58796261	0.0233945517043
6276.90212187	0.0233945929029
6277.21628114	0.0233944259665
6277.5304404	0.0233941302713
6277.84459967	0.023394165785
6278.15875893	0.0233940855662
6278.4729182	0.0233937104585
6278.78707746	0.0233935224755
6279.10123673	0.0233936013853
6279.415396	0.0233936573271
6279.72955526	0.0233936113222
6280.04371453	0.0233936075979
6280.35787379	0.0233937185834
6280.67203306	0.0233937925555
6280.98619232	0.0233937576795
6281.30035159	0.0233937395728
6281.61451085	0.0233938132676
6281.92867012	0.023393826104
6282.24282938	0.0233937164235
6282.55698865	0.0233935674955
6282.87114791	0.0233934814778
6283.18530718	0.0233934068878
