0.314159265359	0.0268000799105
0.628318530718	0.0268002203446
0.942477796077	0.0268002717233
1.25663706144	0.0268002512811
1.5707963268	0.0268002598179
1.88495559215	0.0268003207713
2.19911485751	0.0268003923501
2.51327412287	0.0268004539501
2.82743338823	0.0268005199871
3.14159265359	0.0268006003131
3.45575191895	0.0268006866684
3.76991118431	0.0268007685711
4.08407044967	0.0268008436347
4.39822971503	0.0268009112141
4.71238898039	0.0268009659144
5.02654824574	0.0268009803766
5.3407075111	0.0268007389828
5.65486677646	0.0268000840912
5.96902604182	0.0267998477849
6.28318530718	0.0267984220901
6.59734457254	0.0267968144115
6.9115038379	0.0267966040002
7.22566310326	0.026795850822
7.53982236862	0.0267942565888
7.85398163397	0.0267933432549
8.16814089933	0.0267929257948
8.48230016469	0.0267921644377
8.79645943005	0.026791199096
9.11061869541	0.0267905383914
9.42477796077	0.026790161692
9.73893722613	0.0267898201738
10.0530964915	0.0267895041624
10.3672557568	0.0267893048325
10.6814150222	0.0267892297915
10.9955742876	0.0267892700251
11.3097335529	0.026789458412
11.6238928183	0.0267898355274
11.9380520836	0.0267903779432
12.252211349	0.0267910011345
12.5663706144	0.0267916528608
12.8805298797	0.0267922974584
13.1946891451	0.0267929357181
13.5088484104	0.0267935815248
13.8230076758	0.0267942158993
14.1371669412	0.026794783418
14.4513262065	0.0267953922874
14.7654854719	0.0267960353989
15.0796447372	0.0267965404328
15.3938040026	0.0267968536489
15.7079632679	0.0267970506989
16.0221225333	0.0267970741678
16.3362817987	0.0267973538963
16.650441064	0.0267977314072
16.9646003294	0.0267976072973
17.2787595947	0.0267978013946
17.5929188601	0.0267985585488
17.9070781255	0.0267995843666
18.2212373908	0.0268005150047
18.5353966562	0.0268014505247
18.8495559215	0.0268025200207
19.1637151869	0.0268035872993
19.4778744523	0.0268045534363
19.7920337176	0.0268052763454
20.106192983	0.0268058154485
20.4203522483	0.0268068824849
20.7345115137	0.0268077568736
21.0486707791	0.026808268655
21.3628300444	0.0268089142063
21.6769893098	0.0268099213534
21.9911485751	0.0268110883617
22.3053078405	0.0268122193096
22.6194671058	0.026813298842
22.9336263712	0.0268144884746
23.2477856366	0.0268157753413
23.5619449019	0.0268166349449
23.8761041673	0.0268171955805
24.1902634326	0.0268174911723
24.504422698	0.0268178190949
24.8185819634	0.0268184855637
25.1327412287	0.0268191787367
25.4469004941	0.0268198604327
25.7610597594	0.0268207936765
26.0752190248	0.0268220542866
26.3893782902	0.0268234360806
26.7035375555	0.026824837734
27.0176968209	0.0268261723282
27.3318560862	0.0268274369506
27.6460153516	0.0268288776624
27.960174617	0.0268303631792
28.2743338823	0.0268314763412
28.5884931477	0.0268318451918
28.902652413	0.0268326384546
29.2168116784	0.0268331550813
29.5309709437	0.0268335212307
29.8451302091	0.026834509799
30.1592894745	0.0268357260636
30.4734487398	0.0268365689712
30.7876080052	0.0268375126191
31.1017672705	0.0268389733728
31.4159265359	0.0268406170033
31.7300858013	0.0268421400932
32.0442450666	0.0268432916415
32.358404332	0.0268445136468
32.6725635973	0.0268460430174
32.9867228627	0.0268473617689
33.3008821281	0.0268487173324
33.6150413934	0.0268500826289
33.9292006588	0.0268504728858
34.2433599241	0.0268513192385
34.5575191895	0.0268529540323
34.8716784548	0.0268533638594
35.1858377202	0.0268538239536
35.4999969856	0.0268553179723
35.8141562509	0.0268566756915
36.1283155163	0.0268578036703
36.4424747816	0.0268591238449
36.756634047	0.0268607504266
37.0707933124	0.0268624417962
37.3849525777	0.0268640263315
37.6991118431	0.0268656946697
38.0132711084	0.02686679006
38.3274303738	0.0268677157151
38.6415896392	0.0268688305811
38.9557489045	0.026870013186
39.2699081699	0.0268712481866
39.5840674352	0.0268726877621
39.8982267006	0.0268743334804
40.212385966	0.0268758537587
40.5265452313	0.0268773410285
40.8407044967	0.0268787746321
41.154863762	0.0268804746947
41.4690230274	0.0268822559717
41.7831822927	0.026883635046
42.0973415581	0.026885218814
42.4115008235	0.0268865680764
42.7256600888	0.026887514217
43.0398193542	0.0268889544329
43.3539786195	0.0268904788032
43.6681378849	0.0268913905279
43.9822971503	0.0268922380979
44.2964564156	0.0268934954204
44.610615681	0.0268945452262
44.9247749463	0.0268954411647
45.2389342117	0.026896756285
45.5530934771	0.0268981875245
45.8672527424	0.0268996974457
46.1814120078	0.0269015551492
46.4955712731	0.0269035212627
46.8097305385	0.0269053046631
47.1238898038	0.0269070765187
47.4380490692	0.0269086361006
47.7522083346	0.026909699661
48.0663675999	0.0269106098088
48.3805268653	0.0269116269168
48.6946861306	0.0269128075831
49.008845396	0.026914055342
49.3230046614	0.0269152230703
49.6371639267	0.0269162045844
49.9513231921	0.0269175563892
50.2654824574	0.0269191542889
50.5796417228	0.0269199560419
50.8938009882	0.0269207028079
51.2079602535	0.0269221205269
51.5221195189	0.0269237978258
51.8362787842	0.0269251591437
52.1504380496	0.0269264301358
52.464597315	0.0269279241461
52.7787565803	0.026929242096
53.0929158457	0.0269303943489
53.407075111	0.0269318571903
53.7212343764	0.0269331325361
54.0353936417	0.0269335208512
54.3495529071	0.0269344468126
54.6637121725	0.0269357911884
54.9778714378	0.0269364475632
55.2920307032	0.0269370980708
55.6061899685	0.0269380869637
55.9203492339	0.0269386938663
56.2345084993	0.0269397890378
56.5486677646	0.0269418446706
56.86282703	0.0269431581327
57.1769862953	0.0269433708411
57.4911455607	0.0269448677655
57.8053048261	0.0269454278094
58.1194640914	0.0269448514483
58.4336233568	0.0269453535045
58.7477826221	0.02694641554
59.0619418875	0.0269471089575
59.3761011529	0.0269475381309
59.6902604182	0.026947892991
60.0044196836	0.0269481082919
60.3185789489	0.0269490468873
60.6327382143	0.0269501503813
60.9468974796	0.0269503757146
61.261056745	0.0269503250206
61.5752160104	0.0269508334805
61.8893752757	0.0269517290978
62.2035345411	0.0269517781899
62.5176938064	0.0269513055626
62.8318530718	0.0269511345884
63.1460123372	0.0269506579068
63.4601716025	0.0269502637105
63.7743308679	0.0269496925285
64.0884901332	0.0269489249055
64.4026493986	0.0269482846069
64.716808664	0.0269478344551
65.0309679293	0.0269470036252
65.3451271947	0.026945822867
65.65928646	0.026944921935
65.9734457254	0.0269441043109
66.2876049907	0.026943184696
66.6017642561	0.026942518416
66.9159235215	0.0269418361635
67.2300827868	0.0269408687148
67.5442420522	0.026939780432
67.8584013175	0.0269384418734
68.1725605829	0.0269359284264
68.4867198483	0.0269339399064
68.8008791136	0.0269326522411
69.115038379	0.0269309714239
69.4291976443	0.0269286431445
69.7433569097	0.0269264934254
70.0575161751	0.0269251549643
70.3716754404	0.0269233250952
70.6858347058	0.0269208217541
70.9999939711	0.0269185818032
71.3141532365	0.0269164449097
71.6283125019	0.0269146435769
71.9424717672	0.0269121578585
72.2566310326	0.0269088591446
72.5707902979	0.0269059887772
72.8849495633	0.0269035733294
73.1991088286	0.0269009384936
73.513268094	0.0268978616639
73.8274273594	0.0268946904451
74.1415866247	0.0268916503572
74.4557458901	0.0268886728618
74.7699051554	0.0268859069906
75.0840644208	0.0268831227549
75.3982236862	0.0268799364331
75.7123829515	0.0268769407383
76.0265422169	0.0268750295964
76.3407014822	0.0268731904451
76.6548607476	0.0268702819989
76.969020013	0.026866319196
77.2831792783	0.0268639305796
77.5973385437	0.0268607162382
77.911497809	0.0268567805666
78.2256570744	0.0268538659245
78.5398163398	0.0268515712472
78.8539756051	0.0268485379214
79.1681348705	0.0268451497076
79.4822941358	0.0268423759545
79.7964534012	0.0268398864491
80.1106126665	0.026837053025
80.4247719319	0.0268341526775
80.7389311973	0.0268314851503
81.0530904626	0.0268287053567
81.367249728	0.0268258510292
81.6814089933	0.0268231796893
81.9955682587	0.0268207837933
82.3097275241	0.026818347184
82.6238867894	0.0268157946244
82.9380460548	0.0268134984706
83.2522053201	0.0268115784654
83.5663645855	0.0268091811902
83.8805238509	0.0268066061584
84.1946831162	0.0268042949533
84.5088423816	0.0268022167235
84.8230016469	0.0268000627742
85.1371609123	0.0267974551763
85.4513201776	0.02679525248
85.765479443	0.0267936104341
86.0796387084	0.0267913401886
86.3937979737	0.0267888405296
86.7079572391	0.0267870231196
87.0221165044	0.0267852717141
87.3362757698	0.0267828995828
87.6504350352	0.0267807140925
87.9645943005	0.0267790392498
88.2787535659	0.0267772960661
88.5929128312	0.0267754891837
88.9070720966	0.0267733101634
89.221231362	0.026771320639
89.5353906273	0.0267701190486
89.8495498927	0.0267689715471
90.163709158	0.0267675577089
90.4778684234	0.0267667449627
90.7920276888	0.0267663978578
91.1061869541	0.0267650868689
91.4203462195	0.0267635416311
91.7345054848	0.0267626766703
92.0486647502	0.0267618234933
92.3628240155	0.0267607894825
92.6769832809	0.0267596523052
92.9911425463	0.0267586427983
93.3053018116	0.0267579425461
93.619461077	0.0267573577793
93.9336203423	0.0267568210421
94.2477796077	0.0267563976962
94.5619388731	0.0267559553184
94.8760981384	0.0267559127278
95.1902574038	0.0267565261933
95.5044166691	0.0267569329841
95.8185759345	0.0267571917661
96.1327351999	0.0267579901705
96.4468944652	0.0267592683478
96.7610537306	0.0267606717898
97.0752129959	0.0267622611698
97.3893722613	0.0267640339328
97.7035315266	0.0267643081275
98.017690792	0.0267655973259
98.3318500574	0.0267679181518
98.6460093227	0.0267684448974
98.9601685881	0.0267694501326
99.2743278534	0.0267714273173
99.5884871188	0.0267741557615
99.9026463842	0.0267759239337
100.21680565	0.0267771507336
100.530964915	0.0267795349655
100.84512418	0.0267824463542
101.159283446	0.0267849533322
101.473442711	0.026787182764
101.787601976	0.0267898628542
102.101761242	0.026792739507
102.415920507	0.0267952613675
102.730079772	0.0267977430869
103.044239038	0.0268005603444
103.358398303	0.0268033601486
103.672557568	0.0268059244686
103.986716834	0.0268085973762
104.300876099	0.0268114745407
104.615035365	0.0268147352108
104.92919463	0.0268187451402
105.243353895	0.0268225371771
105.557513161	0.0268239076694
105.871672426	0.026827438707
106.185831691	0.0268302634803
106.499990957	0.0268324058665
106.814150222	0.0268352994287
107.128309487	0.0268381311526
107.442468753	0.026840661512
107.756628018	0.0268434551977
108.070787283	0.0268464266214
108.384946549	0.0268492531642
108.699105814	0.0268518865787
109.01326508	0.0268546334779
109.327424345	0.0268573404471
109.64158361	0.0268596769889
109.955742876	0.0268618615226
110.269902141	0.0268641412302
110.584061406	0.0268663061256
110.898220672	0.0268681927539
111.212379937	0.0268697853601
111.526539202	0.0268716376742
111.840698468	0.0268733630338
112.154857733	0.0268745248909
112.469016999	0.0268753958698
112.783176264	0.0268764076028
113.097335529	0.0268777170054
113.411494795	0.0268785764503
113.72565406	0.0268788952347
114.039813325	0.0268792215131
114.353972591	0.0268797620082
114.668131856	0.0268801113579
114.982291121	0.0268802581196
115.296450387	0.0268803093154
115.610609652	0.0268801749247
115.924768917	0.0268799997734
116.238928183	0.0268797191021
116.553087448	0.0268790885188
116.867246714	0.0268782616083
117.181405979	0.0268773069691
117.495565244	0.0268760905154
117.80972451	0.0268746440021
118.123883775	0.0268731214315
118.43804304	0.0268717028462
118.752202306	0.0268703949017
119.066361571	0.0268687926403
119.380520836	0.0268668556375
119.694680102	0.026865083988
120.008839367	0.0268636430747
120.322998632	0.0268621613232
120.637157898	0.0268602053877
120.951317163	0.0268579131392
121.265476429	0.0268558096688
121.579635694	0.0268539410081
121.893794959	0.0268519927399
122.207954225	0.0268499214415
122.52211349	0.0268478005621
122.836272755	0.026845536506
123.150432021	0.0268432457752
123.464591286	0.0268410290053
123.778750551	0.0268385841099
124.092909817	0.0268359865046
124.407069082	0.0268335302694
124.721228348	0.0268314207476
125.035387613	0.0268295184547
125.349546878	0.0268277503751
125.663706144	0.0268253766306
125.977865409	0.0268226139382
126.292024674	0.0268206638433
126.60618394	0.026818692573
126.920343205	0.026816540897
127.23450247	0.0268142899176
127.548661736	0.0268118950931
127.862821001	0.0268096578499
128.176980266	0.0268077329944
128.491139532	0.0268059499488
128.805298797	0.0268041151673
129.119458063	0.0268024088985
129.433617328	0.0268009483703
129.747776593	0.0267994045129
130.061935859	0.0267977031207
130.376095124	0.0267959177811
130.690254389	0.0267942367302
131.004413655	0.0267927149774
131.31857292	0.0267913040897
131.632732185	0.0267891605589
131.946891451	0.026787272744
132.261050716	0.0267859636868
132.575209981	0.0267843607577
132.889369247	0.0267824323759
133.203528512	0.0267808929289
133.517687778	0.0267797738669
133.831847043	0.0267785047295
134.146006308	0.0267765814968
134.460165574	0.0267746360714
134.774324839	0.0267732546024
135.088484104	0.0267721601698
135.40264337	0.0267710034016
135.716802635	0.0267698988584
136.0309619	0.0267688542177
136.345121166	0.026767517516
136.659280431	0.0267660550217
136.973439697	0.0267648381921
137.287598962	0.0267635603546
137.601758227	0.026761960816
137.915917493	0.0267601158319
138.230076758	0.0267584899772
138.544236023	0.0267579623853
138.858395289	0.0267572846122
139.172554554	0.0267551583365
139.486713819	0.0267533401907
139.800873085	0.0267531370025
140.11503235	0.0267521491419
140.429191615	0.0267502786573
140.743350881	0.0267486010887
141.057510146	0.0267467845324
141.371669412	0.0267450242531
141.685828677	0.0267438534856
141.999987942	0.0267427403026
142.314147208	0.0267411321337
142.628306473	0.0267393914283
142.942465738	0.0267376166559
143.256625004	0.0267363900886
143.570784269	0.0267354525366
143.884943534	0.0267339467337
144.1991028	0.0267324977791
144.513262065	0.0267316779471
144.82742133	0.0267307779012
145.141580596	0.0267293146326
145.455739861	0.0267284485139
145.769899127	0.0267277425286
146.084058392	0.0267264359006
146.398217657	0.0267258618917
146.712376923	0.0267255596823
147.026536188	0.0267244968048
147.340695453	0.0267237395384
147.654854719	0.0267229829638
147.969013984	0.026721716707
148.283173249	0.0267207070039
148.597332515	0.0267201579692
148.91149178	0.0267195696282
149.225651046	0.0267186717573
149.539810311	0.0267179479516
149.853969576	0.0267174112914
150.168128842	0.0267171745626
150.482288107	0.0267171573113
150.796447372	0.0267167320079
151.110606638	0.026715663653
151.424765903	0.0267149170701
151.738925168	0.0267147175594
152.053084434	0.0267144454024
152.367243699	0.0267142665125
152.681402964	0.0267139114582
152.99556223	0.0267130585155
153.309721495	0.0267129752014
153.623880761	0.026712909428
153.938040026	0.0267124942845
154.252199291	0.0267125359552
154.566358557	0.0267123072249
154.880517822	0.0267118061703
155.194677087	0.0267116433329
155.508836353	0.0267114543178
155.822995618	0.0267110488024
156.137154883	0.0267107773885
156.451314149	0.0267104883738
156.765473414	0.0267102128433
157.07963268	0.0267098951981
157.393791945	0.0267094669544
157.70795121	0.0267090525131
158.022110476	0.026708552683
158.336269741	0.0267078906132
158.650429006	0.0267074496634
158.964588272	0.0267073905564
159.278747537	0.0267072467685
159.592906802	0.0267064693343
159.907066068	0.0267060543061
160.221225333	0.0267060121778
160.535384598	0.0267056813921
160.849543864	0.0267052378913
161.163703129	0.0267047794431
161.477862395	0.0267042139799
161.79202166	0.0267037640706
162.106180925	0.0267035568468
162.420340191	0.0267033825854
162.734499456	0.026703270407
163.048658721	0.0267032522739
163.362817987	0.0267031271387
163.676977252	0.0267029081953
163.991136517	0.026702749061
164.305295783	0.026702429763
164.619455048	0.0267019683199
164.933614313	0.0267016746682
165.247773579	0.0267019485208
165.561932844	0.0267019131689
165.87609211	0.0267015338838
166.190251375	0.0267015382373
166.50441064	0.0267015721593
166.818569906	0.0267010882131
167.132729171	0.0267006205473
167.446888436	0.0267007801173
167.761047702	0.0267009751239
168.075206967	0.0267006991763
168.389366232	0.0267004920961
168.703525498	0.0267008156122
169.017684763	0.0267012889347
169.331844029	0.0267015612679
169.646003294	0.0267016372744
169.960162559	0.0267014077102
170.274321825	0.0267010720316
170.58848109	0.0267007570401
170.902640355	0.0267003296402
171.216799621	0.0266998025186
171.530958886	0.0266994413636
171.845118151	0.02669927658
172.159277417	0.0266992129822
172.473436682	0.026698709879
172.787595947	0.0266979250168
173.101755213	0.0266972588855
173.415914478	0.0266965754149
173.730073744	0.0266958585941
174.044233009	0.0266955792487
174.358392274	0.0266955353095
174.67255154	0.0266954243258
174.986710805	0.0266954698927
175.30087007	0.0266956964786
175.615029336	0.0266956890001
175.929188601	0.0266955235704
176.243347866	0.0266954326656
176.557507132	0.0266952474339
176.871666397	0.0266950644061
177.185825662	0.0266946471258
177.499984928	0.0266939720418
177.814144193	0.0266932869759
178.128303459	0.0266924641747
178.442462724	0.0266917078849
178.756621989	0.026691227935
179.070781255	0.0266906003031
179.38494052	0.0266895107798
179.699099785	0.0266882211328
180.013259051	0.0266873657618
180.327418316	0.0266869301096
180.641577581	0.0266866486655
180.955736847	0.0266863952759
181.269896112	0.0266860768684
181.584055378	0.0266857544894
181.898214643	0.0266856090999
182.212373908	0.0266854448928
182.526533174	0.0266850533781
182.840692439	0.0266846567484
183.154851704	0.0266843949839
183.46901097	0.0266841025737
183.783170235	0.0266835569643
184.0973295	0.0266830527765
184.411488766	0.0266827187879
184.725648031	0.0266823918721
185.039807296	0.0266817629803
185.353966562	0.0266806854815
185.668125827	0.0266795294166
185.982285093	0.0266787269308
186.296444358	0.0266780960194
186.610603623	0.0266773508452
186.924762889	0.0266769211129
187.238922154	0.0266769828666
187.553081419	0.0266769448036
187.867240685	0.0266766034386
188.18139995	0.0266761958557
188.495559215	0.0266757876924
188.809718481	0.0266754108983
189.123877746	0.0266750806795
189.438037011	0.0266747522188
189.752196277	0.0266744267666
190.066355542	0.0266741811881
190.380514808	0.0266738265972
190.694674073	0.0266732917957
191.008833338	0.0266726100181
191.322992604	0.0266716268464
191.637151869	0.0266703420064
191.951311134	0.0266691094
192.2654704	0.0266680863539
192.579629665	0.0266671902004
192.89378893	0.026666264297
193.207948196	0.0266654058683
193.522107461	0.0266649847638
193.836266727	0.0266645592929
194.150425992	0.0266636597484
194.464585257	0.0266626574092
194.778744523	0.0266615244916
195.092903788	0.0266602966841
195.407063053	0.0266592207663
195.721222319	0.0266580963563
196.035381584	0.0266568853738
196.349540849	0.0266560481607
196.663700115	0.0266553694978
196.97785938	0.0266543072585
197.292018645	0.0266527280633
197.606177911	0.0266509844437
197.920337176	0.0266495017467
198.234496442	0.026648292937
198.548655707	0.0266470635007
198.862814972	0.0266458621363
199.176974238	0.0266449325884
199.491133503	0.0266438612025
199.805292768	0.0266432909959
200.119452034	0.0266428363648
200.433611299	0.026641536752
200.747770564	0.0266400321111
201.06192983	0.0266388567162
201.376089095	0.0266377693776
201.69024836	0.026636673536
202.004407626	0.0266356768678
202.318566891	0.0266346305453
202.632726157	0.026633768539
202.946885422	0.0266333413746
203.261044687	0.0266325486733
203.575203953	0.0266310196434
203.889363218	0.0266295578384
204.203522483	0.0266286554233
204.517681749	0.0266279734612
204.831841014	0.0266270543262
205.146000279	0.026626067311
205.460159545	0.0266252677238
205.77431881	0.0266247563944
206.088478076	0.0266242587077
206.402637341	0.0266236943363
206.716796606	0.0266228073705
207.030955872	0.026621532951
207.345115137	0.0266204472178
207.659274402	0.0266195987681
207.973433668	0.0266187253427
208.287592933	0.0266180448085
208.601752198	0.026617589069
208.915911464	0.0266168730133
209.230070729	0.0266160635751
209.544229994	0.0266152664598
209.85838926	0.0266143520495
210.172548525	0.0266132381662
210.486707791	0.0266118359725
210.800867056	0.0266104074636
211.115026321	0.0266093434915
211.429185587	0.0266081378077
211.743344852	0.0266070294071
212.057504117	0.0266065276402
212.371663383	0.0266056890297
212.685822648	0.026604586128
212.999981913	0.0266040430715
213.314141179	0.0266031209041
213.628300444	0.0266014789491
213.942459709	0.0266002885926
214.256618975	0.0265996673261
214.57077824	0.0265990413603
214.884937506	0.026598469962
215.199096771	0.0265977701955
215.513256036	0.0265969915786
215.827415302	0.0265962603421
216.141574567	0.0265952929382
216.455733832	0.0265943697009
216.769893098	0.0265934471986
217.084052363	0.026592357343
217.398211628	0.0265919147749
217.712370894	0.0265920106972
218.026530159	0.0265918787672
218.340689425	0.0265911359085
218.65484869	0.0265901696885
218.969007955	0.0265901457577
219.283167221	0.0265900907442
219.597326486	0.026588957155
219.911485751	0.0265874320684
220.225645017	0.0265864870072
220.539804282	0.026585824253
220.853963547	0.0265850127134
221.168122813	0.0265841582945
221.482282078	0.026583176772
221.796441343	0.0265820466441
222.110600609	0.0265812066783
222.424759874	0.0265805187633
222.73891914	0.0265795038555
223.053078405	0.0265784830151
223.36723767	0.0265780298241
223.681396936	0.0265779925911
223.995556201	0.0265778963691
224.309715466	0.0265772278722
224.623874732	0.0265751066192
224.938033997	0.0265748373083
225.252193262	0.0265744090708
225.566352528	0.0265725624524
225.880511793	0.0265710512403
226.194671058	0.0265701885477
226.508830324	0.0265689592128
226.822989589	0.0265673579958
227.137148855	0.0265660571242
227.45130812	0.0265651053326
227.765467385	0.026564018678
228.079626651	0.0265627811964
228.393785916	0.0265616847269
228.707945181	0.0265608529885
229.022104447	0.026560139379
229.336263712	0.0265595962167
229.650422977	0.0265593033958
229.964582243	0.0265585943658
230.278741508	0.0265575207488
230.592900774	0.0265570665205
230.907060039	0.0265568115451
231.221219304	0.0265563149711
231.53537857	0.0265556217951
231.849537835	0.0265551088955
232.1636971	0.0265548724168
232.477856366	0.0265546741327
232.792015631	0.026554186077
233.106174896	0.0265536508204
233.420334162	0.0265535032303
233.734493427	0.0265534308279
234.048652692	0.0265532158485
234.362811958	0.0265531107294
234.676971223	0.0265530568358
234.991130489	0.0265530322033
235.305289754	0.0265531972371
235.619449019	0.026553317075
235.933608285	0.026553444567
236.24776755	0.0265537159338
236.561926815	0.0265539063608
236.876086081	0.0265538507595
237.190245346	0.0265540020336
237.504404611	0.0265544627634
237.818563877	0.0265545458551
238.132723142	0.0265545792863
238.446882407	0.026554976144
238.761041673	0.0265552865713
239.075200938	0.0265554445516
239.389360204	0.0265553413259
239.703519469	0.0265547730783
240.017678734	0.0265544112563
240.331838	0.0265545926766
240.645997265	0.0265543910563
240.96015653	0.0265536421882
241.274315796	0.0265530707697
241.588475061	0.026552770683
241.902634326	0.0265525194756
242.216793592	0.0265522861803
242.530952857	0.0265520557667
242.845112123	0.0265515975522
243.159271388	0.0265512056881
243.473430653	0.0265511861951
243.787589919	0.0265509665104
244.101749184	0.0265501019702
244.415908449	0.0265495143677
244.730067715	0.0265494187064
245.04422698	0.0265490819596
245.358386245	0.0265483458007
245.672545511	0.0265476411349
245.986704776	0.026546941932
246.300864041	0.0265461872196
246.615023307	0.0265456796249
246.929182572	0.0265450291133
247.243341838	0.0265442760846
247.557501103	0.0265438208415
247.871660368	0.026543500966
248.185819634	0.0265431883791
248.499978899	0.0265429789977
248.814138164	0.0265424725152
249.12829743	0.0265418244311
249.442456695	0.0265413023625
249.75661596	0.0265407790654
250.070775226	0.0265400688962
250.384934491	0.0265395396352
250.699093756	0.0265393466169
251.013253022	0.0265392159749
251.327412287	0.0265387720028
251.641571553	0.0265380366669
251.955730818	0.0265375796562
252.269890083	0.0265373215247
252.584049349	0.0265369969061
252.898208614	0.0265366816278
253.212367879	0.0265364216264
253.526527145	0.0265362704088
253.84068641	0.0265364295341
254.154845675	0.02653678957
254.469004941	0.0265369601001
254.783164206	0.0265368383265
255.097323472	0.026536758757
255.411482737	0.0265367322575
255.725642002	0.0265365431782
256.039801268	0.026536344395
256.353960533	0.0265360314624
256.668119798	0.0265353039241
256.982279064	0.0265344958368
257.296438329	0.0265342305629
257.610597594	0.0265339673421
257.92475686	0.0265332674811
258.238916125	0.0265325793296
258.55307539	0.0265319840327
258.867234656	0.0265312826989
259.181393921	0.0265307894677
259.495553187	0.0265305287442
259.809712452	0.0265301484893
260.123871717	0.0265296475594
260.438030983	0.0265292086212
260.752190248	0.02652895215
261.066349513	0.0265287384481
261.380508779	0.0265282831813
261.694668044	0.0265275869544
262.008827309	0.0265269224155
262.322986575	0.0265262352727
262.63714584	0.0265252775941
262.951305105	0.0265243773228
263.265464371	0.0265238123459
263.579623636	0.0265232477637
263.893782902	0.0265223000903
264.207942167	0.0265210722605
264.522101432	0.0265199601034
264.836260698	0.0265190934919
265.150419963	0.0265182247052
265.464579228	0.0265173325654
265.778738494	0.026516703077
266.092897759	0.0265163448679
266.407057024	0.026515956994
266.72121629	0.0265154744676
267.035375555	0.0265148980342
267.349534821	0.0265143273385
267.663694086	0.0265138640721
267.977853351	0.0265134148153
268.292012617	0.0265128046906
268.606171882	0.0265120503144
268.920331147	0.0265112743759
269.234490413	0.0265104557497
269.548649678	0.0265095180655
269.862808943	0.0265082203439
270.176968209	0.026506921998
270.491127474	0.0265057043676
270.805286739	0.0265042591695
271.119446005	0.0265027149222
271.43360527	0.026501399664
271.747764536	0.0265002088509
272.061923801	0.026499120103
272.376083066	0.0264982781915
272.690242332	0.0264975052619
273.004401597	0.0264964785699
273.318560862	0.0264953619558
273.632720128	0.0264943559664
273.946879393	0.0264933458959
274.261038658	0.0264923307681
274.575197924	0.0264912169604
274.889357189	0.0264900136476
275.203516454	0.0264889703074
275.51767572	0.0264878000074
275.831834985	0.0264861984586
276.145994251	0.0264846963921
276.460153516	0.0264833725278
276.774312781	0.0264819827689
277.088472047	0.02648051039
277.402631312	0.026478999661
277.716790577	0.0264776341855
278.030949843	0.0264766338767
278.345109108	0.0264759062996
278.659268373	0.026475111379
278.973427639	0.0264742544825
279.287586904	0.0264734350103
279.60174617	0.0264724622712
279.915905435	0.0264713510359
280.2300647	0.0264703790061
280.544223966	0.0264696661182
280.858383231	0.0264690788904
281.172542496	0.0264683522592
281.486701762	0.0264675139884
281.800861027	0.0264669221082
282.115020292	0.026466084101
282.429179558	0.0264647448752
282.743338823	0.0264636646654
283.057498088	0.0264627800944
283.371657354	0.026461749188
283.685816619	0.0264606119209
283.999975885	0.0264596679259
284.31413515	0.0264589887812
284.628294415	0.0264584389195
284.942453681	0.0264578132367
285.256612946	0.0264570721667
285.570772211	0.0264561803759
285.884931477	0.026455095647
286.199090742	0.0264540438084
286.513250007	0.0264530936273
286.827409273	0.0264522029189
287.141568538	0.0264513976899
287.455727803	0.0264508024801
287.769887069	0.0264503237584
288.084046334	0.0264495040726
288.3982056	0.0264484198393
288.712364865	0.026447434129
289.02652413	0.0264464662368
289.340683396	0.0264451566688
289.654842661	0.0264437054065
289.969001926	0.0264424184244
290.283161192	0.0264413696492
290.597320457	0.0264403404035
290.911479722	0.0264393900306
291.225638988	0.0264385978254
291.539798253	0.0264377945896
291.853957519	0.0264368534313
292.168116784	0.0264358025554
292.482276049	0.0264345688737
292.796435315	0.026433348902
293.11059458	0.026432517839
293.424753845	0.0264318805426
293.738913111	0.0264312646619
294.053072376	0.0264308009277
294.367231641	0.0264301658733
294.681390907	0.0264292947806
294.995550172	0.0264283733158
295.309709437	0.0264273934006
295.623868703	0.0264263487237
295.938027968	0.0264253032073
296.252187234	0.0264246764469
296.566346499	0.0264243569491
296.880505764	0.0264240441428
297.19466503	0.0264236342029
297.508824295	0.026423111621
297.82298356	0.0264227528131
298.137142826	0.0264224368788
298.451302091	0.0264217944932
298.765461356	0.0264207491639
299.079620622	0.0264197232614
299.393779887	0.0264190358531
299.707939152	0.0264185720275
300.022098418	0.0264180662648
300.336257683	0.026417523714
300.650416949	0.026416976672
300.964576214	0.0264162838983
301.278735479	0.0264154547286
301.592894745	0.0264147383475
301.90705401	0.0264141771882
302.221213275	0.0264137774067
302.535372541	0.0264137389516
302.849531806	0.0264139903996
303.163691071	0.0264141566687
303.477850337	0.0264140186302
303.792009602	0.0264138260062
304.106168868	0.0264139092259
304.420328133	0.0264138768624
304.734487398	0.0264134822257
305.048646664	0.0264129558263
305.362805929	0.0264125444532
305.676965194	0.0264121770735
305.99112446	0.0264117937565
306.305283725	0.0264115376235
306.61944299	0.0264114106412
306.933602256	0.0264112215641
307.247761521	0.0264109344853
307.561920786	0.0264106435617
307.876080052	0.0264104895583
308.190239317	0.0264104225616
308.504398583	0.0264103231639
308.818557848	0.0264100733504
309.132717113	0.0264097060952
309.446876379	0.0264094418019
309.761035644	0.0264092398241
310.075194909	0.0264091567315
310.389354175	0.0264089521465
310.70351344	0.0264084122961
311.017672705	0.0264080361363
311.331831971	0.0264079437689
311.645991236	0.0264075345787
311.960150501	0.0264068926149
312.274309767	0.0264065443091
312.588469032	0.0264063121455
312.902628298	0.0264060148723
313.216787563	0.0264054797685
313.530946828	0.0264047898194
313.845106094	0.0264041970943
314.159265359	0.026403484938
314.473424624	0.026402782044
314.78758389	0.0264023817542
315.101743155	0.0264020999218
315.41590242	0.0264018120736
315.730061686	0.0264016958656
316.044220951	0.0264017391171
316.358380217	0.0264018936902
316.672539482	0.0264019172357
316.986698747	0.0264014043288
317.300858013	0.0264013881884
317.615017278	0.0264016144382
317.929176543	0.026401433237
318.243335809	0.0264009256533
318.557495074	0.0264004355591
318.871654339	0.0263999875724
319.185813605	0.02639959925
319.49997287	0.0263991010087
319.814132135	0.0263983717791
320.128291401	0.0263974979359
320.442450666	0.0263967613951
320.756609932	0.0263963999913
321.070769197	0.0263962557916
321.384928462	0.0263961206149
321.699087728	0.026396089357
322.013246993	0.0263961777682
322.327406258	0.0263962698746
322.641565524	0.0263961357668
322.955724789	0.0263956738519
323.269884054	0.0263956226946
323.58404332	0.0263958527981
323.898202585	0.0263957990427
324.21236185	0.0263955722097
324.526521116	0.0263952970073
324.840680381	0.026394812793
325.154839647	0.0263941200908
325.468998912	0.0263933939011
325.783158177	0.0263926423733
326.097317443	0.0263918774279
326.411476708	0.0263911684828
326.725635973	0.0263905608717
327.039795239	0.0263901266453
327.353954504	0.0263897696523
327.668113769	0.0263892965713
327.982273035	0.0263887500171
328.2964323	0.0263879975408
328.610591566	0.026386927834
328.924750831	0.0263856614545
329.238910096	0.0263846885607
329.553069362	0.0263840180998
329.867228627	0.0263832024853
330.181387892	0.0263820802899
330.495547158	0.0263809751809
330.809706423	0.0263800791347
331.123865688	0.0263790629209
331.438024954	0.0263777557403
331.752184219	0.026376482985
332.066343484	0.0263754034175
332.38050275	0.0263743620079
332.694662015	0.0263732877524
333.008821281	0.0263722728868
333.322980546	0.0263713688876
333.637139811	0.0263707368329
333.951299077	0.0263701060228
334.265458342	0.0263691264442
334.579617607	0.0263681309089
334.893776873	0.0263673406084
335.207936138	0.0263665140203
335.522095403	0.0263655310417
335.836254669	0.0263644911124
336.150413934	0.0263637276268
336.464573199	0.026363123032
336.778732465	0.0263623372331
337.09289173	0.0263615227052
337.407050996	0.0263608533314
337.721210261	0.0263602193708
338.035369526	0.0263593836243
338.349528792	0.0263584587044
338.663688057	0.0263577193256
338.977847322	0.0263571851938
339.292006588	0.0263566371723
339.606165853	0.026355992786
339.920325118	0.0263554124819
340.234484384	0.0263549863643
340.548643649	0.0263546229691
340.862802915	0.0263540024981
341.17696218	0.0263531402144
341.491121445	0.026352195169
341.805280711	0.0263512535245
342.119439976	0.026350388385
342.433599241	0.0263495296782
342.747758507	0.0263487214798
343.061917772	0.0263480214742
343.376077037	0.026347388102
343.690236303	0.0263465054734
344.004395568	0.0263453209812
344.318554833	0.0263441760879
344.632714099	0.0263431785209
344.946873364	0.0263422320066
345.26103263	0.0263413470565
345.575191895	0.0263406136469
345.88935116	0.0263401159389
346.203510426	0.0263395793007
346.517669691	0.0263389380561
346.831828956	0.0263382494831
347.145988222	0.026337486404
347.460147487	0.0263366840338
347.774306752	0.0263357861845
348.088466018	0.0263347965435
348.402625283	0.026333796885
348.716784548	0.026332808547
349.030943814	0.0263318739486
349.345103079	0.0263309892584
349.659262345	0.0263299992991
349.97342161	0.0263287137376
350.287580875	0.026327341778
350.601740141	0.0263262334485
350.915899406	0.0263252942915
351.230058671	0.0263243718516
351.544217937	0.0263236784504
351.858377202	0.0263232332088
352.172536467	0.0263228135689
352.486695733	0.0263222931734
352.800854998	0.0263217412372
353.115014264	0.0263211620156
353.429173529	0.0263205399041
353.743332794	0.0263198596792
354.05749206	0.0263191115357
354.371651325	0.026318340566
354.68581059	0.0263175684931
354.999969856	0.026316708508
355.314129121	0.0263157124607
355.628288386	0.0263147478195
355.942447652	0.0263139458879
356.256606917	0.026313094349
356.570766182	0.026312030901
356.884925448	0.0263108599659
357.199084713	0.0263099923709
357.513243979	0.0263095861211
357.827403244	0.0263090583156
358.141562509	0.0263082487916
358.455721775	0.026307549012
358.76988104	0.0263069214358
359.084040305	0.0263061810018
359.398199571	0.0263054199759
359.712358836	0.0263047501789
360.026518101	0.0263041283304
360.340677367	0.026303616404
360.654836632	0.0263031822735
360.968995897	0.0263025029723
361.283155163	0.0263017089437
361.597314428	0.0263010373698
361.911473694	0.0263003690082
362.225632959	0.0262994333046
362.539792224	0.0262985028475
362.85395149	0.0262976561387
363.168110755	0.0262968221322
363.48227002	0.0262961333858
363.796429286	0.0262955082027
364.110588551	0.0262949366462
364.424747816	0.0262945422579
364.738907082	0.0262941552083
365.053066347	0.0262935844427
365.367225613	0.026293002088
365.681384878	0.0262924738815
365.995544143	0.0262919237273
366.309703409	0.0262916191435
366.623862674	0.0262916428605
366.938021939	0.0262915301998
367.252181205	0.026291279294
367.56634047	0.0262910246476
367.880499735	0.0262906170418
368.194659001	0.0262901103325
368.508818266	0.0262897244992
368.822977531	0.0262892046431
369.137136797	0.0262884524303
369.451296062	0.0262878247113
369.765455328	0.0262875101355
370.079614593	0.0262873250652
370.393773858	0.0262871590475
370.707933124	0.0262870807933
371.022092389	0.0262869370224
371.336251654	0.0262866369338
371.65041092	0.0262864062999
371.964570185	0.0262861042272
372.27872945	0.0262856125089
372.592888716	0.0262852808026
372.907047981	0.0262851707498
373.221207246	0.026285025085
373.535366512	0.0262848992769
373.849525777	0.0262846589242
374.163685043	0.0262840878236
374.477844308	0.0262833726664
374.792003573	0.0262827711955
375.106162839	0.0262822338177
375.420322104	0.0262816900143
375.734481369	0.0262811871595
376.048640635	0.0262807136123
376.3627999	0.0262803953933
376.676959165	0.026280191297
376.991118431	0.0262798476152
377.305277696	0.026279238554
377.619436962	0.0262785809048
377.933596227	0.0262778852597
378.247755492	0.0262769567077
378.561914758	0.0262758165567
378.876074023	0.0262747431838
379.190233288	0.026273897612
379.504392554	0.0262730612005
379.818551819	0.026272101266
380.132711084	0.026271138816
380.44687035	0.0262701547009
380.761029615	0.0262689893299
381.07518888	0.0262677201546
381.389348146	0.0262667903053
381.703507411	0.0262662310158
382.017666677	0.0262657447873
382.331825942	0.0262653909822
382.645985207	0.0262651185203
382.960144473	0.0262645294112
383.274303738	0.026263753856
383.588463003	0.0262631413579
383.902622269	0.0262626239542
384.216781534	0.0262619227954
384.530940799	0.0262610724114
384.845100065	0.0262603879863
385.15925933	0.026259846368
385.473418595	0.0262593370985
385.787577861	0.026258788637
386.101737126	0.0262581510647
386.415896392	0.0262576074675
386.730055657	0.0262571704538
387.044214922	0.026256614833
387.358374188	0.0262559434476
387.672533453	0.0262554785602
387.986692718	0.0262552376474
388.300851984	0.0262549836415
388.615011249	0.0262547039397
388.929170514	0.0262545045295
389.24332978	0.0262543388631
389.557489045	0.0262541981473
389.871648311	0.026253892888
390.185807576	0.0262534862258
390.499966841	0.0262530638269
390.814126107	0.0262526238203
391.128285372	0.0262522620958
391.442444637	0.0262519896035
391.756603903	0.0262516489933
392.070763168	0.0262512200902
392.384922433	0.0262507144298
392.699081699	0.0262501050909
393.013240964	0.0262493928373
393.327400229	0.0262486590974
393.641559495	0.0262479145557
393.95571876	0.0262471815423
394.269878026	0.0262465986808
394.584037291	0.0262461600255
394.898196556	0.0262457065997
395.212355822	0.026245212813
395.526515087	0.0262446107472
395.840674352	0.0262440288695
396.154833618	0.0262434467138
396.468992883	0.0262424545814
396.783152148	0.0262414368434
397.097311414	0.0262407093129
397.411470679	0.0262397887017
397.725629944	0.0262387955951
398.03978921	0.0262380157651
398.353948475	0.0262371262484
398.668107741	0.026235944088
398.982267006	0.0262346686847
399.296426271	0.0262333896517
399.610585537	0.0262321072073
399.924744802	0.0262308622101
400.238904067	0.0262297564369
400.553063333	0.0262289282155
400.867222598	0.0262283567562
401.181381863	0.026227841529
401.495541129	0.0262273350479
401.809700394	0.0262267644498
402.12385966	0.026225983036
402.438018925	0.0262249142716
402.75217819	0.0262238550558
403.066337456	0.0262229317434
403.380496721	0.026221969693
403.694655986	0.0262210665484
404.008815252	0.0262202381641
404.322974517	0.0262194132302
404.637133782	0.0262184745132
404.951293048	0.026217512053
405.265452313	0.026216730521
405.579611578	0.0262159901096
405.893770844	0.0262151766552
406.207930109	0.0262144986369
406.522089375	0.0262141035658
406.83624864	0.0262138183242
407.150407905	0.0262134664691
407.464567171	0.0262130743529
407.778726436	0.0262125722342
408.092885701	0.0262120885786
408.407044967	0.026211697693
408.721204232	0.0262111429851
409.035363497	0.0262103866739
409.349522763	0.026209748711
409.663682028	0.0262092480862
409.977841293	0.0262087908027
410.292000559	0.0262084109456
410.606159824	0.026207946963
410.92031909	0.0262074438236
411.234478355	0.0262069888091
411.54863762	0.0262063377639
411.862796886	0.0262056889283
412.176956151	0.0262052665868
412.491115416	0.0262048967723
412.805274682	0.0262044223715
413.119433947	0.0262039113107
413.433593212	0.0262035653887
413.747752478	0.0262032888938
414.061911743	0.0262028601512
414.376071009	0.0262022215793
414.690230274	0.0262016787244
415.004389539	0.0262013925113
415.318548805	0.0262009851914
415.63270807	0.0262002115167
415.946867335	0.026199476528
416.261026601	0.0261990133978
416.575185866	0.0261986189133
416.889345131	0.0261979463425
417.203504397	0.026196909777
417.517663662	0.0261958598429
417.831822927	0.0261950081087
418.145982193	0.0261940376352
418.460141458	0.0261928238659
418.774300724	0.0261917056171
419.088459989	0.026190846089
419.402619254	0.0261900656156
419.71677852	0.0261892609311
420.030937785	0.0261884922694
420.34509705	0.0261878171549
420.659256316	0.0261870855695
420.973415581	0.0261863401657
421.287574846	0.0261857911387
421.601734112	0.0261851877778
421.915893377	0.0261844770854
422.230052642	0.0261838006373
422.544211908	0.026183095378
422.858371173	0.0261822785639
423.172530439	0.0261813596846
423.486689704	0.0261804231125
423.800848969	0.0261794664986
424.115008235	0.0261784733949
424.4291675	0.0261775429581
424.743326765	0.0261768037888
425.057486031	0.0261762113063
425.371645296	0.0261755940367
425.685804561	0.026174909182
425.999963827	0.0261743861319
426.314123092	0.0261740145751
426.628282358	0.0261733839162
426.942441623	0.0261725047975
427.256600888	0.0261717542295
427.570760154	0.0261710838734
427.884919419	0.0261703507454
428.199078684	0.0261696303931
428.51323795	0.0261690238801
428.827397215	0.0261684282549
429.14155648	0.0261677158071
429.455715746	0.0261669572279
429.769875011	0.0261662560369
430.084034276	0.0261656131616
430.398193542	0.0261650070073
430.712352807	0.0261644173145
431.026512073	0.0261640050333
431.340671338	0.0261638116239
431.654830603	0.0261635961369
431.968989869	0.0261632381867
432.283149134	0.026162872857
432.597308399	0.0261626386878
432.911467665	0.0261622770132
433.22562693	0.0261617286395
433.539786195	0.026161156366
433.853945461	0.0261605233323
434.168104726	0.0261600569044
434.482263991	0.0261598992457
434.796423257	0.0261596250924
435.110582522	0.0261592041587
435.424741788	0.0261589679512
435.738901053	0.0261587468297
436.053060318	0.0261584034097
436.367219584	0.0261580461336
436.681378849	0.0261577342459
436.995538114	0.0261574866001
437.30969738	0.026157321053
437.623856645	0.0261570246451
437.93801591	0.0261566423258
438.252175176	0.0261562762844
438.566334441	0.0261558603451
438.880493707	0.0261553022768
439.194652972	0.0261546709556
439.508812237	0.026153981834
439.822971503	0.0261531263511
440.137130768	0.0261521897026
440.451290033	0.0261512056946
440.765449299	0.0261502631668
441.079608564	0.0261495519363
441.393767829	0.0261487774524
441.707927095	0.0261477262478
442.02208636	0.0261465770584
442.336245625	0.02614540721
442.650404891	0.0261441304233
442.964564156	0.0261427686231
443.278723422	0.0261415315209
443.592882687	0.0261403711289
443.907041952	0.0261391019922
444.221201218	0.0261378753187
444.535360483	0.0261368204461
444.849519748	0.02613567066
445.163679014	0.0261343099898
445.477838279	0.0261330355255
445.791997544	0.0261320585155
446.10615681	0.026130695059
446.420316075	0.0261289807663
446.73447534	0.0261275098949
447.048634606	0.0261262203889
447.362793871	0.0261248358334
447.676953137	0.0261235270533
447.991112402	0.0261221803101
448.305271667	0.0261206742691
448.619430933	0.0261192388349
448.933590198	0.0261179879082
449.247749463	0.0261168527501
449.561908729	0.0261158540091
449.876067994	0.0261151471023
450.190227259	0.0261146888198
450.504386525	0.0261143588334
450.81854579	0.0261141402421
451.132705056	0.0261137804506
451.446864321	0.0261132817808
451.761023586	0.0261128466759
452.075182852	0.0261123470878
452.389342117	0.0261119396427
452.703501382	0.0261116489037
453.017660648	0.0261112425311
453.331819913	0.026110787158
453.645979178	0.0261104345165
453.960138444	0.0261101552853
454.274297709	0.0261099219982
454.588456974	0.0261097860413
454.90261624	0.0261096468519
455.216775505	0.0261095074507
455.530934771	0.0261095280056
455.845094036	0.0261096254434
456.159253301	0.0261096478702
456.473412567	0.026109636789
456.787571832	0.0261096732531
457.101731097	0.0261095038931
457.415890363	0.0261091429111
457.730049628	0.0261089781101
458.044208893	0.0261088772724
458.358368159	0.0261085986711
458.672527424	0.0261081885093
458.986686689	0.0261078147397
459.300845955	0.0261074698656
459.61500522	0.0261070187937
459.929164486	0.0261065383335
460.243323751	0.0261060741703
460.557483016	0.0261056313545
460.871642282	0.0261051429097
461.185801547	0.0261045473972
461.499960812	0.026103908517
461.814120078	0.0261033700246
462.128279343	0.026102821574
462.442438608	0.0261022423621
462.756597874	0.0261017904835
463.070757139	0.0261013401307
463.384916405	0.0261008037297
463.69907567	0.0261003153616
464.013234935	0.0260998774476
464.327394201	0.0260993557717
464.641553466	0.0260989406964
464.955712731	0.0260985643583
465.269871997	0.0260980887197
465.584031262	0.0260976307685
465.898190527	0.0260971719203
466.212349793	0.0260967027682
466.526509058	0.0260961529941
466.840668323	0.0260956422544
467.154827589	0.0260951327589
467.468986854	0.0260945562415
467.78314612	0.0260940132026
468.097305385	0.0260935826397
468.41146465	0.0260932577653
468.725623916	0.0260929428685
469.039783181	0.0260926263624
469.353942446	0.0260924760984
469.668101712	0.0260924040458
469.982260977	0.0260921197793
470.296420242	0.0260919891029
470.610579508	0.0260920009189
470.924738773	0.0260917379271
471.238898038	0.0260914608098
471.553057304	0.0260913040806
471.867216569	0.0260910991539
472.181375835	0.0260909265554
472.4955351	0.0260907985838
472.809694365	0.0260905979717
473.123853631	0.0260903559362
473.438012896	0.0260900914526
473.752172161	0.0260898327255
474.066331427	0.0260896679404
474.380490692	0.0260896555285
474.694649957	0.0260897839903
475.008809223	0.0260899273419
475.322968488	0.0260899033818
475.637127754	0.0260901474502
475.951287019	0.0260903645622
476.265446284	0.0260899867896
476.57960555	0.0260896199173
476.893764815	0.0260894240982
477.20792408	0.0260890131028
477.522083346	0.0260884386045
477.836242611	0.0260880476924
478.150401876	0.0260876504805
478.464561142	0.0260870448666
478.778720407	0.0260863720122
479.092879672	0.0260857092056
479.407038938	0.0260850435226
479.721198203	0.0260844835711
480.035357469	0.0260836631881
480.349516734	0.0260829278246
480.663675999	0.026082703812
480.977835265	0.0260822190055
481.29199453	0.0260813031815
481.606153795	0.0260803073908
481.920313061	0.0260795487213
482.234472326	0.0260788490428
482.548631591	0.0260777374536
482.862790857	0.0260763414097
483.176950122	0.0260750442561
483.491109388	0.0260738903287
483.805268653	0.0260724904991
484.119427918	0.0260708533013
484.433587184	0.0260695748736
484.747746449	0.0260683625958
485.061905714	0.0260668939164
485.37606498	0.0260652214179
485.690224245	0.0260635573268
486.00438351	0.0260619262486
486.318542776	0.0260602412817
486.632702041	0.0260586778198
486.946861306	0.0260572195802
487.261020572	0.0260559284755
487.575179837	0.0260545987959
487.889339103	0.0260530425556
488.203498368	0.0260515358313
488.517657633	0.0260502780416
488.831816899	0.02604913073
489.145976164	0.0260478548395
489.460135429	0.0260467322458
489.774294695	0.0260456769457
490.08845396	0.0260444214153
490.402613225	0.0260431684456
490.716772491	0.0260421913454
491.030931756	0.0260411151076
491.345091021	0.0260397433345
491.659250287	0.02603854672
491.973409552	0.0260374983245
492.287568818	0.0260362025579
492.601728083	0.0260350271474
492.915887348	0.0260341565568
493.230046614	0.0260332918801
493.544205879	0.0260323427388
493.858365144	0.026031710574
494.17252441	0.0260313601252
494.486683675	0.0260308660964
494.80084294	0.0260301433391
495.115002206	0.0260296053406
495.429161471	0.0260293876058
495.743320737	0.0260292210675
496.057480002	0.0260288939206
496.371639267	0.0260283184687
496.685798533	0.0260279804321
496.999957798	0.0260277178108
497.314117063	0.0260272234854
497.628276329	0.0260266029753
497.942435594	0.0260260739194
498.256594859	0.0260257131808
498.570754125	0.0260255279868
498.88491339	0.0260253927043
499.199072655	0.0260251445101
499.513231921	0.0260249216289
499.827391186	0.0260250678617
500.141550452	0.0260250954674
500.455709717	0.0260244759034
500.769868982	0.0260242855121
501.084028248	0.0260243427907
501.398187513	0.0260237080522
501.712346778	0.026022892914
502.026506044	0.0260224295783
502.340665309	0.0260220422629
502.654824574	0.0260214859608
502.96898384	0.0260208403402
503.283143105	0.0260203033116
503.59730237	0.0260198042775
503.911461636	0.0260191878581
504.225620901	0.0260185786902
504.539780167	0.0260181734784
504.853939432	0.0260178429845
505.168098697	0.0260172662329
505.482257963	0.0260165129966
505.796417228	0.0260158914246
506.110576493	0.0260151747301
506.424735759	0.0260142821719
506.738895024	0.0260134156743
507.053054289	0.0260125764641
507.367213555	0.0260116893484
507.68137282	0.0260107133867
507.995532086	0.0260096250885
508.309691351	0.026008538558
508.623850616	0.0260075088934
508.938009882	0.0260065934782
509.252169147	0.0260058270713
509.566328412	0.0260051276624
509.880487678	0.0260044508236
510.194646943	0.0260037909874
510.508806208	0.0260032354954
510.822965474	0.0260026993458
511.137124739	0.026002237949
511.451284004	0.0260017177035
511.76544327	0.026000958481
512.079602535	0.0260002558978
512.393761801	0.0259996903054
512.707921066	0.0259991339958
513.022080331	0.0259985765635
513.336239597	0.0259980356885
513.650398862	0.0259973680088
513.964558127	0.0259967273199
514.278717393	0.025996491978
514.592876658	0.025996159904
514.907035923	0.0259954633214
515.221195189	0.0259948203365
515.535354454	0.0259944310981
515.849513719	0.0259940005695
516.163672985	0.0259934705337
516.47783225	0.0259930992424
516.791991516	0.0259927803769
517.106150781	0.0259923674221
517.420310046	0.025991972614
517.734469312	0.0259917750505
518.048628577	0.0259916966671
518.362787842	0.0259915242776
518.676947108	0.0259913462298
518.991106373	0.0259912901427
519.305265638	0.025991136159
519.619424904	0.0259908417555
519.933584169	0.0259905557045
520.247743435	0.0259902821333
520.5619027	0.025990039326
520.876061965	0.02598991186
521.190221231	0.0259897288541
521.504380496	0.0259893411869
521.818539761	0.0259888451276
522.132699027	0.0259883822326
522.446858292	0.0259879765242
522.761017557	0.0259875987334
523.075176823	0.025987194605
523.389336088	0.0259867662999
523.703495353	0.0259864291421
524.017654619	0.0259863420475
524.331813884	0.0259862134738
524.64597315	0.0259858672369
524.960132415	0.0259855209307
525.27429168	0.0259852438986
525.588450946	0.0259848894377
525.902610211	0.0259840246054
526.216769476	0.0259830509488
526.530928742	0.0259825032422
526.845088007	0.0259818989429
527.159247272	0.0259809483584
527.473406538	0.0259798720559
527.787565803	0.0259790248004
528.101725068	0.025978261505
528.415884334	0.0259771397581
528.730043599	0.0259759045744
529.044202865	0.0259749575546
529.35836213	0.0259742572272
529.672521395	0.0259736130627
529.986680661	0.0259729613093
530.300839926	0.0259722878664
530.614999191	0.0259716568843
530.929158457	0.0259709734782
531.243317722	0.0259699895025
531.557476987	0.0259687818292
531.871636253	0.0259676686485
532.185795518	0.0259667092233
532.499954784	0.0259657388105
532.814114049	0.0259646447435
533.128273314	0.0259636070501
533.44243258	0.0259627502736
533.756591845	0.0259618254898
534.07075111	0.025960815453
534.384910376	0.0259600111204
534.699069641	0.0259593095627
535.013228906	0.0259584472071
535.327388172	0.0259575556461
535.641547437	0.0259567850288
535.955706702	0.0259560903348
536.269865968	0.0259554199867
536.584025233	0.0259548433124
536.898184499	0.0259544361456
537.212343764	0.0259541202244
537.526503029	0.025953706591
537.840662295	0.0259533046859
538.15482156	0.0259530414875
538.468980825	0.0259527740278
538.783140091	0.0259524348469
539.097299356	0.0259521957634
539.411458621	0.0259520753957
539.725617887	0.0259518380219
540.039777152	0.0259516267616
540.353936417	0.0259516095708
540.668095683	0.0259513402662
540.982254948	0.0259510504619
541.296414214	0.0259510532514
541.610573479	0.0259509747663
541.924732744	0.0259506470257
542.23889201	0.0259503863338
542.553051275	0.0259504015044
542.86721054	0.0259503784276
543.181369806	0.0259502382464
543.495529071	0.0259501914003
543.809688336	0.0259502259322
544.123847602	0.0259502040538
544.438006867	0.0259501647692
544.752166133	0.0259500743051
545.066325398	0.025949738186
545.380484663	0.0259493104124
545.694643929	0.0259488834357
546.008803194	0.0259482647737
546.322962459	0.025947394576
546.637121725	0.0259466258317
546.95128099	0.0259459086614
547.265440255	0.0259449162204
547.579599521	0.0259437283557
547.893758786	0.0259426245704
548.207918051	0.0259416513851
548.522077317	0.0259406270182
548.836236582	0.0259395117131
549.150395848	0.0259385195964
549.464555113	0.0259377031474
549.778714378	0.0259369038463
550.092873644	0.0259358972212
550.407032909	0.0259347955298
550.721192174	0.0259337501581
551.03535144	0.0259326098337
551.349510705	0.0259312834769
551.66366997	0.0259298949249
551.977829236	0.0259284675365
552.291988501	0.0259270144026
552.606147766	0.0259255697233
552.920307032	0.025924193609
553.234466297	0.0259229330255
553.548625563	0.025921690639
553.862784828	0.0259203404544
554.176944093	0.0259191746809
554.491103359	0.0259180888918
554.805262624	0.0259170548704
555.119421889	0.0259162534323
555.433581155	0.0259153949071
555.74774042	0.0259143480843
556.061899685	0.0259133217589
556.376058951	0.0259126722315
556.690218216	0.0259121594602
557.004377482	0.0259115534538
557.318536747	0.0259109620186
557.632696012	0.0259105564008
557.946855278	0.0259102068834
558.261014543	0.0259097862592
558.575173808	0.0259094495054
558.889333074	0.0259092739966
559.203492339	0.0259092431049
559.517651604	0.0259093027926
559.83181087	0.02590930822
560.145970135	0.0259090781061
560.4601294	0.0259089081172
560.774288666	0.0259089974951
561.088447931	0.0259088957288
561.402607197	0.0259086314117
561.716766462	0.0259084993104
562.030925727	0.0259084333879
562.345084993	0.0259082878906
562.659244258	0.0259081039962
562.973403523	0.0259080599436
563.287562789	0.0259080894878
563.601722054	0.0259080878496
563.915881319	0.025908067274
564.230040585	0.0259081164916
564.54419985	0.0259080070008
564.858359115	0.0259076650338
565.172518381	0.0259072153155
565.486677646	0.0259066727781
565.800836912	0.0259060791963
566.114996177	0.025905389465
566.429155442	0.0259045864049
566.743314708	0.025903750019
567.057473973	0.0259029450141
567.371633238	0.0259021249099
567.685792504	0.0259011853603
567.999951769	0.0259001961976
568.314111034	0.0258992305307
568.6282703	0.0258981992852
568.942429565	0.0258970612693
569.256588831	0.0258959036543
569.570748096	0.0258947542317
569.884907361	0.0258935343754
570.199066627	0.0258923629048
570.513225892	0.0258912414503
570.827385157	0.0258900699952
571.141544423	0.0258888274609
571.455703688	0.0258876239172
571.769862953	0.0258864146472
572.084022219	0.0258851139391
572.398181484	0.0258838838033
572.712340749	0.0258828662518
573.026500015	0.0258819283375
573.34065928	0.0258810580607
573.654818546	0.0258804476278
573.968977811	0.0258798777461
574.283137076	0.0258790721445
574.597296342	0.0258782784513
574.911455607	0.0258777076692
575.225614872	0.0258772549179
575.539774138	0.0258765914836
575.853933403	0.0258758012165
576.168092668	0.0258751488729
576.482251934	0.0258746217252
576.796411199	0.0258740803354
577.110570464	0.0258735341115
577.42472973	0.0258730455134
577.738888995	0.0258726912123
578.053048261	0.0258724397352
578.367207526	0.0258722347527
578.681366791	0.025872199528
578.995526057	0.0258723536252
579.309685322	0.0258725070824
579.623844587	0.025872615612
579.938003853	0.0258725588336
580.252163118	0.0258723663225
580.566322383	0.0258722141721
580.880481649	0.0258719818805
581.194640914	0.0258716671716
581.50880018	0.0258713638968
581.822959445	0.0258710536784
582.13711871	0.0258706499609
582.451277976	0.0258702134552
582.765437241	0.0258697647986
583.079596506	0.025869250201
583.393755772	0.0258687879749
583.707915037	0.0258683295905
584.022074302	0.0258679354857
584.336233568	0.0258674975501
584.650392833	0.0258668759516
584.964552098	0.0258663216305
585.278711364	0.0258657319435
585.592870629	0.0258649522248
585.907029895	0.0258642251032
586.22118916	0.0258633316621
586.535348425	0.0258623191581
586.849507691	0.0258614369175
587.163666956	0.0258605516486
587.477826221	0.0258595085779
587.791985487	0.0258583988675
588.106144752	0.0258572900282
588.420304017	0.0258562288515
588.734463283	0.025855263407
589.048622548	0.0258541425841
589.362781813	0.0258531045762
589.676941079	0.0258522821255
589.991100344	0.0258513265456
590.30525961	0.0258501572105
590.619418875	0.0258490203907
590.93357814	0.0258479682915
591.247737406	0.0258468330064
591.561896671	0.0258456552175
591.876055936	0.0258448132523
592.190215202	0.0258439874564
592.504374467	0.0258429808046
592.818533732	0.0258422166612
593.132692998	0.0258416600899
593.446852263	0.025841067054
593.761011529	0.0258403919725
594.075170794	0.0258394897599
594.389330059	0.0258386410569
594.703489325	0.0258381024112
595.01764859	0.0258375221944
595.331807855	0.0258367311732
595.645967121	0.0258361813452
595.960126386	0.0258357353561
596.274285651	0.02583500883
596.588444917	0.0258341945658
596.902604182	0.0258335889055
597.216763447	0.0258331424302
597.530922713	0.025832731781
597.845081978	0.0258323809074
598.159241244	0.0258321426063
598.473400509	0.0258321273875
598.787559774	0.0258320273081
599.10171904	0.025831750947
599.415878305	0.0258315689193
599.73003757	0.0258312629983
600.044196836	0.0258308639986
600.358356101	0.0258305571523
600.672515366	0.0258303535838
600.986674632	0.0258301629005
601.300833897	0.0258298543826
601.614993162	0.0258295700154
601.929152428	0.0258292907634
602.243311693	0.0258288069157
602.557470959	0.0258286830636
602.871630224	0.0258287093435
603.185789489	0.0258281375836
603.499948755	0.0258275947092
603.81410802	0.0258275471819
604.128267285	0.025827435321
604.442426551	0.0258270750608
604.756585816	0.0258267934062
605.070745081	0.0258265973768
605.384904347	0.025826351654
605.699063612	0.0258260571808
606.013222878	0.0258256959772
606.327382143	0.0258251855017
606.641541408	0.0258246130087
606.955700674	0.0258241106072
607.269859939	0.0258235902771
607.584019204	0.0258231234299
607.89817847	0.0258224867762
608.212337735	0.0258216760574
608.526497	0.0258210871233
608.840656266	0.0258203625008
609.154815531	0.0258196112447
609.468974796	0.0258192368239
609.783134062	0.0258186758237
610.097293327	0.0258176762535
610.411452593	0.0258167740359
610.725611858	0.0258162210244
611.039771123	0.0258157239207
611.353930389	0.0258150019812
611.668089654	0.0258142206565
611.982248919	0.0258136109142
612.296408185	0.0258130186959
612.61056745	0.0258122226192
612.924726715	0.025811338846
613.238885981	0.0258104860435
613.553045246	0.0258095987382
613.867204511	0.0258086013095
614.181363777	0.0258077080014
614.495523042	0.0258067610563
614.809682308	0.0258056755364
615.123841573	0.0258046338246
615.438000838	0.0258036236735
615.752160104	0.0258025260214
616.066319369	0.025801560968
616.380478634	0.0258008542006
616.6946379	0.0258000468286
617.008797165	0.0257990602206
617.32295643	0.0257982302538
617.637115696	0.0257977041276
617.951274961	0.0257973388174
618.265434227	0.0257969872977
618.579593492	0.0257964206753
618.893752757	0.025795963427
619.207912023	0.0257957604625
619.522071288	0.025795213036
619.836230553	0.0257944716158
620.150389819	0.0257940200118
620.464549084	0.0257935888345
620.778708349	0.0257928600819
621.092867615	0.0257921732375
621.40702688	0.0257917859045
621.721186145	0.0257915366573
622.035345411	0.0257911631168
622.349504676	0.0257905512048
622.663663942	0.0257901411475
622.977823207	0.0257902344665
623.291982472	0.0257903206807
623.606141738	0.0257900644127
623.920301003	0.0257896811862
624.234460268	0.0257893913887
624.548619534	0.0257892091471
624.862778799	0.0257890677463
625.176938064	0.0257889981249
625.49109733	0.0257889472487
625.805256595	0.0257887674716
626.11941586	0.0257884660181
626.433575126	0.0257881734793
626.747734391	0.0257878675534
627.061893657	0.0257874052705
627.376052922	0.0257868477933
627.690212187	0.0257865206089
628.004371453	0.0257862041394
628.318530718	0.02578537495
628.632689983	0.025784691976
628.946849249	0.0257841539231
629.261008514	0.0257833543506
629.575167779	0.0257825317653
629.889327045	0.0257816339783
630.20348631	0.0257805736175
630.517645576	0.025779425482
630.831804841	0.0257782041645
631.145964106	0.0257769635039
631.460123372	0.025775767293
631.774282637	0.0257745857218
632.088441902	0.0257733612728
632.402601168	0.0257721146575
632.716760433	0.0257708888459
633.030919698	0.0257695491947
633.345078964	0.0257681233789
633.659238229	0.0257669452165
633.973397494	0.0257656458198
634.28755676	0.025764108457
634.601716025	0.0257626026805
634.915875291	0.0257612413225
635.230034556	0.0257599613329
635.544193821	0.0257587176225
635.858353087	0.02575748235
636.172512352	0.0257562483957
636.486671617	0.0257550653
636.800830883	0.0257539494717
637.114990148	0.0257528753241
637.429149413	0.0257517340125
637.743308679	0.0257506164865
638.057467944	0.0257497392238
638.371627209	0.0257491086345
638.685786475	0.0257486519639
638.99994574	0.0257481056454
639.314105006	0.0257474617181
639.628264271	0.0257470824491
639.942423536	0.0257466945954
640.256582802	0.0257460790164
640.570742067	0.0257456529458
640.884901332	0.0257455939587
641.199060598	0.0257455313112
641.513219863	0.0257452633785
641.827379128	0.0257449648092
642.141538394	0.0257450543142
642.455697659	0.0257452772051
642.769856925	0.0257451959014
643.08401619	0.0257450241994
643.398175455	0.025745060249
643.712334721	0.0257451637046
644.026493986	0.0257451104123
644.340653251	0.02574487535
644.654812517	0.0257445329753
644.968971782	0.0257442142922
645.283131047	0.0257440105284
645.597290313	0.0257437801653
645.911449578	0.025743388074
646.225608843	0.0257429462653
646.539768109	0.0257425896067
646.853927374	0.0257422760839
647.16808664	0.0257419171122
647.482245905	0.025741670926
647.79640517	0.0257414300449
648.110564436	0.0257410298321
648.424723701	0.0257405563777
648.738882966	0.0257400675409
649.053042232	0.0257395278516
649.367201497	0.0257388757511
649.681360762	0.0257382734458
649.995520028	0.0257376290045
650.309679293	0.0257367847139
650.623838558	0.0257358620581
650.937997824	0.0257350165934
651.252157089	0.0257341956551
651.566316355	0.0257333229566
651.88047562	0.0257324249119
652.194634885	0.0257315297435
652.508794151	0.0257308139693
652.822953416	0.0257301883997
653.137112681	0.0257294045903
653.451271947	0.0257285965731
653.765431212	0.0257278382837
654.079590477	0.0257270292698
654.393749743	0.0257262414057
654.707909008	0.0257253764115
655.022068274	0.025724270312
655.336227539	0.0257232711435
655.650386804	0.0257225151852
655.96454607	0.0257219170408
656.278705335	0.0257212170505
656.5928646	0.025720324736
656.907023866	0.0257194828746
657.221183131	0.0257187943843
657.535342396	0.0257181527218
657.849501662	0.0257174099354
658.163660927	0.0257166257612
658.477820192	0.025715914324
658.791979458	0.0257154599052
659.106138723	0.0257150939933
659.420297989	0.0257145624055
659.734457254	0.0257140908732
660.048616519	0.0257136783025
660.362775785	0.0257131255509
660.67693505	0.0257125633495
660.991094315	0.0257120334597
661.305253581	0.0257113616213
661.619412846	0.0257106551013
661.933572111	0.0257101262971
662.247731377	0.0257096272611
662.561890642	0.0257091226638
662.876049907	0.0257087694107
663.190209173	0.0257082647068
663.504368438	0.025707624074
663.818527704	0.0257072199267
664.132686969	0.0257068376979
664.446846234	0.0257062378212
664.7610055	0.0257057232395
665.075164765	0.0257054052482
665.38932403	0.025705110676
665.703483296	0.0257048488349
666.017642561	0.0257046093017
666.331801826	0.025704379387
666.645961092	0.0257042179758
666.960120357	0.0257041479083
667.274279623	0.0257039355081
667.588438888	0.0257034857974
667.902598153	0.0257031709787
668.216757419	0.0257030440924
668.530916684	0.0257026771383
668.845075949	0.0257019559841
669.159235215	0.0257015864001
669.47339448	0.0257013496768
669.787553745	0.0257008191933
670.101713011	0.0257001569183
670.415872276	0.0256996023822
670.730031541	0.0256990602008
671.044190807	0.0256985293365
671.358350072	0.0256980989023
671.672509338	0.0256975586059
671.986668603	0.0256969445456
672.300827868	0.0256965431638
672.614987134	0.025696246682
672.929146399	0.0256959159579
673.243305664	0.0256955193914
673.55746493	0.0256950659998
673.871624195	0.0256944833982
674.18578346	0.0256938023255
674.499942726	0.0256931631693
674.814101991	0.0256924386505
675.128261256	0.0256915749869
675.442420522	0.0256906680876
675.756579787	0.0256899215881
676.070739053	0.0256892580809
676.384898318	0.0256884583958
676.699057583	0.0256875179174
677.013216849	0.0256866753069
677.327376114	0.0256860001837
677.641535379	0.0256853741168
677.955694645	0.0256847852187
678.26985391	0.025684355689
678.584013175	0.0256838177735
678.898172441	0.0256833550249
679.212331706	0.0256831497763
679.526490972	0.0256828524642
679.840650237	0.0256824518008
680.154809502	0.0256822012432
680.468968768	0.0256819889504
680.783128033	0.0256815426346
681.097287298	0.0256810306472
681.411446564	0.025680737111
681.725605829	0.0256804346267
682.039765094	0.0256800085574
682.35392436	0.0256797376477
682.668083625	0.0256797633508
682.98224289	0.0256792756646
683.296402156	0.0256785602042
683.610561421	0.0256780575297
683.924720687	0.0256774226521
684.238879952	0.0256768543638
684.553039217	0.0256764645874
684.867198483	0.0256760083242
685.181357748	0.0256754487741
685.495517013	0.0256748112577
685.809676279	0.0256741989881
686.123835544	0.0256737137762
686.437994809	0.0256732376796
686.752154075	0.0256727507656
687.06631334	0.0256722961106
687.380472605	0.0256718852679
687.694631871	0.0256714235476
688.008791136	0.0256709766344
688.322950402	0.025670576651
688.637109667	0.0256698360972
688.951268932	0.0256686284366
689.265428198	0.0256673030339
689.579587463	0.0256660948732
689.893746728	0.0256649837861
690.207905994	0.0256639179818
690.522065259	0.0256629845593
690.836224524	0.0256620391189
691.15038379	0.0256609187076
691.464543055	0.0256597743341
691.778702321	0.0256590950025
692.092861586	0.0256582038801
692.407020851	0.0256568107225
692.721180117	0.0256556904426
693.035339382	0.0256549758951
693.349498647	0.0256541828042
693.663657913	0.0256531288741
693.977817178	0.0256520773464
694.291976443	0.0256510333278
694.606135709	0.0256499003314
694.920294974	0.0256488933379
695.234454239	0.0256479379268
695.548613505	0.0256468595871
695.86277277	0.0256458260374
696.176932036	0.0256450221268
696.491091301	0.0256444940634
696.805250566	0.0256438594878
697.119409832	0.0256429845437
697.433569097	0.0256423505753
697.747728362	0.025641808378
698.061887628	0.0256410394823
698.376046893	0.0256404838492
698.690206158	0.0256400550792
699.004365424	0.0256391125112
699.318524689	0.0256380387085
699.632683954	0.0256374207898
699.94684322	0.0256369678174
700.261002485	0.0256363790482
700.575161751	0.0256357305855
700.889321016	0.0256351254234
701.203480281	0.0256346498284
701.517639547	0.0256342210279
701.831798812	0.0256339456975
702.145958077	0.0256339315236
702.460117343	0.0256338651766
702.774276608	0.0256335708504
703.088435873	0.0256334253819
703.402595139	0.025633295503
703.716754404	0.0256329098037
704.03091367	0.0256324540597
704.345072935	0.0256321748714
704.6592322	0.0256318338379
704.973391466	0.0256313494378
705.287550731	0.0256309491283
705.601709996	0.0256305298897
705.915869262	0.0256298837238
706.230028527	0.0256292740269
706.544187792	0.0256289331777
706.858347058	0.0256286718318
707.172506323	0.025628255823
707.486665588	0.0256277209114
707.800824854	0.025627262061
708.114984119	0.0256270771143
708.429143385	0.0256266087803
708.74330265	0.0256258200313
709.057461915	0.0256253702761
709.371621181	0.0256250672929
709.685780446	0.0256243106255
709.999939711	0.0256232765091
710.314098977	0.0256226087102
710.628258242	0.0256221314092
710.942417507	0.02562139641
711.256576773	0.025620430724
711.570736038	0.0256195210331
711.884895303	0.0256187798307
712.199054569	0.0256179985809
712.513213834	0.0256168990578
712.8273731	0.0256156351869
713.141532365	0.0256145922608
713.45569163	0.0256137217288
713.769850896	0.0256127127503
714.084010161	0.0256114172607
714.398169426	0.0256103364387
714.712328692	0.0256095935863
715.026487957	0.0256086384711
715.340647222	0.0256074348346
715.654806488	0.025606302804
715.968965753	0.0256053194313
716.283125019	0.0256043321655
716.597284284	0.025603178341
716.911443549	0.0256020074254
717.225602815	0.0256011901192
717.53976208	0.0256004068349
717.853921345	0.025599295027
718.168080611	0.0255983634041
718.482239876	0.0255978404948
718.796399141	0.0255972373664
719.110558407	0.0255963558566
719.424717672	0.025595392013
719.738876937	0.0255946264135
720.053036203	0.025594073015
720.367195468	0.0255935117778
720.681354734	0.0255929379257
720.995513999	0.0255925870733
721.309673264	0.0255925094532
721.62383253	0.0255924592693
721.937991795	0.0255923158955
722.25215106	0.0255921919326
722.566310326	0.0255920282519
722.880469591	0.025591793254
723.194628856	0.0255915811201
723.508788122	0.0255912099504
723.822947387	0.0255909007301
724.137106652	0.0255907633479
724.451265918	0.0255906321865
724.765425183	0.0255904186391
725.079584449	0.0255900065534
725.393743714	0.0255896088545
725.707902979	0.0255893529651
726.022062245	0.0255889585983
726.33622151	0.0255884991929
726.650380775	0.025588311774
726.964540041	0.0255882784958
727.278699306	0.0255882819075
727.592858571	0.0255882709921
727.907017837	0.0255881411266
728.221177102	0.0255879513833
728.535336368	0.0255877289847
728.849495633	0.0255873797147
729.163654898	0.0255868051873
729.477814164	0.0255861563824
729.791973429	0.0255856842379
730.106132694	0.0255851710299
730.42029196	0.0255844529566
730.734451225	0.0255839194983
731.04861049	0.0255834639975
731.362769756	0.0255826518381
731.676929021	0.0255817619957
731.991088286	0.0255813369482
732.305247552	0.0255809810164
732.619406817	0.0255802835807
732.933566083	0.0255796589463
733.247725348	0.0255793272439
733.561884613	0.0255789296645
733.876043879	0.0255783515123
734.190203144	0.0255778016792
734.504362409	0.0255772823692
734.818521675	0.0255767649171
735.13268094	0.0255762219916
735.446840205	0.0255756324149
735.760999471	0.0255749624191
736.075158736	0.0255741512975
736.389318001	0.0255733786467
736.703477267	0.0255728232554
737.017636532	0.0255722435463
737.331795798	0.0255714110992
737.645955063	0.0255705792545
737.960114328	0.0255697845219
738.274273594	0.0255688427555
738.588432859	0.0255681468575
738.902592124	0.025567597727
739.21675139	0.02556679205
739.530910655	0.0255659878697
739.84506992	0.025565443394
740.159229186	0.0255649605441
740.473388451	0.0255644457487
740.787547717	0.0255640301306
741.101706982	0.025563666452
741.415866247	0.0255632164212
741.730025513	0.0255627396616
742.044184778	0.0255624219076
742.358344043	0.0255620363169
742.672503309	0.0255613240415
742.986662574	0.02556054208
743.300821839	0.025560029267
743.614981105	0.0255595428103
743.92914037	0.0255587601907
744.243299635	0.0255579957331
744.557458901	0.0255574644688
744.871618166	0.0255570625154
745.185777432	0.0255564600313
745.499936697	0.0255559594753
745.814095962	0.0255558949591
746.128255228	0.0255557072127
746.442414493	0.025555264224
746.756573758	0.025554980936
747.070733024	0.025554861372
747.384892289	0.0255547453644
747.699051554	0.0255546124859
748.01321082	0.0255545799773
748.327370085	0.0255545115318
748.64152935	0.025554374995
748.955688616	0.0255541681685
749.269847881	0.0255538859046
749.584007147	0.0255535507969
749.898166412	0.0255531831632
750.212325677	0.0255528533679
750.526484943	0.0255524624191
750.840644208	0.0255520199204
751.154803473	0.0255518322705
751.468962739	0.0255515792765
751.783122004	0.0255511503555
752.097281269	0.0255506687008
752.411440535	0.0255502241725
752.7255998	0.0255498042957
753.039759066	0.025549066704
753.353918331	0.0255479289666
753.668077596	0.0255468496237
753.982236862	0.0255460509481
754.296396127	0.0255453371675
754.610555392	0.0255445813257
754.924714658	0.0255437828447
755.238873923	0.025542899118
755.553033188	0.0255419419597
755.867192454	0.0255410304535
756.181351719	0.0255401101235
756.495510984	0.0255391948835
756.80967025	0.025538418291
757.123829515	0.0255377656298
757.437988781	0.0255368626405
757.752148046	0.0255356614427
758.066307311	0.0255347820166
758.380466577	0.0255338441022
758.694625842	0.0255326547658
759.008785107	0.0255315418278
759.322944373	0.0255305060294
759.637103638	0.025529366864
759.951262903	0.025528215662
760.265422169	0.0255271435283
760.579581434	0.0255260827628
760.893740699	0.0255251795877
761.207899965	0.0255244731545
761.52205923	0.025523875173
761.836218496	0.0255231843772
762.150377761	0.0255224672284
762.464537026	0.0255218924425
762.778696292	0.0255213060864
763.092855557	0.0255207095489
763.407014822	0.0255203612368
763.721174088	0.0255200434908
764.035333353	0.0255194870966
764.349492618	0.0255190156992
764.663651884	0.0255187304914
764.977811149	0.0255184421992
765.291970415	0.0255180730666
765.60612968	0.0255176681311
765.920288945	0.0255172623274
766.234448211	0.0255167924141
766.548607476	0.0255163177783
766.862766741	0.0255159326109
767.176926007	0.0255156183213
767.491085272	0.0255152063009
767.805244537	0.0255147189084
768.119403803	0.0255142311265
768.433563068	0.0255136266707
768.747722333	0.0255128613272
769.061881599	0.0255121162544
769.376040864	0.0255114123455
769.69020013	0.0255106503196
770.004359395	0.0255099488711
770.31851866	0.025509431585
770.632677926	0.02550887849
770.946837191	0.0255081639435
771.260996456	0.0255075114988
771.575155722	0.025506885647
771.889314987	0.0255061227686
772.203474252	0.0255052289249
772.517633518	0.0255042950458
772.831792783	0.025503388765
773.145952048	0.0255024412057
773.460111314	0.0255012831478
773.774270579	0.0255000874589
774.088429845	0.0254990057565
774.40258911	0.0254978009443
774.716748375	0.0254964929106
775.030907641	0.0254953078232
775.345066906	0.0254942485508
775.659226171	0.0254932352909
775.973385437	0.0254923296976
776.287544702	0.0254916162324
776.601703967	0.0254911321741
776.915863233	0.0254906971043
777.230022498	0.0254901296692
777.544181764	0.0254894500541
777.858341029	0.0254886791556
778.172500294	0.0254879254281
778.48665956	0.0254872202227
778.800818825	0.0254865836794
779.11497809	0.0254860342384
779.429137356	0.0254855363558
779.743296621	0.0254849306379
780.057455886	0.0254842576526
780.371615152	0.0254838519998
780.685774417	0.0254834773356
780.999933682	0.0254829175827
781.314092948	0.0254825144715
781.628252213	0.0254824948175
781.942411479	0.025482633685
782.256570744	0.0254827062712
782.570730009	0.0254826489147
782.884889275	0.0254826025499
783.19904854	0.0254826318594
783.513207805	0.0254825406309
783.827367071	0.0254822484785
784.141526336	0.0254819890565
784.455685601	0.0254818565874
784.769844867	0.0254816075616
785.084004132	0.0254814096993
785.398163397	0.0254813965012
785.712322663	0.025481261087
786.026481928	0.025481022447
786.340641194	0.0254809094569
786.654800459	0.025480774657
786.968959724	0.0254805361338
787.28311899	0.0254804719132
787.597278255	0.0254804225985
787.91143752	0.0254801920458
788.225596786	0.0254800331581
788.539756051	0.0254800794386
788.853915316	0.0254801732932
789.168074582	0.0254801412179
789.482233847	0.0254800601246
789.796393113	0.0254800537682
790.110552378	0.0254799697065
790.424711643	0.025479662347
790.738870909	0.0254793216585
791.053030174	0.0254790214049
791.367189439	0.0254784837968
791.681348705	0.025477787501
791.99550797	0.0254772422921
792.309667235	0.0254767209911
792.623826501	0.0254759187235
792.937985766	0.0254749606069
793.252145031	0.0254740489526
793.566304297	0.0254731464889
793.880463562	0.0254722506199
794.194622828	0.0254713471666
794.508782093	0.0254703858394
794.822941358	0.0254694556623
795.137100624	0.0254685527691
795.451259889	0.0254676727567
795.765419154	0.0254668346601
796.07957842	0.0254660185882
796.393737685	0.0254652556455
796.70789695	0.0254643582761
797.022056216	0.0254633698133
797.336215481	0.0254624836294
797.650374747	0.0254614979748
797.964534012	0.0254603442572
798.278693277	0.0254592365528
798.592852543	0.0254581040677
798.907011808	0.025456955326
799.221171073	0.0254558764913
799.535330339	0.025454851921
799.849489604	0.0254538385204
800.163648869	0.0254527896181
800.477808135	0.025451994714
800.7919674	0.0254514685626
801.106126665	0.0254509064196
801.420285931	0.0254502545511
801.734445196	0.0254497734844
802.048604462	0.0254494592005
802.362763727	0.0254490648577
802.676922992	0.0254485527775
802.991082258	0.0254481799424
803.305241523	0.0254479676846
803.619400788	0.025447675094
803.933560054	0.0254472889549
804.247719319	0.0254469730723
804.561878584	0.0254467080535
804.87603785	0.0254463688917
805.190197115	0.0254460685419
805.50435638	0.0254457840915
805.818515646	0.025445574786
806.132674911	0.0254453811189
806.446834177	0.0254451340031
806.760993442	0.0254448668051
807.075152707	0.0254446855993
807.389311973	0.0254446436984
807.703471238	0.0254445310692
808.017630503	0.0254442560818
808.331789769	0.0254438590459
808.645949034	0.0254434847162
808.960108299	0.0254431976038
809.274267565	0.0254428701256
809.58842683	0.025442456038
809.902586096	0.0254421226823
810.216745361	0.0254418216792
810.530904626	0.0254414876375
810.845063892	0.0254410477809
811.159223157	0.0254403799512
811.473382422	0.0254397654089
811.787541688	0.0254393474728
812.101700953	0.0254387790456
812.415860218	0.0254378931152
812.730019484	0.0254368427238
813.044178749	0.0254359423963
813.358338014	0.0254352821519
813.67249728	0.0254345070667
813.986656545	0.025433510898
814.300815811	0.0254325144935
814.614975076	0.0254315528664
814.929134341	0.0254305331976
815.243293607	0.025429442962
815.557452872	0.0254283394676
815.871612137	0.0254273789941
816.185771403	0.025426690577
816.499930668	0.0254261068551
816.814089933	0.0254252669701
817.128249199	0.025424312417
817.442408464	0.0254234146849
817.756567729	0.0254224012284
818.070726995	0.0254212215837
818.38488626	0.0254201233628
818.699045526	0.025419226567
819.013204791	0.0254183155831
819.327364056	0.0254173954708
819.641523322	0.0254166586035
819.955682587	0.0254160268399
820.269841852	0.0254154087136
820.584001118	0.025414771496
820.898160383	0.0254139314858
821.212319648	0.0254131413287
821.526478914	0.0254125265653
821.840638179	0.0254117756469
822.154797445	0.0254108864542
822.46895671	0.0254099728102
822.783115975	0.0254090935816
823.097275241	0.0254082616797
823.411434506	0.0254075652651
823.725593771	0.0254068242625
824.039753037	0.0254059585449
824.353912302	0.025405126962
824.668071567	0.0254044971557
824.982230833	0.0254040926181
825.296390098	0.0254038111615
825.610549363	0.0254035947158
825.924708629	0.0254034861671
826.238867894	0.0254034923343
826.55302716	0.0254034703861
826.867186425	0.0254032572319
827.18134569	0.0254029257532
827.495504956	0.0254028506059
827.809664221	0.0254027850318
828.123823486	0.0254024525
828.437982752	0.0254021000083
828.752142017	0.0254018184894
829.066301282	0.0254014493247
829.380460548	0.025401199061
829.694619813	0.0254010660056
830.008779078	0.0254008099494
830.322938344	0.0254006228964
830.637097609	0.0254007011784
830.951256875	0.0254008619728
831.26541614	0.0254009829497
831.579575405	0.0254010791844
831.893734671	0.0254011656637
832.207893936	0.0254011853104
832.522053201	0.0254010038367
832.836212467	0.025400519478
833.150371732	0.0254000190448
833.464530997	0.02539976748
833.778690263	0.0253995004694
834.092849528	0.0253989641603
834.407008794	0.0253983635752
834.721168059	0.0253977964505
835.035327324	0.0253971764258
835.34948659	0.0253965957134
835.663645855	0.0253958819999
835.97780512	0.0253951382644
836.291964386	0.0253946028451
836.606123651	0.0253939766407
836.920282916	0.0253932519357
837.234442182	0.0253926472341
837.548601447	0.0253920193597
837.862760712	0.0253912532673
838.176919978	0.0253904563473
838.491079243	0.0253897094728
838.805238509	0.0253889490006
839.119397774	0.0253880853444
839.433557039	0.0253871413032
839.747716305	0.0253862352194
840.06187557	0.0253854259347
840.376034835	0.0253846789763
840.690194101	0.0253839191103
841.004353366	0.0253831719769
841.318512631	0.0253825993017
841.632671897	0.025381791224
841.946831162	0.0253808179518
842.260990427	0.0253800815431
842.575149693	0.025379374662
842.889308958	0.0253786099314
843.203468224	0.0253779589694
843.517627489	0.0253773617694
843.831786754	0.0253767935145
844.14594602	0.0253764000519
844.460105285	0.0253761612146
844.77426455	0.0253759081788
845.088423816	0.0253756055952
845.402583081	0.0253753372144
845.716742346	0.0253751390302
846.030901612	0.0253749657149
846.345060877	0.0253747082524
846.659220143	0.0253743079272
846.973379408	0.025374020335
847.287538673	0.0253737373226
847.601697939	0.0253732926284
847.915857204	0.0253727456757
848.230016469	0.0253721956239
848.544175735	0.0253716278022
848.858335	0.0253709720634
849.172494265	0.0253703389693
849.486653531	0.025369859228
849.800812796	0.0253695236337
850.114972061	0.025369075676
850.429131327	0.0253686370169
850.743290592	0.0253684301341
851.057449858	0.0253682153417
851.371609123	0.0253677055991
851.685768388	0.0253670259027
851.999927654	0.025366288302
852.314086919	0.0253655544342
852.628246184	0.0253648499886
852.94240545	0.0253638915109
853.256564715	0.0253627672468
853.57072398	0.0253617615431
853.884883246	0.0253607536767
854.199042511	0.0253596272032
854.513201776	0.0253585567503
854.827361042	0.0253574410369
855.141520307	0.0253562437782
855.455679573	0.0253551893281
855.769838838	0.0253542216835
856.083998103	0.0253532775214
856.398157369	0.0253524406336
856.712316634	0.0253515318386
857.026475899	0.0253505464234
857.340635165	0.0253496558405
857.65479443	0.0253488237799
857.968953695	0.0253480390666
858.283112961	0.0253472820868
858.597272226	0.0253465006722
858.911431492	0.0253457663488
859.225590757	0.0253451417725
859.539750022	0.0253445485667
859.853909288	0.0253438102966
860.168068553	0.0253431492451
860.482227818	0.0253426596315
860.796387084	0.025342019303
861.110546349	0.0253410995084
861.424705614	0.0253401030897
861.73886488	0.0253392682468
862.053024145	0.025338596401
862.36718341	0.0253379236764
862.681342676	0.0253371535207
862.995501941	0.025336445319
863.309661207	0.0253359597409
863.623820472	0.0253354742354
863.937979737	0.0253348384079
864.252139003	0.0253342724791
864.566298268	0.0253339036925
864.880457533	0.0253336337817
865.194616799	0.0253333956016
865.508776064	0.0253332357479
865.822935329	0.0253330778484
866.137094595	0.0253328063895
866.45125386	0.0253325787141
866.765413125	0.0253323816806
867.079572391	0.0253320190117
867.393731656	0.0253315174093
867.707890922	0.0253311960639
868.022050187	0.0253310996135
868.336209452	0.0253310360429
868.650368718	0.0253309633467
868.964527983	0.0253310239187
869.278687248	0.0253312015292
869.592846514	0.0253312849776
869.907005779	0.0253313398038
870.221165044	0.02533157253
870.53532431	0.0253316914474
870.849483575	0.025331615163
871.163642841	0.0253316174093
871.477802106	0.025331743064
871.791961371	0.0253318341557
872.106120637	0.0253318107032
872.420279902	0.0253316962445
872.734439167	0.0253314899316
873.048598433	0.025331394544
873.362757698	0.0253312790324
873.676916963	0.0253309843615
873.991076229	0.0253307392114
874.305235494	0.0253306091557
874.619394759	0.0253305778663
874.933554025	0.0253307171764
875.24771329	0.0253308166092
875.561872556	0.0253306425672
875.876031821	0.0253302260103
876.190191086	0.025329841219
876.504350352	0.0253294967527
876.818509617	0.025329084441
877.132668882	0.0253283590156
877.446828148	0.0253273586587
877.760987413	0.0253264270765
878.075146678	0.0253256742444
878.389305944	0.0253249349535
878.703465209	0.0253240403716
879.017624474	0.0253231822378
879.33178374	0.02532251515
879.645943005	0.0253218567089
879.960102271	0.0253212256273
880.274261536	0.0253207451333
880.588420801	0.0253203599419
880.902580067	0.0253199545995
881.216739332	0.0253194425439
881.530898597	0.0253187103485
881.845057863	0.0253178758384
882.159217128	0.0253172158078
882.473376393	0.0253166841209
882.787535659	0.0253160175446
883.101694924	0.0253152522793
883.41585419	0.0253145554016
883.730013455	0.0253139827938
884.04417272	0.0253134799381
884.358331986	0.025312794687
884.672491251	0.0253119625485
884.986650516	0.0253114015321
885.300809782	0.0253110954653
885.614969047	0.0253106623783
885.929128312	0.0253103868237
886.243287578	0.0253101999977
886.557446843	0.0253098294332
886.871606108	0.0253094644069
887.185765374	0.0253091442409
887.499924639	0.0253087788088
887.814083905	0.0253082682978
888.12824317	0.0253075812171
888.442402435	0.0253069109045
888.756561701	0.0253064874084
889.070720966	0.0253061519259
889.384880231	0.0253055541249
889.699039497	0.0253047413979
890.013198762	0.0253041141745
890.327358027	0.0253036023383
890.641517293	0.0253029569711
890.955676558	0.0253021497022
891.269835823	0.0253012750429
891.583995089	0.0253003814702
891.898154354	0.0252994452985
892.21231362	0.0252986771429
892.526472885	0.0252979465748
892.84063215	0.0252969928006
893.154791416	0.0252960201872
893.468950681	0.0252952497104
893.783109946	0.0252944753589
894.097269212	0.025293519852
894.411428477	0.0252924869593
894.725587742	0.0252915030664
895.039747008	0.0252906699222
895.353906273	0.0252899321773
895.668065539	0.0252890065301
895.982224804	0.025287970535
896.296384069	0.0252871440662
896.610543335	0.0252862175006
896.9247026	0.0252850887345
897.238861865	0.0252839456397
897.553021131	0.0252830221416
897.867180396	0.0252822071809
898.181339661	0.0252812852945
898.495498927	0.0252803925532
898.809658192	0.0252797714516
899.123817457	0.025279409972
899.437976723	0.0252792357807
899.752135988	0.0252790209977
900.066295254	0.0252785801901
900.380454519	0.0252781358891
900.694613784	0.0252775497931
901.00877305	0.0252766014877
901.322932315	0.0252757523416
901.63709158	0.0252750559978
901.951250846	0.0252741817831
902.265410111	0.0252732719055
902.579569376	0.0252725379089
902.893728642	0.025271839769
903.207887907	0.0252711807255
903.522047172	0.0252704871995
903.836206438	0.0252695734646
904.150365703	0.0252686626716
904.464524969	0.0252681686073
904.778684234	0.0252679001482
905.092843499	0.0252674930049
905.407002765	0.0252671533967
905.72116203	0.0252670777835
906.035321295	0.0252670435271
906.349480561	0.0252666991731
906.663639826	0.0252664134823
906.977799091	0.0252662104417
907.291958357	0.0252658125187
907.606117622	0.0252653755689
907.920276888	0.0252651148331
908.234436153	0.0252648549773
908.548595418	0.0252645107456
908.862754684	0.0252643565236
909.176913949	0.0252646291461
909.491073214	0.0252649441302
909.80523248	0.0252645537348
910.119391745	0.0252640890964
910.43355101	0.025264081044
910.747710276	0.0252638193907
911.061869541	0.0252635067092
911.376028806	0.0252634350897
911.690188072	0.0252633289674
912.004347337	0.0252631127548
912.318506603	0.025262981276
912.632665868	0.0252630377589
912.946825133	0.0252631970783
913.260984399	0.0252633002901
913.575143664	0.0252634296522
913.889302929	0.0252636683598
914.203462195	0.0252638637565
914.51762146	0.0252639773529
914.831780725	0.0252640733426
915.145939991	0.0252641716199
915.460099256	0.0252642926201
915.774258521	0.0252642603236
916.088417787	0.0252636627678
916.402577052	0.025263091593
916.716736318	0.0252628058472
917.030895583	0.0252624861882
917.345054848	0.025261963486
917.659214114	0.0252614186333
917.973373379	0.0252610662279
918.287532644	0.0252608588564
918.60169191	0.0252605122679
918.915851175	0.0252599860585
919.23001044	0.0252595864039
919.544169706	0.0252594693309
919.858328971	0.0252594228777
920.172488237	0.0252591655082
920.486647502	0.0252588641669
920.800806767	0.0252585204962
921.114966033	0.0252579207801
921.429125298	0.0252573249846
921.743284563	0.0252567439267
922.057443829	0.025255942746
922.371603094	0.0252550389488
922.685762359	0.025254247142
922.999921625	0.0252535683444
923.31408089	0.0252528648734
923.628240155	0.0252522295256
923.942399421	0.0252516183268
924.256558686	0.0252509678613
924.570717952	0.025250394007
924.884877217	0.0252497814709
925.199036482	0.0252490495713
925.513195748	0.0252484372286
925.827355013	0.0252476434529
926.141514278	0.0252467565186
926.455673544	0.0252460494763
926.769832809	0.025245344784
927.083992074	0.0252445838397
927.39815134	0.0252437652289
927.712310605	0.0252428919276
928.02646987	0.025242041818
928.340629136	0.0252414227367
928.654788401	0.0252408648211
928.968947667	0.025240228793
929.283106932	0.0252396869083
929.597266197	0.0252394190279
929.911425463	0.0252390506653
930.225584728	0.0252380700426
930.539743993	0.0252371111753
930.853903259	0.0252364617363
931.168062524	0.0252357261474
931.482221789	0.0252346877425
931.796381055	0.0252335306944
932.11054032	0.0252326181569
932.424699586	0.025231844834
932.738858851	0.0252308061078
933.053018116	0.025229675391
933.367177382	0.0252288102142
933.681336647	0.02522810251
933.995495912	0.0252273073289
934.309655178	0.0252263847599
934.623814443	0.0252254372329
934.937973708	0.0252246352127
935.252132974	0.0252239394108
935.566292239	0.0252232973228
935.880451504	0.0252226398544
936.19461077	0.0252218664591
936.508770035	0.025221228059
936.822929301	0.0252206162483
937.137088566	0.0252198502806
937.451247831	0.0252191586779
937.765407097	0.0252185429303
938.079566362	0.0252180725655
938.393725627	0.0252173390835
938.707884893	0.025216381397
939.022044158	0.0252158437724
939.336203423	0.0252154549312
939.650362689	0.0252147019901
939.964521954	0.0252139305224
940.278681219	0.0252134911569
940.592840485	0.0252131153288
940.90699975	0.0252125056002
941.221159016	0.0252117692662
941.535318281	0.0252111266372
941.849477546	0.0252105227862
942.163636812	0.0252098731087
942.477796077	0.0252092378251
942.791955342	0.0252086342951
943.106114608	0.0252080522567
943.420273873	0.0252074302603
943.734433138	0.0252068445505
944.048592404	0.0252062609514
944.362751669	0.0252055726506
944.676910935	0.0252049615817
944.9910702	0.0252043196658
945.305229465	0.0252034896462
945.619388731	0.0252029178582
945.933547996	0.025202379083
946.247707261	0.0252014066198
946.561866527	0.0252002942045
946.876025792	0.0251994221887
947.190185057	0.0251987001609
947.504344323	0.0251979491512
947.818503588	0.0251972043857
948.132662853	0.0251966076863
948.446822119	0.0251962084813
948.760981384	0.0251958557256
949.07514065	0.0251954831279
949.389299915	0.0251951160766
949.70345918	0.0251946221014
950.017618446	0.025193925448
950.331777711	0.0251932637428
950.645936976	0.0251926650114
950.960096242	0.0251921451285
951.274255507	0.0251917102883
951.588414772	0.0251912795649
951.902574038	0.0251907260914
952.216733303	0.0251901726
952.530892568	0.0251898753118
952.845051834	0.0251896592759
953.159211099	0.025189224407
953.473370365	0.0251888791993
953.78752963	0.0251890052762
954.101688895	0.0251894036537
954.415848161	0.0251897288533
954.730007426	0.025190008852
955.044166691	0.0251903608613
955.358325957	0.0251906507333
955.672485222	0.0251909731476
955.986644487	0.0251911734243
956.300803753	0.0251912192107
956.614963018	0.025191319986
956.929122284	0.0251915111927
957.243281549	0.025191693768
957.557440814	0.02519186467
957.87160008	0.0251922583482
958.185759345	0.0251926864353
958.49991861	0.0251927968384
958.814077876	0.0251928377526
959.128237141	0.0251929130796
959.442396406	0.0251932996561
959.756555672	0.0251936786407
960.070714937	0.0251936661305
960.384874202	0.0251936903273
960.699033468	0.0251939765673
961.013192733	0.025194246937
961.327351999	0.0251942358573
961.641511264	0.0251941385164
961.955670529	0.0251940953531
962.269829795	0.0251940014989
962.58398906	0.0251937468117
962.898148325	0.0251933058352
963.212307591	0.0251928394451
963.526466856	0.0251923545858
963.840626121	0.0251916978717
964.154785387	0.025190895214
964.468944652	0.0251900186243
964.783103917	0.0251889968838
965.097263183	0.0251878927566
965.411422448	0.0251867614852
965.725581714	0.0251854476537
966.039740979	0.0251841430819
966.353900244	0.0251830782943
966.66805951	0.0251819401118
966.982218775	0.0251805512306
967.29637804	0.0251791307906
967.610537306	0.0251778858813
967.924696571	0.0251768193089
968.238855836	0.0251757744592
968.553015102	0.025174666344
968.867174367	0.0251735038946
969.181333633	0.0251723005998
969.495492898	0.0251712324615
969.809652163	0.0251700957991
970.123811429	0.0251687656813
970.437970694	0.0251675451264
970.752129959	0.0251663784219
971.066289225	0.0251649590646
971.38044849	0.0251635804993
971.694607755	0.0251625769116
972.008767021	0.0251614944382
972.322926286	0.0251602168093
972.637085551	0.0251590121713
972.951244817	0.0251581318429
973.265404082	0.025157396569
973.579563348	0.0251564925922
973.893722613	0.0251555019771
974.207881878	0.0251547317549
974.522041144	0.0251542839118
974.836200409	0.025153992037
975.150359674	0.0251535927691
975.46451894	0.0251529731006
975.778678205	0.0251524880984
976.09283747	0.0251521124963
976.406996736	0.0251514134843
976.721156001	0.0251505384882
977.035315266	0.0251498219365
977.349474532	0.0251492228161
977.663633797	0.0251486139619
977.977793063	0.0251480109202
978.291952328	0.0251476734853
978.606111593	0.0251474555753
978.920270859	0.0251468407139
979.234430124	0.0251461267337
979.548589389	0.0251456086093
979.862748655	0.025144999557
980.17690792	0.0251442674586
980.491067185	0.0251433676651
980.805226451	0.0251423165391
981.119385716	0.0251413268979
981.433544982	0.0251405771097
981.747704247	0.025139876153
982.061863512	0.0251390515983
982.376022778	0.0251382055718
982.690182043	0.0251374389315
983.004341308	0.0251366501413
983.318500574	0.0251358827459
983.632659839	0.0251352783987
983.946819104	0.0251347026935
984.26097837	0.0251341411291
984.575137635	0.0251336930369
984.8892969	0.0251333816113
985.203456166	0.0251329050978
985.517615431	0.0251320556628
985.831774697	0.0251313408879
986.145933962	0.0251308303443
986.460093227	0.0251301794787
986.774252493	0.0251293830316
987.088411758	0.0251287040165
987.402571023	0.0251281238567
987.716730289	0.025127597058
988.030889554	0.0251271197651
988.345048819	0.025126766933
988.659208085	0.0251266129726
988.97336735	0.0251266664067
989.287526615	0.025126707672
989.601685881	0.0251265666521
989.915845146	0.0251264633548
990.230004412	0.0251264357807
990.544163677	0.025126351571
990.858322942	0.0251261593039
991.172482208	0.0251259871015
991.486641473	0.0251259919483
991.800800738	0.0251261088606
992.114960004	0.0251262395641
992.429119269	0.0251263804838
992.743278534	0.0251265760385
993.0574378	0.0251267727084
993.371597065	0.02512698045
993.685756331	0.025127322313
993.999915596	0.0251276008085
994.314074861	0.0251278023247
994.628234127	0.0251281577743
994.942393392	0.0251284423081
995.256552657	0.0251286293539
995.570711923	0.0251288871785
995.884871188	0.0251291140802
996.199030453	0.025129305347
996.513189719	0.0251295686018
996.827348984	0.0251299152843
997.141508249	0.0251303833652
997.455667515	0.0251309336697
997.76982678	0.0251314863652
998.083986046	0.0251320222585
998.398145311	0.0251325576567
998.712304576	0.0251329801177
999.026463842	0.0251333140374
999.340623107	0.0251336793418
999.654782372	0.0251337528884
999.968941638	0.0251337270543
1000.2831009	0.0251337975879
1000.59726017	0.0251337041622
1000.91141943	0.0251335235503
1001.2255787	0.025133390358
1001.53973796	0.0251330911814
1001.85389723	0.0251325952525
1002.1680565	0.0251321447424
1002.48221576	0.0251318621546
1002.79637503	0.0251316339033
1003.11053429	0.0251313900876
1003.42469356	0.0251311342062
1003.73885282	0.0251308299328
1004.05301209	0.0251303944137
1004.36717135	0.025129711962
1004.68133062	0.0251288925933
1004.99548988	0.0251281276483
1005.30964915	0.0251269856575
1005.62380841	0.0251257203632
1005.93796768	0.0251247911447
1006.25212694	0.0251237970074
1006.56628621	0.0251224030147
1006.88044548	0.0251210870918
1007.19460474	0.0251199755299
1007.50876401	0.0251186153719
1007.82292327	0.0251171027777
1008.13708254	0.0251159012008
1008.4512418	0.0251147150981
1008.76540107	0.0251133978846
1009.07956033	0.0251122884564
1009.3937196	0.0251113954179
1009.70787886	0.0251103672793
1010.02203813	0.0251090316303
1010.33619739	0.0251077851157
1010.65035666	0.0251066426568
1010.96451593	0.0251052571967
1011.27867519	0.0251037523436
1011.59283446	0.0251024160403
1011.90699372	0.0251011147879
1012.22115299	0.0250996960969
1012.53531225	0.0250982689334
1012.84947152	0.0250970698721
1013.16363078	0.0250958432015
1013.47779005	0.0250944083273
1013.79194931	0.0250930948581
1014.10610858	0.0250919404205
1014.42026784	0.0250906907991
1014.73442711	0.0250893946784
1015.04858637	0.025088248397
1015.36274564	0.025087166616
1015.67690491	0.0250860573069
1015.99106417	0.0250849800755
1016.30522344	0.0250840670306
1016.6193827	0.0250833417793
1016.93354197	0.02508257264
1017.24770123	0.0250816709689
1017.5618605	0.0250808829768
1017.87601976	0.0250801611563
1018.19017903	0.0250793047841
1018.50433829	0.0250783451699
1018.81849756	0.0250775152181
1019.13265682	0.0250767117562
1019.44681609	0.0250758526712
1019.76097536	0.0250750766106
1020.07513462	0.0250742938737
1020.38929389	0.0250734525611
1020.70345315	0.0250726249493
1021.01761242	0.0250719528843
1021.33177168	0.0250713984011
1021.64593095	0.0250708208765
1021.96009021	0.0250702321474
1022.27424948	0.0250697536887
1022.58840874	0.0250693686436
1022.90256801	0.0250690274183
1023.21672727	0.0250687857124
1023.53088654	0.0250686645633
1023.8450458	0.0250686197576
1024.15920507	0.0250685518165
1024.47336434	0.0250685293456
1024.7875236	0.0250685908082
1025.10168287	0.0250685397671
1025.41584213	0.0250683704255
1025.7300014	0.0250682498067
1026.04416066	0.0250682098886
1026.35831993	0.0250682367339
1026.67247919	0.0250682833653
1026.98663846	0.0250683609497
1027.30079772	0.0250685375638
1027.61495699	0.025068788438
1027.92911625	0.0250690842396
1028.24327552	0.0250694176366
1028.55743479	0.0250697414727
1028.87159405	0.0250700690264
1029.18575332	0.0250703656167
1029.49991258	0.0250706548708
1029.81407185	0.0250709659278
1030.12823111	0.0250712892713
1030.44239038	0.0250716699321
1030.75654964	0.0250719979774
1031.07070891	0.0250723608475
1031.38486817	0.0250727571998
1031.69902744	0.0250730326865
1032.0131867	0.0250732377229
1032.32734597	0.025073504197
1032.64150524	0.0250738269405
1032.9556645	0.0250741762244
1033.26982377	0.0250744908953
1033.58398303	0.0250746599866
1033.8981423	0.025074908937
1034.21230156	0.0250752376387
1034.52646083	0.0250752689084
1034.84062009	0.0250752897718
1035.15477936	0.0250754189473
1035.46893862	0.0250753331306
1035.78309789	0.0250750702199
1036.09725715	0.0250748151048
1036.41141642	0.0250746172244
1036.72557568	0.0250744530099
1037.03973495	0.0250742966024
1037.35389422	0.0250741199917
1037.66805348	0.0250740291883
1037.98221275	0.0250738516046
1038.29637201	0.0250735645179
1038.61053128	0.025073306393
1038.92469054	0.0250730496923
1039.23884981	0.0250727851289
1039.55300907	0.0250724882297
1039.86716834	0.025071930097
1040.1813276	0.0250710616563
1040.49548687	0.0250704352194
1040.80964613	0.0250699205952
1041.1238054	0.0250691161839
1041.43796467	0.0250681840366
1041.75212393	0.025067259154
1042.0662832	0.0250663229999
1042.38044246	0.0250654010911
1042.69460173	0.0250644785323
1043.00876099	0.0250634195751
1043.32292026	0.025062317329
1043.63707952	0.0250613377041
1043.95123879	0.0250602342283
1044.26539805	0.0250590353139
1044.57955732	0.0250578501397
1044.89371658	0.0250565664272
1045.20787585	0.0250552153043
1045.52203511	0.0250538323649
1045.83619438	0.025052544467
1046.15035365	0.0250513357657
1046.46451291	0.0250500923872
1046.77867218	0.0250488191186
1047.09283144	0.0250476122041
1047.40699071	0.025046459284
1047.72114997	0.0250452739206
1048.03530924	0.0250439538712
1048.3494685	0.0250425230205
1048.66362777	0.025041271993
1048.97778703	0.0250399136382
1049.2919463	0.0250384089098
1049.60610556	0.0250370337976
1049.92026483	0.0250356228474
1050.2344241	0.0250341286964
1050.54858336	0.0250328530769
1050.86274263	0.0250315901395
1051.17690189	0.0250302216559
1051.49106116	0.0250290274188
1051.80522042	0.0250280644234
1052.11937969	0.0250271913374
1052.43353895	0.0250263769779
1052.74769822	0.0250256915234
1053.06185748	0.0250251080901
1053.37601675	0.0250245666183
1053.69017601	0.0250240443692
1054.00433528	0.0250234734459
1054.31849454	0.0250227922568
1054.63265381	0.0250222953261
1054.94681308	0.0250220289841
1055.26097234	0.0250216631821
1055.57513161	0.0250211153243
1055.88929087	0.025020669825
1056.20345014	0.0250203453245
1056.5176094	0.0250199961368
1056.83176867	0.025019697686
1057.14592793	0.0250195191178
1057.4600872	0.0250194164926
1057.77424646	0.0250194106853
1058.08840573	0.0250195529522
1058.40256499	0.025019823539
1058.71672426	0.0250200471369
1059.03088353	0.0250201479151
1059.34504279	0.0250200795431
1059.65920206	0.0250198673259
1059.97336132	0.0250197906055
1060.28752059	0.0250196602379
1060.60167985	0.0250192775431
1060.91583912	0.0250188863767
1061.22999838	0.0250185645116
1061.54415765	0.0250183355468
1061.85831691	0.0250181177225
1062.17247618	0.0250176310973
1062.48663544	0.0250170456189
1062.80079471	0.025016673572
1063.11495397	0.0250162534173
1063.42911324	0.0250156924027
1063.74327251	0.0250151867588
1064.05743177	0.0250147938936
1064.37159104	0.0250143614125
1064.6857503	0.0250139035195
1064.99990957	0.0250135538171
1065.31406883	0.0250132038212
1065.6282281	0.0250127442443
1065.94238736	0.0250123230741
1066.25654663	0.0250118831033
1066.57070589	0.0250112682197
1066.88486516	0.0250107235456
1067.19902442	0.0250103583441
1067.51318369	0.0250098294053
1067.82734296	0.0250092455586
1068.14150222	0.0250090142497
1068.45566149	0.0250086986733
1068.76982075	0.0250079852612
1069.08398002	0.0250073512998
1069.39813928	0.0250069606498
1069.71229855	0.0250065568439
1070.02645781	0.0250060892346
1070.34061708	0.0250057232322
1070.65477634	0.0250055320469
1070.96893561	0.0250053963462
1071.28309487	0.0250052262688
1071.59725414	0.0250051590435
1071.9114134	0.0250052899459
1072.22557267	0.0250055503367
1072.53973194	0.0250058341225
1072.8538912	0.0250060817114
1073.16805047	0.0250062426657
1073.48220973	0.0250064115082
1073.796369	0.0250065920914
1074.11052826	0.0250066216954
1074.42468753	0.0250066051958
1074.73884679	0.0250065218177
1075.05300606	0.0250064146065
1075.36716532	0.0250063544963
1075.68132459	0.0250063477821
1075.99548385	0.0250063170625
1076.30964312	0.0250062729116
1076.62380239	0.0250063092702
1076.93796165	0.0250063255251
1077.25212092	0.0250062903921
1077.56628018	0.0250063372906
1077.88043945	0.0250063863708
1078.19459871	0.025006214338
1078.50875798	0.0250059481367
1078.82291724	0.0250058304785
1079.13707651	0.0250057451493
1079.45123577	0.0250054640262
1079.76539504	0.0250050977382
1080.0795543	0.0250047763824
1080.39371357	0.0250043064943
1080.70787283	0.0250036509904
1081.0220321	0.0250030197943
1081.33619137	0.0250023813285
1081.65035063	0.0250016659738
1081.9645099	0.0250009156156
1082.27866916	0.0250002433439
1082.59282843	0.0249997672184
1082.90698769	0.0249991835218
1083.22114696	0.0249982697169
1083.53530622	0.0249972942673
1083.84946549	0.0249965622188
1084.16362475	0.0249957453794
1084.47778402	0.0249944992699
1084.79194328	0.0249933087037
1085.10610255	0.0249922099416
1085.42026182	0.0249909611949
1085.73442108	0.0249897644996
1086.04858035	0.0249887401129
1086.36273961	0.0249876960115
1086.67689888	0.0249867417979
1086.99105814	0.024985920846
1087.30521741	0.0249850183051
1087.61937667	0.0249840822195
1087.93353594	0.0249832532009
1088.2476952	0.0249824711271
1088.56185447	0.0249816204157
1088.87601373	0.0249804423627
1089.190173	0.0249792075085
1089.50433227	0.0249782571401
1089.81849153	0.0249773647747
1090.1326508	0.0249763303743
1090.44681006	0.0249752739532
1090.76096933	0.0249742386832
1091.07512859	0.0249732607657
1091.38928786	0.0249724948478
1091.70344712	0.0249716969639
1092.01760639	0.0249707465648
1092.33176565	0.0249698262775
1092.64592492	0.0249691847082
1092.96008418	0.0249687531442
1093.27424345	0.0249681601551
1093.58840271	0.0249674220413
1093.90256198	0.024966934518
1094.21672125	0.0249664516196
1094.53088051	0.0249657596095
1094.84503978	0.0249651240038
1095.15919904	0.0249646737038
1095.47335831	0.0249641780989
1095.78751757	0.0249635396027
1096.10167684	0.0249629508766
1096.4158361	0.0249625569953
1096.72999537	0.024962420476
1097.04415463	0.0249620823953
1097.3583139	0.0249614747469
1097.67247316	0.0249609323839
1097.98663243	0.0249607073121
1098.3007917	0.0249606030603
1098.61495096	0.0249600582617
1098.92911023	0.024959293834
1099.24326949	0.0249587063968
1099.55742876	0.0249582415753
1099.87158802	0.024957842028
1100.18574729	0.0249574023283
1100.49990655	0.0249568158445
1100.81406582	0.0249562738551
1101.12822508	0.0249559371842
1101.44238435	0.0249557362898
1101.75654361	0.0249555216882
1102.07070288	0.0249552389742
1102.38486214	0.0249550538092
1102.69902141	0.024955116285
1103.01318068	0.0249551617798
1103.32733994	0.0249548848427
1103.64149921	0.0249545026299
1103.95565847	0.0249541975211
1104.26981774	0.0249538824453
1104.583977	0.0249535127215
1104.89813627	0.024953020699
1105.21229553	0.0249526399464
1105.5264548	0.024952352167
1105.84061406	0.0249519440028
1106.15477333	0.0249515589996
1106.46893259	0.0249514320012
1106.78309186	0.0249515481218
1107.09725113	0.0249517912537
1107.41141039	0.0249520014124
1107.72556966	0.0249520731196
1108.03972892	0.0249522076813
1108.35388819	0.0249521562137
1108.66804745	0.024951737118
1108.98220672	0.0249514282849
1109.29636598	0.0249512315506
1109.61052525	0.0249508566608
1109.92468451	0.0249504625999
1110.23884378	0.0249502530198
1110.55300304	0.0249501136667
1110.86716231	0.0249498929787
1111.18132157	0.0249496884401
1111.49548084	0.0249494089195
1111.80964011	0.0249490942313
1112.12379937	0.0249490393104
1112.43795864	0.024949076409
1112.7521179	0.0249489724591
1113.06627717	0.0249489593193
1113.38043643	0.0249492282769
1113.6945957	0.0249493967086
1114.00875496	0.0249491303466
1114.32291423	0.0249491185546
1114.63707349	0.0249490175892
1114.95123276	0.0249485601109
1115.26539202	0.0249482435516
1115.57955129	0.0249481690456
1115.89371056	0.0249478987577
1116.20786982	0.0249475085647
1116.52202909	0.0249474442
1116.83618835	0.0249477302639
1117.15034762	0.0249476627071
1117.46450688	0.0249467631134
1117.77866615	0.0249463076533
1118.09282541	0.0249459711384
1118.40698468	0.0249452307959
1118.72114394	0.024944494817
1119.03530321	0.0249438979153
1119.34946247	0.0249433756638
1119.66362174	0.0249426722222
1119.977781	0.0249418116434
1120.29194027	0.0249411610625
1120.60609954	0.0249406563193
1120.9202588	0.0249400589528
1121.23441807	0.0249393709396
1121.54857733	0.0249387134359
1121.8627366	0.0249381744818
1122.17689586	0.0249375291553
1122.49105513	0.0249366529713
1122.80521439	0.0249357282205
1123.11937366	0.0249349763785
1123.43353292	0.0249342311077
1123.74769219	0.0249330497494
1124.06185145	0.0249318428122
1124.37601072	0.0249309304678
1124.69016999	0.0249299772999
1125.00432925	0.0249287879509
1125.31848852	0.0249275718063
1125.63264778	0.0249266495238
1125.94680705	0.0249258743884
1126.26096631	0.0249249155004
1126.57512558	0.024923918522
1126.88928484	0.0249231827033
1127.20344411	0.0249226678259
1127.51760337	0.0249221492445
1127.83176264	0.0249216540504
1128.1459219	0.0249211802178
1128.46008117	0.0249206420611
1128.77424043	0.0249200248127
1129.0883997	0.0249194512618
1129.40255897	0.0249189018192
1129.71671823	0.0249182128912
1130.0308775	0.0249174795731
1130.34503676	0.0249168755832
1130.65919603	0.0249163038969
1130.97335529	0.0249157656554
1131.28751456	0.0249153184301
1131.60167382	0.0249149979874
1131.91583309	0.0249147184282
1132.22999235	0.0249142689823
1132.54415162	0.024913833713
1132.85831088	0.024913820871
1133.17247015	0.0249135947872
1133.48662942	0.0249129147154
1133.80078868	0.0249122651033
1134.11494795	0.0249118528056
1134.42910721	0.0249114463886
1134.74326648	0.0249109344707
1135.05742574	0.0249103359874
1135.37158501	0.0249097443354
1135.68574427	0.0249093253943
1135.99990354	0.0249090190477
1136.3140628	0.024908554145
1136.62822207	0.0249080687289
1136.94238133	0.0249077781089
1137.2565406	0.0249075968505
1137.57069986	0.0249071288594
1137.88485913	0.0249060128997
1138.1990184	0.0249051586132
1138.51317766	0.0249044971989
1138.82733693	0.0249035279581
1139.14149619	0.0249024564977
1139.45565546	0.0249015252129
1139.76981472	0.0249006346062
1140.08397399	0.0248997036616
1140.39813325	0.0248987400734
1140.71229252	0.0248977846849
1141.02645178	0.0248969908813
1141.34061105	0.0248963879803
1141.65477031	0.0248958141713
1141.96892958	0.0248951588672
1142.28308885	0.0248945510098
1142.59724811	0.0248940374174
1142.91140738	0.0248936018816
1143.22556664	0.0248930615335
1143.53972591	0.0248924493337
1143.85388517	0.0248919486156
1144.16804444	0.0248913392529
1144.4822037	0.0248906258174
1144.79636297	0.0248900551217
1145.11052223	0.024889673069
1145.4246815	0.0248893793314
1145.73884076	0.0248890669721
1146.05300003	0.0248886949682
1146.36715929	0.0248882626985
1146.68131856	0.0248881436161
1146.99547783	0.024888331053
1147.30963709	0.0248881839373
1147.62379636	0.0248878513799
1147.93795562	0.0248878330651
1148.25211489	0.0248879899521
1148.56627415	0.0248879566029
1148.88043342	0.0248878551978
1149.19459268	0.0248878655087
1149.50875195	0.0248879044016
1149.82291121	0.0248879132154
1150.13707048	0.0248880424445
1150.45122974	0.0248883422137
1150.76538901	0.0248886694571
1151.07954828	0.0248890171431
1151.39370754	0.0248895929849
1151.70786681	0.0248902277408
1152.02202607	0.0248904284132
1152.33618534	0.0248905878237
1152.6503446	0.0248908617416
1152.96450387	0.0248910419687
1153.27866313	0.0248912145262
1153.5928224	0.0248914113571
1153.90698166	0.0248915127321
1154.22114093	0.0248914508558
1154.53530019	0.0248914237552
1154.84945946	0.0248915461836
1155.16361873	0.024891713378
1155.47777799	0.0248918791834
1155.79193726	0.0248921190811
1156.10609652	0.0248923871224
1156.42025579	0.0248926651193
1156.73441505	0.0248929533725
1157.04857432	0.0248931050797
1157.36273358	0.0248931115059
1157.67689285	0.0248928993158
1157.99105211	0.0248924136721
1158.30521138	0.0248920116471
1158.61937064	0.0248915973993
1158.93352991	0.0248910269194
1159.24768917	0.0248904167871
1159.56184844	0.0248899387976
1159.87600771	0.0248892480244
1160.19016697	0.024888338577
1160.50432624	0.0248876075225
1160.8184855	0.0248869223666
1161.13264477	0.0248859865456
1161.44680403	0.0248850502803
1161.7609633	0.02488435472
1162.07512256	0.0248837800245
1162.38928183	0.0248831927104
1162.70344109	0.0248825474856
1163.01760036	0.0248817417509
1163.33175962	0.0248809054453
1163.64591889	0.024880017816
1163.96007816	0.0248788175033
1164.27423742	0.0248775745397
1164.58839669	0.0248764568128
1164.90255595	0.0248753728047
1165.21671522	0.0248742267477
1165.53087448	0.0248732913913
1165.84503375	0.0248725519104
1166.15919301	0.0248716355732
1166.47335228	0.0248705611064
1166.78751154	0.0248695960173
1167.10167081	0.0248687339867
1167.41583007	0.024867790479
1167.72998934	0.0248668564798
1168.0441486	0.0248658858356
1168.35830787	0.0248647971896
1168.67246714	0.0248637778684
1168.9866264	0.0248629388617
1169.30078567	0.024862150145
1169.61494493	0.0248613287292
1169.9291042	0.0248605135861
1170.24326346	0.024859798313
1170.55742273	0.0248591620529
1170.87158199	0.0248585376173
1171.18574126	0.0248578469003
1171.49990052	0.0248571663264
1171.81405979	0.0248564176581
1172.12821905	0.0248554852468
1172.44237832	0.0248545400611
1172.75653759	0.0248536272338
1173.07069685	0.024852720598
1173.38485612	0.0248517496119
1173.69901538	0.0248506788568
1174.01317465	0.0248495710477
1174.32733391	0.0248485256564
1174.64149318	0.0248475904416
1174.95565244	0.0248466114749
1175.26981171	0.024845501589
1175.58397097	0.0248444259804
1175.89813024	0.0248435571968
1176.2122895	0.0248427152264
1176.52644877	0.0248417562516
1176.84060803	0.0248408226949
1177.1547673	0.0248399361014
1177.46892657	0.0248390203026
1177.78308583	0.0248380738832
1178.0972451	0.0248371754646
1178.41140436	0.0248362848784
1178.72556363	0.0248351535367
1179.03972289	0.0248340445851
1179.35388216	0.0248332606889
1179.66804142	0.0248325048298
1179.98220069	0.0248315728461
1180.29635995	0.0248306858576
1180.61051922	0.0248300177393
1180.92467848	0.0248294878726
1181.23883775	0.0248290237694
1181.55299702	0.0248286318277
1181.86715628	0.0248284375513
1182.18131555	0.0248283031064
1182.49547481	0.0248282202879
1182.80963408	0.0248283307804
1183.12379334	0.0248284862049
1183.43795261	0.0248286297886
1183.75211187	0.0248288383525
1184.06627114	0.0248290143774
1184.3804304	0.024829289892
1184.69458967	0.0248297057733
1185.00874893	0.024830073943
1185.3229082	0.0248304595685
1185.63706746	0.024831050616
1185.95122673	0.0248317379472
1186.265386	0.0248323112024
1186.57954526	0.0248329538141
1186.89370453	0.0248335373576
1187.20786379	0.0248340135526
1187.52202306	0.0248345673283
1187.83618232	0.0248351704025
1188.15034159	0.0248357119238
1188.46450085	0.0248361666507
1188.77866012	0.0248367341779
1189.09281938	0.024837261707
1189.40697865	0.0248376544333
1189.72113791	0.024838176421
1190.03529718	0.0248388004962
1190.34945645	0.024839356727
1190.66361571	0.024839835306
1190.97777498	0.0248402598038
1191.29193424	0.0248406347537
1191.60609351	0.0248410314582
1191.92025277	0.0248414300286
1192.23441204	0.0248417185519
1192.5485713	0.0248419122541
1192.86273057	0.0248420876811
1193.17688983	0.024842102316
1193.4910491	0.0248418167914
1193.80520836	0.024841505022
1194.11936763	0.0248413012294
1194.43352689	0.0248409916808
1194.74768616	0.024840550718
1195.06184543	0.0248400516428
1195.37600469	0.0248395582851
1195.69016396	0.0248391744019
1196.00432322	0.0248386454892
1196.31848249	0.0248380333519
1196.63264175	0.0248376127905
1196.94680102	0.024837205254
1197.26096028	0.0248365576515
1197.57511955	0.024835701058
1197.88927881	0.0248348534403
1198.20343808	0.0248340326718
1198.51759734	0.0248329711165
1198.83175661	0.0248317204476
1199.14591588	0.0248305153597
1199.46007514	0.024829408322
1199.77423441	0.0248282960022
1200.08839367	0.0248270674946
1200.40255294	0.0248259389331
1200.7167122	0.0248249142554
1201.03087147	0.0248236753306
1201.34503073	0.0248223137134
1201.65919	0.0248209834237
1201.97334926	0.0248196233967
1202.28750853	0.0248183630607
1202.60166779	0.024816995648
1202.91582706	0.0248154147129
1203.22998632	0.0248138930174
1203.54414559	0.0248125597197
1203.85830486	0.0248112923128
1204.17246412	0.0248099958818
1204.48662339	0.0248087297221
1204.80078265	0.0248075822532
1205.11494192	0.0248065594273
1205.42910118	0.0248056344629
1205.74326045	0.0248047944956
1206.05741971	0.0248040171699
1206.37157898	0.0248031295268
1206.68573824	0.024802026011
1206.99989751	0.0248011146209
1207.31405677	0.0248002216741
1207.62821604	0.0247992583506
1207.94237531	0.0247983776661
1208.25653457	0.0247975490652
1208.57069384	0.0247967148383
1208.8848531	0.0247960109438
1209.19901237	0.0247954273274
1209.51317163	0.0247948361865
1209.8273309	0.0247942264002
1210.14149016	0.024793670684
1210.45564943	0.0247932897834
1210.76980869	0.0247930996486
1211.08396796	0.0247929686228
1211.39812722	0.0247928893237
1211.71228649	0.024792940389
1212.02644576	0.0247930991686
1212.34060502	0.0247932212309
1212.65476429	0.0247931874911
1212.96892355	0.0247930214281
1213.28308282	0.0247927872525
1213.59724208	0.0247924842176
1213.91140135	0.0247921104701
1214.22556061	0.024791848563
1214.53971988	0.0247917164325
1214.85387914	0.0247915455722
1215.16803841	0.0247912111328
1215.48219767	0.0247908375983
1215.79635694	0.0247906003837
1216.1105162	0.0247904231694
1216.42467547	0.02479013531
1216.73883474	0.024789753799
1217.052994	0.0247893829796
1217.36715327	0.0247891202792
1217.68131253	0.0247889000316
1217.9954718	0.0247885445794
1218.30963106	0.0247881021022
1218.62379033	0.0247877482955
1218.93794959	0.0247874119422
1219.25210886	0.0247869869411
1219.56626812	0.024786565277
1219.88042739	0.0247861688641
1220.19458665	0.0247856673944
1220.50874592	0.0247852221812
1220.82290519	0.0247849657696
1221.13706445	0.0247845655383
1221.45122372	0.0247840988897
1221.76538298	0.0247837244021
1222.07954225	0.0247832897765
1222.39370151	0.0247828697735
1222.70786078	0.0247825144542
1223.02202004	0.0247821950803
1223.33617931	0.0247818118011
1223.65033857	0.0247814336715
1223.96449784	0.024781163095
1224.2786571	0.0247809602193
1224.59281637	0.0247807898347
1224.90697563	0.0247806906208
1225.2211349	0.0247807351977
1225.53529417	0.0247808546684
1225.84945343	0.0247810472633
1226.1636127	0.02478125085
1226.47777196	0.0247813273072
1226.79193123	0.0247813889611
1227.10609049	0.0247814999628
1227.42024976	0.0247815067697
1227.73440902	0.0247813172483
1228.04856829	0.0247811195411
1228.36272755	0.0247812153612
1228.67688682	0.0247813770218
1228.99104608	0.0247813290792
1229.30520535	0.0247811691335
1229.61936462	0.0247811442574
1229.93352388	0.024781255239
1230.24768315	0.0247813489218
1230.56184241	0.0247813744251
1230.87600168	0.0247814128604
1231.19016094	0.0247815224565
1231.50432021	0.0247817561718
1231.81847947	0.0247820401512
1232.13263874	0.0247821314728
1232.446798	0.0247821148722
1232.76095727	0.0247821411068
1233.07511653	0.0247819108724
1233.3892758	0.0247814718631
1233.70343506	0.0247811816507
1234.01759433	0.0247809282934
1234.3317536	0.0247805079759
1234.64591286	0.0247800620081
1234.96007213	0.024779716791
1235.27423139	0.0247793535977
1235.58839066	0.0247789334393
1235.90254992	0.0247784724133
1236.21670919	0.0247777656739
1236.53086845	0.0247769909689
1236.84502772	0.0247762993395
1237.15918698	0.0247754738895
1237.47334625	0.0247744922271
1237.78750551	0.0247734494118
1238.10166478	0.0247723689307
1238.41582405	0.0247714383763
1238.72998331	0.0247704669598
1239.04414258	0.024769386498
1239.35830184	0.0247683532527
1239.67246111	0.0247673619902
1239.98662037	0.0247663534599
1240.30077964	0.0247653523023
1240.6149389	0.0247643915478
1240.92909817	0.0247634645542
1241.24325743	0.0247625469074
1241.5574167	0.024761658582
1241.87157596	0.0247607398013
1242.18573523	0.0247596284984
1242.49989449	0.0247584332537
1242.81405376	0.0247574480564
1243.12821303	0.0247564292986
1243.44237229	0.0247552596615
1243.75653156	0.0247542147441
1244.07069082	0.024753280665
1244.38485009	0.0247522929208
1244.69900935	0.0247514298716
1245.01316862	0.0247507705739
1245.32732788	0.0247501401409
1245.64148715	0.0247495440302
1245.95564641	0.024749077302
1246.26980568	0.024748653152
1246.58396494	0.0247482135333
1246.89812421	0.0247476999798
1247.21228348	0.0247471107747
1247.52644274	0.0247466243268
1247.84060201	0.0247461997667
1248.15476127	0.0247456489909
1248.46892054	0.0247450212033
1248.7830798	0.0247444813438
1249.09723907	0.0247440388457
1249.41139833	0.0247435901161
1249.7255576	0.0247430629435
1250.03971686	0.0247426010772
1250.35387613	0.0247421530783
1250.66803539	0.0247415941138
1250.98219466	0.0247411022739
1251.29635392	0.0247406655127
1251.61051319	0.0247401931208
1251.92467246	0.0247396841508
1252.23883172	0.024739243827
1252.55299099	0.0247388389499
1252.86715025	0.0247383516333
1253.18130952	0.0247377826332
1253.49546878	0.0247372073225
1253.80962805	0.0247365768813
1254.12378731	0.0247359652388
1254.43794658	0.0247353957276
1254.75210584	0.0247347787773
1255.06626511	0.0247341863687
1255.38042437	0.0247336385671
1255.69458364	0.0247330439176
1256.00874291	0.024732390129
1256.32290217	0.0247319020714
1256.63706144	0.0247312814105
1256.9512207	0.0247303961198
1257.26537997	0.0247296426462
1257.57953923	0.0247289342591
1257.8936985	0.0247281176289
1258.20785776	0.0247275001647
1258.52201703	0.0247269400175
1258.83617629	0.0247261182626
1259.15033556	0.0247253560365
1259.46449482	0.0247249227537
1259.77865409	0.024724608508
1260.09281335	0.0247242806917
1260.40697262	0.0247240426107
1260.72113189	0.0247239848099
1261.03529115	0.0247240969089
1261.34945042	0.0247242113754
1261.66360968	0.0247242598366
1261.97776895	0.0247242862643
1262.29192821	0.0247240130333
1262.60608748	0.024723568285
1262.92024674	0.0247234721432
1263.23440601	0.0247234907593
1263.54856527	0.024723437821
1263.86272454	0.0247234749054
1264.1768838	0.0247235432948
1264.49104307	0.0247235852788
1264.80520234	0.0247237272363
1265.1193616	0.0247240931897
1265.43352087	0.0247244410302
1265.74768013	0.0247245579346
1266.0618394	0.0247247931894
1266.37599866	0.0247253308083
1266.69015793	0.0247258619121
1267.00431719	0.0247262118274
1267.31847646	0.024726561707
1267.63263572	0.024726846116
1267.94679499	0.0247270974999
1268.26095425	0.0247275101067
1268.57511352	0.0247278153308
1268.88927278	0.0247278767275
1269.20343205	0.0247279888787
1269.51759132	0.0247283512319
1269.83175058	0.0247286658563
1270.14590985	0.0247285760097
1270.46006911	0.0247284166168
1270.77422838	0.0247285693838
1271.08838764	0.0247286138435
1271.40254691	0.0247281528414
1271.71670617	0.0247277825217
1272.03086544	0.0247277927002
1272.3450247	0.0247274896338
1272.65918397	0.024726792357
1272.97334323	0.0247262378507
1273.2875025	0.0247259379433
1273.60166177	0.0247256071337
1273.91582103	0.0247251784666
1274.2299803	0.0247247897234
1274.54413956	0.0247244131718
1274.85829883	0.0247239948607
1275.17245809	0.024723615035
1275.48661736	0.0247229917724
1275.80077662	0.0247220815634
1276.11493589	0.0247212371569
1276.42909515	0.0247204698636
1276.74325442	0.0247194409923
1277.05741368	0.0247182318574
1277.37157295	0.024717274356
1277.68573222	0.0247163876559
1277.99989148	0.0247153864895
1278.31405075	0.0247142650327
1278.62821001	0.0247130758176
1278.94236928	0.0247121623034
1279.25652854	0.0247114361711
1279.57068781	0.0247104201529
1279.88484707	0.0247093742546
1280.19900634	0.0247087226154
1280.5131656	0.0247082062511
1280.82732487	0.024707406864
1281.14148413	0.0247065778884
1281.4556434	0.0247058963939
1281.76980266	0.0247051145198
1282.08396193	0.0247041898184
1282.3981212	0.0247033613797
1282.71228046	0.0247026142266
1283.02643973	0.0247018193658
1283.34059899	0.0247009948683
1283.65475826	0.0247002434968
1283.96891752	0.0246995643012
1284.28307679	0.0246988973698
1284.59723605	0.0246982059379
1284.91139532	0.0246974866172
1285.22555458	0.0246966626365
1285.53971385	0.0246959054273
1285.85387311	0.0246953238688
1286.16803238	0.0246946033064
1286.48219165	0.0246938050377
1286.79635091	0.0246930554386
1287.11051018	0.0246922546424
1287.42466944	0.024691518539
1287.73882871	0.0246909629092
1288.05298797	0.0246903478587
1288.36714724	0.0246896198529
1288.6813065	0.0246889327873
1288.99546577	0.0246882906115
1289.30962503	0.0246876807919
1289.6237843	0.0246871111951
1289.93794356	0.0246866142364
1290.25210283	0.0246862786683
1290.56626209	0.0246860207713
1290.88042136	0.0246854676287
1291.19458063	0.0246845745395
1291.50873989	0.0246838418175
1291.82289916	0.0246831406745
1292.13705842	0.024682250817
1292.45121769	0.0246813031691
1292.76537695	0.0246805553055
1293.07953622	0.0246799504779
1293.39369548	0.0246792441922
1293.70785475	0.0246784567836
1294.02201401	0.0246778478623
1294.33617328	0.0246775388415
1294.65033254	0.024677363671
1294.96449181	0.0246771504925
1295.27865108	0.0246768203899
1295.59281034	0.0246764472986
1295.90696961	0.0246761099327
1296.22112887	0.0246755963112
1296.53528814	0.0246750968755
1296.8494474	0.0246747573014
1297.16360667	0.0246742763251
1297.47776593	0.0246737641249
1297.7919252	0.024673395107
1298.10608446	0.0246731298536
1298.42024373	0.0246729671879
1298.73440299	0.0246727635414
1299.04856226	0.024672527326
1299.36272152	0.0246722479504
1299.67688079	0.0246720625761
1299.99104006	0.0246722876903
1300.30519932	0.024672347984
1300.61935859	0.0246720891278
1300.93351785	0.0246720915617
1301.24767712	0.0246724319977
1301.56183638	0.0246726081909
1301.87599565	0.0246726864009
1302.19015491	0.0246728522584
1302.50431418	0.0246728930661
1302.81847344	0.0246729200012
1303.13263271	0.0246730520907
1303.44679197	0.0246732465289
1303.76095124	0.0246734769179
1304.07511051	0.0246737371887
1304.38926977	0.024674062421
1304.70342904	0.0246746411323
1305.0175883	0.0246753277608
1305.33174757	0.0246755636657
1305.64590683	0.0246756198513
1305.9600661	0.0246759210213
1306.27422536	0.0246761898861
1306.58838463	0.0246762595664
1306.90254389	0.0246762400507
1307.21670316	0.0246763114282
1307.53086242	0.0246763546752
1307.84502169	0.0246763561334
1308.15918095	0.0246764686797
1308.47334022	0.0246766302229
1308.78749949	0.0246767300605
1309.10165875	0.0246768735552
1309.41581802	0.0246770454478
1309.72997728	0.0246771803902
1310.04413655	0.0246772609873
1310.35829581	0.024677333542
1310.67245508	0.0246775067961
1310.98661434	0.0246775228043
1311.30077361	0.0246770620998
1311.61493287	0.0246765367521
1311.92909214	0.0246763842708
1312.2432514	0.024676034585
1312.55741067	0.0246752663734
1312.87156994	0.0246745673551
1313.1857292	0.024673983722
1313.49988847	0.0246732567454
1313.81404773	0.0246726038107
1314.128207	0.0246720116299
1314.44236626	0.0246712146537
1314.75652553	0.0246703992179
1315.07068479	0.0246698882116
1315.38484406	0.024669532382
1315.69900332	0.0246688723443
1316.01316259	0.0246679433629
1316.32732185	0.0246670491311
1316.64148112	0.0246661154315
1316.95564038	0.0246651585565
1317.26979965	0.0246642128345
1317.58395892	0.0246631700365
1317.89811818	0.0246621101504
1318.21227745	0.0246611627001
1318.52643671	0.0246602328885
1318.84059598	0.0246592390533
1319.15475524	0.02465831927
1319.46891451	0.024657333043
1319.78307377	0.0246563756876
1320.09723304	0.0246555136096
1320.4113923	0.0246543838734
1320.72555157	0.0246535315646
1321.03971083	0.0246529036235
1321.3538701	0.0246519278018
1321.66802937	0.0246508536441
1321.98218863	0.0246500357469
1322.2963479	0.0246493385162
1322.61050716	0.0246485774096
1322.92466643	0.0246477655303
1323.23882569	0.0246469505846
1323.55298496	0.0246462656364
1323.86714422	0.0246457423287
1324.18130349	0.024645201463
1324.49546275	0.0246445463417
1324.80962202	0.0246439182157
1325.12378128	0.0246434780676
1325.43794055	0.0246428159803
1325.75209981	0.0246417447512
1326.06625908	0.0246409556574
1326.38041835	0.0246402287129
1326.69457761	0.0246393073345
1327.00873688	0.0246384239493
1327.32289614	0.0246375642621
1327.63705541	0.0246368336761
1327.95121467	0.0246361391219
1328.26537394	0.0246352150593
1328.5795332	0.0246343402372
1328.89369247	0.0246338330458
1329.20785173	0.0246334469026
1329.522011	0.0246328970749
1329.83617026	0.0246322500722
1330.15032953	0.0246316321463
1330.4644888	0.0246310964735
1330.77864806	0.0246305454594
1331.09280733	0.0246297502078
1331.40696659	0.0246290089207
1331.72112586	0.0246285408463
1332.03528512	0.024627931258
1332.34944439	0.024627058765
1332.66360365	0.0246263431049
1332.97776292	0.0246257126076
1333.29192218	0.0246251336803
1333.60608145	0.0246246184408
1333.92024071	0.0246238837216
1334.23439998	0.0246232226928
1334.54855925	0.0246231653301
1334.86271851	0.0246229646262
1335.17687778	0.0246222892393
1335.49103704	0.0246219485877
1335.80519631	0.0246221706764
1336.11935557	0.0246222193606
1336.43351484	0.0246218292537
1336.7476741	0.0246217332288
1337.06183337	0.0246218449955
1337.37599263	0.0246217699267
1337.6901519	0.0246216733297
1338.00431116	0.0246217208147
1338.31847043	0.0246218057031
1338.63262969	0.0246219052445
1338.94678896	0.0246221460658
1339.26094823	0.0246225044042
1339.57510749	0.0246227304877
1339.88926676	0.0246231868108
1340.20342602	0.0246235824561
1340.51758529	0.0246235374029
1340.83174455	0.0246238726801
1341.14590382	0.0246244810835
1341.46006308	0.0246247180587
1341.77422235	0.0246248040874
1342.08838161	0.0246250652093
1342.40254088	0.0246255211744
1342.71670014	0.0246260901296
1343.03085941	0.0246266901252
1343.34501868	0.024627284594
1343.65917794	0.0246279462995
1343.97333721	0.0246286226341
1344.28749647	0.0246292853003
1344.60165574	0.024629958826
1344.915815	0.0246304384005
1345.22997427	0.0246307180446
1345.54413353	0.0246309440726
1345.8582928	0.0246309860866
1346.17245206	0.024630962991
1346.48661133	0.0246310078525
1346.80077059	0.0246310398317
1347.11492986	0.0246310357373
1347.42908912	0.024630859085
1347.74324839	0.0246305902161
1348.05740766	0.02463057862
1348.37156692	0.0246305368041
1348.68572619	0.0246301477114
1348.99988545	0.0246297364444
1349.31404472	0.0246295425076
1349.62820398	0.0246293799582
1349.94236325	0.0246290275071
1350.25652251	0.0246285394958
1350.57068178	0.0246280490364
1350.88484104	0.0246274145747
1351.19900031	0.0246266533498
1351.51315957	0.0246258597435
1351.82731884	0.0246249621292
1352.14147811	0.0246239812324
1352.45563737	0.0246229600651
1352.76979664	0.0246219022387
1353.0839559	0.0246208760948
1353.39811517	0.0246199636629
1353.71227443	0.0246190866819
1354.0264337	0.0246179403956
1354.34059296	0.0246166115296
1354.65475223	0.0246154771673
1354.96891149	0.0246145248786
1355.28307076	0.0246133514174
1355.59723002	0.0246119102571
1355.91138929	0.0246104962019
1356.22554855	0.0246092198181
1356.53970782	0.0246079958407
1356.85386709	0.0246067410304
1357.16802635	0.0246055232825
1357.48218562	0.024604275836
1357.79634488	0.0246029650728
1358.11050415	0.0246017959597
1358.42466341	0.0246008842637
1358.73882268	0.0245999136581
1359.05298194	0.0245988702899
1359.36714121	0.0245980975079
1359.68130047	0.0245975867723
1359.99545974	0.0245967860709
1360.309619	0.024595512912
1360.62377827	0.0245946829827
1360.93793754	0.0245939494028
1361.2520968	0.0245929353055
1361.56625607	0.0245918626684
1361.88041533	0.0245909447866
1362.1945746	0.0245901930673
1362.50873386	0.0245893079618
1362.82289313	0.0245882852997
1363.13705239	0.0245874410702
1363.45121166	0.0245868024141
1363.76537092	0.0245862003901
1364.07953019	0.0245855554256
1364.39368945	0.0245848538919
1364.70784872	0.0245842625891
1365.02200798	0.02458376126
1365.33616725	0.0245832315611
1365.65032652	0.024582650936
1365.96448578	0.0245820639159
1366.27864505	0.0245815159551
1366.59280431	0.0245808862821
1366.90696358	0.0245801794544
1367.22112284	0.0245795584895
1367.53528211	0.0245789824935
1367.84944137	0.0245784142938
1368.16360064	0.0245778418088
1368.4777599	0.0245771562973
1368.79191917	0.0245764875318
1369.10607843	0.0245760840924
1369.4202377	0.0245757671907
1369.73439697	0.0245753524415
1370.04855623	0.0245750408866
1370.3627155	0.0245750134518
1370.67687476	0.02457506112
1370.99103403	0.0245747223394
1371.30519329	0.024574492862
1371.61935256	0.0245743239416
1371.93351182	0.0245739337823
1372.24767109	0.0245736512589
1372.56183035	0.0245736826039
1372.87598962	0.024573793018
1373.19014888	0.0245738518556
1373.50430815	0.0245740609488
1373.81846741	0.0245745347988
1374.13262668	0.0245749451313
1374.44678595	0.0245750640958
1374.76094521	0.0245751945208
1375.07510448	0.0245754072678
1375.38926374	0.0245756297867
1375.70342301	0.0245759008313
1376.01758227	0.0245761759447
1376.33174154	0.0245764036701
1376.6459008	0.0245766442557
1376.96006007	0.0245769493874
1377.27421933	0.024577379684
1377.5883786	0.024577913022
1377.90253786	0.0245784976944
1378.21669713	0.0245791117227
1378.5308564	0.0245797574314
1378.84501566	0.0245803850468
1379.15917493	0.0245809448496
1379.47333419	0.0245813745038
1379.78749346	0.0245816831197
1380.10165272	0.0245819077586
1380.41581199	0.0245821023939
1380.72997125	0.0245821963849
1381.04413052	0.0245823621637
1381.35828978	0.0245825801418
1381.67244905	0.024582681758
1381.98660831	0.024582640293
1382.30076758	0.0245825423772
1382.61492684	0.0245825134124
1382.92908611	0.0245825412901
1383.24324538	0.0245824816915
1383.55740464	0.0245822750858
1383.87156391	0.024582149755
1384.18572317	0.0245822416234
1384.49988244	0.0245823487101
1384.8140417	0.0245822977601
1385.12820097	0.0245821605943
1385.44236023	0.0245819632071
1385.7565195	0.0245816612839
1386.07067876	0.0245813771132
1386.38483803	0.0245808567807
1386.69899729	0.0245801444291
1387.01315656	0.0245795674455
1387.32731583	0.0245790327962
1387.64147509	0.024578317953
1387.95563436	0.0245775323058
1388.26979362	0.0245767764741
1388.58395289	0.0245759616516
1388.89811215	0.0245751333833
1389.21227142	0.0245743243112
1389.52643068	0.0245734248239
1389.84058995	0.0245723888534
1390.15474921	0.0245715104855
1390.46890848	0.0245706654714
1390.78306774	0.0245695376365
1391.09722701	0.0245683598185
1391.41138628	0.0245673540786
1391.72554554	0.0245663894427
1392.03970481	0.0245653233916
1392.35386407	0.0245641914255
1392.66802334	0.0245631143162
1392.9821826	0.0245620817057
1393.29634187	0.0245610260834
1393.61050113	0.024559983354
1393.9246604	0.0245589946999
1394.23881966	0.0245579686179
1394.55297893	0.0245568022942
1394.86713819	0.0245555919745
1395.18129746	0.0245543464741
1395.49545672	0.0245531016944
1395.80961599	0.0245518721576
1396.12377526	0.0245506524546
1396.43793452	0.0245494886879
1396.75209379	0.0245484805969
1397.06625305	0.0245475912333
1397.38041232	0.024546555687
1397.69457158	0.0245455219266
1398.00873085	0.0245447820187
1398.32289011	0.0245442193119
1398.63704938	0.0245436300731
1398.95120864	0.024543011693
1399.26536791	0.0245424949727
1399.57952717	0.0245421189291
1399.89368644	0.0245417028371
1400.20784571	0.0245411312809
1400.52200497	0.0245406850925
1400.83616424	0.0245403162693
1401.1503235	0.0245396967731
1401.46448277	0.0245390250514
1401.77864203	0.0245385565649
1402.0928013	0.0245380214322
1402.40696056	0.0245375677564
1402.72111983	0.0245372753877
1403.03527909	0.0245367773859
1403.34943836	0.0245362528001
1403.66359762	0.0245359732214
1403.97775689	0.0245357619387
1404.29191615	0.0245354023402
1404.60607542	0.024534988766
1404.92023469	0.0245346943424
1405.23439395	0.0245344824157
1405.54855322	0.0245342222143
1405.86271248	0.024533908742
1406.17687175	0.0245335680514
1406.49103101	0.0245332059538
1406.80519028	0.0245328473359
1407.11934954	0.0245324823694
1407.43350881	0.0245321173556
1407.74766807	0.024531740696
1408.06182734	0.0245314567199
1408.3759866	0.0245313349042
1408.69014587	0.0245311150696
1409.00430514	0.0245307958248
1409.3184644	0.0245305385286
1409.63262367	0.0245302278782
1409.94678293	0.0245298882256
1410.2609422	0.0245295624165
1410.57510146	0.0245292476635
1410.88926073	0.0245289337812
1411.20341999	0.0245285462678
1411.51757926	0.0245282166591
1411.83173852	0.0245280135341
1412.14589779	0.0245278229982
1412.46005705	0.0245277227974
1412.77421632	0.0245277420155
1413.08837558	0.024527754415
1413.40253485	0.0245277577981
1413.71669412	0.0245278263947
1414.03085338	0.0245279145066
1414.34501265	0.0245279991734
1414.65917191	0.0245279575316
1414.97333118	0.0245279167242
1415.28749044	0.0245280315343
1415.60164971	0.0245280136783
1415.91580897	0.0245278691744
1416.22996824	0.024527913475
1416.5441275	0.0245280945791
1416.85828677	0.0245281167568
1417.17244603	0.0245280940571
1417.4866053	0.0245281075073
1417.80076457	0.0245281928945
1418.11492383	0.0245283364106
1418.4290831	0.0245284406086
1418.74324236	0.024528582279
1419.05740163	0.0245289166236
1419.37156089	0.0245294001252
1419.68572016	0.0245299026592
1419.99987942	0.0245302747114
1420.31403869	0.0245304996399
1420.62819795	0.0245307479764
1420.94235722	0.0245307886113
1421.25651648	0.0245307071567
1421.57067575	0.0245307866178
1421.88483501	0.0245308816473
1422.19899428	0.024530842654
1422.51315355	0.0245308384182
1422.82731281	0.0245310838109
1423.14147208	0.0245313123973
1423.45563134	0.0245311847546
1423.76979061	0.0245310701893
1424.08394987	0.0245310202203
1424.39810914	0.0245308000391
1424.7122684	0.0245304975783
1425.02642767	0.0245301755202
1425.34058693	0.0245298078476
1425.6547462	0.0245293323873
1425.96890546	0.0245287625463
1426.28306473	0.0245282612675
1426.597224	0.0245278050891
1426.91138326	0.024527253582
1427.22554253	0.0245266221097
1427.53970179	0.0245259966651
1427.85386106	0.0245254116789
1428.16802032	0.0245248358171
1428.48217959	0.0245242159144
1428.79633885	0.0245234920143
1429.11049812	0.0245226541801
1429.42465738	0.0245217455808
1429.73881665	0.0245207599202
1430.05297591	0.0245196176132
1430.36713518	0.0245184309993
1430.68129444	0.024517276761
1430.99545371	0.0245160851401
1431.30961298	0.0245148087877
1431.62377224	0.0245134975301
1431.93793151	0.0245123083612
1432.25209077	0.0245111975686
1432.56625004	0.0245100753864
1432.8804093	0.0245089836033
1433.19456857	0.0245080295457
1433.50872783	0.0245072842153
1433.8228871	0.0245065473382
1434.13704636	0.0245056602289
1434.45120563	0.0245047552081
1434.76536489	0.0245038428173
1435.07952416	0.0245028949295
1435.39368343	0.0245020148712
1435.70784269	0.0245011161523
1436.02200196	0.0245001196348
1436.33616122	0.0244992951392
1436.65032049	0.0244986755026
1436.96447975	0.0244980569464
1437.27863902	0.0244974116102
1437.59279828	0.0244967317686
1437.90695755	0.0244960946112
1438.22111681	0.0244955186774
1438.53527608	0.024494921593
1438.84943534	0.024494390802
1439.16359461	0.0244939957443
1439.47775387	0.0244934626951
1439.79191314	0.0244929023114
1440.10607241	0.0244925166355
1440.42023167	0.0244921235823
1440.73439094	0.0244916593275
1441.0485502	0.0244912107264
1441.36270947	0.0244907910603
1441.67686873	0.024490357114
1441.991028	0.0244898766182
1442.30518726	0.0244893739482
1442.61934653	0.0244888780491
1442.93350579	0.0244883896922
1443.24766506	0.0244879026041
1443.56182432	0.0244872975674
1443.87598359	0.024486541989
1444.19014286	0.0244859547456
1444.50430212	0.0244853048091
1444.81846139	0.0244844493841
1445.13262065	0.0244836332553
1445.44677992	0.0244829336624
1445.76093918	0.0244822807324
1446.07509845	0.0244816427647
1446.38925771	0.0244809781335
1446.70341698	0.0244803439797
1447.01757624	0.0244797991116
1447.33173551	0.0244793642902
1447.64589477	0.0244790104413
1447.96005404	0.024478682171
1448.2742133	0.0244784226006
1448.58837257	0.0244782387756
1448.90253184	0.0244780694132
1449.2166911	0.0244779751671
1449.53085037	0.0244779316526
1449.84500963	0.0244778072775
1450.1591689	0.0244776310841
1450.47332816	0.0244775018162
1450.78748743	0.0244773469524
1451.10164669	0.024477190882
1451.41580596	0.0244771888538
1451.72996522	0.024477282117
1452.04412449	0.0244773786802
1452.35828375	0.0244774952152
1452.67244302	0.024477731568
1452.98660229	0.0244781076163
1453.30076155	0.0244784456253
1453.61492082	0.0244788133753
1453.92908008	0.0244793347852
1454.24323935	0.0244799346197
1454.55739861	0.0244804848219
1454.87155788	0.0244809299238
1455.18571714	0.0244813402792
1455.49987641	0.02448182
1455.81403567	0.0244822755012
1456.12819494	0.024482605104
1456.4423542	0.0244829395448
1456.75651347	0.0244832600419
1457.07067274	0.0244836072662
1457.384832	0.0244840693979
1457.69899127	0.0244844494488
1458.01315053	0.0244847887283
1458.3273098	0.0244852473978
1458.64146906	0.0244855064026
1458.95562833	0.0244855520888
1459.26978759	0.0244857691897
1459.58394686	0.0244858888378
1459.89810612	0.0244857919345
1460.21226539	0.0244857302517
1460.52642465	0.0244855899963
1460.84058392	0.0244853120005
1461.15474318	0.0244850430076
1461.46890245	0.0244848197638
1461.78306172	0.0244845992404
1462.09722098	0.0244843601139
1462.41138025	0.0244841671047
1462.72553951	0.0244840414841
1463.03969878	0.0244838383244
1463.35385804	0.0244835807345
1463.66801731	0.0244833864779
1463.98217657	0.0244830452188
1464.29633584	0.0244821217213
1464.6104951	0.0244809410377
1464.92465437	0.0244800721198
1465.23881363	0.0244793148814
1465.5529729	0.0244784634594
1465.86713217	0.0244774446987
1466.18129143	0.0244762309056
1466.4954507	0.0244751576428
1466.80960996	0.0244744468138
1467.12376923	0.0244735593951
1467.43792849	0.0244723787898
1467.75208776	0.0244713529183
1468.06624702	0.0244706307783
1468.38040629	0.0244700210121
1468.69456555	0.0244693730028
1469.00872482	0.0244687574688
1469.32288408	0.024468017138
1469.63704335	0.024467082481
1469.95120261	0.0244662226629
1470.26536188	0.0244651812116
1470.57952115	0.0244640535006
1470.89368041	0.0244631208393
1471.20783968	0.0244623275489
1471.52199894	0.0244614538125
1471.83615821	0.0244605247464
1472.15031747	0.0244597973061
1472.46447674	0.0244592210628
1472.778636	0.0244584568213
1473.09279527	0.02445758896
1473.40695453	0.0244568555926
1473.7211138	0.0244561403559
1474.03527306	0.024455339335
1474.34943233	0.0244545036539
1474.6635916	0.0244537212832
1474.97775086	0.0244530178259
1475.29191013	0.0244523458596
1475.60606939	0.0244516196466
1475.92022866	0.0244509324332
1476.23438792	0.0244503357733
1476.54854719	0.0244497141303
1476.86270645	0.0244490920952
1477.17686572	0.0244485121204
1477.49102498	0.0244479402334
1477.80518425	0.0244473920178
1478.11934351	0.0244468900108
1478.43350278	0.0244463702298
1478.74766204	0.0244457038704
1479.06182131	0.024444959362
1479.37598058	0.0244443104941
1479.69013984	0.0244435776248
1480.00429911	0.0244427648413
1480.31845837	0.024441935778
1480.63261764	0.0244411139616
1480.9467769	0.0244403781337
1481.26093617	0.0244396921239
1481.57509543	0.0244388943329
1481.8892547	0.0244381610084
1482.20341396	0.024437754122
1482.51757323	0.024437390902
1482.83173249	0.0244369260925
1483.14589176	0.0244364930726
1483.46005103	0.0244361270274
1483.77421029	0.0244356685982
1484.08836956	0.0244350037454
1484.40252882	0.0244344617284
1484.71668809	0.0244340053173
1485.03084735	0.0244333708984
1485.34500662	0.0244326670281
1485.65916588	0.0244322075532
1485.97332515	0.0244318885973
1486.28748441	0.024431483824
1486.60164368	0.024431038471
1486.91580294	0.0244307001356
1487.22996221	0.024430419212
1487.54412147	0.0244301543626
1487.85828074	0.0244300592179
1488.17244001	0.0244300430318
1488.48659927	0.0244299750357
1488.80075854	0.0244299818367
1489.1149178	0.024430339689
1489.42907707	0.0244307990013
1489.74323633	0.0244310745443
1490.0573956	0.0244312865153
1490.37155486	0.0244315305717
1490.68571413	0.0244317702317
1490.99987339	0.0244320865412
1491.31403266	0.0244324159674
1491.62819192	0.0244326582561
1491.94235119	0.0244329589446
1492.25651046	0.024433427175
1492.57066972	0.0244339378848
1492.88482899	0.0244344046837
1493.19898825	0.0244347396444
1493.51314752	0.0244350874805
1493.82730678	0.0244353998266
1494.14146605	0.0244356887874
1494.45562531	0.0244360097113
1494.76978458	0.0244363191705
1495.08394384	0.0244366525435
1495.39810311	0.0244370360636
1495.71226237	0.0244373027521
1496.02642164	0.0244375352447
1496.3405809	0.0244378835205
1496.65474017	0.0244382743624
1496.96889944	0.0244386308564
1497.2830587	0.024438911704
1497.59721797	0.0244391755152
1497.91137723	0.0244395265215
1498.2255365	0.0244398719005
1498.53969576	0.0244401624684
1498.85385503	0.0244403140879
1499.16801429	0.0244402566975
1499.48217356	0.0244399258236
1499.79633282	0.0244394217158
1500.11049209	0.024438977439
1500.42465135	0.0244387028197
1500.73881062	0.0244384158018
1501.05296989	0.0244379266687
1501.36712915	0.0244373129856
1501.68128842	0.0244368816106
1501.99544768	0.0244367241675
1502.30960695	0.0244362490643
1502.62376621	0.0244355322337
1502.93792548	0.0244351156385
1503.25208474	0.0244349071265
1503.56624401	0.024434485877
1503.88040327	0.0244337907365
1504.19456254	0.0244330936805
1504.5087218	0.0244323050857
1504.82288107	0.0244314105095
1505.13704033	0.0244306375575
1505.4511996	0.0244298266476
1505.76535887	0.024428908144
1506.07951813	0.0244280279525
1506.3936774	0.0244272556533
1506.70783666	0.0244266361176
1507.02199593	0.0244259389163
1507.33615519	0.0244250086784
1507.65031446	0.024424197592
1507.96447372	0.0244234033636
1508.27863299	0.0244224111986
1508.59279225	0.0244214523852
1508.90695152	0.0244206614772
1509.22111078	0.0244195923281
1509.53527005	0.0244183066457
1509.84942932	0.0244171861306
1510.16358858	0.0244162795856
1510.47774785	0.0244153983897
1510.79190711	0.0244144091508
1511.10606638	0.0244134246366
1511.42022564	0.0244125471285
1511.73438491	0.024411743209
1512.04854417	0.0244110852267
1512.36270344	0.0244104250111
1512.6768627	0.0244096683232
1512.99102197	0.0244090322026
1513.30518123	0.0244084289014
1513.6193405	0.0244073198494
1513.93349977	0.0244061626297
1514.24765903	0.0244052122701
1514.5618183	0.0244041672775
1514.87597756	0.0244031572721
1515.19013683	0.0244020997721
1515.50429609	0.0244009578669
1515.81845536	0.0244000727518
1516.13261462	0.0243992453871
1516.44677389	0.0243981774453
1516.76093315	0.0243972603095
1517.07509242	0.0243967265637
1517.38925168	0.0243963698156
1517.70341095	0.024395917596
1518.01757021	0.0243953497417
1518.33172948	0.02439479601
1518.64588875	0.0243942538343
1518.96004801	0.024393609694
1519.27420728	0.0243929342192
1519.58836654	0.024392269381
1519.90252581	0.024391501468
1520.21668507	0.0243908002691
1520.53084434	0.0243902108866
1520.8450036	0.0243897256742
1521.15916287	0.0243892018747
1521.47332213	0.0243886505791
1521.7874814	0.0243881506788
1522.10164066	0.0243875657744
1522.41579993	0.0243870414747
1522.7299592	0.0243868941368
1523.04411846	0.0243865223164
1523.35827773	0.0243858468931
1523.67243699	0.0243854986185
1523.98659626	0.024385537683
1524.30075552	0.0243855291006
1524.61491479	0.0243852505874
1524.92907405	0.02438506084
1525.24323332	0.0243850875178
1525.55739258	0.0243850536701
1525.87155185	0.0243849226274
1526.18571111	0.02438491094
1526.49987038	0.0243850533232
1526.81402964	0.0243851954743
1527.12818891	0.0243854022873
1527.44234818	0.0243858303358
1527.75650744	0.0243862644597
1528.07066671	0.0243863240315
1528.38482597	0.0243864916248
1528.69898524	0.0243868395035
1529.0131445	0.0243870679214
1529.32730377	0.0243872405625
1529.64146303	0.0243875674396
1529.9556223	0.0243880023543
1530.26978156	0.0243883718364
1530.58394083	0.0243887633899
1530.89810009	0.0243893608111
1531.21225936	0.0243901773028
1531.52641863	0.0243910215146
1531.84057789	0.0243918951013
1532.15473716	0.0243927801778
1532.46889642	0.0243936000577
1532.78305569	0.0243943356853
1533.09721495	0.0243948494538
1533.41137422	0.024395323614
1533.72553348	0.0243958136679
1534.03969275	0.0243960944237
1534.35385201	0.0243963334776
1534.66801128	0.0243967077543
1534.98217054	0.0243971245998
1535.29632981	0.0243974740626
1535.61048907	0.0243974869993
1535.92464834	0.0243974027885
1536.23880761	0.0243975393321
1536.55296687	0.0243976924633
1536.86712614	0.0243977722088
1537.1812854	0.0243977012812
1537.49544467	0.0243975956669
1537.80960393	0.0243976784185
1538.1237632	0.0243978012939
1538.43792246	0.0243976927878
1538.75208173	0.0243975090745
1539.06624099	0.0243972644916
1539.38040026	0.0243968686298
1539.69455952	0.0243963536764
1540.00871879	0.024395748551
1540.32287806	0.0243951240544
1540.63703732	0.0243944486789
1540.95119659	0.0243936030512
1541.26535585	0.0243927636628
1541.57951512	0.0243921381751
1541.89367438	0.024391418013
1542.20783365	0.0243903832137
1542.52199291	0.0243892701553
1542.83615218	0.024388225215
1543.15031144	0.024387158867
1543.46447071	0.0243860673241
1543.77862997	0.0243849978087
1544.09278924	0.0243838045088
1544.4069485	0.0243825410115
1544.72110777	0.0243814355178
1545.03526704	0.0243804575391
1545.3494263	0.0243794106296
1545.66358557	0.0243783081419
1545.97774483	0.0243772736066
1546.2919041	0.0243763376432
1546.60606336	0.0243752856969
1546.92022263	0.0243741870526
1547.23438189	0.0243732826714
1547.54854116	0.0243725216049
1547.86270042	0.0243717253823
1548.17685969	0.024370609864
1548.49101895	0.0243695195795
1548.80517822	0.0243686368158
1549.11933749	0.0243675225047
1549.43349675	0.0243662103766
1549.74765602	0.0243650491767
1550.06181528	0.0243640113249
1550.37597455	0.0243630611912
1550.69013381	0.0243621172607
1551.00429308	0.024361004898
1551.31845234	0.0243598950345
1551.63261161	0.0243591167081
1551.94677087	0.0243585981979
1552.26093014	0.0243579826066
1552.5750894	0.0243571650864
1552.88924867	0.0243564193665
1553.20340793	0.0243557855169
1553.5175672	0.0243548728793
1553.83172647	0.024353908057
1554.14588573	0.0243532323924
1554.460045	0.0243525669643
1554.77420426	0.0243516660908
1555.08836353	0.024350726726
1555.40252279	0.0243499526429
1555.71668206	0.0243492660806
1556.03084132	0.0243485930527
1556.34500059	0.0243478407515
1556.65915985	0.0243469774274
1556.97331912	0.0243461252785
1557.28747838	0.0243455375855
1557.60163765	0.0243450803002
1557.91579692	0.0243443558091
1558.22995618	0.0243436040579
1558.54411545	0.0243432634151
1558.85827471	0.0243429767143
1559.17243398	0.0243423640256
1559.48659324	0.0243418868241
1559.80075251	0.0243414954849
1560.11491177	0.024340936721
1560.42907104	0.0243404349657
1560.7432303	0.0243402333943
1561.05738957	0.0243401270836
1561.37154883	0.0243399496522
1561.6857081	0.0243400313063
1561.99986736	0.0243404862777
1562.31402663	0.0243409059119
1562.6281859	0.0243407782165
1562.94234516	0.0243407246769
1563.25650443	0.0243410036958
1563.57066369	0.0243410565901
1563.88482296	0.0243410511763
1564.19898222	0.0243412063474
1564.51314149	0.0243414830317
1564.82730075	0.0243417253601
1565.14146002	0.0243419347717
1565.45561928	0.0243422850866
1565.76977855	0.0243428695283
1566.08393781	0.0243435241632
1566.39809708	0.0243441525529
1566.71225635	0.0243448434855
1567.02641561	0.0243457175053
1567.34057488	0.0243466315129
1567.65473414	0.0243474194399
1567.96889341	0.0243482119112
1568.28305267	0.0243491537146
1568.59721194	0.0243500012898
1568.9113712	0.0243504539002
1569.22553047	0.0243509042791
1569.53968973	0.024351634068
1569.853849	0.0243522766437
1570.16800826	0.0243526626629
1570.48216753	0.0243530266155
1570.7963268	0.024353407492
1571.11048606	0.0243537923352
1571.42464533	0.0243541781368
1571.73880459	0.0243545511753
1572.05296386	0.0243548172526
1572.36712312	0.0243551340172
1572.68128239	0.0243556637536
1572.99544165	0.0243561761799
1573.30960092	0.0243563872961
1573.62376018	0.0243564389947
1573.93791945	0.0243566157813
1574.25207871	0.0243566535617
1574.56623798	0.0243563884544
1574.88039724	0.0243561186489
1575.19455651	0.0243559522486
1575.50871578	0.0243556980578
1575.82287504	0.0243552974187
1576.13703431	0.0243548891849
1576.45119357	0.0243546401969
1576.76535284	0.024354363026
1577.0795121	0.0243537871623
1577.39367137	0.0243530074964
1577.70783063	0.0243523243693
1578.0219899	0.0243517989506
1578.33614916	0.0243509490421
1578.65030843	0.0243499718988
1578.96446769	0.0243490513341
1579.27862696	0.0243480796989
1579.59278623	0.0243471263543
1579.90694549	0.0243462714065
1580.22110476	0.0243454271447
1580.53526402	0.0243445863133
1580.84942329	0.0243438854353
1581.16358255	0.0243432680976
1581.47774182	0.0243425212158
1581.79190108	0.024341639967
1582.10606035	0.0243407680982
1582.42021961	0.0243397929891
1582.73437888	0.0243385182685
1583.04853814	0.0243371576045
1583.36269741	0.0243359605827
1583.67685667	0.0243347352496
1583.99101594	0.0243334197271
1584.30517521	0.0243321839157
1584.61933447	0.0243308663833
1584.93349374	0.0243294819179
1585.247653	0.0243282921728
1585.56181227	0.0243272171286
1585.87597153	0.024326072356
1586.1901308	0.0243250259621
1586.50429006	0.0243242187795
1586.81844933	0.024323455631
1587.13260859	0.0243225901828
1587.44676786	0.0243217550956
1587.76092712	0.0243208814244
1588.07508639	0.0243198753763
1588.38924566	0.024318883972
1588.70340492	0.0243179289593
1589.01756419	0.0243169591972
1589.33172345	0.024315996228
1589.64588272	0.0243150649639
1589.96004198	0.0243141479047
1590.27420125	0.0243132228744
1590.58836051	0.0243124023001
1590.90251978	0.0243117013483
1591.21667904	0.0243109186306
1591.53083831	0.0243100913238
1591.84499757	0.0243093715806
1592.15915684	0.0243087841039
1592.4733161	0.0243082411908
1592.78747537	0.024307664155
1593.10163464	0.0243070928404
1593.4157939	0.0243065723569
1593.72995317	0.0243061106241
1594.04411243	0.0243057044027
1594.3582717	0.0243053245758
1594.67243096	0.0243049322681
1594.98659023	0.0243045570947
1595.30074949	0.0243042077431
1595.61490876	0.0243039296363
1595.92906802	0.0243037030382
1596.24322729	0.0243034598784
1596.55738655	0.024303265525
1596.87154582	0.0243031718702
1597.18570509	0.024303005139
1597.49986435	0.0243027581926
1597.81402362	0.0243024315226
1598.12818288	0.0243021322055
1598.44234215	0.0243018936577
1598.75650141	0.0243016644113
1599.07066068	0.0243014637129
1599.38481994	0.0243012937567
1599.69897921	0.0243011846345
1600.01313847	0.0243011323434
1600.32729774	0.0243011597393
1600.641457	0.0243013220198
1600.95561627	0.024301596681
1601.26977553	0.0243019218906
1601.5839348	0.0243022548581
1601.89809407	0.0243025206689
1602.21225333	0.0243028251041
1602.5264126	0.0243030438468
1602.84057186	0.0243031235927
1603.15473113	0.0243032465242
1603.46889039	0.0243032660399
1603.78304966	0.0243032380439
1604.09720892	0.0243034296716
1604.41136819	0.0243036912927
1604.72552745	0.0243038304062
1605.03968672	0.0243040213455
1605.35384598	0.0243042796919
1605.66800525	0.024304541156
1605.98216452	0.0243048679734
1606.29632378	0.0243052210224
1606.61048305	0.0243055388658
1606.92464231	0.0243058746791
1607.23880158	0.0243063138349
1607.55296084	0.0243067834303
1607.86712011	0.0243072599143
1608.18127937	0.0243076732619
1608.49543864	0.0243079034254
1608.8095979	0.0243080285724
1609.12375717	0.024308282388
1609.43791643	0.0243086143924
1609.7520757	0.0243089416675
1610.06623496	0.0243092460649
1610.38039423	0.0243095719239
1610.6945535	0.0243099905301
1611.00871276	0.0243105639713
1611.32287203	0.02431099887
1611.63703129	0.0243110209952
1611.95119056	0.0243110669015
1612.26534982	0.0243111659058
1612.57950909	0.0243110393906
1612.89366835	0.0243108281793
1613.20782762	0.0243106978248
1613.52198688	0.0243104246302
1613.83614615	0.024309964405
1614.15030541	0.0243095363744
1614.46446468	0.024309221199
1614.77862395	0.0243088877303
1615.09278321	0.0243084563995
1615.40694248	0.0243080016517
1615.72110174	0.0243076041255
1616.03526101	0.0243072326037
1616.34942027	0.0243067996973
1616.66357954	0.0243062357705
1616.9777388	0.0243055878123
1617.29189807	0.0243048844769
1617.60605733	0.0243039546471
1617.9202166	0.0243028907536
1618.23437586	0.0243019557745
1618.54853513	0.0243010307517
1618.86269439	0.0242998637026
1619.17685366	0.0242986991686
1619.49101293	0.0242975838314
1619.80517219	0.024296341465
1620.11933146	0.0242950993803
1620.43349072	0.024293994552
1620.74764999	0.024292761922
1621.06180925	0.0242913633166
1621.37596852	0.0242901602705
1621.69012778	0.0242891542358
1622.00428705	0.024288084221
1622.31844631	0.0242869813614
1622.63260558	0.0242859392963
1622.94676484	0.0242849004854
1623.26092411	0.0242839174025
1623.57508338	0.0242830046554
1623.88924264	0.0242819946393
1624.20340191	0.024280902775
1624.51756117	0.0242799425736
1624.83172044	0.0242790655058
1625.1458797	0.0242781394308
1625.46003897	0.0242772152705
1625.77419823	0.0242762835554
1626.0883575	0.0242753775632
1626.40251676	0.0242745970253
1626.71667603	0.0242737947306
1627.03083529	0.0242729460257
1627.34499456	0.0242723220494
1627.65915382	0.0242717219988
1627.97331309	0.024270959188
1628.28747236	0.0242702382519
1628.60163162	0.0242697270992
1628.91579089	0.0242692994048
1629.22995015	0.0242688049317
1629.54410942	0.0242683218429
1629.85826868	0.0242679332716
1630.17242795	0.0242675679533
1630.48658721	0.0242671919234
1630.80074648	0.0242668524451
1631.11490574	0.0242664748586
1631.42906501	0.0242659903406
1631.74322427	0.0242654652872
1632.05738354	0.0242650526324
1632.37154281	0.0242645907281
1632.68570207	0.0242640000358
1632.99986134	0.0242634468965
1633.3140206	0.0242629340281
1633.62817987	0.0242623410955
1633.94233913	0.0242618213718
1634.2564984	0.024261479501
1634.57065766	0.0242610311791
1634.88481693	0.0242604967814
1635.19897619	0.0242601632302
1635.51313546	0.0242600346063
1635.82729472	0.0242599359317
1636.14145399	0.024259829873
1636.45561326	0.024259784243
1636.76977252	0.0242598212975
1637.08393179	0.0242598083501
1637.39809105	0.0242596302081
1637.71225032	0.0242595364074
1638.02640958	0.0242594055898
1638.34056885	0.024259123584
1638.65472811	0.0242588699339
1638.96888738	0.02425873239
1639.28304664	0.024258600962
1639.59720591	0.0242586141979
1639.91136517	0.024258771106
1640.22552444	0.024258807858
1640.5396837	0.0242587847545
1640.85384297	0.0242588925198
1641.16800224	0.0242592520332
1641.4821615	0.0242596696618
1641.79632077	0.0242599358576
1642.11048003	0.0242602102945
1642.4246393	0.0242606867826
1642.73879856	0.0242612282704
1643.05295783	0.0242616875301
1643.36711709	0.024262186613
1643.68127636	0.0242627331599
1643.99543562	0.0242632384436
1644.30959489	0.0242637488239
1644.62375415	0.0242643346294
1644.93791342	0.0242649474364
1645.25207269	0.0242655348906
1645.56623195	0.0242661730131
1645.88039122	0.0242668784295
1646.19455048	0.0242673575451
1646.50870975	0.0242676228073
1646.82286901	0.0242680373413
1647.13702828	0.024268373377
1647.45118754	0.024268535445
1647.76534681	0.0242688019188
1648.07950607	0.0242690124239
1648.39366534	0.0242691401562
1648.7078246	0.0242692769864
1649.02198387	0.0242693507587
1649.33614313	0.0242694225353
1649.6503024	0.0242695659642
1649.96446167	0.0242696973081
1650.27862093	0.0242697909743
1650.5927802	0.0242698588303
1650.90693946	0.0242698267154
1651.22109873	0.0242696617075
1651.53525799	0.024269426817
1651.84941726	0.0242690287907
1652.16357652	0.024268542878
1652.47773579	0.0242679734617
1652.79189505	0.0242671498686
1653.10605432	0.0242662975644
1653.42021358	0.0242656749479
1653.73437285	0.0242649975729
1654.04853212	0.0242639626041
1654.36269138	0.0242629015387
1654.67685065	0.024261992133
1654.99100991	0.0242610190725
1655.30516918	0.0242599679272
1655.61932844	0.0242588998646
1655.93348771	0.02425780273
1656.24764697	0.0242567552261
1656.56180624	0.0242558784156
1656.8759655	0.0242551153024
1657.19012477	0.0242542974912
1657.50428403	0.0242532371471
1657.8184433	0.0242521700791
1658.13260256	0.0242511496235
1658.44676183	0.024249944324
1658.7609211	0.0242487922801
1659.07508036	0.0242478803767
1659.38923963	0.0242469318195
1659.70339889	0.0242458533721
1660.01755816	0.0242448703536
1660.33171742	0.0242441641398
1660.64587669	0.0242434100505
1660.96003595	0.0242424058581
1661.27419522	0.0242414622517
1661.58835448	0.0242406406796
1661.90251375	0.024239743703
1662.21667301	0.0242388517669
1662.53083228	0.0242381300162
1662.84499155	0.0242373328527
1663.15915081	0.024236400521
1663.47331008	0.0242356017555
1663.78746934	0.0242350330097
1664.10162861	0.0242344894686
1664.41578787	0.024233862947
1664.72994714	0.0242332523497
1665.0441064	0.0242328135255
1665.35826567	0.0242324918443
1665.67242493	0.0242321222398
1665.9865842	0.0242317295235
1666.30074346	0.0242313625351
1666.61490273	0.0242309471115
1666.92906199	0.0242303600968
1667.24322126	0.0242297083474
1667.55738053	0.0242291181467
1667.87153979	0.0242284405157
1668.18569906	0.0242277081477
1668.49985832	0.0242270460036
1668.81401759	0.0242263324412
1669.12817685	0.024225605591
1669.44233612	0.0242250536469
1669.75649538	0.0242244652906
1670.07065465	0.0242237853465
1670.38481391	0.024223273044
1670.69897318	0.024222974035
1671.01313244	0.0242227083763
1671.32729171	0.024222323467
1671.64145098	0.0242218264587
1671.95561024	0.0242213057831
1672.26976951	0.0242209404956
1672.58392877	0.024220497643
1672.89808804	0.0242198923835
1673.2122473	0.0242193784468
1673.52640657	0.0242190614743
1673.84056583	0.0242188167099
1674.1547251	0.0242185353601
1674.46888436	0.0242183316676
1674.78304363	0.0242181541531
1675.09720289	0.0242178793522
1675.41136216	0.0242176511208
1675.72552142	0.0242175223001
1676.03968069	0.024217387168
1676.35383996	0.0242173389524
1676.66799922	0.0242173561179
1676.98215849	0.0242173634431
1677.29631775	0.0242174625979
1677.61047702	0.0242177425071
1677.92463628	0.0242180852891
1678.23879555	0.0242183891646
1678.55295481	0.0242187258949
1678.86711408	0.0242191627161
1679.18127334	0.0242196049691
1679.49543261	0.0242200441696
1679.80959187	0.0242205068442
1680.12375114	0.0242209756274
1680.43791041	0.0242214605174
1680.75206967	0.0242219350985
1681.06622894	0.0242222939818
1681.3803882	0.0242226077301
1681.69454747	0.0242230328079
1682.00870673	0.0242233935857
1682.322866	0.0242236312517
1682.63702526	0.0242238605173
1682.95118453	0.0242242891346
1683.26534379	0.0242247248886
1683.57950306	0.0242249956736
1683.89366232	0.0242252854535
1684.20782159	0.0242256846314
1684.52198085	0.0242261201856
1684.83614012	0.0242265917403
1685.15029939	0.0242271009651
1685.46445865	0.024227608051
1685.77861792	0.0242280808641
1686.09277718	0.02422848882
1686.40693645	0.0242287761768
1686.72109571	0.0242289443703
1687.03525498	0.0242289257124
1687.34941424	0.0242287348976
1687.66357351	0.0242284586507
1687.97773277	0.0242281987201
1688.29189204	0.0242279417727
1688.6060513	0.0242276092594
1688.92021057	0.0242273264325
1689.23436984	0.0242270486159
1689.5485291	0.0242266831249
1689.86268837	0.0242262060893
1690.17684763	0.0242257449277
1690.4910069	0.0242254319504
1690.80516616	0.0242248364116
1691.11932543	0.024224100845
1691.43348469	0.0242235973132
1691.74764396	0.0242231379013
1692.06180322	0.0242224537086
1692.37596249	0.024221645406
1692.69012175	0.0242208825577
1693.00428102	0.024220086528
1693.31844029	0.0242192273378
1693.63259955	0.0242183390504
1693.94675882	0.0242174558771
1694.26091808	0.024216576542
1694.57507735	0.0242157406599
1694.88923661	0.0242149731097
1695.20339588	0.024214248492
1695.51755514	0.0242134910041
1695.83171441	0.0242125875887
1696.14587367	0.0242115707847
1696.46003294	0.024210582557
1696.7741922	0.0242096155716
1697.08835147	0.0242086198092
1697.40251073	0.0242076235058
1697.71667	0.0242065372958
1698.03082927	0.0242054335943
1698.34498853	0.0242044754645
1698.6591478	0.0242036423053
1698.97330706	0.024202780449
1699.28746633	0.0242018838865
1699.60162559	0.0242011687482
1699.91578486	0.0242006022336
1700.22994412	0.0242000009622
1700.54410339	0.0241992775651
1700.85826265	0.0241985957005
1701.17242192	0.0241980749006
1701.48658118	0.0241973294284
1701.80074045	0.0241960824955
1702.11489972	0.0241949488368
1702.42905898	0.0241941771556
1702.74321825	0.0241933961046
1703.05737751	0.0241923919008
1703.37153678	0.0241913135593
1703.68569604	0.0241904172361
1703.99985531	0.0241896709326
1704.31401457	0.024188908199
1704.62817384	0.0241881284155
1704.9423331	0.0241873716637
1705.25649237	0.0241867385366
1705.57065163	0.0241863086776
1705.8848109	0.0241859631437
1706.19897016	0.0241855917206
1706.51312943	0.024185171789
1706.8272887	0.0241845466575
1707.14144796	0.0241839587381
1707.45560723	0.0241834489808
1707.76976649	0.024182786822
1708.08392576	0.0241820909007
1708.39808502	0.0241815461717
1708.71224429	0.0241811556639
1709.02640355	0.0241806822605
1709.34056282	0.0241801996894
1709.65472208	0.0241799752104
1709.96888135	0.0241797694991
1710.28304061	0.0241793813959
1710.59719988	0.0241789790103
1710.91135915	0.0241787111902
1711.22551841	0.0241784901425
1711.53967768	0.0241781446256
1711.85383694	0.0241778499406
1712.16799621	0.0241777167138
1712.48215547	0.0241776280173
1712.79631474	0.024177527003
1713.110474	0.0241774815718
1713.42463327	0.0241774680053
1713.73879253	0.0241774795927
1714.0529518	0.0241775641854
1714.36711106	0.0241777022308
1714.68127033	0.0241779361912
1714.99542959	0.0241782132537
1715.30958886	0.0241785455451
1715.62374813	0.0241790893607
1715.93790739	0.0241797428028
1716.25206666	0.0241799725927
1716.56622592	0.0241800019353
1716.88038519	0.0241804130111
1717.19454445	0.0241807439121
1717.50870372	0.0241808612459
1717.82286298	0.024181056498
1718.13702225	0.0241814005155
1718.45118151	0.0241817940789
1718.76534078	0.0241821864239
1719.07950004	0.0241825816987
1719.39365931	0.0241831497133
1719.70781858	0.0241839689346
1720.02197784	0.0241848146724
1720.33613711	0.0241855398033
1720.65029637	0.0241862101711
1720.96445564	0.0241868526311
1721.2786149	0.0241873079588
1721.59277417	0.0241875861133
1721.90693343	0.0241879466527
1722.2210927	0.0241882806278
1722.53525196	0.0241884161131
1722.84941123	0.0241885055919
1723.16357049	0.0241887015288
1723.47772976	0.0241889487143
1723.79188902	0.0241890905096
1724.10604829	0.0241890326643
1724.42020756	0.0241889205768
1724.73436682	0.024188860447
1725.04852609	0.0241888163076
1725.36268535	0.0241886779312
1725.67684462	0.0241884238716
1725.99100388	0.0241882799862
1726.30516315	0.0241882613036
1726.61932241	0.0241882426417
1726.93348168	0.0241881330373
1727.24764094	0.0241878420449
1727.56180021	0.02418747258
1727.87595947	0.0241870823877
1728.19011874	0.0241865225424
1728.50427801	0.0241858838764
1728.81843727	0.0241852729677
1729.13259654	0.0241846173119
1729.4467558	0.0241839215175
1729.76091507	0.0241831968629
1730.07507433	0.0241825390759
1730.3892336	0.024181855518
1730.70339286	0.0241809003881
1731.01755213	0.0241799144492
1731.33171139	0.0241790075534
1731.64587066	0.024178035173
1731.96002992	0.0241770474453
1732.27418919	0.0241761422146
1732.58834845	0.0241751770714
1732.90250772	0.0241741518681
1733.21666699	0.0241731918822
1733.53082625	0.0241723245386
1733.84498552	0.0241715050653
1734.15914478	0.0241707155035
1734.47330405	0.0241699455296
1734.78746331	0.024169237854
1735.10162258	0.0241686057674
1735.41578184	0.0241679608518
1735.72994111	0.0241673017472
1736.04410037	0.0241666847185
1736.35825964	0.0241658138278
1736.6724189	0.0241645172374
1736.98657817	0.0241633498711
1737.30073744	0.0241624278071
1737.6148967	0.0241614811613
1737.92905597	0.0241604952924
1738.24321523	0.0241595544874
1738.5573745	0.0241586484236
1738.87153376	0.0241577970125
1739.18569303	0.0241571046063
1739.49985229	0.0241564556795
1739.81401156	0.0241556924983
1740.12817082	0.0241549919568
1740.44233009	0.0241545142449
1740.75648935	0.0241540762654
1741.07064862	0.0241533571059
1741.38480788	0.0241525561513
1741.69896715	0.0241517296602
1742.01312642	0.0241508528475
1742.32728568	0.0241500656971
1742.64144495	0.0241492846857
1742.95560421	0.0241484428188
1743.26976348	0.024147623145
1743.58392274	0.0241469454104
1743.89808201	0.0241463803891
1744.21224127	0.0241458346893
1744.52640054	0.0241452087149
1744.8405598	0.024144629707
1745.15471907	0.0241440891849
1745.46887833	0.0241432940533
1745.7830376	0.0241426063006
1746.09719687	0.0241422257602
1746.41135613	0.024141550466
1746.7255154	0.0241406617419
1747.03967466	0.0241399802076
1747.35383393	0.0241394818926
1747.66799319	0.0241390241742
1747.98215246	0.0241386329329
1748.29631172	0.0241382076999
1748.61047099	0.0241378258608
1748.92463025	0.0241376783271
1749.23878952	0.0241376623992
1749.55294878	0.0241376585748
1749.86710805	0.0241377521511
1750.18126731	0.0241380792006
1750.49542658	0.0241385078521
1750.80958585	0.0241386198828
1751.12374511	0.0241384114002
1751.43790438	0.0241385028881
1751.75206364	0.0241387250249
1752.06622291	0.0241388767683
1752.38038217	0.0241389976473
1752.69454144	0.0241391713974
1753.0087007	0.0241395051589
1753.32285997	0.0241400359471
1753.63701923	0.0241405266945
1753.9511785	0.0241409198375
1754.26533776	0.0241415506877
1754.57949703	0.0241424965225
1754.8936563	0.024143500563
1755.20781556	0.024144413761
1755.52197483	0.0241452649009
1755.83613409	0.0241461561578
1756.15029336	0.0241470398484
1756.46445262	0.024147718705
1756.77861189	0.0241483191219
1757.09277115	0.0241489454972
1757.40693042	0.0241495844387
1757.72108968	0.0241501745994
1758.03524895	0.0241507057421
1758.34940821	0.0241512715682
1758.66356748	0.0241518969389
1758.97772675	0.0241524014228
1759.29188601	0.0241527302492
1759.60604528	0.0241529440453
1759.92020454	0.024153390613
1760.23436381	0.0241538499944
1760.54852307	0.0241538285577
1760.86268234	0.0241537505084
1761.1768416	0.0241539609733
1761.49100087	0.0241541552034
1761.80516013	0.0241541037795
1762.1193194	0.024154006671
1762.43347866	0.0241538831628
1762.74763793	0.024153633364
1763.06179719	0.0241533207614
1763.37595646	0.0241530614554
1763.69011573	0.0241527503879
1764.00427499	0.0241523203061
1764.31843426	0.0241518527539
1764.63259352	0.0241513361341
1764.94675279	0.0241507542808
1765.26091205	0.024150104413
1765.57507132	0.0241493945601
1765.88923058	0.0241484708444
1766.20338985	0.0241476083219
1766.51754911	0.0241467792567
1766.83170838	0.0241457447607
1767.14586764	0.0241446968108
1767.46002691	0.0241437099185
1767.77418618	0.0241426408784
1768.08834544	0.0241415932185
1768.40250471	0.0241407936782
1768.71666397	0.0241400877444
1769.03082324	0.0241393440547
1769.3449825	0.024138641583
1769.65914177	0.0241379738324
1769.97330103	0.0241372247737
1770.2874603	0.0241363176032
1770.60161956	0.0241352998751
1770.91577883	0.0241342101341
1771.22993809	0.024133004322
1771.54409736	0.0241316911673
1771.85825662	0.0241305691398
1772.17241589	0.0241295450912
1772.48657516	0.0241284662642
1772.80073442	0.0241273016324
1773.11489369	0.0241261277957
1773.42905295	0.0241250007574
1773.74321222	0.0241239326501
1774.05737148	0.0241229174068
1774.37153075	0.0241219124003
1774.68569001	0.0241209683469
1774.99984928	0.0241200948146
1775.31400854	0.0241192621362
1775.62816781	0.0241184512222
1775.94232707	0.0241176936254
1776.25648634	0.0241169532786
1776.57064561	0.0241161578223
1776.88480487	0.0241153534665
1777.19896414	0.0241145443799
1777.5131234	0.0241137322791
1777.82728267	0.0241129264166
1778.14144193	0.0241120730517
1778.4556012	0.0241111842947
1778.76976046	0.0241103808612
1779.08391973	0.0241096700455
1779.39807899	0.0241089821665
1779.71223826	0.0241081984604
1780.02639752	0.0241073320806
1780.34055679	0.0241065491039
1780.65471605	0.0241058936936
1780.96887532	0.0241053221306
1781.28303459	0.0241047284133
1781.59719385	0.0241041622407
1781.91135312	0.0241036395329
1782.22551238	0.0241031876992
1782.53967165	0.0241028995486
1782.85383091	0.0241026937628
1783.16799018	0.0241024568809
1783.48214944	0.0241022716558
1783.79630871	0.0241021386129
1784.11046797	0.0241020282032
1784.42462724	0.02410196936
1784.7387865	0.0241018776035
1785.05294577	0.0241018025155
1785.36710504	0.0241018588747
1785.6812643	0.0241017629071
1785.99542357	0.0241016067055
1786.30958283	0.0241015864764
1786.6237421	0.0241015937586
1786.93790136	0.0241016056296
1787.25206063	0.0241016094951
1787.56621989	0.0241017021002
1787.88037916	0.0241019627691
1788.19453842	0.0241022567287
1788.50869769	0.0241025476074
1788.82285695	0.0241028843408
1789.13701622	0.0241033550862
1789.45117548	0.0241039903822
1789.76533475	0.0241046358388
1790.07949402	0.0241052298967
1790.39365328	0.0241057870168
1790.70781255	0.0241062585319
1791.02197181	0.0241066699054
1791.33613108	0.0241070531703
1791.65029034	0.0241074860312
1791.96444961	0.0241079315682
1792.27860887	0.0241082531719
1792.59276814	0.024108579799
1792.9069274	0.0241090666109
1793.22108667	0.0241095841531
1793.53524593	0.024109973087
1793.8494052	0.0241103318873
1794.16356447	0.024110804515
1794.47772373	0.0241112096156
1794.791883	0.0241114151527
1795.10604226	0.024111763829
1795.42020153	0.024112226691
1795.73436079	0.0241123436362
1796.04852006	0.024112335379
1796.36267932	0.0241125576184
1796.67683859	0.0241127872513
1796.99099785	0.0241128579366
1797.30515712	0.0241129438879
1797.61931638	0.0241130932702
1797.93347565	0.0241131793332
1798.24763491	0.0241132669317
1798.56179418	0.0241134630919
1798.87595345	0.0241137465105
1799.19011271	0.0241140466277
1799.50427198	0.0241143012457
1799.81843124	0.0241142563928
1800.13259051	0.0241139060611
1800.44674977	0.024113731137
1800.76090904	0.0241134609444
1801.0750683	0.0241129406282
1801.38922757	0.024112469819
1801.70338683	0.0241120715965
1802.0175461	0.0241116017301
1802.33170536	0.0241110595134
1802.64586463	0.0241104474299
1802.9600239	0.0241098511359
1803.27418316	0.0241093751968
1803.58834243	0.0241089917686
1803.90250169	0.0241085897511
1804.21666096	0.0241080776007
1804.53082022	0.0241074891817
1804.84497949	0.0241068679326
1805.15913875	0.024106233622
1805.47329802	0.0241054732734
1805.78745728	0.024104538297
1806.10161655	0.0241036044026
1806.41577581	0.0241026310369
1806.72993508	0.0241014954592
1807.04409434	0.0241003725939
1807.35825361	0.0240992647044
1807.67241288	0.0240981643776
1807.98657214	0.0240970648709
1808.30073141	0.02409574085
1808.61489067	0.0240942662915
1808.92904994	0.0240932040338
1809.2432092	0.024092137881
1809.55736847	0.0240906134377
1809.87152773	0.0240891600589
1810.185687	0.0240881079099
1810.49984626	0.0240870748521
1810.81400553	0.0240857594838
1811.12816479	0.0240844895367
1811.44232406	0.0240834038317
1811.75648333	0.0240822770515
1812.07064259	0.0240811133858
1812.38480186	0.0240800433886
1812.69896112	0.0240791296452
1813.01312039	0.0240782099796
1813.32727965	0.0240772263249
1813.64143892	0.024076385956
1813.95559818	0.0240755765313
1814.26975745	0.0240747390431
1814.58391671	0.024074106838
1814.89807598	0.0240733590044
1815.21223524	0.024072384338
1815.52639451	0.0240717896437
1815.84055378	0.0240712940103
1816.15471304	0.024070474341
1816.46887231	0.0240697259276
1816.78303157	0.0240692621861
1817.09719084	0.024068870613
1817.4113501	0.0240685174007
1817.72550937	0.0240682988622
1818.03966863	0.0240681886344
1818.3538279	0.0240681482511
1818.66798716	0.024068140404
1818.98214643	0.0240681171925
1819.29630569	0.024068097178
1819.61046496	0.0240679677972
1819.92462422	0.0240677156309
1820.23878349	0.0240676048315
1820.55294276	0.0240675026588
1820.86710202	0.0240672080753
1821.18126129	0.0240669803817
1821.49542055	0.0240668862225
1821.80957982	0.0240667413531
1822.12373908	0.0240665409403
1822.43789835	0.024066324524
1822.75205761	0.0240661652222
1823.06621688	0.0240661394211
1823.38037614	0.0240661341371
1823.69453541	0.024066096989
1824.00869467	0.0240662061626
1824.32285394	0.0240665033891
1824.63701321	0.0240669021876
1824.95117247	0.0240672925337
1825.26533174	0.0240674605991
1825.579491	0.0240676432492
1825.89365027	0.0240678614113
1826.20780953	0.024067802034
1826.5219688	0.0240677858286
1826.83612806	0.0240680191788
1827.15028733	0.0240682125222
1827.46444659	0.0240683023659
1827.77860586	0.0240685599095
1828.09276512	0.0240690438463
1828.40692439	0.0240694561855
1828.72108365	0.0240695526863
1829.03524292	0.0240696725111
1829.34940219	0.0240700588358
1829.66356145	0.0240704612076
1829.97772072	0.0240707154529
1830.29187998	0.0240710654619
1830.60603925	0.0240715846268
1830.92019851	0.0240720429521
1831.23435778	0.0240724435483
1831.54851704	0.024072959509
1831.86267631	0.0240735946501
1832.17683557	0.0240742008403
1832.49099484	0.0240747342041
1832.8051541	0.0240752510597
1833.11931337	0.0240757993615
1833.43347264	0.0240764380067
1833.7476319	0.0240769472596
1834.06179117	0.0240772464188
1834.37595043	0.0240776682794
1834.6901097	0.0240782086366
1835.00426896	0.0240784076352
1835.31842823	0.0240784140999
1835.63258749	0.0240785712176
1835.94674676	0.0240786608682
1836.26090602	0.0240786445054
1836.57506529	0.0240785897259
1836.88922455	0.0240785465528
1837.20338382	0.0240785720357
1837.51754308	0.0240784693609
1837.83170235	0.0240782381854
1838.14586162	0.0240781759094
1838.46002088	0.0240782803023
1838.77418015	0.0240782528992
1839.08833941	0.0240779828642
1839.40249868	0.0240776991696
1839.71665794	0.0240773581422
1840.03081721	0.0240767316674
1840.34497647	0.0240760848571
1840.65913574	0.0240754628813
1840.973295	0.0240746097154
1841.28745427	0.0240736728745
1841.60161353	0.0240727950815
1841.9157728	0.0240718900294
1842.22993207	0.0240708775056
1842.54409133	0.0240697843873
1842.8582506	0.0240687680872
1843.17240986	0.0240677946801
1843.48656913	0.0240667732961
1843.80072839	0.0240656226739
1844.11488766	0.0240644971029
1844.42904692	0.0240635385895
1844.74320619	0.0240623629866
1845.05736545	0.0240610954798
1845.37152472	0.0240599266635
1845.68568398	0.0240587693294
1845.99984325	0.0240575512342
1846.31400251	0.0240562840413
1846.62816178	0.0240550703523
1846.94232105	0.0240539237083
1847.25648031	0.0240527835365
1847.57063958	0.024051816635
1847.88479884	0.0240509984568
1848.19895811	0.0240501135002
1848.51311737	0.0240492422254
1848.82727664	0.0240484841455
1849.1414359	0.0240474664791
1849.45559517	0.0240462746013
1849.76975443	0.0240452639934
1850.0839137	0.0240442936185
1850.39807296	0.0240433195023
1850.71223223	0.0240422984496
1851.0263915	0.0240414634819
1851.34055076	0.0240407661266
1851.65471003	0.0240398949321
1851.96886929	0.0240390332552
1852.28302856	0.024038492152
1852.59718782	0.0240381565208
1852.91134709	0.0240378036143
1853.22550635	0.0240374377526
1853.53966562	0.0240371701806
1853.85382488	0.0240370483627
1854.16798415	0.0240368944258
1854.48214341	0.0240365878184
1854.79630268	0.0240362419677
1855.11046194	0.0240358118678
1855.42462121	0.0240352809912
1855.73878048	0.0240348517707
1856.05293974	0.0240344049681
1856.36709901	0.024033873421
1856.68125827	0.0240335134962
1856.99541754	0.0240332963866
1857.3095768	0.024032901314
1857.62373607	0.0240324129952
1857.93789533	0.0240321092198
1858.2520546	0.0240319928379
1858.56621386	0.0240318302297
1858.88037313	0.0240315559774
1859.19453239	0.0240314291717
1859.50869166	0.0240315322106
1859.82285093	0.0240314817719
1860.13701019	0.0240312394172
1860.45116946	0.0240310719147
1860.76532872	0.0240309147706
1861.07948799	0.0240307036864
1861.39364725	0.0240305379266
1861.70780652	0.0240305065824
1862.02196578	0.0240305661111
1862.33612505	0.0240306578358
1862.65028431	0.0240307682799
1862.96444358	0.0240309878333
1863.27860284	0.0240311757822
1863.59276211	0.0240311847489
1863.90692137	0.0240312398175
1864.22108064	0.0240313904916
1864.53523991	0.0240314841949
1864.84939917	0.024031574662
1865.16355844	0.0240318584134
1865.4777177	0.0240321021465
1865.79187697	0.0240322250915
1866.10603623	0.0240324748232
1866.4201955	0.024032918201
1866.73435476	0.0240334389037
1867.04851403	0.0240339453553
1867.36267329	0.0240344767475
1867.67683256	0.0240350848165
1867.99099182	0.0240357492169
1868.30515109	0.0240364438754
1868.61931036	0.0240370840517
1868.93346962	0.0240376608862
1869.24762889	0.0240381414285
1869.56178815	0.0240385167711
1869.87594742	0.0240388439114
1870.19010668	0.0240390698161
1870.50426595	0.0240392743987
1870.81842521	0.0240396066169
1871.13258448	0.0240399429157
1871.44674374	0.0240399843793
1871.76090301	0.024039982032
1872.07506227	0.0240403268305
1872.38922154	0.0240406331427
1872.7033808	0.0240406263434
1873.01754007	0.024040672933
1873.33169934	0.0240410230415
1873.6458586	0.0240414419195
1873.96001787	0.0240417276851
1874.27417713	0.0240419961266
1874.5883364	0.0240422146554
1874.90249566	0.0240421497929
1875.21665493	0.024041835788
1875.53081419	0.024041474947
1875.84497346	0.0240411076739
1876.15913272	0.0240406145304
1876.47329199	0.0240400278488
1876.78745125	0.0240394941034
1877.10161052	0.0240390517013
1877.41576979	0.0240387001416
1877.72992905	0.0240382588321
1878.04408832	0.0240375238221
1878.35824758	0.0240367449144
1878.67240685	0.0240360351853
1878.98656611	0.0240352823854
1879.30072538	0.0240344478145
1879.61488464	0.0240335290415
1879.92904391	0.0240325616727
1880.24320317	0.0240316168466
1880.55736244	0.0240307312833
1880.8715217	0.0240299008287
1881.18568097	0.0240290494529
1881.49984024	0.0240281707789
1881.8139995	0.0240272639674
1882.12815877	0.0240263700538
1882.44231803	0.0240255913226
1882.7564773	0.0240247102157
1883.07063656	0.0240236967798
1883.38479583	0.0240228786811
1883.69895509	0.024022217771
1884.01311436	0.0240212553179
1884.32727362	0.0240202708926
1884.64143289	0.0240193774067
1884.95559215	0.0240183639668
1885.26975142	0.0240172589496
1885.58391068	0.0240162003327
1885.89806995	0.0240151806323
1886.21222922	0.0240141702876
1886.52638848	0.024013131908
1886.84054775	0.0240121360315
1887.15470701	0.0240111939672
1887.46886628	0.0240103699028
1887.78302554	0.0240097101922
1888.09718481	0.0240091652336
1888.41134407	0.0240086485019
1888.72550334	0.0240080655454
1889.0396626	0.0240074283327
1889.35382187	0.0240067930644
1889.66798113	0.0240060778542
1889.9821404	0.024005188786
1890.29629967	0.0240043026177
1890.61045893	0.0240035169616
1890.9246182	0.0240028036276
1891.23877746	0.0240021259331
1891.55293673	0.0240014720222
1891.86709599	0.0240008071609
1892.18125526	0.0240001964848
1892.49541452	0.0239996761588
1892.80957379	0.023999177871
1893.12373305	0.0239987050704
1893.43789232	0.0239983252299
1893.75205158	0.0239979480771
1894.06621085	0.0239975916259
1894.38037011	0.0239972884482
1894.69452938	0.0239970396632
1895.00868865	0.0239968611139
1895.32284791	0.0239966085704
1895.63700718	0.0239963286976
1895.95116644	0.0239961630818
1896.26532571	0.0239960534801
1896.57948497	0.0239960012899
1896.89364424	0.023996026136
1897.2078035	0.0239960748513
1897.52196277	0.0239961967899
1897.83612203	0.0239964648104
1898.1502813	0.0239966468827
1898.46444056	0.023996763125
1898.77859983	0.0239968491027
1899.0927591	0.023996762186
1899.40691836	0.0239967383745
1899.72107763	0.0239968132563
1900.03523689	0.0239968161863
1900.34939616	0.0239968719649
1900.66355542	0.0239970863609
1900.97771469	0.0239971761471
1901.29187395	0.0239972403374
1901.60603322	0.0239975250291
1901.92019248	0.0239979598235
1902.23435175	0.0239983471965
1902.54851101	0.0239986951454
1902.86267028	0.0239991811605
1903.17682954	0.0239997384126
1903.49098881	0.0240002180297
1903.80514808	0.0240007229366
1904.11930734	0.024001291359
1904.43346661	0.024001568125
1904.74762587	0.0240015475793
1905.06178514	0.0240016995524
1905.3759444	0.0240019523131
1905.69010367	0.0240021112732
1906.00426293	0.0240022589864
1906.3184222	0.0240024960265
1906.63258146	0.0240027331971
1906.94674073	0.0240029027589
1907.26089999	0.0240031479387
1907.57505926	0.0240036075845
1907.88921853	0.0240039217994
1908.20337779	0.0240041501337
1908.51753706	0.0240046773227
1908.83169632	0.0240053278823
1909.14585559	0.0240056864348
1909.46001485	0.0240058171247
1909.77417412	0.0240059425337
1910.08833338	0.024006057299
1910.40249265	0.0240060161096
1910.71665191	0.0240059219706
1911.03081118	0.0240058716409
1911.34497044	0.0240058155749
1911.65912971	0.024005697284
1911.97328897	0.0240055590103
1912.28744824	0.0240054959185
1912.60160751	0.0240053526191
1912.91576677	0.0240050394576
1913.22992604	0.0240047099842
1913.5440853	0.0240043204829
1913.85824457	0.0240038939877
1914.17240383	0.0240034526817
1914.4865631	0.0240029435048
1914.80072236	0.0240023383763
1915.11488163	0.0240017521571
1915.42904089	0.0240012875443
1915.74320016	0.0240008429456
1916.05735942	0.0240002722274
1916.37151869	0.0239996414263
1916.68567796	0.0239990721134
1916.99983722	0.0239984638172
1917.31399649	0.0239977388048
1917.62815575	0.0239969911023
1917.94231502	0.0239962386644
1918.25647428	0.0239953678459
1918.57063355	0.023994452336
1918.88479281	0.0239936631362
1919.19895208	0.0239927623726
1919.51311134	0.0239916930389
1919.82727061	0.0239907055618
1920.14142987	0.0239898528596
1920.45558914	0.0239888285361
1920.7697484	0.023987734321
1921.08390767	0.0239867945726
1921.39806694	0.0239859011612
1921.7122262	0.0239849628775
1922.02638547	0.0239839968092
1922.34054473	0.0239831482053
1922.654704	0.0239825099987
1922.96886326	0.0239819777321
1923.28302253	0.0239814685872
1923.59718179	0.0239809978584
1923.91134106	0.0239805215406
1924.22550032	0.0239799304876
1924.53965959	0.0239791574282
1924.85381885	0.0239782537948
1925.16797812	0.0239774569249
1925.48213739	0.023976644841
1925.79629665	0.0239757677116
1926.11045592	0.0239750184194
1926.42461518	0.0239744419435
1926.73877445	0.0239739538778
1927.05293371	0.0239733917738
1927.36709298	0.0239726938681
1927.68125224	0.0239719805192
1927.99541151	0.0239714853119
1928.30957077	0.0239708808257
1928.62373004	0.0239700978437
1928.9378893	0.0239694591213
1929.25204857	0.0239689547557
1929.56620783	0.0239683748439
1929.8803671	0.0239677274071
1930.19452637	0.0239672562068
1930.50868563	0.0239668035339
1930.8228449	0.0239662495733
1931.13700416	0.0239657652804
1931.45116343	0.0239653261256
1931.76532269	0.0239648765216
1932.07948196	0.0239645316937
1932.39364122	0.0239642571349
1932.70780049	0.0239639074197
1933.02195975	0.0239635813357
1933.33611902	0.0239633143928
1933.65027828	0.0239629734032
1933.96443755	0.0239626024887
1934.27859682	0.0239621810473
1934.59275608	0.0239616620069
1934.90691535	0.0239613000796
1935.22107461	0.0239610301293
1935.53523388	0.0239606007629
1935.84939314	0.0239602123214
1936.16355241	0.0239600136002
1936.47771167	0.023959960516
1936.79187094	0.0239599606584
1937.1060302	0.0239600347305
1937.42018947	0.0239602408643
1937.73434873	0.0239605355717
1938.048508	0.0239608344741
1938.36266727	0.023961095958
1938.67682653	0.0239614376497
1938.9909858	0.0239618153318
1939.30514506	0.0239619434476
1939.61930433	0.0239619198163
1939.93346359	0.0239620922322
1940.24762286	0.0239624403852
1940.56178212	0.0239627342805
1940.87594139	0.023962988498
1941.19010065	0.0239633491681
1941.50425992	0.0239637311894
1941.81841918	0.0239640932408
1942.13257845	0.0239645806918
1942.44673771	0.0239651366181
1942.76089698	0.0239656365772
1943.07505625	0.0239661711512
1943.38921551	0.0239668115259
1943.70337478	0.0239675034593
1944.01753404	0.0239680950799
1944.33169331	0.023968624792
1944.64585257	0.0239690751202
1944.96001184	0.0239694314168
1945.2741711	0.0239698290655
1945.58833037	0.0239702583935
1945.90248963	0.0239706440561
1946.2166489	0.023971015605
1946.53080816	0.023971427858
1946.84496743	0.0239718593613
1947.1591267	0.0239722057167
1947.47328596	0.023972394185
1947.78744523	0.0239724795191
1948.10160449	0.0239726598984
1948.41576376	0.0239725664161
1948.72992302	0.0239722517346
1949.04408229	0.0239721286544
1949.35824155	0.0239719686332
1949.67240082	0.0239716451542
1949.98656008	0.0239713370485
1950.30071935	0.0239709860573
1950.61487861	0.0239706021349
1950.92903788	0.0239702652735
1951.24319714	0.0239699805791
1951.55735641	0.023969648045
1951.87151568	0.023969217456
1952.18567494	0.0239688018044
1952.49983421	0.0239684706725
1952.81399347	0.0239680595784
1953.12815274	0.023967522255
1953.442312	0.0239670163526
1953.75647127	0.0239664330346
1954.07063053	0.0239653831425
1954.3847898	0.0239644075266
1954.69894906	0.0239635866751
1955.01310833	0.0239626355717
1955.32726759	0.0239616657
1955.64142686	0.0239607108327
1955.95558613	0.0239597234482
1956.26974539	0.0239588100657
1956.58390466	0.0239581083688
1956.89806392	0.0239573310901
1957.21222319	0.0239564219808
1957.52638245	0.0239557426414
1957.84054172	0.0239553329983
1958.15470098	0.023954796553
1958.46886025	0.0239539959184
1958.78301951	0.02395309972
1959.09717878	0.0239522465403
1959.41133804	0.0239513489144
1959.72549731	0.0239503499616
1960.03965657	0.0239494215758
1960.35381584	0.0239485658758
1960.66797511	0.0239477176112
1960.98213437	0.0239469540393
1961.29629364	0.0239461730229
1961.6104529	0.0239452868276
1961.92461217	0.0239444255186
1962.23877143	0.0239435477827
1962.5529307	0.0239425897814
1962.86708996	0.0239417079071
1963.18124923	0.0239408500897
1963.49540849	0.023939977654
1963.80956776	0.0239390764332
1964.12372702	0.0239381675348
1964.43788629	0.0239373633474
1964.75204556	0.0239366618066
1965.06620482	0.0239359393791
1965.38036409	0.0239351846118
1965.69452335	0.0239344938161
1966.00868262	0.0239337920047
1966.32284188	0.023933050665
1966.63700115	0.0239324503697
1966.95116041	0.0239318855675
1967.26531968	0.0239312304725
1967.57947894	0.0239306697329
1967.89363821	0.0239301855969
1968.20779747	0.0239295064079
1968.52195674	0.0239287121434
1968.836116	0.0239280643413
1969.15027527	0.0239275030839
1969.46443454	0.0239269592418
1969.7785938	0.0239264028612
1970.09275307	0.0239258670517
1970.40691233	0.023925497062
1970.7210716	0.0239252786267
1971.03523086	0.0239250512364
1971.34939013	0.0239248530857
1971.66354939	0.0239248437783
1971.97770866	0.0239250682398
1972.29186792	0.0239254093156
1972.60602719	0.0239256967928
1972.92018645	0.0239259139419
1973.23434572	0.0239261228204
1973.54850499	0.0239262617371
1973.86266425	0.0239264714096
1974.17682352	0.0239266125901
1974.49098278	0.0239266832411
1974.80514205	0.0239269187818
1975.11930131	0.0239273140658
1975.43346058	0.023927712402
1975.74761984	0.0239281268102
1976.06177911	0.0239286463564
1976.37593837	0.0239292914912
1976.69009764	0.0239299301057
1977.0042569	0.0239303500637
1977.31841617	0.0239308839685
1977.63257543	0.0239316804856
1977.9467347	0.0239320546227
1978.26089397	0.0239323614671
1978.57505323	0.0239329130132
1978.8892125	0.0239333705083
1979.20337176	0.0239337753272
1979.51753103	0.0239342879624
1979.83169029	0.0239347102212
1980.14584956	0.0239350648507
1980.46000882	0.0239355019859
1980.77416809	0.0239359756673
1981.08832735	0.0239364089001
1981.40248662	0.0239368339031
1981.71664588	0.0239372983356
1982.03080515	0.0239378467051
1982.34496442	0.0239384331129
1982.65912368	0.0239387831158
1982.97328295	0.0239387904007
1983.28744221	0.0239388424304
1983.60160148	0.0239388218546
1983.91576074	0.0239387459199
1984.22992001	0.0239385479887
1984.54407927	0.0239383108776
1984.85823854	0.0239381733877
1985.1723978	0.0239380189805
1985.48655707	0.0239378167892
1985.80071633	0.0239378083033
1986.1148756	0.0239379316455
1986.42903486	0.023938012491
1986.74319413	0.0239380582536
1987.0573534	0.0239380969502
1987.37151266	0.0239380421297
1987.68567193	0.023937855995
1987.99983119	0.0239375241139
1988.31399046	0.0239371190552
1988.62814972	0.0239366668309
1988.94230899	0.0239360295347
1989.25646825	0.0239353559902
1989.57062752	0.0239348652034
1989.88478678	0.0239344364462
1990.19894605	0.0239338830312
1990.51310531	0.0239331968259
1990.82726458	0.0239324883741
1991.14142385	0.0239317960937
1991.45558311	0.0239311498583
1991.76974238	0.0239306061608
1992.08390164	0.0239298997674
1992.39806091	0.0239290190881
1992.71222017	0.0239283137483
1993.02637944	0.0239278428843
1993.3405387	0.0239272661665
1993.65469797	0.0239265177227
1993.96885723	0.0239257520332
1994.2830165	0.0239249438356
1994.59717576	0.0239240404759
1994.91133503	0.0239230686715
1995.2254943	0.0239220728113
1995.53965356	0.0239210454159
1995.85381283	0.0239200661882
1996.16797209	0.0239191386184
1996.48213136	0.023918201871
1996.79629062	0.0239172182282
1997.11044989	0.023916058895
1997.42460915	0.0239148346152
1997.73876842	0.0239137061828
1998.05292768	0.0239125541032
1998.36708695	0.023911289148
1998.68124621	0.0239100433871
1998.99540548	0.0239089291982
1999.30956474	0.0239077742287
1999.62372401	0.0239065703264
1999.93788328	0.0239055443845
2000.25204254	0.0239046693286
2000.56620181	0.0239037981553
2000.88036107	0.0239029306426
2001.19452034	0.0239021204396
2001.5086796	0.0239014013342
2001.82283887	0.0239007167988
2002.13699813	0.0239000537974
2002.4511574	0.0238995235999
2002.76531666	0.0238990679483
2003.07947593	0.0238982837945
2003.39363519	0.023897510839
2003.70779446	0.0238970790621
2004.02195373	0.0238965368352
2004.33611299	0.0238957804954
2004.65027226	0.0238952389547
2004.96443152	0.0238948728564
2005.27859079	0.0238944074203
2005.59275005	0.0238941567096
2005.90690932	0.0238940886114
2006.22106858	0.0238938579701
2006.53522785	0.0238936716639
2006.84938711	0.0238938789563
2007.16354638	0.0238942558851
2007.47770564	0.0238944075299
2007.79186491	0.0238944501083
2008.10602417	0.0238946021923
2008.42018344	0.023894686757
2008.73434271	0.0238946973481
2009.04850197	0.0238948257648
2009.36266124	0.0238949525585
2009.6768205	0.0238950029582
2009.99097977	0.0238950984358
2010.30513903	0.0238952655653
2010.6192983	0.0238955232027
2010.93345756	0.0238958053067
2011.24761683	0.023896026927
2011.56177609	0.023896278949
2011.87593536	0.0238965579682
2012.19009462	0.0238965460415
2012.50425389	0.0238967925333
2012.81841316	0.0238974123385
2013.13257242	0.02389753161
2013.44673169	0.0238974509049
2013.76089095	0.0238977704564
2014.07505022	0.0238982563016
2014.38920948	0.0238986036299
2014.70336875	0.0238988375178
2015.01752801	0.0238991471291
2015.33168728	0.0238996967812
2015.64584654	0.0239002596021
2015.96000581	0.0239007260312
2016.27416507	0.0239011669402
2016.58832434	0.0239017153086
2016.9024836	0.023902366479
2017.21664287	0.0239027829901
2017.53080214	0.0239027805297
2017.8449614	0.023902962316
2018.15912067	0.0239032795729
2018.47327993	0.0239034176597
2018.7874392	0.0239035444638
2019.10159846	0.0239035872874
2019.41575773	0.0239037296816
2019.72991699	0.023904069381
2020.04407626	0.0239041918264
2020.35823552	0.0239041221329
2020.67239479	0.0239043560843
2020.98655405	0.0239048678987
2021.30071332	0.0239052224776
2021.61487259	0.0239054153096
2021.92903185	0.0239056030006
2022.24319112	0.0239058304096
2022.55735038	0.0239061215241
2022.87150965	0.0239060690199
2023.18566891	0.0239058455109
2023.49982818	0.0239059025652
2023.81398744	0.0239059389238
2024.12814671	0.0239056333646
2024.44230597	0.0239052613381
2024.75646524	0.0239049674645
2025.0706245	0.0239048183916
2025.38478377	0.0239046406947
2025.69894303	0.0239041539339
2026.0131023	0.0239034262031
2026.32726157	0.0239031074558
2026.64142083	0.0239030360012
2026.9555801	0.0239023288567
2027.26973936	0.0239014161084
2027.58389863	0.0239010199806
2027.89805789	0.0239007726054
2028.21221716	0.0239000450047
2028.52637642	0.0238992535781
2028.84053569	0.0238985986833
2029.15469495	0.0238978125559
2029.46885422	0.0238969431363
2029.78301348	0.0238960890312
2030.09717275	0.0238952670062
2030.41133202	0.0238944021206
2030.72549128	0.0238934766585
2031.03965055	0.0238926800021
2031.35380981	0.0238918900832
2031.66796908	0.0238910857098
2031.98212834	0.0238901834793
2032.29628761	0.0238889509054
2032.61044687	0.0238877275148
2032.92460614	0.0238867921047
2033.2387654	0.0238856588984
2033.55292467	0.0238843747982
2033.86708393	0.0238831945736
2034.1812432	0.0238820668827
2034.49540246	0.0238810533593
2034.80956173	0.0238802206296
2035.123721	0.0238794257009
2035.43788026	0.0238786232336
2035.75203953	0.0238778995639
2036.06619879	0.0238772494684
2036.38035806	0.0238766529661
2036.69451732	0.0238759294164
2037.00867659	0.023875022831
2037.32283585	0.0238741848304
2037.63699512	0.0238734549211
2037.95115438	0.0238726148955
2038.26531365	0.0238717630743
2038.57947291	0.0238710281107
2038.89363218	0.0238703665678
2039.20779145	0.0238697218631
2039.52195071	0.0238690450089
2039.83610998	0.0238684281946
2040.15026924	0.0238678868955
2040.46442851	0.0238674423996
2040.77858777	0.0238669540696
2041.09274704	0.0238664386384
2041.4069063	0.0238661437205
2041.72106557	0.0238660679801
2042.03522483	0.0238659536705
2042.3493841	0.0238657650799
2042.66354336	0.0238656037601
2042.97770263	0.0238654364034
2043.29186189	0.0238651771079
2043.60602116	0.0238649197726
2043.92018043	0.0238647454271
2044.23433969	0.0238644770162
2044.54849896	0.0238641818487
2044.86265822	0.0238640114999
2045.17681749	0.0238639724366
2045.49097675	0.0238641531572
2045.80513602	0.0238642072369
2046.11929528	0.023864000728
2046.43345455	0.0238639170138
2046.74761381	0.023863881154
2047.06177308	0.0238638710416
2047.37593234	0.0238639120184
2047.69009161	0.0238637953477
2048.00425088	0.0238636613701
2048.31841014	0.023863680045
2048.63256941	0.0238637475225
2048.94672867	0.0238638838635
2049.26088794	0.0238640275303
2049.5750472	0.0238641573813
2049.88920647	0.0238643488969
2050.20336573	0.0238647486239
2050.517525	0.0238652620074
2050.83168426	0.0238656647824
2051.14584353	0.0238661291722
2051.46000279	0.0238668171711
2051.77416206	0.0238674633299
2052.08832132	0.0238676567681
2052.40248059	0.0238678317656
2052.71663986	0.023868329428
2053.03079912	0.0238686515323
2053.34495839	0.0238688258799
2053.65911765	0.0238690723068
2053.97327692	0.023869415078
2054.28743618	0.0238698100838
2054.60159545	0.0238701670362
2054.91575471	0.0238704740751
2055.22991398	0.023870861738
2055.54407324	0.0238714253859
2055.85823251	0.0238720567427
2056.17239177	0.0238726120177
2056.48655104	0.0238731155937
2056.80071031	0.0238736144093
2057.11486957	0.0238740712
2057.42902884	0.0238743980749
2057.7431881	0.0238746951616
2058.05734737	0.0238750583851
2058.37150663	0.0238752653386
2058.6856659	0.0238752593776
2058.99982516	0.0238753156812
2059.31398443	0.0238754668017
2059.62814369	0.0238754691421
2059.94230296	0.0238754085264
2060.25646222	0.0238754043482
2060.57062149	0.0238752729931
2060.88478076	0.0238750591682
2061.19894002	0.0238749391401
2061.51309929	0.023874832072
2061.82725855	0.0238746374242
2062.14141782	0.0238743956917
2062.45557708	0.0238742386926
2062.76973635	0.0238740631455
2063.08389561	0.0238736290989
2063.39805488	0.0238731872434
2063.71221414	0.023872661519
2064.02637341	0.0238719797599
2064.34053267	0.0238712908614
2064.65469194	0.0238707830436
2064.9688512	0.0238703000098
2065.28301047	0.0238696475082
2065.59716974	0.0238689989184
2065.911329	0.0238684905287
2066.22548827	0.0238679045248
2066.53964753	0.0238668720482
2066.8538068	0.0238657057509
2067.16796606	0.0238647174529
2067.48212533	0.0238636889694
2067.79628459	0.0238625363704
2068.11044386	0.0238613580285
2068.42460312	0.0238602975918
2068.73876239	0.0238592232253
2069.05292165	0.02385804579
2069.36708092	0.0238569693064
2069.68124019	0.0238560974671
2069.99539945	0.0238552922398
2070.30955872	0.0238544478314
2070.62371798	0.0238534963398
2070.93787725	0.0238524722273
2071.25203651	0.0238516108018
2071.56619578	0.0238506517924
2071.88035504	0.0238495319575
2072.19451431	0.0238485982507
2072.50867357	0.0238477453937
2072.82283284	0.0238467342889
2073.1369921	0.0238456493091
2073.45115137	0.0238446341423
2073.76531063	0.0238436596426
2074.0794699	0.0238426555314
2074.39362917	0.0238416698438
2074.70778843	0.0238406577839
2075.0219477	0.0238397760095
2075.33610696	0.0238390263583
2075.65026623	0.0238382295439
2075.96442549	0.0238374740035
2076.27858476	0.0238369173425
2076.59274402	0.0238365078163
2076.90690329	0.0238361823309
2077.22106255	0.0238357797322
2077.53522182	0.0238352414034
2077.84938108	0.0238347713051
2078.16354035	0.0238343435806
2078.47769962	0.0238338104071
2078.79185888	0.0238333244363
2079.10601815	0.0238330060356
2079.42017741	0.0238327395184
2079.73433668	0.0238324944397
2080.04849594	0.0238322645352
2080.36265521	0.0238320990489
2080.67681447	0.0238320051702
2080.99097374	0.023831848511
2081.305133	0.0238316748131
2081.61929227	0.0238315566427
2081.93345153	0.0238314176006
2082.2476108	0.0238313279923
2082.56177006	0.0238313945341
2082.87592933	0.0238313184887
2083.1900886	0.0238311551313
2083.50424786	0.0238312226926
2083.81840713	0.0238314451975
2084.13256639	0.0238316220981
2084.44672566	0.0238317916443
2084.76088492	0.0238320464417
2085.07504419	0.0238323762244
2085.38920345	0.0238327384933
2085.70336272	0.0238331331564
2086.01752198	0.0238335413175
2086.33168125	0.0238339053515
2086.64584051	0.0238342117618
2086.95999978	0.0238344391726
2087.27415905	0.023834606548
2087.58831831	0.0238347078284
2087.90247758	0.0238348110365
2088.21663684	0.0238349987285
2088.53079611	0.0238352648778
2088.84495537	0.0238354145848
2089.15911464	0.0238355348004
2089.4732739	0.0238358190494
2089.78743317	0.0238361291006
2090.10159243	0.0238363871344
2090.4157517	0.0238367441121
2090.72991096	0.023837245893
2091.04407023	0.0238378063262
2091.35822949	0.0238383573659
2091.67238876	0.0238388567416
2091.98654803	0.0238392466717
2092.30070729	0.0238396031224
2092.61486656	0.0238398643372
2092.92902582	0.0238400153587
2093.24318509	0.0238402015177
2093.55734435	0.0238403291957
2093.87150362	0.0238404216909
2094.18566288	0.0238406942379
2094.49982215	0.0238410335756
2094.81398141	0.0238412573673
2095.12814068	0.0238415420563
2095.44229994	0.0238417854832
2095.75645921	0.0238419009118
2096.07061848	0.0238420406767
2096.38477774	0.0238422270228
2096.69893701	0.0238423244551
2097.01309627	0.0238422842433
2097.32725554	0.0238422710963
2097.6414148	0.0238423196687
2097.95557407	0.0238423382484
2098.26973333	0.0238422774694
2098.5838926	0.0238421808735
2098.89805186	0.0238420825867
2099.21221113	0.0238419814888
2099.52637039	0.02384186388
2099.84052966	0.0238417331235
2100.15468892	0.0238416229785
2100.46884819	0.02384151161
2100.78300746	0.0238413816111
2101.09716672	0.0238410746216
2101.41132599	0.0238405394599
2101.72548525	0.0238399789443
2102.03964452	0.0238394043187
2102.35380378	0.0238387254411
2102.66796305	0.0238379169474
2102.98212231	0.0238370946916
2103.29628158	0.0238362888722
2103.61044084	0.0238354840523
2103.92460011	0.0238346455208
2104.23875937	0.0238337513776
2104.55291864	0.023832882661
2104.86707791	0.0238320711164
2105.18123717	0.0238312343021
2105.49539644	0.0238303200377
2105.8095557	0.0238293755504
2106.12371497	0.0238284121203
2106.43787423	0.0238274028617
2106.7520335	0.0238263491748
2107.06619276	0.0238253326007
2107.38035203	0.0238244024475
2107.69451129	0.0238233474622
2108.00867056	0.0238221409736
2108.32282982	0.0238210673069
2108.63698909	0.023820080091
2108.95114835	0.0238189675738
2109.26530762	0.023817794314
2109.57946689	0.0238167151213
2109.89362615	0.0238156913562
2110.20778542	0.0238146807893
2110.52194468	0.0238137810412
2110.83610395	0.0238129810416
2111.15026321	0.0238121879792
2111.46442248	0.0238114954141
2111.77858174	0.0238109731197
2112.09274101	0.0238104984126
2112.40690027	0.0238099383772
2112.72105954	0.0238094060878
2113.0352188	0.0238088739879
2113.34937807	0.0238082887129
2113.66353734	0.0238077834562
2113.9776966	0.0238074177761
2114.29185587	0.0238071153785
2114.60601513	0.0238068479257
2114.9201744	0.0238065736274
2115.23433366	0.0238063025268
2115.54849293	0.0238061162942
2115.86265219	0.0238059050126
2116.17681146	0.0238054950363
2116.49097072	0.0238050840852
2116.80512999	0.0238048737473
2117.11928925	0.0238045946965
2117.43344852	0.02380419503
2117.74760779	0.0238039978859
2118.06176705	0.0238038459292
2118.37592632	0.023803570721
2118.69008558	0.023803320931
2119.00424485	0.0238032578629
2119.31840411	0.0238032718066
2119.63256338	0.0238032419186
2119.94672264	0.0238032322716
2120.26088191	0.0238032683589
2120.57504117	0.0238033134635
2120.88920044	0.0238033674768
2121.2033597	0.0238034503323
2121.51751897	0.0238034808029
2121.83167823	0.0238034053427
2122.1458375	0.0238032633895
2122.45999677	0.02380301565
2122.77415603	0.0238028269024
2123.0883153	0.0238026501427
2123.40247456	0.0238025059572
2123.71663383	0.0238024229988
2124.03079309	0.0238023313933
2124.34495236	0.0238022280002
2124.65911162	0.02380235088
2124.97327089	0.0238024593254
2125.28743015	0.0238024755203
2125.60158942	0.023802684073
2125.91574868	0.0238030871864
2126.22990795	0.0238034953564
2126.54406722	0.0238037778162
2126.85822648	0.0238041313147
2127.17238575	0.0238045179356
2127.48654501	0.0238048066306
2127.80070428	0.0238050878103
2128.11486354	0.0238054254754
2128.42902281	0.0238058239542
2128.74318207	0.0238062720043
2129.05734134	0.0238067438987
2129.3715006	0.0238072431867
2129.68565987	0.0238078388855
2129.99981913	0.0238083554136
2130.3139784	0.0238086844034
2130.62813766	0.0238089727832
2130.94229693	0.0238093432888
2131.2564562	0.0238096521194
2131.57061546	0.02380990417
2131.88477473	0.0238102754669
2132.19893399	0.0238106157767
2132.51309326	0.0238108068842
2132.82725252	0.0238110278128
2133.14141179	0.023811345847
2133.45557105	0.0238116888617
2133.76973032	0.0238119965263
2134.08388958	0.0238122486977
2134.39804885	0.023812486262
2134.71220811	0.0238127532633
2135.02636738	0.0238130030325
2135.34052665	0.0238130609022
2135.65468591	0.0238129905738
2135.96884518	0.0238130707549
2136.28300444	0.0238129205897
2136.59716371	0.0238124264106
2136.91132297	0.023812024308
2137.22548224	0.0238116856789
2137.5396415	0.0238111884756
2137.85380077	0.0238105945708
2138.16796003	0.0238099341679
2138.4821193	0.023809253696
2138.79627856	0.023808607159
2139.11043783	0.023807960971
2139.42459709	0.0238072709495
2139.73875636	0.0238065662537
2140.05291563	0.023805964831
2140.36707489	0.0238055268588
2140.68123416	0.0238051376479
2140.99539342	0.0238046905672
2141.30955269	0.023804067421
2141.62371195	0.0238032466292
2141.93787122	0.0238023735314
2142.25203048	0.0238013206135
2142.56618975	0.0238002709921
2142.88034901	0.0237993693621
2143.19450828	0.0237984912825
2143.50866754	0.0237975364269
2143.82282681	0.0237966590932
2144.13698608	0.0237959579803
2144.45114534	0.0237951851272
2144.76530461	0.0237942291894
2145.07946387	0.0237932932059
2145.39362314	0.0237923801831
2145.7077824	0.0237915046048
2146.02194167	0.0237906043506
2146.33610093	0.0237896939258
2146.6502602	0.0237888587314
2146.96441946	0.0237880494227
2147.27857873	0.0237872058878
2147.59273799	0.0237863949773
2147.90689726	0.023785682375
2148.22105652	0.0237849907102
2148.53521579	0.0237842873387
2148.84937506	0.0237836657294
2149.16353432	0.0237831753331
2149.47769359	0.02378269935
2149.79185285	0.0237822178004
2150.10601212	0.0237817363289
2150.42017138	0.023781185663
2150.73433065	0.0237804992409
2151.04848991	0.0237798636849
2151.36264918	0.0237792655871
2151.67680844	0.0237785648786
2151.99096771	0.0237778105184
2152.30512697	0.0237771291395
2152.61928624	0.023776523403
2152.93344551	0.0237759162713
2153.24760477	0.0237753567318
2153.56176404	0.0237748774849
2153.8759233	0.0237744220081
2154.19008257	0.0237740599557
2154.50424183	0.0237738441209
2154.8184011	0.0237736569294
2155.13256036	0.0237734227947
2155.44671963	0.0237732068258
2155.76087889	0.0237730088493
2156.07503816	0.0237727404727
2156.38919742	0.0237724861675
2156.70335669	0.0237723138296
2157.01751595	0.0237720574315
2157.33167522	0.023771732657
2157.64583449	0.0237715434948
2157.95999375	0.0237714757032
2158.27415302	0.0237714441024
2158.58831228	0.0237714409003
2158.90247155	0.0237714486275
2159.21663081	0.0237714303041
2159.53079008	0.0237714735203
2159.84494934	0.0237715107078
2160.15910861	0.0237715972522
2160.47326787	0.0237717340349
2160.78742714	0.0237718170537
2161.1015864	0.0237720133594
2161.41574567	0.0237723325458
2161.72990494	0.0237726716845
2162.0440642	0.0237730077037
2162.35822347	0.0237733155125
2162.67238273	0.0237736906422
2162.986542	0.0237741279045
2163.30070126	0.0237745527262
2163.61486053	0.0237749645666
2163.92901979	0.023775419217
2164.24317906	0.0237759292076
2164.55733832	0.0237764302802
2164.87149759	0.0237768489979
2165.18565685	0.023777267152
2165.49981612	0.0237777295128
2165.81397538	0.0237779741132
2166.12813465	0.0237782036548
2166.44229392	0.0237785162735
2166.75645318	0.0237787460937
2167.07061245	0.0237790206384
2167.38477171	0.0237793459352
2167.69893098	0.0237795304167
2168.01309024	0.0237797199219
2168.32724951	0.0237800233794
2168.64140877	0.0237803698494
2168.95556804	0.0237807283146
2169.2697273	0.0237811019144
2169.58388657	0.0237815116257
2169.89804583	0.0237819502479
2170.2122051	0.02378233931
2170.52636437	0.0237827200964
2170.84052363	0.0237830251731
2171.1546829	0.0237829317234
2171.46884216	0.0237825911042
2171.78300143	0.0237823576596
2172.09716069	0.0237821239855
2172.41131996	0.0237818252769
2172.72547922	0.0237815340497
2173.03963849	0.023781312249
2173.35379775	0.0237810791557
2173.66795702	0.0237808117872
2173.98211628	0.0237804952676
2174.29627555	0.0237801562767
2174.61043482	0.0237798744376
2174.92459408	0.0237795262394
2175.23875335	0.0237791275333
2175.55291261	0.0237787903922
2175.86707188	0.0237784743394
2176.18123114	0.0237780743047
2176.49539041	0.0237775401067
2176.80954967	0.0237769156794
2177.12370894	0.0237763421212
2177.4378682	0.0237757956808
2177.75202747	0.0237751519823
2178.06618673	0.0237744737288
2178.380346	0.0237738551325
2178.69450526	0.0237732684265
2179.00866453	0.0237727163709
2179.3228238	0.0237721329563
2179.63698306	0.0237714904487
2179.95114233	0.0237708914562
2180.26530159	0.0237701259721
2180.57946086	0.0237692516095
2180.89362012	0.0237685060108
2181.20777939	0.0237676690225
2181.52193865	0.0237667204758
2181.83609792	0.0237658352373
2182.15025718	0.0237649526602
2182.46441645	0.0237640458239
2182.77857571	0.0237631090879
2183.09273498	0.0237621680995
2183.40689425	0.0237613518926
2183.72105351	0.0237605339101
2184.03521278	0.0237597074092
2184.34937204	0.0237589856271
2184.66353131	0.0237582791172
2184.97769057	0.0237576157742
2185.29184984	0.0237570087887
2185.6060091	0.0237562335667
2185.92016837	0.0237549415848
2186.23432763	0.0237537524424
2186.5484869	0.023752850105
2186.86264616	0.0237518697052
2187.17680543	0.0237508466549
2187.49096469	0.0237497588876
2187.80512396	0.0237487024244
2188.11928323	0.0237478991313
2188.43344249	0.0237472035707
2188.74760176	0.0237463978535
2189.06176102	0.0237456068069
2189.37592029	0.0237450683216
2189.69007955	0.0237448110571
2190.00423882	0.0237445962851
2190.31839808	0.0237443047248
2190.63255735	0.0237441374023
2190.94671661	0.0237438566362
2191.26087588	0.0237434032489
2191.57503514	0.0237431115423
2191.88919441	0.0237427470319
2192.20335368	0.0237423104035
2192.51751294	0.0237420332345
2192.83167221	0.0237419103498
2193.14583147	0.0237418443778
2193.45999074	0.023741818807
2193.77415	0.0237418716576
2194.08830927	0.0237420066299
2194.40246853	0.0237420509767
2194.7166278	0.0237420247721
2195.03078706	0.0237421572292
2195.34494633	0.0237423342711
2195.65910559	0.0237423259371
2195.97326486	0.0237423703701
2196.28742412	0.0237426286654
2196.60158339	0.0237429525263
2196.91574266	0.0237432088161
2197.22990192	0.0237434968962
2197.54406119	0.0237438458383
2197.85822045	0.0237442061091
2198.17237972	0.0237445744612
2198.48653898	0.0237449528916
2198.80069825	0.0237453683895
2199.11485751	0.0237457896339
2199.42901678	0.0237462022016
2199.74317604	0.0237467089896
2200.05733531	0.0237472692008
2200.37149457	0.0237475633966
2200.68565384	0.0237475953429
2200.99981311	0.0237478512254
2201.31397237	0.0237480786744
2201.62813164	0.0237480933567
2201.9422909	0.023748157918
2202.25645017	0.0237483982938
2202.57060943	0.0237487041378
2202.8847687	0.0237489280797
2203.19892796	0.0237491109277
2203.51308723	0.0237495300935
2203.82724649	0.0237501560447
2204.14140576	0.0237507385079
2204.45556502	0.023751234254
2204.76972429	0.0237516986218
2205.08388355	0.0237520228567
2205.39804282	0.023752182971
2205.71220209	0.023752266023
2206.02636135	0.0237523979649
2206.34052062	0.0237524488025
2206.65467988	0.023752386036
2206.96883915	0.0237523563157
2207.28299841	0.0237523988672
2207.59715768	0.0237524157419
2207.91131694	0.0237523773547
2208.22547621	0.0237522645095
2208.53963547	0.0237521535338
2208.85379474	0.0237520441132
2209.167954	0.023751797811
2209.48211327	0.023751685326
2209.79627254	0.0237516310107
2210.1104318	0.0237513334043
2210.42459107	0.0237509880555
2210.73875033	0.0237509501444
2211.0529096	0.0237509856078
2211.36706886	0.0237508037014
2211.68122813	0.0237504873896
2211.99538739	0.023750145388
2212.30954666	0.0237497332543
2212.62370592	0.0237492726971
2212.93786519	0.0237487670784
2213.25202445	0.0237482656923
2213.56618372	0.0237477884459
2213.88034298	0.0237472247608
2214.19450225	0.0237467387592
2214.50866152	0.0237464058911
2214.82282078	0.0237457544687
2215.13698005	0.0237449163246
2215.45113931	0.0237442302141
2215.76529858	0.0237435590393
2216.07945784	0.0237426530628
2216.39361711	0.0237418911429
2216.70777637	0.0237412412982
2217.02193564	0.0237403541344
2217.3360949	0.0237394539301
2217.65025417	0.0237387732406
2217.96441343	0.0237381677306
2218.2785727	0.0237375229249
2218.59273197	0.0237368618549
2218.90689123	0.023736252697
2219.2210505	0.023735735467
2219.53520976	0.0237352346985
2219.84936903	0.0237346831344
2220.16352829	0.0237341292795
2220.47768756	0.0237335253329
2220.79184682	0.0237326985922
2221.10600609	0.0237315979709
2221.42016535	0.0237305986884
2221.73432462	0.023729734521
2222.04848388	0.0237289628592
2222.36264315	0.0237281885517
2222.67680241	0.0237273411989
2222.99096168	0.0237265460147
2223.30512095	0.0237257509439
2223.61928021	0.0237252183049
2223.93343948	0.0237246614224
2224.24759874	0.0237237460057
2224.56175801	0.023723108696
2224.87591727	0.0237228821225
2225.19007654	0.0237223984799
2225.5042358	0.0237216683055
2225.81839507	0.0237210440297
2226.13255433	0.0237203732462
2226.4467136	0.0237197112422
2226.76087286	0.0237192203521
2227.07503213	0.0237187480792
2227.3891914	0.023718196121
2227.70335066	0.0237177566806
2228.01750993	0.0237174453259
2228.33166919	0.0237171922596
2228.64582846	0.0237169130369
2228.95998772	0.0237165147762
2229.27414699	0.0237162315475
2229.58830625	0.0237159268154
2229.90246552	0.0237153680014
2230.21662478	0.0237151059923
2230.53078405	0.0237150377894
2230.84494331	0.0237145971518
2231.15910258	0.0237141128911
2231.47326184	0.0237139789658
2231.78742111	0.023713904312
2232.10158038	0.0237137345915
2232.41573964	0.0237137104294
2232.72989891	0.0237137000282
2233.04405817	0.0237137254292
2233.35821744	0.023713890127
2233.6723767	0.0237141442681
2233.98653597	0.0237144358132
2234.30069523	0.0237148311802
2234.6148545	0.0237153521245
2234.92901376	0.0237157610041
2235.24317303	0.0237156445953
2235.55733229	0.0237157569295
2235.87149156	0.0237160840716
2236.18565083	0.0237162141236
2236.49981009	0.023716284495
2236.81396936	0.0237164059852
2237.12812862	0.0237165697468
2237.44228789	0.0237169070117
2237.75644715	0.0237173127429
2238.07060642	0.0237175401878
2238.38476568	0.0237178265404
2238.69892495	0.023718489666
2239.01308421	0.0237193497441
2239.32724348	0.0237201098121
2239.64140274	0.0237208243408
2239.95556201	0.0237215560964
2240.26972128	0.0237221645483
2240.58388054	0.023722581423
2240.89803981	0.0237229013695
2241.21219907	0.0237232691087
2241.52635834	0.0237234538968
2241.8405176	0.0237236031886
2242.15467687	0.0237239091322
2242.46883613	0.0237242258396
2242.7829954	0.0237245477101
2243.09715466	0.0237248133221
2243.41131393	0.0237249616762
2243.72547319	0.0237250433601
2244.03963246	0.0237250949619
2244.35379172	0.0237254061009
2244.66795099	0.0237255122833
2244.98211026	0.0237253221513
2245.29626952	0.0237253229116
2245.61042879	0.0237255557082
2245.92458805	0.0237256304509
2246.23874732	0.0237255529877
2246.55290658	0.0237254824942
2246.86706585	0.0237253401294
2247.18122511	0.0237251012995
2247.49538438	0.0237248909644
2247.80954364	0.0237246757185
2248.12370291	0.0237243699388
2248.43786217	0.0237240360863
2248.75202144	0.023723705819
2249.06618071	0.0237233907096
2249.38033997	0.0237230513952
2249.69449924	0.0237224982124
2250.0086585	0.0237218770914
2250.32281777	0.0237211658455
2250.63697703	0.0237205018159
2250.9511363	0.0237197717035
2251.26529556	0.0237189556835
2251.57945483	0.0237182336983
2251.89361409	0.0237175015702
2252.20777336	0.0237167185416
2252.52193262	0.0237161118419
2252.83609189	0.0237156974741
2253.15025115	0.0237152480314
2253.46441042	0.0237147406412
2253.77856969	0.0237142500614
2254.09272895	0.023713739905
2254.40688822	0.0237130571188
2254.72104748	0.0237122249403
2255.03520675	0.0237113858277
2255.34936601	0.0237105099153
2255.66352528	0.0237094697278
2255.97768454	0.023708446294
2256.29184381	0.0237075926963
2256.60600307	0.023706801157
2256.92016234	0.0237058851908
2257.2343216	0.0237049064675
2257.54848087	0.0237039917665
2257.86264014	0.0237030983915
2258.1767994	0.0237022346267
2258.49095867	0.0237013921037
2258.80511793	0.0237005865298
2259.1192772	0.02369980413
2259.43343646	0.0236990605895
2259.74759573	0.023698368964
2260.06175499	0.0236976789915
2260.37591426	0.0236969983637
2260.69007352	0.0236963083519
2261.00423279	0.0236956311348
2261.31839205	0.0236949468569
2261.63255132	0.0236942556015
2261.94671058	0.0236936394806
2262.26086985	0.0236930500566
2262.57502912	0.0236923680998
2262.88918838	0.0236916891611
2263.20334765	0.0236911001452
2263.51750691	0.0236906105499
2263.83166618	0.0236900049814
2264.14582544	0.0236892940644
2264.45998471	0.0236886868039
2264.77414397	0.0236881332994
2265.08830324	0.0236876184763
2265.4024625	0.0236871912181
2265.71662177	0.0236867967139
2266.03078103	0.0236863770922
2266.3449403	0.0236860016951
2266.65909957	0.0236857989574
2266.97325883	0.0236857325183
2267.2874181	0.0236856629838
2267.60157736	0.0236855815794
2267.91573663	0.0236855610037
2268.22989589	0.0236856299007
2268.54405516	0.0236857483274
2268.85821442	0.0236858683003
2269.17237369	0.0236860226455
2269.48653295	0.0236862613724
2269.80069222	0.0236864338554
2270.11485148	0.0236863430723
2270.42901075	0.0236864239796
2270.74317001	0.0236866370403
2271.05732928	0.023686786359
2271.37148855	0.0236868406287
2271.68564781	0.0236869447741
2271.99980708	0.0236872311455
2272.31396634	0.0236875838833
2272.62812561	0.0236878856594
2272.94228487	0.0236881778903
2273.25644414	0.0236885676197
2273.5706034	0.0236891443745
2273.88476267	0.0236898068183
2274.19892193	0.023690386777
2274.5130812	0.0236908555805
2274.82724046	0.0236913151498
2275.14139973	0.0236917361273
2275.455559	0.0236920198591
2275.76971826	0.0236924092642
2276.08387753	0.0236928249703
2276.39803679	0.0236931041784
2276.71219606	0.023693362899
2277.02635532	0.0236937290687
2277.34051459	0.0236941472628
2277.65467385	0.0236945070632
2277.96883312	0.0236947652837
2278.28299238	0.0236950552399
2278.59715165	0.0236954133936
2278.91131091	0.0236955538099
2279.22547018	0.0236955642128
2279.53962944	0.0236959265608
2279.85378871	0.023696080945
2280.16794798	0.0236959256544
2280.48210724	0.0236959470673
2280.79626651	0.0236960734895
2281.11042577	0.0236960521998
2281.42458504	0.023696049311
2281.7387443	0.0236961215704
2282.05290357	0.0236961306354
2282.36706283	0.0236961523106
2282.6812221	0.0236962487672
2282.99538136	0.0236964145797
2283.30954063	0.0236966374878
2283.62369989	0.0236968227498
2283.93785916	0.023696834626
2284.25201843	0.0236964561446
2284.56617769	0.0236961339944
2284.88033696	0.0236959411256
2285.19449622	0.0236955325243
2285.50865549	0.0236950304659
2285.82281475	0.0236945886451
2286.13697402	0.0236942253586
2286.45113328	0.0236938459172
2286.76529255	0.0236933595918
2287.07945181	0.0236928391559
2287.39361108	0.0236924192282
2287.70777034	0.0236921798177
2288.02192961	0.0236919873458
2288.33608887	0.0236916954407
2288.65024814	0.0236913505611
2288.96440741	0.0236909540867
2289.27856667	0.0236905468334
2289.59272594	0.0236900103368
2289.9068852	0.0236891937756
2290.22104447	0.023688327018
2290.53520373	0.0236876512448
2290.849363	0.0236868832184
2291.16352226	0.0236858672447
2291.47768153	0.0236848882605
2291.79184079	0.0236840319855
2292.10600006	0.023683169741
2292.42015932	0.0236822146904
2292.73431859	0.0236809811906
2293.04847786	0.0236798168143
2293.36263712	0.0236790069654
2293.67679639	0.0236779442223
2293.99095565	0.0236766121326
2294.30511492	0.0236755325487
2294.61927418	0.0236747373262
2294.93343345	0.023673859242
2295.24759271	0.0236728144166
2295.56175198	0.0236718257899
2295.87591124	0.0236709785953
2296.19007051	0.0236700796837
2296.50422977	0.0236691216715
2296.81838904	0.0236682382955
2297.13254831	0.0236674342144
2297.44670757	0.0236666448017
2297.76086684	0.0236658901984
2298.0750261	0.0236651729128
2298.38918537	0.0236644529877
2298.70334463	0.0236639489586
2299.0175039	0.0236634642982
2299.33166316	0.0236628173548
2299.64582243	0.0236620526218
2299.95998169	0.0236616413467
2300.27414096	0.0236612926596
2300.58830022	0.0236607362146
2300.90245949	0.0236602853289
2301.21661875	0.023660000561
2301.53077802	0.0236598035697
2301.84493729	0.0236597154624
2302.15909655	0.0236597010319
2302.47325582	0.0236597301445
2302.78741508	0.0236598273188
2303.10157435	0.0236599998693
2303.41573361	0.0236602047903
2303.72989288	0.0236603455246
2304.04405214	0.0236604500617
2304.35821141	0.0236606401157
2304.67237067	0.0236607790943
2304.98652994	0.0236606643767
2305.3006892	0.0236606058437
2305.61484847	0.0236606749035
2305.92900774	0.0236606736756
2306.243167	0.0236606165287
2306.55732627	0.0236605931288
2306.87148553	0.02366057948
2307.1856448	0.0236606789448
2307.49980406	0.0236608473488
2307.81396333	0.0236608804397
2308.12812259	0.0236609987927
2308.44228186	0.0236613507796
2308.75644112	0.0236617893212
2309.07060039	0.0236622042791
2309.38475965	0.0236625024746
2309.69891892	0.0236626188552
2310.01307818	0.0236627598089
2310.32723745	0.0236628787464
2310.64139672	0.0236628648593
2310.95555598	0.0236628640259
2311.26971525	0.0236630443533
2311.58387451	0.0236633431024
2311.89803378	0.0236635561441
2312.21219304	0.0236639255365
2312.52635231	0.0236644400194
2312.84051157	0.0236646209999
2313.15467084	0.0236646153252
2313.4688301	0.0236648591896
2313.78298937	0.0236650285304
2314.09714863	0.023665137388
2314.4113079	0.0236652958517
2314.72546717	0.0236655255575
2315.03962643	0.0236657508288
2315.3537857	0.0236659679773
2315.66794496	0.0236662893251
2315.98210423	0.0236667321737
2316.29626349	0.0236671940424
2316.61042276	0.0236676162155
2316.92458202	0.0236680310323
2317.23874129	0.0236684674132
2317.55290055	0.0236689512801
2317.86705982	0.0236693729381
2318.18121908	0.0236696775556
2318.49537835	0.0236699697031
2318.80953761	0.0236702722686
2319.12369688	0.0236703086529
2319.43785615	0.023670258351
2319.75201541	0.0236703748795
2320.06617468	0.0236704544611
2320.38033394	0.0236703617245
2320.69449321	0.0236702210895
2321.00865247	0.0236701590202
2321.32281174	0.023670120027
2321.636971	0.0236699768403
2321.95113027	0.0236697556609
2322.26528953	0.0236695999254
2322.5794488	0.0236695484643
2322.89360806	0.0236694826467
2323.20776733	0.0236692794
2323.5219266	0.0236689932718
2323.83608586	0.0236686040532
2324.15024513	0.0236680994868
2324.46440439	0.023667570057
2324.77856366	0.0236669787511
2325.09272292	0.0236663388834
2325.40688219	0.0236657049382
2325.72104145	0.0236649858604
2326.03520072	0.0236641245235
2326.34935998	0.0236633045064
2326.66351925	0.0236624977369
2326.97767851	0.0236615647977
2327.29183778	0.0236606636032
2327.60599704	0.0236597784291
2327.92015631	0.0236587589349
2328.23431558	0.0236576816232
2328.54847484	0.0236568674771
2328.86263411	0.0236559629016
2329.17679337	0.023654765807
2329.49095264	0.0236537529046
2329.8051119	0.0236529524359
2330.11927117	0.0236519978956
2330.43343043	0.0236509331738
2330.7475897	0.023649988256
2331.06174896	0.0236490742916
2331.37590823	0.0236480685958
2331.69006749	0.0236472099018
2332.00422676	0.0236465343842
2332.31838603	0.0236457736325
2332.63254529	0.0236450020211
2332.94670456	0.0236444756545
2333.26086382	0.0236438760638
2333.57502309	0.0236429144321
2333.88918235	0.0236421075709
2334.20334162	0.0236414527562
2334.51750088	0.0236405700284
2334.83166015	0.0236397427203
2335.14581941	0.0236392843566
2335.45997868	0.0236387620163
2335.77413794	0.0236380260446
2336.08829721	0.0236374231924
2336.40245647	0.0236370763967
2336.71661574	0.0236368540171
2337.03077501	0.023636650262
2337.34493427	0.0236364996549
2337.65909354	0.0236364692658
2337.9732528	0.0236364763907
2338.28741207	0.0236364136341
2338.60157133	0.0236364179489
2338.9157306	0.023636376736
2339.22988986	0.0236361072943
2339.54404913	0.023635726339
2339.85820839	0.0236354569324
2340.17236766	0.0236351696101
2340.48652692	0.0236347970719
2340.80068619	0.0236345383382
2341.11484546	0.0236344861409
2341.42900472	0.0236343514288
2341.74316399	0.0236341674409
2342.05732325	0.0236340118115
2342.37148252	0.0236340007006
2342.68564178	0.0236341755517
2342.99980105	0.0236339755076
2343.31396031	0.0236337863521
2343.62811958	0.0236340728447
2343.94227884	0.0236343977901
2344.25643811	0.0236342573243
2344.57059737	0.0236340420305
2344.88475664	0.0236340696922
2345.1989159	0.0236340712356
2345.51307517	0.0236339469341
2345.82723444	0.0236339194484
2346.1413937	0.0236340216766
2346.45555297	0.0236341144094
2346.76971223	0.0236342578964
2347.0838715	0.0236345275658
2347.39803076	0.0236347392522
2347.71219003	0.0236348549532
2348.02634929	0.0236351710911
2348.34050856	0.023635451313
2348.65466782	0.0236354299952
2348.96882709	0.0236355474578
2349.28298635	0.0236359550086
2349.59714562	0.0236361039636
2349.91130489	0.0236360888378
2350.22546415	0.0236362949675
2350.53962342	0.0236366800311
2350.85378268	0.0236370598848
2351.16794195	0.0236374306555
2351.48210121	0.0236378613871
2351.79626048	0.0236383500885
2352.11041974	0.0236388417814
2352.42457901	0.0236393677728
2352.73873827	0.0236399846777
2353.05289754	0.0236405552369
2353.3670568	0.0236410028965
2353.68121607	0.0236414533015
2353.99537534	0.0236417946188
2354.3095346	0.0236418476471
2354.62369387	0.0236419980529
2354.93785313	0.0236422143751
2355.2520124	0.0236423292391
2355.56617166	0.0236423665624
2355.88033093	0.0236423688378
2356.19449019	0.0236425593588
2356.50864946	0.0236427766712
2356.82280872	0.023642733781
2357.13696799	0.0236426706783
2357.45112725	0.023642875015
2357.76528652	0.0236432192563
2358.07944578	0.0236435004686
2358.39360505	0.0236436926282
2358.70776432	0.0236438499198
2359.02192358	0.0236437871726
2359.33608285	0.023643558937
2359.65024211	0.0236433236762
2359.96440138	0.0236429239608
2360.27856064	0.0236425172649
2360.59271991	0.0236421385551
2360.90687917	0.0236416272635
2361.22103844	0.0236411280341
2361.5351977	0.0236407764593
2361.84935697	0.0236403889506
2362.16351623	0.0236397907465
2362.4776755	0.0236391401601
2362.79183477	0.0236383294201
2363.10599403	0.0236375138032
2363.4201533	0.0236368775221
2363.73431256	0.0236360890243
2364.04847183	0.0236350986301
2364.36263109	0.0236342516265
2364.67679036	0.0236335794176
2364.99094962	0.0236327869422
2365.30510889	0.0236319259882
2365.61926815	0.0236311547085
2365.93342742	0.0236303929268
2366.24758668	0.0236296070578
2366.56174595	0.0236288418664
2366.87590521	0.0236280659909
2367.19006448	0.0236272824049
2367.50422375	0.0236265174548
2367.81838301	0.0236257481022
2368.13254228	0.0236250376411
2368.44670154	0.0236242774674
2368.76086081	0.023623365173
2369.07502007	0.0236225321998
2369.38917934	0.0236216899357
2369.7033386	0.0236206877503
2370.01749787	0.023619817985
2370.33165713	0.0236190811307
2370.6458164	0.0236182038366
2370.95997566	0.0236173015173
2371.27413493	0.0236165461354
2371.5882942	0.0236159510228
2371.90245346	0.0236155076028
2372.21661273	0.0236151534416
2372.53077199	0.0236148483758
2372.84493126	0.0236145570624
2373.15909052	0.0236141993527
2373.47324979	0.0236138217239
2373.78740905	0.0236134634252
2374.10156832	0.0236129051574
2374.41572758	0.0236122478906
2374.72988685	0.0236117453972
2375.04404611	0.0236113443722
2375.35820538	0.0236108862983
2375.67236464	0.0236104305582
2375.98652391	0.023610076161
2376.30068318	0.0236098399057
2376.61484244	0.0236096071132
2376.92900171	0.0236093036245
2377.24316097	0.0236090522869
2377.55732024	0.0236090649127
2377.8714795	0.0236090164076
2378.18563877	0.0236087737813
2378.49979803	0.0236087912004
2378.8139573	0.0236089709037
2379.12811656	0.0236088425427
2379.44227583	0.0236086717783
2379.75643509	0.023608570606
2380.07059436	0.0236084366754
2380.38475363	0.0236083550298
2380.69891289	0.0236083769423
2381.01307216	0.0236085422321
2381.32723142	0.0236086882892
2381.64139069	0.023608768269
2381.95554995	0.0236091486147
2382.26970922	0.023609715966
2382.58386848	0.0236097647058
2382.89802775	0.0236094587018
2383.21218701	0.023609532377
2383.52634628	0.0236095661871
2383.84050554	0.0236094984577
2384.15466481	0.0236094855131
2384.46882407	0.0236095734097
2384.78298334	0.0236096758506
2385.09714261	0.0236097123686
2385.41130187	0.0236098138284
2385.72546114	0.0236101430384
2386.0396204	0.0236105863955
2386.35377967	0.0236109706407
2386.66793893	0.023611353165
2386.9820982	0.0236118271838
2387.29625746	0.0236122884354
2387.61041673	0.0236125991557
2387.92457599	0.0236129038868
2388.23873526	0.0236132137925
2388.55289452	0.023613319413
2388.86705379	0.0236133368542
2389.18121306	0.0236133792104
2389.49537232	0.0236134863768
2389.80953159	0.0236135974514
2390.12369085	0.0236136514148
2390.43785012	0.023613769491
2390.75200938	0.0236139136485
2391.06616865	0.0236139705912
2391.38032791	0.0236141970541
2391.69448718	0.0236145149202
2392.00864644	0.0236146794471
2392.32280571	0.0236149125446
2392.63696497	0.0236154511331
2392.95112424	0.0236160431099
2393.2652835	0.0236164028297
2393.57944277	0.0236165577383
2393.89360204	0.0236166570897
2394.2077613	0.0236166920493
2394.52192057	0.0236166235103
2394.83607983	0.0236165097791
2395.1502391	0.0236163916752
2395.46439836	0.0236163158029
2395.77855763	0.0236162369025
2396.09271689	0.0236161353104
2396.40687616	0.0236160812372
2396.72103542	0.0236160284447
2397.03519469	0.0236158872531
2397.34935395	0.0236156471207
2397.66351322	0.0236153210144
2397.97767249	0.0236150100341
2398.29183175	0.0236147493644
2398.60599102	0.0236143598812
2398.92015028	0.0236138579034
2399.23430955	0.023613377165
2399.54846881	0.0236129639452
2399.86262808	0.0236125208538
2400.17678734	0.0236119627998
2400.49094661	0.0236114169727
2400.80510587	0.0236108978476
2401.11926514	0.0236103094422
2401.4334244	0.0236096492286
2401.74758367	0.0236090263993
2402.06174293	0.0236084162435
2402.3759022	0.0236077428855
2402.69006147	0.0236070626238
2403.00422073	0.023606376788
2403.31838	0.023605559937
2403.63253926	0.0236045929213
2403.94669853	0.0236036685252
2404.26085779	0.0236027670617
2404.57501706	0.023601815629
2404.88917632	0.0236007510099
2405.20333559	0.023599844217
2405.51749485	0.0235990695857
2405.83165412	0.0235980706677
2406.14581338	0.0235970556972
2406.45997265	0.0235963086615
2406.77413192	0.0235957164025
2407.08829118	0.0235951301302
2407.40245045	0.0235946100391
2407.71660971	0.0235941938684
2408.03076898	0.0235937743555
2408.34492824	0.0235932098677
2408.65908751	0.0235925828006
2408.97324677	0.023591973412
2409.28740604	0.0235912129064
2409.6015653	0.0235904640121
2409.91572457	0.0235898542374
2410.22988383	0.0235893463497
2410.5440431	0.0235889758661
2410.85820236	0.0235887132007
2411.17236163	0.0235883499603
2411.4865209	0.0235878167733
2411.80068016	0.0235874088197
2412.11483943	0.0235871833986
2412.42899869	0.023586812779
2412.74315796	0.0235863963852
2413.05731722	0.0235860618776
2413.37147649	0.0235857908115
2413.68563575	0.023585505231
2413.99979502	0.0235852857323
2414.31395428	0.0235851339899
2414.62811355	0.023584916819
2414.94227281	0.0235846921558
2415.25643208	0.0235845781477
2415.57059135	0.0235845981299
2415.88475061	0.0235846640191
2416.19890988	0.0235846871011
2416.51306914	0.0235847462234
2416.82722841	0.0235848858591
2417.14138767	0.0235848311738
2417.45554694	0.0235845464845
2417.7697062	0.0235845525742
2418.08386547	0.0235844571903
2418.39802473	0.0235841088562
2418.712184	0.0235838700074
2419.02634326	0.0235837786733
2419.34050253	0.0235836205083
2419.6546618	0.0235834088177
2419.96882106	0.0235832766524
2420.28298033	0.0235831847463
2420.59713959	0.023583149657
2420.91129886	0.0235832348012
2421.22545812	0.0235833985096
2421.53961739	0.0235835809513
2421.85377665	0.0235837989794
2422.16793592	0.0235840395388
2422.48209518	0.0235842272747
2422.79625445	0.0235844680501
2423.11041371	0.0235847581634
2423.42457298	0.0235848392056
2423.73873224	0.0235846826883
2424.05289151	0.0235847334937
2424.36705078	0.0235849714987
2424.68121004	0.0235850963349
2424.99536931	0.0235851677768
2425.30952857	0.0235853007987
2425.62368784	0.0235854725481
2425.9378471	0.0235856512831
2426.25200637	0.0235858741552
2426.56616563	0.0235861464405
2426.8803249	0.0235864162225
2427.19448416	0.0235867185479
2427.50864343	0.0235871125252
2427.82280269	0.0235875964104
2428.13696196	0.0235879642112
2428.45112123	0.0235882342412
2428.76528049	0.0235884799404
2429.07943976	0.0235886287825
2429.39359902	0.0235887992516
2429.70775829	0.0235890229909
2430.02191755	0.0235892593206
2430.33607682	0.0235894920155
2430.65023608	0.0235897201328
2430.96439535	0.0235899667032
2431.27855461	0.0235902457283
2431.59271388	0.0235903973539
2431.90687314	0.0235903059493
2432.22103241	0.0235902484845
2432.53519167	0.0235900384672
2432.84935094	0.0235897827899
2433.16351021	0.0235896351909
2433.47766947	0.0235894276861
2433.79182874	0.0235891076009
2434.105988	0.0235889435159
2434.42014727	0.0235887585696
2434.73430653	0.0235884304651
2435.0484658	0.0235882120364
2435.36262506	0.0235881047967
2435.67678433	0.0235879310846
2435.99094359	0.0235876796344
2436.30510286	0.0235874123534
2436.61926212	0.0235871532441
2436.93342139	0.0235868527163
2437.24758066	0.0235864499284
2437.56173992	0.0235859849672
2437.87589919	0.0235855764899
2438.19005845	0.0235849136095
2438.50421772	0.0235840328527
2438.81837698	0.023583330284
2439.13253625	0.0235826225361
2439.44669551	0.0235817694642
2439.76085478	0.0235810186884
2440.07501404	0.0235803306479
2440.38917331	0.0235795205168
2440.70333257	0.0235788661354
2441.01749184	0.0235784031343
2441.3316511	0.0235778101936
2441.64581037	0.0235772109117
2441.95996964	0.0235768648345
2442.2741289	0.0235765631477
2442.58828817	0.02357601798
2442.90244743	0.023575248355
2443.2166067	0.0235746344588
2443.53076596	0.0235739389908
2443.84492523	0.023573043073
2444.15908449	0.0235722616845
2444.47324376	0.0235716423901
2444.78740302	0.0235709863689
2445.10156229	0.0235702615534
2445.41572155	0.0235696480332
2445.72988082	0.0235691454307
2446.04404009	0.023568594499
2446.35819935	0.0235680175949
2446.67235862	0.0235674083794
2446.98651788	0.0235668024475
2447.30067715	0.0235662085502
2447.61483641	0.0235655799625
2447.92899568	0.0235649440955
2448.24315494	0.0235643398373
2448.55731421	0.0235637150536
2448.87147347	0.0235631463337
2449.18563274	0.0235627018704
2449.499792	0.023562301246
2449.81395127	0.0235619003488
2450.12811053	0.0235615066735
2450.4422698	0.0235610970768
2450.75642907	0.0235607443797
2451.07058833	0.0235604103965
2451.3847476	0.023559968694
2451.69890686	0.0235594837358
2452.01306613	0.0235590481613
2452.32722539	0.0235585905008
2452.64138466	0.0235581443273
2452.95554392	0.0235577843499
2453.26970319	0.0235574315687
2453.58386245	0.0235571156808
2453.89802172	0.0235568392403
2454.21218098	0.0235565367319
2454.52634025	0.0235563616415
2454.84049952	0.0235562416395
2455.15465878	0.0235560048722
2455.46881805	0.0235558152769
2455.78297731	0.0235558492153
2456.09713658	0.0235560124487
2456.41129584	0.0235561738222
2456.72545511	0.0235563419078
2457.03961437	0.0235565701497
2457.35377364	0.0235568566404
2457.6679329	0.0235571492112
2457.98209217	0.0235574676143
2458.29625143	0.02355777365
2458.6104107	0.0235579950236
2458.92456996	0.0235582816383
2459.23872923	0.0235586916608
2459.5528885	0.0235590293177
2459.86704776	0.0235592921213
2460.18120703	0.0235597160519
2460.49536629	0.0235602484766
2460.80952556	0.0235606830171
2461.12368482	0.0235610248121
2461.43784409	0.0235614044929
2461.75200335	0.0235618844513
2462.06616262	0.0235623098892
2462.38032188	0.0235626138678
2462.69448115	0.023562983652
2463.00864041	0.0235634769665
2463.32279968	0.0235639473186
2463.63695895	0.0235643025193
2463.95111821	0.0235646306989
2464.26527748	0.0235649556995
2464.57943674	0.0235652209785
2464.89359601	0.0235654242503
2465.20775527	0.0235656737469
2465.52191454	0.0235659519593
2465.8360738	0.0235661780179
2466.15023307	0.0235664101902
2466.46439233	0.0235666599414
2466.7785516	0.0235668568366
2467.09271086	0.0235669229558
2467.40687013	0.0235667014013
2467.72102939	0.02356640272
2468.03518866	0.023566247918
2468.34934793	0.0235658828257
2468.66350719	0.0235654035273
2468.97766646	0.0235650850045
2469.29182572	0.0235647938145
2469.60598499	0.0235644257725
2469.92014425	0.0235641070209
2470.23430352	0.0235639494869
2470.54846278	0.0235638918047
2470.86262205	0.0235637868007
2471.17678131	0.0235636270895
2471.49094058	0.0235634429167
2471.80509984	0.023563189498
2472.11925911	0.0235628537232
2472.43341838	0.0235625162565
2472.74757764	0.0235621239762
2473.06173691	0.023561593555
2473.37589617	0.0235610766783
2473.69005544	0.023560621698
2474.0042147	0.0235601672096
2474.31837397	0.0235597207945
2474.63253323	0.0235592579303
2474.9466925	0.0235587530049
2475.26085176	0.02355830432
2475.57501103	0.0235578950895
2475.88917029	0.0235575017851
2476.20332956	0.0235570984109
2476.51748883	0.0235566733669
2476.83164809	0.0235562913867
2477.14580736	0.0235561092438
2477.45996662	0.0235559433684
2477.77412589	0.023555431012
2478.08828515	0.023554774657
2478.40244442	0.0235542806928
2478.71660368	0.0235536727528
2479.03076295	0.0235529374922
2479.34492221	0.0235522406095
2479.65908148	0.023551609087
2479.97324074	0.0235510442287
2480.28740001	0.0235504510167
2480.60155927	0.0235497598878
2480.91571854	0.0235490156924
2481.22987781	0.0235481530653
2481.54403707	0.0235471664721
2481.85819634	0.0235461595738
2482.1723556	0.0235451775711
2482.48651487	0.0235442043428
2482.80067413	0.0235433168931
2483.1148334	0.0235425049875
2483.42899266	0.023541613981
2483.74315193	0.0235407416004
2484.05731119	0.0235400387358
2484.37147046	0.0235393986891
2484.68562972	0.023538755657
2484.99978899	0.0235381681181
2485.31394826	0.0235376341799
2485.62810752	0.0235371458531
2485.94226679	0.0235366956618
2486.25642605	0.0235363077932
2486.57058532	0.0235360410414
2486.88474458	0.0235357751085
2487.19890385	0.0235353270043
2487.51306311	0.0235347729695
2487.82722238	0.0235343975085
2488.14138164	0.0235340240491
2488.45554091	0.0235335193734
2488.76970017	0.0235331673089
2489.08385944	0.0235330025877
2489.3980187	0.023532784423
2489.71217797	0.0235326256077
2490.02633724	0.0235326956131
2490.3404965	0.0235327884949
2490.65465577	0.023532805955
2490.96881503	0.0235329882237
2491.2829743	0.0235334518891
2491.59713356	0.0235338702506
2491.91129283	0.0235341119144
2492.22545209	0.0235344104457
2492.53961136	0.0235345755488
2492.85377062	0.0235346401584
2493.16792989	0.0235348920377
2493.48208915	0.0235351306748
2493.79624842	0.0235352241729
2494.11040769	0.0235353192872
2494.42456695	0.0235355598238
2494.73872622	0.0235358661911
2495.05288548	0.0235362854465
2495.36704475	0.0235367144811
2495.68120401	0.0235369319304
2495.99536328	0.0235370416844
2496.30952254	0.0235372689343
2496.62368181	0.0235373346302
2496.93784107	0.0235373625402
2497.25200034	0.0235375704425
2497.5661596	0.0235375981291
2497.88031887	0.0235375436309
2498.19447813	0.0235376379663
2498.5086374	0.0235378300153
2498.82279667	0.0235380077041
2499.13695593	0.023538128602
2499.4511152	0.0235382913546
2499.76527446	0.0235385052584
2500.07943373	0.0235387504133
2500.39359299	0.0235390986661
2500.70775226	0.0235393546498
2501.02191152	0.0235394015263
2501.33607079	0.0235395756368
2501.65023005	0.0235398983711
2501.96438932	0.023539741042
2502.27854858	0.0235394782781
2502.59270785	0.0235394699413
2502.90686712	0.0235394192402
2503.22102638	0.0235392370089
2503.53518565	0.0235390536416
2503.84934491	0.0235389893184
2504.16350418	0.0235389169365
2504.47766344	0.023538752146
2504.79182271	0.0235386463211
2505.10598197	0.023538702586
2505.42014124	0.0235388721947
2505.7343005	0.0235390692356
2506.04845977	0.0235392539981
2506.36261903	0.0235395050938
2506.6767783	0.0235397631685
2506.99093756	0.0235398531782
2507.30509683	0.0235397836613
2507.6192561	0.0235396737591
2507.93341536	0.023539471514
2508.24757463	0.0235391970507
2508.56173389	0.0235389105528
2508.87589316	0.0235386650772
2509.19005242	0.0235384977466
2509.50421169	0.0235384093716
2509.81837095	0.023538279777
2510.13253022	0.0235380181719
2510.44668948	0.0235376722215
2510.76084875	0.0235374042961
2511.07500801	0.0235371282788
2511.38916728	0.0235367604706
2511.70332655	0.0235363191142
2512.01748581	0.0235359976819
2512.33164508	0.0235358271503
2512.64580434	0.0235354931885
2512.95996361	0.0235349668824
2513.27412287	0.023534574574
2513.58828214	0.0235341011571
2513.9024414	0.0235334628916
2514.21660067	0.0235329378264
2514.53075993	0.0235325179908
2514.8449192	0.0235320102733
2515.15907846	0.0235315070348
2515.47323773	0.0235311580253
2515.78739699	0.0235308082282
2516.10155626	0.0235302752486
2516.41571553	0.0235295834494
2516.72987479	0.0235288189116
2517.04403406	0.0235280107668
2517.35819332	0.0235270964097
2517.67235259	0.0235262603508
2517.98651185	0.0235254762108
2518.30067112	0.023524632309
2518.61483038	0.0235237785211
2518.92898965	0.0235229717482
2519.24314891	0.0235222384735
2519.55730818	0.0235216612584
2519.87146744	0.0235211393582
2520.18562671	0.0235206335948
2520.49978598	0.0235201613768
2520.81394524	0.0235196775582
2521.12810451	0.023519168239
2521.44226377	0.0235186000522
2521.75642304	0.0235180140103
2522.0705823	0.0235175060906
2522.38474157	0.0235169685327
2522.69890083	0.0235161661127
2523.0130601	0.0235154079406
2523.32721936	0.0235149693935
2523.64137863	0.0235145211815
2523.95553789	0.0235139799513
2524.26969716	0.0235134204643
2524.58385642	0.0235129188048
2524.89801569	0.0235125299375
2525.21217496	0.0235122797229
2525.52633422	0.0235119645941
2525.84049349	0.0235115463637
2526.15465275	0.0235113761131
2526.46881202	0.0235115485479
2526.78297128	0.0235116088388
2527.09713055	0.0235114740021
2527.41128981	0.0235113546006
2527.72544908	0.0235112604309
2528.03960834	0.0235110909997
2528.35376761	0.0235108405614
2528.66792687	0.0235107109795
2528.98208614	0.0235106704344
2529.29624541	0.0235106058899
2529.61040467	0.0235105864768
2529.92456394	0.0235107367715
2530.2387232	0.0235109720473
2530.55288247	0.0235110484789
2530.86704173	0.0235109733336
2531.181201	0.0235109226017
2531.49536026	0.0235109170935
2531.80951953	0.0235108994985
2532.12367879	0.023510952278
2532.43783806	0.0235109389102
2532.75199732	0.0235108911343
2533.06615659	0.0235109368966
2533.38031585	0.0235110762548
2533.69447512	0.0235112279866
2534.00863439	0.0235114220216
2534.32279365	0.0235116844467
2534.63695292	0.0235119453372
2534.95111218	0.0235122479142
2535.26527145	0.0235126440925
2535.57943071	0.0235131054817
2535.89358998	0.0235135744471
2536.20774924	0.0235140884879
2536.52190851	0.0235145111515
2536.83606777	0.0235143268913
2537.15022704	0.0235141633525
2537.4643863	0.0235143082449
2537.77854557	0.0235143089691
2538.09270484	0.0235142605985
2538.4068641	0.0235143507681
2538.72102337	0.0235144372511
2539.03518263	0.0235145596813
2539.3493419	0.023514877918
2539.66350116	0.0235151025889
2539.97766043	0.0235152153109
2540.29181969	0.023515580473
2540.60597896	0.0235161790363
2540.92013822	0.0235166872237
2541.23429749	0.0235170553554
2541.54845675	0.023517310018
2541.86261602	0.0235174307521
2542.17677529	0.0235173835859
2542.49093455	0.023517417898
2542.80509382	0.02351746724
2543.11925308	0.0235173488117
2543.43341235	0.0235172446618
2543.74757161	0.0235172429182
2544.06173088	0.0235173440272
2544.37589014	0.0235175334898
2544.69004941	0.0235176489818
2545.00420867	0.0235176337053
2545.31836794	0.0235175378675
2545.6325272	0.0235174152777
2545.94668647	0.0235171859419
2546.26084573	0.0235169771199
2546.575005	0.023516716457
2546.88916427	0.0235162837639
2547.20332353	0.0235158273458
2547.5174828	0.0235155111939
2547.83164206	0.0235151767757
2548.14580133	0.0235147213422
2548.45996059	0.0235141744706
2548.77411986	0.0235136849905
2549.08827912	0.0235133262911
2549.40243839	0.0235129241096
2549.71659765	0.0235124722789
2550.03075692	0.0235120373963
2550.34491618	0.0235116770447
2550.65907545	0.0235113772353
2550.97323472	0.0235108645598
2551.28739398	0.0235098217829
2551.60155325	0.0235089574859
2551.91571251	0.0235082839333
2552.22987178	0.0235073276051
2552.54403104	0.0235063148872
2552.85819031	0.0235053565307
2553.17234957	0.0235044772162
2553.48650884	0.023503739419
2553.8006681	0.0235028847499
2554.11482737	0.0235019911666
2554.42898663	0.023501353781
2554.7431459	0.0235009178186
2555.05730516	0.0235004567232
2555.37146443	0.0234999221168
2555.6856237	0.0234994248884
2555.99978296	0.0234988978429
2556.31394223	0.0234983827082
2556.62810149	0.0234979286576
2556.94226076	0.0234974181498
2557.25642002	0.0234967960762
2557.57057929	0.023496073099
2557.88473855	0.0234954482066
2558.19889782	0.0234948862475
2558.51305708	0.0234941988234
2558.82721635	0.0234935732857
2559.14137561	0.0234931538562
2559.45553488	0.0234926424696
2559.76969415	0.023491906849
2560.08385341	0.0234914379167
2560.39801268	0.0234913639435
2560.71217194	0.0234909291808
2561.02633121	0.0234903420352
2561.34049047	0.0234902515024
2561.65464974	0.0234903812109
2561.968809	0.023490082578
2562.28296827	0.0234897013723
2562.59712753	0.0234895066728
2562.9112868	0.0234891727491
2563.22544606	0.0234887816179
2563.53960533	0.0234885976172
2563.85376459	0.0234884806223
2564.16792386	0.0234882747756
2564.48208313	0.0234880929768
2564.79624239	0.023488052686
2565.11040166	0.0234882165935
2565.42456092	0.0234882117834
2565.73872019	0.0234879733276
2566.05287945	0.0234877589947
2566.36703872	0.023487634091
2566.68119798	0.0234874934474
2566.99535725	0.0234872520743
2567.30951651	0.0234871587758
2567.62367578	0.0234871471818
2567.93783504	0.023487067816
2568.25199431	0.0234870908809
2568.56615358	0.0234873524077
2568.88031284	0.0234876899538
2569.19447211	0.0234880561851
2569.50863137	0.0234884636607
2569.82279064	0.0234888883388
2570.1369499	0.0234892828365
2570.45110917	0.0234895715957
2570.76526843	0.023489773053
2571.0794277	0.0234900178962
2571.39358696	0.0234901005119
2571.70774623	0.0234900432292
2572.02190549	0.0234901070048
2572.33606476	0.023490335672
2572.65022402	0.0234906081219
2572.96438329	0.0234907105289
2573.27854256	0.0234906797081
2573.59270182	0.0234907378977
2573.90686109	0.0234910505279
2574.22102035	0.0234913586633
2574.53517962	0.0234914223313
2574.84933888	0.0234915123981
2575.16349815	0.0234918703351
2575.47765741	0.0234923339983
2575.79181668	0.0234926917325
2576.10597594	0.0234929714247
2576.42013521	0.0234932466512
2576.73429447	0.0234934511739
2577.04845374	0.0234935598563
2577.36261301	0.0234937052863
2577.67677227	0.0234938274115
2577.99093154	0.0234938121488
2578.3050908	0.0234938244375
2578.61925007	0.0234939370727
2578.93340933	0.0234940804
2579.2475686	0.0234943360626
2579.56172786	0.0234944999423
2579.87588713	0.0234944568123
2580.19004639	0.0234943889243
2580.50420566	0.0234944102091
2580.81836492	0.0234943894802
2581.13252419	0.0234943151103
2581.44668345	0.0234942727484
2581.76084272	0.0234941131647
2582.07500199	0.0234939238505
2582.38916125	0.0234938466853
2582.70332052	0.0234938121658
2583.01747978	0.0234937036977
2583.33163905	0.0234935507399
2583.64579831	0.0234934060287
2583.95995758	0.023493244397
2584.27411684	0.0234931414765
2584.58827611	0.0234930259387
2584.90243537	0.0234928432755
2585.21659464	0.0234927623144
2585.5307539	0.0234927882209
2585.84491317	0.0234925093428
2586.15907244	0.0234917141053
2586.4732317	0.0234912626586
2586.78739097	0.0234908180773
2587.10155023	0.0234900291944
2587.4157095	0.023489199657
2587.72986876	0.0234885142408
2588.04402803	0.0234878956766
2588.35818729	0.0234872858479
2588.67234656	0.023486538768
2588.98650582	0.023485728397
2589.30066509	0.0234851348684
2589.61482435	0.0234847338474
2589.92898362	0.0234842257051
2590.24314288	0.0234835130064
2590.55730215	0.0234827987052
2590.87146142	0.0234821127088
2591.18562068	0.0234811975127
2591.49977995	0.0234803567501
2591.81393921	0.0234796866555
2592.12809848	0.0234788458197
2592.44225774	0.0234779120456
2592.75641701	0.0234771434557
2593.07057627	0.0234765011276
2593.38473554	0.0234757577336
2593.6988948	0.0234749800817
2594.01305407	0.0234742570243
2594.32721333	0.0234736008957
2594.6413726	0.0234729281496
2594.95553187	0.023472215917
2595.26969113	0.0234716212951
2595.5838504	0.0234711128743
2595.89800966	0.0234705416084
2596.21216893	0.0234700357541
2596.52632819	0.0234696648461
2596.84048746	0.0234692206571
2597.15464672	0.0234687552185
2597.46880599	0.0234683011749
2597.78296525	0.0234678905682
2598.09712452	0.0234676252938
2598.41128378	0.0234674350193
2598.72544305	0.0234673091024
2599.03960232	0.0234673107094
2599.35376158	0.0234674254264
2599.66792085	0.0234675973851
2599.98208011	0.0234675919121
2600.29623938	0.023467211035
2600.61039864	0.023467020152
2600.92455791	0.0234669537762
2601.23871717	0.0234666748543
2601.55287644	0.0234664105271
2601.8670357	0.0234662243494
2602.18119497	0.0234660822917
2602.49535423	0.023466005799
2602.8095135	0.0234658685601
2603.12367276	0.0234657696673
2603.43783203	0.0234658718826
2603.7519913	0.0234660973715
2604.06615056	0.0234663234838
2604.38030983	0.0234665157378
2604.69446909	0.0234667288964
2605.00862836	0.0234669167828
2605.32278762	0.0234669225403
2605.63694689	0.0234669508302
2605.95110615	0.02346708824
2606.26526542	0.0234670409818
2606.57942468	0.0234668176688
2606.89358395	0.0234669284933
2607.20774321	0.0234670607835
2607.52190248	0.0234668745522
2607.83606175	0.0234667755324
2608.15022101	0.0234667932919
2608.46438028	0.0234667093373
2608.77853954	0.0234665501422
2609.09269881	0.0234664944895
2609.40685807	0.0234665771286
2609.72101734	0.0234665044249
2610.0351766	0.0234663947012
2610.34933587	0.0234665874944
2610.66349513	0.0234669442741
2610.9776544	0.0234671930097
2611.29181366	0.0234673376532
2611.60597293	0.0234676094137
2611.92013219	0.0234679059499
2612.23429146	0.0234680180517
2612.54845073	0.0234681594657
2612.86260999	0.0234684129928
2613.17676926	0.0234686250846
2613.49092852	0.0234687543743
2613.80508779	0.02346891075
2614.11924705	0.0234691534453
2614.43340632	0.0234693047077
2614.74756558	0.0234693834489
2615.06172485	0.0234695462186
2615.37588411	0.0234696279893
2615.69004338	0.0234696432836
2616.00420264	0.0234698335564
2616.31836191	0.0234700008572
2616.63252118	0.0234699897295
2616.94668044	0.0234699978316
2617.26083971	0.0234702074957
2617.57499897	0.0234704945627
2617.88915824	0.0234707051771
2618.2033175	0.02347089722
2618.51747677	0.0234711598308
2618.83163603	0.0234714333952
2619.1457953	0.0234716243215
2619.45995456	0.0234717345373
2619.77411383	0.0234718169667
2620.08827309	0.0234718340304
2620.40243236	0.0234716714475
2620.71659162	0.0234713866815
2621.03075089	0.0234711514135
2621.34491016	0.0234708248304
2621.65906942	0.0234704431293
2621.97322869	0.0234700902123
2622.28738795	0.0234696655657
2622.60154722	0.0234691904457
2622.91570648	0.0234687703641
2623.22986575	0.0234683440376
2623.54402501	0.0234678873908
2623.85818428	0.0234674080902
2624.17234354	0.0234669762536
2624.48650281	0.0234666202662
2624.80066207	0.0234662719623
2625.11482134	0.0234659291977
2625.42898061	0.0234655335284
2625.74313987	0.0234649434166
2626.05729914	0.0234642840589
2626.3714584	0.023463614315
2626.68561767	0.0234627971308
2626.99977693	0.0234619186969
2627.3139362	0.023461130473
2627.62809546	0.0234603923044
2627.94225473	0.023459598747
2628.25641399	0.0234588647881
2628.57057326	0.0234582596492
2628.88473252	0.0234576515148
2629.19889179	0.0234569041854
2629.51305105	0.0234560955483
2629.82721032	0.0234553996625
2630.14136959	0.0234547135555
2630.45552885	0.0234539600831
2630.76968812	0.0234532391946
2631.08384738	0.0234525781617
2631.39800665	0.0234519486709
2631.71216591	0.0234513718183
2632.02632518	0.0234508613225
2632.34048444	0.0234503906563
2632.65464371	0.0234499241475
2632.96880297	0.0234494807621
2633.28296224	0.0234491595498
2633.5971215	0.0234489454385
2633.91128077	0.0234487188422
2634.22544004	0.0234485325423
2634.5395993	0.0234484490512
2634.85375857	0.0234483488386
2635.16791783	0.0234480259424
2635.4820771	0.0234476337104
2635.79623636	0.0234473739713
2636.11039563	0.0234471153427
2636.42455489	0.0234467168036
2636.73871416	0.023446323441
2637.05287342	0.0234460906885
2637.36703269	0.0234459235898
2637.68119195	0.023445684497
2637.99535122	0.0234454091186
2638.30951048	0.0234452537263
2638.62366975	0.0234452643836
2638.93782902	0.0234453113507
2639.25198828	0.0234452835664
2639.56614755	0.0234451549632
2639.88030681	0.0234450850844
2640.19446608	0.0234450163737
2640.50862534	0.0234448202401
2640.82278461	0.0234446869013
2641.13694387	0.0234446185484
2641.45110314	0.0234445336036
2641.7652624	0.0234444147916
2642.07942167	0.023444217305
2642.39358093	0.0234440762437
2642.7077402	0.0234439787607
2643.02189947	0.0234437900678
2643.33605873	0.0234436677264
2643.650218	0.0234435921292
2643.96437726	0.0234434810217
2644.27853653	0.0234433466191
2644.59269579	0.0234433750401
2644.90685506	0.0234434295604
2645.22101432	0.0234432919825
2645.53517359	0.0234432697602
2645.84933285	0.0234434192479
2646.16349212	0.0234435037843
2646.47765138	0.0234434881187
2646.79181065	0.0234434764195
2647.10596991	0.0234435473853
2647.42012918	0.0234436363423
2647.73428845	0.0234437960541
2648.04844771	0.0234440908769
2648.36260698	0.0234443503903
2648.67676624	0.0234446430372
2648.99092551	0.0234451222158
2649.30508477	0.0234454985844
2649.61924404	0.0234454749798
2649.9334033	0.0234455750331
2650.24756257	0.0234457922297
2650.56172183	0.0234456992596
2650.8758811	0.0234457938632
2651.19004036	0.0234460659671
2651.50419963	0.0234461035178
2651.8183589	0.0234461064937
2652.13251816	0.0234462476455
2652.44667743	0.0234464331287
2652.76083669	0.0234466739785
2653.07499596	0.0234469983298
2653.38915522	0.0234473647364
2653.70331449	0.0234477495483
2654.01747375	0.0234481103512
2654.33163302	0.0234483910016
2654.64579228	0.0234486253223
2654.95995155	0.0234488665325
2655.27411081	0.023448987125
2655.58827008	0.0234487990194
2655.90242934	0.0234485594593
2656.21658861	0.0234485540129
2656.53074788	0.0234482764846
2656.84490714	0.0234478913238
2657.15906641	0.023447790361
2657.47322567	0.0234477157406
2657.78738494	0.0234473867394
2658.1015442	0.0234469850777
2658.41570347	0.0234469009459
2658.72986273	0.023446769391
2659.044022	0.0234463192371
2659.35818126	0.0234460096236
2659.67234053	0.0234460066653
2659.98649979	0.0234459525182
2660.30065906	0.0234456313619
2660.61481833	0.023445271607
2660.92897759	0.0234449608093
2661.24313686	0.0234445448193
2661.55729612	0.0234440130927
2661.87145539	0.0234435602333
2662.18561465	0.0234431456221
2662.49977392	0.0234426445823
2662.81393318	0.0234421051309
2663.12809245	0.023441702397
2663.44225171	0.0234413943603
2663.75641098	0.0234408869522
2664.07057024	0.0234403037965
2664.38472951	0.0234397850192
2664.69888877	0.0234391885387
2665.01304804	0.0234385384934
2665.32720731	0.0234380104793
2665.64136657	0.0234375162363
2665.95552584	0.0234368504605
2666.2696851	0.0234361886318
2666.58384437	0.0234357127144
2666.89800363	0.0234352852907
2667.2121629	0.0234347976168
2667.52632216	0.0234343215294
2667.84048143	0.0234338906588
2668.15464069	0.0234334722892
2668.46879996	0.0234330391483
2668.78295922	0.0234326794292
2669.09711849	0.0234323111573
2669.41127776	0.0234317907813
2669.72543702	0.023431249894
2670.03959629	0.0234308198327
2670.35375555	0.0234301786326
2670.66791482	0.0234293628148
2670.98207408	0.023428689787
2671.29623335	0.0234281268369
2671.61039261	0.0234275095816
2671.92455188	0.0234267882883
2672.23871114	0.0234261692569
2672.55287041	0.0234257479793
2672.86702967	0.0234252668507
2673.18118894	0.0234246858191
2673.49534821	0.023424260535
2673.80950747	0.0234240427966
2674.12366674	0.0234239062804
2674.437826	0.0234237597113
2674.75198527	0.0234236723293
2675.06614453	0.02342363059
2675.3803038	0.0234235036473
2675.69446306	0.023423281547
2676.00862233	0.0234229758069
2676.32278159	0.0234227660374
2676.63694086	0.0234225780136
2676.95110012	0.0234222276386
2677.26525939	0.023421988701
2677.57941865	0.0234219647763
2677.89357792	0.0234220039489
2678.20773719	0.0234219919833
2678.52189645	0.0234219350545
2678.83605572	0.0234218657348
2679.15021498	0.0234217813007
2679.46437425	0.023421819245
2679.77853351	0.0234218947248
2680.09269278	0.0234218393619
2680.40685204	0.0234218022506
2680.72101131	0.0234219300114
2681.03517057	0.0234221278299
2681.34932984	0.0234222407915
2681.6634891	0.0234222733607
2681.97764837	0.0234223767631
2682.29180764	0.0234225517479
2682.6059669	0.0234227113231
2682.92012617	0.0234229160238
2683.23428543	0.0234231878275
2683.5484447	0.0234234301509
2683.86260396	0.0234237325486
2684.17676323	0.0234241983607
2684.49092249	0.0234244104743
2684.80508176	0.02342423169
2685.11924102	0.0234242292422
2685.43340029	0.0234243275258
2685.74755955	0.0234241864114
2686.06171882	0.0234240009855
2686.37587808	0.0234239337752
2686.69003735	0.0234239221462
2687.00419662	0.0234238544212
2687.31835588	0.0234237354189
2687.63251515	0.0234237499767
2687.94667441	0.0234239547006
2688.26083368	0.0234242442682
2688.57499294	0.0234245151012
2688.88915221	0.023424795934
2689.20331147	0.0234250645293
2689.51747074	0.0234251852206
2689.83163	0.0234252749269
2690.14578927	0.0234251196566
2690.45994853	0.0234248272415
2690.7741078	0.0234246785727
2691.08826707	0.0234246042285
2691.40242633	0.0234244847423
2691.7165856	0.0234243298188
2692.03074486	0.0234241825039
2692.34490413	0.0234240751804
2692.65906339	0.0234240613772
2692.97322266	0.0234240380787
2693.28738192	0.0234238523486
2693.60154119	0.023423760817
2693.91570045	0.0234239099717
2694.22985972	0.023423789253
2694.54401898	0.0234236007792
2694.85817825	0.0234236902999
2695.17233751	0.023423726634
2695.48649678	0.0234234915989
2695.80065605	0.0234232481728
2696.11481531	0.0234230808012
2696.42897458	0.0234228672345
2696.74313384	0.0234226655163
2697.05729311	0.0234225880979
2697.37145237	0.0234225488233
2697.68561164	0.0234224377623
2697.9997709	0.0234223325833
2698.31393017	0.0234224266928
2698.62808943	0.0234224962645
2698.9422487	0.0234221107385
2699.25640796	0.0234216413494
2699.57056723	0.0234213090209
2699.8847265	0.0234209927967
2700.19888576	0.0234205487254
2700.51304503	0.0234200556718
2700.82720429	0.0234197027464
2701.14136356	0.0234193493987
2701.45552282	0.0234188404899
2701.76968209	0.0234184158324
2702.08384135	0.0234182190828
2702.39800062	0.0234180089293
2702.71215988	0.0234176987483
2703.02631915	0.0234174205766
2703.34047841	0.0234171961122
2703.65463768	0.0234168917695
2703.96879694	0.0234164862919
2704.28295621	0.023416121177
2704.59711548	0.023415707738
2704.91127474	0.0234148630408
2705.22543401	0.0234139309631
2705.53959327	0.0234133298147
2705.85375254	0.0234125349748
2706.1679118	0.0234115949968
2706.48207107	0.0234108703084
2706.79623033	0.0234102295802
2707.1103896	0.0234094526814
2707.42454886	0.0234086226724
2707.73870813	0.0234081339005
2708.05286739	0.0234076233963
2708.36702666	0.023406801911
2708.68118593	0.0234062039748
2708.99534519	0.0234059684199
2709.30950446	0.0234056534769
2709.62366372	0.0234051121119
2709.93782299	0.0234045260149
2710.25198225	0.0234040486639
2710.56614152	0.0234035515499
2710.88030078	0.0234029674544
2711.19446005	0.0234024069771
2711.50861931	0.0234019965916
2711.82277858	0.0234015776924
2712.13693784	0.0234010935358
2712.45109711	0.0234007346578
2712.76525637	0.0234005747458
2713.07941564	0.0234004339286
2713.39357491	0.023400130878
2713.70773417	0.0233997584807
2714.02189344	0.0233996667021
2714.3360527	0.0233996275661
2714.65021197	0.0233994470207
2714.96437123	0.0233993760648
2715.2785305	0.0233993467781
2715.59268976	0.0233993182838
2715.90684903	0.0233993290843
2716.22100829	0.0233993876947
2716.53516756	0.0233995293391
2716.84932682	0.0233996575214
2717.16348609	0.023399693352
2717.47764536	0.0233997938631
2717.79180462	0.0234000721756
2718.10596389	0.0234003741161
2718.42012315	0.0234005885148
2718.73428242	0.0234008898979
2719.04844168	0.0234013091839
2719.36260095	0.0234015462905
2719.67676021	0.0234014484873
2719.99091948	0.0234015134242
2720.30507874	0.0234017066979
2720.61923801	0.0234016574366
2720.93339727	0.0234015542742
2721.24755654	0.0234016095418
2721.5617158	0.023401670253
2721.87587507	0.023401735639
2722.19003434	0.0234017235946
2722.5041936	0.0234017023812
2722.81835287	0.0234018442426
2723.13251213	0.0234021518386
2723.4466714	0.0234025212066
2723.76083066	0.0234028873942
2724.07498993	0.0234032164125
2724.38914919	0.023403474007
2724.70330846	0.0234036111562
2725.01746772	0.0234035344007
2725.33162699	0.0234033937339
2725.64578625	0.0234033121963
2725.95994552	0.0234032166329
2726.27410479	0.0234031861272
2726.58826405	0.0234032341529
2726.90242332	0.0234033950528
2727.21658258	0.0234035948403
2727.53074185	0.0234037499629
2727.84490111	0.0234036603271
2728.15906038	0.0234035441893
2728.47321964	0.0234036872179
2728.78737891	0.0234036069251
2729.10153817	0.0234034058999
2729.41569744	0.0234033100496
2729.7298567	0.0234032652046
2730.04401597	0.0234031846342
2730.35817524	0.0234031377325
2730.6723345	0.0234031215353
2730.98649377	0.0234030819164
2731.30065303	0.0234030528891
2731.6148123	0.023403119695
2731.92897156	0.0234032594197
2732.24313083	0.0234034030198
2732.55729009	0.0234034961872
2732.87144936	0.0234035389032
2733.18560862	0.023403607992
2733.49976789	0.0234035698391
2733.81392715	0.0234033086409
2734.12808642	0.0234031316856
2734.44224568	0.0234028350097
2734.75640495	0.0234023583712
2735.07056422	0.0234019828372
2735.38472348	0.0234016157286
2735.69888275	0.0234011595809
2736.01304201	0.0234007639093
2736.32720128	0.0234003537177
2736.64136054	0.023399938819
2736.95551981	0.0233996458621
2737.26967907	0.023399459475
2737.58383834	0.0233993169007
2737.8979976	0.0233991867693
2738.21215687	0.0233990630532
2738.52631613	0.0233988175978
2738.8404754	0.0233984044836
2739.15463467	0.0233979529821
2739.46879393	0.0233973697392
2739.7829532	0.0233966098483
2740.09711246	0.0233959173351
2740.41127173	0.0233953080755
2740.72543099	0.0233946924182
2741.03959026	0.023394087626
2741.35374952	0.023393496334
2741.66790879	0.0233928734204
2741.98206805	0.023392222095
2742.29622732	0.0233915876752
2742.61038658	0.0233910384724
2742.92454585	0.0233904822579
2743.23870511	0.0233899133749
2743.55286438	0.0233894230137
2743.86702365	0.0233890667382
2744.18118291	0.0233886898571
2744.49534218	0.0233881842271
2744.80950144	0.0233876110201
2745.12366071	0.0233870309045
2745.43781997	0.0233864257312
2745.75197924	0.0233858494688
2746.0661385	0.0233852884287
2746.38029777	0.0233847918333
2746.69445703	0.0233843663914
2747.0086163	0.0233839116536
2747.32277556	0.0233834522665
2747.63693483	0.0233831290818
2747.9510941	0.0233827273745
2748.26525336	0.0233821632915
2748.57941263	0.0233816865522
2748.89357189	0.0233811173607
2749.20773116	0.0233805907156
2749.52189042	0.0233801970593
2749.83604969	0.0233797835369
2750.15020895	0.0233793853101
2750.46436822	0.0233791272376
2750.77852748	0.0233788818457
2751.09268675	0.0233786474121
2751.40684601	0.0233785144592
2751.72100528	0.0233784653076
2752.03516454	0.0233784483096
2752.34932381	0.0233784498619
2752.66348308	0.0233784880266
2752.97764234	0.023378575709
2753.29180161	0.02337867901
2753.60596087	0.0233787964813
2753.92012014	0.0233789601672
2754.2342794	0.0233788956486
2754.54843867	0.0233785744561
2754.86259793	0.0233785547071
2755.1767572	0.0233785357623
2755.49091646	0.0233783921891
2755.80507573	0.0233783841455
2756.11923499	0.0233785349173
2756.43339426	0.0233786820829
2756.74755353	0.0233788497512
2757.06171279	0.0233791716929
2757.37587206	0.0233795920342
2757.69003132	0.0233798848605
2758.00419059	0.0233802092918
2758.31834985	0.0233807147444
2758.63250912	0.0233811386859
2758.94666838	0.0233813603874
2759.26082765	0.0233814818228
2759.57498691	0.0233816322032
2759.88914618	0.0233818192812
2760.20330544	0.023381945671
2760.51746471	0.0233820735493
2760.83162397	0.0233822537804
2761.14578324	0.023382444594
2761.45994251	0.0233826989421
2761.77410177	0.0233830567556
2762.08826104	0.0233833390458
2762.4024203	0.023383411182
2762.71657957	0.0233835484095
2763.03073883	0.0233836930537
2763.3448981	0.0233835605877
2763.65905736	0.0233835329952
2763.97321663	0.0233835812457
2764.28737589	0.0233834255223
2764.60153516	0.0233833005292
2764.91569442	0.0233833327654
2765.22985369	0.0233834113962
2765.54401296	0.0233834341678
2765.85817222	0.0233834094592
2766.17233149	0.023383408869
2766.48649075	0.0233833804787
2766.80065002	0.0233832964021
2767.11480928	0.0233832365241
2767.42896855	0.0233832275535
2767.74312781	0.0233832018966
2768.05728708	0.0233831149626
2768.37144634	0.0233830627845
2768.68560561	0.0233830978404
2768.99976487	0.0233828955698
2769.31392414	0.0233825582447
2769.6280834	0.0233823424673
2769.94224267	0.0233821870597
2770.25640194	0.0233818667784
2770.5705612	0.0233814544501
2770.88472047	0.0233812480396
2771.19887973	0.0233810539068
2771.513039	0.0233806704635
2771.82719826	0.0233803116161
2772.14135753	0.0233801549707
2772.45551679	0.0233800858537
2772.76967606	0.0233799867418
2773.08383532	0.0233798961823
2773.39799459	0.0233798620822
2773.71215385	0.0233798069989
2774.02631312	0.0233796753525
2774.34047239	0.0233794844769
2774.65463165	0.0233791660622
2774.96879092	0.0233787334663
2775.28295018	0.0233783155279
2775.59710945	0.0233779194537
2775.91126871	0.0233774868531
2776.22542798	0.0233770018111
2776.53958724	0.0233765643161
2776.85374651	0.0233762068265
2777.16790577	0.0233756860015
2777.48206504	0.0233750433852
2777.7962243	0.0233745436446
2778.11038357	0.0233739750171
2778.42454283	0.0233732279312
2778.7387021	0.0233725554593
2779.05286137	0.0233720798108
2779.36702063	0.0233716331976
2779.6811799	0.0233710726369
2779.99533916	0.0233704666497
2780.30949843	0.0233699680594
2780.62365769	0.0233694883715
2780.93781696	0.0233689069364
2781.25197622	0.0233683482056
2781.56613549	0.0233678491671
2781.88029475	0.0233673271559
2782.19445402	0.023366795984
2782.50861328	0.0233663430863
2782.82277255	0.0233659144245
2783.13693182	0.0233653598469
2783.45109108	0.0233647649444
2783.76525035	0.0233641847782
2784.07940961	0.0233635705879
2784.39356888	0.0233628998777
2784.70772814	0.0233622843125
2785.02188741	0.0233617306696
2785.33604667	0.0233612108373
2785.65020594	0.0233607184895
2785.9643652	0.023360313487
2786.27852447	0.0233600318385
2786.59268373	0.023359884013
2786.906843	0.0233598158627
2787.22100226	0.0233598047481
2787.53516153	0.0233598432887
2787.8493208	0.0233599063469
2788.16348006	0.0233598910064
2788.47763933	0.0233598128785
2788.79179859	0.0233597636343
2789.10595786	0.0233596384526
2789.42011712	0.0233593587917
2789.73427639	0.0233591466631
2790.04843565	0.0233590988665
2790.36259492	0.0233591237664
2790.67675418	0.02335908194
2790.99091345	0.02335897541
2791.30507271	0.0233589288719
2791.61923198	0.0233589910196
2791.93339125	0.023359095391
2792.24755051	0.0233591867572
2792.56170978	0.0233593337921
2792.87586904	0.0233595692955
2793.19002831	0.0233599057963
2793.50418757	0.0233603188727
2793.81834684	0.0233606339442
2794.1325061	0.0233607998857
2794.44666537	0.0233609414564
2794.76082463	0.0233609930033
2795.0749839	0.0233609686419
2795.38914316	0.0233610045874
2795.70330243	0.0233610986871
2796.0174617	0.0233611105711
2796.33162096	0.0233610885697
2796.64578023	0.0233611492743
2796.95993949	0.0233612393748
2797.27409876	0.023361247311
2797.58825802	0.0233611566896
2797.90241729	0.0233611720186
2798.21657655	0.0233611373785
2798.53073582	0.0233609146648
2798.84489508	0.0233608416291
2799.15905435	0.0233609193601
2799.47321361	0.0233608507686
2799.78737288	0.0233607769704
2800.10153214	0.0233608066097
2800.41569141	0.023360829915
2800.72985068	0.0233608335399
2801.04400994	0.0233609357306
2801.35816921	0.0233610738469
2801.67232847	0.0233611117142
2801.98648774	0.0233611579157
2802.300647	0.0233613259682
2802.61480627	0.0233615341713
2802.92896553	0.0233616891236
2803.2431248	0.0233618542648
2803.55728406	0.023362023363
2803.87144333	0.0233619140942
2804.18560259	0.0233616294293
2804.49976186	0.023361562871
2804.81392113	0.0233614998156
2805.12808039	0.0233613695669
2805.44223966	0.0233612720178
2805.75639892	0.0233612620055
2806.07055819	0.0233612866598
2806.38471745	0.0233613273093
2806.69887672	0.0233613973334
2807.01303598	0.0233614185438
2807.32719525	0.023361447291
2807.64135451	0.0233616175311
2807.95551378	0.0233617588481
2808.26967304	0.0233617274647
2808.58383231	0.0233615354628
2808.89799157	0.0233612490559
2809.21215084	0.0233610212235
2809.52631011	0.0233607683952
2809.84046937	0.0233604115681
2810.15462864	0.0233600854953
2810.4687879	0.0233598338236
2810.78294717	0.0233596239031
2811.09710643	0.023359470628
2811.4112657	0.0233592440493
2811.72542496	0.0233586472145
2812.03958423	0.0233580814842
2812.35374349	0.02335778402
2812.66790276	0.0233571021621
2812.98206202	0.0233562932655
2813.29622129	0.023355747781
2813.61038056	0.0233552284131
2813.92453982	0.0233544813171
2814.23869909	0.0233537803385
2814.55285835	0.0233532807256
2814.86701762	0.0233528080021
2815.18117688	0.0233522587259
2815.49533615	0.0233516994676
2815.80949541	0.0233511083817
2816.12365468	0.0233504700378
2816.43781394	0.0233499317855
2816.75197321	0.0233494935834
2817.06613247	0.0233489842536
2817.38029174	0.0233484557686
2817.694451	0.0233481114503
2818.00861027	0.0233478833062
2818.32276954	0.0233473411025
2818.6369288	0.0233466307982
2818.95108807	0.0233461805298
2819.26524733	0.0233457633802
2819.5794066	0.0233452659508
2819.89356586	0.0233447033287
2820.20772513	0.0233442571693
2820.52188439	0.0233439881781
2820.83604366	0.0233436401782
2821.15020292	0.0233432181837
2821.46436219	0.0233429772215
2821.77852145	0.0233429555494
2822.09268072	0.0233429910492
2822.40683999	0.0233430011005
2822.72099925	0.0233430354856
2823.03515852	0.0233431171027
2823.34931778	0.0233431135498
2823.66347705	0.0233430527201
2823.97763631	0.023342849636
2824.29179558	0.0233425498432
2824.60595484	0.0233423352591
2824.92011411	0.0233422070961
2825.23427337	0.0233420735481
2825.54843264	0.0233418799593
2825.8625919	0.0233417017559
2826.17675117	0.0233416258772
2826.49091043	0.0233415254486
2826.8050697	0.0233412268113
2827.11922897	0.0233409403062
2827.43338823	0.0233407949395
2827.7475475	0.0233405009184
2828.06170676	0.0233401634941
2828.37586603	0.0233400052101
2828.69002529	0.0233399529663
2829.00418456	0.0233398555365
2829.31834382	0.0233396800857
2829.63250309	0.0233395863477
2829.94666235	0.0233395409228
2830.26082162	0.0233394277363
2830.57498088	0.023339320658
2830.88914015	0.0233392776252
2831.20329942	0.0233392609286
2831.51745868	0.0233392249764
2831.83161795	0.0233392014313
2832.14577721	0.0233392028775
2832.45993648	0.0233391973434
2832.77409574	0.0233391381142
2833.08825501	0.0233390402164
2833.40241427	0.0233389639809
2833.71657354	0.0233388634218
2834.0307328	0.023338726846
2834.34489207	0.0233386457676
2834.65905133	0.023338645126
2834.9732106	0.0233386729897
2835.28736986	0.0233387620532
2835.60152913	0.0233389802263
2835.9156884	0.0233392825536
2836.22984766	0.0233396283846
2836.54400693	0.0233400542552
2836.85816619	0.0233405041217
2837.17232546	0.0233408858735
2837.48648472	0.0233412091253
2837.80064399	0.0233414098693
2838.11480325	0.0233415862204
2838.42896252	0.0233417891084
2838.74312178	0.0233418616649
2839.05728105	0.0233418235925
2839.37144031	0.0233418747329
2839.68559958	0.02334199988
2839.99975885	0.0233420442237
2840.31391811	0.0233420503041
2840.62807738	0.0233420498048
2840.94223664	0.0233421251693
2841.25639591	0.0233421934695
2841.57055517	0.0233422068961
2841.88471444	0.0233422907495
2842.1988737	0.0233423512879
2842.51303297	0.0233423209242
2842.82719223	0.0233424547956
2843.1413515	0.0233426451085
2843.45551076	0.0233426004625
2843.76967003	0.0233424793564
2844.08382929	0.0233423620433
2844.39798856	0.0233421292029
2844.71214783	0.0233417942442
2845.02630709	0.023341513622
2845.34046636	0.0233412981596
2845.65462562	0.0233410118812
2845.96878489	0.0233407061595
2846.28294415	0.0233404639432
2846.59710342	0.0233402292548
2846.91126268	0.0233398408132
2847.22542195	0.0233393361994
2847.53958121	0.023338882798
2847.85374048	0.0233383112779
2848.16789974	0.023337748524
2848.48205901	0.023337274085
2848.79621828	0.0233367600459
2849.11037754	0.0233362690096
2849.42453681	0.0233357808254
2849.73869607	0.02333525179
2850.05285534	0.023334821094
2850.3670146	0.0233344761945
2850.68117387	0.0233341142229
2850.99533313	0.0233337477719
2851.3094924	0.0233333871626
2851.62365166	0.0233330698616
2851.93781093	0.0233327981592
2852.25197019	0.0233325273827
2852.56612946	0.0233323104138
2852.88028873	0.0233321042635
2853.19444799	0.0233316205862
2853.50860726	0.0233310710098
2853.82276652	0.023330635019
2854.13692579	0.0233301039154
2854.45108505	0.0233295884419
2854.76524432	0.0233291575333
2855.07940358	0.023328763793
2855.39356285	0.0233283752558
2855.70772211	0.0233280124852
2856.02188138	0.0233277520226
2856.33604064	0.0233274504449
2856.65019991	0.0233271217842
2856.96435917	0.0233269559317
2857.27851844	0.0233269193098
2857.59267771	0.0233267734343
2857.90683697	0.0233265336709
2858.22099624	0.0233262955577
2858.5351555	0.0233259533944
2858.84931477	0.0233256105798
2859.16347403	0.0233253945666
2859.4776333	0.0233251001889
2859.79179256	0.0233247134134
2860.10595183	0.0233244234741
2860.42011109	0.0233243407673
2860.73427036	0.0233243143165
2861.04842962	0.0233240186702
2861.36258889	0.0233236824833
2861.67674816	0.023323600204
2861.99090742	0.0233233834934
2862.30506669	0.0233228665342
2862.61922595	0.0233224497638
2862.93338522	0.0233222728622
2863.24754448	0.0233219291513
2863.56170375	0.0233213758918
2863.87586301	0.0233210180666
2864.19002228	0.0233208563465
2864.50418154	0.0233206567071
2864.81834081	0.0233204385219
2865.13250007	0.0233202633943
2865.44665934	0.0233201591302
2865.7608186	0.0233200871621
2866.07497787	0.0233200734635
2866.38913714	0.0233200928174
2866.7032964	0.02331996609
2867.01745567	0.0233198390258
2867.33161493	0.0233198347212
2867.6457742	0.0233196641944
2867.95993346	0.0233192668343
2868.27409273	0.0233190871442
2868.58825199	0.0233189975255
2868.90241126	0.0233188261616
2869.21657052	0.0233185860623
2869.53072979	0.0233184202066
2869.84488905	0.0233184572322
2870.15904832	0.0233184569059
2870.47320759	0.02331834656
2870.78736685	0.023318358473
2871.10152612	0.0233186068789
2871.41568538	0.0233189608359
2871.72984465	0.0233192054116
2872.04400391	0.0233193593644
2872.35816318	0.0233195883703
2872.67232244	0.0233197700862
2872.98648171	0.0233198312215
2873.30064097	0.0233199876741
2873.61480024	0.0233201498688
2873.9289595	0.0233202009213
2874.24311877	0.023320271396
2874.55727803	0.0233203836747
2874.8714373	0.0233205416446
2875.18559657	0.0233206848131
2875.49975583	0.023320692992
2875.8139151	0.0233207284035
2876.12807436	0.0233207882907
2876.44223363	0.0233207295319
2876.75639289	0.0233207175206
2877.07055216	0.0233207759159
2877.38471142	0.0233207961634
2877.69887069	0.0233207852422
2878.01302995	0.0233208532853
2878.32718922	0.0233210383381
2878.64134848	0.0233212600543
2878.95550775	0.0233213858016
2879.26966702	0.0233213992277
2879.58382628	0.0233214022308
2879.89798555	0.0233213911579
2880.21214481	0.0233213244708
2880.52630408	0.023321213499
2880.84046334	0.023321125262
2881.15462261	0.0233210882125
2881.46878187	0.0233210825612
2881.78294114	0.0233210941043
2882.0971004	0.0233209894029
2882.41125967	0.0233206329136
2882.72541893	0.0233202664378
2883.0395782	0.0233199174815
2883.35373746	0.0233194916952
2883.66789673	0.023319021282
2883.982056	0.0233187258519
2884.29621526	0.0233185343447
2884.61037453	0.0233181969033
2884.92453379	0.0233178368749
2885.23869306	0.0233177176093
2885.55285232	0.0233177144806
2885.86701159	0.023317679275
2886.18117085	0.0233175883388
2886.49533012	0.0233175025401
2886.80948938	0.0233173938027
2887.12364865	0.0233171468371
2887.43780791	0.0233168011808
2887.75196718	0.0233164643252
2888.06612645	0.0233161523889
2888.38028571	0.023315743257
2888.69444498	0.0233152276868
2889.00860424	0.0233148543704
2889.32276351	0.0233145839329
2889.63692277	0.0233142285293
2889.95108204	0.0233138272854
2890.2652413	0.0233134887756
2890.57940057	0.0233131066834
2890.89355983	0.0233128456341
2891.2077191	0.0233126182333
2891.52187836	0.0233121591606
2891.83603763	0.0233117270008
2892.15019689	0.023311519965
2892.46435616	0.0233114055593
2892.77851543	0.0233111252111
2893.09267469	0.0233105833687
2893.40683396	0.0233101995752
2893.72099322	0.0233097442539
2894.03515249	0.0233091626948
2894.34931175	0.0233086702002
2894.66347102	0.023308313799
2894.97763028	0.0233080135146
2895.29178955	0.0233076546705
2895.60594881	0.0233073702274
2895.92010808	0.0233072802257
2896.23426734	0.0233070783082
2896.54842661	0.0233064849515
2896.86258588	0.0233058761595
2897.17674514	0.0233053990597
2897.49090441	0.023304850824
2897.80506367	0.0233042932396
2898.11922294	0.0233038097871
2898.4333822	0.0233033595317
2898.74754147	0.0233028566883
2899.06170073	0.0233024356256
2899.37586	0.023302218447
2899.69001926	0.0233020442366
2900.00417853	0.0233018514531
2900.31833779	0.0233017084061
2900.63249706	0.023301611112
2900.94665632	0.0233015477054
2901.26081559	0.0233015252151
2901.57497486	0.0233015720849
2901.88913412	0.0233017232383
2902.20329339	0.0233018063983
2902.51745265	0.0233015833943
2902.83161192	0.0233013481081
2903.14577118	0.0233012564061
2903.45993045	0.0233009847613
2903.77408971	0.0233006241685
2904.08824898	0.0233004504048
2904.40240824	0.0233003490604
2904.71656751	0.0233001374125
2905.03072677	0.0233000020615
2905.34488604	0.0233000016958
2905.65904531	0.0232999368973
2905.97320457	0.0232998549901
2906.28736384	0.0232999741854
2906.6015231	0.023300263329
2906.91568237	0.0233004673728
2907.22984163	0.0233005177896
2907.5440009	0.023300600653
2907.85816016	0.0233006232453
2908.17231943	0.0233005041586
2908.48647869	0.0233005296295
2908.80063796	0.0233005730896
2909.11479722	0.0233004610067
2909.42895649	0.0233003775442
2909.74311575	0.0233004197226
2910.05727502	0.023300419012
2910.37143429	0.0233005156483
2910.68559355	0.0233006156948
2910.99975282	0.0233005721148
2911.31391208	0.0233005686484
2911.62807135	0.0233004843181
2911.94223061	0.023300365674
2912.25638988	0.0233005082696
2912.57054914	0.0233004656726
2912.88470841	0.0233002077949
2913.19886767	0.0233001951089
2913.51302694	0.0233003670326
2913.8271862	0.0233004158291
2914.14134547	0.0233004356045
2914.45550474	0.023300475739
2914.769664	0.0233005873619
2915.08382327	0.0233008094312
2915.39798253	0.0233010358748
2915.7121418	0.0233011579076
2916.02630106	0.0233012378708
2916.34046033	0.0233014053291
2916.65461959	0.0233015936227
2916.96877886	0.0233015285355
2917.28293812	0.0233012552655
2917.59709739	0.0233011648846
2917.91125665	0.0233011421627
2918.22541592	0.0233010619899
2918.53957519	0.0233008838833
2918.85373445	0.0233006491006
2919.16789372	0.0233006452193
2919.48205298	0.0233007340949
2919.79621225	0.0233005612177
2920.11037151	0.0233004070776
2920.42453078	0.0233005857726
2920.73869004	0.0233008362178
2921.05284931	0.0233008845447
2921.36700857	0.0233008819543
2921.68116784	0.0233010548216
2921.9953271	0.0233011339587
2922.30948637	0.0233009289316
2922.62364563	0.0233007499641
2922.9378049	0.0233006658446
2923.25196417	0.0233003951331
2923.56612343	0.0232999950658
2923.8802827	0.0232996893411
2924.19444196	0.0232993859161
2924.50860123	0.0232990414959
2924.82276049	0.0232988292277
2925.13691976	0.0232984539042
2925.45107902	0.023297875049
2925.76523829	0.0232974070937
2926.07939755	0.0232971985575
2926.39355682	0.023296946377
2926.70771608	0.0232963903953
2927.02187535	0.0232959422667
2927.33603462	0.0232957899695
2927.65019388	0.023295548018
2927.96435315	0.0232951560535
2928.27851241	0.0232946629959
2928.59267168	0.0232941458523
2928.90683094	0.0232936859937
2929.22099021	0.0232931412327
2929.53514947	0.0232925675496
2929.84930874	0.0232921034936
2930.163468	0.0232916637187
2930.47762727	0.0232912307978
2930.79178653	0.0232910590186
2931.1059458	0.0232909619839
2931.42010506	0.0232904075201
2931.73426433	0.0232896595876
2932.0484236	0.0232891770127
2932.36258286	0.0232886246486
2932.67674213	0.0232879447628
2932.99090139	0.0232873080607
2933.30506066	0.023286936251
2933.61921992	0.0232865120126
2933.93337919	0.0232859282919
2934.24753845	0.0232855389524
2934.56169772	0.023285431521
2934.87585698	0.0232853514856
2935.19001625	0.0232852007033
2935.50417551	0.0232851531167
2935.81833478	0.0232851557092
2936.13249405	0.0232850336907
2936.44665331	0.0232847519178
2936.76081258	0.0232844677176
2937.07497184	0.0232842505721
2937.38913111	0.0232838843331
2937.70329037	0.0232834658201
2938.01744964	0.0232831884395
2938.3316089	0.0232830498388
2938.64576817	0.0232829533564
2938.95992743	0.0232826567245
2939.2740867	0.0232824066803
2939.58824596	0.0232823409739
2939.90240523	0.0232821787821
2940.21656449	0.0232820403543
2940.53072376	0.0232819209425
2940.84488303	0.0232817669123
2941.15904229	0.0232817361202
2941.47320156	0.0232818699412
2941.78736082	0.0232819698272
2942.10152009	0.0232818431438
2942.41567935	0.0232816250925
2942.72983862	0.0232815136537
2943.04399788	0.0232813179737
2943.35815715	0.0232811500152
2943.67231641	0.0232810948105
2943.98647568	0.0232810723623
2944.30063494	0.0232810642054
2944.61479421	0.0232811776791
2944.92895348	0.0232815610717
2945.24311274	0.0232819132251
2945.55727201	0.023282024274
2945.87143127	0.0232818939251
2946.18559054	0.0232818662378
2946.4997498	0.0232818685801
2946.81390907	0.0232816677732
2947.12806833	0.0232814818976
2947.4422276	0.0232814544535
2947.75638686	0.0232813375413
2948.07054613	0.0232811639036
2948.38470539	0.0232811753756
2948.69886466	0.023281325545
2949.01302392	0.023281427098
2949.32718319	0.0232815210014
2949.64134246	0.0232817506782
2949.95550172	0.0232820350965
2950.26966099	0.0232822888229
2950.58382025	0.0232825425155
2950.89797952	0.0232828679618
2951.21213878	0.0232832347123
2951.52629805	0.0232834965398
2951.84045731	0.023283335899
2952.15461658	0.0232831623148
2952.46877584	0.0232832414607
2952.78293511	0.0232831522712
2953.09709437	0.0232829023816
2953.41125364	0.0232827052782
2953.72541291	0.0232825509379
2954.03957217	0.0232824400568
2954.35373144	0.023282438417
2954.6678907	0.0232823162803
2954.98204997	0.023282103822
2955.29620923	0.0232821474095
2955.6103685	0.0232824227963
2955.92452776	0.0232825953397
2956.23868703	0.0232826466911
2956.55284629	0.0232826584427
2956.86700556	0.0232826633582
2957.18116482	0.0232825548488
2957.49532409	0.0232824332347
2957.80948335	0.0232823206741
2958.12364262	0.0232820537172
2958.43780189	0.023281823746
2958.75196115	0.0232817440293
2959.06612042	0.0232816145364
2959.38027968	0.0232814381546
2959.69443895	0.0232812840052
2960.00859821	0.0232810246742
2960.32275748	0.0232808355533
2960.63691674	0.0232806503821
2960.95107601	0.0232802919969
2961.26523527	0.0232800919832
2961.57939454	0.0232800056696
2961.8935538	0.0232797481157
2962.20771307	0.0232794829732
2962.52187234	0.0232793582641
2962.8360316	0.0232791918548
2963.15019087	0.0232789500271
2963.46435013	0.0232786739781
2963.7785094	0.0232784433012
2964.09266866	0.0232783089519
2964.40682793	0.023278133528
2964.72098719	0.0232779517874
2965.03514646	0.0232778156514
2965.34930572	0.02327770856
2965.66346499	0.0232775313066
2965.97762425	0.0232770790463
2966.29178352	0.0232764194752
2966.60594278	0.0232759990663
2966.92010205	0.0232755958191
2967.23426132	0.0232750202362
2967.54842058	0.0232743832452
2967.86257985	0.0232737896445
2968.17673911	0.023273384524
2968.49089838	0.0232730119254
2968.80505764	0.0232724529678
2969.11921691	0.0232719636983
2969.43337617	0.0232717617541
2969.74753544	0.0232716755305
2970.0616947	0.0232714650061
2970.37585397	0.0232710842081
2970.69001323	0.0232707245649
2971.0041725	0.0232703900515
2971.31833177	0.023269909712
2971.63249103	0.0232694608511
2971.9466503	0.0232689948857
2972.26080956	0.023268515181
2972.57496883	0.0232681039938
2972.88912809	0.0232676306071
2973.20328736	0.0232671093312
2973.51744662	0.0232666275792
2973.83160589	0.0232662219009
2974.14576515	0.0232658381379
2974.45992442	0.0232654172707
2974.77408368	0.0232649540675
2975.08824295	0.0232646925546
2975.40240222	0.0232645490465
2975.71656148	0.0232642039551
2976.03072075	0.0232639264061
2976.34488001	0.0232639609832
2976.65903928	0.0232640570507
2976.97319854	0.0232638796013
2977.28735781	0.0232637222991
2977.60151707	0.0232636841875
2977.91567634	0.0232635927856
2978.2298356	0.023263491338
2978.54399487	0.0232634478285
2978.85815413	0.0232634396173
2979.1723134	0.0232634634458
2979.48647266	0.0232634925487
2979.80063193	0.023263604656
2980.1147912	0.0232638375733
2980.42895046	0.0232638989254
2980.74310973	0.0232638171378
2981.05726899	0.0232638890351
2981.37142826	0.0232638661319
2981.68558752	0.0232637603591
2981.99974679	0.0232637589735
2982.31390605	0.0232636974278
2982.62806532	0.0232635707776
2982.94222458	0.023263556319
2983.25638385	0.0232636447439
2983.57054311	0.0232637525168
2983.88470238	0.0232638759254
2984.19886165	0.0232640342133
2984.51302091	0.0232642208223
2984.82718018	0.0232643671452
2985.14133944	0.0232644618265
2985.45549871	0.0232646046887
2985.76965797	0.0232646872257
2986.08381724	0.0232646212886
2986.3979765	0.0232645935881
2986.71213577	0.023264638947
2987.02629503	0.0232645248463
2987.3404543	0.0232643159819
2987.65461356	0.0232641903969
2987.96877283	0.0232641565419
2988.28293209	0.0232640320437
2988.59709136	0.0232637898026
2988.91125063	0.0232635888161
2989.22540989	0.0232634856952
2989.53956916	0.0232633560669
2989.85372842	0.0232631346181
2990.16788769	0.0232629698265
2990.48204695	0.0232629612617
2990.79620622	0.0232630444273
2991.11036548	0.0232631095703
2991.42452475	0.0232630878376
2991.73868401	0.0232630511468
2992.05284328	0.0232629684741
2992.36700254	0.0232627826338
2992.68116181	0.0232626529244
2992.99532108	0.0232625353903
2993.30948034	0.0232623832892
2993.62363961	0.0232623626924
2993.93779887	0.0232624355636
2994.25195814	0.0232625182063
2994.5661174	0.0232626782394
2994.88027667	0.023262796898
2995.19443593	0.0232626396309
2995.5085952	0.0232625247494
2995.82275446	0.0232624770978
2996.13691373	0.0232622939571
2996.45107299	0.0232621081862
2996.76523226	0.0232619697407
2997.07939152	0.0232618247581
2997.39355079	0.023261703004
2997.70771006	0.0232616276567
2998.02186932	0.0232615752193
2998.33602859	0.0232615218049
2998.65018785	0.0232614801169
2998.96434712	0.0232615163321
2999.27850638	0.0232616097368
2999.59266565	0.023261694869
2999.90682491	0.0232618048591
3000.22098418	0.0232618975288
3000.53514344	0.023261861879
3000.84930271	0.023261731573
3001.16346197	0.0232614785736
3001.47762124	0.0232610884818
3001.79178051	0.0232607255658
3002.10593977	0.0232603294695
3002.42009904	0.023259836395
3002.7342583	0.0232593218193
3003.04841757	0.0232588782114
3003.36257683	0.0232584379981
3003.6767361	0.0232579408628
3003.99089536	0.0232574072599
3004.30505463	0.0232569543875
3004.61921389	0.0232566317129
3004.93337316	0.0232563358182
3005.24753242	0.0232559515524
3005.56169169	0.0232555030914
3005.87585095	0.0232550656213
3006.19001022	0.0232545731773
3006.50416949	0.0232540078679
3006.81832875	0.0232535292326
3007.13248802	0.0232531390397
3007.44664728	0.0232526190714
3007.76080655	0.0232519466242
3008.07496581	0.0232513986096
3008.38912508	0.0232509968011
3008.70328434	0.0232504551847
3009.01744361	0.0232499122028
3009.33160287	0.0232494909705
3009.64576214	0.0232491147515
3009.9599214	0.0232487416314
3010.27408067	0.0232483902699
3010.58823994	0.0232481607127
3010.9023992	0.0232479665321
3011.21655847	0.0232477507831
3011.53071773	0.0232477069081
3011.844877	0.0232477405039
3012.15903626	0.0232475492988
3012.47319553	0.0232474163772
3012.78735479	0.0232473310455
3013.10151406	0.0232471335648
3013.41567332	0.0232470307948
3013.72983259	0.0232471177259
3014.04399185	0.0232472019828
3014.35815112	0.0232472692377
3014.67231038	0.0232474245096
3014.98646965	0.0232476088156
3015.30062892	0.0232474993591
3015.61478818	0.0232472005908
3015.92894745	0.0232471203769
3016.24310671	0.0232469978734
3016.55726598	0.0232467792207
3016.87142524	0.0232465872429
3017.18558451	0.0232464318667
3017.49974377	0.0232463964243
3017.81390304	0.0232463366683
3018.1280623	0.0232461632165
3018.44222157	0.0232460715841
3018.75638083	0.0232461553357
3019.0705401	0.0232463020257
3019.38469937	0.0232464107571
3019.69885863	0.02324649161
3020.0130179	0.023246585494
3020.32717716	0.0232466094358
3020.64133643	0.0232465072505
3020.95549569	0.0232463840522
3021.26965496	0.0232461841442
3021.58381422	0.0232458675477
3021.89797349	0.0232455697884
3022.21213275	0.0232452861139
3022.52629202	0.02324497384
3022.84045128	0.0232447200255
3023.15461055	0.0232445750836
3023.46876981	0.0232444053993
3023.78292908	0.0232442568565
3024.09708835	0.0232441785943
3024.41124761	0.0232441224403
3024.72540688	0.0232441204705
3025.03956614	0.0232440916298
3025.35372541	0.0232440775225
3025.66788467	0.0232441869318
3025.98204394	0.0232443153231
3026.2962032	0.0232443145541
3026.61036247	0.023244290301
3026.92452173	0.0232443204668
3027.238681	0.0232443169429
3027.55284026	0.0232443266291
3027.86699953	0.0232444308995
3028.1811588	0.0232445910848
3028.49531806	0.0232447569666
3028.80947733	0.0232448984153
3029.12363659	0.0232451172288
3029.43779586	0.0232454375827
3029.75195512	0.0232455812877
3030.06611439	0.0232455320696
3030.38027365	0.0232456747479
3030.69443292	0.023245791477
3031.00859218	0.0232456910024
3031.32275145	0.0232456684871
3031.63691071	0.0232457167988
3031.95106998	0.0232455969949
3032.26522924	0.0232454225912
3032.57938851	0.0232453679738
3032.89354778	0.0232454071504
3033.20770704	0.0232454027525
3033.52186631	0.0232453445592
3033.83602557	0.023245312508
3034.15018484	0.023245309545
3034.4643441	0.0232452756636
3034.77850337	0.0232452098821
3035.09266263	0.0232451619187
3035.4068219	0.0232450431853
3035.72098116	0.0232447812982
3036.03514043	0.0232445955246
3036.34929969	0.023244381514
3036.66345896	0.0232438622921
3036.97761823	0.0232433864103
3037.29177749	0.0232430893092
3037.60593676	0.0232426549555
3037.92009602	0.0232420881578
3038.23425529	0.0232415841034
3038.54841455	0.0232411988761
3038.86257382	0.0232407836086
3039.17673308	0.0232402768134
3039.49089235	0.0232398504569
3039.80505161	0.0232396001674
3040.11921088	0.0232394005145
3040.43337014	0.0232391858595
3040.74752941	0.0232389976302
3041.06168868	0.0232387851572
3041.37584794	0.0232384804758
3041.69000721	0.0232381642706
3042.00416647	0.0232377615016
3042.31832574	0.0232374045307
3042.632485	0.0232371037877
3042.94664427	0.0232367304092
3043.26080353	0.0232363717928
3043.5749628	0.0232361662865
3043.88912206	0.0232360909014
3044.20328133	0.0232359112387
3044.51744059	0.0232355090716
3044.83159986	0.0232351489207
3045.14575912	0.0232349021307
3045.45991839	0.0232346085942
3045.77407766	0.0232342648531
3046.08823692	0.0232339202684
3046.40239619	0.0232336178185
3046.71655545	0.023233378496
3047.03071472	0.0232331620076
3047.34487398	0.0232329607335
3047.65903325	0.0232327980206
3047.97319251	0.0232326487785
3048.28735178	0.0232325379856
3048.60151104	0.0232324362537
3048.91567031	0.0232322927705
3049.22982957	0.0232322050703
3049.54398884	0.0232321589035
3049.85814811	0.0232320104285
3050.17230737	0.0232317849124
3050.48646664	0.0232315800559
3050.8006259	0.0232312564462
3051.11478517	0.0232308339472
3051.42894443	0.023230441539
3051.7431037	0.023230035984
3052.05726296	0.0232296262745
3052.37142223	0.0232292459846
3052.68558149	0.0232288576989
3052.99974076	0.0232285350442
3053.31390002	0.0232282759682
3053.62805929	0.023227973979
3053.94221855	0.0232277726472
3054.25637782	0.0232277947488
3054.57053709	0.0232278646381
3054.88469635	0.0232278262546
3055.19885562	0.0232277296572
3055.51301488	0.0232276281855
3055.82717415	0.0232274291343
3056.14133341	0.0232271957721
3056.45549268	0.0232269461681
3056.76965194	0.0232266991554
3057.08381121	0.0232265441105
3057.39797047	0.0232264164528
3057.71212974	0.0232262423542
3058.026289	0.0232261085246
3058.34044827	0.0232260373151
3058.65460754	0.0232259510471
3058.9687668	0.0232259410007
3059.28292607	0.023225976448
3059.59708533	0.0232259502644
3059.9112446	0.0232259816294
3060.22540386	0.0232261145332
3060.53956313	0.0232261630593
3060.85372239	0.0232261714022
3061.16788166	0.0232262953351
3061.48204092	0.0232264757801
3061.79620019	0.0232265996278
3062.11035945	0.0232267157215
3062.42451872	0.0232268697615
3062.73867798	0.0232270555596
3063.05283725	0.0232272441034
3063.36699652	0.023227473071
3063.68115578	0.0232277605219
3063.99531505	0.0232280231054
3064.30947431	0.0232282146271
3064.62363358	0.0232284126837
3064.93779284	0.0232284863891
3065.25195211	0.0232283257201
3065.56611137	0.0232283147913
3065.88027064	0.0232283141424
3066.1944299	0.0232281925608
3066.50858917	0.0232280205773
3066.82274843	0.0232280679336
3067.1369077	0.0232281594875
3067.45106697	0.0232279981097
3067.76522623	0.0232278274763
3068.0793855	0.0232279065534
3068.39354476	0.0232280787092
3068.70770403	0.0232281256566
3069.02186329	0.023228145838
3069.33602256	0.0232282397732
3069.65018182	0.0232283229691
3069.96434109	0.0232283235199
3070.27850035	0.0232282656459
3070.59265962	0.0232281501479
3070.90681888	0.0232278922012
3071.22097815	0.023227444161
3071.53513741	0.0232269816199
3071.84929668	0.0232266641784
3072.16345595	0.023226337967
3072.47761521	0.0232260322815
3072.79177448	0.0232258258979
3073.10593374	0.0232256458793
3073.42009301	0.023225347979
3073.73425227	0.0232249750706
3074.04841154	0.0232247674483
3074.3625708	0.0232245516054
3074.67673007	0.0232241172729
3074.99088933	0.023223755886
3075.3050486	0.0232235838268
3075.61920786	0.0232234391688
3075.93336713	0.0232231994426
3076.2475264	0.023222876721
3076.56168566	0.0232225532445
3076.87584493	0.0232222880058
3077.19000419	0.0232220762453
3077.50416346	0.0232218821446
3077.81832272	0.0232216702549
3078.13248199	0.023221506129
3078.44664125	0.0232214300102
3078.76080052	0.0232213397
3079.07495978	0.023221227509
3079.38911905	0.0232211092107
3079.70327831	0.023220822193
3080.01743758	0.0232204639731
3080.33159684	0.0232201925226
3080.64575611	0.0232198585935
3080.95991538	0.0232195011665
3081.27407464	0.0232191734891
3081.58823391	0.0232188055921
3081.90239317	0.0232184085554
3082.21655244	0.0232180976052
3082.5307117	0.0232178744647
3082.84487097	0.0232176595123
3083.15903023	0.0232174708415
3083.4731895	0.0232173308413
3083.78734876	0.0232172312616
3084.10150803	0.0232171104456
3084.41566729	0.0232168786612
3084.72982656	0.0232166994165
3085.04398583	0.0232165156548
3085.35814509	0.0232162188681
3085.67230436	0.0232157686791
3085.98646362	0.023215320352
3086.30062289	0.0232149552401
3086.61478215	0.023214591013
3086.92894142	0.0232140714152
3087.24310068	0.023213525014
3087.55725995	0.0232130926997
3087.87141921	0.0232126636213
3088.18557848	0.0232122490635
3088.49973774	0.02321193126
3088.81389701	0.0232116046304
3089.12805627	0.0232113208698
3089.44221554	0.023211265118
3089.75637481	0.023211350271
3090.07053407	0.0232113903419
3090.38469334	0.0232113043906
3090.6988526	0.0232110959018
3091.01301187	0.023210869541
3091.32717113	0.0232105901704
3091.6413304	0.0232103266654
3091.95548966	0.0232101640807
3092.26964893	0.0232101026034
3092.58380819	0.0232099928095
3092.89796746	0.0232099481977
3093.21212672	0.0232101136655
3093.52628599	0.0232101532999
3093.84044526	0.0232099218061
3094.15460452	0.0232097945035
3094.46876379	0.0232096892449
3094.78292305	0.0232095327402
3095.09708232	0.0232094149502
3095.41124158	0.0232093503215
3095.72540085	0.0232093240883
3096.03956011	0.0232092589411
3096.35371938	0.0232092128238
3096.66787864	0.0232093377031
3096.98203791	0.0232095854079
3097.29619717	0.0232097860792
3097.61035644	0.0232099665501
3097.92451571	0.0232102233463
3098.23867497	0.0232104744278
3098.55283424	0.0232106268817
3098.8669935	0.0232107394653
3099.18115277	0.0232108425427
3099.49531203	0.0232108734298
3099.8094713	0.0232107189448
3100.12363056	0.0232105855597
3100.43778983	0.0232105794324
3100.75194909	0.0232104693935
3101.06610836	0.0232102272402
3101.38026762	0.0232100952795
3101.69442689	0.0232100890681
3102.00858615	0.0232099762696
3102.32274542	0.02320986471
3102.63690469	0.0232099225845
3102.95106395	0.0232099802418
3103.26522322	0.0232099195071
3103.57938248	0.02320997581
3103.89354175	0.0232102627221
3104.20770101	0.0232105017017
3104.52186028	0.0232105664628
3104.83601954	0.0232104836354
3105.15017881	0.0232103723786
3105.46433807	0.0232103132547
3105.77849734	0.0232101493475
3106.0926566	0.0232099191544
3106.40681587	0.0232098256587
3106.72097514	0.0232098214796
3107.0351344	0.0232097575889
3107.34929367	0.023209681975
3107.66345293	0.0232096950493
3107.9776122	0.0232096760137
3108.29177146	0.0232095310764
3108.60593073	0.0232094042836
3108.92008999	0.023209319136
3109.23424926	0.0232091179487
3109.54840852	0.0232090091364
3109.86256779	0.0232089164451
3110.17672705	0.0232086849177
3110.49088632	0.023208460383
3110.80504558	0.0232083458885
3111.11920485	0.0232082677751
3111.43336412	0.0232081200953
3111.74752338	0.023207946639
3112.06168265	0.0232078018085
3112.37584191	0.0232076072711
3112.69000118	0.0232074281333
3113.00416044	0.0232073088954
3113.31831971	0.0232071907335
3113.63247897	0.0232070925366
3113.94663824	0.0232070026945
3114.2607975	0.0232067690695
3114.57495677	0.0232064639844
3114.88911603	0.0232061726786
3115.2032753	0.0232058045435
3115.51743457	0.0232053245581
3115.83159383	0.0232048979326
3116.1457531	0.0232045826217
3116.45991236	0.0232041565518
3116.77407163	0.023203718923
3117.08823089	0.0232033562127
3117.40239016	0.023202966838
3117.71654942	0.0232026480225
3118.03070869	0.023202485365
3118.34486795	0.0232023932749
3118.65902722	0.0232022963652
3118.97318648	0.0232021926351
3119.28734575	0.0232020760833
3119.60150501	0.023201965487
3119.91566428	0.0232017640425
3120.22982355	0.0232013746519
3120.54398281	0.0232008855922
3120.85814208	0.0232005142019
3121.17230134	0.0232001805446
3121.48646061	0.023199747331
3121.80061987	0.0231994147779
3122.11477914	0.0231992727065
3122.4289384	0.0231990960674
3122.74309767	0.0231988769864
3123.05725693	0.0231984833707
3123.3714162	0.0231980491757
3123.68557546	0.0231979201536
3123.99973473	0.0231974899669
3124.313894	0.0231969692889
3124.62805326	0.0231967258537
3124.94221253	0.0231965434484
3125.25637179	0.0231962588851
3125.57053106	0.0231959996958
3125.88469032	0.0231958408959
3126.19884959	0.0231956627558
3126.51300885	0.0231954470089
3126.82716812	0.0231953224284
3127.14132738	0.0231953080823
3127.45548665	0.0231952706198
3127.76964591	0.0231951734132
3128.08380518	0.0231951367913
3128.39796444	0.0231951758777
3128.71212371	0.0231950989614
3129.02628298	0.0231948956522
3129.34044224	0.023194633242
3129.65460151	0.023194392898
3129.96876077	0.0231940632529
3130.28292004	0.0231937284403
3130.5970793	0.0231935169176
3130.91123857	0.0231932917814
3131.22539783	0.0231930250554
3131.5395571	0.023192811162
3131.85371636	0.0231926703438
3132.16787563	0.0231926455437
3132.48203489	0.0231926983513
3132.79619416	0.0231927750294
3133.11035343	0.0231929467469
3133.42451269	0.0231931468976
3133.73867196	0.0231932647926
3134.05283122	0.0231933786534
3134.36699049	0.023193546868
3134.68114975	0.023193505546
3134.99530902	0.0231931304593
3135.30946828	0.0231929728801
3135.62362755	0.0231929670553
3135.93778681	0.0231928621178
3136.25194608	0.0231926741892
3136.56610534	0.0231924927585
3136.88026461	0.0231924665216
3137.19442387	0.0231924590726
3137.50858314	0.0231923317896
3137.82274241	0.0231922850206
3138.13690167	0.0231924038376
3138.45106094	0.023192449868
3138.7652202	0.0231925215984
3139.07937947	0.0231928337101
3139.39353873	0.0231931728735
3139.707698	0.0231934166079
3140.02185726	0.0231935493966
3140.33601653	0.0231935217855
3140.65017579	0.0231934583494
3140.96433506	0.0231933202049
3141.27849432	0.0231931584007
3141.59265359	0.023193083131
3141.90681286	0.0231930346045
3142.22097212	0.0231929818271
3142.53513139	0.0231929295822
3142.84929065	0.0231930090038
3143.16344992	0.0231931695754
3143.47760918	0.0231931126471
3143.79176845	0.0231928812559
3144.10592771	0.0231925853824
3144.42008698	0.0231923648146
3144.73424624	0.0231922072128
3145.04840551	0.0231920466389
3145.36256477	0.0231918775567
3145.67672404	0.0231917150618
3145.9908833	0.0231916523536
3146.30504257	0.0231916487396
3146.61920184	0.0231916493233
3146.9333611	0.0231916109347
3147.24752037	0.0231915881109
3147.56167963	0.0231916003618
3147.8758389	0.0231915625237
3148.18999816	0.0231915331548
3148.50415743	0.0231915616276
3148.81831669	0.0231916049157
3149.13247596	0.0231915964884
3149.44663522	0.0231912823826
3149.76079449	0.0231908742666
3150.07495375	0.0231906467782
3150.38911302	0.0231902975098
3150.70327229	0.0231899470949
3151.01743155	0.0231896666528
3151.33159082	0.0231894589943
3151.64575008	0.0231892703276
3151.95990935	0.0231890577229
3152.27406861	0.0231889596382
3152.58822788	0.0231889065729
3152.90238714	0.0231887230597
3153.21654641	0.02318864789
3153.53070567	0.0231887343914
3153.84486494	0.02318876458
3154.1590242	0.0231886054818
3154.47318347	0.0231883164423
3154.78734273	0.0231880358067
3155.101502	0.023187715727
3155.41566127	0.0231873673895
3155.72982053	0.0231870472777
3156.0439798	0.0231867466889
3156.35813906	0.0231864599447
3156.67229833	0.0231862306863
3156.98645759	0.0231860506324
3157.30061686	0.0231858941444
3157.61477612	0.0231856708139
3157.92893539	0.0231853908093
3158.24309465	0.0231851474718
3158.55725392	0.0231848425991
3158.87141318	0.0231844444652
3159.18557245	0.0231841246467
3159.49973172	0.0231837866045
3159.81389098	0.0231833404573
3160.12805025	0.0231829015873
3160.44220951	0.0231825335144
3160.75636878	0.0231821888744
3161.07052804	0.0231817931545
3161.38468731	0.0231813843903
3161.69884657	0.0231810099385
3162.01300584	0.0231806457789
3162.3271651	0.0231802956207
3162.64132437	0.0231800072527
3162.95548363	0.0231797648047
3163.2696429	0.0231795551404
3163.58380217	0.023179465875
3163.89796143	0.0231794150965
3164.2121207	0.0231790870178
3164.52627996	0.0231785903498
3164.84043923	0.0231783059457
3165.15459849	0.0231778953442
3165.46875776	0.0231774320588
3165.78291702	0.0231770620483
3166.09707629	0.0231766754963
3166.41123555	0.0231763847421
3166.72539482	0.0231760918476
3167.03955408	0.0231757602401
3167.35371335	0.0231756020331
3167.66787261	0.0231756660783
3167.98203188	0.023175816921
3168.29619115	0.02317596716
3168.61035041	0.0231761822527
3168.92450968	0.0231764475449
3169.23866894	0.0231765640984
3169.55282821	0.0231765086476
3169.86698747	0.0231764797028
3170.18114674	0.0231763680837
3170.495306	0.0231762452159
3170.80946527	0.023176229309
3171.12362453	0.0231763118665
3171.4377838	0.0231764852043
3171.75194306	0.0231767151307
3172.06610233	0.023176887397
3172.3802616	0.0231768282195
3172.69442086	0.0231767652967
3173.00858013	0.0231769126887
3173.32273939	0.0231768577688
3173.63689866	0.023176763584
3173.95105792	0.0231768006401
3174.26521719	0.0231768826902
3174.57937645	0.0231769051724
3174.89353572	0.0231768887668
3175.20769498	0.023176962641
3175.52185425	0.0231770209849
3175.83601351	0.0231769982612
3176.15017278	0.0231770294275
3176.46433204	0.0231771694899
3176.77849131	0.0231773417007
3177.09265058	0.0231774472229
3177.40680984	0.0231774555711
3177.72096911	0.0231773744297
3178.03512837	0.0231772804137
3178.34928764	0.0231770537247
3178.6634469	0.0231768131453
3178.97760617	0.0231766146417
3179.29176543	0.023176297106
3179.6059247	0.0231759698133
3179.92008396	0.0231757240891
3180.23424323	0.0231754339964
3180.54840249	0.0231751697185
3180.86256176	0.0231749743679
3181.17672103	0.0231747617138
3181.49088029	0.0231745637696
3181.80503956	0.0231745290552
3182.11919882	0.0231746174494
3182.43335809	0.0231746689585
3182.74751735	0.0231747369358
3183.06167662	0.0231748546579
3183.37583588	0.0231748998323
3183.68999515	0.0231748919278
3184.00415441	0.0231749124493
3184.31831368	0.0231747935384
3184.63247294	0.0231744652881
3184.94663221	0.0231742544404
3185.26079147	0.023174209808
3185.57495074	0.0231741048094
3185.88911001	0.0231739510813
3186.20326927	0.0231738759764
3186.51742854	0.0231738290883
3186.8315878	0.0231737371609
3187.14574707	0.0231737338829
3187.45990633	0.0231737765115
3187.7740656	0.0231737735315
3188.08822486	0.0231737819819
3188.40238413	0.0231738956944
3188.71654339	0.0231740814961
3189.03070266	0.0231741541356
3189.34486192	0.0231740409039
3189.65902119	0.0231738852083
3189.97318046	0.0231737097417
3190.28733972	0.0231734398805
3190.60149899	0.0231731945645
3190.91565825	0.0231730091634
3191.22981752	0.0231728037892
3191.54397678	0.0231725742243
3191.85813605	0.0231723716513
3192.17229531	0.0231722170326
3192.48645458	0.0231720101609
3192.80061384	0.0231715802723
3193.11477311	0.0231711707153
3193.42893237	0.0231706784941
3193.74309164	0.023170096607
3194.0572509	0.0231696491101
3194.37141017	0.0231691930499
3194.68556944	0.0231686465133
3194.9997287	0.023168214398
3195.31388797	0.0231678380933
3195.62804723	0.0231673154833
3195.9422065	0.0231668724195
3196.25636576	0.0231666361719
3196.57052503	0.0231664101336
3196.88468429	0.0231660962051
3197.19884356	0.0231657754644
3197.51300282	0.0231655321638
3197.82716209	0.0231653425662
3198.14132135	0.023165108146
3198.45548062	0.023164850343
3198.76963989	0.0231646754902
3199.08379915	0.0231644573616
3199.39795842	0.0231639823444
3199.71211768	0.0231636174446
3200.02627695	0.0231633623307
3200.34043621	0.0231630368429
3200.65459548	0.0231627526996
3200.96875474	0.0231626307659
3201.28291401	0.0231624883524
3201.59707327	0.0231622490358
3201.91123254	0.023162230908
3202.2253918	0.0231623305555
3202.53955107	0.0231621918799
3202.85371033	0.0231621275091
3203.1678696	0.0231623461913
3203.48202887	0.0231625287553
3203.79618813	0.0231624582458
3204.1103474	0.0231623816266
3204.42450666	0.0231623756878
3204.73866593	0.0231622273455
3205.05282519	0.0231620954248
3205.36698446	0.0231620970006
3205.68114372	0.023162109536
3205.99530299	0.0231620829128
3206.30946225	0.0231620606246
3206.62362152	0.0231621521423
3206.93778078	0.0231623113848
3207.25194005	0.0231622882563
3207.56609932	0.023162160163
3207.88025858	0.0231620872461
3208.19441785	0.0231619294204
3208.50857711	0.0231616421268
3208.82273638	0.0231614558748
3209.13689564	0.0231612876632
3209.45105491	0.0231609788282
3209.76521417	0.023160690884
3210.07937344	0.0231606082888
3210.3935327	0.0231605811867
3210.70769197	0.0231604765393
3211.02185123	0.0231603534988
3211.3360105	0.0231603232152
3211.65016976	0.0231603470641
3211.96432903	0.0231603076198
3212.2784883	0.023160212296
3212.59264756	0.0231600987923
3212.90680683	0.0231599513478
3213.22096609	0.0231597960534
3213.53512536	0.0231595943557
3213.84928462	0.0231594137617
3214.16344389	0.0231592465962
3214.47760315	0.0231590596899
3214.79176242	0.0231588866366
3215.10592168	0.0231586598289
3215.42008095	0.0231584262721
3215.73424021	0.0231582617929
3216.04839948	0.023158055433
3216.36255875	0.0231578435131
3216.67671801	0.0231577295954
3216.99087728	0.0231577377109
3217.30503654	0.0231578282194
3217.61919581	0.0231579605363
3217.93335507	0.0231581136401
3218.24751434	0.0231583006717
3218.5616736	0.0231585113454
3218.87583287	0.0231586887451
3219.18999213	0.0231587721761
3219.5041514	0.0231587346972
3219.81831066	0.0231586665023
3220.13246993	0.0231586592862
3220.4466292	0.0231585708136
3220.76078846	0.0231584028015
3221.07494773	0.0231583770007
3221.38910699	0.0231585158426
3221.70326626	0.0231585596718
3222.01742552	0.0231584300118
3222.33158479	0.0231583197455
3222.64574405	0.0231582906203
3222.95990332	0.0231582153596
3223.27406258	0.0231580765472
3223.58822185	0.0231579358049
3223.90238111	0.0231579017993
3224.21654038	0.0231579442235
3224.53069964	0.0231579487361
3224.84485891	0.0231578688828
3225.15901818	0.0231577620515
3225.47317744	0.0231576829944
3225.78733671	0.0231575192486
3226.10149597	0.0231573051627
3226.41565524	0.0231571596766
3226.7298145	0.0231570661614
3227.04397377	0.0231569767293
3227.35813303	0.0231568354125
3227.6722923	0.0231565872389
3227.98645156	0.0231563193379
3228.30061083	0.0231560584363
3228.61477009	0.0231556049656
3228.92892936	0.0231550782574
3229.24308863	0.0231546486213
3229.55724789	0.0231542010766
3229.87140716	0.0231537115541
3230.18556642	0.0231533187778
3230.49972569	0.0231530220323
3230.81388495	0.0231526961958
3231.12804422	0.023152413662
3231.44220348	0.0231522845552
3231.75636275	0.0231522346169
3232.07052201	0.0231521536458
3232.38468128	0.0231520294193
3232.69884054	0.0231518853486
3233.01299981	0.0231517273782
3233.32715907	0.0231514662704
3233.64131834	0.0231512099216
3233.95547761	0.0231509922379
3234.26963687	0.0231506967763
3234.58379614	0.0231503938009
3234.8979554	0.0231502054398
3235.21211467	0.0231500479556
3235.52627393	0.0231498892512
3235.8404332	0.0231497484596
3236.15459246	0.0231495825039
3236.46875173	0.0231495084719
3236.78291099	0.0231494797558
3237.09707026	0.0231494057041
3237.41122952	0.0231493234388
3237.72538879	0.0231492547283
3238.03954806	0.0231491981282
3238.35370732	0.0231491448722
3238.66786659	0.0231490902943
3238.98202585	0.023148993754
3239.29618512	0.0231488403884
3239.61034438	0.0231486553877
3239.92450365	0.0231484714729
3240.23866291	0.0231483082013
3240.55282218	0.0231481654351
3240.86698144	0.0231480265021
3241.18114071	0.0231479266493
3241.49529997	0.0231478673029
3241.80945924	0.0231477065664
3242.1236185	0.0231474563949
3242.43777777	0.0231471961291
3242.75193704	0.0231468481441
3243.0660963	0.0231464268917
3243.38025557	0.0231460116083
3243.69441483	0.0231456180343
3244.0085741	0.0231452367103
3244.32273336	0.0231449053983
3244.63689263	0.0231445842803
3244.95105189	0.0231442261778
3245.26521116	0.0231439143116
3245.57937042	0.0231437149275
3245.89352969	0.023143574643
3246.20768895	0.0231434368635
3246.52184822	0.0231433164002
3246.83600749	0.0231432177592
3247.15016675	0.0231431362509
3247.46432602	0.023143140708
3247.77848528	0.023143242348
3248.09264455	0.0231432648662
3248.40680381	0.0231431800916
3248.72096308	0.0231430824276
3249.03512234	0.023142913443
3249.34928161	0.0231427345908
3249.66344087	0.023142540247
3249.97760014	0.0231424566602
3250.2917594	0.0231424428562
3250.60591867	0.0231423975546
3250.92007793	0.0231423567299
3251.2342372	0.0231423841077
3251.54839647	0.0231425065565
3251.86255573	0.0231425563352
3252.176715	0.0231425584067
3252.49087426	0.0231427546069
3252.80503353	0.0231430727864
3253.11919279	0.0231432889126
3253.43335206	0.0231434322176
3253.74751132	0.0231435135317
3254.06167059	0.0231435712138
3254.37582985	0.0231436561721
3254.68998912	0.0231436895809
3255.00414838	0.0231436887168
3255.31830765	0.0231437418647
3255.63246692	0.0231438711419
3255.94662618	0.0231439918893
3256.26078545	0.0231440921319
3256.57494471	0.0231442739062
3256.88910398	0.0231443557449
3257.20326324	0.0231441829764
3257.51742251	0.0231439857368
3257.83158177	0.0231437082941
3258.14574104	0.0231435332566
3258.4599003	0.0231433421354
3258.77405957	0.0231429733375
3259.08821883	0.0231426476371
3259.4023781	0.0231424668441
3259.71653736	0.0231423375599
3260.03069663	0.0231421862141
3260.3448559	0.0231420269516
3260.65901516	0.0231419378747
3260.97317443	0.0231419035858
3261.28733369	0.023141889879
3261.60149296	0.0231418756774
3261.91565222	0.0231417574967
3262.22981149	0.0231415456779
3262.54397075	0.023141402056
3262.85813002	0.0231412579044
3263.17228928	0.0231407822523
3263.48644855	0.0231402978622
3263.80060781	0.0231399907503
3264.11476708	0.0231396996897
3264.42892635	0.023139330491
3264.74308561	0.023138915919
3265.05724488	0.0231385771035
3265.37140414	0.0231383035129
3265.68556341	0.0231381509796
3265.99972267	0.023137984699
3266.31388194	0.0231377537997
3266.6280412	0.0231377154674
3266.94220047	0.0231379035872
3267.25635973	0.0231380579273
3267.570519	0.0231381400649
3267.88467826	0.0231382491698
3268.19883753	0.02313831982
3268.51299679	0.0231381478041
3268.82715606	0.0231378409208
3269.14131533	0.0231375366238
3269.45547459	0.023137315456
3269.76963386	0.0231371316787
3270.08379312	0.0231369384823
3270.39795239	0.0231367886309
3270.71211165	0.023136765566
3271.02627092	0.0231368349057
3271.34043018	0.0231368177737
3271.65458945	0.0231366589241
3271.96874871	0.0231364474055
3272.28290798	0.0231362277082
3272.59706724	0.0231360282336
3272.91122651	0.0231357634786
3273.22538578	0.0231355555114
3273.53954504	0.0231354314554
3273.85370431	0.0231352733755
3274.16786357	0.0231351033538
3274.48202284	0.02313491933
3274.7961821	0.0231346700562
3275.11034137	0.0231344679513
3275.42450063	0.0231342555011
3275.7386599	0.0231339890784
3276.05281916	0.0231337917424
3276.36697843	0.0231336728596
3276.68113769	0.0231335910327
3276.99529696	0.0231335155182
3277.30945622	0.0231334500227
3277.62361549	0.0231332684781
3277.93777476	0.023132869192
3278.25193402	0.0231325130518
3278.56609329	0.0231321527526
3278.88025255	0.0231317104646
3279.19441182	0.0231313019639
3279.50857108	0.0231309736503
3279.82273035	0.0231306596865
3280.13688961	0.0231303191444
3280.45104888	0.0231299646457
3280.76520814	0.0231297316961
3281.07936741	0.0231296731217
3281.39352667	0.0231296344552
3281.70768594	0.0231295821007
3282.02184521	0.0231295457431
3282.33600447	0.0231294889059
3282.65016374	0.0231293687703
3282.964323	0.023129193744
3283.27848227	0.0231290298886
3283.59264153	0.0231288952166
3283.9068008	0.0231287060217
3284.22096006	0.023128421559
3284.53511933	0.0231282459273
3284.84927859	0.023128171672
3285.16343786	0.0231280350764
3285.47759712	0.0231278519756
3285.79175639	0.0231277060417
3286.10591566	0.0231275566592
3286.42007492	0.0231272979422
3286.73423419	0.0231271031557
3287.04839345	0.023127149007
3287.36255272	0.0231270591959
3287.67671198	0.0231268613029
3287.99087125	0.0231268907003
3288.30503051	0.0231270232229
3288.61918978	0.0231270209463
3288.93334904	0.0231269132028
3289.24750831	0.0231268343015
3289.56166757	0.0231267783124
3289.87582684	0.0231267337593
3290.1899861	0.0231266675874
3290.50414537	0.0231266131939
3290.81830464	0.0231266697249
3291.1324639	0.0231267995875
3291.44662317	0.0231268677413
3291.76078243	0.0231269445915
3292.0749417	0.0231270454469
3292.38910096	0.023126975578
3292.70326023	0.0231268378784
3293.01741949	0.0231266837314
3293.33157876	0.0231264735925
3293.64573802	0.0231263251556
3293.95989729	0.0231262644994
3294.27405655	0.0231260800053
3294.58821582	0.0231258137673
3294.90237509	0.0231256788092
3295.21653435	0.0231256442585
3295.53069362	0.0231256598657
3295.84485288	0.0231256686793
3296.15901215	0.0231256992886
3296.47317141	0.0231258873148
3296.78733068	0.0231261204989
3297.10148994	0.0231262765777
3297.41564921	0.0231264736223
3297.72980847	0.0231266794556
3298.04396774	0.0231264932987
3298.358127	0.023125954666
3298.67228627	0.023125777463
3298.98644553	0.0231256374954
3299.3006048	0.0231254355372
3299.61476407	0.0231252579847
3299.92892333	0.0231251365916
3300.2430826	0.0231250794561
3300.55724186	0.0231248275007
3300.87140113	0.0231247130484
3301.18556039	0.0231247950684
3301.49971966	0.0231245332812
3301.81387892	0.023124336011
3302.12803819	0.0231245435265
3302.44219745	0.023124757765
3302.75635672	0.02312468865
3303.07051598	0.0231244575338
3303.38467525	0.0231243047898
3303.69883452	0.0231242243589
3304.01299378	0.0231240198769
3304.32715305	0.0231237981749
3304.64131231	0.0231237186421
3304.95547158	0.0231236966851
3305.26963084	0.0231236956435
3305.58379011	0.0231237112533
3305.89794937	0.0231236130022
3306.21210864	0.023123328095
3306.5262679	0.0231231446986
3306.84042717	0.0231229230577
3307.15458643	0.023122645561
3307.4687457	0.023122348384
3307.78290496	0.0231220131636
3308.09706423	0.0231217946741
3308.4112235	0.0231216002269
3308.72538276	0.0231212905584
3309.03954203	0.023121034016
3309.35370129	0.0231209146049
3309.66786056	0.0231208394157
3309.98201982	0.0231207426151
3310.29617909	0.0231206330968
3310.61033835	0.0231205616981
3310.92449762	0.0231205246856
3311.23865688	0.0231203767024
3311.55281615	0.0231201598881
3311.86697541	0.0231200261827
3312.18113468	0.0231198327781
3312.49529395	0.0231193261373
3312.80945321	0.0231187683375
3313.12361248	0.0231184766304
3313.43777174	0.0231181754473
3313.75193101	0.0231177757241
3314.06609027	0.0231173749901
3314.38024954	0.0231170034225
3314.6944088	0.0231166603346
3315.00856807	0.0231164808034
3315.32272733	0.0231163252283
3315.6368866	0.0231159810767
3315.95104586	0.0231157377177
3316.26520513	0.0231158208001
3316.57936439	0.0231159471731
3316.89352366	0.0231159161372
3317.20768293	0.0231158101657
3317.52184219	0.0231156082654
3317.83600146	0.0231153782579
3318.15016072	0.0231151219524
3318.46431999	0.0231147249581
3318.77847925	0.0231144257741
3319.09263852	0.0231142961323
3319.40679778	0.0231141599325
3319.72095705	0.0231139905567
3320.03511631	0.0231138949782
3320.34927558	0.0231139048921
3320.66343484	0.0231138704078
3320.97759411	0.0231136746985
3321.29175338	0.0231133396487
3321.60591264	0.02311310199
3321.92007191	0.0231129652486
3322.23423117	0.0231127057918
3322.54839044	0.0231124573121
3322.8625497	0.0231122697122
3323.17670897	0.0231120971505
3323.49086823	0.0231119946878
3323.8050275	0.0231119956859
3324.11918676	0.0231119405307
3324.43334603	0.0231117955869
3324.74750529	0.0231117318028
3325.06166456	0.0231117699237
3325.37582382	0.0231117674077
3325.68998309	0.0231117343933
3326.00414236	0.02311180585
3326.31830162	0.0231119632012
3326.63246089	0.023112095291
3326.94662015	0.0231120666129
3327.26077942	0.0231118764814
3327.57493868	0.0231117365138
3327.88909795	0.0231116236505
3328.20325721	0.023111313073
3328.51741648	0.0231110731716
3328.83157574	0.0231109619324
3329.14573501	0.0231108732664
3329.45989427	0.0231108016346
3329.77405354	0.0231106968354
3330.08821281	0.0231106550898
3330.40237207	0.023110801167
3330.71653134	0.0231110164989
3331.0306906	0.0231111359574
3331.34484987	0.0231112112204
3331.65900913	0.0231113146807
3331.9731684	0.0231112626495
3332.28732766	0.0231111321092
3332.60148693	0.0231111741893
3332.91564619	0.0231111861264
3333.22980546	0.0231110361182
3333.54396472	0.0231109393482
3333.85812399	0.0231109609324
3334.17228325	0.0231110515408
3334.48644252	0.0231111255074
3334.80060179	0.0231110388641
3335.11476105	0.0231108979056
3335.42892032	0.0231108689856
3335.74307958	0.0231107581647
3336.05723885	0.0231105449084
3336.37139811	0.0231104418571
3336.68555738	0.0231102995601
3336.99971664	0.0231100276155
3337.31387591	0.0231098848369
3337.62803517	0.023109938567
3337.94219444	0.0231099911816
3338.2563537	0.023109933441
3338.57051297	0.0231098421671
3338.88467224	0.0231097926102
3339.1988315	0.0231097622086
3339.51299077	0.0231097414524
3339.82715003	0.0231097063183
3340.1413093	0.0231096503402
3340.45546856	0.0231096050269
3340.76962783	0.023109595967
3341.08378709	0.0231095976635
3341.39794636	0.0231093831259
3341.71210562	0.0231090939313
3342.02626489	0.0231089147528
3342.34042415	0.0231086956432
3342.65458342	0.023108435448
3342.96874269	0.0231080931749
3343.28290195	0.0231079027165
3343.59706122	0.0231078158234
3343.91122048	0.0231074486236
3344.22537975	0.0231071357691
3344.53953901	0.0231071472341
3344.85369828	0.0231071865878
3345.16785754	0.0231070870765
3345.48201681	0.0231069963153
3345.79617607	0.0231069698944
3346.11033534	0.0231069164259
3346.4244946	0.0231068256944
3346.73865387	0.0231068277147
3347.05281313	0.0231068087801
3347.3669724	0.023106513238
3347.68113167	0.0231061201597
3347.99529093	0.0231059392335
3348.3094502	0.0231055897155
3348.62360946	0.0231050622875
3348.93776873	0.0231047583755
3349.25192799	0.023104556547
3349.56608726	0.0231041997438
3349.88024652	0.0231035691646
3350.19440579	0.0231034260014
3350.50856505	0.0231033282943
3350.82272432	0.0231026725978
3351.13688358	0.0231022297265
3351.45104285	0.0231022708327
3351.76520212	0.0231022981109
3352.07936138	0.0231020265817
3352.39352065	0.0231017036811
3352.70767991	0.0231015289263
3353.02183918	0.0231012852058
3353.33599844	0.0231009698129
3353.65015771	0.0231007872882
3353.96431697	0.023100549779
3354.27847624	0.0231002007199
3354.5926355	0.0230998967368
3354.90679477	0.02309979724
3355.22095403	0.0230996660445
3355.5351133	0.0230992814075
3355.84927256	0.0230990799842
3356.16343183	0.0230989372805
3356.4775911	0.0230986123936
3356.79175036	0.0230981653701
3357.10590963	0.0230981587613
3357.42006889	0.0230979894058
3357.73422816	0.0230975209184
3358.04838742	0.0230973264284
3358.36254669	0.0230974050133
3358.67670595	0.0230973964343
3358.99086522	0.0230973442773
3359.30502448	0.0230973773291
3359.61918375	0.0230974696031
3359.93334301	0.0230975754202
3360.24750228	0.0230976914809
3360.56166155	0.0230978010906
3360.87582081	0.0230978534228
3361.18998008	0.0230979023871
3361.50413934	0.023097974553
3361.81829861	0.0230978776903
3362.13245787	0.0230975767017
3362.44661714	0.0230974744851
3362.7607764	0.0230974581046
3363.07493567	0.0230973566839
3363.38909493	0.0230971696322
3363.7032542	0.0230969668818
3364.01741346	0.0230970074116
3364.33157273	0.0230971565783
3364.64573199	0.0230969663271
3364.95989126	0.0230967863722
3365.27405053	0.0230969975687
3365.58820979	0.0230973219135
3365.90236906	0.0230974326384
3366.21652832	0.0230974563879
3366.53068759	0.0230974588451
3366.84484685	0.0230974595963
3367.15900612	0.0230973140476
3367.47316538	0.0230971212686
3367.78732465	0.0230970355426
3368.10148391	0.0230969094451
3368.41564318	0.023096682677
3368.72980244	0.0230964969808
3369.04396171	0.0230964273169
3369.35812098	0.0230963344255
3369.67228024	0.0230961204295
3369.98643951	0.0230959281797
3370.30059877	0.0230956870963
3370.61475804	0.0230954290839
3370.9289173	0.0230952187351
3371.24307657	0.0230950812154
3371.55723583	0.0230948702369
3371.8713951	0.0230945977488
3372.18555436	0.023094508844
3372.49971363	0.0230945942284
3372.81387289	0.0230945627326
3373.12803216	0.0230943937426
3373.44219142	0.023094372471
3373.75635069	0.0230942806832
3374.07050996	0.023094135467
3374.38466922	0.0230941059331
3374.69882849	0.0230941844402
3375.01298775	0.0230942675809
3375.32714702	0.0230943893472
3375.64130628	0.0230946137212
3375.95546555	0.023094882589
3376.26962481	0.0230948648606
3376.58378408	0.0230945800074
3376.89794334	0.0230946445472
3377.21210261	0.0230945015971
3377.52626187	0.023094215468
3377.84042114	0.0230940667744
3378.15458041	0.0230940615275
3378.46873967	0.023094028041
3378.78289894	0.0230938501996
3379.0970582	0.023093753609
3379.41121747	0.0230938865216
3379.72537673	0.0230941158902
3380.039536	0.0230942295785
3380.35369526	0.023094259116
3380.66785453	0.0230942989413
3380.98201379	0.0230943154465
3381.29617306	0.0230941961213
3381.61033232	0.0230940299453
3381.92449159	0.0230939284479
3382.23865085	0.0230937834887
3382.55281012	0.0230934668141
3382.86696939	0.0230931808026
3383.18112865	0.0230930323731
3383.49528792	0.0230928982379
3383.80944718	0.0230926687633
3384.12360645	0.0230923517449
3384.43776571	0.0230919448859
3384.75192498	0.0230916133296
3385.06608424	0.0230913642218
3385.38024351	0.0230909611896
3385.69440277	0.0230904632397
3386.00856204	0.023090087682
3386.3227213	0.0230898654911
3386.63688057	0.0230896853736
3386.95103984	0.023089472925
3387.2651991	0.0230891986783
3387.57935837	0.0230889262605
3387.89351763	0.0230886643383
3388.2076769	0.0230883388209
3388.52183616	0.0230879847126
3388.83599543	0.0230876899021
3389.15015469	0.02308741333
3389.46431396	0.0230871317548
3389.77847322	0.0230868552147
3390.09263249	0.0230867693327
3390.40679175	0.0230867845297
3390.72095102	0.0230865566142
3391.03511028	0.0230860954086
3391.34926955	0.0230858732184
3391.66342882	0.0230857021625
3391.97758808	0.0230853026128
3392.29174735	0.0230850144129
3392.60590661	0.0230848598002
3392.92006588	0.0230846144236
3393.23422514	0.0230844045643
3393.54838441	0.0230843780455
3393.86254367	0.023084409126
3394.17670294	0.0230844046461
3394.4908622	0.0230844281367
3394.80502147	0.0230845031886
3395.11918073	0.0230846272884
3395.43334	0.0230847694332
3395.74749927	0.0230848935999
3396.06165853	0.0230850467726
3396.3758178	0.0230851790744
3396.68997706	0.023085002549
3397.00413633	0.0230847263806
3397.31829559	0.0230845936133
3397.63245486	0.0230843463356
3397.94661412	0.0230840514453
3398.26077339	0.02308388853
3398.57493265	0.0230837309678
3398.88909192	0.023083500084
3399.20325118	0.0230832882494
3399.51741045	0.0230832792892
3399.83156971	0.0230831260662
3400.14572898	0.0230828287141
3400.45988825	0.0230828328861
3400.77404751	0.02308304338
3401.08820678	0.0230830635981
3401.40236604	0.0230828970276
3401.71652531	0.0230827215706
3402.03068457	0.0230824726032
3402.34484384	0.0230822343476
3402.6590031	0.0230820223993
3402.97316237	0.0230817455021
3403.28732163	0.0230815185279
3403.6014809	0.0230813460007
3403.91564016	0.023081184559
3404.22979943	0.0230810893116
3404.5439587	0.0230810209039
3404.85811796	0.0230807869756
3405.17227723	0.0230805803448
3405.48643649	0.0230805335421
3405.80059576	0.0230802835621
3406.11475502	0.0230799655256
3406.42891429	0.0230800345315
3406.74307355	0.0230799258119
3407.05723282	0.0230795690543
3407.37139208	0.0230795208659
3407.68555135	0.0230796729797
3407.99971061	0.0230796696278
3408.31386988	0.0230796129756
3408.62802915	0.0230796956676
3408.94218841	0.0230798134862
3409.25634768	0.0230799073429
3409.57050694	0.0230800460884
3409.88466621	0.0230801894125
3410.19882547	0.02308029309
3410.51298474	0.0230804524099
3410.827144	0.0230806267799
3411.14130327	0.0230805476047
3411.45546253	0.0230803428631
3411.7696218	0.0230803453973
3412.08378106	0.0230803160626
3412.39794033	0.023080161688
3412.71209959	0.0230799811208
3413.02625886	0.0230798637085
3413.34041813	0.0230798686268
3413.65457739	0.0230798163921
3413.96873666	0.0230795943174
3414.28289592	0.0230794958865
3414.59705519	0.0230796342755
3414.91121445	0.0230797716217
3415.22537372	0.0230798145142
3415.53953298	0.0230798893649
3415.85369225	0.0230799359251
3416.16785151	0.0230798753857
3416.48201078	0.0230797528454
3416.79617004	0.023079563717
3417.11032931	0.0230794243696
3417.42448858	0.023079208558
3417.73864784	0.0230788758894
3418.05280711	0.0230786139187
3418.36696637	0.0230784199691
3418.68112564	0.0230782164342
3418.9952849	0.0230779798928
3419.30944417	0.0230776545885
3419.62360343	0.0230772503682
3419.9377627	0.023076877285
3420.25192196	0.0230766775126
3420.56608123	0.023076415294
3420.88024049	0.0230759618494
3421.19439976	0.0230756794701
3421.50855902	0.0230756268322
3421.82271829	0.0230755196027
3422.13687756	0.0230753279957
3422.45103682	0.0230752277824
3422.76519609	0.0230751007956
3423.07935535	0.0230748939315
3423.39351462	0.0230747130636
3423.70767388	0.0230745991246
3424.02183315	0.0230744881351
3424.33599241	0.0230743473876
3424.65015168	0.0230742776729
3424.96431094	0.0230742953922
3425.27847021	0.0230743826039
3425.59262947	0.0230744229616
3425.90678874	0.0230741884738
3426.22094801	0.0230739656016
3426.53510727	0.0230738803443
3426.84926654	0.0230736606148
3427.1634258	0.0230733821535
3427.47758507	0.0230732106235
3427.79174433	0.0230730554829
3428.1059036	0.0230728525471
3428.42006286	0.0230727691842
3428.73422213	0.0230728918811
3429.04838139	0.0230730645607
3429.36254066	0.0230731544697
3429.67669992	0.0230732558632
3429.99085919	0.0230733995861
3430.30501845	0.0230734672929
3430.61917772	0.0230734386792
3430.93333699	0.0230734090018
3431.24749625	0.0230732937302
3431.56165552	0.0230730146084
3431.87581478	0.0230727650413
3432.18997405	0.023072524798
3432.50413331	0.0230723472842
3432.81829258	0.023072215344
3433.13245184	0.0230719920414
3433.44661111	0.0230716864569
3433.76077037	0.0230713329072
3434.07492964	0.023071147939
3434.3890889	0.0230708996846
3434.70324817	0.0230705288944
3435.01740744	0.0230701889989
3435.3315667	0.0230700016973
3435.64572597	0.0230699032138
3435.95988523	0.0230697588336
3436.2740445	0.0230695676314
3436.58820376	0.0230694001238
3436.90236303	0.0230692555111
3437.21652229	0.0230690231276
3437.53068156	0.0230687532039
3437.84484082	0.023068530586
3438.15900009	0.0230683364376
3438.47315935	0.0230680956641
3438.78731862	0.0230678170281
3439.10147788	0.0230676680512
3439.41563715	0.0230676463936
3439.72979642	0.0230674928062
3440.04395568	0.0230671429836
3440.35811495	0.0230668146335
3440.67227421	0.0230666216386
3440.98643348	0.0230664390245
3441.30059274	0.0230661807854
3441.61475201	0.0230659698517
3441.92891127	0.0230658211568
3442.24307054	0.0230656890276
3442.5572298	0.0230656452846
3442.87138907	0.0230657258919
3443.18554833	0.0230658147628
3443.4997076	0.0230658753009
3443.81386687	0.0230659694519
3444.12802613	0.023066092983
3444.4421854	0.0230662016849
3444.75634466	0.023066305442
3445.07050393	0.0230664473726
3445.38466319	0.0230666322686
3445.69882246	0.0230666877995
3446.01298172	0.0230665075267
3446.32714099	0.0230663939126
3446.64130025	0.023066372177
3446.95545952	0.0230662298238
3447.26961878	0.0230659528004
3447.58377805	0.023065801741
3447.89793731	0.0230657405927
3448.21209658	0.0230656409076
3448.52625585	0.0230655872208
3448.84041511	0.0230655339769
3449.15457438	0.0230654348962
3449.46873364	0.0230654356154
3449.78289291	0.0230655734896
3450.09705217	0.0230656858822
3450.41121144	0.0230656565458
3450.7253707	0.0230655502125
3451.03952997	0.0230654561239
3451.35368923	0.0230652513708
3451.6678485	0.0230650081247
3451.98200776	0.0230648503564
3452.29616703	0.0230646320306
3452.6103263	0.023064363896
3452.92448556	0.0230641621349
3453.23864483	0.0230639808027
3453.55280409	0.0230638462639
3453.86696336	0.0230637114048
3454.18112262	0.0230634818238
3454.49528189	0.0230633315468
3454.80944115	0.0230632364146
3455.12360042	0.0230629498442
3455.43775968	0.0230626959477
3455.75191895	0.0230627161963
3456.06607821	0.0230625056788
3456.38023748	0.0230622130978
3456.69439674	0.0230621715226
3457.00855601	0.0230621633937
3457.32271528	0.023062025093
3457.63687454	0.0230618595873
3457.95103381	0.0230618225164
3458.26519307	0.0230618394428
3458.57935234	0.023061813441
3458.8935116	0.023061844376
3459.20767087	0.0230619593391
3459.52183013	0.0230620618499
3459.8359894	0.0230621407659
3460.15014866	0.0230622500254
3460.46430793	0.0230621843704
3460.77846719	0.0230619344717
3461.09262646	0.0230618539346
3461.40678573	0.023061858648
3461.72094499	0.0230617064859
3462.03510426	0.0230614217315
3462.34926352	0.0230612911907
3462.66342279	0.0230613303969
3462.97758205	0.0230611782374
3463.29174132	0.023060933137
3463.60590058	0.0230608749818
3463.92005985	0.0230609406121
3464.23421911	0.0230609868071
3464.54837838	0.0230609638964
3464.86253764	0.0230609114312
3465.17669691	0.0230609916439
3465.49085618	0.0230610197557
3465.80501544	0.0230608583797
3466.11917471	0.0230607007255
3466.43333397	0.0230605680057
3466.74749324	0.0230603065211
3467.0616525	0.0230599760154
3467.37581177	0.0230596776603
3467.68997103	0.0230593876
3468.0041303	0.0230591282088
3468.31828956	0.0230589228125
3468.63244883	0.0230586411678
3468.94660809	0.0230581960907
3469.26076736	0.0230577622481
3469.57492662	0.0230576054293
3469.88908589	0.0230573195996
3470.20324516	0.0230568191487
3470.51740442	0.0230565231147
3470.83156369	0.0230564559029
3471.14572295	0.0230562523884
3471.45988222	0.0230559946697
3471.77404148	0.0230558140088
3472.08820075	0.0230555867299
3472.40236001	0.0230553498885
3472.71651928	0.023055139525
3473.03067854	0.023054987088
3473.34483781	0.0230548544945
3473.65899707	0.0230547026923
3473.97315634	0.0230546085785
3474.28731561	0.0230545777521
3474.60147487	0.0230546579761
3474.91563414	0.023054677605
3475.2297934	0.0230543540908
3475.54395267	0.0230540818608
3475.85811193	0.0230539488533
3476.1722712	0.0230536182127
3476.48643046	0.0230533031979
3476.80058973	0.0230531808536
3477.11474899	0.0230529989557
3477.42890826	0.0230527364599
3477.74306752	0.0230526470958
3478.05722679	0.02305275398
3478.37138605	0.0230528918162
3478.68554532	0.0230530144624
3478.99970459	0.0230531772124
3479.31386385	0.0230533530244
3479.62802312	0.0230534684588
3479.94218238	0.0230534973349
3480.25634165	0.0230534907026
3480.57050091	0.0230534413533
3480.88466018	0.0230532569442
3481.19881944	0.0230530457798
3481.51297871	0.0230528743062
3481.82713797	0.0230527502457
3482.14129724	0.023052636991
3482.4554565	0.0230523886151
3482.76961577	0.0230522536207
3483.08377504	0.0230521416772
3483.3979343	0.0230519211954
3483.71209357	0.0230517992426
3484.02625283	0.0230517120406
3484.3404121	0.0230515764478
3484.65457136	0.0230515646699
3484.96873063	0.0230516696626
3485.28288989	0.0230517106463
3485.59704916	0.0230516454061
3485.91120842	0.0230515429293
3486.22536769	0.0230513830641
3486.53952695	0.0230511941739
3486.85368622	0.023050994428
3487.16784548	0.0230507619329
3487.48200475	0.0230506217747
3487.79616402	0.023050507222
3488.11032328	0.0230503073036
3488.42448255	0.02305030613
3488.73864181	0.0230504242525
3489.05280108	0.0230503019712
3489.36696034	0.0230499869949
3489.68111961	0.0230497808836
3489.99527887	0.0230495929131
3490.30943814	0.0230493343704
3490.6235974	0.0230491317566
3490.93775667	0.0230489698245
3491.25191593	0.023048774481
3491.5660752	0.0230486182049
3491.88023447	0.0230485865299
3492.19439373	0.0230486526969
3492.508553	0.023048734701
3492.82271226	0.0230488050333
3493.13687153	0.0230488961557
3493.45103079	0.0230490216471
3493.76519006	0.0230491306808
3494.07934932	0.0230491736896
3494.39350859	0.0230492304818
3494.70766785	0.023049306141
3495.02182712	0.0230493515182
3495.33598638	0.0230491492399
3495.65014565	0.023048924104
3495.96430491	0.0230488330668
3496.27846418	0.0230486606158
3496.59262345	0.0230484403404
3496.90678271	0.0230482477271
3497.22094198	0.0230481046439
3497.53510124	0.0230480047133
3497.84926051	0.0230479080594
3498.16341977	0.0230477972557
3498.47757904	0.0230476898163
3498.7917383	0.0230476622565
3499.10589757	0.0230477201546
3499.42005683	0.0230477604993
3499.7342161	0.0230477708502
3500.04837536	0.0230476943655
3500.36253463	0.0230475271736
3500.6766939	0.0230473407857
3500.99085316	0.0230471744435
3501.30501243	0.0230469640999
3501.61917169	0.0230466269608
3501.93333096	0.0230463611236
3502.24749022	0.023046150373
3502.56164949	0.023045898706
3502.87580875	0.023045684483
3503.18996802	0.0230455339712
3503.50412728	0.0230453568782
3503.81828655	0.0230451785399
3504.13244581	0.0230450612641
3504.44660508	0.0230448468726
3504.76076434	0.0230445344055
3505.07492361	0.0230444657464
3505.38908288	0.0230442321826
3505.70324214	0.0230438543831
3506.01740141	0.0230436006959
3506.33156067	0.023043475657
3506.64571994	0.0230433051402
3506.9598792	0.0230430207976
3507.27403847	0.0230427583322
3507.58819773	0.0230426948609
3507.902357	0.0230426207112
3508.21651626	0.0230424646222
3508.53067553	0.0230424349471
3508.84483479	0.0230425394776
3509.15899406	0.0230425914237
3509.47315333	0.0230425297285
3509.78731259	0.0230422566973
3510.10147186	0.0230420299359
3510.41563112	0.023041905632
3510.72979039	0.0230416609921
3511.04394965	0.0230413887191
3511.35810892	0.0230411103504
3511.67226818	0.0230409259641
3511.98642745	0.0230408740194
3512.30058671	0.0230406330983
3512.61474598	0.0230403300933
3512.92890524	0.023040290606
3513.24306451	0.0230404014823
3513.55722377	0.023040396046
3513.87138304	0.023040352041
3514.18554231	0.0230404227104
3514.49970157	0.023040415288
3514.81386084	0.023040326262
3515.1280201	0.0230402805987
3515.44217937	0.023040281594
3515.75633863	0.0230401766863
3516.0704979	0.0230399189203
3516.38465716	0.0230396825757
3516.69881643	0.0230396104775
3517.01297569	0.0230394213397
3517.32713496	0.0230392411197
3517.64129422	0.0230392311827
3517.95545349	0.0230390955217
3518.26961276	0.0230387078718
3518.58377202	0.0230384752683
3518.89793129	0.0230385262413
3519.21209055	0.0230382729203
3519.52624982	0.0230379059545
3519.84040908	0.0230378354728
3520.15456835	0.0230379419872
3520.46872761	0.0230378129564
3520.78288688	0.0230376331285
3521.09704614	0.0230375628927
3521.41120541	0.0230375063315
3521.72536467	0.0230374201651
3522.03952394	0.0230373401455
3522.35368321	0.0230373227383
3522.66784247	0.0230373118889
3522.98200174	0.0230372697573
3523.296161	0.0230372822076
3523.61032027	0.023037397503
3523.92447953	0.0230373626279
3524.2386388	0.023037191378
3524.55279806	0.0230371916745
3524.86695733	0.0230369733152
3525.18111659	0.023036650072
3525.49527586	0.0230364804698
3525.80943512	0.0230362232224
3526.12359439	0.0230359901047
3526.43775365	0.0230358077502
3526.75191292	0.0230356465128
3527.06607219	0.0230356206756
3527.38023145	0.0230357111716
3527.69439072	0.023035802865
3528.00854998	0.0230359145009
3528.32270925	0.0230360510121
3528.63686851	0.0230361664846
3528.95102778	0.0230362482988
3529.26518704	0.0230362583113
3529.57934631	0.0230361779402
3529.89350557	0.0230361598059
3530.20766484	0.0230361103633
3530.5218241	0.0230358963966
3530.83598337	0.023035737691
3531.15014264	0.0230356458603
3531.4643019	0.0230355656368
3531.77846117	0.0230354544644
3532.09262043	0.0230352246576
3532.4067797	0.0230350417435
3532.72093896	0.0230349432205
3533.03509823	0.0230348966922
3533.34925749	0.0230347928707
3533.66341676	0.0230346548048
3533.97757602	0.0230346882833
3534.29173529	0.023034880997
3534.60589455	0.023035047698
3534.92005382	0.0230350818978
3535.23421308	0.0230349496869
3535.54837235	0.0230348337309
3535.86253162	0.0230346558276
3536.17669088	0.0230344134882
3536.49085015	0.0230342198939
3536.80500941	0.0230341294047
3537.11916868	0.0230340616791
3537.43332794	0.0230339222845
3537.74748721	0.0230338617027
3538.06164647	0.0230339144492
3538.37580574	0.02303384639
3538.689965	0.0230334757532
3539.00412427	0.0230330840424
3539.31828353	0.0230328642274
3539.6324428	0.0230325648995
3539.94660207	0.0230322117038
3540.26076133	0.0230319381317
3540.5749206	0.023031655573
3540.88907986	0.0230313835632
3541.20323913	0.0230312173357
3541.51739839	0.0230311439285
3541.83155766	0.0230310575498
3542.14571692	0.0230309274713
3542.45987619	0.0230308399258
3542.77403545	0.0230307898923
3543.08819472	0.023030700454
3543.40235398	0.0230305584649
3543.71651325	0.023030490158
3544.03067251	0.0230304135946
3544.34483178	0.0230301740351
3544.65899105	0.0230299314379
3544.97315031	0.0230297922471
3545.28730958	0.023029571561
3545.60146884	0.023029247398
3545.91562811	0.0230289724899
3546.22978737	0.0230287554747
3546.54394664	0.0230285287223
3546.8581059	0.023028337945
3547.17226517	0.0230281935402
3547.48642443	0.0230279867915
3547.8005837	0.0230277695496
3548.11474296	0.023027768303
3548.42890223	0.0230279065867
3548.7430615	0.0230279625705
3549.05722076	0.023027934896
3549.37138003	0.0230279622554
3549.68553929	0.023027892019
3549.99969856	0.02302774355
3550.31385782	0.0230276953567
3550.62801709	0.0230275741988
3550.94217635	0.0230273595712
3551.25633562	0.0230272142127
3551.57049488	0.0230270968411
3551.88465415	0.0230269673659
3552.19881341	0.0230268101784
3552.51297268	0.0230266337026
3552.82713194	0.0230266255625
3553.14129121	0.0230266081863
3553.45545048	0.0230265449641
3553.76960974	0.023026330701
3554.08376901	0.0230262599399
3554.39792827	0.0230262763882
3554.71208754	0.0230259684788
3555.0262468	0.0230257384029
3555.34040607	0.0230256907358
3555.65456533	0.0230255997436
3555.9687246	0.0230254299864
3556.28288386	0.0230252214035
3556.59704313	0.0230250880461
3556.91120239	0.0230249993949
3557.22536166	0.0230249341387
3557.53952093	0.0230249727409
3557.85368019	0.0230249654175
3558.16783946	0.0230248778039
3558.48199872	0.0230249247342
3558.79615799	0.0230249548411
3559.11031725	0.0230245852849
3559.42447652	0.0230243123413
3559.73863578	0.023024183394
3560.05279505	0.0230239431863
3560.36695431	0.0230237023064
3560.68111358	0.0230233995523
3560.99527284	0.0230233026873
3561.30943211	0.0230232763494
3561.62359137	0.0230229934976
3561.93775064	0.0230227864889
3562.25190991	0.0230228810057
3562.56606917	0.0230230199176
3562.88022844	0.0230230284145
3563.1943877	0.0230230340575
3563.50854697	0.0230231043265
3563.82270623	0.0230231593772
3564.1368655	0.0230231645053
3564.45102476	0.0230231144225
3564.76518403	0.0230230746855
3565.07934329	0.0230229875802
3565.39350256	0.0230228812228
3565.70766182	0.0230227229476
3566.02182109	0.0230224896773
3566.33598036	0.0230223267922
3566.65013962	0.0230223165771
3566.96429889	0.0230222463092
3567.27845815	0.0230220625904
3567.59261742	0.0230219480661
3567.90677668	0.023021863805
3568.22093595	0.0230219083128
3568.53509521	0.0230218851214
3568.84925448	0.0230216850798
3569.16341374	0.0230217478061
3569.47757301	0.0230219981923
3569.79173227	0.0230219736204
3570.10589154	0.0230217920626
3570.4200508	0.0230217128846
3570.73421007	0.0230215908957
3571.04836934	0.0230214476035
3571.3625286	0.0230213816319
3571.67668787	0.0230213844719
3571.99084713	0.0230213561167
3572.3050064	0.0230213005106
3572.61916566	0.0230213461456
3572.93332493	0.0230214540518
3573.24748419	0.0230213649247
3573.56164346	0.0230210998425
3573.87580272	0.0230209761182
3574.18996199	0.0230208443523
3574.50412125	0.0230205159009
3574.81828052	0.0230202324988
3575.13243979	0.0230200643715
3575.44659905	0.0230197495726
3575.76075832	0.0230193819767
3576.07491758	0.023019162268
3576.38907685	0.0230190587469
3576.70323611	0.0230189388831
3577.01739538	0.0230188137537
3577.33155464	0.0230187291127
3577.64571391	0.0230186720998
3577.95987317	0.0230186093405
3578.27403244	0.0230185622617
3578.5881917	0.0230184895723
3578.90235097	0.0230183487571
3579.21651023	0.0230181526257
3579.5306695	0.0230179762675
3579.84482877	0.0230177589127
3580.15898803	0.0230174365445
3580.4731473	0.0230171046714
3580.78730656	0.0230168875516
3581.10146583	0.0230167214961
3581.41562509	0.0230164310178
3581.72978436	0.0230161446031
3582.04394362	0.0230159632002
3582.35810289	0.0230158788189
3582.67226215	0.0230157518757
3582.98642142	0.0230155882252
3583.30058068	0.0230156336931
3583.61473995	0.023015807802
3583.92889922	0.023015924304
3584.24305848	0.0230159750403
3584.55721775	0.023015856838
3584.87137701	0.0230157283325
3585.18553628	0.0230155648517
3585.49969554	0.0230153138695
3585.81385481	0.0230151799643
3586.12801407	0.0230151463506
3586.44217334	0.0230150619718
3586.7563326	0.0230149468238
3587.07049187	0.0230150303755
3587.38465113	0.0230152114386
3587.6988104	0.0230151609907
3588.01296967	0.0230148275601
3588.32712893	0.0230146076742
3588.6412882	0.0230143590031
3588.95544746	0.0230141425575
3589.26960673	0.0230139051946
3589.58376599	0.0230136350736
3589.89792526	0.0230133895063
3590.21208452	0.0230132398798
3590.52624379	0.0230131078691
3590.84040305	0.0230129832049
3591.15456232	0.0230129417288
3591.46872158	0.0230129188628
3591.78288085	0.0230128806428
3592.09704011	0.0230128861226
3592.41119938	0.0230128436995
3592.72535865	0.0230127154191
3593.03951791	0.0230125344895
3593.35367718	0.0230123878189
3593.66783644	0.0230122069941
3593.98199571	0.0230119016969
3594.29615497	0.0230116630325
3594.61031424	0.0230114545115
3594.9244735	0.0230112305099
3595.23863277	0.0230108971826
3595.55279203	0.0230105228252
3595.8669513	0.0230102105211
3596.18111056	0.0230099964464
3596.49526983	0.0230098667267
3596.8094291	0.0230095507913
3597.12358836	0.0230092094927
3597.43774763	0.0230092189743
3597.75190689	0.0230094165738
3598.06606616	0.0230094830519
3598.38022542	0.023009490902
3598.69438469	0.0230095734643
3599.00854395	0.0230096358688
3599.32270322	0.0230096341746
3599.63686248	0.0230095799603
3599.95102175	0.0230094611539
3600.26518101	0.0230093522972
3600.57934028	0.0230093296889
3600.89349954	0.0230093094548
3601.20765881	0.023009239535
3601.52181808	0.0230091741339
3601.83597734	0.0230091258215
3602.15013661	0.0230091203422
3602.46429587	0.0230091748845
3602.77845514	0.0230092393356
3603.0926144	0.0230091760978
3603.40677367	0.0230092446493
3603.72093293	0.0230093483247
3604.0350922	0.0230092361441
3604.34925146	0.0230092286881
3604.66341073	0.0230093831618
3604.97756999	0.0230093904511
3605.29172926	0.0230092974634
3605.60588853	0.023009249729
3605.92004779	0.0230091592382
3606.23420706	0.0230090408118
3606.54836632	0.0230090146558
3606.86252559	0.0230090442974
3607.17668485	0.0230089933163
3607.49084412	0.0230089298444
3607.80500338	0.0230090233547
3608.11916265	0.0230090896177
3608.43332191	0.0230088122735
3608.74748118	0.0230083658201
3609.06164044	0.0230081490745
3609.37579971	0.0230079389522
3609.68995897	0.0230076155984
3610.00411824	0.0230072087519
3610.31827751	0.0230070163557
3610.63243677	0.0230069352372
3610.94659604	0.0230065714751
3611.2607553	0.0230062508311
3611.57491457	0.0230062761899
3611.88907383	0.0230063607263
3612.2032331	0.0230062935565
3612.51739236	0.0230062009757
3612.83155163	0.0230061811435
3613.14571089	0.0230061544115
3613.45987016	0.0230060565513
3613.77402942	0.0230059522536
3614.08818869	0.0230058830963
3614.40234796	0.0230056931092
3614.71650722	0.0230053870312
3615.03066649	0.023005236898
3615.34482575	0.0230050514306
3615.65898502	0.0230047420485
3615.97314428	0.0230045779773
3616.28730355	0.0230045548448
3616.60146281	0.0230044573006
3616.91562208	0.023004266909
3617.22978134	0.0230040828341
3617.54394061	0.0230041661617
3617.85809987	0.0230041334532
3618.17225914	0.023003931978
3618.4864184	0.0230039872409
3618.80057767	0.0230042116172
3619.11473694	0.0230042700537
3619.4288962	0.0230042310733
3619.74305547	0.0230041997437
3620.05721473	0.0230040744532
3620.371374	0.0230039482551
3620.68553326	0.0230038664087
3620.99969253	0.0230037835797
3621.31385179	0.0230036883125
3621.62801106	0.0230036073744
3621.94217032	0.0230035990429
3622.25632959	0.0230036849157
3622.57048885	0.0230037042775
3622.88464812	0.0230035406075
3623.19880739	0.0230033122923
3623.51296665	0.0230031271613
3623.82712592	0.023002935317
3624.14128518	0.0230026453637
3624.45544445	0.0230024080672
3624.76960371	0.0230021291411
3625.08376298	0.0230017736359
3625.39792224	0.0230015045796
3625.71208151	0.0230013471657
3626.02624077	0.023001179677
3626.34040004	0.0230009641177
3626.6545593	0.0230007655889
3626.96871857	0.0230005874686
3627.28287783	0.0230003978498
3627.5970371	0.0230002225141
3627.91119637	0.0230000592306
3628.22535563	0.0229999358603
3628.5395149	0.0229997680577
3628.85367416	0.022999527099
3629.16783343	0.0229992815352
3629.48199269	0.0229989807762
3629.79615196	0.0229986562186
3630.11031122	0.0229983673789
3630.42447049	0.0229980584417
3630.73862975	0.0229977142791
3631.05278902	0.0229973789605
3631.36694828	0.0229971035575
3631.68110755	0.0229969260907
3631.99526682	0.0229966728588
3632.30942608	0.0229964573793
3632.62358535	0.0229964777799
3632.93774461	0.0229966484212
3633.25190388	0.022996768896
3633.56606314	0.02299690365
3633.88022241	0.0229970065752
3634.19438167	0.022996960086
3634.50854094	0.0229969394505
3634.8227002	0.0229967671389
3635.13685947	0.0229966205397
3635.45101873	0.0229966305917
3635.765178	0.022996633092
3636.07933726	0.0229966471867
3636.39349653	0.0229969107677
3636.7076558	0.0229972039447
3637.02181506	0.0229973044226
3637.33597433	0.0229972845843
3637.65013359	0.0229972852847
3637.96429286	0.0229972576234
3638.27845212	0.0229971752268
3638.59261139	0.0229971143543
3638.90677065	0.0229970371244
3639.22092992	0.0229969050575
3639.53508918	0.0229968358939
3639.84924845	0.0229968453355
3640.16340771	0.0229968926768
3640.47756698	0.0229969432324
3640.79172625	0.0229970073334
3641.10588551	0.0229971078437
3641.42004478	0.0229972181061
3641.73420404	0.0229973003739
3642.04836331	0.0229973000597
3642.36252257	0.0229972594771
3642.67668184	0.0229972147026
3642.9908411	0.0229969609481
3643.30500037	0.0229966929589
3643.61915963	0.0229965649653
3643.9333189	0.0229962869991
3644.24747816	0.0229959337529
3644.56163743	0.0229956656266
3644.8757967	0.0229953551277
3645.18995596	0.0229949895924
3645.50411523	0.0229946722835
3645.81827449	0.0229944039025
3646.13243376	0.0229941135365
3646.44659302	0.0229937774233
3646.76075229	0.0229936048501
3647.07491155	0.0229936089096
3647.38907082	0.0229936185725
3647.70323008	0.022993580251
3648.01738935	0.0229935586985
3648.33154861	0.0229935597583
3648.64570788	0.0229935034502
3648.95986714	0.0229934110658
3649.27402641	0.0229932565027
3649.58818568	0.0229930725407
3649.90234494	0.0229930035742
3650.21650421	0.0229929686041
3650.53066347	0.0229928865302
3650.84482274	0.0229927936525
3651.158982	0.022992720089
3651.47314127	0.0229926767302
3651.78730053	0.0229926538476
3652.1014598	0.0229926283646
3652.41561906	0.0229925840229
3652.72977833	0.0229925547675
3653.04393759	0.0229925987277
3653.35809686	0.0229926183283
3653.67225613	0.0229925410833
3653.98641539	0.0229924859865
3654.30057466	0.0229925218969
3654.61473392	0.0229925336179
3654.92889319	0.0229924484198
3655.24305245	0.022992335425
3655.55721172	0.0229922689272
3655.87137098	0.0229922271847
3656.18553025	0.0229921776346
3656.49968951	0.0229921360173
3656.81384878	0.0229920840008
3657.12800804	0.0229919981773
3657.44216731	0.0229917853896
3657.75632657	0.0229915210712
3658.07048584	0.0229912061472
3658.38464511	0.0229908011913
3658.69880437	0.0229904271023
3659.01296364	0.0229900991338
3659.3271229	0.0229896759743
3659.64128217	0.0229892937727
3659.95544143	0.0229890907245
3660.2696007	0.0229887806213
3660.58375996	0.0229883537632
3660.89791923	0.0229881045348
3661.21207849	0.0229880532513
3661.52623776	0.0229879714153
3661.84039702	0.0229878084496
3662.15455629	0.0229876829149
3662.46871556	0.0229875906256
3662.78287482	0.0229874690255
3663.09703409	0.0229873470826
3663.41119335	0.0229872399254
3663.72535262	0.0229871249067
3664.03951188	0.0229867689305
3664.35367115	0.0229864661643
3664.66783041	0.0229863309902
3664.98198968	0.0229860994639
3665.29614894	0.0229858386851
3665.61030821	0.0229858032803
3665.92446747	0.0229858135772
3666.23862674	0.0229856944308
3666.552786	0.0229856026622
3666.86694527	0.0229855833053
3667.18110454	0.0229856554425
3667.4952638	0.0229855834325
3667.80942307	0.0229855171885
3668.12358233	0.0229856539677
3668.4377416	0.0229858285878
3668.75190086	0.0229859241344
3669.06606013	0.02298594231
3669.38021939	0.0229859105833
3669.69437866	0.0229858893322
3670.00853792	0.022985924739
3670.32269719	0.0229859560518
3670.63685645	0.0229859432507
3670.95101572	0.0229859737493
3671.26517499	0.0229860563511
3671.57933425	0.0229860990411
3671.89349352	0.0229861584198
3672.20765278	0.0229862197879
3672.52181205	0.0229861200209
3672.83597131	0.0229858820348
3673.15013058	0.0229857986464
3673.46428984	0.0229856351658
3673.77844911	0.0229853687588
3674.09260837	0.0229851504409
3674.40676764	0.0229849793451
3674.7209269	0.0229847913376
3675.03508617	0.0229845697354
3675.34924543	0.0229844125364
3675.6634047	0.0229843255844
3675.97756397	0.0229842288897
3676.29172323	0.0229841201475
3676.6058825	0.0229840131744
3676.92004176	0.0229839156485
3677.23420103	0.022983762567
3677.54836029	0.022983581748
3677.86251956	0.0229834046088
3678.17667882	0.0229832770818
3678.49083809	0.0229831484006
3678.80499735	0.0229828933763
3679.11915662	0.0229826311231
3679.43331588	0.022982397162
3679.74747515	0.0229821332333
3680.06163442	0.0229818329475
3680.37579368	0.0229814997061
3680.68995295	0.0229812192508
3681.00411221	0.0229810439813
3681.31827148	0.0229809190756
3681.63243074	0.0229807460805
3681.94659001	0.0229806148469
3682.26074927	0.0229806760122
3682.57490854	0.0229808546907
3682.8890678	0.0229810295438
3683.20322707	0.0229811657856
3683.51738633	0.0229811881461
3683.8315456	0.022981130812
3684.14570486	0.0229809647903
3684.45986413	0.022980839771
3684.7740234	0.0229807736445
3685.08818266	0.0229806976099
3685.40234193	0.0229806685742
3685.71650119	0.0229807760206
3686.03066046	0.0229809833914
3686.34481972	0.0229811197144
3686.65897899	0.0229811568154
3686.97313825	0.0229811085865
3687.28729752	0.0229810300955
3687.60145678	0.0229809297291
3687.91561605	0.0229808030199
3688.22977531	0.0229807089454
3688.54393458	0.022980647977
3688.85809385	0.0229805088295
3689.17225311	0.0229804034801
3689.48641238	0.0229804037578
3689.80057164	0.0229804018226
3690.11473091	0.0229804123217
3690.42889017	0.0229804633948
3690.74304944	0.02298045635
3691.0572087	0.0229804683275
3691.37136797	0.0229805597895
3691.68552723	0.0229806022869
3691.9996865	0.022980574215
3692.31384576	0.0229804976545
3692.62800503	0.0229803492098
3692.94216429	0.0229800913988
3693.25632356	0.0229797830316
3693.57048283	0.0229794610877
3693.88464209	0.0229790878383
3694.19880136	0.0229787222263
3694.51296062	0.0229784206325
3694.82711989	0.0229781326688
3695.14127915	0.0229778440517
3695.45543842	0.0229775913435
3695.76959768	0.0229774026503
3696.08375695	0.0229771920186
3696.39791621	0.0229769983459
3696.71207548	0.0229769581249
3697.02623474	0.0229769672208
3697.34039401	0.0229769313831
3697.65455328	0.0229768192239
3697.96871254	0.0229765857671
3698.28287181	0.022976338217
3698.59703107	0.0229761377698
3698.91119034	0.0229759210768
3699.2253496	0.0229757184183
3699.53950887	0.0229755984388
3699.85366813	0.0229755402293
3700.1678274	0.0229754933017
3700.48198666	0.0229754376054
3700.79614593	0.0229753858604
3701.11030519	0.022975299017
3701.42446446	0.0229752078126
3701.73862372	0.0229751463911
3702.05278299	0.0229750512648
3702.36694226	0.0229749285438
3702.68110152	0.0229749506723
3702.99526079	0.0229749009047
3703.30942005	0.0229746757887
3703.62357932	0.0229745795981
3703.93773858	0.0229746226137
3704.25189785	0.0229746152961
3704.56605711	0.0229745283533
3704.88021638	0.0229744539917
3705.19437564	0.0229744196869
3705.50853491	0.0229744053963
3705.82269417	0.0229743773476
3706.13685344	0.0229743581487
3706.45101271	0.0229743865325
3706.76517197	0.022974415757
3707.07933124	0.0229743462367
3707.3934905	0.022974195816
3707.70764977	0.0229739919822
3708.02180903	0.0229737077053
3708.3359683	0.0229734262112
3708.65012756	0.0229731270464
3708.96428683	0.0229727894177
3709.27844609	0.022972499976
3709.59260536	0.022972291738
3709.90676462	0.0229720243544
3710.22092389	0.0229716945885
3710.53508316	0.0229714845386
3710.84924242	0.0229714325403
3711.16340169	0.0229713981043
3711.47756095	0.0229713558406
3711.79172022	0.0229713192964
3712.10587948	0.0229713280113
3712.42003875	0.0229713837341
3712.73419801	0.0229714088846
3713.04835728	0.0229713818352
3713.36251654	0.0229712324366
3713.67667581	0.0229710073982
3713.99083507	0.0229707988975
3714.30499434	0.022970506201
3714.6191536	0.0229702827212
3714.93331287	0.0229701857122
3715.24747214	0.0229701271053
3715.5616314	0.0229700751518
3715.87579067	0.0229700215212
3716.18994993	0.0229698710276
3716.5041092	0.0229697027101
3716.81826846	0.022969700654
3717.13242773	0.022969626879
3717.44658699	0.0229694372873
3717.76074626	0.0229694121639
3718.07490552	0.022969531893
3718.38906479	0.0229695877239
3718.70322405	0.0229695786105
3719.01738332	0.0229695458994
3719.33154259	0.0229695207578
3719.64570185	0.0229695316433
3719.95986112	0.0229695656754
3720.27402038	0.0229695439497
3720.58817965	0.0229694984648
3720.90233891	0.0229695040692
3721.21649818	0.022969483655
3721.53065744	0.0229695249035
3721.84481671	0.0229695890108
3722.15897597	0.0229694533937
3722.47313524	0.0229692325151
3722.7872945	0.0229690738267
3723.10145377	0.0229688576925
3723.41561303	0.0229685772925
3723.7297723	0.0229683345697
3724.04393157	0.0229681421075
3724.35809083	0.0229678935592
3724.6722501	0.022967620217
3724.98640936	0.0229674614758
3725.30056863	0.0229674094071
3725.61472789	0.0229673876162
3725.92888716	0.0229674011162
3726.24304642	0.0229674399115
3726.55720569	0.0229674689116
3726.87136495	0.0229674604516
3727.18552422	0.0229674908531
3727.49968348	0.022967414916
3727.81384275	0.0229670518973
3728.12800202	0.0229666652466
3728.44216128	0.0229665301676
3728.75632055	0.0229664008205
3729.07047981	0.0229660725705
3729.38463908	0.0229657562239
3729.69879834	0.0229655780874
3730.01295761	0.0229654798588
3730.32711687	0.0229653539788
3730.64127614	0.0229651970075
3730.9554354	0.0229650861167
3731.26959467	0.0229650728781
3731.58375393	0.0229650440739
3731.8979132	0.0229649889682
3732.21207246	0.0229650897746
3732.52623173	0.0229652130729
3732.840391	0.0229651401923
3733.15455026	0.0229649261214
3733.46870953	0.022964750296
3733.78286879	0.0229646011681
3734.09702806	0.0229644413882
3734.41118732	0.0229643453883
3734.72534659	0.0229643366247
3735.03950585	0.0229642993106
3735.35366512	0.0229642308391
3735.66782438	0.0229643755019
3735.98198365	0.0229645876192
3736.29614291	0.0229645174518
3736.61030218	0.0229642465763
3736.92446145	0.0229640708411
3737.23862071	0.0229639251262
3737.55277998	0.0229637549999
3737.86693924	0.0229635075017
3738.18109851	0.0229633754848
3738.49525777	0.0229632946697
3738.80941704	0.0229631054609
3739.1235763	0.0229629781487
3739.43773557	0.0229630568759
3739.75189483	0.0229631790038
3740.0660541	0.0229632132631
3740.38021336	0.0229632212146
3740.69437263	0.0229633149808
3741.00853189	0.0229634045538
3741.32269116	0.02296338076
3741.63685043	0.0229633918551
3741.95100969	0.0229634515346
3742.26516896	0.0229632918489
3742.57932822	0.0229629681108
3742.89348749	0.0229627553685
3743.20764675	0.022962565629
3743.52180602	0.0229622484787
3743.83596528	0.0229619223404
3744.15012455	0.0229617541944
3744.46428381	0.022961618098
3744.77844308	0.0229614116592
3745.09260234	0.0229611796769
3745.40676161	0.0229610930756
3745.72092088	0.0229609905714
3746.03508014	0.0229606881757
3746.34923941	0.02296062476
3746.66339867	0.0229607499942
3746.97755794	0.022960762098
3747.2917172	0.0229605968059
3747.60587647	0.0229604175434
3747.92003573	0.022960287003
3748.234195	0.0229600857226
3748.54835426	0.0229598174134
3748.86251353	0.0229596011586
3749.17667279	0.0229594469903
3749.49083206	0.0229592379861
3749.80499132	0.0229590636843
3750.11915059	0.0229590059235
3750.43330986	0.0229590393279
3750.74746912	0.0229589762647
3751.06162839	0.0229587563208
3751.37578765	0.0229585205149
3751.68994692	0.0229583419854
3752.00410618	0.0229581660741
3752.31826545	0.0229579405132
3752.63242471	0.0229577633867
3752.94658398	0.0229575716926
3753.26074324	0.0229573738339
3753.57490251	0.0229572708306
3753.88906177	0.0229572195972
3754.20322104	0.0229571409618
3754.51738031	0.0229570625127
3754.83153957	0.0229570259328
3755.14569884	0.022957033819
3755.4598581	0.0229570999424
3755.77401737	0.0229571719276
3756.08817663	0.0229572071615
3756.4023359	0.0229572855858
3756.71649516	0.022957417084
3757.03065443	0.0229573386443
3757.34481369	0.0229570542991
3757.65897296	0.0229570057318
3757.97313222	0.0229568994392
3758.28729149	0.0229565835477
3758.60145075	0.0229563588893
3758.91561002	0.0229562063506
3759.22976929	0.0229561151221
3759.54392855	0.0229559135518
3759.85808782	0.0229556479155
3760.17224708	0.0229555341238
3760.48640635	0.022955589295
3760.80056561	0.0229556764552
3761.11472488	0.0229557626926
3761.42888414	0.0229558985122
3761.74304341	0.0229560747637
3762.05720267	0.0229562019428
3762.37136194	0.0229562261591
3762.6855212	0.0229561791231
3762.99968047	0.0229560824087
3763.31383974	0.0229558378244
3763.627999	0.0229555759758
3763.94215827	0.0229554471773
3764.25631753	0.0229553617065
3764.5704768	0.0229553063557
3764.88463606	0.0229552885952
3765.19879533	0.0229552062965
3765.51295459	0.0229549627767
3765.82711386	0.0229547701096
3766.14127312	0.02295466406
3766.45543239	0.0229545295577
3766.76959165	0.0229543288063
3767.08375092	0.022954172054
3767.39791019	0.0229541282777
3767.71206945	0.0229540866041
3768.02622872	0.0229540268902
3768.34038798	0.0229539475638
3768.65454725	0.0229538473715
3768.96870651	0.0229538311413
3769.28286578	0.0229538870764
3769.59702504	0.0229538991948
3769.91118431	0.0229538911671
3770.22534357	0.0229538867869
3770.53950284	0.0229537941696
3770.8536621	0.0229537379225
3771.16782137	0.022953669098
3771.48198063	0.0229535185574
3771.7961399	0.0229534031586
3772.11029917	0.0229532175682
3772.42445843	0.0229529443958
3772.7386177	0.0229526886523
3773.05277696	0.0229525182825
3773.36693623	0.0229523454742
3773.68109549	0.0229521168537
3773.99525476	0.0229518854706
3774.30941402	0.0229517281607
3774.62357329	0.022951669386
3774.93773255	0.0229516824535
3775.25189182	0.0229517531796
3775.56605108	0.0229518690987
3775.88021035	0.0229519544951
3776.19436962	0.0229519905713
3776.50852888	0.0229519705143
3776.82268815	0.0229519030529
3777.13684741	0.0229516767999
3777.45100668	0.0229513615071
3777.76516594	0.0229511375873
3778.07932521	0.022950968519
3778.39348447	0.0229507930281
3778.70764374	0.0229506751834
3779.021803	0.0229505501923
3779.33596227	0.0229503607865
3779.65012153	0.0229502093737
3779.9642808	0.022950099577
3780.27844006	0.022949953318
3780.59259933	0.0229498187289
3780.9067586	0.022949725324
3781.22091786	0.0229496613429
3781.53507713	0.0229496238674
3781.84923639	0.0229496089185
3782.16339566	0.0229495208715
3782.47755492	0.0229492890284
3782.79171419	0.0229490749274
3783.10587345	0.0229488362275
3783.42003272	0.0229485647122
3783.73419198	0.0229483507576
3784.04835125	0.0229482379645
3784.36251051	0.0229481354389
3784.67666978	0.0229479907057
3784.99082905	0.022947907743
3785.30498831	0.0229478807717
3785.61914758	0.0229477720252
3785.93330684	0.0229475793084
3786.24746611	0.0229472468327
3786.56162537	0.0229469593442
3786.87578464	0.022946703781
3787.1899439	0.0229464504833
3787.50410317	0.0229461979936
3787.81826243	0.0229460467519
3788.1324217	0.0229458788397
3788.44658096	0.0229456109103
3788.76074023	0.0229454772941
3789.07489949	0.0229455378437
3789.38905876	0.0229455690613
3789.70321803	0.0229455078716
3790.01737729	0.0229455123031
3790.33153656	0.0229455785888
3790.64569582	0.0229455821089
3790.95985509	0.02294555807
3791.27401435	0.0229456304761
3791.58817362	0.0229457104637
3791.90233288	0.0229455490782
3792.21649215	0.0229452630102
3792.53065141	0.0229451029954
3792.84481068	0.0229449777555
3793.15896994	0.0229447576071
3793.47312921	0.0229446046414
3793.78728848	0.0229445793876
3794.10144774	0.0229445380337
3794.41560701	0.0229444927496
3794.72976627	0.0229444094024
3795.04392554	0.0229444396304
3795.3580848	0.0229443660662
3795.67224407	0.0229441599305
3795.98640333	0.0229442431598
3796.3005626	0.0229444205692
3796.61472186	0.0229443570615
3796.92888113	0.0229441632619
3797.24304039	0.0229440964304
3797.55719966	0.0229439971303
3797.87135892	0.022943814186
3798.18551819	0.0229437063223
3798.49967746	0.0229436846587
3798.81383672	0.0229436637485
3799.12799599	0.0229436347854
3799.44215525	0.0229436071453
3799.75631452	0.022943584503
3800.07047378	0.022943547487
3800.38463305	0.022943417338
3800.69879231	0.0229432732917
3801.01295158	0.0229430499016
3801.32711084	0.0229427783811
3801.64127011	0.022942612399
3801.95542937	0.0229423952174
3802.26958864	0.0229421289308
3802.58374791	0.0229419480678
3802.89790717	0.0229419112431
3803.21206644	0.0229419153956
3803.5262257	0.0229418444756
3803.84038497	0.0229417675095
3804.15454423	0.0229417853585
3804.4687035	0.0229417785557
3804.78286276	0.0229417358588
3805.09702203	0.022941789866
3805.41118129	0.0229418790718
3805.72534056	0.0229418965491
3806.03949982	0.0229419216351
3806.35365909	0.0229419779881
3806.66781835	0.0229417701894
3806.98197762	0.0229415320894
3807.29613689	0.022941505274
3807.61029615	0.0229414792059
3807.92445542	0.0229412475908
3808.23861468	0.022940921259
3808.55277395	0.0229409130574
3808.86693321	0.0229409256053
3809.18109248	0.0229406725738
3809.49525174	0.0229404635588
3809.80941101	0.0229404922462
3810.12357027	0.0229406257713
3810.43772954	0.0229407453612
3810.7518888	0.0229408843753
3811.06604807	0.0229410737738
3811.38020734	0.0229412353743
3811.6943666	0.0229413541335
3812.00852587	0.0229413787384
3812.32268513	0.0229412358814
3812.6368444	0.0229410380819
3812.95100366	0.0229408772318
3813.26516293	0.0229407374718
3813.57932219	0.0229405739404
3813.89348146	0.0229404384831
3814.20764072	0.0229403917779
3814.52179999	0.0229403559277
3814.83595925	0.0229401971151
3815.15011852	0.0229398261918
3815.46427778	0.0229395749791
3815.77843705	0.0229394929355
3816.09259632	0.0229391660905
3816.40675558	0.0229388536114
3816.72091485	0.0229387433252
3817.03507411	0.0229387132237
3817.34923338	0.0229385355819
3817.66339264	0.0229383246106
3817.97755191	0.0229382204822
3818.29171117	0.0229380671936
3818.60587044	0.0229378420537
3818.9200297	0.0229376966406
3819.23418897	0.0229375627893
3819.54834823	0.0229373535797
3819.8625075	0.0229371420641
3820.17666677	0.0229369964989
3820.49082603	0.0229368937816
3820.8049853	0.022936716248
3821.11914456	0.022936472633
3821.43330383	0.0229362724273
3821.74746309	0.0229359513989
3822.06162236	0.0229355243096
3822.37578162	0.0229352847758
3822.68994089	0.0229350809904
3823.00410015	0.0229348068621
3823.31825942	0.0229345804926
3823.63241868	0.0229343885144
3823.94657795	0.0229342983942
3824.26073721	0.022934328989
3824.57489648	0.0229343809024
3824.88905575	0.0229344496479
3825.20321501	0.0229345832747
3825.51737428	0.0229347376504
3825.83153354	0.0229348033446
3826.14569281	0.0229348400494
3826.45985207	0.0229348761509
3826.77401134	0.0229347672961
3827.0881706	0.0229344894355
3827.40232987	0.022934331071
3827.71648913	0.0229343140183
3828.0306484	0.0229342175823
3828.34480766	0.0229341340113
3828.65896693	0.0229341575838
3828.9731262	0.02293416044
3829.28728546	0.0229341140323
3829.60144473	0.0229340737844
3829.91560399	0.0229340959655
3830.22976326	0.0229340938777
3830.54392252	0.0229340396916
3830.85808179	0.0229340751921
3831.17224105	0.0229341608057
3831.48640032	0.0229341955956
3831.80055958	0.0229340984202
3832.11471885	0.0229339129777
3832.42887811	0.0229337214915
3832.74303738	0.0229335145682
3833.05719665	0.0229333082514
3833.37135591	0.0229331201074
3833.68551518	0.0229329472856
3833.99967444	0.0229328000817
3834.31383371	0.0229326587596
3834.62799297	0.0229325546255
3834.94215224	0.0229324943593
3835.2563115	0.0229323247348
3835.57047077	0.0229320850978
3835.88463003	0.0229317743189
3836.1987893	0.0229314356407
3836.51294856	0.0229311436869
3836.82710783	0.0229308359483
3837.14126709	0.0229305574766
3837.45542636	0.0229303550161
3837.76958563	0.0229300758598
3838.08374489	0.0229297791964
3838.39790416	0.0229296595447
3838.71206342	0.0229296197664
3839.02622269	0.0229295289283
3839.34038195	0.0229294536594
3839.65454122	0.022929436453
3839.96870048	0.0229295042143
3840.28285975	0.022929598764
3840.59701901	0.022929674936
3840.91117828	0.0229298089009
3841.22533754	0.0229299542881
3841.53949681	0.0229298288806
3841.85365608	0.0229295838666
3842.16781534	0.022929515946
3842.48197461	0.0229294775541
3842.79613387	0.0229293345976
3843.11029314	0.0229292911859
3843.4244524	0.0229293432138
3843.73861167	0.0229293883223
3844.05277093	0.0229294034947
3844.3669302	0.0229294596077
3844.68108946	0.0229296203035
3844.99524873	0.0229295855462
3845.30940799	0.0229296540846
3845.62356726	0.0229299422114
3845.93772652	0.0229301453887
3846.25188579	0.0229301083936
3846.56604506	0.0229300269023
3846.88020432	0.022930022635
3847.19436359	0.0229299568438
3847.50852285	0.0229298503284
3847.82268212	0.0229297903498
3848.13684138	0.0229297950594
3848.45100065	0.0229297873934
3848.76515991	0.0229297691519
3849.07931918	0.0229298240878
3849.39347844	0.0229297805303
3849.70763771	0.0229295507713
3850.02179697	0.0229293016759
3850.33595624	0.022929088107
3850.65011551	0.0229287711211
3850.96427477	0.0229284684613
3851.27843404	0.0229281443835
3851.5925933	0.0229278637515
3851.90675257	0.0229275786685
3852.22091183	0.0229273196162
3852.5350711	0.0229271827354
3852.84923036	0.0229270899822
3853.16338963	0.0229269318999
3853.47754889	0.0229267746534
3853.79170816	0.0229266407691
3854.10586742	0.0229264692322
3854.42002669	0.0229263017004
3854.73418595	0.0229261756745
3855.04834522	0.0229260301026
3855.36250449	0.0229258517104
3855.67666375	0.0229257822307
3855.99082302	0.0229257432231
3856.30498228	0.0229254689946
3856.61914155	0.0229251694977
3856.93330081	0.0229250585405
3857.24746008	0.0229249773628
3857.56161934	0.0229246823077
3857.87577861	0.0229243809144
3858.18993787	0.0229242989835
3858.50409714	0.0229242209683
3858.8182564	0.0229240524093
3859.13241567	0.0229239251234
3859.44657494	0.0229239603522
3859.7607342	0.0229241053142
3860.07489347	0.0229242693671
3860.38905273	0.0229244295281
3860.703212	0.0229246164601
3861.01737126	0.0229247709526
3861.33153053	0.0229248382115
3861.64568979	0.0229248146101
3861.95984906	0.02292463495
3862.27400832	0.0229244178136
3862.58816759	0.0229243556306
3862.90232685	0.0229242565102
3863.21648612	0.0229240823121
3863.53064538	0.0229239997628
3863.84480465	0.0229240353933
3864.15896392	0.0229240355668
3864.47312318	0.0229238412019
3864.78728245	0.0229235487791
3865.10144171	0.0229234044997
3865.41560098	0.022923158359
3865.72976024	0.0229228266642
3866.04391951	0.0229226456834
3866.35807877	0.0229225426105
3866.67223804	0.0229223989623
3866.9863973	0.0229221983599
3867.30055657	0.022922064371
3867.61471583	0.02292199049
3867.9288751	0.0229218136413
3868.24303437	0.0229216117301
3868.55719363	0.0229214679395
3868.8713529	0.0229213218582
3869.18551216	0.0229211653616
3869.49967143	0.022921022392
3869.81383069	0.0229209303684
3870.12798996	0.0229208370861
3870.44214922	0.0229206768166
3870.75630849	0.0229204720899
3871.07046775	0.022920313279
3871.38462702	0.0229200270563
3871.69878628	0.0229197009297
3872.01294555	0.0229194894821
3872.32710481	0.0229192795593
3872.64126408	0.0229190741582
3872.95542335	0.0229189750941
3873.26958261	0.0229188841314
3873.58374188	0.0229188143501
3873.89790114	0.02291887468
3874.21206041	0.0229189936689
3874.52621967	0.022919104496
3874.84037894	0.0229192242263
3875.1545382	0.0229192943198
3875.46869747	0.0229192837667
3875.78285673	0.0229193327885
3876.097016	0.0229194094929
3876.41117526	0.0229193701993
3876.72533453	0.0229192194803
3877.0394938	0.0229191353787
3877.35365306	0.0229191381813
3877.66781233	0.0229190868236
3877.98197159	0.0229190276421
3878.29613086	0.0229190511045
3878.61029012	0.0229190771363
3878.92444939	0.022919040652
3879.23860865	0.0229189708315
3879.55276792	0.0229189175507
3879.86692718	0.0229188167669
3880.18108645	0.0229187001598
3880.49524571	0.0229186404285
3880.80940498	0.0229185679275
3881.12356424	0.022918494993
3881.43772351	0.0229184256325
3881.75188278	0.0229183182181
3882.06604204	0.0229182061494
3882.38020131	0.0229181060367
3882.69436057	0.0229179633116
3883.00851984	0.0229178634441
3883.3226791	0.0229178173909
3883.63683837	0.0229177273843
3883.95099763	0.0229175973155
3884.2651569	0.0229174920346
3884.57931616	0.0229173809161
3884.89347543	0.0229171162298
3885.20763469	0.0229168611764
3885.52179396	0.0229166013383
3885.83595323	0.0229163142486
3886.15011249	0.0229160677728
3886.46427176	0.0229157670615
3886.77843102	0.0229154877108
3887.09259029	0.0229153150158
3887.40674955	0.0229150462007
3887.72090882	0.0229147643131
3888.03506808	0.0229146272201
3888.34922735	0.022914594384
3888.66338661	0.0229145602608
3888.97754588	0.022914510948
3889.29170514	0.0229145194258
3889.60586441	0.0229145861186
3889.92002368	0.0229146407585
3890.23418294	0.0229147098541
3890.54834221	0.0229147948167
3890.86250147	0.02291478947
3891.17666074	0.0229145568331
3891.49082	0.0229142901422
3891.80497927	0.0229141408311
3892.11913853	0.0229140868975
3892.4332978	0.0229140504738
3892.74745706	0.0229140040854
3893.06161633	0.0229140163134
3893.37577559	0.0229140579817
3893.68993486	0.0229140559114
3894.00409412	0.0229141543223
3894.31825339	0.0229142200059
3894.63241266	0.0229141843267
3894.94657192	0.022914305213
3895.26073119	0.0229145677205
3895.57489045	0.0229147126839
3895.88904972	0.0229147281854
3896.20320898	0.022914700723
3896.51736825	0.0229146654408
3896.83152751	0.0229146311127
3897.14568678	0.0229146133097
3897.45984604	0.0229146061912
3897.77400531	0.0229145417304
3898.08816457	0.0229144724259
3898.40232384	0.0229145294568
3898.71648311	0.0229146398934
3899.03064237	0.0229145671561
3899.34480164	0.0229144619515
3899.6589609	0.0229143936983
3899.97312017	0.022914200595
3900.28727943	0.0229138837195
3900.6014387	0.0229135300289
3900.91559796	0.0229133279824
3901.22975723	0.022913061581
3901.54391649	0.0229126518928
3901.85807576	0.0229123356694
3902.17223502	0.022912156032
3902.48639429	0.0229120089204
3902.80055355	0.0229118579073
3903.11471282	0.0229116662482
3903.42887209	0.0229114718144
3903.74303135	0.0229114021997
3904.05719062	0.022911358078
3904.37134988	0.0229111458654
3904.68550915	0.0229109277361
3904.99966841	0.0229108679014
3905.31382768	0.0229107174074
3905.62798694	0.0229102965414
3905.94214621	0.022909921928
3906.25630547	0.0229097088297
3906.57046474	0.0229095302746
3906.884624	0.0229093209875
3907.19878327	0.0229090324649
3907.51294254	0.0229087732191
3907.8271018	0.0229086739675
3908.14126107	0.0229085442058
3908.45542033	0.0229084202714
3908.7695796	0.0229083198205
3909.08373886	0.0229082840637
3909.39789813	0.0229084086521
3909.71205739	0.0229085498798
3910.02621666	0.0229086465968
3910.34037592	0.0229087314454
3910.65453519	0.0229087824746
3910.96869445	0.0229087297952
3911.28285372	0.0229086345648
3911.59701298	0.0229085793125
3911.91117225	0.0229084327776
3912.22533152	0.0229082435341
3912.53949078	0.0229081607716
3912.85365005	0.0229081618447
3913.16780931	0.0229080989512
3913.48196858	0.0229080270687
3913.79612784	0.0229080343756
3914.11028711	0.0229080148303
3914.42444637	0.0229078640857
3914.73860564	0.0229076467969
3915.0527649	0.0229074833352
3915.36692417	0.0229072626757
3915.68108343	0.0229070364611
3915.9952427	0.0229068981624
3916.30940197	0.0229067573547
3916.62356123	0.0229066236474
3916.9377205	0.022906525399
3917.25187976	0.0229064230524
3917.56603903	0.0229062749882
3917.88019829	0.02290611915
3918.19435756	0.0229060181316
3918.50851682	0.0229059125248
3918.82267609	0.0229058419427
3919.13683535	0.0229058185072
3919.45099462	0.0229058027882
3919.76515388	0.0229058089478
3920.07931315	0.0229057882625
3920.39347241	0.0229056200836
3920.70763168	0.022905319841
3921.02179095	0.0229050681488
3921.33595021	0.0229048763743
3921.65010948	0.0229045903915
3921.96426874	0.0229043194381
3922.27842801	0.0229041879116
3922.59258727	0.0229040712207
3922.90674654	0.0229038937543
3923.2209058	0.0229038107633
3923.53506507	0.022903856419
3923.84922433	0.0229039763192
3924.1633836	0.0229040980953
3924.47754286	0.0229042127872
3924.79170213	0.0229043164433
3925.1058614	0.0229043539086
3925.42002066	0.0229043464808
3925.73417993	0.0229044010319
3926.04833919	0.0229044413092
3926.36249846	0.0229043772338
3926.67665772	0.0229042582181
3926.99081699	0.0229042513146
3927.30497625	0.0229042050256
3927.61913552	0.0229042174317
3927.93329478	0.0229042866431
3928.24745405	0.022904208326
3928.56161331	0.0229041050527
3928.87577258	0.0229040281557
3929.18993184	0.0229039196685
3929.50409111	0.022903807717
3929.81825038	0.0229037373077
3930.13240964	0.0229036217318
3930.44656891	0.022903548005
3930.76072817	0.0229035538395
3931.07488744	0.0229035385307
3931.3890467	0.0229034129307
3931.70320597	0.0229032908041
3932.01736523	0.0229031900762
3932.3315245	0.0229030375535
3932.64568376	0.0229029180914
3932.95984303	0.0229029013258
3933.27400229	0.0229028588563
3933.58816156	0.0229027455763
3933.90232083	0.0229027230247
3934.21648009	0.0229028308596
3934.53063936	0.0229026506669
3934.84479862	0.0229021708903
3935.15895789	0.0229019563418
3935.47311715	0.0229017217835
3935.78727642	0.022901332666
3936.10143568	0.0229009203694
3936.41559495	0.0229006963265
3936.72975421	0.0229005205473
3937.04391348	0.0229002416253
3937.35807274	0.0228999574748
3937.67223201	0.0228998241624
3937.98639127	0.022899842554
3938.30055054	0.0228998690625
3938.61470981	0.0228998739434
3938.92886907	0.0228999516659
3939.24302834	0.0229000692906
3939.5571876	0.0229001401484
3939.87134687	0.0229001788556
3940.18550613	0.0229001099392
3940.4996654	0.0228998424379
3940.81382466	0.022899489571
3941.12798393	0.0228992367752
3941.44214319	0.0228990916289
3941.75630246	0.0228990141056
3942.07046172	0.0228989543526
3942.38462099	0.0228989015327
3942.69878026	0.0228989258189
3943.01293952	0.0228989748207
3943.32709879	0.0228987304632
3943.64125805	0.0228987774758
3943.95541732	0.0228988380959
3944.26957658	0.0228985309733
3944.58373585	0.0228985362685
3944.89789511	0.0228988076055
3945.21205438	0.0228988704386
3945.52621364	0.022898712995
3945.84037291	0.0228985914971
3946.15453217	0.0228985870671
3946.46869144	0.0228985766163
3946.78285071	0.0228984748416
3947.09700997	0.022898415869
3947.41116924	0.0228984415119
3947.7253285	0.0228983773001
3948.03948777	0.0228983177564
3948.35364703	0.0228984424662
3948.6678063	0.0228985498773
3948.98196556	0.0228984501845
3949.29612483	0.022898218455
3949.61028409	0.022898088358
3949.92444336	0.0228978510859
3950.23860262	0.0228975219532
3950.55276189	0.022897273326
3950.86692115	0.0228970504675
3951.18108042	0.0228967844983
3951.49523969	0.0228964962605
3951.80939895	0.0228962910814
3952.12355822	0.0228962428202
3952.43771748	0.0228961971811
3952.75187675	0.0228961015021
3953.06603601	0.0228960692691
3953.38019528	0.0228960953984
3953.69435454	0.0228960616421
3954.00851381	0.0228959524338
3954.32267307	0.0228958625962
3954.63683234	0.0228957876015
3954.9509916	0.02289552311
3955.26515087	0.0228951299334
3955.57931014	0.0228949197783
3955.8934694	0.02289476838
3956.20762867	0.0228945498924
3956.52178793	0.0228943139235
3956.8359472	0.0228940978728
3957.15010646	0.0228939333246
3957.46426573	0.0228937188685
3957.77842499	0.0228936538047
3958.09258426	0.0228935536285
3958.40674352	0.0228932999098
3958.72090279	0.0228932714447
3959.03506205	0.022893517642
3959.34922132	0.0228936664277
3959.66338058	0.0228937287391
3959.97753985	0.0228937543188
3960.29169912	0.0228936818271
3960.60585838	0.0228935831388
3960.92001765	0.0228934561725
3961.23417691	0.0228933019432
3961.54833618	0.0228931837015
3961.86249544	0.0228931153989
3962.17665471	0.0228930884453
3962.49081397	0.0228930956871
3962.80497324	0.0228931828727
3963.1191325	0.0228933232156
3963.43329177	0.0228933803631
3963.74745103	0.0228933105975
3964.0616103	0.0228931857051
3964.37576957	0.0228930628103
3964.68992883	0.0228929142871
3965.0040881	0.0228927569439
3965.31824736	0.0228925778383
3965.63240663	0.0228923987016
3965.94656589	0.0228923459176
3966.26072516	0.0228922882113
3966.57488442	0.0228922049252
3966.88904369	0.0228921239009
3967.20320295	0.0228920598093
3967.51736222	0.0228920197973
3967.83152148	0.0228919864476
3968.14568075	0.0228920049656
3968.45984001	0.0228920758169
3968.77399928	0.0228921439864
3969.08815855	0.0228922541696
3969.40231781	0.0228923606072
3969.71647708	0.0228921831365
3970.03063634	0.0228917831311
3970.34479561	0.0228917037691
3970.65895487	0.022891484942
3970.97311414	0.0228911253677
3971.2872734	0.0228908813642
3971.60143267	0.022890715971
3971.91559193	0.022890581641
3972.2297512	0.0228904542717
3972.54391046	0.0228902375673
3972.85806973	0.0228901402036
3973.172229	0.0228902802884
3973.48638826	0.0228904198726
3973.80054753	0.0228904630367
3974.11470679	0.022890478633
3974.42886606	0.0228904519687
3974.74302532	0.0228902895468
3975.05718459	0.0228901559432
3975.37134385	0.0228901014087
3975.68550312	0.022889944834
3975.99966238	0.0228897445398
3976.31382165	0.0228896684032
3976.62798091	0.0228897004976
3976.94214018	0.0228897444247
3977.25629944	0.0228896797927
3977.57045871	0.0228893495276
3977.88461798	0.0228893013008
3978.19877724	0.0228892189077
3978.51293651	0.0228888060272
3978.82709577	0.0228886945505
3979.14125504	0.0228886994145
3979.4554143	0.0228884040327
3979.76957357	0.0228881910063
3980.08373283	0.0228882818772
3980.3978921	0.0228883802154
3980.71205136	0.0228882666368
3981.02621063	0.0228881007336
3981.34036989	0.0228880260331
3981.65452916	0.022887915892
3981.96868843	0.022887792874
3982.28284769	0.0228877391916
3982.59700696	0.0228876944699
3982.91116622	0.0228876661869
3983.22532549	0.0228877319665
3983.53948475	0.0228878526625
3983.85364402	0.0228876985121
3984.16780328	0.0228872324661
3984.48196255	0.0228871268087
3984.79612181	0.0228869864038
3985.11028108	0.0228866650695
3985.42444034	0.022886350005
3985.73859961	0.0228860566155
3986.05275887	0.0228860230165
3986.36691814	0.0228859256305
3986.68107741	0.0228855657036
3986.99523667	0.0228854174892
3987.30939594	0.0228855894168
3987.6235552	0.0228857550752
3987.93771447	0.0228857709369
3988.25187373	0.0228857993219
3988.566033	0.0228858640541
3988.88019226	0.0228858415085
3989.19435153	0.0228857625701
3989.50851079	0.0228857017375
3989.82267006	0.0228854897794
3990.13682932	0.0228851242598
3990.45098859	0.0228848415741
3990.76514786	0.0228846898061
3991.07930712	0.0228845436188
3991.39346639	0.0228843432056
3991.70762565	0.022884218007
3992.02178492	0.0228841504549
3992.33594418	0.0228840387111
3992.65010345	0.022883686462
3992.96426271	0.0228836695352
3993.27842198	0.022883591035
3993.59258124	0.0228831629485
3993.90674051	0.0228830776455
3994.22089977	0.0228832882812
3994.53505904	0.022883280106
3994.8492183	0.0228830506988
3995.16337757	0.0228829214583
3995.47753684	0.0228828782093
3995.7916961	0.0228827546633
3996.10585537	0.0228826255989
3996.42001463	0.0228825657845
3996.7341739	0.0228825040211
3997.04833316	0.022882410136
3997.36249243	0.0228824230957
3997.67665169	0.0228825664764
3997.99081096	0.022882572464
3998.30497022	0.0228824583203
3998.61912949	0.0228824277986
3998.93328875	0.0228823037807
3999.24744802	0.0228820387024
3999.56160729	0.0228819729245
3999.87576655	0.0228818100625
4000.18992582	0.022881526533
4000.50408508	0.022881329755
4000.81824435	0.0228812691269
4001.13240361	0.0228812680116
4001.44656288	0.0228812951868
4001.76072214	0.0228813431471
4002.07488141	0.0228814203601
4002.38904067	0.0228815448396
4002.70319994	0.0228816575982
4003.0173592	0.0228817180688
4003.33151847	0.0228817764262
4003.64567773	0.0228818285495
4003.959837	0.0228817963651
4004.27399627	0.0228815491738
4004.58815553	0.0228813280608
4004.9023148	0.0228812690323
4005.21647406	0.0228812231741
4005.53063333	0.0228810627307
4005.84479259	0.0228808690281
4006.15895186	0.0228807517475
4006.47311112	0.0228806342899
4006.78727039	0.0228805223766
4007.10142965	0.0228805132125
4007.41558892	0.0228803309845
4007.72974818	0.022880127442
4008.04390745	0.0228802106714
4008.35806672	0.0228803746624
4008.67222598	0.0228803455523
4008.98638525	0.0228801971161
4009.30054451	0.0228801587894
4009.61470378	0.0228800792968
4009.92886304	0.0228798975714
4010.24302231	0.0228798181429
4010.55718157	0.022879771595
4010.87134084	0.0228796996709
4011.1855001	0.0228795754848
4011.49965937	0.0228794878722
4011.81381863	0.0228794463075
4012.1279779	0.0228794316991
4012.44213717	0.0228793766329
4012.75629643	0.0228791504643
4013.0704557	0.022878909681
4013.38461496	0.022878770478
4013.69877423	0.022878607479
4014.01293349	0.0228784402567
4014.32709276	0.0228782456862
4014.64125202	0.0228780963688
4014.95541129	0.0228780594841
4015.26957055	0.0228780763252
4015.58372982	0.0228781345066
4015.89788908	0.0228780883738
4016.21204835	0.022877977764
4016.52620761	0.0228779694425
4016.84036688	0.0228779208176
4017.15452615	0.0228778269401
4017.46868541	0.0228778201715
4017.78284468	0.0228779229707
4018.09700394	0.0228780594445
4018.41116321	0.0228781093471
4018.72532247	0.0228781154625
4019.03948174	0.022878139097
4019.353641	0.0228779529394
4019.66780027	0.0228776760366
4019.98195953	0.0228774938428
4020.2961188	0.0228772353179
4020.61027806	0.022876956747
4020.92443733	0.0228769110923
4021.2385966	0.0228768061649
4021.55275586	0.0228764547905
4021.86691513	0.0228762745721
4022.18107439	0.0228763872665
4022.49523366	0.0228764719193
4022.80939292	0.022876402035
4023.12355219	0.0228763401535
4023.43771145	0.0228763303815
4023.75187072	0.0228762634379
4024.06602998	0.0228760534544
4024.38018925	0.0228758817926
4024.69434851	0.0228758261369
4025.00850778	0.0228756785574
4025.32266704	0.0228754108787
4025.63682631	0.0228752234116
4025.95098558	0.0228751841988
4026.26514484	0.0228751166856
4026.57930411	0.0228747787239
4026.89346337	0.0228744499435
4027.20762264	0.0228742783716
4027.5217819	0.0228739782714
4027.83594117	0.0228736942167
4028.15010043	0.0228735485296
4028.4642597	0.0228732570266
4028.77841896	0.0228729824367
4029.09257823	0.0228729728101
4029.40673749	0.022873025872
4029.72089676	0.022872938498
4030.03505603	0.022872794946
4030.34921529	0.0228727150983
4030.66337456	0.0228725696249
4030.97753382	0.0228723894909
4031.29169309	0.0228723311438
4031.60585235	0.0228723200279
4031.92001162	0.0228722599004
4032.23417088	0.0228722537392
4032.54833015	0.0228723917831
4032.86248941	0.0228725451788
4033.17664868	0.0228724841235
4033.49080794	0.0228722503862
4033.80496721	0.0228721916901
4034.11912647	0.0228720915382
4034.43328574	0.0228718703549
4034.74744501	0.0228716554923
4035.06160427	0.0228716629091
4035.37576354	0.022871633352
4035.6899228	0.0228713967534
4036.00408207	0.0228713544018
4036.31824133	0.0228715632459
4036.6324006	0.0228717405459
4036.94655986	0.0228718212464
4037.26071913	0.0228719605595
4037.57487839	0.0228721624998
4037.88903766	0.0228722721254
4038.20319692	0.0228723021557
4038.51735619	0.0228723669486
4038.83151546	0.0228724068584
4039.14567472	0.0228723134741
4039.45983399	0.0228720673276
4039.77399325	0.022871895371
4040.08815252	0.0228717894555
4040.40231178	0.0228715649271
4040.71647105	0.0228712649616
4041.03063031	0.0228710713704
4041.34478958	0.0228708916186
4041.65894884	0.0228706223965
4041.97310811	0.0228703884039
4042.28726737	0.0228702616238
4042.60142664	0.022869987178
4042.9155859	0.0228697386152
4043.22974517	0.022869734092
4043.54390444	0.0228697479449
4043.8580637	0.0228696294175
4044.17222297	0.0228694661541
4044.48638223	0.0228693816367
4044.8005415	0.0228692276872
4045.11470076	0.0228689900034
4045.42886003	0.0228688109205
4045.74301929	0.022868661988
4046.05717856	0.0228684964186
4046.37133782	0.0228683440902
4046.68549709	0.0228682394254
4046.99965635	0.0228682906462
4047.31381562	0.0228683547787
4047.62797489	0.0228682442072
4047.94213415	0.0228681232345
4048.25629342	0.0228680559976
4048.57045268	0.0228678050371
4048.88461195	0.0228678217857
4049.19877121	0.0228677138168
4049.51293048	0.0228674191581
4049.82708974	0.0228673254917
4050.14124901	0.0228673914774
4050.45540827	0.0228674432902
4050.76956754	0.0228674526161
4051.0837268	0.0228674905743
4051.39788607	0.0228676713787
4051.71204533	0.0228678751181
4052.0262046	0.0228679961434
4052.34036387	0.0228681054595
4052.65452313	0.0228682594507
4052.9686824	0.022868391233
4053.28284166	0.0228684740375
4053.59700093	0.0228683581333
4053.91116019	0.0228681414955
4054.22531946	0.0228680740335
4054.53947872	0.0228680065454
4054.85363799	0.0228678651609
4055.16779725	0.0228676997541
4055.48195652	0.0228675378194
4055.79611578	0.0228673934471
4056.11027505	0.0228673636919
4056.42443432	0.0228671953016
4056.73859358	0.0228669426066
4057.05275285	0.0228668772141
4057.36691211	0.0228669705525
4057.68107138	0.0228669645368
4057.99523064	0.0228667826448
4058.30938991	0.0228666405395
4058.62354917	0.0228666105597
4058.93770844	0.022866405707
4059.2518677	0.0228661188172
4059.56602697	0.0228659650141
4059.88018623	0.0228658693539
4060.1943455	0.0228656682751
4060.50850476	0.0228653711384
4060.82266403	0.0228651331267
4061.1368233	0.022864907119
4061.45098256	0.0228647107573
4061.76514183	0.0228645778966
4062.07930109	0.0228642970603
4062.39346036	0.0228639761045
4062.70761962	0.0228637777157
4063.02177889	0.0228636572315
4063.33593815	0.0228634559768
4063.65009742	0.0228632153241
4063.96425668	0.0228630979225
4064.27841595	0.0228630677384
4064.59257521	0.0228630424304
4064.90673448	0.0228630219243
4065.22089375	0.0228629295749
4065.53505301	0.0228628426409
4065.84921228	0.0228628129109
4066.16337154	0.0228627584162
4066.47753081	0.0228627335162
4066.79169007	0.0228627761313
4067.10584934	0.0228628658049
4067.4200086	0.0228629929723
4067.73416787	0.0228631631683
4068.04832713	0.0228633540197
4068.3624864	0.0228633507827
4068.67664566	0.022863077262
4068.99080493	0.0228629587748
4069.3049642	0.0228628723651
4069.61912346	0.0228626406627
4069.93328273	0.0228624876257
4070.24744199	0.0228624611482
4070.56160126	0.0228623380732
4070.87576052	0.0228621575593
4071.18991979	0.0228621316032
4071.50407905	0.0228622451416
4071.81823832	0.0228623363127
4072.13239758	0.0228623816952
4072.44655685	0.0228624429053
4072.76071611	0.0228624800724
4073.07487538	0.0228624342483
4073.38903464	0.0228622739926
4073.70319391	0.0228621377725
4074.01735318	0.0228620324812
4074.33151244	0.0228617828722
4074.64567171	0.0228614394077
4074.95983097	0.022861240956
4075.27399024	0.0228611452046
4075.5881495	0.0228609588937
4075.90230877	0.0228606485013
4076.21646803	0.0228603613498
4076.5306273	0.0228602114235
4076.84478656	0.0228600149814
4077.15894583	0.0228597500368
4077.47310509	0.0228595583178
4077.78726436	0.0228593940512
4078.10142363	0.0228592649801
4078.41558289	0.0228592286975
4078.72974216	0.0228592322318
4079.04390142	0.0228591615901
4079.35806069	0.022859020986
4079.67221995	0.0228589080054
4079.98637922	0.0228587703723
4080.30053848	0.0228586786855
4080.61469775	0.0228586328287
4080.92885701	0.0228585911149
4081.24301628	0.0228585660564
4081.55717554	0.0228586170695
4081.87133481	0.0228587690843
4082.18549407	0.0228588822207
4082.49965334	0.022858810048
4082.81381261	0.0228586608547
4083.12797187	0.0228586358633
4083.44213114	0.0228585612989
4083.7562904	0.0228584460463
4084.07044967	0.0228583569477
4084.38460893	0.0228583151111
4084.6987682	0.0228582505393
4085.01292746	0.0228581386305
4085.32708673	0.0228580857542
4085.64124599	0.0228581475026
4085.95540526	0.0228582411483
4086.26956452	0.0228583217144
4086.58372379	0.0228583949168
4086.89788306	0.0228585166449
4087.21204232	0.022858680114
4087.52620159	0.02285872929
4087.84036085	0.0228587180592
4088.15452012	0.0228587680421
4088.46867938	0.0228587340722
4088.78283865	0.0228585360675
4089.09699791	0.0228583259168
4089.41115718	0.0228581773754
4089.72531644	0.0228580490729
4090.03947571	0.0228578766757
4090.35363497	0.0228576558348
4090.66779424	0.0228574019483
4090.9819535	0.0228571513933
4091.29611277	0.0228569796078
4091.61027204	0.0228567409964
4091.9244313	0.0228564502994
4092.23859057	0.0228562711688
4092.55274983	0.0228562290983
4092.8669091	0.0228561720066
4093.18106836	0.0228560524483
4093.49522763	0.0228559330038
4093.80938689	0.0228557761952
4094.12354616	0.0228556264547
4094.43770542	0.0228554916761
4094.75186469	0.0228552976926
4095.06602395	0.0228550945526
4095.38018322	0.0228549413857
4095.69434249	0.0228548264529
4096.00850175	0.0228546498297
4096.32266102	0.0228544451615
4096.63682028	0.0228544387283
4096.95097955	0.0228544217581
4097.26513881	0.0228542882271
4097.57929808	0.0228542064211
4097.89345734	0.022854038673
4098.20761661	0.0228538863587
4098.52177587	0.0228538628541
4098.83593514	0.0228536422845
4099.1500944	0.0228533837226
4099.46425367	0.0228533201624
4099.77841293	0.0228533499733
4100.0925722	0.0228533337568
4100.40673147	0.0228533261936
4100.72089073	0.0228534496582
4101.03505	0.0228536248477
4101.34920926	0.0228538015903
4101.66336853	0.0228539988038
4101.97752779	0.022854191772
4102.29168706	0.0228543746112
4102.60584632	0.0228545082444
4102.92000559	0.02285441188
4103.23416485	0.0228542736873
4103.54832412	0.0228543167397
4103.86248338	0.022854204716
4104.17664265	0.0228540600407
4104.49080192	0.022854028564
4104.80496118	0.0228539390842
4105.11912045	0.0228537910008
4105.43327971	0.0228538167269
4105.74743898	0.0228537678888
4106.06159824	0.0228535635001
4106.37575751	0.022853498663
4106.68991677	0.0228536060787
4107.00407604	0.0228536944304
4107.3182353	0.0228536957728
4107.63239457	0.0228536552851
4107.94655383	0.0228535767537
4108.2607131	0.0228534953306
4108.57487236	0.0228533827118
4108.88903163	0.0228531472404
4109.2031909	0.0228529036912
4109.51735016	0.0228527330432
4109.83150943	0.0228525211978
4110.14566869	0.0228522363168
4110.45982796	0.0228519920441
4110.77398722	0.0228519098895
4111.08814649	0.0228517666285
4111.40230575	0.0228514554585
4111.71646502	0.0228510730878
4112.03062428	0.0228507781542
4112.34478355	0.0228505276908
4112.65894281	0.0228502829516
4112.97310208	0.0228500120005
4113.28726135	0.0228497514837
4113.60142061	0.0228495941997
4113.91557988	0.022849537034
4114.22973914	0.0228494526831
4114.54389841	0.0228493274702
4114.85805767	0.0228492335119
4115.17221694	0.0228491968457
4115.4863762	0.0228491591643
4115.80053547	0.0228490989285
4116.11469473	0.022849053643
4116.428854	0.02284906131
4116.74301326	0.022849155632
4117.05717253	0.0228492373537
4117.37133179	0.0228491435726
4117.68549106	0.0228491144594
4117.99965033	0.0228490583269
4118.31380959	0.0228487995588
4118.62796886	0.0228485390829
4118.94212812	0.0228483539967
4119.25628739	0.0228481457152
4119.57044665	0.0228480302108
4119.88460592	0.0228479298647
4120.19876518	0.022847757011
4120.51292445	0.0228476909903
4120.82708371	0.0228477879255
4121.14124298	0.0228479090094
4121.45540224	0.0228479913188
4121.76956151	0.0228480762302
4122.08372078	0.022848139096
4122.39788004	0.022848142735
4122.71203931	0.0228480249226
4123.02619857	0.0228478646767
4123.34035784	0.0228477961928
4123.6545171	0.0228476378005
4123.96867637	0.0228473645548
4124.28283563	0.0228471488263
4124.5969949	0.0228470027946
4124.91115416	0.0228468485467
4125.22531343	0.022846633161
4125.53947269	0.0228464442927
4125.85363196	0.0228463132093
4126.16779123	0.0228461627963
4126.48195049	0.0228460011711
4126.79610976	0.0228458900677
4127.11026902	0.0228457405741
4127.42442829	0.0228455851216
4127.73858755	0.0228456168807
4128.05274682	0.0228457001638
4128.36690608	0.0228456149367
4128.68106535	0.0228453998933
4128.99522461	0.0228452542177
4129.30938388	0.0228450973532
4129.62354314	0.0228448820135
4129.93770241	0.0228447998702
4130.25186167	0.0228448123617
4130.56602094	0.0228447430947
4130.88018021	0.0228447185974
4131.19433947	0.0228449034278
4131.50849874	0.0228450584296
4131.822658	0.0228449802375
4132.13681727	0.0228447849198
4132.45097653	0.0228447671987
4132.7651358	0.022844741294
4133.07929506	0.0228446292196
4133.39345433	0.0228445281492
4133.70761359	0.0228444956323
4134.02177286	0.0228445060797
4134.33593212	0.0228444047702
4134.65009139	0.0228443093302
4134.96425066	0.0228443693472
4135.27840992	0.0228444937046
4135.59256919	0.0228445697197
4135.90672845	0.0228445867637
4136.22088772	0.0228446237334
4136.53504698	0.0228448164865
4136.84920625	0.0228449864153
4137.16336551	0.0228450156633
4137.47752478	0.0228450872818
4137.79168404	0.0228451839379
4138.10584331	0.0228450362894
4138.42000257	0.0228448340611
4138.73416184	0.022844749613
4139.0483211	0.0228445916141
4139.36248037	0.0228443797425
4139.67663964	0.0228442734119
4139.9907989	0.022844148737
4140.30495817	0.0228438504413
4140.61911743	0.0228436632527
4140.9332767	0.0228435911914
4141.24743596	0.0228433704477
4141.56159523	0.0228431397607
4141.87575449	0.0228431166035
4142.18991376	0.0228431899936
4142.50407302	0.0228431436457
4142.81823229	0.0228430027433
4143.13239155	0.0228427706194
4143.44655082	0.0228426342691
4143.76071009	0.0228425488901
4144.07486935	0.022842303636
4144.38902862	0.0228420763978
4144.70318788	0.0228419717398
4145.01734715	0.0228418894514
4145.33150641	0.0228417430124
4145.64566568	0.0228414747614
4145.95982494	0.0228413484745
4146.27398421	0.02284140794
4146.58814347	0.0228413379364
4146.90230274	0.0228411583121
4147.216462	0.0228408661733
4147.53062127	0.0228408053405
4147.84478053	0.0228407050324
4148.1589398	0.0228403346801
4148.47309907	0.0228400626949
4148.78725833	0.0228399329638
4149.1014176	0.0228398355822
4149.41557686	0.0228397769801
4149.72973613	0.0228396949952
4150.04389539	0.0228396239832
4150.35805466	0.0228397387499
4150.67221392	0.0228398909996
4150.98637319	0.0228399508442
4151.30053245	0.0228400421057
4151.61469172	0.0228401894269
4151.92885098	0.0228402927659
4152.24301025	0.0228402373979
4152.55716952	0.0228400092821
4152.87132878	0.022839930242
4153.18548805	0.0228398884925
4153.49964731	0.0228397645885
4153.81380658	0.0228396488234
4154.12796584	0.0228394609762
4154.44212511	0.0228392778536
4154.75628437	0.0228393615667
4155.07044364	0.0228393162772
4155.3846029	0.0228389856128
4155.69876217	0.0228389046504
4156.01292143	0.022839158336
4156.3270807	0.0228393360588
4156.64123996	0.0228393494124
4156.95539923	0.0228394024991
4157.2695585	0.0228394522018
4157.58371776	0.0228393636132
4157.89787703	0.022839240333
4158.21203629	0.0228390671002
4158.52619556	0.0228388749184
4158.84035482	0.0228387174635
4159.15451409	0.0228385131046
4159.46867335	0.0228382751127
4159.78283262	0.0228382140742
4160.09699188	0.0228382767824
4160.41115115	0.0228381565264
4160.72531041	0.022837929341
4161.03946968	0.0228376890862
4161.35362895	0.0228374066134
4161.66778821	0.0228372439673
4161.98194748	0.0228369728496
4162.29610674	0.0228366190245
4162.61026601	0.0228363646626
4162.92442527	0.0228362406727
4163.23858454	0.0228361397729
4163.5527438	0.022836009138
4163.86690307	0.0228358636814
4164.18106233	0.0228357925883
4164.4952216	0.0228358054033
4164.80938086	0.0228357992536
4165.12354013	0.0228357987721
4165.43769939	0.0228358044874
4165.75185866	0.0228358047689
4166.06601793	0.022835896069
4166.38017719	0.022836051563
4166.69433646	0.0228359129395
4167.00849572	0.02283556118
4167.32265499	0.0228355951071
4167.63681425	0.0228354760986
4167.95097352	0.0228350964899
4168.26513278	0.022834855846
4168.57929205	0.0228347610498
4168.89345131	0.0228346904675
4169.20761058	0.0228345708737
4169.52176984	0.0228344287393
4169.83592911	0.0228344126725
4170.15008838	0.0228345520647
4170.46424764	0.0228347054515
4170.77840691	0.0228348236575
4171.09256617	0.0228349494507
4171.40672544	0.0228350860603
4171.7208847	0.0228351556859
4172.03504397	0.0228351074147
4172.34920323	0.0228350889751
4172.6633625	0.0228350278697
4172.97752176	0.0228347638862
4173.29168103	0.0228345836409
4173.60584029	0.0228345275802
4173.91999956	0.0228343898191
4174.23415882	0.0228342250078
4174.54831809	0.0228340983082
4174.86247736	0.0228340261423
4175.17663662	0.0228339903422
4175.49079589	0.0228338900088
4175.80495515	0.0228337949169
4176.11911442	0.0228337933215
4176.43327368	0.0228337026769
4176.74743295	0.0228336264878
4177.06159221	0.02283375952
4177.37575148	0.0228338987345
4177.68991074	0.0228337030453
4178.00407001	0.022833467603
4178.31822927	0.0228333254133
4178.63238854	0.0228330711811
4178.94654781	0.0228328393652
4179.26070707	0.0228327384336
4179.57486634	0.0228326534837
4179.8890256	0.0228325333196
4180.20318487	0.0228324854357
4180.51734413	0.0228326298818
4180.8315034	0.0228327224493
4181.14566266	0.0228325185135
4181.45982193	0.0228322317574
4181.77398119	0.0228321843927
4182.08814046	0.0228319580312
4182.40229972	0.0228316841555
4182.71645899	0.0228315410061
4183.03061825	0.0228314350965
4183.34477752	0.022831229883
4183.65893679	0.0228309530405
4183.97309605	0.0228308809814
4184.28725532	0.022830979479
4184.60141458	0.0228309784741
4184.91557385	0.0228309015104
4185.22973311	0.0228309065502
4185.54389238	0.0228309163456
4185.85805164	0.0228308351991
4186.17221091	0.0228308015299
4186.48637017	0.0228308325004
4186.80052944	0.0228307935275
4187.1146887	0.022830723005
4187.42884797	0.0228306455544
4187.74300724	0.0228304454142
4188.0571665	0.0228302806165
4188.37132577	0.0228300991889
4188.68548503	0.0228298299533
4188.9996443	0.0228296792251
4189.31380356	0.0228295229275
4189.62796283	0.0228292748311
4189.94212209	0.0228291689931
4190.25628136	0.0228290700098
4190.57044062	0.0228288762607
4190.88459989	0.022828848266
4191.19875915	0.0228290294946
4191.51291842	0.0228291255393
4191.82707769	0.02282908394
4192.14123695	0.0228290468266
4192.45539622	0.0228288932239
4192.76955548	0.0228287444922
4193.08371475	0.0228286806946
4193.39787401	0.0228285873366
4193.71203328	0.0228284736401
4194.02619254	0.0228283787078
4194.34035181	0.0228283016817
4194.65451107	0.0228282875317
4194.96867034	0.0228281608818
4195.2828296	0.0228278942892
4195.59698887	0.0228279272814
4195.91114813	0.0228279669011
4196.2253074	0.0228278742224
4196.53946667	0.0228275080361
4196.85362593	0.0228275026293
4197.1677852	0.0228274954102
4197.48194446	0.022826996453
4197.79610373	0.02282671134
4198.11026299	0.0228267434179
4198.42442226	0.0228267211706
4198.73858152	0.022826537133
4199.05274079	0.0228263890832
4199.36690005	0.0228263431594
4199.68105932	0.0228262956937
4199.99521858	0.022826278132
4200.30937785	0.02282631083
4200.62353712	0.0228262858394
4200.93769638	0.0228263035051
4201.25185565	0.0228263858436
4201.56601491	0.0228262483517
4201.88017418	0.0228259096206
4202.19433344	0.0228257834233
4202.50849271	0.0228257002294
4202.82265197	0.0228255267277
4203.13681124	0.0228253255392
4203.4509705	0.0228250601468
4203.76512977	0.0228250889503
4204.07928903	0.0228251142817
4204.3934483	0.0228247630155
4204.70760756	0.0228245937185
4205.02176683	0.0228248191241
4205.3359261	0.0228250523747
4205.65008536	0.0228250819306
4205.96424463	0.0228251183066
4206.27840389	0.0228252817924
4206.59256316	0.0228253696148
4206.90672242	0.0228253026841
4207.22088169	0.0228252936396
4207.53504095	0.022825225124
4207.84920022	0.0228250973213
4208.16335948	0.0228250506001
4208.47751875	0.0228249979166
4208.79167801	0.0228248441424
4209.10583728	0.0228248056528
4209.41999655	0.0228249316684
4209.73415581	0.0228249334023
4210.04831508	0.0228248234218
4210.36247434	0.0228246916622
4210.67663361	0.022824539345
4210.99079287	0.0228245922619
4211.30495214	0.022824301887
4211.6191114	0.022823947576
4211.93327067	0.0228239825932
4212.24742993	0.0228241831079
4212.5615892	0.0228240461489
4212.87574846	0.0228238028455
4213.18990773	0.0228237577798
4213.50406699	0.0228237435878
4213.81822626	0.0228236888385
4214.13238553	0.0228236409988
4214.44654479	0.0228236399773
4214.76070406	0.0228236922588
4215.07486332	0.0228237188452
4215.38902259	0.0228236558812
4215.70318185	0.0228236379188
4216.01734112	0.0228235372282
4216.33150038	0.0228232463693
4216.64565965	0.022823099532
4216.95981891	0.0228228831696
4217.27397818	0.0228225718374
4217.58813744	0.0228223628618
4217.90229671	0.0228222475297
4218.21645598	0.0228220383883
4218.53061524	0.0228217636021
4218.84477451	0.0228216488141
4219.15893377	0.0228216977344
4219.47309304	0.022821731179
4219.7872523	0.0228217388486
4220.10141157	0.0228217726261
4220.41557083	0.0228218043439
4220.7297301	0.0228218176719
4221.04388936	0.0228217986059
4221.35804863	0.0228217190298
4221.67220789	0.0228217035761
4221.98636716	0.0228217053992
4222.30052642	0.0228215720698
4222.61468569	0.0228214073529
4222.92884496	0.0228213172666
4223.24300422	0.0228212061664
4223.55716349	0.0228210101075
4223.87132275	0.0228208576406
4224.18548202	0.0228207602776
4224.49964128	0.0228205962638
4224.81380055	0.0228204886246
4225.12795981	0.0228204889061
4225.44211908	0.0228203595466
4225.75627834	0.022820268296
4226.07043761	0.0228204114416
4226.38459687	0.0228206025544
4226.69875614	0.0228207187022
4227.01291541	0.0228207254769
4227.32707467	0.0228206126313
4227.64123394	0.0228204474373
4227.9553932	0.0228203597452
4228.26955247	0.0228201947642
4228.58371173	0.0228200842261
4228.897871	0.0228200370898
4229.21203026	0.0228198821218
4229.52618953	0.0228197898037
4229.84034879	0.0228198958141
4230.15450806	0.0228199403075
4230.46866732	0.0228196673424
4230.78282659	0.0228194103146
4231.09698585	0.0228192061328
4231.41114512	0.0228190201065
4231.72530439	0.0228188711602
4232.03946365	0.0228186478289
4232.35362292	0.022818390607
4232.66778218	0.0228181991815
4232.98194145	0.0228180944643
4233.29610071	0.0228180536375
4233.61025998	0.0228180109116
4233.92441924	0.022817914382
4234.23857851	0.0228178418164
4234.55273777	0.022817818906
4234.86689704	0.0228177404881
4235.1810563	0.0228176323032
4235.49521557	0.0228175727177
4235.80937484	0.0228176026268
4236.1235341	0.0228175773544
4236.43769337	0.02281743866
4236.75185263	0.0228172368212
4237.0660119	0.0228169978644
4237.38017116	0.0228167308596
4237.69433043	0.0228164877843
4238.00848969	0.0228162748428
4238.32264896	0.0228160170736
4238.63680822	0.0228157536027
4238.95096749	0.0228156711528
4239.26512675	0.0228156767644
4239.57928602	0.022815483148
4239.89344528	0.0228153691236
4240.20760455	0.0228155773787
4240.52176382	0.0228158155104
4240.83592308	0.0228159222341
4241.15008235	0.0228160085629
4241.46424161	0.0228160378061
4241.77840088	0.0228159777231
4242.09256014	0.0228158562813
4242.40671941	0.022815711122
4242.72087867	0.0228156387869
4243.03503794	0.0228156083285
4243.3491972	0.0228155586625
4243.66335647	0.0228155245197
4243.97751573	0.0228155750234
4244.291675	0.0228156771702
4244.60583427	0.0228156471137
4244.91999353	0.0228155405845
4245.2341528	0.022815569958
4245.54831206	0.0228155919901
4245.86247133	0.0228154384607
4246.17663059	0.0228153071192
4246.49078986	0.0228152951508
4246.80494912	0.0228150684323
4247.11910839	0.022814829974
4247.43326765	0.0228147801867
4247.74742692	0.0228147229667
4248.06158618	0.0228145632488
4248.37574545	0.0228143990558
4248.68990472	0.0228142825219
4249.00406398	0.022814194459
4249.31822325	0.0228140816853
4249.63238251	0.0228140150346
4249.94654178	0.0228140196499
4250.26070104	0.0228139512005
4250.57486031	0.0228137550609
4250.88901957	0.0228136188946
4251.20317884	0.0228134984494
4251.5173381	0.0228131848732
4251.83149737	0.0228128518237
4252.14565663	0.0228126198993
4252.4598159	0.0228124099286
4252.77397516	0.0228121329267
4253.08813443	0.0228119033493
4253.4022937	0.022811732123
4253.71645296	0.0228114856594
4254.03061223	0.0228112709999
4254.34477149	0.0228112529839
4254.65893076	0.0228113225781
4254.97309002	0.0228113458821
4255.28724929	0.0228113915585
4255.60140855	0.0228115000797
4255.91556782	0.0228116261094
4256.22972708	0.0228117002677
4256.54388635	0.0228116987023
4256.85804561	0.0228116468633
4257.17220488	0.0228114476915
4257.48636415	0.0228112984847
4257.80052341	0.0228112790698
4258.11468268	0.0228112234685
4258.42884194	0.0228111801805
4258.74300121	0.0228112659128
4259.05716047	0.0228113857012
4259.37131974	0.0228114565583
4259.685479	0.0228113927673
4259.99963827	0.0228113172777
4260.31379753	0.0228114253505
4260.6279568	0.0228112864276
4260.94211606	0.0228110900435
4261.25627533	0.0228111522891
4261.57043459	0.0228112342978
4261.88459386	0.0228111748584
4262.19875313	0.0228110729052
4262.51291239	0.022810988636
4262.82707166	0.0228109247776
4263.14123092	0.0228108762588
4263.45539019	0.0228108814269
4263.76954945	0.0228109033919
4264.08370872	0.0228108984314
4264.39786798	0.0228109135249
4264.71202725	0.0228109669805
4265.02618651	0.0228108601049
4265.34034578	0.0228105942978
4265.65450504	0.0228103694596
4265.96866431	0.0228101828713
4266.28282358	0.0228098706432
4266.59698284	0.0228094993947
4266.91114211	0.0228092248962
4267.22530137	0.0228090087104
4267.53946064	0.0228087464757
4267.8536199	0.02280846606
4268.16777917	0.0228082711227
4268.48193843	0.0228081902053
4268.7960977	0.022808129302
4269.11025696	0.0228080374398
4269.42441623	0.0228079666659
4269.73857549	0.0228079146795
4270.05273476	0.0228078842847
4270.36689402	0.022807806143
4270.68105329	0.022807682998
4270.99521256	0.0228076490374
4271.30937182	0.0228076514048
4271.62353109	0.0228074810194
4271.93769035	0.0228072228802
4272.25184962	0.0228071427274
4272.56600888	0.0228071253906
4272.88016815	0.0228069228203
4273.19432741	0.0228066722328
4273.50848668	0.0228065646896
4273.82264594	0.0228064825184
4274.13680521	0.0228064193929
4274.45096447	0.022806416633
4274.76512374	0.0228063650341
4275.07928301	0.0228063694534
4275.39344227	0.0228065740372
4275.70760154	0.0228068569643
4276.0217608	0.0228070749638
4276.33592007	0.0228072268343
4276.65007933	0.022807306632
4276.9642386	0.022807301141
4277.27839786	0.0228072074344
4277.59255713	0.0228071484797
4277.90671639	0.022807079338
4278.22087566	0.0228070361855
4278.53503492	0.022807008746
4278.84919419	0.0228070342453
4279.16335345	0.0228071549302
4279.47751272	0.0228072281001
4279.79167199	0.0228071175667
4280.10583125	0.0228069479448
4280.41999052	0.0228067815258
4280.73414978	0.0228065462875
4281.04830905	0.022806377706
4281.36246831	0.0228061909299
4281.67662758	0.0228060027323
4281.99078684	0.0228057852548
4282.30494611	0.0228055951565
4282.61910537	0.0228054993597
4282.93326464	0.0228054611657
4283.2474239	0.0228054112596
4283.56158317	0.0228053223133
4283.87574244	0.0228052413466
4284.1899017	0.0228051466551
4284.50406097	0.0228050551429
4284.81822023	0.0228049776527
4285.1323795	0.0228048498579
4285.44653876	0.0228047061087
4285.76069803	0.022804587175
4286.07485729	0.0228044019978
4286.38901656	0.0228041154983
4286.70317582	0.0228038441839
4287.01733509	0.022803567618
4287.33149435	0.0228033108524
4287.64565362	0.0228031125539
4287.95981288	0.0228029581747
4288.27397215	0.0228027873352
4288.58813142	0.0228026856271
4288.90229068	0.0228025749596
4289.21644995	0.0228024562427
4289.53060921	0.0228025037372
4289.84476848	0.0228026682963
4290.15892774	0.022802781975
4290.47308701	0.0228028567687
4290.78724627	0.0228029258296
4291.10140554	0.0228029707874
4291.4155648	0.0228029766765
4291.72972407	0.0228028778083
4292.04388333	0.0228027959195
4292.3580426	0.02280279798
4292.67220187	0.0228027417392
4292.98636113	0.0228027048723
4293.3005204	0.0228027605711
4293.61467966	0.0228028869314
4293.92883893	0.0228029882056
4294.24299819	0.0228029934757
4294.55715746	0.0228029931194
4294.87131672	0.0228030188368
4295.18547599	0.0228029138156
4295.49963525	0.0228028387585
4295.81379452	0.0228028256466
4296.12795378	0.0228026743867
4296.44211305	0.0228025088467
4296.75627231	0.0228024679987
4297.07043158	0.0228024538516
4297.38459085	0.022802360909
4297.69875011	0.0228022336719
4298.01290938	0.0228021469937
4298.32706864	0.0228020497823
4298.64122791	0.0228019372078
4298.95538717	0.0228018673707
4299.26954644	0.02280179022
4299.5837057	0.0228017032885
4299.89786497	0.0228015963603
4300.21202423	0.0228013876226
4300.5261835	0.0228011333717
4300.84034276	0.0228008830405
4301.15450203	0.0228006573086
4301.4686613	0.0228003689246
4301.78282056	0.0228000451111
4302.09697983	0.0227997830094
4302.41113909	0.0227995745158
4302.72529836	0.0227993378299
4303.03945762	0.0227989858575
4303.35361689	0.0227987072337
4303.66777615	0.0227986056476
4303.98193542	0.0227985506054
4304.29609468	0.0227984849082
4304.61025395	0.0227984561709
4304.92441321	0.0227984999027
4305.23857248	0.022798573969
4305.55273175	0.022798634813
4305.86689101	0.0227987113271
4306.18105028	0.0227987514821
4306.49520954	0.0227986054732
4306.80936881	0.0227983301029
4307.12352807	0.0227982800347
4307.43768734	0.0227982594933
4307.7518466	0.0227981839816
4308.06600587	0.0227982431868
4308.38016513	0.0227983716611
4308.6943244	0.0227984288116
4309.00848366	0.0227984964724
4309.32264293	0.022798527763
4309.63680219	0.0227985813538
4309.95096146	0.0227986351623
4310.26512073	0.0227985543504
4310.57927999	0.0227985912559
4310.89343926	0.0227986938292
4311.20759852	0.0227987615457
4311.52175779	0.0227987590951
4311.83591705	0.0227987262688
4312.15007632	0.0227987300587
4312.46423558	0.0227987677173
4312.77839485	0.0227988369969
4313.09255411	0.0227989139688
4313.40671338	0.022798992221
4313.72087264	0.0227990739152
4314.03503191	0.0227991719198
4314.34919118	0.0227991740428
4314.66335044	0.0227989231384
4314.97750971	0.0227987869589
4315.29166897	0.0227986993882
4315.60582824	0.0227984165875
4315.9199875	0.0227981188539
4316.23414677	0.0227978903955
4316.54830603	0.0227976462785
4316.8624653	0.0227973763473
4317.17662456	0.022797110925
4317.49078383	0.0227968819296
4317.80494309	0.0227966868509
4318.11910236	0.0227965487592
4318.43326162	0.0227964813931
4318.74742089	0.0227963949838
4319.06158016	0.0227962966585
4319.37573942	0.0227962228982
4319.68989869	0.0227961100487
4320.00405795	0.0227959462748
4320.31821722	0.0227958687479
4320.63237648	0.0227957803922
4320.94653575	0.0227955078084
4321.26069501	0.0227952013924
4321.57485428	0.0227951194207
4321.88901354	0.0227950548198
4322.20317281	0.022794836429
4322.51733207	0.0227946036425
4322.83149134	0.0227944446104
4323.14565061	0.0227943390081
4323.45980987	0.0227942015739
4323.77396914	0.0227940773158
4324.0881284	0.0227940229602
4324.40228767	0.0227939885407
4324.71644693	0.0227940005554
4325.0306062	0.0227941114399
4325.34476546	0.0227942607211
4325.65892473	0.0227943587003
4325.97308399	0.0227943608052
4326.28724326	0.0227943128681
4326.60140252	0.0227942419129
4326.91556179	0.0227941263491
4327.22972105	0.0227940453633
4327.54388032	0.022793997951
4327.85803959	0.0227939594698
4328.17219885	0.0227939643246
4328.48635812	0.0227939804025
4328.80051738	0.022793975294
4329.11467665	0.0227939990356
4329.42883591	0.0227939199934
4329.74299518	0.0227936577549
4330.05715444	0.022793390116
4330.37131371	0.0227932755026
4330.68547297	0.0227930725483
4330.99963224	0.0227928270487
4331.3137915	0.0227926905652
4331.62795077	0.0227925014773
4331.94211004	0.022792278521
4332.2562693	0.0227921630272
4332.57042857	0.0227921311514
4332.88458783	0.0227920921164
4333.1987471	0.0227920209228
4333.51290636	0.0227919846193
4333.82706563	0.0227920076532
4334.14122489	0.0227919956203
4334.45538416	0.0227919440318
4334.76954342	0.0227919205647
4335.08370269	0.0227918759758
4335.39786195	0.0227916895015
4335.71202122	0.02279141986
4336.02618048	0.0227911756844
4336.34033975	0.0227909677461
4336.65449902	0.0227907378688
4336.96865828	0.0227905338191
4337.28281755	0.0227904095514
4337.59697681	0.0227902966731
4337.91113608	0.0227901872525
4338.22529534	0.0227901068424
4338.53945461	0.0227900549262
4338.85361387	0.0227899428775
4339.16777314	0.0227898888895
4339.4819324	0.0227899725208
4339.79609167	0.022790059667
4340.11025093	0.0227900599842
4340.4244102	0.0227900769411
4340.73856947	0.0227901254145
4341.05272873	0.0227900737412
4341.366888	0.0227900010015
4341.68104726	0.0227900081095
4341.99520653	0.0227900108455
4342.30936579	0.0227900011648
4342.62352506	0.0227899814535
4342.93768432	0.0227900006545
4343.25184359	0.022790119772
4343.56600285	0.0227902084095
4343.88016212	0.022790168315
4344.19432138	0.0227900762745
4344.50848065	0.0227899410586
4344.82263991	0.0227898444851
4345.13679918	0.0227897588569
4345.45095845	0.0227896389797
4345.76511771	0.0227894720461
4346.07927698	0.0227893533035
4346.39343624	0.0227893377096
4346.70759551	0.0227893324586
4347.02175477	0.0227892730847
4347.33591404	0.0227892268432
4347.6500733	0.0227892093752
4347.96423257	0.0227891961914
4348.27839183	0.0227891858037
4348.5925511	0.0227891855292
4348.90671036	0.0227891372053
4349.22086963	0.0227890001354
4349.5350289	0.0227888928203
4349.84918816	0.0227888473542
4350.16334743	0.0227886148173
4350.47750669	0.0227883583387
4350.79166596	0.0227882058515
4351.10582522	0.0227879855882
4351.41998449	0.0227876735658
4351.73414375	0.0227873817389
4352.04830302	0.0227871297943
4352.36246228	0.0227868579456
4352.67662155	0.0227865994681
4352.99078081	0.0227863854059
4353.30494008	0.0227862212537
4353.61909934	0.0227861552954
4353.93325861	0.0227861665668
4354.24741788	0.0227861899117
4354.56157714	0.0227862242049
4354.87573641	0.0227863081881
4355.18989567	0.0227863679501
4355.50405494	0.0227863332801
4355.8182142	0.0227862096372
4356.13237347	0.0227859751057
4356.44653273	0.0227857958175
4356.760692	0.0227856905463
4357.07485126	0.0227855563368
4357.38901053	0.0227855006417
4357.70316979	0.0227855770793
4358.01732906	0.0227856648286
4358.33148833	0.0227856775695
4358.64564759	0.0227856806285
4358.95980686	0.0227856769023
4359.27396612	0.0227856212355
4359.58812539	0.0227855633225
4359.90228465	0.0227855682312
4360.21644392	0.0227855754101
4360.53060318	0.0227855860356
4360.84476245	0.0227856250009
4361.15892171	0.0227857082064
4361.47308098	0.02278574082
4361.78724024	0.022785753
4362.10139951	0.0227858020818
4362.41555877	0.0227858451328
4362.72971804	0.0227858776121
4363.04387731	0.0227859549922
4363.35803657	0.0227861003629
4363.67219584	0.0227862303411
4363.9863551	0.022786299988
4364.30051437	0.0227862952242
4364.61467363	0.0227862195982
4364.9288329	0.0227860367185
4365.24299216	0.0227858515792
4365.55715143	0.0227855957993
4365.87131069	0.0227853244083
4366.18546996	0.0227850813576
4366.49962922	0.0227848428464
4366.81378849	0.0227846400485
4367.12794776	0.0227844438329
4367.44210702	0.0227842486565
4367.75626629	0.0227841052038
4368.07042555	0.0227840850155
4368.38458482	0.0227841033625
4368.69874408	0.0227840559937
4369.01290335	0.0227840125425
4369.32706261	0.0227839550253
4369.64122188	0.0227837971675
4369.95538114	0.0227835917231
4370.26954041	0.0227833225091
4370.58369967	0.0227830373586
4370.89785894	0.0227827770914
4371.21201821	0.0227825954712
4371.52617747	0.0227824564372
4371.84033674	0.0227823212884
4372.154496	0.0227821940318
4372.46865527	0.0227820378197
4372.78281453	0.0227819261549
4373.0969738	0.0227818653887
4373.41113306	0.0227817288053
4373.72529233	0.0227816349284
4374.03945159	0.0227815899929
4374.35361086	0.0227815306354
4374.66777012	0.022781499916
4374.98192939	0.0227815098668
4375.29608865	0.0227815178487
4375.61024792	0.0227814480409
4375.92440719	0.0227813469747
4376.23856645	0.0227812873738
4376.55272572	0.0227811881571
4376.86688498	0.0227811048714
4377.18104425	0.0227811243884
4377.49520351	0.0227811872951
4377.80936278	0.0227812263183
4378.12352204	0.022781268455
4378.43768131	0.0227813044935
4378.75184057	0.0227814213229
4379.06599984	0.0227814884187
4379.3801591	0.0227813379783
4379.69431837	0.0227811645057
4380.00847764	0.0227810282657
4380.3226369	0.0227808915905
4380.63679617	0.0227807505497
4380.95095543	0.0227806026448
4381.2651147	0.022780425411
4381.57927396	0.0227802538312
4381.89343323	0.0227801171863
4382.20759249	0.0227801075967
4382.52175176	0.0227801437793
4382.83591102	0.0227801514913
4383.15007029	0.0227801626187
4383.46422955	0.0227802117893
4383.77838882	0.0227802632555
4384.09254808	0.0227803274927
4384.40670735	0.0227803903107
4384.72086662	0.0227804049857
4385.03502588	0.022780349215
4385.34918515	0.0227801550554
4385.66334441	0.0227799346004
4385.97750368	0.0227797475354
4386.29166294	0.0227794784658
4386.60582221	0.0227792660984
4386.91998147	0.0227791743672
4387.23414074	0.0227790450378
4387.5483	0.0227788315468
4387.86245927	0.0227786516256
4388.17661853	0.0227786261213
4388.4907778	0.0227784557718
4388.80493707	0.0227782008038
4389.11909633	0.0227782179351
4389.4332556	0.0227783862604
4389.74741486	0.0227784174559
4390.06157413	0.0227783336652
4390.37573339	0.0227782904583
4390.68989266	0.0227782969366
4391.00405192	0.0227782151951
4391.31821119	0.0227781052675
4391.63237045	0.0227780878608
4391.94652972	0.0227780957414
4392.26068898	0.0227779212032
4392.57484825	0.0227777748502
4392.88900751	0.0227778816873
4393.20316678	0.0227778749946
4393.51732605	0.022777711387
4393.83148531	0.0227775696347
4394.14564458	0.0227775116741
4394.45980384	0.0227773573685
4394.77396311	0.0227770894957
4395.08812237	0.0227769826295
4395.40228164	0.0227768628049
4395.7164409	0.022776608073
4396.03060017	0.0227764206744
4396.34475943	0.0227763692984
4396.6589187	0.0227763595227
4396.97307796	0.0227762741043
4397.28723723	0.0227761637249
4397.6013965	0.0227761781068
4397.91555576	0.0227763034104
4398.22971503	0.0227763198238
4398.54387429	0.0227762889482
4398.85803356	0.0227763792866
4399.17219282	0.0227764052713
4399.48635209	0.0227761545754
4399.80051135	0.0227758280739
4400.11467062	0.0227757185143
4400.42882988	0.0227756006178
4400.74298915	0.0227752947264
4401.05714841	0.0227749439896
4401.37130768	0.0227747952775
4401.68546694	0.022774636053
4401.99962621	0.0227744019658
4402.31378548	0.0227742903684
4402.62794474	0.0227740946354
4402.94210401	0.0227739130745
4403.25626327	0.0227740038962
4403.57042254	0.0227741965688
4403.8845818	0.0227742964042
4404.19874107	0.0227743391915
4404.51290033	0.0227744448242
4404.8270596	0.0227744395529
4405.14121886	0.0227741870513
4405.45537813	0.0227738505658
4405.76953739	0.0227737015505
4406.08369666	0.022773639209
4406.39785593	0.022773457814
4406.71201519	0.0227732426007
4407.02617446	0.0227732883948
4407.34033372	0.0227734494441
4407.65449299	0.0227734628342
4407.96865225	0.0227733508546
4408.28281152	0.0227732388974
4408.59697078	0.0227730810804
4408.91113005	0.0227729688931
4409.22528931	0.0227728500608
4409.53944858	0.0227726505213
4409.85360784	0.022772503624
4410.16776711	0.0227724576596
4410.48192637	0.02277246478
4410.79608564	0.0227724532854
4411.11024491	0.0227724258482
4411.42440417	0.0227724820955
4411.73856344	0.0227725855507
4412.0527227	0.0227726403227
4412.36688197	0.0227727057804
4412.68104123	0.0227727580532
4412.9952005	0.0227728055258
4413.30935976	0.0227729182258
4413.62351903	0.0227729705851
4413.93767829	0.0227728032687
4414.25183756	0.0227726389776
4414.56599682	0.0227725872475
4414.88015609	0.022772382765
4415.19431536	0.0227720761228
4415.50847462	0.0227718992387
4415.82263389	0.0227717981981
4416.13679315	0.0227716444673
4416.45095242	0.0227715338923
4416.76511168	0.0227713815514
4417.07927095	0.0227712427978
4417.39343021	0.0227712916466
4417.70758948	0.0227714199705
4418.02174874	0.0227714812365
4418.33590801	0.0227715327029
4418.65006727	0.0227715793005
4418.96422654	0.0227715241571
4419.27838581	0.0227713319189
4419.59254507	0.022771214231
4419.90670434	0.0227710988114
4420.2208636	0.0227708212012
4420.53502287	0.0227706193096
4420.84918213	0.0227705592233
4421.1633414	0.0227705083803
4421.47750066	0.0227704532756
4421.79165993	0.0227703394557
4422.10581919	0.0227702746676
4422.41997846	0.0227702736468
4422.73413772	0.0227700942037
4423.04829699	0.0227699164059
4423.36245625	0.0227699006069
4423.67661552	0.022769800142
4423.99077479	0.0227695945917
4424.30493405	0.0227695114833
4424.61909332	0.0227695997687
4424.93325258	0.0227695732547
4425.24741185	0.0227693439714
4425.56157111	0.0227691519825
4425.87573038	0.0227690623296
4426.18988964	0.0227689788898
4426.50404891	0.0227688701569
4426.81820817	0.0227688173658
4427.13236744	0.0227688506432
4427.4465267	0.0227688776232
4427.76068597	0.0227689259418
4428.07484524	0.0227691269457
4428.3890045	0.0227692298746
4428.70316377	0.0227690179644
4429.01732303	0.0227688786949
4429.3314823	0.0227687922985
4429.64564156	0.0227686536882
4429.95980083	0.022768445602
4430.27396009	0.0227682143125
4430.58811936	0.0227681586195
4430.90227862	0.0227680435959
4431.21643789	0.0227677736441
4431.53059715	0.0227677150294
4431.84475642	0.0227678483959
4432.15891568	0.0227679034604
4432.47307495	0.022767922682
4432.78723422	0.0227680333149
4433.10139348	0.0227681894114
4433.41555275	0.0227682763468
4433.72971201	0.0227683661804
4434.04387128	0.0227685020285
4434.35803054	0.0227684569857
4434.67218981	0.0227682515714
4434.98634907	0.0227680269963
4435.30050834	0.0227679035419
4435.6146676	0.0227677659654
4435.92882687	0.0227676398219
4436.24298613	0.0227675354243
4436.5571454	0.0227674949948
4436.87130467	0.0227674027279
4437.18546393	0.0227670852543
4437.4996232	0.0227671505573
4437.81378246	0.0227671000845
4438.12794173	0.0227667222117
4438.44210099	0.0227667389919
4438.75626026	0.0227670032796
4439.07041952	0.0227670319753
4439.38457879	0.0227668290244
4439.69873805	0.0227667025709
4440.01289732	0.0227667004336
4440.32705658	0.0227665479649
4440.64121585	0.0227663263194
4440.95537511	0.0227662775286
4441.26953438	0.0227663136222
4441.58369365	0.022766264804
4441.89785291	0.0227661712013
4442.21201218	0.0227661666492
4442.52617144	0.0227661416282
4442.84033071	0.022765916253
4443.15448997	0.0227656521987
4443.46864924	0.0227655958569
4443.7828085	0.0227653946785
4444.09696777	0.0227649937002
4444.41112703	0.0227648564657
4444.7252863	0.0227648205636
4445.03944556	0.0227645782677
4445.35360483	0.0227643325535
4445.6677641	0.022764298261
4445.98192336	0.0227643108058
4446.29608263	0.0227642592758
4446.61024189	0.0227641760657
4446.92440116	0.0227641416706
4447.23856042	0.0227641945716
4447.55271969	0.022764287256
4447.86687895	0.0227643004714
4448.18103822	0.0227642681093
4448.49519748	0.0227642866881
4448.80935675	0.0227643071258
4449.12351601	0.0227641275939
4449.43767528	0.0227638725097
4449.75183454	0.0227638074365
4450.06599381	0.0227637518741
4450.38015308	0.0227635901916
4450.69431234	0.0227634428756
4451.00847161	0.0227633166466
4451.32263087	0.0227632183194
4451.63679014	0.0227632176937
4451.9509494	0.0227631035335
4452.26510867	0.0227629546122
4452.57926793	0.0227630399492
4452.8934272	0.0227632537671
4453.20758646	0.0227633725434
4453.52174573	0.0227634256813
4453.83590499	0.0227634580167
4454.15006426	0.0227634186346
4454.46422353	0.0227633084762
4454.77838279	0.0227631472882
4455.09254206	0.0227629323887
4455.40670132	0.0227627600705
4455.72086059	0.0227626246282
4456.03501985	0.0227624986673
4456.34917912	0.0227624324187
4456.66333838	0.0227623711222
4456.97749765	0.0227622748742
4457.29165691	0.0227621391009
4457.60581618	0.0227619271478
4457.91997544	0.0227616822899
4458.23413471	0.022761391581
4458.54829397	0.0227612372801
4458.86245324	0.0227610140079
4459.17661251	0.0227607379962
4459.49077177	0.022760543563
4459.80493104	0.0227604624649
4460.1190903	0.0227604087044
4460.43324957	0.0227603152613
4460.74740883	0.0227602237968
4461.0615681	0.0227601542429
4461.37572736	0.0227601059286
4461.68988663	0.0227600766243
4462.00404589	0.0227600355931
4462.31820516	0.022759995239
4462.63236442	0.0227600136645
4462.94652369	0.0227600614297
4463.26068296	0.0227599735472
4463.57484222	0.0227598603511
4463.88900149	0.0227597579714
4464.20316075	0.0227595924526
4464.51732002	0.0227594317177
4464.83147928	0.0227592479873
4465.14563855	0.022759065425
4465.45979781	0.0227589683173
4465.77395708	0.0227589770534
4466.08811634	0.0227589270133
4466.40227561	0.0227588199029
4466.71643487	0.0227588828437
4467.03059414	0.0227590821536
4467.3447534	0.0227592522732
4467.65891267	0.022759374816
4467.97307194	0.0227594847016
4468.2872312	0.0227595529557
4468.60139047	0.0227595073203
4468.91554973	0.0227594500229
4469.229709	0.0227593681627
4469.54386826	0.0227592013103
4469.85802753	0.0227591008782
4470.17218679	0.0227590991955
4470.48634606	0.0227591002381
4470.80050532	0.0227590906756
4471.11466459	0.0227591322065
4471.42882385	0.022759164219
4471.74298312	0.0227590972735
4472.05714239	0.0227590274167
4472.37130165	0.0227589243935
4472.68546092	0.0227587796816
4472.99962018	0.0227586126911
4473.31377945	0.0227584620164
4473.62793871	0.0227582603477
4473.94209798	0.0227580743903
4474.25625724	0.0227579954429
4474.57041651	0.0227578642125
4474.88457577	0.0227576754732
4475.19873504	0.0227575514456
4475.5128943	0.0227574829528
4475.82705357	0.0227574003538
4476.14121283	0.0227573031354
4476.4553721	0.0227572240492
4476.76953137	0.0227571751644
4477.08369063	0.0227571423584
4477.3978499	0.0227570567889
4477.71200916	0.0227568286026
4478.02616843	0.0227566605247
4478.34032769	0.0227565401855
4478.65448696	0.0227562660047
4478.96864622	0.0227559688857
4479.28280549	0.0227557304173
4479.59696475	0.022755582561
4479.91112402	0.0227555015203
4480.22528328	0.0227552698757
4480.53944255	0.022755064092
4480.85360182	0.0227550892754
4481.16776108	0.022755189201
4481.48192035	0.0227552167255
4481.79607961	0.0227552699502
4482.11023888	0.0227554026791
4482.42439814	0.0227555155313
4482.73855741	0.0227555798221
4483.05271667	0.0227557040949
4483.36687594	0.022755847733
4483.6810352	0.0227558677058
4483.99519447	0.0227557479343
4484.30935373	0.0227557518131
4484.623513	0.0227557358382
4484.93767227	0.0227555714624
4485.25183153	0.0227554576402
4485.5659908	0.0227554268445
4485.88015006	0.0227554059357
4486.19430933	0.0227553935683
4486.50846859	0.0227553341381
4486.82262786	0.022755241041
4487.13678712	0.0227552138102
4487.45094639	0.0227550617594
4487.76510565	0.0227549713931
4488.07926492	0.0227550850237
4488.39342418	0.0227552004021
4488.70758345	0.0227551896505
4489.02174271	0.022755131981
4489.33590198	0.0227550528769
4489.65006125	0.022755015055
4489.96422051	0.0227549436514
4490.27837978	0.0227547886187
4490.59253904	0.0227546194229
4490.90669831	0.0227544648789
4491.22085757	0.0227543787282
4491.53501684	0.0227542768369
4491.8491761	0.0227540577758
4492.16333537	0.0227538721795
4492.47749463	0.022753789496
4492.7916539	0.0227536113521
4493.10581316	0.0227533803907
4493.41997243	0.0227529844803
4493.7341317	0.0227527811649
4494.04829096	0.0227526328853
4494.36245023	0.0227521789487
4494.67660949	0.0227518890948
4494.99076876	0.022751881372
4495.30492802	0.0227518437608
4495.61908729	0.0227517219829
4495.93324655	0.0227516310127
4496.24740582	0.0227515953036
4496.56156508	0.0227516309983
4496.87572435	0.0227517061848
4497.18988361	0.0227517135439
4497.50404288	0.0227516825843
4497.81820214	0.0227517334514
4498.13236141	0.0227518805755
4498.44652068	0.0227518446828
4498.76067994	0.0227516180409
4499.07483921	0.022751556852
4499.38899847	0.0227515559908
4499.70315774	0.0227514686854
4500.017317	0.0227513159684
4500.33147627	0.0227512605268
4500.64563553	0.022751203433
4500.9597948	0.0227512150994
4501.27395406	0.0227512376153
4501.58811333	0.0227512003398
4501.90227259	0.0227512900692
4502.21643186	0.0227515403809
4502.53059113	0.0227517797353
4502.84475039	0.0227519623019
4503.15890966	0.0227520995145
4503.47306892	0.0227521605286
4503.78722819	0.0227521248519
4504.10138745	0.0227520758286
4504.41554672	0.0227519667911
4504.72970598	0.0227518023674
4505.04386525	0.0227516936169
4505.35802451	0.0227516239335
4505.67218378	0.0227514697825
4505.98634304	0.0227513597081
4506.30050231	0.0227513599773
4506.61466157	0.022751244606
4506.92882084	0.0227509464737
4507.24298011	0.0227506693645
4507.55713937	0.022750394619
4507.87129864	0.0227501508674
4508.1854579	0.0227499047426
4508.49961717	0.0227496140593
4508.81377643	0.0227493959108
4509.1279357	0.0227492837195
4509.44209496	0.0227492072561
4509.75625423	0.0227490990055
4510.07041349	0.0227489169998
4510.38457276	0.022748733463
4510.69873202	0.0227486402278
4511.01289129	0.0227485142558
4511.32705056	0.0227483740416
4511.64120982	0.0227482897216
4511.95536909	0.0227482471253
4512.26952835	0.0227482513153
4512.58368762	0.0227482907868
4512.89784688	0.0227482705839
4513.21200615	0.0227480848616
4513.52616541	0.0227479077706
4513.84032468	0.0227477905011
4514.15448394	0.0227476194539
4514.46864321	0.022747426964
4514.78280247	0.0227473045135
4515.09696174	0.022747297449
4515.411121	0.0227472641749
4515.72528027	0.0227471777132
4516.03943954	0.0227472034639
4516.3535988	0.0227474130844
4516.66775807	0.0227476589516
4516.98191733	0.022747833732
4517.2960766	0.022748008407
4517.61023586	0.0227481691663
4517.92439513	0.0227482719628
4518.23855439	0.0227483031395
4518.55271366	0.0227483425435
4518.86687292	0.02274833249
4519.18103219	0.0227481915693
4519.49519145	0.0227480858486
4519.80935072	0.0227481170014
4520.12350999	0.0227480711272
4520.43766925	0.0227479595715
4520.75182852	0.022748003354
4521.06598778	0.0227480446005
4521.38014705	0.0227478808872
4521.69430631	0.0227476843826
4522.00846558	0.0227476556964
4522.32262484	0.022747625054
4522.63678411	0.0227474487195
4522.95094337	0.0227472915394
4523.26510264	0.0227472709946
4523.5792619	0.0227472241019
4523.89342117	0.0227470018306
4524.20758043	0.0227467254466
4524.5217397	0.0227464826801
4524.83589897	0.0227461646606
4525.15005823	0.022745858758
4525.4642175	0.0227456879731
4525.77837676	0.0227455177838
4526.09253603	0.0227452779151
4526.40669529	0.0227451509916
4526.72085456	0.0227451600604
4527.03501382	0.0227451553201
4527.34917309	0.022745016382
4527.66333235	0.0227446981501
4527.97749162	0.0227444304078
4528.29165088	0.0227442641909
4528.60581015	0.0227439473981
4528.91996942	0.0227436112812
4529.23412868	0.0227434321773
4529.54828795	0.0227432939249
4529.86244721	0.0227430813561
4530.17660648	0.0227429005221
4530.49076574	0.0227428821658
4530.80492501	0.0227429500578
4531.11908427	0.0227430093045
4531.43324354	0.0227431170498
4531.7474028	0.0227432928261
4532.06156207	0.022743491
4532.37572133	0.0227436435595
4532.6898806	0.0227438122948
4533.00403986	0.0227438625839
4533.31819913	0.0227436270435
4533.6323584	0.0227433380334
4533.94651766	0.0227432978953
4534.26067693	0.0227432500912
4534.57483619	0.0227431517263
4534.88899546	0.0227431413241
4535.20315472	0.0227432190451
4535.51731399	0.0227433150952
4535.83147325	0.0227433899277
4536.14563252	0.0227433465503
4536.45979178	0.0227434106595
4536.77395105	0.0227434478492
4537.08811031	0.0227433034412
4537.40226958	0.0227433817833
4537.71642885	0.0227435790518
4538.03058811	0.0227435719383
4538.34474738	0.0227433526826
4538.65890664	0.0227432046277
4538.97306591	0.0227431202127
4539.28722517	0.0227429306063
4539.60138444	0.0227427659732
4539.9155437	0.0227427235644
4540.22970297	0.0227426815194
4540.54386223	0.0227425998882
4540.8580215	0.022742545137
4541.17218076	0.022742583289
4541.48634003	0.0227426072647
4541.80049929	0.02274245764
4542.11465856	0.0227422179042
4542.42881783	0.0227421023553
4542.74297709	0.0227419044434
4543.05713636	0.0227416273856
4543.37129562	0.0227414416665
4543.68545489	0.022741251274
4543.99961415	0.0227410139462
4544.31377342	0.0227408181056
4544.62793268	0.0227407336089
4544.94209195	0.0227406684349
4545.25625121	0.0227406371162
4545.57041048	0.0227406387171
4545.88456974	0.022740637103
4546.19872901	0.0227406504291
4546.51288828	0.0227406861775
4546.82704754	0.0227407112843
4547.14120681	0.0227407614148
4547.45536607	0.0227408488198
4547.76952534	0.0227408727798
4548.0836846	0.0227407275416
4548.39784387	0.0227405844111
4548.71200313	0.0227405211673
4549.0261624	0.022740449015
4549.34032166	0.0227403288526
4549.65448093	0.0227401305399
4549.96864019	0.0227399334044
4550.28279946	0.0227398564657
4550.59695872	0.022739782144
4550.91111799	0.0227396106942
4551.22527726	0.0227395007303
4551.53943652	0.0227395419015
4551.85359579	0.022739646559
4552.16775505	0.0227397116339
4552.48191432	0.022739850803
4552.79607358	0.0227399791272
4553.11023285	0.0227399673035
4553.42439211	0.0227399215161
4553.73855138	0.0227398479604
4554.05271064	0.0227397049315
4554.36686991	0.0227395467465
4554.68102917	0.022739402035
4554.99518844	0.0227392689451
4555.30934771	0.0227391327193
4555.62350697	0.0227390467089
4555.93766624	0.022739070591
4556.2518255	0.0227390584598
4556.56598477	0.022738873288
4556.88014403	0.0227386637006
4557.1943033	0.0227385259471
4557.50846256	0.022738335876
4557.82262183	0.0227380711521
4558.13678109	0.0227377917558
4558.45094036	0.0227375904982
4558.76509962	0.0227374741502
4559.07925889	0.0227373232687
4559.39341816	0.022737166909
4559.70757742	0.0227370677975
4560.02173669	0.0227370001835
4560.33589595	0.0227369509142
4560.65005522	0.0227369327548
4560.96421448	0.0227369195248
4561.27837375	0.022736895745
4561.59253301	0.0227369048889
4561.90669228	0.0227369171732
4562.22085154	0.0227367766896
4562.53501081	0.0227365104532
4562.84917007	0.0227363260105
4563.16332934	0.0227361207635
4563.4774886	0.0227359080907
4563.79164787	0.0227357602873
4564.10580714	0.0227356508071
4564.4199664	0.0227355796014
4564.73412567	0.0227355753413
4565.04828493	0.0227355805522
4565.3624442	0.0227355205548
4565.67660346	0.0227355229091
4565.99076273	0.0227356933827
4566.30492199	0.0227358996004
4566.61908126	0.0227360801729
4566.93324052	0.0227362068425
4567.24739979	0.0227362602176
4567.56155905	0.0227362827471
4567.87571832	0.0227362814849
4568.18987759	0.0227362054379
4568.50403685	0.0227361155135
4568.81819612	0.0227361234122
4569.13235538	0.0227361618212
4569.44651465	0.0227362177785
4569.76067391	0.0227363612919
4570.07483318	0.0227365010196
4570.38899244	0.0227365240791
4570.70315171	0.0227364934777
4571.01731097	0.0227364715073
4571.33147024	0.0227363990265
4571.6456295	0.0227362609726
4571.95978877	0.0227361707813
4572.27394803	0.0227360752425
4572.5881073	0.0227358881314
4572.90226657	0.022735767745
4573.21642583	0.0227357441308
4573.5305851	0.0227356922725
4573.84474436	0.0227356018776
4574.15890363	0.0227355517266
4574.47306289	0.022735535074
4574.78722216	0.0227354753111
4575.10138142	0.0227353906634
4575.41554069	0.0227353232804
4575.72969995	0.0227352692042
4576.04385922	0.0227351807455
4576.35801848	0.0227349899303
4576.67217775	0.022734707137
4576.98633702	0.0227345278921
4577.30049628	0.022734289808
4577.61465555	0.0227340057961
4577.92881481	0.0227337994509
4578.24297408	0.0227335338992
4578.55713334	0.0227332792403
4578.87129261	0.0227331568323
4579.18545187	0.0227329978825
4579.49961114	0.0227326657444
4579.8137704	0.0227324700989
4580.12792967	0.022732525501
4580.44208893	0.0227325897019
4580.7562482	0.02273253282
4581.07040746	0.0227324709191
4581.38456673	0.0227324693935
4581.698726	0.0227324001611
4582.01288526	0.0227323420189
4582.32704453	0.0227322797618
4582.64120379	0.0227321610295
4582.95536306	0.0227320696168
4583.26952232	0.0227320246649
4583.58368159	0.0227319728548
4583.89784085	0.0227318350005
4584.21200012	0.0227317339835
4584.52615938	0.0227317249875
4584.84031865	0.0227316337653
4585.15447791	0.0227314608859
4585.46863718	0.0227313364856
4585.78279645	0.0227312899882
4586.09695571	0.0227312579398
4586.41111498	0.0227311166492
4586.72527424	0.0227309531369
4587.03943351	0.0227310152116
4587.35359277	0.022731179788
4587.66775204	0.0227311784588
4587.9819113	0.022731072447
4588.29607057	0.0227310781253
4588.61022983	0.0227310632139
4588.9243891	0.0227309805113
4589.23854836	0.0227309034298
4589.55270763	0.0227308527176
4589.86686689	0.0227308104501
4590.18102616	0.0227308191672
4590.49518543	0.0227308918088
4590.80934469	0.0227308972908
4591.12350396	0.0227308024955
4591.43766322	0.0227308249002
4591.75182249	0.0227308079619
4592.06598175	0.0227304955539
4592.38014102	0.0227302335965
4592.69430028	0.0227300915232
4593.00845955	0.0227298080481
4593.32261881	0.0227295418929
4593.63677808	0.0227293038616
4593.95093734	0.0227291510915
4594.26509661	0.0227291224537
4594.57925588	0.0227290964997
4594.89341514	0.0227290387488
4595.20757441	0.0227290240639
4595.52173367	0.0227290715698
4595.83589294	0.0227291085091
4596.1500522	0.0227290857014
4596.46421147	0.0227290683392
4596.77837073	0.0227290934877
4597.09253	0.0227289863344
4597.40668926	0.0227287120223
4597.72084853	0.0227285295003
4598.03500779	0.0227284678652
4598.34916706	0.0227285133731
4598.66332632	0.0227284854625
4598.97748559	0.0227283303354
4599.29164486	0.0227281746393
4599.60580412	0.022728144806
4599.91996339	0.0227281159601
4600.23412265	0.0227279976303
4600.54828192	0.022727894107
4600.86244118	0.0227279044318
4601.17660045	0.0227279838312
4601.49075971	0.0227280386628
4601.80491898	0.022728123546
4602.11907824	0.0227281796015
4602.43323751	0.0227281584664
4602.74739677	0.0227282034929
4603.06155604	0.0227282437921
4603.37571531	0.0227281638719
4603.68987457	0.0227280573197
4604.00403384	0.0227280280436
4604.3181931	0.0227280657976
4604.63235237	0.0227281026791
4604.94651163	0.0227280655954
4605.2606709	0.0227280472985
4605.57483016	0.0227280690537
4605.88898943	0.0227279432857
4606.20314869	0.0227276562616
4606.51730796	0.022727439711
4606.83146722	0.0227272526993
4607.14562649	0.0227270525744
4607.45978576	0.0227268721898
4607.77394502	0.0227266720596
4608.08810429	0.0227265444976
4608.40226355	0.0227265379109
4608.71642282	0.0227265708931
4609.03058208	0.0227265593036
4609.34474135	0.0227265280491
4609.65890061	0.022726514791
4609.97305988	0.0227265048322
4610.28721914	0.0227264204968
4610.60137841	0.0227263464775
4610.91553767	0.0227263747072
4611.22969694	0.0227263430823
4611.5438562	0.0227261673815
4611.85801547	0.0227259863528
4612.17217474	0.0227259749196
4612.486334	0.0227259289809
4612.80049327	0.0227256739569
4613.11465253	0.0227253515304
4613.4288118	0.0227251679284
4613.74297106	0.02272505201
4614.05713033	0.0227248321113
4614.37128959	0.0227246580031
4614.68544886	0.0227245255256
4614.99960812	0.0227243969884
4615.31376739	0.0227243829474
4615.62792665	0.0227244485918
4615.94208592	0.0227244987964
4616.25624519	0.0227244900586
4616.57040445	0.0227244819305
4616.88456372	0.0227245125395
4617.19872298	0.022724534639
4617.51288225	0.0227245289604
4617.82704151	0.0227245285635
4618.14120078	0.022724563786
4618.45536004	0.0227245042969
4618.76951931	0.0227243919257
4619.08367857	0.0227242930617
4619.39783784	0.0227241756803
4619.7119971	0.0227241449572
4620.02615637	0.0227240998127
4620.34031563	0.0227240250888
4620.6544749	0.022724011451
4620.96863417	0.0227239207112
4621.28279343	0.0227238502154
4621.5969527	0.0227238974553
4621.91111196	0.0227236423356
4622.22527123	0.0227235734344
4622.53943049	0.022723760429
4622.85358976	0.0227238073274
4623.16774902	0.0227236076727
4623.48190829	0.0227234539459
4623.79606755	0.0227233753245
4624.11022682	0.0227232480248
4624.42438608	0.0227231444476
4624.73854535	0.0227230744911
4625.05270462	0.0227230394329
4625.36686388	0.0227230737926
4625.68102315	0.0227231899439
4625.99518241	0.0227232161779
4626.30934168	0.0227230014836
4626.62350094	0.0227227393814
4626.93766021	0.0227226469132
4627.25181947	0.0227223854722
4627.56597874	0.0227221048395
4627.880138	0.0227219240964
4628.19429727	0.0227217674663
4628.50845653	0.0227215691095
4628.8226158	0.0227213310714
4629.13677506	0.0227212316266
4629.45093433	0.0227212990575
4629.7650936	0.022721365979
4630.07925286	0.0227213922391
4630.39341213	0.0227214449768
4630.70757139	0.0227215040396
4631.02173066	0.0227214976141
4631.33588992	0.0227214896876
4631.65004919	0.0227215942813
4631.96420845	0.0227215352644
4632.27836772	0.0227212155686
4632.59252698	0.0227210172218
4632.90668625	0.0227210676151
4633.22084551	0.0227208922135
4633.53500478	0.0227205641346
4633.84916405	0.0227205544007
4634.16332331	0.0227206700609
4634.47748258	0.0227206085378
4634.79164184	0.0227205454508
4635.10580111	0.0227203537954
4635.41996037	0.0227205122951
4635.73411964	0.0227204063228
4636.0482789	0.0227199920793
4636.36243817	0.0227200995579
4636.67659743	0.0227204513607
4636.9907567	0.0227204677135
4637.30491596	0.0227202879806
4637.61907523	0.0227202235982
4637.93323449	0.0227202209791
4638.24739376	0.0227201966062
4638.56155303	0.0227201673416
4638.87571229	0.0227201496563
4639.18987156	0.0227201520157
4639.50403082	0.022720269781
4639.81819009	0.022720439489
4640.13234935	0.0227204168241
4640.44650862	0.0227202862595
4640.76066788	0.0227202677097
4641.07482715	0.0227203118377
4641.38898641	0.0227202319394
4641.70314568	0.022719932995
4642.01730494	0.0227197235223
4642.33146421	0.0227197293679
4642.64562348	0.0227195083835
4642.95978274	0.0227191511475
4643.27394201	0.0227190637992
4643.58810127	0.0227191398728
4643.90226054	0.0227191113706
4644.2164198	0.0227189986665
4644.53057907	0.0227189102131
4644.84473833	0.0227188586619
4645.1588976	0.0227188417941
4645.47305686	0.02271874013
4645.78721613	0.0227185622816
4646.10137539	0.0227184310653
4646.41553466	0.02271832992
4646.72969392	0.0227181677834
4647.04385319	0.0227180328332
4647.35801246	0.022717893043
4647.67217172	0.0227176983253
4647.98633099	0.0227175404749
4648.30049025	0.0227173993709
4648.61464952	0.0227170766914
4648.92880878	0.0227168161436
4649.24296805	0.0227166372779
4649.55712731	0.0227164033903
4649.87128658	0.0227161284893
4650.18544584	0.0227159399036
4650.49960511	0.0227158813337
4650.81376437	0.0227158713274
4651.12792364	0.022715824404
4651.44208291	0.0227158227117
4651.75624217	0.0227158692199
4652.07040144	0.0227158321423
4652.3845607	0.0227157999309
4652.69871997	0.0227157725473
4653.01287923	0.0227156983605
4653.3270385	0.0227156127708
4653.64119776	0.0227155225105
4653.95535703	0.0227154322962
4654.26951629	0.0227154393229
4654.58367556	0.0227155673157
4654.89783482	0.0227155909147
4655.21199409	0.0227155113494
4655.52615335	0.0227155129963
4655.84031262	0.0227155265467
4656.15447189	0.0227154405925
4656.46863115	0.0227153658143
4656.78279042	0.0227153085684
4657.09694968	0.0227152521067
4657.41110895	0.0227152193341
4657.72526821	0.0227151959355
4658.03942748	0.0227151881566
4658.35358674	0.0227152027298
4658.66774601	0.022715188986
4658.98190527	0.0227151807257
4659.29606454	0.0227153039615
4659.6102238	0.0227154516343
4659.92438307	0.0227154967228
4660.23854234	0.0227156198576
4660.5527016	0.0227158535047
4660.86686087	0.0227160029497
4661.18102013	0.0227159012215
4661.4951794	0.0227155965722
4661.80933866	0.0227155238175
4662.12349793	0.0227154045581
4662.43765719	0.02271513505
4662.75181646	0.0227149414255
4663.06597572	0.0227148077648
4663.38013499	0.022714668704
4663.69429425	0.0227145688684
4664.00845352	0.0227144135685
4664.32261279	0.0227142114845
4664.63677205	0.0227142035075
4664.95093132	0.0227143100653
4665.26509058	0.022714353928
4665.57924985	0.0227143411473
4665.89340911	0.022714329356
4666.20756838	0.0227142348091
4666.52172764	0.022714062767
4666.83588691	0.0227139839453
4667.15004617	0.0227138542246
4667.46420544	0.0227136278594
4667.7783647	0.0227134397221
4668.09252397	0.0227133619784
4668.40668323	0.0227132236509
4668.7208425	0.0227129766603
4669.03500177	0.0227129290374
4669.34916103	0.0227128745704
4669.6633203	0.0227127373693
4669.97747956	0.022712666943
4670.29163883	0.0227126248706
4670.60579809	0.0227125787979
4670.91995736	0.0227125052646
4671.23411662	0.0227123874139
4671.54827589	0.0227123318128
4671.86243515	0.0227123404562
4672.17659442	0.0227122882334
4672.49075368	0.0227121632507
4672.80491295	0.0227120464773
4673.11907222	0.0227118989689
4673.43323148	0.0227118031515
4673.74739075	0.0227118336765
4674.06155001	0.0227118330575
4674.37570928	0.0227118149486
4674.68986854	0.0227118735227
4675.00402781	0.022712016218
4675.31818707	0.0227121532465
4675.63234634	0.0227120756139
4675.9465056	0.0227117764606
4676.26066487	0.0227117016661
4676.57482413	0.0227115750353
4676.8889834	0.0227112896163
4677.20314266	0.0227110751997
4677.51730193	0.0227109460349
4677.8314612	0.022710812099
4678.14562046	0.0227106870912
4678.45977973	0.0227105407237
4678.77393899	0.0227104512401
4679.08809826	0.0227104991402
4679.40225752	0.0227105978387
4679.71641679	0.0227106596841
4680.03057605	0.0227106503762
4680.34473532	0.0227106169495
4680.65889458	0.0227106681644
4680.97305385	0.0227106216988
4681.28721311	0.0227105208105
4681.60137238	0.0227104565158
4681.91553165	0.022710313417
4682.22969091	0.0227101000574
4682.54385018	0.0227098983591
4682.85800944	0.0227097249076
4683.17216871	0.0227094799619
4683.48632797	0.0227093122682
4683.80048724	0.0227092578944
4684.1146465	0.0227091043417
4684.42880577	0.0227089276433
4684.74296503	0.0227088704251
4685.0571243	0.0227088454024
4685.37128356	0.0227087386521
4685.68544283	0.0227086992942
4685.99960209	0.0227088151136
4686.31376136	0.0227089333526
4686.62792063	0.0227088860754
4686.94207989	0.0227088012788
4687.25623916	0.0227087893405
4687.57039842	0.0227086918453
4687.88455769	0.0227085871881
4688.19871695	0.0227085573012
4688.51287622	0.0227085454322
4688.82703548	0.0227085037967
4689.14119475	0.0227084686395
4689.45535401	0.0227085062649
4689.76951328	0.0227086622082
4690.08367254	0.022708799562
4690.39783181	0.0227088245012
4690.71199108	0.0227087149206
4691.02615034	0.022708669915
4691.34030961	0.0227085464331
4691.65446887	0.0227083325618
4691.96862814	0.0227081696107
4692.2827874	0.0227080541033
4692.59694667	0.0227079294919
4692.91110593	0.0227078602088
4693.2252652	0.0227078569386
4693.53942446	0.022707872076
4693.85358373	0.022707907876
4694.16774299	0.022707969377
4694.48190226	0.022708040067
4694.79606152	0.0227080987827
4695.11022079	0.0227081174384
4695.42438006	0.0227081073562
4695.73853932	0.0227080290395
4696.05269859	0.0227077017332
4696.36685785	0.0227073829053
4696.68101712	0.0227072776593
4696.99517638	0.0227070440002
4697.30933565	0.0227067932065
4697.62349491	0.0227066701248
4697.93765418	0.0227065663543
4698.25181344	0.0227064574873
4698.56597271	0.0227063613253
4698.88013197	0.0227062793217
4699.19429124	0.0227061859049
4699.50845051	0.0227060610259
4699.82260977	0.0227060051575
4700.13676904	0.0227060152136
4700.4509283	0.0227059858223
4700.76508757	0.0227058611622
4701.07924683	0.0227057306116
4701.3934061	0.0227055692158
4701.70756536	0.0227053956334
4702.02172463	0.0227052709115
4702.33588389	0.0227051889161
4702.65004316	0.0227051606068
4702.96420242	0.0227051393082
4703.27836169	0.0227050932852
4703.59252095	0.0227051050485
4703.90668022	0.0227051232863
4704.22083949	0.0227050713502
4704.53499875	0.0227049951501
4704.84915802	0.0227048829342
4705.16331728	0.0227047950511
4705.47747655	0.0227047227406
4705.79163581	0.0227046683991
4706.10579508	0.0227046427225
4706.41995434	0.0227046219524
4706.73411361	0.0227045799899
4707.04827287	0.0227045843889
4707.36243214	0.0227046284757
4707.6765914	0.0227046629695
4707.99075067	0.0227046902032
4708.30490994	0.0227047282269
4708.6190692	0.0227047726895
4708.93322847	0.0227048198295
4709.24738773	0.0227048786958
4709.561547	0.0227049422668
4709.87570626	0.0227050162098
4710.18986553	0.022705076917
4710.50402479	0.0227051300793
4710.81818406	0.0227051343077
4711.13234332	0.0227049760554
4711.44650259	0.0227048485518
4711.76066185	0.0227047494034
4712.07482112	0.0227045553306
4712.38898038	0.022704346747
4712.70313965	0.0227041629058
4713.01729892	0.0227040183623
4713.33145818	0.0227038652234
4713.64561745	0.0227036557682
4713.95977671	0.0227035029282
4714.27393598	0.0227034626423
4714.58809524	0.0227034714712
4714.90225451	0.0227034208821
4715.21641377	0.0227033575887
4715.53057304	0.022703280878
4715.8447323	0.0227031089137
4716.15889157	0.0227029358073
4716.47305083	0.0227027604352
4716.7872101	0.0227025493032
4717.10136937	0.022702392987
4717.41552863	0.0227022936816
4717.7296879	0.0227021733305
4718.04384716	0.0227020338392
4718.35800643	0.022701895851
4718.67216569	0.0227017031701
4718.98632496	0.0227014688125
4719.30048422	0.0227013526099
4719.61464349	0.0227012658898
4719.92880275	0.0227011132175
4720.24296202	0.0227009133466
4720.55712128	0.0227008814818
4720.87128055	0.0227007641455
4721.18543982	0.0227005467587
4721.49959908	0.0227005108641
4721.81375835	0.0227005496812
4722.12791761	0.0227004819202
4722.44207688	0.0227004107077
4722.75623614	0.0227004067582
4723.07039541	0.0227004311917
4723.38455467	0.0227004789421
4723.69871394	0.0227005594068
4724.0128732	0.0227006830363
4724.32703247	0.0227007972559
4724.64119173	0.0227009085214
4724.955351	0.0227009731114
4725.26951026	0.0227008295712
4725.58366953	0.0227007020808
4725.8978288	0.0227006327379
4726.21198806	0.0227005184338
4726.52614733	0.0227004257305
4726.84030659	0.0227002729469
4727.15446586	0.0227001687521
4727.46862512	0.0227002188391
4727.78278439	0.0227002408512
4728.09694365	0.0227001634975
4728.41110292	0.0227002054235
4728.72526218	0.0227004259913
4729.03942145	0.0227006120625
4729.35358071	0.0227007326875
4729.66773998	0.0227007875156
4729.98189925	0.0227007383783
4730.29605851	0.0227006335401
4730.61021778	0.0227005371298
4730.92437704	0.0227004039738
4731.23853631	0.0227002418247
4731.55269557	0.0227000749885
4731.86685484	0.0226999259387
4732.1810141	0.0226998256087
4732.49517337	0.0226997556212
4732.80933263	0.0226996090546
4733.1234919	0.0226994363842
4733.43765116	0.0226993332485
4733.75181043	0.0226991234622
4734.06596969	0.0226987168398
4734.38012896	0.0226984617637
4734.69428823	0.0226982864557
4735.00844749	0.022697923706
4735.32260676	0.0226975977501
4735.63676602	0.0226974812606
4735.95092529	0.0226974481048
4736.26508455	0.0226973649906
4736.57924382	0.0226972982532
4736.89340308	0.0226973075885
4737.20756235	0.022697333279
4737.52172161	0.0226973263697
4737.83588088	0.0226972997884
4738.15004014	0.0226972754798
4738.46419941	0.0226972391582
4738.77835868	0.0226971887119
4739.09251794	0.0226971819059
4739.40667721	0.0226971642704
4739.72083647	0.0226969963376
4740.03499574	0.0226969054811
4740.349155	0.022696941881
4740.66331427	0.0226968556447
4740.97747353	0.0226966999831
4741.2916328	0.0226966248173
4741.60579206	0.0226966017463
4741.91995133	0.0226965171985
4742.23411059	0.0226964239718
4742.54826986	0.0226964394
4742.86242912	0.0226965402995
4743.17658839	0.0226966184394
4743.49074766	0.0226966634916
4743.80490692	0.0226967054801
4744.11906619	0.0226967210574
4744.43322545	0.0226966826773
4744.74738472	0.0226966492763
4745.06154398	0.0226966758376
4745.37570325	0.0226966163766
4745.68986251	0.0226965088938
4746.00402178	0.022696481364
4746.31818104	0.0226964766456
4746.63234031	0.0226962902816
4746.94649957	0.0226960108628
4747.26065884	0.0226958489394
4747.57481811	0.0226956998669
4747.88897737	0.0226954874013
4748.20313664	0.0226952586001
4748.5172959	0.0226950280976
4748.83145517	0.0226949435947
4749.14561443	0.0226947892771
4749.4597737	0.0226944655315
4749.77393296	0.022694327508
4750.08809223	0.0226944235839
4750.40225149	0.0226944408887
4750.71641076	0.0226943429384
4751.03057002	0.0226942449232
4751.34472929	0.0226941299577
4751.65888855	0.0226939458749
4751.97304782	0.0226937440549
4752.28720709	0.0226936406138
4752.60136635	0.0226935771267
4752.91552562	0.0226934357311
4753.22968488	0.0226933209693
4753.54384415	0.022693435457
4753.85800341	0.0226935859192
4754.17216268	0.0226935654232
4754.48632194	0.0226934280085
4754.80048121	0.0226934021896
4755.11464047	0.0226934147765
4755.42879974	0.0226932935786
4755.742959	0.0226931075049
4756.05711827	0.0226930922917
4756.37127754	0.0226931038745
4756.6854368	0.0226930057176
4756.99959607	0.0226930037005
4757.31375533	0.0226931857302
4757.6279146	0.0226933575902
4757.94207386	0.0226934500704
4758.25623313	0.0226936188568
4758.57039239	0.0226938766283
4758.88455166	0.0226940696205
4759.19871092	0.0226941854902
4759.51287019	0.0226943674009
4759.82702945	0.0226945226975
4760.14118872	0.0226945112752
4760.45534798	0.0226945231539
4760.76950725	0.0226945126401
4761.08366652	0.0226943399153
4761.39782578	0.0226942155767
4761.71198505	0.0226941377627
4762.02614431	0.0226940634666
4762.34030358	0.0226939502076
4762.65446284	0.0226938431034
4762.96862211	0.0226938265834
4763.28278137	0.0226937598394
4763.59694064	0.0226934730674
4763.9110999	0.0226934004932
4764.22525917	0.022693563797
4764.53941843	0.0226936475653
4764.8535777	0.0226935922089
4765.16773697	0.022693459014
4765.48189623	0.0226933197136
4765.7960555	0.0226931774664
4766.11021476	0.0226929747042
4766.42437403	0.0226927910253
4766.73853329	0.0226927037499
4767.05269256	0.0226926198735
4767.36685182	0.0226925273346
4767.68101109	0.0226925693987
4767.99517035	0.022692544308
4768.30932962	0.0226923301715
4768.62348888	0.0226920735443
4768.93764815	0.0226920310454
4769.25180741	0.0226919248017
4769.56596668	0.0226915803668
4769.88012595	0.0226913149934
4770.19428521	0.0226912953188
4770.50844448	0.0226910915858
4770.82260374	0.0226907750264
4771.13676301	0.0226907708663
4771.45092227	0.0226909420484
4771.76508154	0.022690957083
4772.0792408	0.0226908876917
4772.39340007	0.0226908588922
4772.70755933	0.0226908785318
4773.0217186	0.0226908567684
4773.33587786	0.02269074504
4773.65003713	0.02269072193
4773.9641964	0.0226907548482
4774.27835566	0.0226907027124
4774.59251493	0.0226906939373
4774.90667419	0.0226907821385
4775.22083346	0.022690698525
4775.53499272	0.022690503978
4775.84915199	0.0226904486797
4776.16331125	0.0226903784538
4776.47747052	0.0226901122453
4776.79162978	0.0226900225182
4777.10578905	0.0226899748949
4777.41994831	0.0226897664486
4777.73410758	0.0226895844412
4778.04826684	0.0226895500513
4778.36242611	0.0226896174347
4778.67658538	0.022689681174
4778.99074464	0.0226896994344
4779.30490391	0.0226897398781
4779.61906317	0.0226898521455
4779.93322244	0.0226899302373
4780.2473817	0.0226899193809
4780.56154097	0.0226898877829
4780.87570023	0.0226897739298
4781.1898595	0.0226895229838
4781.50401876	0.0226893163474
4781.81817803	0.0226891946264
4782.13233729	0.0226889829962
4782.44649656	0.0226887949064
4782.76065583	0.0226887234439
4783.07481509	0.022688603054
4783.38897436	0.0226884187849
4783.70313362	0.0226881490274
4784.01729289	0.0226880504961
4784.33145215	0.0226879498727
4784.64561142	0.0226875728688
4784.95977068	0.0226874173547
4785.27392995	0.0226875625924
4785.58808921	0.0226875313775
4785.90224848	0.022687297317
4786.21640774	0.0226871007459
4786.53056701	0.0226870222881
4786.84472627	0.0226869315937
4787.15888554	0.0226867566458
4787.47304481	0.0226866240066
4787.78720407	0.0226866062309
4788.10136334	0.0226866372562
4788.4155226	0.0226866264501
4788.72968187	0.0226866088336
4789.04384113	0.0226866985872
4789.3580004	0.022686713602
4789.67215966	0.0226864825833
4789.98631893	0.0226862520907
4790.30047819	0.0226861580048
4790.61463746	0.0226859605746
4790.92879672	0.0226857799342
4791.24295599	0.0226857181398
4791.55711526	0.0226856432094
4791.87127452	0.022685539847
4792.18543379	0.022685543605
4792.49959305	0.0226856882963
4792.81375232	0.0226858263241
4793.12791158	0.0226859389764
4793.44207085	0.0226861055298
4793.75623011	0.0226862719979
4794.07038938	0.0226863616051
4794.38454864	0.0226864227427
4794.69870791	0.0226865660416
4795.01286717	0.0226866047605
4795.32702644	0.0226864232008
4795.64118571	0.0226863241411
4795.95534497	0.0226863672113
4796.26950424	0.0226862913901
4796.5836635	0.0226860930778
4796.89782277	0.0226859478454
4797.21198203	0.0226859406147
4797.5261413	0.0226859053379
4797.84030056	0.0226858151992
4798.15445983	0.0226857918827
4798.46861909	0.0226857551086
4798.78277836	0.0226856224713
4799.09693762	0.0226856130084
4799.41109689	0.0226857373767
4799.72525615	0.0226858016332
4800.03941542	0.0226857825861
4800.35357469	0.0226856930504
4800.66773395	0.0226855915109
4800.98189322	0.0226854308168
4801.29605248	0.0226851972336
4801.61021175	0.0226850022555
4801.92437101	0.0226848657652
4802.23853028	0.0226847424816
4802.55268954	0.0226845535068
4802.86684881	0.0226844445296
4803.18100807	0.0226844575395
4803.49516734	0.0226843685726
4803.8093266	0.0226841243013
4804.12348587	0.0226838306472
4804.43764514	0.0226835719155
4804.7518044	0.0226833618815
4805.06596367	0.0226831608403
4805.38012293	0.0226829614187
4805.6942822	0.0226827579666
4806.00844146	0.0226825722343
4806.32260073	0.0226825328578
4806.63675999	0.022682542808
4806.95091926	0.022682429861
4807.26507852	0.0226823732042
4807.57923779	0.0226823682976
4807.89339705	0.0226823337689
4808.20755632	0.0226823252078
4808.52171558	0.0226823419134
4808.83587485	0.0226823683886
4809.15003412	0.0226824342329
4809.46419338	0.0226825267208
4809.77835265	0.0226824756006
4810.09251191	0.0226823000477
4810.40667118	0.0226822281675
4810.72083044	0.0226822111182
4811.03498971	0.0226820286892
4811.34914897	0.0226818122152
4811.66330824	0.0226817425363
4811.9774675	0.0226816437486
4812.29162677	0.0226815262574
4812.60578603	0.0226815012326
4812.9199453	0.0226814375652
4813.23410457	0.0226814460714
4813.54826383	0.0226816371582
4813.8624231	0.0226818253099
4814.17658236	0.0226819748741
4814.49074163	0.022682092746
4814.80490089	0.022682059521
4815.11906016	0.0226819943587
4815.43321942	0.0226818805878
4815.74737869	0.0226816967746
4816.06153795	0.0226816003608
4816.37569722	0.0226815499867
4816.68985648	0.0226814691089
4817.00401575	0.0226813870636
4817.31817501	0.0226813555599
4817.63233428	0.0226813856151
4817.94649355	0.0226814306904
4818.26065281	0.0226814742462
4818.57481208	0.0226814474787
4818.88897134	0.0226812113688
4819.20313061	0.0226811207599
4819.51728987	0.022680994161
4819.83144914	0.0226806463614
4820.1456084	0.0226804075023
4820.45976767	0.0226802979907
4820.77392693	0.0226801750101
4821.0880862	0.0226800536727
4821.40224546	0.0226799439688
4821.71640473	0.0226798846802
4822.030564	0.0226798716866
4822.34472326	0.0226798803012
4822.65888253	0.0226799132952
4822.97304179	0.0226799383279
4823.28720106	0.0226799662868
4823.60136032	0.0226800539447
4823.91551959	0.0226801061177
4824.22967885	0.022679946368
4824.54383812	0.0226797613976
4824.85799738	0.022679699893
4825.17215665	0.0226795472938
4825.48631591	0.0226793667677
4825.80047518	0.022679244252
4826.11463444	0.0226791541638
4826.42879371	0.0226791199392
4826.74295298	0.0226790109542
4827.05711224	0.0226788722815
4827.37127151	0.0226789171672
4827.68543077	0.0226791348567
4827.99959004	0.0226793008241
4828.3137493	0.0226794068036
4828.62790857	0.0226795304901
4828.94206783	0.0226796579733
4829.2562271	0.0226797597947
4829.57038636	0.0226797581054
4829.88454563	0.0226796808036
4830.19870489	0.022679653223
4830.51286416	0.0226795264251
4830.82702343	0.0226793705951
4831.14118269	0.0226793349148
4831.45534196	0.022679268802
4831.76950122	0.0226792103929
4832.08366049	0.0226792664911
4832.39781975	0.0226792813404
4832.71197902	0.0226791281684
4833.02613828	0.0226789069455
4833.34029755	0.0226788073472
4833.65445681	0.0226787016218
4833.96861608	0.0226784214005
4834.28277534	0.0226782322465
4834.59693461	0.0226782695777
4834.91109387	0.022678263877
4835.22525314	0.0226781223997
4835.53941241	0.0226780158984
4835.85357167	0.0226779613334
4836.16773094	0.0226778622733
4836.4818902	0.0226777289221
4836.79604947	0.0226776093067
4837.11020873	0.0226775172662
4837.424368	0.0226774040609
4837.73852726	0.0226772637166
4838.05268653	0.0226771884897
4838.36684579	0.0226771681794
4838.68100506	0.0226770433272
4838.99516432	0.0226768689675
4839.30932359	0.0226766557889
4839.62348286	0.0226764590451
4839.93764212	0.0226763173815
4840.25180139	0.0226761164722
4840.56596065	0.0226758345243
4840.88011992	0.0226756435698
4841.19427918	0.0226754932021
4841.50843845	0.022675287491
4841.82259771	0.0226751813953
4842.13675698	0.0226752314713
4842.45091624	0.0226752969566
4842.76507551	0.0226753102382
4843.07923477	0.0226753853439
4843.39339404	0.0226755056339
4843.7075533	0.0226755528423
4844.02171257	0.0226756118066
4844.33587184	0.0226756433172
4844.6500311	0.0226756390483
4844.96419037	0.0226755113081
4845.27834963	0.0226753805031
4845.5925089	0.0226754017518
4845.90666816	0.0226753574555
4846.22082743	0.0226751983825
4846.53498669	0.0226750530779
4846.84914596	0.0226750366423
4847.16330522	0.0226750362913
4847.47746449	0.0226749563636
4847.79162375	0.0226748879619
4848.10578302	0.0226749095752
4848.41994229	0.022674938952
4848.73410155	0.0226750036534
4849.04826082	0.0226751161775
4849.36242008	0.0226752319668
4849.67657935	0.0226752036132
4849.99073861	0.022675042529
4850.30489788	0.0226749358036
4850.61905714	0.0226747671779
4850.93321641	0.0226746408587
4851.24737567	0.0226745876368
4851.56153494	0.0226744934096
4851.8756942	0.0226744252087
4852.18985347	0.0226744978418
4852.50401274	0.0226745851312
4852.818172	0.0226745302372
4853.13233127	0.0226743407887
4853.44649053	0.0226741806895
4853.7606498	0.0226740843574
4854.07480906	0.0226738798425
4854.38896833	0.0226735874589
4854.70312759	0.0226734521964
4855.01728686	0.0226734022987
4855.33144612	0.022673149873
4855.64560539	0.0226729277545
4855.95976465	0.022672976483
4856.27392392	0.0226730983746
4856.58808318	0.0226731366398
4856.90224245	0.0226731921105
4857.21640172	0.0226733105327
4857.53056098	0.0226733829292
4857.84472025	0.0226733580291
4858.15887951	0.0226732796118
4858.47303878	0.0226732491544
4858.78719804	0.0226731612233
4859.10135731	0.0226729648951
4859.41551657	0.0226729285736
4859.72967584	0.022672921373
4860.0438351	0.0226727706095
4860.35799437	0.0226725770623
4860.67215363	0.0226724443
4860.9863129	0.0226724168675
4861.30047217	0.0226723293364
4861.61463143	0.0226721474768
4861.9287907	0.0226720576882
4862.24294996	0.022672079671
4862.55710923	0.0226719478444
4862.87126849	0.0226718601666
4863.18542776	0.0226719828504
4863.49958702	0.0226721386843
4863.81374629	0.022672175257
4864.12790555	0.0226720471606
4864.44206482	0.0226719821683
4864.75622408	0.0226719422395
4865.07038335	0.0226717788435
4865.38454261	0.022671667475
4865.69870188	0.0226716939875
4866.01286115	0.0226717161746
4866.32702041	0.0226716779958
4866.64117968	0.0226717247114
4866.95533894	0.0226718589543
4867.26949821	0.0226719020941
4867.58365747	0.0226717982936
4867.89781674	0.0226717083093
4868.211976	0.0226717052505
4868.52613527	0.0226715952839
4868.84029453	0.0226713275855
4869.1544538	0.0226712091445
4869.46861306	0.0226710998299
4869.78277233	0.0226707750929
4870.0969316	0.0226705708575
4870.41109086	0.0226705708428
4870.72525013	0.0226705373781
4871.03940939	0.0226704163973
4871.35356866	0.0226703133273
4871.66772792	0.0226702751261
4871.98188719	0.0226702327719
4872.29604645	0.0226701555712
4872.61020572	0.022670103242
4872.92436498	0.0226700097374
4873.23852425	0.0226698046952
4873.55268351	0.0226696234773
4873.86684278	0.0226694939517
4874.18100204	0.0226691949885
4874.49516131	0.0226688775295
4874.80932058	0.0226687311524
4875.12347984	0.0226685955822
4875.43763911	0.0226682906174
4875.75179837	0.0226680627716
4876.06595764	0.0226679450425
4876.3801169	0.0226677269939
4876.69427617	0.0226674750064
4877.00843543	0.022667387961
4877.3225947	0.0226674310741
4877.63675396	0.0226674660332
4877.95091323	0.0226674779864
4878.26507249	0.0226675386693
4878.57923176	0.0226676152056
4878.89339103	0.0226676408866
4879.20755029	0.0226676631336
4879.52170956	0.0226676039926
4879.83586882	0.0226675206645
4880.15002809	0.0226674304455
4880.46418735	0.0226673551932
4880.77834662	0.0226673441172
4881.09250588	0.0226673946337
4881.40666515	0.0226674927828
4881.72082441	0.0226676117
4882.03498368	0.0226676648948
4882.34914294	0.0226677090165
4882.66330221	0.0226676446178
4882.97746147	0.0226676536817
4883.29162074	0.0226676577027
4883.60578001	0.0226674796987
4883.91993927	0.0226674436092
4884.23409854	0.0226675672035
4884.5482578	0.0226676043248
4884.86241707	0.0226675632762
4885.17657633	0.0226675802911
4885.4907356	0.0226676542971
4885.80489486	0.0226677051691
4886.11905413	0.0226677425587
4886.43321339	0.0226677765156
4886.74737266	0.0226677669437
4887.06153192	0.0226677814776
4887.37569119	0.0226678018699
4887.68985046	0.0226677346846
4888.00400972	0.022667606809
4888.31816899	0.0226674697398
4888.63232825	0.0226672996555
4888.94648752	0.0226670979938
4889.26064678	0.0226668078312
4889.57480605	0.0226665182254
4889.88896531	0.0226662752882
4890.20312458	0.0226660741352
4890.51728384	0.022665888521
4890.83144311	0.0226656943533
4891.14560237	0.0226655215697
4891.45976164	0.0226654509008
4891.7739209	0.02266547235
4892.08808017	0.0226654957722
4892.40223944	0.022665508088
4892.7163987	0.0226655363606
4893.03055797	0.0226655195824
4893.34471723	0.0226654706115
4893.6588765	0.0226653866594
4893.97303576	0.0226653732965
4894.28719503	0.0226653136669
4894.60135429	0.0226651597911
4894.91551356	0.0226651418212
4895.22967282	0.0226652153765
4895.54383209	0.0226651898016
4895.85799135	0.0226650704485
4896.17215062	0.0226650038598
4896.48630989	0.0226650489973
4896.80046915	0.0226650696675
4897.11462842	0.0226650205097
4897.42878768	0.0226650624762
4897.74294695	0.0226651228904
4898.05710621	0.0226651461705
4898.37126548	0.0226652823581
4898.68542474	0.0226655102592
4898.99958401	0.0226656655247
4899.31374327	0.0226657151345
4899.62790254	0.0226657113148
4899.9420618	0.0226656873874
4900.25622107	0.0226656046665
4900.57038033	0.0226654697237
4900.8845396	0.022665458183
4901.19869887	0.0226654542304
4901.51285813	0.0226653451851
4901.8270174	0.0226652908562
4902.14117666	0.0226653501644
4902.45533593	0.0226653171693
4902.76949519	0.0226650482669
4903.08365446	0.0226647898064
4903.39781372	0.0226645749071
4903.71197299	0.0226643209635
4904.02613225	0.0226640660667
4904.34029152	0.0226638076616
4904.65445078	0.0226635818829
4904.96861005	0.022663367064
4905.28276932	0.0226631347652
4905.59692858	0.0226630039641
4905.91108785	0.0226629914753
4906.22524711	0.0226629589131
4906.53940638	0.0226628185587
4906.85356564	0.0226627007245
4907.16772491	0.0226626800917
4907.48188417	0.0226625232446
4907.79604344	0.0226623243561
4908.1102027	0.022662278796
4908.42436197	0.0226622510903
4908.73852123	0.0226621108906
4909.0526805	0.0226619045237
4909.36683977	0.0226617330992
4909.68099903	0.0226616156756
4909.9951583	0.0226614715758
4910.30931756	0.0226612965343
4910.62347683	0.0226612061166
4910.93763609	0.0226611043337
4911.25179536	0.0226609637555
4911.56595462	0.0226609400292
4911.88011389	0.0226609140424
4912.19427315	0.0226608269075
4912.50843242	0.0226608905402
4912.82259168	0.0226611170667
4913.13675095	0.0226613225031
4913.45091021	0.0226614159169
4913.76506948	0.0226613797496
4914.07922875	0.0226614006391
4914.39338801	0.0226614008196
4914.70754728	0.0226613253582
4915.02170654	0.0226613403022
4915.33586581	0.0226614303783
4915.65002507	0.0226615078779
4915.96418434	0.0226615250095
4916.2783436	0.0226615874965
4916.59250287	0.0226617715831
4916.90666213	0.0226618391575
4917.2208214	0.0226618056928
4917.53498066	0.022661900196
4917.84913993	0.0226619655019
4918.1632992	0.0226617453717
4918.47745846	0.0226616601126
4918.79161773	0.0226615853233
4919.10577699	0.02266127619
4919.41993626	0.0226610277728
4919.73409552	0.0226609593668
4920.04825479	0.0226609146694
4920.36241405	0.0226607939908
4920.67657332	0.022660657048
4920.99073258	0.0226605850001
4921.30489185	0.0226605534894
4921.61905111	0.0226605184136
4921.93321038	0.0226604936527
4922.24736964	0.0226604489905
4922.56152891	0.0226603293018
4922.87568818	0.0226602651278
4923.18984744	0.0226602001347
4923.50400671	0.0226599554153
4923.81816597	0.0226596621938
4924.13232524	0.0226594833188
4924.4464845	0.0226592815936
4924.76064377	0.0226590602096
4925.07480303	0.0226588337844
4925.3889623	0.0226586278247
4925.70312156	0.022658488034
4926.01728083	0.0226582638026
4926.33144009	0.0226580736848
4926.64559936	0.022658072723
4926.95975863	0.0226581755788
4927.27391789	0.0226582210137
4927.58807716	0.022658254144
4927.90223642	0.0226583591729
4928.21639569	0.0226584459258
4928.53055495	0.0226584293772
4928.84471422	0.0226584286894
4929.15887348	0.0226583697021
4929.47303275	0.0226582360187
4929.78719201	0.0226581793179
4930.10135128	0.022658192139
4930.41551054	0.0226581489516
4930.72966981	0.0226581341731
4931.04382907	0.0226583013793
4931.35798834	0.0226584301376
4931.67214761	0.022658410075
4931.98630687	0.0226583067492
4932.30046614	0.0226582554095
4932.6146254	0.022658301521
4932.92878467	0.0226582103196
4933.24294393	0.0226580450587
4933.5571032	0.0226580640462
4933.87126246	0.022658222746
4934.18542173	0.0226582929372
4934.49958099	0.0226582772083
4934.81374026	0.0226582990978
4935.12789952	0.0226583396937
4935.44205879	0.0226583576828
4935.75621806	0.0226583568835
4936.07037732	0.022658312856
4936.38453659	0.022658310725
4936.69869585	0.022658289832
4937.01285512	0.0226582312494
4937.32701438	0.0226582303363
4937.64117365	0.0226581928503
4937.95533291	0.0226580646764
4938.26949218	0.0226578173433
4938.58365144	0.0226575773529
4938.89781071	0.0226574203264
4939.21196997	0.0226571685872
4939.52612924	0.0226568762882
4939.8402885	0.0226566516918
4940.15444777	0.022656458152
4940.46860704	0.0226561786409
4940.7827663	0.0226559370648
4941.09692557	0.0226558889123
4941.41108483	0.0226558971032
4941.7252441	0.0226558118639
4942.03940336	0.0226557075413
4942.35356263	0.0226556324774
4942.66772189	0.0226555897113
4942.98188116	0.0226554318513
4943.29604042	0.0226553054506
4943.61019969	0.0226553142079
4943.92435895	0.022655159465
4944.23851822	0.0226548968394
4944.55267749	0.0226547842697
4944.86683675	0.0226547146467
4945.18099602	0.0226545170344
4945.49515528	0.0226542739497
4945.80931455	0.022654244957
4946.12347381	0.0226542128682
4946.43763308	0.0226540945678
4946.75179234	0.0226540338083
4947.06595161	0.0226540419487
4947.38011087	0.022654004207
4947.69427014	0.022653979226
4948.0084294	0.0226541040823
4948.32258867	0.0226542740318
4948.63674793	0.0226542905765
4948.9509072	0.0226542277595
4949.26506647	0.0226542048668
4949.57922573	0.0226540988669
4949.893385	0.0226540445259
4950.20754426	0.0226541197966
4950.52170353	0.0226541340927
4950.83586279	0.0226541178877
4951.15002206	0.022654248279
4951.46418132	0.0226544439544
4951.77834059	0.022654488924
4952.09249985	0.0226543568664
4952.40665912	0.0226542850824
4952.72081838	0.022654287505
4953.03497765	0.0226541349307
4953.34913692	0.0226539013694
4953.66329618	0.0226537890894
4953.97745545	0.0226537809011
4954.29161471	0.0226535889706
4954.60577398	0.0226533095603
4954.91993324	0.0226532638056
4955.23409251	0.0226533770005
4955.54825177	0.0226534366164
4955.86241104	0.022653464327
4956.1765703	0.0226535283369
4956.49072957	0.0226535717062
4956.80488883	0.0226536017953
4957.1190481	0.0226534963498
4957.43320736	0.0226533344095
4957.74736663	0.0226532900344
4958.0615259	0.0226531609258
4958.37568516	0.0226530020134
4958.68984443	0.0226529812525
4959.00400369	0.0226529034376
4959.31816296	0.0226527084963
4959.63232222	0.0226524888859
4959.94648149	0.0226524021997
4960.26064075	0.0226523149259
4960.57480002	0.0226520763122
4960.88895928	0.0226518485419
4961.20311855	0.0226518638622
4961.51727781	0.022651692194
4961.83143708	0.0226514394799
4962.14559635	0.0226514981735
4962.45975561	0.0226517061401
4962.77391488	0.0226517698735
4963.08807414	0.0226516500723
4963.40223341	0.0226516215579
4963.71639267	0.0226516807583
4964.03055194	0.0226515868882
4964.3447112	0.0226514832787
4964.65887047	0.022651509854
4964.97302973	0.0226515747059
4965.287189	0.022651561122
4965.60134826	0.0226515448683
4965.91550753	0.0226516457406
4966.2296668	0.0226516944625
4966.54382606	0.0226515948483
4966.85798533	0.0226516037662
4967.17214459	0.0226516606916
4967.48630386	0.0226514976657
4967.80046312	0.0226513090129
4968.11462239	0.0226513283457
4968.42878165	0.022651117426
4968.74294092	0.0226508095961
4969.05710018	0.0226507392331
4969.37125945	0.0226507986965
4969.68541871	0.0226507648053
4969.99957798	0.0226506749786
4970.31373724	0.0226506363404
4970.62789651	0.0226506416383
4970.94205578	0.022650630268
4971.25621504	0.0226506108961
4971.57037431	0.022650610782
4971.88453357	0.0226505393002
4972.19869284	0.0226503988855
4972.5128521	0.0226503091362
4972.82701137	0.0226501371352
4973.14117063	0.0226498572356
4973.4553299	0.0226496184254
4973.76948916	0.0226494001937
4974.08364843	0.0226491535616
4974.39780769	0.0226488985065
4974.71196696	0.0226486791081
4975.02612623	0.0226484559454
4975.34028549	0.0226482536895
4975.65444476	0.02264804858
4975.96860402	0.0226479167155
4976.28276329	0.0226479399697
4976.59692255	0.0226479785395
4976.91108182	0.0226479778567
4977.22524108	0.0226480177899
4977.53940035	0.0226480438004
4977.85355961	0.0226479987155
4978.16771888	0.0226479226437
4978.48187814	0.0226477758654
4978.79603741	0.0226476099646
4979.11019667	0.0226475188326
4979.42435594	0.0226474692859
4979.73851521	0.0226474060861
4980.05267447	0.0226474224182
4980.36683374	0.0226475866456
4980.680993	0.0226477311089
4980.99515227	0.0226477958442
4981.30931153	0.0226477730436
4981.6234708	0.0226477741305
4981.93763006	0.0226478265781
4982.25178933	0.0226478210113
4982.56594859	0.0226477240749
4982.88010786	0.022647793165
4983.19426712	0.0226479922559
4983.50842639	0.0226480765931
4983.82258566	0.0226481213409
4984.13674492	0.0226482211547
4984.45090419	0.0226483479048
4984.76506345	0.0226484399229
4985.07922272	0.022648499414
4985.39338198	0.0226485672729
4985.70754125	0.0226486725961
4986.02170051	0.022648763243
4986.33585978	0.0226487758465
4986.65001904	0.0226488074318
4986.96417831	0.0226489334226
4987.27833757	0.0226489527691
4987.59249684	0.0226487730514
4987.9066561	0.0226485725205
4988.22081537	0.0226484640368
4988.53497464	0.0226482822096
4988.8491339	0.0226480173303
4989.16329317	0.0226478030557
4989.47745243	0.0226476382516
4989.7916117	0.0226473932068
4990.10577096	0.0226471297445
4990.41993023	0.0226470287242
4990.73408949	0.0226470306057
4991.04824876	0.022646966198
4991.36240802	0.0226468433166
4991.67656729	0.0226467368275
4991.99072655	0.022646680354
4992.30488582	0.022646525854
4992.61904509	0.0226463329538
4992.93320435	0.0226462699718
4993.24736362	0.0226461061826
4993.56152288	0.0226458268373
4993.87568215	0.0226456772052
4994.18984141	0.0226456173654
4994.50400068	0.0226454629514
4994.81815994	0.0226450866244
4995.13231921	0.0226449054223
4995.44647847	0.0226449065005
4995.76063774	0.0226446829965
4996.074797	0.0226444604706
4996.38895627	0.0226444303753
4996.70311553	0.0226444076708
4997.0172748	0.022644307724
4997.33143407	0.0226442969926
4997.64559333	0.0226444291282
4997.9597526	0.0226445507944
4998.27391186	0.0226445014075
4998.58807113	0.0226444235278
4998.90223039	0.0226443215521
4999.21638966	0.0226441858659
4999.53054892	0.0226441603534
4999.84470819	0.0226441983549
5000.15886745	0.022644163349
5000.47302672	0.0226441708242
5000.78718598	0.0226443217209
5001.10134525	0.022644486412
5001.41550452	0.0226444531332
5001.72966378	0.0226443246494
5002.04382305	0.0226443040656
5002.35798231	0.0226442344481
5002.67214158	0.0226440806002
5002.98630084	0.0226439356143
5003.30046011	0.0226438401605
5003.61461937	0.0226437587899
5003.92877864	0.0226436121532
5004.2429379	0.0226434605615
5004.55709717	0.0226434747062
5004.87125643	0.0226436119375
5005.1854157	0.0226436804592
5005.49957496	0.0226436606787
5005.81373423	0.0226437233468
5006.1278935	0.0226438275241
5006.44205276	0.0226438069763
5006.75621203	0.0226437445785
5007.07037129	0.022643747855
5007.38453056	0.0226436771461
5007.69868982	0.0226435394686
5008.01284909	0.0226434004405
5008.32700835	0.0226432304067
5008.64116762	0.0226430335178
5008.95532688	0.0226428151582
5009.26948615	0.0226426827971
5009.58364541	0.0226425436975
5009.89780468	0.0226423696967
5010.21196395	0.02264218971
5010.52612321	0.0226420463769
5010.84028248	0.0226420065717
5011.15444174	0.02264179061
5011.46860101	0.0226416742157
5011.78276027	0.0226417883331
5012.09691954	0.0226418907769
5012.4110788	0.0226417198221
5012.72523807	0.0226415394645
5013.03939733	0.022641536962
5013.3535566	0.0226414079444
5013.66771586	0.0226412509727
5013.98187513	0.0226412217843
5014.29603439	0.0226412433905
5014.61019366	0.0226412238442
5014.92435293	0.0226411793025
5015.23851219	0.0226411963131
5015.55267146	0.0226412912937
5015.86683072	0.0226412873975
5016.18098999	0.0226411195016
5016.49514925	0.0226411288401
5016.80930852	0.0226410829615
5017.12346778	0.0226408061809
5017.43762705	0.0226407719649
5017.75178631	0.0226406523018
5018.06594558	0.0226403500823
5018.38010484	0.0226401946261
5018.69426411	0.022640243423
5019.00842338	0.0226402995339
5019.32258264	0.0226402774888
5019.63674191	0.022640256396
5019.95090117	0.0226403231708
5020.26506044	0.0226404138585
5020.5792197	0.0226404299333
5020.89337897	0.0226404604364
5021.20753823	0.0226405364067
5021.5216975	0.022640526622
5021.83585676	0.0226404084709
5022.15001603	0.022640354216
5022.46417529	0.0226402041747
5022.77833456	0.0226399769921
5023.09249382	0.0226398358059
5023.40665309	0.022639720981
5023.72081236	0.0226395226478
5024.03497162	0.0226393042872
5024.34913089	0.0226391727294
5024.66329015	0.022639094929
5024.97744942	0.0226389250903
5025.29160868	0.022638764331
5025.60576795	0.0226387862253
5025.91992721	0.0226389030171
5026.23408648	0.0226389426237
5026.54824574	0.0226389750353
5026.86240501	0.0226390265931
5027.17656427	0.0226390258688
5027.49072354	0.0226389958864
5027.80488281	0.0226388769394
5028.11904207	0.0226386924877
5028.43320134	0.0226385600774
5028.7473606	0.0226384845216
5029.06151987	0.0226383547713
5029.37567913	0.0226382089745
5029.6898384	0.0226382505892
5030.00399766	0.0226383633847
5030.31815693	0.0226383317815
5030.63231619	0.0226382803813
5030.94647546	0.0226381756935
5031.26063472	0.022638116921
5031.57479399	0.0226380945222
5031.88895326	0.0226378935966
5032.20311252	0.0226377839059
5032.51727179	0.0226378782705
5032.83143105	0.0226379296644
5033.14559032	0.0226378871503
5033.45974958	0.0226378809204
5033.77390885	0.0226379261906
5034.08806811	0.0226379493752
5034.40222738	0.0226379746592
5034.71638664	0.0226380090538
5035.03054591	0.0226380386183
5035.34470517	0.0226380959312
5035.65886444	0.022638150976
5035.9730237	0.0226381762391
5036.28718297	0.0226382105421
5036.60134224	0.0226382578752
5036.9155015	0.0226382509162
5037.22966077	0.0226380889923
5037.54382003	0.0226379366505
5037.8579793	0.0226378104919
5038.17213856	0.0226375840254
5038.48629783	0.0226374173945
5038.80045709	0.0226373140612
5039.11461636	0.0226371068755
5039.42877562	0.0226368864112
5039.74293489	0.0226368362375
5040.05709415	0.0226369051427
5040.37125342	0.0226369208932
5040.68541269	0.0226368803112
5040.99957195	0.022636871661
5041.31373122	0.0226368720397
5041.62789048	0.0226368381105
5041.94204975	0.0226367426865
5042.25620901	0.0226366847171
5042.57036828	0.0226365055722
5042.88452754	0.0226362507394
5043.19868681	0.0226361638382
5043.51284607	0.0226361011436
5043.82700534	0.0226359419387
5044.1411646	0.0226356587174
5044.45532387	0.0226354367574
5044.76948313	0.0226354142118
5045.0836424	0.0226352636528
5045.39780167	0.0226350021649
5045.71196093	0.0226349286597
5046.0261202	0.0226348691138
5046.34027946	0.022634670719
5046.65443873	0.0226346359972
5046.96859799	0.022634780347
5047.28275726	0.0226348354832
5047.59691652	0.0226347259147
5047.91107579	0.0226346086645
5048.22523505	0.0226345155185
5048.53939432	0.0226343734665
5048.85355358	0.0226342564353
5049.16771285	0.0226342644776
5049.48187212	0.022634243661
5049.79603138	0.022634152481
5050.11019065	0.0226342374141
5050.42434991	0.0226344552126
5050.73850918	0.0226344405264
5051.05266844	0.0226342677566
5051.36682771	0.0226342239393
5051.68098697	0.022634155299
5051.99514624	0.0226340253096
5052.3093055	0.0226338982087
5052.62346477	0.0226338202686
5052.93762403	0.0226337616159
5053.2517833	0.0226336256705
5053.56594256	0.0226335506962
5053.88010183	0.0226336634983
5054.1942611	0.0226337988648
5054.50842036	0.0226338613375
5054.82257963	0.0226339658655
5055.13673889	0.0226341257261
5055.45089816	0.0226342308087
5055.76505742	0.0226343103647
5056.07921669	0.0226344128332
5056.39337595	0.0226344523726
5056.70753522	0.0226343915955
5057.02169448	0.0226343409961
5057.33585375	0.0226343306048
5057.65001301	0.0226341715377
5057.96417228	0.0226339776
5058.27833155	0.0226338551747
5058.59249081	0.0226337630382
5058.90665008	0.0226336328409
5059.22080934	0.022633509718
5059.53496861	0.0226333869549
5059.84912787	0.0226332759205
5060.16328714	0.0226332196135
5060.4774464	0.0226329944859
5060.79160567	0.0226329356657
5061.10576493	0.0226330569802
5061.4199242	0.0226331093182
5061.73408346	0.0226329535221
5062.04824273	0.0226327164113
5062.36240199	0.0226326260499
5062.67656126	0.0226324859363
5062.99072053	0.0226322532014
5063.30487979	0.0226321279066
5063.61903906	0.0226321020569
5063.93319832	0.0226320383546
5064.24735759	0.0226319317041
5064.56151685	0.022631910157
5064.87567612	0.0226319448628
5065.18983538	0.0226318062834
5065.50399465	0.0226315923642
5065.81815391	0.0226315883464
5066.13231318	0.0226314842444
5066.44647244	0.0226311588938
5066.76063171	0.0226311309115
5067.07479098	0.0226309194672
5067.38895024	0.0226305170443
5067.70310951	0.0226303783666
5068.01726877	0.0226304433039
5068.33142804	0.0226304176855
5068.6455873	0.0226302991882
5068.95974657	0.0226302797849
5069.27390583	0.0226303491887
5069.5880651	0.0226304100354
5069.90222436	0.0226304451904
5070.21638363	0.0226304985314
5070.53054289	0.0226306287084
5070.84470216	0.0226307090108
5071.15886142	0.022630650649
5071.47302069	0.0226306393595
5071.78717996	0.0226305623593
5072.10133922	0.0226304008136
5072.41549849	0.0226302604678
5072.72965775	0.0226301363771
5073.04381702	0.0226300103096
5073.35797628	0.0226298562818
5073.67213555	0.0226297519524
5073.98629481	0.0226297096942
5074.30045408	0.0226295458548
5074.61461334	0.0226294615566
5074.92877261	0.0226296099704
5075.24293187	0.0226297625758
5075.55709114	0.0226298486479
5075.87125041	0.0226299607954
5076.18540967	0.0226300867034
5076.49956894	0.0226301570813
5076.8137282	0.0226301482611
5077.12788747	0.0226300517809
5077.44204673	0.0226298231798
5077.756206	0.0226296503758
5078.07036526	0.0226295410519
5078.38452453	0.0226294009155
5078.69868379	0.0226292752758
5079.01284306	0.0226292459347
5079.32700232	0.0226292977069
5079.64116159	0.0226292667068
5079.95532085	0.0226291837027
5080.26948012	0.0226289810677
5080.58363939	0.0226288687784
5080.89779865	0.0226288634945
5081.21195792	0.0226286013751
5081.52611718	0.0226284086698
5081.84027645	0.0226284681879
5082.15443571	0.0226284888545
5082.46859498	0.0226283898267
5082.78275424	0.0226282922891
5083.09691351	0.0226282844722
5083.41107277	0.0226283126755
5083.72523204	0.0226283280441
5084.0393913	0.0226283224694
5084.35355057	0.022628270831
5084.66770984	0.0226282948666
5084.9818691	0.0226283823496
5085.29602837	0.0226283609795
5085.61018763	0.0226282106109
5085.9243469	0.0226281617139
5086.23850616	0.0226281941108
5086.55266543	0.0226280490208
5086.86682469	0.0226278039259
5087.18098396	0.0226276094148
5087.49514322	0.0226274755881
5087.80930249	0.0226274146496
5088.12346175	0.0226272352384
5088.43762102	0.0226269927531
5088.75178029	0.0226269127886
5089.06593955	0.0226269722832
5089.38009882	0.0226270280063
5089.69425808	0.0226270434375
5090.00841735	0.0226270809949
5090.32257661	0.0226271467536
5090.63673588	0.0226271645418
5090.95089514	0.0226271713631
5091.26505441	0.0226271809644
5091.57921367	0.0226270971846
5091.89337294	0.0226269050274
5092.2075322	0.0226267287692
5092.52169147	0.0226266838098
5092.83585073	0.0226266374402
5093.15001	0.0226265077806
5093.46416927	0.0226263007092
5093.77832853	0.0226261295446
5094.0924878	0.0226260727804
5094.40664706	0.0226259510149
5094.72080633	0.0226258057832
5095.03496559	0.0226257577008
5095.34912486	0.0226256393807
5095.66328412	0.0226255328278
5095.97744339	0.022625605097
5096.29160265	0.0226257244938
5096.60576192	0.0226257070866
5096.91992118	0.022625567839
5097.23408045	0.022625460661
5097.54823972	0.0226253473265
5097.86239898	0.022625157481
5098.17655825	0.0226250084814
5098.49071751	0.0226249658595
5098.80487678	0.0226248763322
5099.11903604	0.0226247336573
5099.43319531	0.0226247962159
5099.74735457	0.0226249225987
5100.06151384	0.0226248459425
5100.3756731	0.022624638295
5100.68983237	0.0226245560557
5101.00399163	0.0226244058872
5101.3181509	0.0226242058538
5101.63231016	0.0226240731994
5101.94646943	0.0226239296852
5102.2606287	0.0226237996103
5102.57478796	0.0226236345647
5102.88894723	0.0226235702693
5103.20310649	0.0226236541133
5103.51726576	0.0226237373537
5103.83142502	0.0226237832453
5104.14558429	0.0226238724932
5104.45974355	0.0226240097909
5104.77390282	0.0226241103963
5105.08806208	0.0226241778759
5105.40222135	0.0226242950677
5105.71638061	0.0226243346983
5106.03053988	0.022624243918
5106.34469915	0.0226241481612
5106.65885841	0.0226241587051
5106.97301768	0.0226240947075
5107.28717694	0.022623905927
5107.60133621	0.0226237868205
5107.91549547	0.022623787277
5108.22965474	0.0226237514561
5108.543814	0.0226236783702
5108.85797327	0.0226236388028
5109.17213253	0.0226236025022
5109.4862918	0.0226235271722
5109.80045106	0.0226234101992
5110.11461033	0.0226234559949
5110.42876959	0.0226235668193
5110.74292886	0.0226235991934
5111.05708813	0.0226234992728
5111.37124739	0.0226233624245
5111.68540666	0.0226232875276
5111.99956592	0.0226231229702
5112.31372519	0.0226229167917
5112.62788445	0.0226228235774
5112.94204372	0.0226227789741
5113.25620298	0.0226227161458
5113.57036225	0.022622655952
5113.88452151	0.0226226564086
5114.19868078	0.0226226200476
5114.51284004	0.0226224355561
5114.82699931	0.0226222504675
5115.14115858	0.0226221824657
5115.45531784	0.0226219835917
5115.76947711	0.0226217166481
5116.08363637	0.022621671746
5116.39779564	0.0226214395224
5116.7119549	0.0226210634486
5117.02611417	0.0226209332598
5117.34027343	0.0226209627324
5117.6544327	0.022620883813
5117.96859196	0.0226207418685
5118.28275123	0.0226206714908
5118.59691049	0.0226206723518
5118.91106976	0.0226206682358
5119.22522902	0.0226206704328
5119.53938829	0.022620702212
5119.85354756	0.0226207843168
5120.16770682	0.0226208588687
5120.48186609	0.0226208324735
5120.79602535	0.0226208313064
5121.11018462	0.0226208214623
5121.42434388	0.0226206451243
5121.73850315	0.0226204278583
5122.05266241	0.0226203800374
5122.36682168	0.0226202467368
5122.68098094	0.0226200741622
5122.99514021	0.0226200198165
5123.30929947	0.0226199601704
5123.62345874	0.0226198550265
5123.93761801	0.0226198761313
5124.25177727	0.0226200711984
5124.56593654	0.0226202524727
5124.8800958	0.0226203972062
5125.19425507	0.0226205891565
5125.50841433	0.0226207773911
5125.8225736	0.0226209340465
5126.13673286	0.0226210010554
5126.45089213	0.022620967295
5126.76505139	0.0226208663883
5127.07921066	0.0226206911589
5127.39336992	0.0226206062541
5127.70752919	0.0226205308504
5128.02168845	0.022620496862
5128.33584772	0.0226204937146
5128.65000699	0.0226204739413
5128.96416625	0.0226204825552
5129.27832552	0.0226203781659
5129.59248478	0.0226201846665
5129.90664405	0.0226200767439
5130.22080331	0.0226199687395
5130.53496258	0.0226197723205
5130.84912184	0.022619637222
5131.16328111	0.0226196337368
5131.47744037	0.0226196304057
5131.79159964	0.0226195257177
5132.1057589	0.0226193912897
5132.41991817	0.022619321929
5132.73407744	0.022619317487
5133.0482367	0.0226193009031
5133.36239597	0.0226192487914
5133.67655523	0.022619188348
5133.9907145	0.0226191147947
5134.30487376	0.0226191130928
5134.61903303	0.0226190134168
5134.93319229	0.0226187144822
5135.24735156	0.0226186516896
5135.56151082	0.0226185478054
5135.87567009	0.0226182799751
5136.18982935	0.0226180768671
5136.50398862	0.0226179079514
5136.81814788	0.022617718455
5137.13230715	0.0226175139421
5137.44646642	0.0226173542392
5137.76062568	0.022617270781
5138.07478495	0.0226171951215
5138.38894421	0.0226171204578
5138.70310348	0.0226171507148
5139.01726274	0.0226172571249
5139.33142201	0.0226173353227
5139.64558127	0.022617378222
5139.95974054	0.0226174208775
5140.2738998	0.0226175122998
5140.58805907	0.0226176338479
5140.90221833	0.0226175660908
5141.2163776	0.0226173774837
5141.53053687	0.0226173095749
5141.84469613	0.0226173350106
5142.1588554	0.0226173053535
5142.47301466	0.0226172008824
5142.78717393	0.0226170789334
5143.10133319	0.0226170708899
5143.41549246	0.0226170468977
5143.72965172	0.0226169644506
5144.04381099	0.0226169514514
5144.35797025	0.0226169681549
5144.67212952	0.0226169417468
5144.98628878	0.0226169599928
5145.30044805	0.0226170690424
5145.61460731	0.0226171744377
5145.92876658	0.0226171845732
5146.24292585	0.0226170666203
5146.55708511	0.0226169138957
5146.87124438	0.0226167838054
5147.18540364	0.0226165960719
5147.49956291	0.022616402189
5147.81372217	0.0226163032807
5148.12788144	0.0226162388615
5148.4420407	0.0226160840484
5148.75619997	0.0226160011982
5149.07035923	0.022616060442
5149.3845185	0.0226160314147
5149.69867776	0.0226157934046
5150.01283703	0.0226155304502
5150.3269963	0.0226153204245
5150.64115556	0.0226150613891
5150.95531483	0.0226148292602
5151.26947409	0.0226145895459
5151.58363336	0.0226143549994
5151.89779262	0.0226141452767
5152.21195189	0.022614012336
5152.52611115	0.022613991524
5152.84027042	0.0226139920361
5153.15442968	0.0226140029004
5153.46858895	0.0226140581031
5153.78274821	0.0226141344191
5154.09690748	0.0226142000558
5154.41106675	0.0226142301962
5154.72522601	0.0226142597796
5155.03938528	0.0226142991716
5155.35354454	0.0226142195234
5155.66770381	0.0226140803348
5155.98186307	0.0226140851207
5156.29602234	0.0226140930997
5156.6101816	0.0226139522844
5156.92434087	0.0226138122964
5157.23850013	0.0226138295918
5157.5526594	0.0226138812006
5157.86681866	0.0226138547347
5158.18097793	0.0226138271365
5158.49513719	0.0226138541342
5158.80929646	0.0226138672227
5159.12345573	0.0226138144724
5159.43761499	0.0226139084452
5159.75177426	0.0226140719029
5160.06593352	0.0226141692158
5160.38009279	0.0226141825224
5160.69425205	0.0226141549196
5161.00841132	0.0226141059065
5161.32257058	0.0226140311661
5161.63672985	0.0226139170022
5161.95088911	0.0226138020086
5162.26504838	0.0226137477982
5162.57920764	0.0226137455407
5162.89336691	0.0226137058992
5163.20752618	0.0226136911466
5163.52168544	0.0226137118877
5163.83584471	0.0226136573505
5164.15000397	0.0226135021323
5164.46416324	0.0226133787579
5164.7783225	0.0226132155201
5165.09248177	0.0226129686497
5165.40664103	0.0226128364796
5165.7208003	0.0226125896731
5166.03495956	0.022612261419
5166.34911883	0.0226120629656
5166.66327809	0.0226119702461
5166.97743736	0.0226118387772
5167.29159662	0.022611671696
5167.60575589	0.022611557329
5167.91991516	0.0226114821601
5168.23407442	0.0226114124514
5168.54823369	0.0226113737698
5168.86239295	0.0226113521106
5169.17655222	0.0226113342234
5169.49071148	0.0226113547694
5169.80487075	0.0226113322688
5170.11903001	0.0226112205802
5170.43318928	0.0226111163155
5170.74734854	0.0226109684054
5171.06150781	0.0226108151485
5171.37566707	0.0226106592072
5171.68982634	0.0226105157998
5172.00398561	0.0226104039182
5172.31814487	0.022610323239
5172.63230414	0.0226102393689
5172.9464634	0.0226101318691
5173.26062267	0.0226101241704
5173.57478193	0.0226102729734
5173.8889412	0.0226104666681
5174.20310046	0.0226106074098
5174.51725973	0.0226107848295
5174.83141899	0.0226110001764
5175.14557826	0.0226111664578
5175.45973752	0.0226112865581
5175.77389679	0.0226113634811
5176.08805605	0.0226112738406
5176.40221532	0.0226111301885
5176.71637459	0.0226111113054
5177.03053385	0.0226110810784
5177.34469312	0.0226110287669
5177.65885238	0.0226110442941
5177.97301165	0.0226111198086
5178.28717091	0.0226111359277
5178.60133018	0.0226110832161
5178.91548944	0.0226109562757
5179.22964871	0.0226108711882
5179.54380797	0.0226107788365
5179.85796724	0.0226106036277
5180.1721265	0.022610482329
5180.48628577	0.0226104523208
5180.80044504	0.0226104030895
5181.1146043	0.0226102924735
5181.42876357	0.0226102050051
5181.74292283	0.0226101113458
5182.0570821	0.0226100398985
5182.37124136	0.0226100072209
5182.68540063	0.0226099563713
5182.99955989	0.0226098782896
5183.31371916	0.0226097797575
5183.62787842	0.0226096827348
5183.94203769	0.0226096083257
5184.25619695	0.0226094398089
5184.57035622	0.0226091946834
5184.88451548	0.0226090263579
5185.19867475	0.0226088635796
5185.51283402	0.0226085932846
5185.82699328	0.0226083919395
5186.14115255	0.0226082003945
5186.45531181	0.0226079850165
5186.76947108	0.0226078228333
5187.08363034	0.0226076598137
5187.39778961	0.0226075262107
5187.71194887	0.022607494091
5188.02610814	0.0226074939039
5188.3402674	0.022607503541
5188.65442667	0.0226075534378
5188.96858593	0.0226076251295
5189.2827452	0.022607653905
5189.59690447	0.0226076878745
5189.91106373	0.0226077809516
5190.225223	0.0226078340076
5190.53938226	0.0226077991405
5190.85354153	0.0226076890653
5191.16770079	0.0226076582621
5191.48186006	0.0226077460854
5191.79601932	0.0226077794107
5192.11017859	0.0226076623305
5192.42433785	0.0226075793635
5192.73849712	0.0226076264836
5193.05265638	0.022607626463
5193.36681565	0.0226075998772
5193.68097491	0.0226076177231
5193.99513418	0.0226076710737
5194.30929345	0.0226077210231
5194.62345271	0.0226077922423
5194.93761198	0.0226079193609
5195.25177124	0.0226080065661
5195.56593051	0.0226079825762
5195.88008977	0.0226079172968
5196.19424904	0.0226078665717
5196.5084083	0.0226077730456
5196.82256757	0.0226076523753
5197.13672683	0.0226075895288
5197.4508861	0.0226075190858
5197.76504536	0.0226073696134
5198.07920463	0.0226072461809
5198.3933639	0.0226072934991
5198.70752316	0.0226072686742
5199.02168243	0.0226070251598
5199.33584169	0.0226067530671
5199.65000096	0.0226065374562
5199.96416022	0.0226062930291
5200.27831949	0.0226060237021
5200.59247875	0.0226057844619
5200.90663802	0.0226055897086
5201.22079728	0.0226053301395
5201.53495655	0.0226050937409
5201.84911581	0.0226050382464
5202.16327508	0.0226050507973
5202.47743434	0.0226049960995
5202.79159361	0.0226049410686
5203.10575288	0.0226049434775
5203.41991214	0.0226049349633
5203.73407141	0.0226048985269
5204.04823067	0.0226048936274
5204.36238994	0.0226048928746
5204.6765492	0.0226048096456
5204.99070847	0.0226047030719
5205.30486773	0.0226046412373
5205.619027	0.022604618661
5205.93318626	0.0226045231492
5206.24734553	0.0226043660659
5206.56150479	0.0226042807058
5206.87566406	0.0226043183082
5207.18982333	0.0226043309655
5207.50398259	0.022604296784
5207.81814186	0.022604275227
5208.13230112	0.022604325112
5208.44646039	0.0226042910773
5208.76061965	0.0226043058264
5209.07477892	0.0226044710939
5209.38893818	0.0226046447665
5209.70309745	0.0226047595557
5210.01725671	0.0226048410652
5210.33141598	0.0226048773309
5210.64557524	0.0226048497985
5210.95973451	0.0226048495004
5211.27389378	0.0226048185632
5211.58805304	0.0226047537178
5211.90221231	0.0226047615608
5212.21637157	0.0226048073337
5212.53053084	0.0226048205451
5212.8446901	0.0226048659844
5213.15884937	0.0226049082808
5213.47300863	0.0226048452067
5213.7871679	0.0226047762953
5214.10132716	0.0226047507733
5214.41548643	0.022604618561
5214.72964569	0.0226044137869
5215.04380496	0.0226043126745
5215.35796422	0.0226040793489
5215.67212349	0.0226037791737
5215.98628276	0.0226036524764
5216.30044202	0.0226035872819
5216.61460129	0.0226034372247
5216.92876055	0.0226032656428
5217.24291982	0.0226031616192
5217.55707908	0.0226030900908
5217.87123835	0.0226029923052
5218.18539761	0.0226029032086
5218.49955688	0.0226028530573
5218.81371614	0.0226027626745
5219.12787541	0.0226026065856
5219.44203467	0.0226024814869
5219.75619394	0.0226024145463
5220.07035321	0.0226022602257
5220.38451247	0.022602042473
5220.69867174	0.0226018284056
5221.012831	0.022601657185
5221.32699027	0.0226015367238
5221.64114953	0.0226013258062
5221.9553088	0.0226011161273
5222.26946806	0.0226010201306
5222.58362733	0.0226009163407
5222.89778659	0.0226008269999
5223.21194586	0.0226008570592
5223.52610512	0.0226009861855
5223.84026439	0.0226010988213
5224.15442365	0.0226011761974
5224.46858292	0.0226013058215
5224.78274219	0.0226014276309
5225.09690145	0.0226014719694
5225.41106072	0.0226014387445
5225.72521998	0.0226013276487
5226.03937925	0.0226012536464
5226.35353851	0.0226011993231
5226.66769778	0.0226011372607
5226.98185704	0.0226011343812
5227.29601631	0.0226012151412
5227.61017557	0.0226012990577
5227.92433484	0.0226013065448
5228.2384941	0.0226013078905
5228.55265337	0.0226012389324
5228.86681264	0.0226011648844
5229.1809719	0.0226011494301
5229.49513117	0.022600960661
5229.80929043	0.0226008357907
5230.1234497	0.0226009476896
5230.43760896	0.0226009636812
5230.75176823	0.022600826584
5231.06592749	0.0226007611742
5231.38008676	0.0226007951465
5231.69424602	0.0226008143494
5232.00840529	0.0226007891437
5232.32256455	0.0226007504418
5232.63672382	0.0226007161401
5232.95088308	0.0226006405204
5233.26504235	0.0226005765815
5233.57920162	0.0226005173939
5233.89336088	0.0226003915162
5234.20752015	0.022600217728
5234.52167941	0.0226001045675
5234.83583868	0.0225999121573
5235.14999794	0.0225996701152
5235.46415721	0.02259943955
5235.77831647	0.0225991866002
5236.09247574	0.0225989645312
5236.406635	0.0225987695199
5236.72079427	0.0225985750583
5237.03495353	0.0225983785985
5237.3491128	0.0225982753418
5237.66327207	0.0225982944702
5237.97743133	0.0225983187667
5238.2915906	0.0225983192365
5238.60574986	0.0225983434922
5238.91990913	0.0225983915062
5239.23406839	0.0225984101777
5239.54822766	0.0225983854248
5239.86238692	0.0225984131335
5240.17654619	0.0225983682218
5240.49070545	0.0225982499023
5240.80486472	0.0225982362692
5241.11902398	0.0225982179936
5241.43318325	0.0225981311605
5241.74734251	0.0225980612581
5242.06150178	0.0225980373042
5242.37566105	0.0225980800597
5242.68982031	0.0225981563535
5243.00397958	0.0225981965433
5243.31813884	0.0225982059171
5243.63229811	0.0225983104742
5243.94645737	0.022598352161
5244.26061664	0.0225983873184
5244.5747759	0.0225984898008
5244.88893517	0.022598575573
5245.20309443	0.0225985488081
5245.5172537	0.0225985094973
5245.83141296	0.0225984555859
5246.14557223	0.0225983697876
5246.4597315	0.0225983263591
5246.77389076	0.0225983335046
5247.08805003	0.0225982946599
5247.40220929	0.0225982086789
5247.71636856	0.0225982147402
5248.03052782	0.0225982497038
5248.34468709	0.0225981851014
5248.65884635	0.0225979592099
5248.97300562	0.0225977450202
5249.28716488	0.0225976106306
5249.60132415	0.0225974103642
5249.91548341	0.022597146266
5250.22964268	0.0225969047735
5250.54380194	0.0225967488303
5250.85796121	0.0225965567402
5251.17212048	0.0225963007353
5251.48627974	0.0225961619576
5251.80043901	0.022596156508
5252.11459827	0.0225961726244
5252.42875754	0.0225961385179
5252.7429168	0.0225960810626
5253.05707607	0.0225960607405
5253.37123533	0.0225960102006
5253.6853946	0.0225959106918
5253.99955386	0.0225958049799
5254.31371313	0.0225957492737
5254.62787239	0.0225956420217
5254.94203166	0.0225955092271
5255.25619093	0.0225954702094
5255.57035019	0.0225953781895
5255.88450946	0.022595242232
5256.19866872	0.0225951263365
5256.51282799	0.0225950767579
5256.82698725	0.0225950678775
5257.14114652	0.0225949768126
5257.45530578	0.0225948836759
5257.76946505	0.0225949147472
5258.08362431	0.0225949175042
5258.39778358	0.0225948896638
5258.71194284	0.022595008044
5259.02610211	0.0225952334
5259.34026137	0.0225954108412
5259.65442064	0.0225954513624
5259.96857991	0.0225954999186
5260.28273917	0.0225955567588
5260.59689844	0.0225955303407
5260.9110577	0.022595500212
5261.22521697	0.0225955282885
5261.53937623	0.0225955842757
5261.8535355	0.0225956225914
5262.16769476	0.0225956311988
5262.48185403	0.0225957153784
5262.79601329	0.0225958658388
5263.11017256	0.0225959060574
5263.42433182	0.0225958404424
5263.73849109	0.0225958315658
5264.05265036	0.0225957973975
5264.36680962	0.0225955717736
5264.68096889	0.0225954397688
5264.99512815	0.0225952565191
5265.30928742	0.0225949722004
5265.62344668	0.0225947732496
5265.93760595	0.0225947064161
5266.25176521	0.0225946274289
5266.56592448	0.0225944885389
5266.88008374	0.0225943611452
5267.19424301	0.0225943012102
5267.50840227	0.0225942506411
5267.82256154	0.0225941517543
5268.13672081	0.0225940793171
5268.45088007	0.0225940356282
5268.76503934	0.0225938866749
5269.0791986	0.022593649474
5269.39335787	0.0225934826166
5269.70751713	0.0225932728703
5270.0216764	0.0225929971683
5270.33583566	0.0225927738022
5270.64999493	0.02259259092
5270.96415419	0.0225924007395
5271.27831346	0.0225921747964
5271.59247272	0.0225919680769
5271.90663199	0.0225917961054
5272.22079125	0.0225916108588
5272.53495052	0.0225914846172
5272.84910979	0.0225914750048
5273.16326905	0.0225915363399
5273.47742832	0.0225915859351
5273.79158758	0.0225916484376
5274.10574685	0.0225917384106
5274.41990611	0.0225917844474
5274.73406538	0.0225918029193
5275.04822464	0.0225916775947
5275.36238391	0.0225915742603
5275.67654317	0.0225915413266
5275.99070244	0.0225914983673
5276.3048617	0.0225914578211
5276.61902097	0.022591500003
5276.93318024	0.0225916357068
5277.2473395	0.0225917707374
5277.56149877	0.0225918658907
5277.87565803	0.0225919089104
5278.1898173	0.022591850801
5278.50397656	0.0225918661917
5278.81813583	0.0225918445528
5279.13229509	0.0225917242421
5279.44645436	0.0225916745454
5279.76061362	0.022591710994
5280.07477289	0.0225917296624
5280.38893215	0.0225917349051
5280.70309142	0.0225917775586
5281.01725068	0.0225918543301
5281.33140995	0.0225919288004
5281.64556922	0.0225920009115
5281.95972848	0.0225920459669
5282.27388775	0.0225920357251
5282.58804701	0.0225920411098
5282.90220628	0.0225920944504
5283.21636554	0.0225920703994
5283.53052481	0.0225919004137
5283.84468407	0.0225917468437
5284.15884334	0.022591729174
5284.4730026	0.0225915786324
5284.78716187	0.0225912983424
5285.10132113	0.0225910906455
5285.4154804	0.022590909496
5285.72963967	0.0225907077482
5286.04379893	0.0225905471578
5286.3579582	0.0225903626234
5286.67211746	0.0225900966276
5286.98627673	0.0225899443706
5287.30043599	0.0225899406529
5287.61459526	0.0225899318475
5287.92875452	0.0225898624793
5288.24291379	0.0225897736274
5288.55707305	0.0225897209783
5288.87123232	0.0225896058574
5289.18539158	0.0225895351175
5289.49955085	0.022589548998
5289.81371011	0.0225894538781
5290.12786938	0.02258932118
5290.44202865	0.0225892690182
5290.75618791	0.0225892012488
5291.07034718	0.0225891005186
5291.38450644	0.0225889531062
5291.69866571	0.0225888208815
5292.01282497	0.022588825171
5292.32698424	0.0225888435857
5292.6411435	0.0225888104261
5292.95530277	0.0225887990786
5293.26946203	0.022588763568
5293.5836213	0.0225888056851
5293.89778056	0.0225887730219
5294.21193983	0.0225887583572
5294.5260991	0.0225888688229
5294.84025836	0.0225889193203
5295.15441763	0.0225888673337
5295.46857689	0.0225888188727
5295.78273616	0.0225887673146
5296.09689542	0.022588737792
5296.41105469	0.022588760765
5296.72521395	0.0225887731534
5297.03937322	0.0225887455478
5297.35353248	0.0225887657071
5297.66769175	0.0225888525325
5297.98185101	0.0225888285482
5298.29601028	0.0225886424706
5298.61016954	0.0225884866057
5298.92432881	0.0225883723087
5299.23848808	0.0225881965388
5299.55264734	0.0225880076977
5299.86680661	0.0225877885685
5300.18096587	0.0225876423143
5300.49512514	0.0225875510651
5300.8092844	0.0225873383969
5301.12344367	0.0225871734604
5301.43760293	0.0225871804015
5301.7517622	0.0225872362236
5302.06592146	0.0225872124051
5302.38008073	0.0225872012037
5302.69423999	0.022587233752
5303.00839926	0.0225872194726
5303.32255853	0.0225871754879
5303.63671779	0.0225871297587
5303.95087706	0.0225870866489
5304.26503632	0.0225869433583
5304.57919559	0.0225867295469
5304.89335485	0.0225866289523
5305.20751412	0.0225865045128
5305.52167338	0.0225862550683
5305.83583265	0.0225861878155
5306.14999191	0.0225862382706
5306.46415118	0.0225861701905
5306.77831044	0.022586074148
5307.09246971	0.0225860244327
5307.40662897	0.0225860064535
5307.72078824	0.0225859512646
5308.03494751	0.0225857737453
5308.34910677	0.0225858170777
5308.66326604	0.0225859992893
5308.9774253	0.0225860867489
5309.29158457	0.022586033842
5309.60574383	0.0225859596821
5309.9199031	0.0225859900088
5310.23406236	0.0225859410349
5310.54822163	0.0225858838762
5310.86238089	0.0225859645657
5311.17654016	0.0225860582694
5311.49069942	0.022586063099
5311.80485869	0.0225861060046
5312.11901796	0.0225862594865
5312.43317722	0.0225863203649
5312.74733649	0.0225862355377
5313.06149575	0.0225862419718
5313.37565502	0.0225862945011
5313.68981428	0.0225861713108
5314.00397355	0.0225859745027
5314.31813281	0.0225858751734
5314.63229208	0.0225857127117
5314.94645134	0.0225855143718
5315.26061061	0.0225853562727
5315.57476987	0.0225852810202
5315.88892914	0.0225852596453
5316.2030884	0.0225852496412
5316.51724767	0.0225852305168
5316.83140694	0.0225851781254
5317.1455662	0.0225851183197
5317.45972547	0.022585054081
5317.77388473	0.0225850074676
5318.088044	0.0225849232986
5318.40220326	0.0225847630358
5318.71636253	0.0225846865696
5319.03052179	0.0225846806507
5319.34468106	0.022584546147
5319.65884032	0.022584284634
5319.97299959	0.0225840740295
5320.28715885	0.0225839033056
5320.60131812	0.0225837513398
5320.91547739	0.0225835223715
5321.22963665	0.0225832047097
5321.54379592	0.0225830449431
5321.85795518	0.0225829399431
5322.17211445	0.0225827347405
5322.48627371	0.0225825994101
5322.80043298	0.0225826541583
5323.11459224	0.0225827403004
5323.42875151	0.0225827970022
5323.74291077	0.0225828530186
5324.05707004	0.0225828642128
5324.3712293	0.0225828388496
5324.68538857	0.0225826988846
5324.99954784	0.0225825481149
5325.3137071	0.0225825073697
5325.62786637	0.0225824480451
5325.94202563	0.0225823364183
5326.2561849	0.0225823148529
5326.57034416	0.0225825305785
5326.88450343	0.0225827003792
5327.19866269	0.0225826546259
5327.51282196	0.022582579751
5327.82698122	0.0225826522573
5328.14114049	0.0225826381019
5328.45529975	0.0225825680568
5328.76945902	0.0225825198502
5329.08361828	0.0225824998165
5329.39777755	0.022582529836
5329.71193682	0.0225825745678
5330.02609608	0.0225826042072
5330.34025535	0.0225826855917
5330.65441461	0.022582806706
5330.96857388	0.0225828830175
5331.28273314	0.0225829430796
5331.59689241	0.022583039513
5331.91105167	0.0225830890129
5332.22521094	0.0225830567145
5332.5393702	0.022583085916
5332.85352947	0.0225832492148
5333.16768873	0.0225833259241
5333.481848	0.0225831684943
5333.79600727	0.0225829374165
5334.11016653	0.0225828917073
5334.4243258	0.0225827454059
5334.73848506	0.0225824370254
5335.05264433	0.0225822447522
5335.36680359	0.0225820832744
5335.68096286	0.0225818827364
5335.99512212	0.022581759563
5336.30928139	0.0225814879224
5336.62344065	0.022581255436
5336.93759992	0.0225813158673
5337.25175918	0.0225814209726
5337.56591845	0.0225813743771
5337.88007771	0.0225813407154
5338.19423698	0.0225813558273
5338.50839625	0.0225812429037
5338.82255551	0.0225811189703
5339.13671478	0.0225810142039
5339.45087404	0.0225808316901
5339.76503331	0.0225806901319
5340.07919257	0.0225806316022
5340.39335184	0.0225805509024
5340.7075111	0.0225804175356
5341.02167037	0.0225802804342
5341.33582963	0.022580256051
5341.6499889	0.0225802360613
5341.96414816	0.0225802305216
5342.27830743	0.022580250175
5342.5924667	0.0225800838012
5342.90662596	0.0225801244876
5343.22078523	0.022580083352
5343.53494449	0.022579846474
5343.84910376	0.0225798002965
5344.16326302	0.0225798419053
5344.47742229	0.0225797671157
5344.79158155	0.0225796606915
5345.10574082	0.022579574433
5345.41990008	0.0225795059175
5345.73405935	0.022579579605
5346.04821861	0.0225796933284
5346.36237788	0.022579704418
5346.67653714	0.022579784017
5346.99069641	0.0225799607778
5347.30485568	0.0225800615591
5347.61901494	0.0225799323907
5347.93317421	0.0225797506841
5348.24733347	0.022579697286
5348.56149274	0.0225795990545
5348.875652	0.0225794611409
5349.18981127	0.0225793698863
5349.50397053	0.0225792914225
5349.8181298	0.0225791597445
5350.13228906	0.0225791831951
5350.44644833	0.0225790934408
5350.76060759	0.0225788776044
5351.07476686	0.022578973416
5351.38892613	0.0225791721757
5351.70308539	0.0225791769439
5352.01724466	0.0225791999239
5352.33140392	0.0225792633387
5352.64556319	0.0225792261848
5352.95972245	0.0225791756317
5353.27388172	0.0225791521664
5353.58804098	0.0225790774218
5353.90220025	0.0225789357418
5354.21635951	0.0225787711024
5354.53051878	0.0225786534067
5354.84467804	0.0225785631867
5355.15883731	0.0225783777949
5355.47299657	0.0225783141596
5355.78715584	0.0225783037519
5356.10131511	0.0225781797898
5356.41547437	0.022577945328
5356.72963364	0.0225778026607
5357.0437929	0.0225777790547
5357.35795217	0.0225775148211
5357.67211143	0.0225772778461
5357.9862707	0.02257731372
5358.30042996	0.0225773106674
5358.61458923	0.0225771625642
5358.92874849	0.0225770484648
5359.24290776	0.0225769495875
5359.55706702	0.0225768380227
5359.87122629	0.0225767961908
5360.18538556	0.0225767773237
5360.49954482	0.0225767464367
5360.81370409	0.022576733432
5361.12786335	0.0225767008099
5361.44202262	0.0225766792306
5361.75618188	0.0225767865541
5362.07034115	0.0225768294191
5362.38450041	0.0225766432717
5362.69865968	0.0225765160553
5363.01281894	0.0225765065378
5363.32697821	0.0225762886267
5363.64113747	0.0225760550609
5363.95529674	0.0225759542577
5364.269456	0.0225757909943
5364.58361527	0.0225755921624
5364.89777454	0.0225755003362
5365.2119338	0.0225755360116
5365.52609307	0.0225755686446
5365.84025233	0.0225755785501
5366.1544116	0.0225756325438
5366.46857086	0.0225757172289
5366.78273013	0.0225758046656
5367.09688939	0.022575863832
5367.41104866	0.0225758722889
5367.72520792	0.0225759120406
5368.03936719	0.0225758512512
5368.35352645	0.0225757032647
5368.66768572	0.0225755498001
5368.98184499	0.0225754088067
5369.29600425	0.0225752427256
5369.61016352	0.0225751463438
5369.92432278	0.0225750213118
5370.23848205	0.0225748379466
5370.55264131	0.0225747398461
5370.86680058	0.0225746418108
5371.18095984	0.0225745706298
5371.49511911	0.0225744863061
5371.80927837	0.0225743398467
5372.12343764	0.0225743779605
5372.4375969	0.0225745406452
5372.75175617	0.0225746430215
5373.06591543	0.022574673525
5373.3800747	0.0225746144734
5373.69423397	0.0225744818328
5374.00839323	0.0225743036916
5374.3225525	0.0225741110949
5374.63671176	0.0225740417007
5374.95087103	0.0225739745542
5375.26503029	0.0225737966961
5375.57918956	0.022573767494
5375.89334882	0.0225739777573
5376.20750809	0.022574056844
5376.52166735	0.0225739951657
5376.83582662	0.0225739481423
5377.14998588	0.0225739179488
5377.46414515	0.0225738774236
5377.77830442	0.0225737124437
5378.09246368	0.0225735826162
5378.40662295	0.0225735554236
5378.72078221	0.0225734951711
5379.03494148	0.0225734483556
5379.34910074	0.0225734833907
5379.66326001	0.022573581377
5379.97741927	0.0225736559419
5380.29157854	0.0225737130012
5380.6057378	0.0225738238528
5380.91989707	0.0225739327333
5381.23405633	0.022573986575
5381.5482156	0.0225740540929
5381.86237486	0.0225741244163
5382.17653413	0.0225740967368
5382.4906934	0.0225741257049
5382.80485266	0.0225742272353
5383.11901193	0.0225741296617
5383.43317119	0.0225739767909
5383.74733046	0.0225739459566
5384.06148972	0.0225737995824
5384.37564899	0.0225735827995
5384.68980825	0.0225733841213
5385.00396752	0.0225732924005
5385.31812678	0.0225731711335
5385.63228605	0.0225729040218
5385.94644531	0.022572757181
5386.26060458	0.0225728223917
5386.57476385	0.0225728855464
5386.88892311	0.0225728662241
5387.20308238	0.0225728717507
5387.51724164	0.0225729096098
5387.83140091	0.0225728097028
5388.14556017	0.0225726615357
5388.45971944	0.0225725531996
5388.7738787	0.0225723905056
5389.08803797	0.022572251383
5389.40219723	0.0225721674072
5389.7163565	0.022572072496
5390.03051576	0.0225719915342
5390.34467503	0.0225719041839
5390.6588343	0.0225716610084
5390.97299356	0.0225715602173
5391.28715283	0.0225715526599
5391.60131209	0.0225714451809
5391.91547136	0.0225712575474
5392.22963062	0.0225711424366
5392.54378989	0.0225711339585
5392.85794915	0.0225708340444
5393.17210842	0.0225707146801
5393.48626768	0.0225708567143
5393.80042695	0.0225708484844
5394.11458621	0.0225706811805
5394.42874548	0.0225705548535
5394.74290474	0.022570419814
5395.05706401	0.0225703702865
5395.37122328	0.0225703956425
5395.68538254	0.0225703682975
5395.99954181	0.0225703813718
5396.31370107	0.022570513451
5396.62786034	0.0225706586307
5396.9420196	0.022570643299
5397.25617887	0.0225705018094
5397.57033813	0.0225704791073
5397.8844974	0.0225704671274
5398.19865666	0.0225703008934
5398.51281593	0.0225700875469
5398.82697519	0.0225700260446
5399.14113446	0.0225700466875
5399.45529373	0.0225698913892
5399.76945299	0.022569667587
5400.08361226	0.0225696573309
5400.39777152	0.0225698222064
5400.71193079	0.0225699641494
5401.02609005	0.0225700191093
5401.34024932	0.0225701332968
5401.65440858	0.0225703342137
5401.96856785	0.0225704454495
5402.28272711	0.0225704928602
5402.59688638	0.0225705166125
5402.91104564	0.0225705050864
5403.22520491	0.0225704108414
5403.53936417	0.022570284704
5403.85352344	0.0225701739794
5404.16768271	0.0225700023003
5404.48184197	0.0225699071151
5404.79600124	0.0225699179234
5405.1101605	0.0225698225847
5405.42431977	0.0225697393027
5405.73847903	0.0225696052104
5406.0526383	0.0225694984328
5406.36679756	0.0225695396236
5406.68095683	0.0225691961114
5406.99511609	0.0225690122234
5407.30927536	0.0225692025964
5407.62343462	0.0225692619341
5407.93759389	0.0225690831208
5408.25175316	0.0225688961106
5408.56591242	0.0225688200278
5408.88007169	0.0225687076025
5409.19423095	0.0225685534413
5409.50839022	0.0225685038023
5409.82254948	0.0225685117757
5410.13670875	0.0225684644704
5410.45086801	0.0225684185185
5410.76502728	0.0225685028289
5411.07918654	0.0225685600916
5411.39334581	0.0225684046138
5411.70750507	0.0225681622025
5412.02166434	0.0225681760575
5412.3358236	0.0225680873538
5412.64998287	0.022567764722
5412.96414214	0.0225676941352
5413.2783014	0.022567614524
5413.59246067	0.0225673257223
5413.90661993	0.0225671486707
5414.2207792	0.0225671854239
5414.53493846	0.0225672371093
5414.84909773	0.022567221675
5415.16325699	0.0225672035074
5415.47741626	0.0225672352479
5415.79157552	0.0225672905347
5416.10573479	0.0225672976076
5416.41989405	0.0225673004878
5416.73405332	0.0225673756695
5417.04821259	0.0225674377905
5417.36237185	0.0225673831363
5417.67653112	0.0225673253625
5417.99069038	0.0225673042023
5418.30484965	0.0225671370433
5418.61900891	0.0225669014462
5418.93316818	0.0225668345762
5419.24732744	0.0225667779267
5419.56148671	0.0225665992536
5419.87564597	0.0225664620417
5420.18980524	0.0225664852001
5420.5039645	0.0225663999599
5420.81812377	0.0225661785275
5421.13228303	0.0225661904526
5421.4464423	0.0225663982327
5421.76060157	0.0225665123119
5422.07476083	0.0225665692495
5422.3889201	0.0225666454398
5422.70307936	0.0225666832678
5423.01723863	0.0225665741838
5423.33139789	0.0225663922565
5423.64555716	0.0225662459354
5423.95971642	0.0225661794772
5424.27387569	0.022566006201
5424.58803495	0.0225657847561
5424.90219422	0.0225657109775
5425.21635348	0.0225658563159
5425.53051275	0.0225659059497
5425.84467202	0.0225657342398
5426.15883128	0.022565637653
5426.47299055	0.0225654650102
5426.78714981	0.022565389362
5427.10130908	0.0225653176256
5427.41546834	0.022565029891
5427.72962761	0.0225648566065
5428.04378687	0.0225648731451
5428.35794614	0.0225648807172
5428.6721054	0.0225647981702
5428.98626467	0.0225647596375
5429.30042393	0.0225647907197
5429.6145832	0.0225648285479
5429.92874246	0.0225648860083
5430.24290173	0.0225648732729
5430.557061	0.0225647912102
5430.87122026	0.0225648641962
5431.18537953	0.0225648989772
5431.49953879	0.0225647806955
5431.81369806	0.0225648050619
5432.12785732	0.0225648404085
5432.44201659	0.0225646894468
5432.75617585	0.0225645907302
5433.07033512	0.0225644835229
5433.38449438	0.0225642627925
5433.69865365	0.0225640318606
5434.01281291	0.0225639706824
5434.32697218	0.0225640152224
5434.64113145	0.0225637293074
5434.95529071	0.0225634489041
5435.26944998	0.0225635726785
5435.58360924	0.0225638091748
5435.89776851	0.0225638428978
5436.21192777	0.022563852435
5436.52608704	0.0225640023698
5436.8402463	0.0225641101159
5437.15440557	0.0225640825823
5437.46856483	0.0225639828061
5437.7827241	0.0225638753622
5438.09688336	0.0225637361388
5438.41104263	0.0225636520419
5438.72520189	0.0225636114327
5439.03936116	0.0225635492742
5439.35352043	0.0225635124005
5439.66767969	0.0225634644426
5439.98183896	0.0225633460023
5440.29599822	0.0225633236593
5440.61015749	0.0225633694748
5440.92431675	0.0225633233354
5441.23847602	0.0225631671059
5441.55263528	0.022563196988
5441.86679455	0.0225630545333
5442.18095381	0.0225628404992
5442.49511308	0.0225628540485
5442.80927234	0.022562807112
5443.12343161	0.022562599696
5443.43759088	0.0225624445875
5443.75175014	0.0225622930193
5444.06590941	0.0225621669456
5444.38006867	0.0225620856995
5444.69422794	0.022562050458
5445.0083872	0.0225620433669
5445.32254647	0.0225619861979
5445.63670573	0.0225620282832
5445.950865	0.0225621739484
5446.26502426	0.0225620564148
5446.57918353	0.0225617773511
5446.89334279	0.0225616778139
5447.20750206	0.0225615332477
5447.52166132	0.0225613363047
5447.83582059	0.0225610976169
5448.14997986	0.0225609834281
5448.46413912	0.0225609678859
5448.77829839	0.0225607553957
5449.09245765	0.0225605984359
5449.40661692	0.0225607132331
5449.72077618	0.0225608913567
5450.03493545	0.0225609746035
5450.34909471	0.0225610694424
5450.66325398	0.0225612200345
5450.97741324	0.0225613503761
5451.29157251	0.0225614104831
5451.60573177	0.0225614851127
5451.91989104	0.0225615077047
5452.23405031	0.0225613962153
5452.54820957	0.0225613236912
5452.86236884	0.0225613332537
5453.1765281	0.0225612532826
5453.49068737	0.0225611042139
5453.80484663	0.0225610158675
5454.1190059	0.0225610603614
5454.43316516	0.0225610576762
5454.74732443	0.0225609888969
5455.06148369	0.0225608559835
5455.37564296	0.0225608940958
5455.68980222	0.0225608122891
5456.00396149	0.0225605009273
5456.31812076	0.022560525697
5456.63228002	0.022560721561
5456.94643929	0.0225606875274
5457.26059855	0.02256058481
5457.57475782	0.022560542325
5457.88891708	0.0225604359418
5458.20307635	0.022560298704
5458.51723561	0.0225602080304
5458.83139488	0.0225601035632
5459.14555414	0.0225600116966
5459.45971341	0.0225599691459
5459.77387267	0.0225599205059
5460.08803194	0.0225598781459
5460.4021912	0.0225598775148
5460.71635047	0.0225597683513
5461.03050974	0.0225594991954
5461.344669	0.0225593467011
5461.65882827	0.0225591870885
5461.97298753	0.0225589162058
5462.2871468	0.0225587681831
5462.60130606	0.0225585715793
5462.91546533	0.0225583114036
5463.22962459	0.0225582249771
5463.54378386	0.0225582680636
5463.85794312	0.0225582336258
5464.17210239	0.0225581603069
5464.48626165	0.0225581610678
5464.80042092	0.0225582112193
5465.11458019	0.0225582371918
5465.42873945	0.0225582772398
5465.74289872	0.0225582978698
5466.05705798	0.0225583065908
5466.37121725	0.0225583044268
5466.68537651	0.0225582596648
5466.99953578	0.0225582077902
5467.31369504	0.0225581801093
5467.62785431	0.0225580787572
5467.94201357	0.0225579464948
5468.25617284	0.0225578581986
5468.5703321	0.0225577206175
5468.88449137	0.0225575523715
5469.19865063	0.022557527815
5469.5128099	0.0225574839889
5469.82696917	0.02255735214
5470.14112843	0.0225573496446
5470.4552877	0.0225575230867
5470.76944696	0.0225576744054
5471.08360623	0.0225577866811
5471.39776549	0.0225579451532
5471.71192476	0.0225581241239
5472.02608402	0.0225582241216
5472.34024329	0.0225582019416
5472.65440255	0.022558089348
5472.96856182	0.0225580717703
5473.28272108	0.0225580226997
5473.59688035	0.0225578761714
5473.91103962	0.0225577868942
5474.22519888	0.0225578193733
5474.53935815	0.0225578756695
5474.85351741	0.0225578921424
5475.16767668	0.0225578120861
5475.48183594	0.0225576386859
5475.79599521	0.0225575431705
5476.11015447	0.0225574805396
5476.42431374	0.0225573716896
5476.738473	0.0225571905013
5477.05263227	0.0225570799002
5477.36679153	0.0225570685333
5477.6809508	0.022557030394
5477.99511006	0.0225569323468
5478.30926933	0.0225568178491
5478.6234286	0.0225567839106
5478.93758786	0.0225567611001
5479.25174713	0.0225567262838
5479.56590639	0.0225567558897
5479.88006566	0.0225566931825
5480.19422492	0.0225565730182
5480.50838419	0.0225565846032
5480.82254345	0.0225565880497
5481.13670272	0.0225564399722
5481.45086198	0.0225563417921
5481.76502125	0.0225562558694
5482.07918051	0.0225560412969
5482.39333978	0.0225557588934
5482.70749905	0.0225555870025
5483.02165831	0.0225554386846
5483.33581758	0.0225552327355
5483.64997684	0.0225550300814
5483.96413611	0.0225549032442
5484.27829537	0.0225548788291
5484.59245464	0.0225548906525
5484.9066139	0.022554941427
5485.22077317	0.0225550556718
5485.53493243	0.0225551792978
5485.8490917	0.0225552852414
5486.16325096	0.0225553677287
5486.47741023	0.022555436971
5486.79156949	0.0225554157996
5487.10572876	0.0225552569744
5487.41988803	0.0225551336605
5487.73404729	0.0225551222311
5488.04820656	0.0225551113172
5488.36236582	0.0225550928622
5488.67652509	0.0225551016589
5488.99068435	0.0225551091418
5489.30484362	0.0225551130406
5489.61900288	0.0225551372808
5489.93316215	0.0225551139493
5490.24732141	0.0225551008574
5490.56148068	0.0225551218005
5490.87563994	0.0225551224299
5491.18979921	0.0225550998952
5491.50395848	0.0225551497438
5491.81811774	0.0225551698301
5492.13227701	0.0225550520419
5492.44643627	0.0225548962259
5492.76059554	0.022554773394
5493.0747548	0.0225546229764
5493.38891407	0.0225544595361
5493.70307333	0.0225543317091
5494.0172326	0.0225542600344
5494.33139186	0.0225542256875
5494.64555113	0.0225541631831
5494.95971039	0.0225540146092
5495.27386966	0.0225539330915
5495.58802892	0.0225539507638
5495.90218819	0.0225537751129
5496.21634746	0.0225534847328
5496.53050672	0.0225532425921
5496.84466599	0.0225531189129
5497.15882525	0.0225529363022
5497.47298452	0.0225527098411
5497.78714378	0.0225524880827
5498.10130305	0.0225522679169
5498.41546231	0.0225521469361
5498.72962158	0.0225521330516
5499.04378084	0.0225521162972
5499.35794011	0.0225520450089
5499.67209937	0.0225519921783
5499.98625864	0.022552019082
5500.30041791	0.0225520881995
5500.61457717	0.0225521248115
5500.92873644	0.0225521836335
5501.2428957	0.0225523169273
5501.55705497	0.0225523742233
5501.87121423	0.0225522315092
5502.1853735	0.0225520982472
5502.49953276	0.0225520957771
5502.81369203	0.0225520072867
5503.12785129	0.0225518647445
5503.44201056	0.0225518535428
5503.75616982	0.0225518865076
5504.07032909	0.0225519145979
5504.38448835	0.0225519213196
5504.69864762	0.0225519593314
5505.01280689	0.0225520052693
5505.32696615	0.0225519861645
5505.64112542	0.022552099191
5505.95528468	0.0225522920716
5506.26944395	0.0225523652984
5506.58360321	0.0225523736172
5506.89776248	0.0225523804163
5507.21192174	0.0225523291293
5507.52608101	0.0225522810187
5507.84024027	0.022552255861
5508.15439954	0.0225522373459
5508.4685588	0.0225522359347
5508.78271807	0.0225522168928
5509.09687734	0.022552204136
5509.4110366	0.022552203758
5509.72519587	0.0225522010394
5510.03935513	0.0225521536238
5510.3535144	0.0225520390322
5510.66767366	0.022551848623
5510.98183293	0.0225515713597
5511.29599219	0.0225513989065
5511.61015146	0.0225511968353
5511.92431072	0.0225508918306
5512.23846999	0.0225506391591
5512.55262925	0.0225505587509
5512.86678852	0.0225505197551
5513.18094779	0.0225503755916
5513.49510705	0.0225502241754
5513.80926632	0.0225501811943
5514.12342558	0.0225501421597
5514.43758485	0.0225500512379
5514.75174411	0.0225500112037
5515.06590338	0.0225499968256
5515.38006264	0.0225499242743
5515.69422191	0.022549902613
5516.00838117	0.0225498760798
5516.32254044	0.0225497151243
5516.6366997	0.0225495066075
5516.95085897	0.0225494224929
5517.26501823	0.0225493958379
5517.5791775	0.0225492279676
5517.89333677	0.0225489878537
5518.20749603	0.022548971816
5518.5216553	0.0225489303436
5518.83581456	0.0225487664087
5519.14997383	0.0225486816886
5519.46413309	0.0225487487148
5519.77829236	0.0225488756942
5520.09245162	0.0225490016647
5520.40661089	0.022549146549
5520.72077015	0.0225493235229
5521.03492942	0.0225495006468
5521.34908868	0.0225496285659
5521.66324795	0.0225496748373
5521.97740722	0.0225496465255
5522.29156648	0.0225495727131
5522.60572575	0.0225495164601
5522.91988501	0.0225494500005
5523.23404428	0.0225493996691
5523.54820354	0.0225494091397
5523.86236281	0.0225494720928
5524.17652207	0.0225494690923
5524.49068134	0.0225493854323
5524.8048406	0.0225492510848
5525.11899987	0.0225491601617
5525.43315913	0.0225490253785
5525.7473184	0.0225488287327
5526.06147766	0.022548704263
5526.37563693	0.0225486743083
5526.6897962	0.0225486024707
5527.00395546	0.0225484613868
5527.31811473	0.0225483682561
5527.63227399	0.0225482957491
5527.94643326	0.0225481954444
5528.26059252	0.0225480830332
5528.57475179	0.0225479605305
5528.88891105	0.0225479063174
5529.20307032	0.0225478148534
5529.51722958	0.0225476350365
5529.83138885	0.0225475115511
5530.14554811	0.0225474448895
5530.45970738	0.0225473539375
5530.77386665	0.0225471948035
5531.08802591	0.0225470193377
5531.40218518	0.0225468459547
5531.71634444	0.022546630392
5532.03050371	0.0225463918704
5532.34466297	0.0225462246804
5532.65882224	0.0225460486744
5532.9729815	0.0225458497304
5533.28714077	0.0225457196011
5533.60130003	0.0225456649846
5533.9154593	0.022545651346
5534.22961856	0.0225456721206
5534.54377783	0.0225457311536
5534.85793709	0.0225458440307
5535.17209636	0.0225459552424
5535.48625563	0.0225460318739
5535.80041489	0.0225461613001
5536.11457416	0.0225463075889
5536.42873342	0.0225462604349
5536.74289269	0.022546119495
5537.05705195	0.0225460988383
5537.37121122	0.0225460648938
5537.68537048	0.0225460465771
5537.99952975	0.0225461047935
5538.31368901	0.0225461650627
5538.62784828	0.0225462127019
5538.94200754	0.0225463189699
5539.25616681	0.0225464134575
5539.57032608	0.022546451007
5539.88448534	0.0225465195881
5540.19864461	0.0225466188509
5540.51280387	0.0225467086683
5540.82696314	0.0225467734082
5541.1411224	0.0225468231108
5541.45528167	0.0225468423616
5541.76944093	0.0225467671992
5542.0836002	0.0225466534044
5542.39775946	0.0225465418904
5542.71191873	0.0225464330257
5543.02607799	0.0225463369377
5543.34023726	0.0225462404735
5543.65439652	0.0225461430438
5543.96855579	0.0225460869924
5544.28271506	0.022546055804
5544.59687432	0.0225459727789
5544.91103359	0.0225458392645
5545.22519285	0.0225457216792
5545.53935212	0.0225455373063
5545.85351138	0.0225452804571
5546.16767065	0.0225450196717
5546.48182991	0.0225448084787
5546.79598918	0.0225445955997
5547.11014844	0.0225444087506
5547.42430771	0.0225441949904
5547.73846697	0.02254397724
5548.05262624	0.0225438659296
5548.36678551	0.0225438097865
5548.68094477	0.0225437328124
5548.99510404	0.0225436449397
5549.3092633	0.022543590009
5549.62342257	0.0225436059711
5549.93758183	0.0225436375809
5550.2517411	0.022543640312
5550.56590036	0.0225436964004
5550.88005963	0.0225437749589
5551.19421889	0.0225437460101
5551.50837816	0.0225436114346
5551.82253742	0.0225434837843
5552.13669669	0.0225434538524
5552.45085595	0.0225433386452
5552.76501522	0.0225432624706
5553.07917449	0.0225432816952
5553.39333375	0.022543350836
5553.70749302	0.0225434020916
5554.02165228	0.0225433930254
5554.33581155	0.0225435071752
5554.64997081	0.0225435493241
5554.96413008	0.0225435820538
5555.27828934	0.0225437941521
5555.59244861	0.0225439988853
5555.90660787	0.0225440585365
5556.22076714	0.022544133709
5556.5349264	0.0225441902121
5556.84908567	0.0225441739865
5557.16324494	0.0225441696686
5557.4774042	0.022544230721
5557.79156347	0.0225443087379
5558.10572273	0.0225443403848
5558.419882	0.0225443432478
5558.73404126	0.0225443729818
5559.04820053	0.0225443885059
5559.36235979	0.0225443581605
5559.67651906	0.0225443181991
5559.99067832	0.022544221231
5560.30483759	0.0225440604364
5560.61899685	0.022543880534
5560.93315612	0.0225437114208
5561.24731538	0.0225435264308
5561.56147465	0.022543288725
5561.87563392	0.0225430892884
5562.18979318	0.0225429921356
5562.50395245	0.0225428963868
5562.81811171	0.0225427943315
5563.13227098	0.0225426995407
5563.44643024	0.0225425863588
5563.76058951	0.0225424854003
5564.07474877	0.0225424041229
5564.38890804	0.0225423300851
5564.7030673	0.0225422491138
5565.01722657	0.0225421035615
5565.33138583	0.0225419444747
5565.6455451	0.0225417879713
5565.95970437	0.0225416569568
5566.27386363	0.0225414536901
5566.5880229	0.0225412764858
5566.90218216	0.0225411806769
5567.21634143	0.0225409853581
5567.53050069	0.0225407547003
5567.84465996	0.0225406273745
5568.15881922	0.0225404857512
5568.47297849	0.0225403369415
5568.78713775	0.0225402470508
5569.10129702	0.0225402325956
5569.41545628	0.022540277049
5569.72961555	0.0225403384653
5570.04377482	0.0225404400599
5570.35793408	0.0225405854145
5570.67209335	0.0225406939738
5570.98625261	0.0225407331441
5571.30041188	0.0225407095199
5571.61457114	0.0225405873059
5571.92873041	0.022540477519
5572.24288967	0.0225403746192
5572.55704894	0.0225403121194
5572.8712082	0.0225402864203
5573.18536747	0.0225403028305
5573.49952673	0.0225403585166
5573.813686	0.0225403851709
5574.12784526	0.0225403517079
5574.44200453	0.0225403107455
5574.7561638	0.0225402191594
5575.07032306	0.0225401233293
5575.38448233	0.0225400304997
5575.69864159	0.0225399379553
5576.01280086	0.022539828298
5576.32696012	0.0225397027891
5576.64111939	0.0225396444884
5576.95527865	0.0225396192639
5577.26943792	0.0225395580134
5577.58359718	0.0225394839803
5577.89775645	0.0225394353276
5578.21191571	0.0225394038108
5578.52607498	0.0225393575384
5578.84023425	0.0225393177535
5579.15439351	0.0225392679342
5579.46855278	0.0225392328124
5579.78271204	0.0225391726899
5580.09687131	0.0225390816275
5580.41103057	0.0225389784192
5580.72518984	0.0225388051332
5581.0393491	0.0225385534444
5581.35350837	0.0225383351927
5581.66766763	0.0225381225159
5581.9818269	0.0225378774097
5582.29598616	0.0225376954954
5582.61014543	0.022537597827
5582.92430469	0.0225375103376
5583.23846396	0.0225374084233
5583.55262323	0.0225373517728
5583.86678249	0.0225374047992
5584.18094176	0.0225375046258
5584.49510102	0.0225375573053
5584.80926029	0.0225375989384
5585.12341955	0.0225376582043
5585.43757882	0.0225376946366
5585.75173808	0.0225377080566
5586.06589735	0.0225376929397
5586.38005661	0.0225376021884
5586.69421588	0.0225375333016
5587.00837514	0.0225375692448
5587.32253441	0.0225375796476
5587.63669368	0.0225375963319
5587.95085294	0.022537655583
5588.26501221	0.0225377186483
5588.57917147	0.0225377851419
5588.89333074	0.0225378169087
5589.20749	0.0225378309346
5589.52164927	0.0225378628512
5589.83580853	0.0225379052874
5590.1499678	0.0225379381779
5590.46412706	0.0225379537006
5590.77828633	0.0225379620533
5591.09244559	0.0225379991103
5591.40660486	0.022538013954
5591.72076412	0.0225379803936
5592.03492339	0.0225379504715
5592.34908266	0.0225379405109
5592.66324192	0.0225379211774
5592.97740119	0.0225378855521
5593.29156045	0.0225378578451
5593.60571972	0.0225378283553
5593.91987898	0.0225377416526
5594.23403825	0.0225376161241
5594.54819751	0.0225375270181
5594.86235678	0.0225374420617
5595.17651604	0.0225372397985
5595.49067531	0.0225369718421
5595.80483457	0.0225367492295
5596.11899384	0.0225365518593
5596.43315311	0.0225363339049
5596.74731237	0.0225361196336
5597.06147164	0.0225358981803
5597.3756309	0.0225356892293
5597.68979017	0.0225355551613
5598.00394943	0.022535461307
5598.3181087	0.0225353725211
5598.63226796	0.0225352944608
5598.94642723	0.0225352185586
5599.26058649	0.0225351495284
5599.57474576	0.0225351275672
5599.88890502	0.0225351221174
5600.20306429	0.022535073834
5600.51722355	0.0225350607346
5600.83138282	0.022535011038
5601.14554209	0.0225348519418
5601.45970135	0.0225346735021
5601.77386062	0.0225345782295
5602.08801988	0.0225344894199
5602.40217915	0.0225344649611
5602.71633841	0.0225344876451
5603.03049768	0.0225345138999
5603.34465694	0.0225345214433
5603.65881621	0.0225345411797
5603.97297547	0.0225345981654
5604.28713474	0.0225346319576
5604.601294	0.0225346415822
5604.91545327	0.02253478667
5605.22961254	0.0225349991604
5605.5437718	0.0225351414861
5605.85793107	0.0225352329096
5606.17209033	0.022535289534
5606.4862496	0.0225353316819
5606.80040886	0.0225353876629
5607.11456813	0.0225354705827
5607.42872739	0.0225355847195
5607.74288666	0.0225356857801
5608.05704592	0.0225356966401
5608.37120519	0.0225357745402
5608.68536445	0.0225359316
5608.99952372	0.0225359683005
5609.31368298	0.0225359154658
5609.62784225	0.0225358486869
5609.94200152	0.0225358058885
5610.25616078	0.022535693313
5610.57032005	0.0225354730307
5610.88447931	0.0225352999418
5611.19863858	0.0225351032749
5611.51279784	0.0225348917104
5611.82695711	0.022534699126
5612.14111637	0.0225345337403
5612.45527564	0.0225344108968
5612.7694349	0.0225342904663
5613.08359417	0.0225341761441
5613.39775343	0.0225341398222
5613.7119127	0.0225341142732
5614.02607197	0.0225339889577
5614.34023123	0.0225338791267
5614.6543905	0.0225338819894
5614.96854976	0.0225337765685
5615.28270903	0.0225334431635
5615.59686829	0.0225331522286
5615.91102756	0.0225330283216
5616.22518682	0.0225328973901
5616.53934609	0.0225325904491
5616.85350535	0.0225322992882
5617.16766462	0.0225321619476
5617.48182388	0.0225320367777
5617.79598315	0.0225318696321
5618.11014241	0.022531757991
5618.42430168	0.0225316694437
5618.73846095	0.0225315829373
5619.05262021	0.0225316389062
5619.36677948	0.0225317673398
5619.68093874	0.0225318707442
5619.99509801	0.022531965353
5620.30925727	0.0225320210211
5620.62341654	0.0225319718789
5620.9375758	0.0225318315705
5621.25173507	0.0225317468244
5621.56589433	0.0225317405671
5621.8800536	0.0225317075247
5622.19421286	0.0225316493706
5622.50837213	0.0225316442764
5622.8225314	0.0225317868098
5623.13669066	0.0225319601842
5623.45084993	0.0225320169093
5623.76500919	0.022532001368
5624.07916846	0.0225319674642
5624.39332772	0.0225318793905
5624.70748699	0.0225317687436
5625.02164625	0.0225316919689
5625.33580552	0.0225316085827
5625.64996478	0.0225315405368
5625.96412405	0.022531446709
5626.27828331	0.0225313896962
5626.59244258	0.0225314393469
5626.90660184	0.0225314952799
5627.22076111	0.0225315062832
5627.53492038	0.0225315279023
5627.84907964	0.0225315441346
5628.16323891	0.0225315758448
5628.47739817	0.0225315959937
5628.79155744	0.0225316193105
5629.1057167	0.0225316718103
5629.41987597	0.0225316370075
5629.73403523	0.0225315282172
5630.0481945	0.0225313918154
5630.36235376	0.0225312219585
5630.67651303	0.0225310412896
5630.99067229	0.0225308071571
5631.30483156	0.0225305736491
5631.61899083	0.0225304177192
5631.93315009	0.0225302892854
5632.24730936	0.022530133109
5632.56146862	0.0225299842887
5632.87562789	0.0225299121543
5633.18978715	0.0225298265282
5633.50394642	0.0225298057491
5633.81810568	0.0225298745703
5634.13226495	0.0225299603954
5634.44642421	0.0225300253122
5634.76058348	0.0225300013486
5635.07474274	0.02252992611
5635.38890201	0.0225298577563
5635.70306127	0.0225297918311
5636.01722054	0.0225296995513
5636.33137981	0.0225295756183
5636.64553907	0.0225295265443
5636.95969834	0.0225295422956
5637.2738576	0.0225295007006
5637.58801687	0.0225294793654
5637.90217613	0.0225295276409
5638.2163354	0.0225295274615
5638.53049466	0.0225294731918
5638.84465393	0.0225294459427
5639.15881319	0.0225293861673
5639.47297246	0.0225293193004
5639.78713172	0.0225292409482
5640.10129099	0.0225291712021
5640.41545026	0.0225291176699
5640.72960952	0.0225290937977
5641.04376879	0.022529105646
5641.35792805	0.0225290893628
5641.67208732	0.0225290538552
5641.98624658	0.0225290633209
5642.30040585	0.0225290725774
5642.61456511	0.0225290856853
5642.92872438	0.0225290865459
5643.24288364	0.0225290753987
5643.55704291	0.0225290746542
5643.87120217	0.0225290785237
5644.18536144	0.0225289962005
5644.49952071	0.0225289212387
5644.81367997	0.0225288172109
5645.12783924	0.0225286613786
5645.4419985	0.0225285116944
5645.75615777	0.0225283292873
5646.07031703	0.0225281237913
5646.3844763	0.0225280103933
5646.69863556	0.0225279205053
5647.01279483	0.0225276441695
5647.32695409	0.0225274129664
5647.64111336	0.0225273939658
5647.95527262	0.0225274126887
5648.26943189	0.0225273907712
5648.58359115	0.0225273345751
5648.89775042	0.0225273579093
5649.21190969	0.0225274395669
5649.52606895	0.022527473791
5649.84022822	0.0225275189491
5650.15438748	0.0225275251338
5650.46854675	0.0225273904085
5650.78270601	0.0225271242737
5651.09686528	0.0225269381121
5651.41102454	0.0225268763821
5651.72518381	0.0225266859385
5652.03934307	0.0225265672646
5652.35350234	0.0225266318112
5652.6676616	0.0225266092213
5652.98182087	0.0225265205725
5653.29598014	0.0225264736091
5653.6101394	0.0225264226232
5653.92429867	0.0225264519181
5654.23845793	0.0225263179066
5654.5526172	0.0225261919693
5654.86677646	0.0225262923078
5655.18093573	0.0225264267548
5655.49509499	0.0225264093428
5655.80925426	0.0225263539891
5656.12341352	0.0225263493135
5656.43757279	0.0225263990486
5656.75173205	0.022526476097
5657.06589132	0.0225265631881
5657.38005058	0.022526605699
5657.69420985	0.0225265820653
5658.00836912	0.0225266277424
5658.32252838	0.0225267290424
5658.63668765	0.0225267619536
5658.95084691	0.0225267641983
5659.26500618	0.0225267190752
5659.57916544	0.0225266461144
5659.89332471	0.022526553214
5660.20748397	0.0225263776552
5660.52164324	0.0225261853313
5660.8358025	0.0225260605278
5661.14996177	0.0225258884479
5661.46412103	0.0225256602273
5661.7782803	0.0225255391071
5662.09243957	0.0225254929531
5662.40659883	0.0225254569466
5662.7207581	0.0225254405332
5663.03491736	0.0225254637217
5663.34907663	0.0225255028922
5663.66323589	0.0225255148176
5663.97739516	0.0225255247648
5664.29155442	0.0225255258096
5664.60571369	0.0225252770896
5664.91987295	0.0225249595816
5665.23403222	0.0225248311248
5665.54819148	0.0225247230101
5665.86235075	0.0225245238916
5666.17651001	0.022524399489
5666.49066928	0.0225243344277
5666.80482855	0.0225241613091
5667.11898781	0.0225240726741
5667.43314708	0.022523973801
5667.74730634	0.0225237739777
5668.06146561	0.0225236700687
5668.37562487	0.0225236189484
5668.68978414	0.0225235292719
5669.0039434	0.0225235228626
5669.31810267	0.0225235926311
5669.63226193	0.0225235925282
5669.9464212	0.0225234949244
5670.26058046	0.0225233899272
5670.57473973	0.0225233082363
5670.888899	0.0225232220943
5671.20305826	0.0225231586819
5671.51721753	0.0225231764303
5671.83137679	0.0225231884357
5672.14553606	0.0225231335054
5672.45969532	0.0225231341668
5672.77385459	0.0225233376878
5673.08801385	0.0225234800115
5673.40217312	0.0225233735795
5673.71633238	0.0225231925176
5674.03049165	0.0225231655758
5674.34465091	0.0225231611931
5674.65881018	0.0225229977689
5674.97296944	0.022522923735
5675.28712871	0.0225229251434
5675.60128798	0.0225227956166
5675.91544724	0.0225227234016
5676.22960651	0.0225228595133
5676.54376577	0.02252300577
5676.85792504	0.0225230650617
5677.1720843	0.0225231551803
5677.48624357	0.0225233195165
5677.80040283	0.0225234804688
5678.1145621	0.0225235235901
5678.42872136	0.0225236042045
5678.74288063	0.0225237363389
5679.05703989	0.0225237267384
5679.37119916	0.0225235529831
5679.68535843	0.0225235144265
5679.99951769	0.0225234772969
5680.31367696	0.0225232683636
5680.62783622	0.0225230228727
5680.94199549	0.0225229334377
5681.25615475	0.0225228902232
5681.57031402	0.0225227498967
5681.88447328	0.022522580406
5682.19863255	0.0225224879818
5682.51279181	0.0225224011375
5682.82695108	0.0225221152988
5683.14111034	0.0225220730857
5683.45526961	0.0225222137496
5683.76942887	0.0225222515906
5684.08358814	0.0225221501153
5684.39774741	0.0225220817734
5684.71190667	0.0225220809002
5685.02606594	0.0225219763355
5685.3402252	0.0225217810391
5685.65438447	0.0225216911944
5685.96854373	0.0225216375319
5686.282703	0.022521477907
5686.59686226	0.0225213548836
5686.91102153	0.0225213589878
5687.22518079	0.0225214412458
5687.53934006	0.0225214294682
5687.85349932	0.0225212874822
5688.16765859	0.0225211421072
5688.48181786	0.0225210581546
5688.79597712	0.0225209214928
5689.11013639	0.0225207225541
5689.42429565	0.0225206036928
5689.73845492	0.0225204912629
5690.05261418	0.0225203816703
5690.36677345	0.0225203680765
5690.68093271	0.0225203857868
5690.99509198	0.0225203548743
5691.30925124	0.02252033955
5691.62341051	0.0225203829709
5691.93756977	0.0225204541885
5692.25172904	0.0225205004523
5692.5658883	0.022520556766
5692.88004757	0.0225205999988
5693.19420684	0.0225206145541
5693.5083661	0.0225207221451
5693.82252537	0.0225207929986
5694.13668463	0.022520626044
5694.4508439	0.022520556967
5694.76500316	0.0225205937491
5695.07916243	0.0225204035717
5695.39332169	0.0225201391892
5695.70748096	0.0225200540421
5696.02164022	0.0225200062222
5696.33579949	0.0225198597839
5696.64995875	0.0225196001348
5696.96411802	0.0225194527711
5697.27827729	0.0225195118921
5697.59243655	0.0225195884321
5697.90659582	0.0225196305579
5698.22075508	0.0225197017082
5698.53491435	0.0225198174201
5698.84907361	0.0225199362136
5699.16323288	0.0225199903956
5699.47739214	0.0225199798269
5699.79155141	0.0225198848727
5700.10571067	0.0225197357651
5700.41986994	0.0225195189133
5700.7340292	0.0225193127534
5701.04818847	0.0225191824624
5701.36234773	0.0225191132436
5701.676507	0.0225190460703
5701.99066627	0.0225190091291
5702.30482553	0.0225189491169
5702.6189848	0.0225188017602
5702.93314406	0.0225186204673
5703.24730333	0.0225186098511
5703.56146259	0.0225184974747
5703.87562186	0.0225182713323
5704.18978112	0.0225182634513
5704.50394039	0.0225183531542
5704.81809965	0.0225183171503
5705.13225892	0.0225182290435
5705.44641818	0.0225181549367
5705.76057745	0.0225181213319
5706.07473672	0.0225181760686
5706.38889598	0.0225181901264
5706.70305525	0.0225181671376
5707.01721451	0.0225181993745
5707.33137378	0.0225181577614
5707.64553304	0.0225180661004
5707.95969231	0.0225181227727
5708.27385157	0.0225182278176
5708.58801084	0.0225181906815
5708.9021701	0.022517983436
5709.21632937	0.022517912436
5709.53048863	0.0225178305221
5709.8446479	0.02251762659
5710.15880717	0.0225174575896
5710.47296643	0.0225173464593
5710.7871257	0.0225171619547
5711.10128496	0.0225169879017
5711.41544423	0.0225169532348
5711.72960349	0.0225169938904
5712.04376276	0.0225170353613
5712.35792202	0.0225171016336
5712.67208129	0.0225172195523
5712.98624055	0.02251734221
5713.30039982	0.022517399914
5713.61455908	0.0225174239966
5713.92871835	0.0225173781904
5714.24287761	0.0225172113229
5714.55703688	0.022517015297
5714.87119615	0.0225169516375
5715.18535541	0.0225168958504
5715.49951468	0.022516794934
5715.81367394	0.0225167600634
5716.12783321	0.0225167636463
5716.44199247	0.0225166850942
5716.75615174	0.0225166456808
5717.070311	0.0225166329579
5717.38447027	0.02251650218
5717.69862953	0.0225164957488
5718.0127888	0.0225164863871
5718.32694806	0.0225164682974
5718.64110733	0.0225165268699
5718.9552666	0.0225165373903
5719.26942586	0.0225163818037
5719.58358513	0.0225162264126
5719.89774439	0.0225160459041
5720.21190366	0.0225158689996
5720.52606292	0.0225157732286
5720.84022219	0.022515729182
5721.15438145	0.0225156740289
5721.46854072	0.0225156068905
5721.78269998	0.0225155914632
5722.09685925	0.022515622322
5722.41101851	0.0225156856926
5722.72517778	0.022515678388
5723.03933704	0.0225155296235
5723.35349631	0.0225153627066
5723.66765558	0.0225152505648
5723.98181484	0.0225151581579
5724.29597411	0.0225149618734
5724.61013337	0.0225147998155
5724.92429264	0.0225147065801
5725.2384519	0.0225145462203
5725.55261117	0.0225144758944
5725.86677043	0.0225145531682
5726.1809297	0.0225146206672
5726.49508896	0.0225146504903
5726.80924823	0.0225147383695
5727.12340749	0.0225148893387
5727.43756676	0.0225149381485
5727.75172603	0.0225149678771
5728.06588529	0.0225151249295
5728.38004456	0.0225152364974
5728.69420382	0.0225151456086
5729.00836309	0.0225150044773
5729.32252235	0.0225149521502
5729.63668162	0.0225148773007
5729.95084088	0.0225146830884
5730.26500015	0.0225145666948
5730.57915941	0.0225145805392
5730.89331868	0.0225145450647
5731.20747794	0.0225145059036
5731.52163721	0.0225144701277
5731.83579647	0.0225144506377
5732.14995574	0.0225143979111
5732.46411501	0.0225142653879
5732.77827427	0.0225143081054
5733.09243354	0.0225144639022
5733.4065928	0.0225144572133
5733.72075207	0.02251431017
5734.03491133	0.0225142535565
5734.3490706	0.0225141841493
5734.66322986	0.0225140466437
5734.97738913	0.02251395671
5735.29154839	0.0225139196155
5735.60570766	0.0225138755415
5735.91986692	0.022513776885
5736.23402619	0.0225137294569
5736.54818546	0.0225137291636
5736.86234472	0.0225136450198
5737.17650399	0.0225135223901
5737.49066325	0.0225134494361
5737.80482252	0.0225132737218
5738.11898178	0.0225129971829
5738.43314105	0.0225128054632
5738.74730031	0.0225126557198
5739.06145958	0.0225124075685
5739.37561884	0.022512171688
5739.68977811	0.0225121416622
5740.00393737	0.0225121858247
5740.31809664	0.0225120985573
5740.6322559	0.022511994124
5740.94641517	0.0225120074041
5741.26057444	0.0225120411938
5741.5747337	0.0225120578375
5741.88889297	0.022512088131
5742.20305223	0.0225121131085
5742.5172115	0.0225121323612
5742.83137076	0.022512177413
5743.14553003	0.0225121773074
5743.45968929	0.0225120420359
5743.77384856	0.0225118975881
5744.08800782	0.0225118930306
5744.40216709	0.0225118688753
5744.71632635	0.022511746419
5745.03048562	0.0225115157473
5745.34464489	0.0225115288712
5745.65880415	0.0225115872994
5745.97296342	0.0225113414636
5746.28712268	0.0225111992083
5746.60128195	0.0225113296117
5746.91544121	0.0225114947773
5747.22960048	0.0225115527474
5747.54375974	0.0225116325596
5747.85791901	0.0225117647345
5748.17207827	0.0225118825885
5748.48623754	0.0225120036407
5748.8003968	0.0225120674047
5749.11455607	0.0225119999036
5749.42871533	0.0225119030901
5749.7428746	0.022511861449
5750.05703387	0.0225117600632
5750.37119313	0.0225116199647
5750.6853524	0.0225115633092
5750.99951166	0.0225115596677
5751.31367093	0.0225115064476
5751.62783019	0.0225114204016
5751.94198946	0.0225112621014
5752.25614872	0.0225110713173
5752.57030799	0.0225109879083
5752.88446725	0.0225108272941
5753.19862652	0.0225106222692
5753.51278578	0.0225105865312
5753.82694505	0.0225106334076
5754.14110432	0.0225105380825
5754.45526358	0.022510392994
5754.76942285	0.0225103249009
5755.08358211	0.022510255452
5755.39774138	0.0225101655655
5755.71190064	0.0225101335922
5756.02605991	0.0225101190351
5756.34021917	0.0225100340179
5756.65437844	0.0225099507408
5756.9685377	0.0225099698583
5757.28269697	0.0225099720762
5757.59685623	0.0225098017624
5757.9110155	0.0225097450889
5758.22517476	0.0225097211783
5758.53933403	0.022509522061
5758.8534933	0.0225092910011
5759.16765256	0.0225091989115
5759.48181183	0.0225090822249
5759.79597109	0.0225088869438
5760.11013036	0.0225087631322
5760.42428962	0.0225087198815
5760.73844889	0.0225087267077
5761.05260815	0.0225087746715
5761.36676742	0.0225088451135
5761.68092668	0.0225089270889
5761.99508595	0.0225090468017
5762.30924521	0.0225091700137
5762.62340448	0.0225092179594
5762.93756375	0.0225092878048
5763.25172301	0.022509399666
5763.56588228	0.0225093598301
5763.88004154	0.022509163663
5764.19420081	0.0225090762718
5764.50836007	0.0225091085763
5764.82251934	0.0225090549504
5765.1366786	0.0225090057075
5765.45083787	0.0225090113816
5765.76499713	0.0225090079632
5766.0791564	0.0225090025908
5766.39331566	0.0225090088896
5766.70747493	0.0225089688759
5767.0216342	0.0225089471034
5767.33579346	0.0225089540003
5767.64995273	0.0225090007528
5767.96411199	0.0225090714801
5768.27827126	0.0225091196994
5768.59243052	0.0225090722408
5768.90658979	0.0225089343628
5769.22074905	0.0225088405372
5769.53490832	0.0225087057711
5769.84906758	0.0225085154497
5770.16322685	0.0225083921632
5770.47738611	0.0225083046458
5770.79154538	0.0225082189357
5771.10570464	0.0225081444047
5771.41986391	0.0225080281962
5771.73402318	0.0225079086517
5772.04818244	0.0225079009086
5772.36234171	0.0225078551068
5772.67650097	0.0225076549299
5772.99066024	0.0225073798268
5773.3048195	0.0225071717068
5773.61897877	0.0225070385784
5773.93313803	0.0225068425508
5774.2472973	0.0225066207413
5774.56145656	0.0225064423409
5774.87561583	0.0225063289269
5775.18977509	0.0225062453973
5775.50393436	0.0225061949773
5775.81809363	0.0225061245857
5776.13225289	0.022506037362
5776.44641216	0.022506047483
5776.76057142	0.0225061443295
5777.07473069	0.0225062031055
5777.38888995	0.0225062628073
5777.70304922	0.022506405558
5778.01720848	0.0225065023454
5778.33136775	0.0225063681675
5778.64552701	0.022506232276
5778.95968628	0.0225061826359
5779.27384554	0.0225061058945
5779.58800481	0.022505987177
5779.90216407	0.022505969877
5780.21632334	0.0225059678446
5780.53048261	0.0225059709532
5780.84464187	0.022505986406
5781.15880114	0.0225060091972
5781.4729604	0.0225060241459
5781.78711967	0.0225060089544
5782.10127893	0.0225061567203
5782.4154382	0.0225063873053
5782.72959746	0.0225064981336
5783.04375673	0.0225064840351
5783.35791599	0.0225065300677
5783.67207526	0.02250655626
5783.98623452	0.0225064914689
5784.30039379	0.0225064678549
5784.61455306	0.0225064812536
5784.92871232	0.0225064923171
5785.24287159	0.0225065237464
5785.55703085	0.0225065507056
5785.87119012	0.0225065085959
5786.18534938	0.0225064843916
5786.49950865	0.0225064341138
5786.81366791	0.0225063293895
5787.12782718	0.0225061599735
5787.44198644	0.0225059417349
5787.75614571	0.0225057435931
5788.07030497	0.0225055890489
5788.38446424	0.0225053352964
5788.6986235	0.0225050683726
5789.01278277	0.0225049669209
5789.32694204	0.0225049768506
5789.6411013	0.0225048781747
5789.95526057	0.0225046946783
5790.26941983	0.0225045964104
5790.5835791	0.0225045436802
5790.89773836	0.022504448096
5791.21189763	0.022504363514
5791.52605689	0.0225043345241
5791.84021616	0.022504269364
5792.15437542	0.0225041715717
5792.46853469	0.0225041779869
5792.78269395	0.0225040975348
5793.09685322	0.022503863496
5793.41101249	0.0225037327126
5793.72517175	0.0225037060254
5794.03933102	0.022503614532
5794.35349028	0.0225033622985
5794.66764955	0.0225032447088
5794.98180881	0.0225032872749
5795.29596808	0.0225031348134
5795.61012734	0.0225029542521
5795.92428661	0.0225030023392
5796.23844587	0.0225031610621
5796.55260514	0.0225032540145
5796.8667644	0.022503366301
5797.18092367	0.0225035356313
5797.49508293	0.0225037175051
5797.8092422	0.0225038600648
5798.12340147	0.0225039099484
5798.43756073	0.0225039273488
5798.75172	0.0225038810368
5799.06587926	0.0225037543246
5799.38003853	0.0225036480308
5799.69419779	0.0225035785008
5800.00835706	0.022503550943
5800.32251632	0.0225035621689
5800.63667559	0.0225035768721
5800.95083485	0.0225035248058
5801.26499412	0.0225034067124
5801.57915338	0.0225032948867
5801.89331265	0.0225032130853
5802.20747192	0.0225030331096
5802.52163118	0.0225028939219
5802.83579045	0.0225028867093
5803.14994971	0.0225028881127
5803.46410898	0.0225027635668
5803.77826824	0.0225026313302
5804.09242751	0.02250256041
5804.40658677	0.0225024242781
5804.72074604	0.0225022752455
5805.0349053	0.0225021692272
5805.34906457	0.0225020781292
5805.66322383	0.0225020067616
5805.9773831	0.0225018932165
5806.29154236	0.022501789764
5806.60570163	0.0225017574392
5806.9198609	0.0225017001419
5807.23402016	0.0225016205602
5807.54817943	0.0225014827506
5807.86233869	0.0225013281552
5808.17649796	0.0225011223401
5808.49065722	0.0225008889986
5808.80481649	0.0225007566402
5809.11897575	0.0225006339049
5809.43313502	0.0225004810617
5809.74729428	0.0225003541601
5810.06145355	0.0225003220144
5810.37561281	0.0225003865435
5810.68977208	0.0225004533277
5811.00393135	0.0225004993084
5811.31809061	0.0225006007133
5811.63224988	0.0225007525924
5811.94640914	0.0225008503962
5812.26056841	0.0225008913292
5812.57472767	0.0225010182591
5812.88888694	0.0225011351755
5813.2030462	0.022501036321
5813.51720547	0.0225009130755
5813.83136473	0.0225009636672
5814.145524	0.0225009051497
5814.45968326	0.0225008086994
5814.77384253	0.0225008516778
5815.08800179	0.0225009141002
5815.40216106	0.0225009103538
5815.71632033	0.0225009151751
5816.03047959	0.0225009605248
5816.34463886	0.022500957503
5816.65879812	0.0225009499192
5816.97295739	0.0225010002352
5817.28711665	0.0225010936585
5817.60127592	0.0225011728225
5817.91543518	0.0225011480975
5818.22959445	0.0225010604276
5818.54375371	0.0225009630681
5818.85791298	0.0225008217766
5819.17207224	0.0225006612142
5819.48623151	0.0225005623326
5819.80039078	0.0225004799467
5820.11455004	0.0225003576169
5820.42870931	0.0225002518092
5820.74286857	0.0225002377976
5821.05702784	0.0225002063867
5821.3711871	0.0225000877928
5821.68534637	0.0224999876688
5821.99950563	0.0224998692413
5822.3136649	0.0224996033741
5822.62782416	0.0224993226058
5822.94198343	0.0224991507669
5823.25614269	0.02249892907
5823.57030196	0.0224987018404
5823.88446122	0.0224985532764
5824.19862049	0.0224984154836
5824.51277976	0.0224983230733
5824.82693902	0.0224982703912
5825.14109829	0.0224982074028
5825.45525755	0.0224981718796
5825.76941682	0.0224981126599
5826.08357608	0.0224980524226
5826.39773535	0.0224980821966
5826.71189461	0.0224981178918
5827.02605388	0.0224981247085
5827.34021314	0.0224982043314
5827.65437241	0.0224982548213
5827.96853167	0.0224981487487
5828.28269094	0.0224979743385
5828.59685021	0.0224979015397
5828.91100947	0.0224978127373
5829.22516874	0.0224977015869
5829.539328	0.0224976807664
5829.85348727	0.0224976990053
5830.16764653	0.0224977430977
5830.4818058	0.022497752844
5830.79596506	0.022497794983
5831.11012433	0.0224978969648
5831.42428359	0.0224979665374
5831.73844286	0.0224981129158
5832.05260212	0.0224983407259
5832.36676139	0.0224984516964
5832.68092066	0.022498505114
5832.99507992	0.0224985924111
5833.30923919	0.0224985842255
5833.62339845	0.0224985551531
5833.93755772	0.0224985817495
5834.25171698	0.0224986488313
5834.56587625	0.0224987040532
5834.88003551	0.022498748981
5835.19419478	0.0224988064366
5835.50835404	0.0224988450279
5835.82251331	0.0224988585273
5836.13667257	0.0224987538635
5836.45083184	0.0224986751919
5836.7649911	0.0224985743934
5837.07915037	0.0224984099378
5837.39330964	0.0224982588047
5837.7074689	0.0224981190353
5838.02162817	0.0224979116032
5838.33578743	0.0224976897555
5838.6499467	0.022497619458
5838.96410596	0.0224975939605
5839.27826523	0.0224974584302
5839.59242449	0.0224973267482
5839.90658376	0.0224972448783
5840.22074302	0.0224971419276
5840.53490229	0.0224970028974
5840.84906155	0.0224968816339
5841.16322082	0.022496797431
5841.47738009	0.0224966429689
5841.79153935	0.0224964633175
5842.10569862	0.022496446866
5842.41985788	0.0224963655881
5842.73401715	0.0224961121802
5843.04817641	0.0224959486343
5843.36233568	0.0224959193084
5843.67649494	0.0224957166243
5843.99065421	0.022495393735
5844.30481347	0.0224952572313
5844.61897274	0.0224951602606
5844.933132	0.0224949863775
5845.24729127	0.0224948314652
5845.56145053	0.0224948016867
5845.8756098	0.0224948743701
5846.18976907	0.0224949494349
5846.50392833	0.0224950470915
5846.8180876	0.0224951831103
5847.13224686	0.022495336056
5847.44640613	0.0224954513103
5847.76056539	0.022495449363
5848.07472466	0.0224954009452
5848.38888392	0.0224953625064
5848.70304319	0.0224953037356
5849.01720245	0.0224952064584
5849.33136172	0.0224951687147
5849.64552098	0.0224951989047
5849.95968025	0.0224952584489
5850.27383952	0.0224952873893
5850.58799878	0.0224952665007
5850.90215805	0.0224952142863
5851.21631731	0.0224951674299
5851.53047658	0.0224950755521
5851.84463584	0.0224949805973
5852.15879511	0.0224948936184
5852.47295437	0.0224948245843
5852.78711364	0.0224947671613
5853.1012729	0.0224946766277
5853.41543217	0.0224945938727
5853.72959143	0.0224945268135
5854.0437507	0.0224944523025
5854.35790996	0.0224943859371
5854.67206923	0.0224943680139
5854.9862285	0.0224943276431
5855.30038776	0.0224942306171
5855.61454703	0.0224941759683
5855.92870629	0.0224941807771
5856.24286556	0.0224941427287
5856.55702482	0.0224939919115
5856.87118409	0.0224938770387
5857.18534335	0.0224938011995
5857.49950262	0.0224936049744
5857.81366188	0.0224933447863
5858.12782115	0.0224931412851
5858.44198041	0.0224929817339
5858.75613968	0.022492793404
5859.07029895	0.0224926225742
5859.38445821	0.0224925121144
5859.69861748	0.0224924514188
5860.01277674	0.0224924190883
5860.32693601	0.0224924313318
5860.64109527	0.0224924928229
5860.95525454	0.0224925875844
5861.2694138	0.0224926836358
5861.58357307	0.0224927447399
5861.89773233	0.0224927935071
5862.2118916	0.0224928667031
5862.52605086	0.0224929120917
5862.84021013	0.0224928316296
5863.15436939	0.0224927200181
5863.46852866	0.0224927606409
5863.78268793	0.0224927682312
5864.09684719	0.0224927130517
5864.41100646	0.0224927727828
5864.72516572	0.0224928750352
5865.03932499	0.0224929096009
5865.35348425	0.0224929049554
5865.66764352	0.0224929060375
5865.98180278	0.0224928979395
5866.29596205	0.0224929239093
5866.61012131	0.0224929312418
5866.92428058	0.022492940258
5867.23843984	0.0224929880702
5867.55259911	0.0224929976509
5867.86675838	0.0224929769123
5868.18091764	0.0224929583646
5868.49507691	0.0224929339823
5868.80923617	0.0224929075974
5869.12339544	0.0224928701383
5869.4375547	0.0224928297497
5869.75171397	0.0224927893105
5870.06587323	0.0224927243044
5870.3800325	0.0224926571286
5870.69419176	0.0224926146939
5871.00835103	0.0224925153206
5871.32251029	0.022492365968
5871.63666956	0.0224922360651
5871.95082882	0.0224920629249
5872.26498809	0.0224918228386
5872.57914736	0.0224916024922
5872.89330662	0.022491425002
5873.20746589	0.0224912564117
5873.52162515	0.0224910865083
5873.83578442	0.0224909167334
5874.14994368	0.0224907703308
5874.46410295	0.0224906879219
5874.77826221	0.0224906587106
5875.09242148	0.0224905983363
5875.40658074	0.0224905164996
5875.72074001	0.0224904754378
5876.03489927	0.0224904847728
5876.34905854	0.0224904881242
5876.66321781	0.0224904540609
5876.97737707	0.0224904665356
5877.29153634	0.022490478843
5877.6056956	0.0224902670565
5877.91985487	0.022490048018
5878.23401413	0.0224899429002
5878.5481734	0.0224898215678
5878.86233266	0.0224897135511
5879.17649193	0.0224896716191
5879.49065119	0.0224896535653
5879.80481046	0.0224896959589
5880.11896972	0.0224896646036
5880.43312899	0.0224896874245
5880.74728825	0.0224897474539
5881.06144752	0.0224896792361
5881.37560679	0.0224897512268
5881.68976605	0.0224899590783
5882.00392532	0.0224900795624
5882.31808458	0.0224901045612
5882.63224385	0.0224901283565
5882.94640311	0.0224901641564
5883.26056238	0.0224901644567
5883.57472164	0.0224902022782
5883.88888091	0.0224902887227
5884.20304017	0.0224903839416
5884.51719944	0.0224904616593
5884.8313587	0.0224904716204
5885.14551797	0.022490475157
5885.45967724	0.0224906159352
5885.7738365	0.022490636178
5886.08799577	0.0224905488405
5886.40215503	0.0224905258524
5886.7163143	0.0224905239308
5887.03047356	0.0224903988851
5887.34463283	0.0224902334345
5887.65879209	0.0224900808604
5887.97295136	0.0224899137607
5888.28711062	0.022489760395
5888.60126989	0.0224896548046
5888.91542915	0.0224895660445
5889.22958842	0.0224894361937
5889.54374768	0.0224893259983
5889.85790695	0.0224892671502
5890.17206622	0.0224892419637
5890.48622548	0.0224891583776
5890.80038475	0.022489083178
5891.11454401	0.0224891439732
5891.42870328	0.0224891304395
5891.74286254	0.0224888681807
5892.05702181	0.0224885584121
5892.37118107	0.0224884228011
5892.68534034	0.0224883536844
5892.9994996	0.0224881441785
5893.31365887	0.0224878898851
5893.62781813	0.0224876924943
5893.9419774	0.0224876132742
5894.25613667	0.0224874929964
5894.57029593	0.0224872887932
5894.8844552	0.022487147904
5895.19861446	0.0224870759006
5895.51277373	0.0224870802149
5895.82693299	0.0224871366576
5896.14109226	0.022487214402
5896.45525152	0.0224873008579
5896.76941079	0.0224873656856
5897.08357005	0.0224873742756
5897.39772932	0.0224872855333
5897.71188858	0.0224871388427
5898.02604785	0.0224870737357
5898.34020712	0.0224870523133
5898.65436638	0.0224869872967
5898.96852565	0.0224868994962
5899.28268491	0.0224869285497
5899.59684418	0.0224870881758
5899.91100344	0.0224871883139
5900.22516271	0.0224871786492
5900.53932197	0.0224871498544
5900.85348124	0.0224870885717
5901.1676405	0.0224869614531
5901.48179977	0.0224868669743
5901.79595903	0.0224867853696
5902.1101183	0.022486711183
5902.42427756	0.0224866163723
5902.73843683	0.0224865486345
5903.0525961	0.0224865620149
5903.36675536	0.0224866186955
5903.68091463	0.0224866527843
5903.99507389	0.0224866686045
5904.30923316	0.0224867110818
5904.62339242	0.0224867544359
5904.93755169	0.0224868016444
5905.25171095	0.0224868295238
5905.56587022	0.0224868678856
5905.88002948	0.0224869158266
5906.19418875	0.0224868455861
5906.50834801	0.0224867183595
5906.82250728	0.0224865940774
5907.13666655	0.0224864413182
5907.45082581	0.0224862557434
5907.76498508	0.0224860159014
5908.07914434	0.0224858132855
5908.39330361	0.0224856870531
5908.70746287	0.0224855879884
5909.02162214	0.0224854588034
5909.3357814	0.0224853162008
5909.64994067	0.0224852213597
5909.96409993	0.0224851866848
5910.2782592	0.0224852322342
5910.59241846	0.0224852909226
5910.90657773	0.0224853353553
5911.22073699	0.0224853462349
5911.53489626	0.0224853301527
5911.84905553	0.022485308364
5912.16321479	0.0224852138563
5912.47737406	0.0224850666124
5912.79153332	0.0224849835464
5913.10569259	0.0224848946008
5913.41985185	0.0224848068356
5913.73401112	0.0224847349683
5914.04817038	0.0224847027321
5914.36232965	0.0224847199454
5914.67648891	0.0224847187378
5914.99064818	0.02248466491
5915.30480744	0.0224845834043
5915.61896671	0.0224845168659
5915.93312598	0.0224844785171
5916.24728524	0.022484386534
5916.56144451	0.0224842768186
5916.87560377	0.0224842404427
5917.18976304	0.0224842541327
5917.5039223	0.022484243455
5917.81808157	0.0224842199695
5918.13224083	0.0224841929984
5918.4464001	0.0224841843799
5918.76055936	0.0224841872321
5919.07471863	0.0224841893238
5919.38887789	0.0224842200888
5919.70303716	0.022484248744
5920.01719642	0.0224842242632
5920.33135569	0.0224842280655
5920.64551496	0.0224842769329
5920.95967422	0.0224842274895
5921.27383349	0.0224841186522
5921.58799275	0.0224839949041
5921.90215202	0.0224839304308
5922.21631128	0.0224837804563
5922.53047055	0.0224835321681
5922.84462981	0.022483381802
5923.15878908	0.0224833326736
5923.47294834	0.0224831582509
5923.78710761	0.0224828931928
5924.10126687	0.0224827833802
5924.41542614	0.0224828387995
5924.72958541	0.0224828513383
5925.04374467	0.0224828320578
5925.35790394	0.0224828392421
5925.6720632	0.022482884141
5925.98622247	0.0224829443072
5926.30038173	0.0224829761715
5926.614541	0.0224830070345
5926.92870026	0.0224829456934
5927.24285953	0.0224827654578
5927.55701879	0.0224825610914
5927.87117806	0.0224823977841
5928.18533732	0.0224822815026
5928.49949659	0.0224822046712
5928.81365585	0.0224821314549
5929.12781512	0.022482089667
5929.44197439	0.0224820822716
5929.75613365	0.0224820058799
5930.07029292	0.0224818728366
5930.38445218	0.0224818911491
5930.69861145	0.0224818308285
5931.01277071	0.0224816858427
5931.32692998	0.0224817230497
5931.64108924	0.0224818517769
5931.95524851	0.0224818729253
5932.26940777	0.0224818370209
5932.58356704	0.0224818316294
5932.8977263	0.0224818358824
5933.21188557	0.0224818847596
5933.52604484	0.0224820051362
5933.8402041	0.0224820929548
5934.15436337	0.0224821074344
5934.46852263	0.0224821816687
5934.7826819	0.0224822943288
5935.09684116	0.0224823547716
5935.41100043	0.0224823581017
5935.72515969	0.0224823320593
5936.03931896	0.0224823005452
5936.35347822	0.0224822250567
5936.66763749	0.0224820560979
5936.98179675	0.0224818922012
5937.29595602	0.0224818025481
5937.61011528	0.0224816641971
5937.92427455	0.022481420261
5938.23843382	0.0224812643176
5938.55259308	0.0224812732931
5938.86675235	0.0224812759902
5939.18091161	0.0224812235913
5939.49507088	0.0224812254034
5939.80923014	0.0224812989708
5940.12338941	0.0224813432339
5940.43754867	0.0224813610949
5940.75170794	0.0224814108034
5941.0658672	0.0224813126319
5941.38002647	0.0224809861407
5941.69418573	0.0224807469348
5942.008345	0.022480699259
5942.32250427	0.0224805421653
5942.63666353	0.0224803506402
5942.9508228	0.0224802985116
5943.26498206	0.0224801794845
5943.57914133	0.0224800287114
5943.89330059	0.0224799732519
5944.20745986	0.0224797842046
5944.52161912	0.0224796645944
5944.83577839	0.0224795827494
5945.14993765	0.0224794794884
5945.46409692	0.0224794890954
5945.77825618	0.0224795965539
5946.09241545	0.0224796194348
5946.40657472	0.0224795477405
5946.72073398	0.0224794717369
5947.03489325	0.0224793868236
5947.34905251	0.0224792706431
5947.66321178	0.0224791712751
5947.97737104	0.0224791463983
5948.29153031	0.0224791471228
5948.60568957	0.0224791092416
5948.91984884	0.0224790515099
5949.2340081	0.0224791398598
5949.54816737	0.0224793333772
5949.86232663	0.0224793641247
5950.1764859	0.022479226401
5950.49064516	0.0224790686354
5950.80480443	0.0224790324282
5951.1189637	0.0224789861436
5951.43312296	0.0224788561486
5951.74728223	0.0224787728898
5952.06144149	0.0224786551639
5952.37560076	0.0224785961844
5952.68976002	0.0224786720914
5953.00391929	0.02247877972
5953.31807855	0.022478824905
5953.63223782	0.0224788736928
5953.94639708	0.0224790085163
5954.26055635	0.0224791418457
5954.57471561	0.0224791999931
5954.88887488	0.0224792719958
5955.20303415	0.022479420085
5955.51719341	0.0224794875164
5955.83135268	0.0224793696915
5956.14551194	0.0224792936923
5956.45967121	0.0224792855053
5956.77383047	0.0224790965125
5957.08798974	0.0224788831879
5957.402149	0.0224787650997
5957.71630827	0.022478716803
5958.03046753	0.0224786188183
5958.3446268	0.0224784981575
5958.65878606	0.0224784060051
5958.97294533	0.0224783572413
5959.28710459	0.0224781091232
5959.60126386	0.0224780106526
5959.91542313	0.022478154547
5960.22958239	0.0224782265269
5960.54374166	0.0224781376338
5960.85790092	0.0224780570123
5961.17206019	0.0224780786449
5961.48621945	0.0224780432452
5961.80037872	0.0224778778637
5962.11453798	0.0224777454178
5962.42869725	0.0224777276635
5962.74285651	0.0224776415203
5963.05701578	0.0224774742666
5963.37117504	0.0224773705257
5963.68533431	0.022477397707
5963.99949358	0.0224774195978
5964.31365284	0.0224773189694
5964.62781211	0.0224771878665
5964.94197137	0.0224770603407
5965.25613064	0.0224769456009
5965.5702899	0.0224767933088
5965.88444917	0.0224765831801
5966.19860843	0.0224764451672
5966.5127677	0.0224764199154
5966.82692696	0.0224763585763
5967.14108623	0.0224762997252
5967.45524549	0.0224762552491
5967.76940476	0.0224762021239
5968.08356402	0.0224761671256
5968.39772329	0.0224761763207
5968.71188256	0.0224762379486
5969.02604182	0.022476295136
5969.34020109	0.0224763047973
5969.65436035	0.0224763077408
5969.96851962	0.0224764036225
5970.28267888	0.022476490071
5970.59683815	0.0224763894611
5970.91099741	0.0224762641653
5971.22515668	0.0224763074205
5971.53931594	0.0224762370481
5971.85347521	0.0224759759339
5972.16763447	0.0224757937863
5972.48179374	0.0224758515008
5972.79595301	0.022475753295
5973.11011227	0.0224754412868
5973.42427154	0.0224752712774
5973.7384308	0.0224753644433
5974.05259007	0.0224754631259
5974.36674933	0.0224754308144
5974.6809086	0.0224754795963
5974.99506786	0.0224756204279
5975.30922713	0.022475749908
5975.62338639	0.0224758307879
5975.93754566	0.0224758641398
5976.25170492	0.0224758853885
5976.56586419	0.0224757768054
5976.88002345	0.022475561971
5977.19418272	0.0224754031937
5977.50834199	0.0224752461437
5977.82250125	0.022475141347
5978.13666052	0.0224750794506
5978.45081978	0.0224749767456
5978.76497905	0.0224749303959
5979.07913831	0.0224748093105
5979.39329758	0.0224746005332
5979.70745684	0.0224745895567
5980.02161611	0.0224744623672
5980.33577537	0.0224742446182
5980.64993464	0.0224742966135
5980.9640939	0.0224744303639
5981.27825317	0.0224743611097
5981.59241244	0.0224742390122
5981.9065717	0.0224742175446
5982.22073097	0.0224741416643
5982.53489023	0.0224740843377
5982.8490495	0.022474115387
5983.16320876	0.0224741354347
5983.47736803	0.0224741359031
5983.79152729	0.0224740919144
5984.10568656	0.0224740722053
5984.41984582	0.0224740958926
5984.73400509	0.0224740861864
5985.04816435	0.0224741075949
5985.36232362	0.0224740324256
5985.67648288	0.0224738805864
5985.99064215	0.0224737904829
5986.30480142	0.0224736690885
5986.61896068	0.0224735226757
5986.93311995	0.0224733957692
5987.24727921	0.0224732432762
5987.56143848	0.022473094616
5987.87559774	0.0224730579465
5988.18975701	0.0224731255907
5988.50391627	0.0224731401989
5988.81807554	0.0224731440698
5989.1322348	0.022473255124
5989.44639407	0.0224733670495
5989.76055333	0.0224734403934
5990.0747126	0.0224735411594
5990.38887187	0.0224735541104
5990.70303113	0.0224733526981
5991.0171904	0.0224731399002
5991.33134966	0.0224730748647
5991.64550893	0.0224730280983
5991.95966819	0.0224728835493
5992.27382746	0.0224727988144
5992.58798672	0.022472800272
5992.90214599	0.0224727520448
5993.21630525	0.0224726646564
5993.53046452	0.0224726503751
5993.84462378	0.0224725987509
5994.15878305	0.0224725125976
5994.47294231	0.0224725154105
5994.78710158	0.0224726070189
5995.10126085	0.0224727074674
5995.41542011	0.022472722376
5995.72957938	0.0224725882958
5996.04373864	0.0224723960992
5996.35789791	0.0224722826833
5996.67205717	0.022472063791
5996.98621644	0.0224718438231
5997.3003757	0.0224717632027
5997.61453497	0.0224717204605
5997.92869423	0.0224716424437
5998.2428535	0.0224716109182
5998.55701276	0.0224716029729
5998.87117203	0.0224716097538
5999.1853313	0.0224716570429
5999.49949056	0.0224715921898
5999.81364983	0.0224714370083
6000.12780909	0.0224712284975
6000.44196836	0.0224711571635
6000.75612762	0.0224710471535
6001.07028689	0.0224708568195
6001.38444615	0.0224706885752
6001.69860542	0.0224705707252
6002.01276468	0.0224705431906
6002.32692395	0.0224705836883
6002.64108321	0.0224706054068
6002.95524248	0.0224705938058
6003.26940174	0.0224706336298
6003.58356101	0.022470764969
6003.89772028	0.0224708530238
6004.21187954	0.0224708842399
6004.52603881	0.0224710226013
6004.84019807	0.0224712064872
6005.15435734	0.0224712507308
6005.4685166	0.0224711438198
6005.78267587	0.0224710860344
6006.09683513	0.0224710145247
6006.4109944	0.0224708680069
6006.72515366	0.022470744773
6007.03931293	0.0224707186717
6007.35347219	0.0224706903346
6007.66763146	0.0224706670321
6007.98179073	0.0224706681919
6008.29594999	0.0224706618001
6008.61010926	0.022470624022
6008.92426852	0.02247063033
6009.23842779	0.0224707097974
6009.55258705	0.0224708076056
6009.86674632	0.0224708779742
6010.18090558	0.0224708443537
6010.49506485	0.022470764414
6010.80922411	0.0224707316539
6011.12338338	0.0224706443427
6011.43754264	0.0224705294199
6011.75170191	0.0224704788189
6012.06586118	0.0224704422395
6012.38002044	0.0224704266362
6012.69417971	0.0224703650861
6013.00833897	0.0224702256916
6013.32249824	0.0224701669627
6013.6366575	0.0224701495087
6013.95081677	0.022470049038
6014.26497603	0.0224698379272
6014.5791353	0.022469615847
6014.89329456	0.0224694834822
6015.20745383	0.022469307244
6015.52161309	0.0224690195212
6015.83577236	0.0224688317463
6016.14993162	0.0224688601685
6016.46409089	0.0224688569535
6016.77825016	0.0224687216344
6017.09240942	0.0224686179443
6017.40656869	0.022468580235
6017.72072795	0.0224685333124
6018.03488722	0.0224684914155
6018.34904648	0.0224684998537
6018.66320575	0.0224685238188
6018.97736501	0.0224685134942
6019.29152428	0.0224685563656
6019.60568354	0.0224685738095
6019.91984281	0.0224684598751
6020.23400207	0.0224683008953
6020.54816134	0.0224682522223
6020.86232061	0.0224682344511
6021.17647987	0.0224681226617
6021.49063914	0.0224679161917
6021.8047984	0.0224678967577
6022.11895767	0.0224679352831
6022.43311693	0.022467754734
6022.7472762	0.0224676739205
6023.06143546	0.0224678005317
6023.37559473	0.0224679424919
6023.68975399	0.0224680216992
6024.00391326	0.0224680913086
6024.31807252	0.0224682198943
6024.63223179	0.0224683457381
6024.94639105	0.0224684820165
6025.26055032	0.0224685935591
6025.57470959	0.0224685617263
6025.88886885	0.0224685260841
6026.20302812	0.0224684615197
6026.51718738	0.0224683110565
6026.83134665	0.0224682071412
6027.14550591	0.0224681209902
6027.45966518	0.0224680628299
6027.77382444	0.0224679952818
6028.08798371	0.0224679299996
6028.40214297	0.022467737106
6028.71630224	0.0224675671972
6029.0304615	0.0224675685478
6029.34462077	0.0224672891602
6029.65878004	0.0224671095965
6029.9729393	0.0224672451361
6030.28709857	0.0224673523999
6030.60125783	0.0224672506774
6030.9154171	0.0224670653533
6031.22957636	0.0224670198231
6031.54373563	0.0224669810957
6031.85789489	0.0224667964119
6032.17205416	0.0224666641716
6032.48621342	0.022466634033
6032.80037269	0.0224665867125
6033.11453195	0.0224664873509
6033.42869122	0.022466448007
6033.74285048	0.0224664149891
6034.05700975	0.0224662730568
6034.37116902	0.0224662052004
6034.68532828	0.0224661938696
6034.99948755	0.0224659934923
6035.31364681	0.0224657539062
6035.62780608	0.0224656640096
6035.94196534	0.0224655813278
6036.25612461	0.0224653569511
6036.57028387	0.02246523112
6036.88444314	0.0224652314328
6037.1986024	0.0224652397528
6037.51276167	0.0224652407114
6037.82692093	0.0224652763208
6038.1410802	0.0224653466661
6038.45523947	0.0224654316063
6038.76939873	0.0224655198512
6039.083558	0.0224655957454
6039.39771726	0.0224657098495
6039.71187653	0.0224658460784
6040.02603579	0.0224658444779
6040.34019506	0.0224656363354
6040.65435432	0.0224655286324
6040.96851359	0.0224655668035
6041.28267285	0.0224654923274
6041.59683212	0.0224654260755
6041.91099138	0.0224654358069
6042.22515065	0.0224654593101
6042.53930991	0.0224654299739
6042.85346918	0.0224654516256
6043.16762845	0.0224654700955
6043.48178771	0.0224653742867
6043.79594698	0.0224653893244
6044.11010624	0.0224655551577
6044.42426551	0.0224657055903
6044.73842477	0.0224657555784
6045.05258404	0.0224656988143
6045.3667433	0.0224655879116
6045.68090257	0.0224655013575
6045.99506183	0.0224653076877
6046.3092211	0.0224650788401
6046.62338036	0.022464977174
6046.93753963	0.0224649006178
6047.2516989	0.0224647581917
6047.56585816	0.0224646664389
6047.88001743	0.0224646684189
6048.19417669	0.022464590916
6048.50833596	0.0224645111607
6048.82249522	0.0224644595581
6049.13665449	0.0224643292597
6049.45081375	0.0224640121636
6049.76497302	0.0224638321029
6050.07913228	0.0224636793409
6050.39329155	0.0224634122201
6050.70745081	0.0224632141058
6051.02161008	0.0224631270816
6051.33576934	0.0224630570713
6051.64992861	0.0224629240811
6051.96408788	0.0224628244247
6052.27824714	0.0224627947899
6052.59240641	0.0224627156736
6052.90656567	0.0224626471345
6053.22072494	0.0224626944426
6053.5348842	0.022462769787
6053.84904347	0.0224628309442
6054.16320273	0.0224629516843
6054.477362	0.0224630825784
6054.79152126	0.0224630649222
6055.10568053	0.0224629318824
6055.41983979	0.0224628549173
6055.73399906	0.0224627749465
6056.04815833	0.0224626236073
6056.36231759	0.0224625401729
6056.67647686	0.0224625322949
6056.99063612	0.0224625261719
6057.30479539	0.0224625385443
6057.61895465	0.0224625589265
6057.93311392	0.0224625896049
6058.24727318	0.0224626964912
6058.56143245	0.0224628829225
6058.87559171	0.0224630466848
6059.18975098	0.0224632135986
6059.50391024	0.0224633033449
6059.81806951	0.022463325128
6060.13222877	0.0224634058862
6060.44638804	0.0224633909946
6060.76054731	0.0224633104902
6061.07470657	0.0224632856986
6061.38886584	0.0224633177546
6061.7030251	0.0224633461453
6062.01718437	0.0224633254348
6062.33134363	0.0224632900989
6062.6455029	0.0224632637228
6062.95966216	0.0224632331801
6063.27382143	0.0224631557158
6063.58798069	0.0224630160146
6063.90213996	0.022462870484
6064.21629922	0.0224626906291
6064.53045849	0.0224624973749
6064.84461776	0.0224622512331
6065.15877702	0.0224620543681
6065.47293629	0.0224619656316
6065.78709555	0.0224618728377
6066.10125482	0.0224617800856
6066.41541408	0.0224616696058
6066.72957335	0.0224615293084
6067.04373261	0.0224614354214
6067.35789188	0.0224613452477
6067.67205114	0.0224612307409
6067.98621041	0.0224611331272
6068.30036967	0.0224610638258
6068.61452894	0.0224609827118
6068.92868821	0.0224609026676
6069.24284747	0.0224608491676
6069.55700674	0.0224606545762
6069.871166	0.022460441558
6070.18532527	0.0224603962362
6070.49948453	0.0224603242722
6070.8136438	0.0224601116872
6071.12780306	0.0224600096667
6071.44196233	0.0224600304957
6071.75612159	0.0224598731307
6072.07028086	0.0224597581271
6072.38444012	0.0224598468053
6072.69859939	0.0224600056704
6073.01275865	0.0224601019751
6073.32691792	0.0224601680641
6073.64107719	0.022460316058
6073.95523645	0.0224604864432
6074.26939572	0.0224606534305
6074.58355498	0.0224607702322
6074.89771425	0.0224607632255
6075.21187351	0.02246076719
6075.52603278	0.0224607366076
6075.84019204	0.0224605925524
6076.15435131	0.022460508048
6076.46851057	0.0224605062219
6076.78266984	0.0224605028259
6077.0968291	0.0224604529047
6077.41098837	0.0224604136934
6077.72514764	0.0224603116385
6078.0393069	0.0224601885822
6078.35346617	0.0224601615741
6078.66762543	0.0224599780705
6078.9817847	0.0224598201567
6079.29594396	0.0224598741721
6079.61010323	0.0224599365873
6079.92426249	0.0224598432229
6080.23842176	0.0224596541081
6080.55258102	0.022459537413
6080.86674029	0.0224594394495
6081.18089955	0.02245926855
6081.49505882	0.0224591411137
6081.80921808	0.0224590671469
6082.12337735	0.0224589797501
6082.43753662	0.0224588722942
6082.75169588	0.0224587774808
6083.06585515	0.0224586791576
6083.38001441	0.0224585345422
6083.69417368	0.0224584362504
6084.00833294	0.0224583385832
6084.32249221	0.0224581727761
6084.63665147	0.0224579829641
6084.95081074	0.0224577692323
6085.26497	0.0224576563371
6085.57912927	0.0224575075692
6085.89328853	0.0224573363151
6086.2074478	0.0224572546604
6086.52160707	0.0224572627664
6086.83576633	0.0224573156546
6087.1499256	0.0224573715091
6087.46408486	0.0224574017449
6087.77824413	0.0224574719859
6088.09240339	0.0224576205656
6088.40656266	0.0224577217934
6088.72072192	0.022457753758
6089.03488119	0.0224578527069
6089.34904045	0.0224580313181
6089.66319972	0.0224580567036
6089.97735898	0.0224578695891
6090.29151825	0.0224578779615
6090.60567751	0.0224579308641
6090.91983678	0.0224578668568
6091.23399605	0.022457823713
6091.54815531	0.0224578124117
6091.86231458	0.0224578498705
6092.17647384	0.0224578924547
6092.49063311	0.0224579181405
6092.80479237	0.0224578900776
6093.11895164	0.022457921334
6093.4331109	0.0224580641131
6093.74727017	0.0224582185372
6094.06142943	0.0224583093363
6094.3755887	0.0224583466185
6094.68974796	0.0224583252066
6095.00390723	0.022458255147
6095.3180665	0.0224581641316
6095.63222576	0.0224580277172
6095.94638503	0.0224579126669
6096.26054429	0.0224578052863
6096.57470356	0.0224576912342
6096.88886282	0.0224576286304
6097.20302209	0.0224575795314
6097.51718135	0.0224574428669
6097.83134062	0.0224573396944
6098.14549988	0.0224572871125
6098.45965915	0.0224571270635
6098.77381841	0.0224568029944
6099.08797768	0.0224565874286
6099.40213694	0.0224564670111
6099.71629621	0.0224561980707
6100.03045548	0.0224559844651
6100.34461474	0.0224558927286
6100.65877401	0.0224558156823
6100.97293327	0.0224557283064
6101.28709254	0.0224556324914
6101.6012518	0.0224555063989
6101.91541107	0.0224554347209
6102.22957033	0.0224553479152
6102.5437296	0.0224552490672
6102.85788886	0.0224552334892
6103.17204813	0.0224552797565
6103.48620739	0.0224553185318
6103.80036666	0.0224553640138
6104.11452593	0.0224554170114
6104.42868519	0.0224553381485
6104.74284446	0.0224552329268
6105.05700372	0.0224551266327
6105.37116299	0.0224550074231
6105.68532225	0.0224548927371
6105.99948152	0.0224548269308
6106.31364078	0.0224547941079
6106.62780005	0.0224548024723
6106.94195931	0.0224548167598
6107.25611858	0.0224548335127
6107.57027784	0.022454917259
6107.88443711	0.0224550762045
6108.19859637	0.0224552756735
6108.51275564	0.0224554536985
6108.82691491	0.0224555823324
6109.14107417	0.0224556648013
6109.45523344	0.0224557833491
6109.7693927	0.0224558425003
6110.08355197	0.0224558016524
6110.39771123	0.0224558023807
6110.7118705	0.0224558555743
6111.02602976	0.0224559053213
6111.34018903	0.0224559325113
6111.65434829	0.0224559757945
6111.96850756	0.022456015744
6112.28266682	0.022455975824
6112.59682609	0.0224559404059
6112.91098536	0.0224559052857
6113.22514462	0.0224557808801
6113.53930389	0.0224556109577
6113.85346315	0.0224555333006
6114.16762242	0.0224553947252
6114.48178168	0.0224551882875
6114.79594095	0.0224551053067
6115.11010021	0.0224550736585
6115.42425948	0.0224549617227
6115.73841874	0.0224547895075
6116.05257801	0.0224546489967
6116.36673727	0.0224545305623
6116.68089654	0.022454386261
6116.9950558	0.0224542548169
6117.30921507	0.0224541649073
6117.62337434	0.0224540824451
6117.9375336	0.0224539740264
6118.25169287	0.0224538475178
6118.56585213	0.0224537512568
6118.8800114	0.0224535935251
6119.19417066	0.0224533384521
6119.50832993	0.022453197169
6119.82248919	0.0224530542599
6120.13664846	0.0224528733867
6120.45080772	0.0224527177008
6120.76496699	0.0224525595524
6121.07912625	0.0224524435859
6121.39328552	0.0224522900247
6121.70744479	0.0224521901023
6122.02160405	0.0224521949013
6122.33576332	0.0224522443827
6122.64992258	0.0224522919369
6122.96408185	0.0224523373957
6123.27824111	0.0224524629611
6123.59240038	0.022452612811
6123.90655964	0.0224526859976
6124.22071891	0.0224527633443
6124.53487817	0.0224527925086
6124.84903744	0.0224527198671
6125.1631967	0.0224525346796
6125.47735597	0.0224524417116
6125.79151524	0.0224524682445
6126.1056745	0.0224524785414
6126.41983377	0.0224524426726
6126.73399303	0.0224524686907
6127.0481523	0.0224524946596
6127.36231156	0.0224523947329
6127.67647083	0.0224523437486
6127.99063009	0.0224523158252
6128.30478936	0.0224522174171
6128.61894862	0.0224521635886
6128.93310789	0.0224521769994
6129.24726715	0.0224521947473
6129.56142642	0.0224521330267
6129.87558568	0.0224520426713
6130.18974495	0.022451953972
6130.50390422	0.0224518405158
6130.81806348	0.0224517678555
6131.13222275	0.0224517451386
6131.44638201	0.0224516932863
6131.76054128	0.0224516304971
6132.07470054	0.0224516287529
6132.38885981	0.0224516097331
6132.70301907	0.0224514928064
6133.01717834	0.0224513508467
6133.3313376	0.0224512525982
6133.64549687	0.0224511467998
6133.95965613	0.0224509969186
6134.2738154	0.0224507775066
6134.58797467	0.022450576473
6134.90213393	0.0224504731663
6135.2162932	0.0224503229621
6135.53045246	0.0224501131068
6135.84461173	0.0224499916377
6136.15877099	0.022449985005
6136.47293026	0.0224500091774
6136.78708952	0.0224499991238
6137.10124879	0.0224500037264
6137.41540805	0.0224500742633
6137.72956732	0.0224501677279
6138.04372658	0.0224502099445
6138.35788585	0.0224502219701
6138.67204511	0.0224503174872
6138.98620438	0.0224504029139
6139.30036365	0.0224502874291
6139.61452291	0.0224501773624
6139.92868218	0.0224502262834
6140.24284144	0.0224502148276
6140.55700071	0.0224501700089
6140.87115997	0.0224501838932
6141.18531924	0.0224501758326
6141.4994785	0.0224501817209
6141.81363777	0.022450192384
6142.12779703	0.0224501880016
6142.4419563	0.0224501828632
6142.75611556	0.0224502089498
6143.07027483	0.0224503049244
6143.3844341	0.0224504309545
6143.69859336	0.0224505328152
6144.01275263	0.022450570167
6144.32691189	0.0224505247018
6144.64107116	0.0224504857595
6144.95523042	0.0224504253436
6145.26938969	0.0224503123728
6145.58354895	0.0224502413312
6145.89770822	0.022450220666
6146.21186748	0.0224501866699
6146.52602675	0.0224501454217
6146.84018601	0.0224501201958
6147.15434528	0.0224500308007
6147.46850454	0.022449971616
6147.78266381	0.022449941434
6148.09682308	0.0224497532458
6148.41098234	0.022449475286
6148.72514161	0.0224492869278
6149.03930087	0.0224491362276
6149.35346014	0.0224489296307
6149.6676194	0.0224487722369
6149.98177867	0.0224485951116
6150.29593793	0.022448439735
6150.6100972	0.0224483732409
6150.92425646	0.0224483166597
6151.23841573	0.0224482336745
6151.55257499	0.0224481707279
6151.86673426	0.0224481082389
6152.18089353	0.0224480893018
6152.49505279	0.0224480974723
6152.80921206	0.0224480712776
6153.12337132	0.0224480555758
6153.43753059	0.0224480868183
6153.75168985	0.0224480448536
6154.06584912	0.0224478943794
6154.38000838	0.0224477020804
6154.69416765	0.0224475748344
6155.00832691	0.0224474389232
6155.32248618	0.0224473262332
6155.63664544	0.0224472767706
6155.95080471	0.022447278793
6156.26496397	0.0224472996482
6156.57912324	0.0224472512715
6156.89328251	0.0224472995888
6157.20744177	0.0224473315827
6157.52160104	0.0224473597431
6157.8357603	0.0224475087406
6158.14991957	0.0224476663237
6158.46407883	0.022447764834
6158.7782381	0.0224478678216
6159.09239736	0.0224479391106
6159.40655663	0.0224479405323
6159.72071589	0.0224479350542
6160.03487516	0.0224479789017
6160.34903442	0.0224480481458
6160.66319369	0.0224481013452
6160.97735296	0.0224481327546
6161.29151222	0.0224481701368
6161.60567149	0.0224482444758
6161.91983075	0.0224482890894
6162.23399002	0.0224482836293
6162.54814928	0.0224482582535
6162.86230855	0.0224481851096
6163.17646781	0.022448093867
6163.49062708	0.0224480162136
6163.80478634	0.0224479018101
6164.11894561	0.0224477116554
6164.43310487	0.0224475880882
6164.74726414	0.0224475668221
6165.0614234	0.0224474884301
6165.37558267	0.0224473659417
6165.68974194	0.0224472683397
6166.0039012	0.0224471562545
6166.31806047	0.0224470400239
6166.63221973	0.022446959504
6166.946379	0.0224469214605
6167.26053826	0.0224468619529
6167.57469753	0.0224467122239
6167.88885679	0.0224465850717
6168.20301606	0.0224465604941
6168.51717532	0.0224464107402
6168.83133459	0.02244618204
6169.14549385	0.0224460452817
6169.45965312	0.0224459567455
6169.77381239	0.0224457135257
6170.08797165	0.0224454075824
6170.40213092	0.0224452520305
6170.71629018	0.0224450731216
6171.03044945	0.0224448520846
6171.34460871	0.02244467891
6171.65876798	0.0224446142687
6171.97292724	0.0224446356531
6172.28708651	0.0224446614652
6172.60124577	0.0224446981683
6172.91540504	0.0224448058829
6173.2295643	0.0224449235966
6173.54372357	0.0224450089331
6173.85788283	0.0224450488764
6174.1720421	0.022444972704
6174.48620137	0.0224448731186
6174.80036063	0.0224448577531
6175.1145199	0.0224447781863
6175.42867916	0.0224446944669
6175.74283843	0.0224447482909
6176.05699769	0.0224448666114
6176.37115696	0.0224448892503
6176.68531622	0.0224448601106
6176.99947549	0.0224448593821
6177.31363475	0.0224448279972
6177.62779402	0.0224447539154
6177.94195328	0.0224446928887
6178.25611255	0.0224446404423
6178.57027182	0.0224446010076
6178.88443108	0.0224445921636
6179.19859035	0.022444593623
6179.51274961	0.0224445999505
6179.82690888	0.0224445870477
6180.14106814	0.022444610269
6180.45522741	0.0224446497937
6180.76938667	0.0224446851211
6181.08354594	0.0224447307686
6181.3977052	0.0224447242321
6181.71186447	0.0224447248302
6182.02602373	0.0224447628841
6182.340183	0.0224447336594
6182.65434226	0.0224446560366
6182.96850153	0.0224446227255
6183.2826608	0.0224445148361
6183.59682006	0.0224443494065
6183.91097933	0.0224441087323
6184.22513859	0.0224439067272
6184.53929786	0.0224437700333
6184.85345712	0.0224435813846
6185.16761639	0.0224433942839
6185.48177565	0.0224432406863
6185.79593492	0.0224431359613
6186.11009418	0.0224430987953
6186.42425345	0.0224431025659
6186.73841271	0.0224431312259
6187.05257198	0.0224431638561
6187.36673125	0.0224431989083
6187.68089051	0.0224432033542
6187.99504978	0.022443181393
6188.30920904	0.0224431588038
6188.62336831	0.0224430942665
6188.93752757	0.0224429345342
6189.25168684	0.0224427874362
6189.5658461	0.0224427296403
6189.88000537	0.0224426765613
6190.19416463	0.0224426335679
6190.5083239	0.0224426500983
6190.82248316	0.022442637019
6191.13664243	0.0224425657747
6191.4508017	0.0224425677736
6191.76496096	0.0224425413113
6192.07912023	0.0224424585202
6192.39327949	0.0224424642776
6192.70743876	0.0224424822642
6193.02159802	0.0224424554345
6193.33575729	0.0224424709271
6193.64991655	0.0224424835132
6193.96407582	0.0224424703552
6194.27823508	0.0224424298198
6194.59239435	0.0224423857925
6194.90655361	0.0224423598392
6195.22071288	0.0224423328565
6195.53487214	0.0224423070696
6195.84903141	0.0224422875542
6196.16319068	0.0224422911439
6196.47734994	0.0224423129012
6196.79150921	0.0224423197114
6197.10566847	0.0224423002158
6197.41982774	0.02244233047
6197.733987	0.0224422687039
6198.04814627	0.0224420982253
6198.36230553	0.0224419470757
6198.6764648	0.0224418301534
6198.99062406	0.0224416607199
6199.30478333	0.0224415371006
6199.61894259	0.0224413995953
6199.93310186	0.0224411714277
6200.24726113	0.0224410093839
6200.56142039	0.0224410136307
6200.87557966	0.0224410409547
6201.18973892	0.0224409848317
6201.50389819	0.0224409438609
6201.81805745	0.0224410016388
6202.13221672	0.0224410649673
6202.44637598	0.0224410467046
6202.76053525	0.0224410553882
6203.07469451	0.0224411360926
6203.38885378	0.0224410383966
6203.70301304	0.0224407659792
6204.01717231	0.02244064662
6204.33133157	0.022440545798
6204.64549084	0.0224403170578
6204.95965011	0.0224401905226
6205.27380937	0.0224401642297
6205.58796864	0.0224401102495
6205.9021279	0.0224400882688
6206.21628717	0.0224399894572
6206.53044643	0.0224399648016
6206.8446057	0.022439931476
6207.15876496	0.0224397431069
6207.47292423	0.0224397997102
6207.78708349	0.0224400045054
6208.10124276	0.0224400783738
6208.41540202	0.0224400566262
6208.72956129	0.0224400731451
6209.04372056	0.0224400948632
6209.35787982	0.0224400962737
6209.67203909	0.0224401415349
6209.98619835	0.0224402157047
6210.30035762	0.0224402637815
6210.61451688	0.0224402920545
6210.92867615	0.0224403503692
6211.24283541	0.022440415981
6211.55699468	0.0224404447357
6211.87115394	0.0224404636004
6212.18531321	0.0224404459037
6212.49947247	0.0224403891177
6212.81363174	0.0224403480043
6213.127791	0.0224402225301
6213.44195027	0.0224401192748
6213.75610954	0.0224400294493
6214.0702688	0.022439833015
6214.38442807	0.0224397067008
6214.69858733	0.022439724754
6215.0127466	0.0224397088349
6215.32690586	0.0224396059711
6215.64106513	0.0224395467133
6215.95522439	0.0224395847826
6216.26938366	0.0224396297321
6216.58354292	0.0224395939764
6216.89770219	0.0224395192108
6217.21186145	0.0224395279218
6217.52602072	0.0224395756372
6217.84017999	0.0224394053078
6218.15433925	0.0224391349094
6218.46849852	0.0224390062951
6218.78265778	0.0224389324533
6219.09681705	0.0224388219671
6219.41097631	0.0224386095282
6219.72513558	0.0224383139697
6220.03929484	0.0224381508783
6220.35345411	0.022438046652
6220.66761337	0.0224378536399
6220.98177264	0.0224376325499
6221.2959319	0.0224375056207
6221.61009117	0.0224375027668
6221.92425043	0.0224375478052
6222.2384097	0.0224375954752
6222.55256897	0.0224376452618
6222.86672823	0.0224377134834
6223.1808875	0.0224377415335
6223.49504676	0.0224376629081
6223.80920603	0.0224375162683
6224.12336529	0.0224374292489
6224.43752456	0.0224374080119
6224.75168382	0.0224373059911
6225.06584309	0.0224371524318
6225.38000235	0.0224372055572
6225.69416162	0.0224373869163
6226.00832088	0.0224374045501
6226.32248015	0.0224373167263
6226.63663942	0.0224372944405
6226.95079868	0.0224373028478
6227.26495795	0.0224371750041
6227.57911721	0.0224370942521
6227.89327648	0.0224370826139
6228.20743574	0.0224370174459
6228.52159501	0.0224369393327
6228.83575427	0.0224369672967
6229.14991354	0.0224370760792
6229.4640728	0.0224371459929
6229.77823207	0.0224371792123
6230.09239133	0.0224372453305
6230.4065506	0.0224373530074
6230.72070986	0.0224374601485
6231.03486913	0.0224375536617
6231.3490284	0.0224376732919
6231.66318766	0.0224377863076
6231.97734693	0.0224377716708
6232.29150619	0.0224376841854
6232.60566546	0.0224376842014
6232.91982472	0.0224376891535
6233.23398399	0.0224374979269
6233.54814325	0.022437253039
6233.86230252	0.022437163946
6234.17646178	0.022437126071
6234.49062105	0.0224369657823
6234.80478031	0.0224368318552
6235.11893958	0.0224367651926
6235.43309885	0.0224366486407
6235.74725811	0.0224365473784
6236.06141738	0.0224365609396
6236.37557664	0.0224366000095
6236.68973591	0.0224365784319
6237.00389517	0.0224365600103
6237.31805444	0.0224365419233
6237.6322137	0.0224364171719
6237.94637297	0.022436325605
6238.26053223	0.0224362521615
6238.5746915	0.0224360618838
6238.88885076	0.0224358648009
6239.20301003	0.0224357476496
6239.51716929	0.022435683048
6239.83132856	0.022435628387
6240.14548783	0.0224356207121
6240.45964709	0.0224355744638
6240.77380636	0.0224354197964
6241.08796562	0.0224353172272
6241.40212489	0.0224352654703
6241.71628415	0.0224350307483
6242.03044342	0.0224349081495
6242.34460268	0.0224348778317
6242.65876195	0.0224347076094
6242.97292121	0.0224346210198
6243.28708048	0.0224346449957
6243.60123974	0.0224346307162
6243.91539901	0.0224345634291
6244.22955828	0.0224345431316
6244.54371754	0.0224345449732
6244.85787681	0.022434529764
6245.17203607	0.0224345495395
6245.48619534	0.0224345510032
6245.8003546	0.0224345670895
6246.11451387	0.0224346312441
6246.42867313	0.0224347059796
6246.7428324	0.0224346993007
6247.05699166	0.0224347331013
6247.37115093	0.022434791312
6247.68531019	0.0224346889936
6247.99946946	0.0224344275375
6248.31362872	0.0224343636886
6248.62778799	0.0224342753342
6248.94194726	0.0224340850957
6249.25610652	0.0224339465427
6249.57026579	0.0224338117507
6249.88442505	0.0224337432008
6250.19858432	0.0224338046558
6250.51274358	0.0224338697198
6250.82690285	0.0224338811433
6251.14106211	0.0224339476831
6251.45522138	0.0224340753955
6251.76938064	0.0224341546819
6252.08353991	0.0224342202586
6252.39769917	0.0224343079111
6252.71185844	0.0224343505932
6253.02601771	0.0224342069636
6253.34017697	0.0224339932056
6253.65433624	0.0224338736589
6253.9684955	0.022433751817
6254.28265477	0.0224336187212
6254.59681403	0.0224335345145
6254.9109733	0.0224334640768
6255.22513256	0.0224334097523
6255.53929183	0.0224332848644
6255.85345109	0.0224331239344
6256.16761036	0.0224331395537
6256.48176962	0.0224328626545
6256.79592889	0.0224327193872
6257.11008816	0.0224329263586
6257.42424742	0.0224330056526
6257.73840669	0.0224328894117
6258.05256595	0.0224328483037
6258.36672522	0.0224328845922
6258.68088448	0.0224328362745
6258.99504375	0.0224327898919
6259.30920301	0.0224328427503
6259.62336228	0.0224329049824
6259.93752154	0.0224328921879
6260.25168081	0.0224328780745
6260.56584007	0.022432892716
6260.87999934	0.0224329044042
6261.1941586	0.0224328831325
6261.50831787	0.0224328181595
6261.82247714	0.0224327661568
6262.1366364	0.0224327105009
6262.45079567	0.0224325377152
6262.76495493	0.0224323892904
6263.0791142	0.0224323571822
6263.39327346	0.0224321807833
6263.70743273	0.0224319706505
6264.02159199	0.0224319576307
6264.33575126	0.0224320148607
6264.64991052	0.0224319669615
6264.96406979	0.0224318874733
6265.27822905	0.0224318882055
6265.59238832	0.0224319676946
6265.90654759	0.022432016076
6266.22070685	0.0224320487553
6266.53486612	0.0224321600599
6266.84902538	0.0224322098372
6267.16318465	0.022432090559
6267.47734391	0.0224318717126
6267.79150318	0.0224317767977
6268.10566244	0.0224317299685
6268.41982171	0.0224315594058
6268.73398097	0.0224314531843
6269.04814024	0.0224313307266
6269.3622995	0.0224312092595
6269.67645877	0.022431163077
6269.99061803	0.0224310430143
6270.3047773	0.0224309216559
6270.61893657	0.022430800169
6270.93309583	0.0224307719247
6271.2472551	0.0224308641086
6271.56141436	0.0224309491895
6271.87557363	0.0224309698797
6272.18973289	0.0224309908559
6272.50389216	0.0224309961684
6272.81805142	0.02243088608
6273.13221069	0.0224307188043
6273.44636995	0.0224305724501
6273.76052922	0.0224304437902
6274.07468848	0.0224303519922
6274.38884775	0.0224302930253
6274.70300702	0.0224301844524
6275.01716628	0.0224301802011
6275.33132555	0.0224302911983
6275.64548481	0.0224302995092
6275.95964408	0.0224302378261
6276.27380334	0.0224301479726
6276.58796261	0.0224299741436
6276.90212187	0.0224299108335
6277.21628114	0.0224298206499
6277.5304404	0.022429631752
6277.84459967	0.0224295065809
6278.15875893	0.0224294971509
6278.4729182	0.0224295063372
6278.78707746	0.0224295029579
6279.10123673	0.0224295186549
6279.415396	0.0224295671093
6279.72955526	0.0224296445654
6280.04371453	0.0224297479339
6280.35787379	0.0224298056603
6280.67203306	0.0224298466629
6280.98619232	0.0224299878783
6281.30035159	0.0224301450054
6281.61451085	0.0224301180821
6281.92867012	0.0224300173956
6282.24282938	0.0224300709702
6282.55698865	0.0224300308664
6282.87114791	0.0224298570596
6283.18530718	0.022429698243
